sample_index,time_s,position_rad,velocity_rad_s,acceleration_rad_s2,jerk_rad_s3
1,0.01,0.0051328282663851473,-0.018655610803875983,8.1999999999999993,
2,0.02,0.004826524825013054,-0.067035610803875989,-8.1999999999999993,
3,0.029999999999999999,0.0037959427240342489,-0.11359806999990377,8.1999999999999993,
4,0.040000000000000001,0.0026151426355971747,-0.11636153287538739,8.1999999999999993,
5,0.050000000000000003,0.0014646087593798542,-0.10165416454226579,8.1999999999999993,
6,0.059999999999999998,0.00046714838194797322,-0.085401659949127628,8.1999999999999993,
7,0.070000000000000007,-0.00035845825903207002,-0.066801285642723723,8.1999999999999993,
8,0.080000000000000002,-0.0010537211629927327,-0.063633804221187279,8.1999999999999993,
9,0.089999999999999997,-0.0017252668751638709,-0.063063494463882389,8.1999999999999993,
10,0.10000000000000001,-0.0023677247909286029,-0.05520159774026346,8.1999999999999993,
11,0.11,-0.0029303931680583401,-0.046999394805497391,8.1999999999999993,
12,0.12,-0.0034129106925626872,-0.039342165283860947,8.1999999999999993,
13,0.13,-0.0038263206541404296,-0.033913914305442723,8.1999999999999993,
14,0.14000000000000001,-0.0040615519858635445,-0.0012457498178916461,3.1568969801267155,
15,0.14999999999999999,-0.0042340175111148593,-0.012029810926973914,8.1999999999999993,
16,0.16,-0.0043989555138561473,-0.014728787578835187,8.1999999999999993,
17,0.17000000000000001,-0.0042255427336398092,0.016751410860659375,-8.1999999999999993,
18,0.17999999999999999,-0.0039429832954674575,0.057775900409593461,0.52901025886963771,
19,0.19,-0.0031973933518966279,0.059564399487482787,-8.1999999999999993,
20,0.20000000000000001,-0.0025322995986861042,0.072265381471438642,-8.1999999999999993,
21,0.20999999999999999,-0.0017794791222692544,0.070034336272201764,-8.1999999999999993,
22,0.22,-0.0010397071967625834,0.070899206674742296,-8.1999999999999993,
23,0.23000000000000001,-0.00033552603601833881,0.058379764009769984,-8.1999999999999993,
24,0.23999999999999999,0.00013660030046210771,0.021231620714153406,-8.1999999999999993,
25,0.25,0.00036968969571697354,0.016043124096433044,-8.1999999999999993,
26,0.26000000000000001,0.00041209940925899928,-8.4124706617012388e-19,-1.9081958235744878e-16,
27,0.27000000000000002,0.00046670878397892771,-5.6470670095605891e-19,-8.6692806178353801e-17,
28,0.28000000000000003,0.0005091562851640293,-3.6591736831910801e-19,-7.1419257421764937e-17,
29,0.28999999999999998,0.00054162507863331568,-5.5331182719488244e-19,3.6307834743098658e-17,
30,0.29999999999999999,0.00058126060729779484,-1.7825370249256993e-18,-3.247920898933124e-16,
31,0.31,0.00064104677307059012,1.7914782449380104e-18,4.163336342344337e-16,
32,0.32000000000000001,0.00062475411079490053,-2.3461751863021135e-20,-1.0061396160665481e-16,
33,0.33000000000000002,0.00071459341229328211,5.1496367486298743e-17,3.7747582837255322e-15,
34,0.34000000000000002,0.00077962082506585035,-2.2853587590051861e-19,1.2490009027033011e-16,
35,0.35000000000000003,0.00080837593617877161,2.5239162611353798e-19,-9.42216675021902e-17,
36,0.35999999999999999,0.00086423427117629059,4.0413852473403449e-19,1.2854995123521112e-16,
37,0.37,0.00088095422292575672,1.2835844503619753e-18,1.6107107605933723e-16,
38,0.38,0.00093063177607180883,2.1864228070835346e-18,-6.0880970053319639e-18,
39,0.39000000000000001,0.00087075640491109389,-1.4882281115601909e-17,4.9404924595819466e-15,
40,0.40000000000000002,0.00077119917142310453,-1.075250999349464e-18,3.3306690738754696e-16,
41,0.41000000000000003,0.00066260984407288807,-1.0752509993494634e-18,3.3306690738754696e-16,
42,0.41999999999999998,0.00048240819621747075,-0.0060225491244002135,6.9412097645296447,
43,0.42999999999999999,0.00027741183580915223,-0.043555304094502013,3.0464095206291368,
44,0.44,-0.00015737952042707467,-0.018041813550832696,8.1999999999999993,
45,0.45000000000000001,-0.00040885911558644067,-0.03149147539836241,8.1999999999999993,
46,0.46000000000000002,-0.00073968957865052211,-0.024835949216077211,8.1999999999999993,
47,0.47000000000000003,-0.0010662994972707486,-0.041803534742923337,7.6524230256838353,
48,0.47999999999999998,-0.0015151453286981079,-0.036547816375776067,8.1999999999999993,
49,0.48999999999999999,-0.0019278851251295622,-0.040197928735599041,8.1999999999999993,
50,0.5,-0.0023973215232933336,-0.051994446595365465,8.1999999999999993,
51,0.51000000000000001,-0.002933921525567023,-0.045559824379182344,8.1999999999999993,
52,0.52000000000000002,-0.0034499940509952931,-0.054349573529705,8.1999999999999993,
53,0.53000000000000003,-0.0040404775215158581,-0.05789937517336579,8.1999999999999993,
54,0.54000000000000004,-0.0046409166524227661,-0.052917066723323879,8.1999999999999993,
55,0.55000000000000004,-0.0051879937512468695,-0.046857986607844113,8.1999999999999993,
56,0.56000000000000005,-0.0056486450204379498,-0.033504670012140157,8.1999999999999993,
57,0.57000000000000006,-0.0059451961025170849,-0.012436377018077293,8.1999999999999993,
58,0.57999999999999996,-0.0060757560450138397,-0.0038012819424788485,5.5145494412355003,
59,0.58999999999999997,-0.0061574937923362947,-1.8182451663078886e-08,0.012060663883276312,
60,0.59999999999999998,-0.006127108529037961,-1.0772964943029663e-20,1.9428902930940239e-16,
61,0.60999999999999999,-0.0061714887672642167,-8.7717183885740877e-18,1.27675647831893e-15,
62,0.62,-0.006164076793502872,9.2505588510292728e-20,7.1123662515049091e-17,
63,0.63,-0.006106751480078625,-1.5402674987725986e-19,1.6652009786218899e-16,
64,0.64000000000000001,-0.0060771412579314968,3.4771972340076745e-18,5.4669084062007984e-16,
65,0.65000000000000002,-0.006045124374773639,1.6402105891987767e-18,8.3266726846886741e-17,
66,0.66000000000000003,-0.0060536541742723902,4.8431823767305171e-18,3.4694469519536142e-15,
67,0.67000000000000004,-0.0060344817734555196,-1.0395788580624071e-19,-9.0205620750793969e-17,
68,0.68000000000000005,-0.0060066289098210804,-7.5327654463578956e-20,-2.4669937812961312e-17,
69,0.69000000000000006,-0.0059864879961825865,-6.1438544593192666e-19,-1.4409432485236084e-16,
70,0.70000000000000007,-0.0059910313351097949,1.130988385751432e-17,7.7715611723760958e-16,
71,0.70999999999999996,-0.0060490268065712021,1.9731536077446458e-18,3.6082248300317588e-16,
72,0.71999999999999997,-0.0061373423429305672,1.5860124299248521e-18,7.6327832942979512e-17,
73,0.72999999999999998,-0.0062690470295662191,-0.00021000507776815328,1.296163809919586,
74,0.73999999999999999,-0.006420332949614152,-0.0030765004119865801,4.961048608499282,
75,0.75,-0.006550378798211398,-0.0048079801539483089,6.2019223819382372,
76,0.76000000000000001,-0.0066738177995232734,-0.0053816795082433097,6.5615117210858083,
77,0.77000000000000002,-0.0068229629537334777,-0.014215001440921114,8.1999999999999993,
78,0.78000000000000003,-0.006896766494461022,1.8708256322976453e-18,-1.9428902930940239e-16,
79,0.79000000000000004,-0.0069021993951515273,-6.2436061887267122e-18,8.8817841970012523e-16,
80,0.80000000000000004,-0.0068817827963923214,-6.2000379598675718e-20,-1.0755285551056204e-16,
81,0.81000000000000005,-0.0068284791282972887,-2.8443289687783553e-19,1.5982271300013388e-16,
82,0.82000000000000006,-0.0067657613902187734,1.6388604263703871e-18,4.5971738318081505e-16,
83,0.83000000000000007,-0.006724942540279312,1.5297968438386137e-18,2.6367796834847468e-16,
84,0.83999999999999997,-0.0067435464424158657,3.8997837764020017e-19,-6.9388939039072284e-17,
85,0.84999999999999998,-0.0068265055720154455,-1.3147563122891473e-17,5.0515147620444623e-15,
86,0.85999999999999999,-0.0069414692212447712,1.45372602844418e-17,3.3306690738754696e-16,
87,0.87,-0.0069798808130935664,9.0535860123264532e-19,-4.163336342344337e-17,
88,0.88,-0.0070652231776117723,-6.7712680085392769e-17,-5.7176485768195562e-15,
89,0.89000000000000001,-0.0071133471731754079,8.2525812475976795e-19,2.0816681711721685e-16,
90,0.90000000000000002,-0.0071299568631131788,2.295904810571396e-18,-2.55351295663786e-15,
91,0.91000000000000003,-0.0071558148808120213,3.6603247592275717e-19,1.7694179454963432e-16,
92,0.92000000000000004,-0.0071522854642376696,1.9962585406075782e-18,1.701906669610302e-16,
93,0.93000000000000005,-0.0070456743634294662,-6.5947247662734308e-19,-3.3306690738754696e-16,
94,0.94000000000000006,-0.0069163219100286657,0.00012909235645696066,-1.0162375960648606,
95,0.95000000000000007,-0.0068492555045842176,-1.872143074499725e-18,-2.0122792321330962e-16,
96,0.95999999999999996,-0.006850494584840554,6.7488928783775501e-18,-1.3322676295501878e-15,
97,0.96999999999999997,-0.0068833666940689075,6.8142091875700248e-19,-4.0939474033052647e-16,
98,0.97999999999999998,-0.0069252880521413363,6.932289451341531e-19,1.457167719820518e-16,
99,0.98999999999999999,-0.0069329202780018693,5.0360902720306905e-18,-9.4368957093138306e-16,
100,1,-0.0069675393250590353,1.5479971070406363e-18,3.4000580129145419e-16,
101,1.01,-0.0069835100548097688,4.5240262335736247e-19,1.3877787807814457e-16,
102,1.02,-0.0069665215391774421,7.5393472930217194e-19,-5.1644495959191078e-17,
103,1.03,-0.0069697978929689616,1.6109689400201485e-17,3.0531133177191805e-15,
104,1.04,-0.006982942630802411,-4.5099245473969639e-19,-1.2836953722228372e-16,
105,1.05,-0.0069922896311365125,8.3467831803591101e-19,-1.915134717478395e-15,
106,1.0600000000000001,-0.0070631943609304419,9.8021003443901013e-20,-8.3266726846886741e-17,
107,1.0700000000000001,-0.0071688156186647638,1.2802536808464993e-17,3.3306690738754696e-16,
108,1.0800000000000001,-0.0073355938530438843,-0.0036027108899956135,5.3685833438594308,
109,1.0900000000000001,-0.0075017327656952239,-0.016668763787035322,8.1999999999999993,
110,1.1000000000000001,-0.0076493368077427942,-0.0022272805657697287,4.2211662518974249,
111,1.1100000000000001,-0.0078138476251615463,-0.012645373012770302,8.1999999999999993,
112,1.1200000000000001,-0.0079717941719383983,-0.010845894997271319,8.1999999999999993,
113,1.1300000000000001,-0.0080805875566349813,-0.0018552771780189993,3.8525598534159062,
114,1.1400000000000001,-0.0080990215677731684,-3.9834875080510316e-19,1.7694179454963432e-16,
115,1.1500000000000001,-0.0080995331341317291,-1.6418401694096323e-17,1.8353374375834619e-15,
116,1.1599999999999999,-0.0080587599655567669,4.8743129909563633e-20,-1.9428902930940239e-16,
117,1.1699999999999999,-0.0079942471661155253,-3.9159914188594853e-18,-3.8994452204803315e-16,
118,1.1799999999999999,-0.0078959418624258114,3.4347915574460355e-18,5.8286708792820718e-16,
119,1.1899999999999999,-0.0077975987979560903,5.2164612357685564e-19,6.9388939039072284e-16,
120,1.2,-0.0076713429018587399,5.1992331148917294e-05,-0.64493305791477085,
121,1.21,-0.0075908784387309957,-1.5115782059200873e-19,-4.0939474033052647e-16,
122,1.22,-0.0075662818110895534,5.4036656501777561e-19,1.8041124150158794e-16,
123,1.23,-0.0074891063109062302,8.1079136422109619e-19,9.2995889072727614e-17,
124,1.24,-0.0073982090691249404,5.1474994068558977e-17,-1.609823385706477e-15,
125,1.25,-0.0071981208817782092,0.010826509589917979,-8.1999999999999993,
126,1.26,-0.0069979460185894222,0.035134537272534079,-5.6771675257983114,
127,1.27,-0.006639313839616621,0.016564791288996298,-8.1999999999999993,
128,1.28,-0.0063837516946390763,0.039735743801292557,-6.0011400916134203,
129,1.29,-0.0059529293001396146,0.028090306587054303,-8.1999999999999993,
130,1.3,-0.0056451292194341076,0.024810628757888944,-8.1999999999999993,
131,1.3100000000000001,-0.0053405245235395504,0.03198630122732414,-8.1999999999999993,
132,1.3200000000000001,-0.0050147042618387972,0.022439221042167549,-8.1999999999999993,
133,1.3300000000000001,-0.0047571549838166033,0.021186645220405458,-8.1999999999999993,
134,1.3400000000000001,-0.0045171248224444242,0.018310672502238088,-8.1999999999999993,
135,1.3500000000000001,-0.0043201748494567649,0.011041001643024058,-8.1999999999999993,
136,1.3600000000000001,-0.0041644417370329386,0.013985917716498583,-8.1999999999999993,
137,1.3700000000000001,-0.0039961623439547962,0.011192083405901427,-8.1999999999999993,
138,1.3800000000000001,-0.0038721893719887903,0.0041111129638965382,-5.7348848036531885,
139,1.3900000000000001,-0.0037524320075964864,0.0038747664826002427,-5.5675965964500298,
140,1.4000000000000001,-0.0036843140364299131,2.052164833385289e-18,2.6367796834847468e-16,
141,1.4099999999999999,-0.0036706719924918976,-2.5243696319152684e-19,2.0469737016526324e-16,
142,1.4199999999999999,-0.0036957036510079718,9.5968114182350381e-18,-7.2164496600635175e-16,
143,1.4299999999999999,-0.0037327897100556547,-1.3686454190651768e-20,-2.5673907444456745e-16,
144,1.4399999999999999,-0.0037686012342369726,1.6627930666537911e-18,3.4000580129145419e-16,
145,1.45,-0.0038390815796257817,1.3041627631170224e-18,2.2898349882893854e-16,
146,1.46,-0.0039652732693964982,-5.0752585547676479e-05,0.63719752383495398,
147,1.47,-0.0040921080144011787,-0.00022920671254906682,1.3541246989817946,
148,1.48,-0.0042553798014468456,-0.0052476800540668198,6.4793086384686562,
149,1.49,-0.0042563321741734359,-7.8356090419662317e-19,8.6736173798840355e-18,
150,1.5,-0.0045217221868155159,-0.031192364248515264,8.1999999999999993,
151,1.51,-0.0047191391819707013,-2.5051069787293194e-05,0.44767014452425125,
152,1.52,-0.0048499396496485122,-0.00033606940288000945,1.6396814394997812,
153,1.53,-0.0049616941283296143,-2.9374219237938788e-05,0.48476154334217736,
154,1.54,-0.0050835541703194249,-4.4457135811665406e-05,0.5963699242025059,
155,1.55,-0.0052260058484563509,-0.0012571183243302595,3.1712689249954953,
156,1.5600000000000001,-0.0053878176508743453,-0.0089821088329633415,8.1999999999999993,
157,1.5700000000000001,-0.0055402127936011597,-0.018651446015433878,8.1999999999999993,
158,1.5800000000000001,-0.005731844985264363,-0.0088671717011327977,8.1999999999999993,
159,1.5900000000000001,-0.0058530678457059714,-0.0074435846961737459,7.7167789633622377,
160,1.6000000000000001,-0.0060191551272388817,-0.02527434187521773,7.9248283711522776,
161,1.6100000000000001,-0.0062573336357801858,-0.0090345104396342968,8.1999999999999993,
162,1.6200000000000001,-0.0064342440072552836,-0.030352516914533889,6.5138012831763916,
163,1.6300000000000001,-0.0066894531197404378,-0.0032988444478043483,5.1371933565357235,
164,1.6400000000000001,-0.0068526100296716378,-0.014905924174095491,8.1999999999999993,
165,1.6500000000000001,-0.0069484835496637625,-1.9630406196039113e-18,-1.8735013540549517e-16,
166,1.6600000000000001,-0.0070559614909036714,9.3330898565113785e-18,3.3306690738754696e-16,
167,1.6699999999999999,-0.0071488093763094731,1.340354189420628e-18,1.8735013540549517e-16,
168,1.6799999999999999,-0.0071936299164906264,-4.6717791191538905e-19,-3.6082248300317588e-15,
169,1.6899999999999999,-0.0072485285123378203,-1.1154137976956384e-19,-2.2898349882893854e-16,
170,1.7,-0.0074011424650418066,-0.0017420284116587963,3.7331256733828813,
171,1.71,-0.0075729642246588702,-0.013510530277524685,8.1999999999999993,
172,1.72,-0.0077837737482823492,-0.029205955686224333,7.970237992385977,
173,1.73,-0.0080877732527688123,-0.020180356008308507,8.1999999999999993,
174,1.74,-0.0083596281632681985,-0.033158942105114685,8.1999999999999993,
175,1.75,-0.0086775003898440731,-0.018286499172072937,8.1999999999999993,
176,1.76,-0.0089350760261381577,-0.03349219645929704,8.0909306579522102,
177,1.77,-0.0092497140590219653,-0.01648617553715952,8.1999999999999993,
178,1.78,-0.0094875084158134535,-0.030825683862868849,8.1999999999999993,
179,1.79,-0.0098220249410712716,-0.027344073026292569,8.1999999999999993,
180,1.8,-0.01016716538183003,-0.041094693942389675,8.1999999999999993,
181,1.8100000000000001,-0.010574723636195731,-0.028959462224177598,8.1999999999999993,
182,1.8200000000000001,-0.010920171813818345,-0.035879267054490897,8.1999999999999993,
183,1.8300000000000001,-0.011287579138796421,-0.027089487147688968,8.1999999999999993,
184,1.8400000000000001,-0.011558904131203418,-0.015998179498600922,8.1999999999999993,
185,1.8500000000000001,-0.011721594126060206,-0.005776211985540184,6.7977713910017181,
186,1.8600000000000001,-0.011891794780459207,-0.023415948210100124,8.1999999999999993,
187,1.8700000000000001,-0.012092343741750524,-0.0042150954621096859,5.80695821380501,
188,1.8800000000000001,-0.012244252996032132,-0.013048145715752938,8.1999999999999993,
189,1.8900000000000001,-0.012442538836739703,-0.025000675043763659,8.1999999999999993,
190,1.9000000000000001,-0.012702114593037706,-0.016485323671441687,8.1999999999999993,
191,1.9100000000000001,-0.012924818376633153,-0.024202730759745873,8.1999999999999993,
192,1.9199999999999999,-0.013095415193287496,-0.00031941435610807821,1.5985352197760916,
193,1.9299999999999999,-0.013202466586188248,-6.2794214272798853e-18,3.3306690738754696e-16,
194,1.9399999999999999,-0.013361347002855146,-0.0024816311212901608,4.4556760396511423,
195,1.95,-0.013529099289113536,-0.014374116293102087,8.1999999999999993,
196,1.96,-0.013724724695925556,-0.019752474455803887,8.1999999999999993,
197,1.97,-0.013882995694896748,-0.0012944848546748416,3.2180551327469153,
198,1.98,-0.014065998154655783,-0.015454859088032147,8.1999999999999993,
199,1.99,-0.014293987765256498,-0.030040200439496068,8.1999999999999993,
200,2,-0.014601640870935666,-0.020860594135439996,8.1999999999999993,
201,2.0100000000000002,-0.014858300077035499,-0.024801902476596107,8.1999999999999993,
202,2.02,-0.015147861599257958,-0.026402093975204727,8.1999999999999993,
203,2.0300000000000002,-0.015409513108967272,-0.014543719948329986,8.1999999999999993,
204,2.04,-0.015618749164889331,-0.024735476877868028,8.1999999999999993,
205,2.0499999999999998,-0.015823462847797835,-0.0036135044337863732,5.3766193347019673,
206,2.0600000000000001,-0.015971504651411325,-0.010626762554116062,8.1999999999999993,
207,2.0699999999999998,-0.016108221147208199,-0.0084872469624891773,8.1999999999999993,
208,2.0800000000000001,-0.016201504408240891,-0.0018051485142893083,3.8001563276152814,
209,2.0899999999999999,-0.016305115244121419,-0.00029083479534060567,1.5253453257294967,
210,2.1000000000000001,-0.016246791959918332,1.9795042122755121e-20,2.5673907444456745e-16,
211,2.1099999999999999,-0.0161070151920405,0.00063032642475177472,-2.2455759613101982,
212,2.1200000000000001,-0.015914775457565495,0.015247669707657776,-8.1999999999999993,
213,2.1299999999999999,-0.015778028794770731,0.0019277270471220365,-3.9270620541285441,
214,2.1400000000000001,-0.015736650927899436,-7.8090319177370914e-19,-4.163336342344337e-17,
215,2.1499999999999999,-0.015773317035606537,-1.2087251773798732e-18,4.4408920985006262e-16,
216,2.1600000000000001,-0.015908255085446046,-0.00035210397336485317,1.6783419755576696,
217,2.1699999999999999,-0.016112242858182656,-0.017009092596600359,8.1999999999999993,
218,2.1800000000000002,-0.01636588068212242,-0.036709914733002481,6.9470598767147891,
219,2.1899999999999999,-0.016621734387989848,-0.00082019140327789714,2.5615485992311826,
220,2.2000000000000002,-0.016717312719774228,5.8636429045577644e-18,3.3306690738754696e-16,
221,2.21,-0.016856119814279123,-0.00056833525814842202,2.132295023018004,
222,2.2200000000000002,-0.017041067068918291,-0.012732751763994899,8.1999999999999993,
223,2.23,-0.017257287670563014,-0.035331688486290584,6.1613546095636291,
224,2.2400000000000002,-0.017717616557874339,-0.045539009183410022,8.1999999999999993,
225,2.25,-0.018226613986050296,-0.051579621280569407,8.1999999999999993,
226,2.2600000000000002,-0.018813824334823342,-0.065195261078334288,8.1999999999999993,
227,2.27,-0.019463369112080416,-0.053326432544812265,8.1999999999999993,
228,2.2800000000000002,-0.020008891997830746,-0.045591696315480719,8.1999999999999993,
229,2.29,-0.020540189897967531,-0.061127376563659318,8.0097056732863354,
230,2.3000000000000003,-0.02115230229133689,-0.049242039464819171,8.1999999999999993,
231,2.3100000000000001,-0.021705648133808837,-0.058219124453605789,8.1999999999999993,
232,2.3199999999999998,-0.022323723668387606,-0.057876032529970256,8.1999999999999993,
233,2.3300000000000001,-0.022943686651424693,-0.059357234824551054,8.1999999999999993,
234,2.3399999999999999,-0.023551712994653581,-0.052267843584469079,8.1999999999999993,
235,2.3500000000000001,-0.024079266258349212,-0.04241512042567086,8.1999999999999993,
236,2.3599999999999999,-0.024495151925889688,-0.028972357592775003,8.1999999999999993,
237,2.3700000000000001,-0.02485142825661997,-0.040365683742900026,8.1999999999999993,
238,2.3799999999999999,-0.025164822551351357,-0.0076444926056003651,7.8202263934494187,
239,2.3900000000000001,-0.025320904671533185,-0.020938969244291884,8.1999999999999993,
240,2.3999999999999999,-0.025419212145457285,-2.21974283962955e-19,4.163336342344337e-17,
241,2.4100000000000001,-0.02547439760280451,-7.7961810599017047e-18,-3.3306690738754696e-16,
242,2.4199999999999999,-0.025524236574240283,7.3568544432902359e-19,3.5388358909926865e-16,
243,2.4300000000000002,-0.025649966789947722,-4.2275523517593796e-05,0.58155325477617126,
244,2.4399999999999999,-0.025722794528200765,1.9360476847546971e-19,-1.6653345369377348e-16,
245,2.4500000000000002,-0.025763874396261047,3.4333910935204151e-18,-2.3869795029440866e-15,
246,2.46,-0.025773764197368754,-1.6887373615418351e-19,-1.4918621893400541e-16,
247,2.4700000000000002,-0.02580010875904188,-8.3729544827191744e-18,3.8302694349567901e-15,
248,2.48,-0.025906110454305572,-1.075250999349464e-18,3.3306690738754696e-16,
249,2.4900000000000002,-0.026108196970877968,-0.01135081802482418,8.1999999999999993,
250,2.5,-0.026319084280408564,-0.038925313792114488,4.7013190744852746,
251,2.5100000000000002,-0.026745226234180776,-0.024154354178060593,8.1999999999999993,
252,2.52,-0.027103595658413065,-0.067178568030444932,-1.6542923086250372,
253,2.5300000000000002,-0.02801621686711623,-0.084569492795310799,8.1999999999999993,
254,2.54,-0.028939950549730517,-0.10143034776029117,7.6793312289956672,
255,2.5500000000000003,-0.030005908495601547,-0.10285279756945076,8.1999999999999993,
256,2.5600000000000001,-0.031098929865287488,-0.11334399873548205,8.1999999999999993,
257,2.5699999999999998,-0.032276776695354975,-0.11595938403127498,8.1999999999999993,
258,2.5800000000000001,-0.033489695056284616,-0.12189058989332791,8.1999999999999993,
259,2.5899999999999999,-0.034749370241938658,-0.12322049110959435,8.1999999999999993,
260,2.6000000000000001,-0.036027413608156575,-0.12635181077525789,8.1999999999999993,
261,2.6099999999999999,-0.037321310751188184,-0.12418962994728434,8.1999999999999993,
262,2.6200000000000001,-0.03859118924101386,-0.12125561084502237,8.1999999999999993,
263,2.6299999999999999,-0.039828435335243391,-0.11727997250072594,8.1999999999999993,
264,2.6400000000000001,-0.04103436415225916,-0.11601815361663276,8.1999999999999993,
265,2.6499999999999999,-0.042249479298446774,-0.1225756478176958,8.1999999999999993,
266,2.6600000000000001,-0.043532644907243866,-0.13011541133871163,8.1999999999999993,
267,2.6699999999999999,-0.044849301166873905,-0.12333678551072456,8.1999999999999993,
268,2.6800000000000002,-0.046099842433341476,-0.11705732606058677,8.1999999999999993,
269,2.6899999999999999,-0.047296938417314166,-0.11365896114271498,8.1999999999999993,
270,2.7000000000000002,-0.048464384549195771,-0.11165195360015828,8.1999999999999993,
271,2.71,-0.049600049631539994,-0.10596745064340042,8.1999999999999993,
272,2.7200000000000002,-0.050677930035491377,-0.099998660763315289,8.1999999999999993,
273,2.73,-0.051686135874378619,-0.091095560158810082,8.1999999999999993,
274,2.7400000000000002,-0.052629914158923222,-0.089732616950486427,8.1999999999999993,
275,2.75,-0.053519788981191425,-0.076506216395329715,8.1999999999999993,
276,2.7600000000000002,-0.054293704492928523,-0.067784950273718281,8.1999999999999993,
277,2.77,-0.054943159326008219,-0.049188371498659338,8.1999999999999993,
278,2.7800000000000002,-0.055441960043286553,-0.039913651615279412,8.1999999999999993,
279,2.79,-0.055825240030568643,-0.024488097488517682,8.1999999999999993,
280,2.8000000000000003,-0.056123451821631518,-0.030421735696584865,8.1999999999999993,
281,2.8100000000000001,-0.05650104999487305,-0.04497787391000712,8.1999999999999993,
282,2.8199999999999998,-0.057034956435731844,-0.064986276817364588,6.8656157106551863,
283,2.8300000000000001,-0.057765003364812093,-0.070618518855435075,8.1999999999999993,
284,2.8399999999999999,-0.058565931155310606,-0.096588668109166206,5.1895035744478211,
285,2.8500000000000001,-0.05965864767916685,-0.107383969594135,8.1999999999999993,
286,2.8599999999999999,-0.06081360495278184,-0.1258156718314753,7.2785781679480452,
287,2.8700000000000001,-0.062152057277623372,-0.13449053356522758,8.1999999999999993,
288,2.8799999999999999,-0.063550787058814687,-0.14061532576405827,8.1999999999999993,
289,2.8900000000000001,-0.065024363766634743,-0.15239675702000993,8.1999999999999993,
290,2.8999999999999999,-0.066621977010840661,-0.16708156014257525,8.1999999999999993,
291,2.9100000000000001,-0.068356945097090893,-0.17742548650508044,8.1999999999999993,
292,2.9199999999999999,-0.070193222007298689,-0.1868616639031544,8.1999999999999993,
293,2.9300000000000002,-0.072123516318381625,-0.19615308812053212,8.1999999999999993,
294,2.9399999999999999,-0.074164685247837495,-0.21382490542359972,7.4737188176724407,
295,2.9500000000000002,-0.076397850482431431,-0.23045721065497593,8.1999999999999993,
296,2.96,-0.078780393367612625,-0.24728382862206277,7.6879531804227508,
297,2.9700000000000002,-0.081341391498172738,-0.26308436946981806,8.1999999999999993,
298,2.98,-0.084004603770684347,-0.26157193469539974,8.1999999999999993,
299,2.9900000000000002,-0.086634397317451983,-0.25437036719220119,8.1999999999999993,
300,3,-0.089169456916835213,-0.24082726989182179,8.1999999999999993,
301,3.0100000000000002,-0.091547761942733868,-0.22184106518464058,8.1999999999999993,
302,3.02,-0.093741249680984767,-0.20411076267873196,8.1999999999999993,
303,3.0300000000000002,-0.095751058088324542,-0.18479611943666216,8.1999999999999993,
304,3.04,-0.097581993213547685,-0.16906971362596934,8.1999999999999993,
305,3.0500000000000003,-0.099284254941842134,-0.16113252458692093,8.1999999999999993,
306,3.0600000000000001,-0.10092795025601231,-0.15962057974882216,8.1999999999999993,
307,3.0700000000000003,-0.10256664360650729,-0.16155326915521456,8.1999999999999993,
308,3.0800000000000001,-0.10422931819797145,-0.16515950359002712,8.1999999999999993,
309,3.0899999999999999,-0.10547091323387171,-0.083159503590027134,8.1999999999999993,
310,3.1000000000000001,-0.10642225560310531,-0.13153950359002714,-8.1999999999999993,
311,3.1099999999999999,-0.10812863162630189,-0.19486641544031355,4.0223035962010307,
312,3.1200000000000001,-0.11010911392326575,-0.17740524208832906,8.1999999999999993,
313,3.1299999999999999,-0.11188772148615177,-0.1674625557449316,8.1999999999999993,
314,3.1400000000000001,-0.11357100092980724,-0.15868403116251875,8.1999999999999993,
315,3.1499999999999999,-0.11517218446454233,-0.15156189893325614,8.1999999999999993,
316,3.1600000000000001,-0.11671064538511972,-0.1470105371977985,8.1999999999999993,
317,3.1699999999999999,-0.11820830522204172,-0.14393999832951915,8.1999999999999993,
318,3.1800000000000002,-0.11968018706302093,-0.14246481336381495,8.1999999999999993,
319,3.1899999999999999,-0.12111720754311658,-0.1347633419477289,8.1999999999999993,
320,3.2000000000000002,-0.12247451491312683,-0.12627824876641647,8.1999999999999993,
321,3.21,-0.12374295912374476,-0.11664756106909321,8.1999999999999993,
322,3.2200000000000002,-0.12491635356447235,-0.10737336109374357,8.1999999999999993,
323,3.23,-0.12601311663563233,-0.10288013436507111,8.1999999999999993,
324,3.2400000000000002,-0.12707547404970801,-0.10175957588275417,8.1999999999999993,
325,3.25,-0.12810727442708827,-0.094596503304153104,8.1999999999999993,
326,3.2600000000000002,-0.12906932576528396,-0.087991836432889908,8.1999999999999993,
327,3.27,-0.12994834761169582,-0.07653580892705146,8.1999999999999993,
328,3.2800000000000002,-0.13071355924936529,-0.065285715748230499,8.1999999999999993,
329,3.29,-0.13136374781922378,-0.053345950545926404,8.1999999999999993,
330,3.3000000000000003,-0.13194831401098853,-0.058428778707802671,8.1999999999999993,
331,3.3100000000000001,-0.13258181906762451,-0.06280175701241747,8.1999999999999993,
332,3.3200000000000003,-0.13326553338992367,-0.069659583072922374,8.1999999999999993,
333,3.3300000000000001,-0.13399586632466265,-0.068599039098561521,8.1999999999999993,
334,3.3399999999999999,-0.13474249337180849,-0.077456108059158355,8.1999999999999993,
335,3.3500000000000001,-0.13546058901950506,-0.052158031753827973,8.1999999999999993,
336,3.3599999999999999,-0.13598887821412264,-0.042824140602752143,8.1999999999999993,
337,3.3700000000000001,-0.13635763166087347,-0.016834364388325685,8.1999999999999993,
338,3.3799999999999999,-0.13656658722286985,-0.018109444412926327,8.1999999999999993,
339,3.3900000000000001,-0.13674395273324508,-0.0060669072524204195,6.9667250569663901,
340,3.3999999999999999,-0.13693145542476959,-0.032913725110634805,6.3325809194606855,
341,3.4100000000000001,-0.13719749506712167,-0.0028134673518149015,4.7442321627971795,
342,3.4199999999999999,-0.13738167058002251,-0.021155906941186929,8.1999999999999993,
343,3.4300000000000002,-0.13760913078405626,-0.014496037896985269,8.1999999999999993,
344,3.4399999999999999,-0.13783320748729272,-0.031902136811118267,7.5413852213499988,
345,3.4500000000000002,-0.13811786706754228,-0.0095460655878023843,8.1999999999999993,
346,3.46,-0.13825620986877935,-0.011618290514668705,8.1999999999999993,
347,3.4700000000000002,-0.13833389194318779,3.7920822145669641e-18,5.5511151231257827e-17,
348,3.48,-0.13842001178178817,-9.6276609876857878e-18,8.2711615334574162e-15,
349,3.4900000000000002,-0.13843199338762938,-1.9036389074073981e-19,-2.0816681711721685e-16,
350,3.5,-0.13869236996578183,-0.02929574300924068,8.1999999999999993,
351,3.5100000000000002,-0.13900274864559492,-0.023090695522210575,8.1999999999999993,
352,3.52,-0.13933121766236761,-0.050778781238836661,4.666052785022738,
353,3.5300000000000002,-0.13991412816018831,-0.04464847422540031,8.1999999999999993,
354,3.54,-0.14045922428898053,-0.072994275698474664,4.4599205453827864,
355,3.5500000000000003,-0.14130494748663769,-0.07668765358492563,8.1999999999999993,
356,3.5600000000000001,-0.1421216819409761,-0.081300032292982674,8.1999999999999993,
357,3.5700000000000003,-0.14298789200040427,-0.087186914699009188,8.1999999999999993,
358,3.5800000000000001,-0.14389242337984309,-0.085771099857993541,8.1999999999999993,
359,3.5899999999999999,-0.1447724994056343,-0.081072182127227027,8.1999999999999993,
360,3.6000000000000001,-0.14563542990342523,-0.086574451191617288,8.1999999999999993,
361,3.6099999999999999,-0.14652142524354231,-0.081226272039412933,8.1999999999999993,
362,3.6200000000000001,-0.14741571233211728,-0.10012849588351803,7.1565038093688234,
363,3.6299999999999999,-0.14851463772009973,-0.11473992352780432,8.1999999999999993,
364,3.6400000000000001,-0.14972023384004085,-0.12259725600639079,8.1999999999999993,
365,3.6499999999999999,-0.15098752522501269,-0.12411909830658076,8.1999999999999993,
366,3.6600000000000001,-0.15226526903469326,-0.12400155520349963,8.1999999999999993,
367,3.6699999999999999,-0.15354755371184511,-0.12585718421187089,8.1999999999999993,
368,3.6800000000000002,-0.15482600410529537,-0.12039549110769782,8.1999999999999993,
369,3.6899999999999999,-0.15606681082159238,-0.120379156651636,8.1999999999999993,
370,3.7000000000000002,-0.15728739238149003,-0.11398477744845098,8.1999999999999993,
371,3.71,-0.1584381051420497,-0.10584422493225974,8.1999999999999993,
372,3.7200000000000002,-0.15948200795471867,-0.09075876709308156,8.1999999999999993,
373,3.73,-0.16034169131275541,-0.067450169964643106,8.1999999999999993,
374,3.7400000000000002,-0.16099506932725152,-0.05067805481680257,8.1999999999999993,
375,3.75,-0.16144931073617386,-0.026286758476303851,8.1999999999999993,
376,3.7600000000000002,-0.16177596725200338,-0.036474253177232213,8.1999999999999993,
377,3.77,-0.1621486420614725,-0.027489057356545964,8.1999999999999993,
378,3.7800000000000002,-0.16249600448525728,-0.041607304441582803,8.1999999999999993,
379,3.79,-0.16293330104208673,-0.036556852517287818,8.1999999999999993,
380,3.8000000000000003,-0.16336309770854765,-0.046933413649843221,8.1999999999999993,
381,3.8100000000000001,-0.16381432725844916,-0.030930516507868638,8.1999999999999993,
382,3.8200000000000003,-0.1641531464418628,-0.02848842880367319,8.1999999999999993,
383,3.8300000000000001,-0.16443681793280632,-0.016945777454982134,8.1999999999999993,
384,3.8399999999999999,-0.16466805771780935,-0.026281002425094742,8.1999999999999993,
385,3.8500000000000001,-0.16492749320789341,-0.014149605806982301,8.1999999999999993,
386,3.8599999999999999,-0.16515788612336521,-0.036750644544982981,6.1607691331625611,
387,3.8700000000000001,-0.16548274192429882,-0.0089365547375552211,8.1999999999999993,
388,3.8799999999999999,-0.16567979183650633,-0.043531971795178211,2.3012696155758281,
389,3.8900000000000001,-0.16614143496560291,-0.021837521728385087,8.1999999999999993,
390,3.8999999999999999,-0.16643954227823074,-0.039557360250186989,7.4614588026015243,
391,3.9100000000000001,-0.16679574993699639,-0.015818121161496022,8.1999999999999993,
392,3.9199999999999999,-0.16700641519286802,-0.021425843359387256,8.1999999999999993,
393,3.9300000000000002,-0.16730611668170869,-0.042137083681789159,6.6778384660132959,
394,3.9399999999999999,-0.16775813230240358,-0.032312964894546575,8.1999999999999993,
395,3.9500000000000002,-0.16814007225850838,-0.040419321836408138,8.1999999999999993,
396,3.96,-0.16862963623783392,-0.061091702257711336,6.688282527866483,
397,3.9700000000000002,-0.16931956017822608,-0.065191878958545404,8.1999999999999993,
398,3.98,-0.17006583468456699,-0.090931462944688998,5.2582067197250035,
399,3.9900000000000002,-0.17113041508986754,-0.1130713882827795,8.1999999999999993,
400,4,-0.17234495058734312,-0.13291748762205727,6.9086467059686703,
401,4.0099999999999998,-0.17375514543896048,-0.13912873715923452,8.1999999999999993,
402,4.0200000000000005,-0.17518703377151018,-0.14040000250633469,8.1999999999999993,
403,4.0300000000000002,-0.17659633141590231,-0.13066647150006255,8.1999999999999993,
404,4.04,-0.177873809808615,-0.11187358220307853,8.1999999999999993,
405,4.0499999999999998,-0.17895048996212998,-0.089950774550902807,8.1999999999999993,
406,4.0600000000000005,-0.17985472107540698,-0.080055411512901839,8.1999999999999993,
407,4.0700000000000003,-0.18068197855954554,-0.076714294969581237,8.1999999999999993,
408,4.0800000000000001,-0.18147840005691585,-0.074196278934801282,8.1999999999999993,
409,4.0899999999999999,-0.18219306109333339,-0.055871459435335412,8.1999999999999993,
410,4.0999999999999996,-0.18276933770067127,-0.049708720467560745,8.1999999999999993,
411,4.1100000000000003,-0.18328473528677217,-0.043771468242780269,8.1999999999999993,
412,4.1200000000000001,-0.18374546069693093,-0.039272431466151454,8.1999999999999993,
413,4.1299999999999999,-0.18419133635503646,-0.045136783346472378,8.1999999999999993,
414,4.1399999999999997,-0.18467123134133803,-0.042377231266387344,8.1999999999999993,
415,4.1500000000000004,-0.18516126314151296,-0.053640749622291602,8.1999999999999993,
416,4.1600000000000001,-0.18574752037261888,-0.058250061989601316,8.1999999999999993,
417,4.1699999999999999,-0.18642457849175217,-0.084109751537536623,5.222461905943991,
418,4.1799999999999997,-0.1873460768643887,-0.081350799723568457,8.1999999999999993,
419,4.1900000000000004,-0.188229566850102,-0.094297267893750772,8.1999999999999993,
420,4.2000000000000002,-0.18921922788925385,-0.097737684173287792,8.1999999999999993,
421,4.21,-0.1902353912790386,-0.098381475443442154,8.1999999999999993,
422,4.2199999999999998,-0.19123531443275493,-0.091783398871476102,8.1999999999999993,
423,4.2300000000000004,-0.19216848251463761,-0.084954829390890205,8.1999999999999993,
424,4.2400000000000002,-0.19301267616383205,-0.072289135467121873,8.1999999999999993,
425,4.25,-0.19367686647624155,-0.046478917960412112,8.1999999999999993,
426,4.2599999999999998,-0.19410693517724567,-0.026326108304005891,8.1999999999999993,
427,4.2700000000000005,-0.19446370574902533,-0.051565420033122603,5.4060834249634944,
428,4.2800000000000002,-0.19500396743871706,-0.036030096435042951,8.1999999999999993,
429,4.29,-0.19537660251094691,-0.028317443961154997,8.1999999999999993,
430,4.2999999999999998,-0.19574144642665342,-0.04703507477952143,7.2045108151173878,
431,4.3100000000000005,-0.19619160870969712,-0.026847842935058767,8.1999999999999993,
432,4.3200000000000003,-0.1965137462218435,-0.032908503569971333,8.1999999999999993,
433,4.3300000000000001,-0.19679600221710436,-0.0098530287084143946,8.1999999999999993,
434,4.3399999999999999,-0.19693745931669995,-0.011941075308018401,8.1999999999999993,
435,4.3500000000000005,-0.19702622150764285,6.5947247662734308e-19,3.3306690738754696e-16,
436,4.3600000000000003,-0.19714156655662801,2.4945601140302642e-17,3.3306690738754696e-16,
437,4.3700000000000001,-0.19728116120502395,-0.00061844639367717358,2.2243136355778117,
438,4.3799999999999999,-0.1975293758723215,-0.036403294895090858,7.9571933582474959,
439,4.3899999999999997,-0.19793700280537302,-0.036994192423208401,8.1999999999999993,
440,4.4000000000000004,-0.19837122355807879,-0.047392633396983561,8.1999999999999993,
441,4.4100000000000001,-0.19891783894287574,-0.061615005656319409,8.1999999999999993,
442,4.4199999999999999,-0.19957936730144255,-0.064579852961633169,8.1999999999999993,
443,4.4299999999999997,-0.2002734175966181,-0.068594478065685416,8.1999999999999993,
444,4.4400000000000004,-0.20100622994935205,-0.072100342576826779,8.1999999999999993,
445,4.4500000000000002,-0.20174659526910124,-0.066481506687281117,8.1999999999999993,
446,4.46,-0.20238160952300366,-0.047536548497179518,8.1999999999999993,
447,4.4699999999999998,-0.20283330967756225,-0.030122222688107585,8.1999999999999993,
448,4.4800000000000004,-0.20311115840051236,-0.012781388245875089,8.1999999999999993,
449,4.4900000000000002,-0.20325405395537793,-0.0060628907182278596,6.9644185504479026,
450,4.5,-0.2033337790550406,-0.00010020255119165018,0.89533256923513027,
451,4.5099999999999998,-0.20321119189473388,-5.8636429045577644e-18,-3.3306690738754696e-16,
452,4.5200000000000005,-0.20296085560364385,0.025722820338114377,-8.1999999999999993,
453,4.5300000000000002,-0.20263460662794328,0.038227159118815593,-8.1999999999999993,
454,4.54,-0.202210778153605,0.039832394205729246,-8.1999999999999993,
455,4.5499999999999998,-0.20174398415161152,0.052085860548426205,-8.1999999999999993,
456,4.5600000000000005,-0.20119519653598189,0.049134847824811846,-8.1999999999999993,
457,4.5700000000000003,-0.20067671142603402,0.045931295404998913,-8.1999999999999993,
458,4.5800000000000001,-0.20019282874995961,0.041917998910128734,-8.1999999999999993,
459,4.5899999999999999,-0.19975027513226731,0.03753163289716694,-8.1999999999999993,
460,4.6000000000000005,-0.19935412895463606,0.032360485720239071,-8.1999999999999993,
461,4.6100000000000003,-0.19896250688556177,0.044408958769076891,-8.1999999999999993,
462,4.6200000000000001,-0.1984536080766158,0.055037111889357559,-8.1999999999999993,
463,4.6299999999999999,-0.19781304619694043,0.078364084361420991,-5.9571261286848962,
464,4.6399999999999997,-0.19689857309376735,0.096170332470450398,-8.1999999999999993,
465,4.6500000000000004,-0.19584953967051694,0.1179057974291427,-6.3998726135011745,
466,4.6600000000000001,-0.19456658830939683,0.12868092382739335,-8.1999999999999993,
467,4.6699999999999999,-0.19321142911334022,0.1408799096800751,-8.1999999999999993,
468,4.6799999999999997,-0.1917247530799718,0.15765929338606949,-7.6998405763090902,
469,4.6900000000000004,-0.19005624628167114,0.17542000197546528,-7.9588799405400783,
470,4.7000000000000002,-0.18821233886243532,0.19523417279813132,-7.1745644649168288,
471,4.71,-0.18615360270456777,0.21404609114765094,-8.1999999999999993,
472,4.7199999999999998,-0.18393162822683123,0.23268280871432545,-7.2255067815162537,
473,4.7300000000000004,-0.18151081633292016,0.24638004072223571,-8.1999999999999993,
474,4.7400000000000002,-0.17898790398448594,0.2546094152196362,-8.1999999999999993,
475,4.75,-0.17640192593633316,0.25563170610455693,-8.1999999999999993,
476,4.7599999999999998,-0.17380761155623467,0.25600511973285206,-8.1999999999999993,
477,4.7700000000000005,-0.17121324981653041,0.25513515922448721,-8.1999999999999993,
478,4.7800000000000002,-0.16862288341443615,0.25585743543346967,-8.1999999999999993,
479,4.79,-0.16600993535749359,0.26219594456479295,-8.1999999999999993,
480,4.7999999999999998,-0.16332594655109978,0.27163520282129044,-8.1999999999999993,
481,4.8100000000000005,-0.16054600535350655,0.28173701524238398,-8.1999999999999993,
482,4.8200000000000003,-0.15766767654960437,0.29072792244361234,-8.1999999999999993,
483,4.8300000000000001,-0.15473398325009333,0.28729515627982072,-8.1999999999999993,
484,4.8399999999999999,-0.15185054995601613,0.27904350776019726,-8.1999999999999993,
485,4.8500000000000005,-0.14905107965406283,0.27037450214855147,-8.1999999999999993,
486,4.8600000000000003,-0.14631007135929219,0.27049780275616736,-8.1999999999999993,
487,4.8700000000000001,-0.14354887378589218,0.27756263246120544,-8.1999999999999993,
488,4.8799999999999999,-0.14070019378500032,0.2919605221967998,-8.1999999999999993,
489,4.8899999999999997,-0.13770415463464511,0.30801796453606839,-7.8804372230935131,
490,4.9000000000000004,-0.13453525696323582,0.32634716911945216,-7.6362212047911964,
491,4.9100000000000001,-0.13119028221493095,0.33862395091229558,-8.1999999999999993,
492,4.9199999999999999,-0.12774821114543874,0.34553505630575176,-8.1999999999999993,
493,4.9299999999999997,-0.12427235355704176,0.3402651358131214,-8.1999999999999993,
494,4.9400000000000004,-0.12089802651752417,0.32168602419349712,-8.1999999999999993,
495,4.9500000000000002,-0.11773852023841194,0.29618404107541074,-8.1999999999999993,
496,4.96,-0.11480470224544773,0.27767992763363641,-8.1999999999999993,
497,4.9699999999999998,-0.11206580296174555,0.25675543118211586,-8.1999999999999993,
498,4.9800000000000004,-0.10954021433562991,0.23485411828012309,-8.1999999999999993,
499,4.9900000000000002,-0.10720716663255972,0.21952217303756247,-8.1999999999999993,
500,5,-0.10502574621962245,0.2046279119673286,-8.1999999999999993,
501,5.0099999999999998,-0.10298739833650987,0.19127389412310572,-8.1999999999999993,
502,5.0200000000000005,-0.10108816800509268,0.17645557411511795,-8.1999999999999993,
503,5.0300000000000002,-0.099344045895625219,0.15985865943876271,-8.1999999999999993,
504,5.04,-0.097766517966966324,0.14310303691439227,-8.1999999999999993,
505,5.0499999999999998,-0.096336885945415437,0.13150962446311332,-8.1999999999999993,
506,5.0600000000000005,-0.095010072889922942,0.12361678017968453,-8.1999999999999993,
507,5.0700000000000003,-0.093764736668600773,0.11498607732864118,-8.1999999999999993,
508,5.0800000000000001,-0.092584099899128192,0.11295286750132032,-8.1999999999999993,
509,5.0899999999999999,-0.091421661574364238,0.11161860507919913,-8.1999999999999993,
510,5.1000000000000005,-0.090271290924372069,0.11070672394007283,-8.1999999999999993,
511,5.1100000000000003,-0.089120726564512046,0.11299725823548251,-8.1999999999999993,
512,5.1200000000000001,-0.087923176385879265,0.12484782842767848,-8.1999999999999993,
513,5.1299999999999999,-0.08664707177166088,0.12180020182567274,-8.1999999999999993,
514,5.1399999999999997,-0.085408724614786269,0.11648081771995966,-8.1999999999999993,
515,5.1500000000000004,-0.084193205009121169,0.12141418900918259,-8.1999999999999993,
516,5.1600000000000001,-0.082906380114340733,0.13563365847739312,-8.1999999999999993,
517,5.1699999999999999,-0.081493951547162047,0.14264788304499418,-8.1999999999999993,
518,5.1799999999999997,-0.079996985957852013,0.15582875366104082,-8.1999999999999993,
519,5.1900000000000004,-0.07841271260247884,0.15226061082049686,-8.1999999999999993,
520,5.2000000000000002,-0.076868642125444891,0.14728413883808381,-8.1999999999999993,
521,5.21,-0.075397340511752425,0.13565206497141621,-8.1999999999999993,
522,5.2199999999999998,-0.074048425308862367,0.12238465581392995,-8.1999999999999993,
523,5.2300000000000004,-0.072780355464520066,0.12493430983507366,-8.1999999999999993,
524,5.2400000000000002,-0.071471639839565893,0.13327026499183439,-8.1999999999999993,
525,5.25,-0.07008276247885048,0.14031730132049006,-8.1999999999999993,
526,5.2599999999999998,-0.068610993531945594,0.15262795457508485,-8.1999999999999993,
527,5.2700000000000005,-0.067036524891976687,0.1566194187843179,-8.1999999999999993,
528,5.2800000000000002,-0.06539469915923371,0.172278898661028,-7.9791273246216585,
529,5.29,-0.063573052278745212,0.19736254743224921,-5.7128231802143912,
530,5.2999999999999998,-0.061471670865811331,0.21198416407949175,-8.1999999999999993,
531,5.3100000000000005,-0.059270182376179127,0.23069004508377511,-7.2075615191286229,
532,5.3200000000000003,-0.056916391876878636,0.2277907222589787,-8.1999999999999993,
533,5.3300000000000001,-0.054596998318340126,0.22937122887622888,-8.1999999999999993,
534,5.3399999999999999,-0.05228313841437706,0.223991554198881,-8.1999999999999993,
535,5.3500000000000005,-0.050057492853047704,0.20897584392256532,-8.1999999999999993,
536,5.3600000000000003,-0.047978480410423734,0.19487854333639054,-8.1999999999999993,
537,5.3700000000000001,-0.046074941257049327,0.17219700244432568,-8.1999999999999993,
538,5.3799999999999999,-0.044342568931719603,0.16392235628953913,-8.1999999999999993,
539,5.3899999999999997,-0.04266877802988641,0.16313798216721373,-8.1999999999999993,
540,5.4000000000000004,-0.041018113477142119,0.15749571619443614,-8.1999999999999993,
541,5.4100000000000001,-0.039459873837345893,0.14184857682283214,-8.1999999999999993,
542,5.4199999999999999,-0.038009004456267502,0.14034108441724175,-8.1999999999999993,
543,5.4299999999999997,-0.036670377651418236,0.1131523264840484,-8.1999999999999993,
544,5.4400000000000004,-0.035532681031644399,0.10366646125949538,-8.1999999999999993,
545,5.4500000000000002,-0.034428878654194486,0.1153200986195916,-8.1999999999999993,
546,5.46,-0.033218577973653782,0.12273579189421283,-8.1999999999999993,
547,5.4699999999999998,-0.031885577377048162,0.15581669386806035,-2.863127234612274,
548,5.4800000000000004,-0.030107770097478514,0.18630216765309665,-8.1999999999999993,
549,5.4900000000000002,-0.028155283451657426,0.20922066568033104,-6.0720711805303456,
550,5.5,-0.025933313812323128,0.22758987064101127,-8.1999999999999993,
551,5.5099999999999998,-0.023626776791887988,0.22551189109387507,-8.1999999999999993,
552,5.5200000000000005,-0.021353980575069983,0.21938382960604905,-8.1999999999999993,
553,5.5300000000000002,-0.019147717091394151,0.21169781274898264,-8.1999999999999993,
554,5.54,-0.01704249119067849,0.19733693741086883,-8.1999999999999993,
555,5.5499999999999998,-0.015203168110174657,0.15580325684408397,-8.1999999999999993,
556,5.5600000000000005,-0.013804992273839181,0.10946631525309083,-8.1999999999999993,
557,5.5700000000000003,-0.012977525701546679,0.045611241935846751,-8.1999999999999993,
558,5.5800000000000001,-0.012931413282188211,-0.036388758064153245,-8.1999999999999993,
559,5.5899999999999999,-0.013560329748182002,-0.052220152010280449,8.1999999999999993,
560,5.6000000000000005,-0.014166862432376984,-0.072336698669475785,6.8368755639739636,
561,5.6100000000000003,-0.014939904272249097,-0.068339941787513889,8.1999999999999993,
562,5.6200000000000001,-0.01569961799259469,-0.084337897724798397,7.8952276312490852,
563,5.6299999999999999,-0.016556181365642325,-0.075286639893959575,8.1999999999999993,
564,5.6399999999999997,-0.017381570109235429,-0.089429065573265465,8.1999999999999993,
565,5.6500000000000004,-0.018282582488739135,-0.080098825058175296,8.1999999999999993,
566,5.6600000000000001,-0.018833018862333753,-0.018728691743744499,8.1999999999999993,
567,5.6699999999999999,-0.019066415254715995,-0.021958347095993917,8.1999999999999993,
568,5.6799999999999997,-0.018971817115116033,0.0074750843665053086,-7.7330896110185128,
569,5.6900000000000004,-0.019015573570555219,-1.5224997363733515e-18,3.3306690738754696e-16,
570,5.7000000000000002,-0.019070948814299393,7.0890140389244304e-19,3.0531133177191805e-16,
571,5.71,-0.019262538882888862,-0.0086440825037961376,8.1999999999999993,
572,5.7199999999999998,-0.019151684837280913,-1.2802536808464993e-17,-3.3306690738754696e-16,
573,5.7300000000000004,-0.018869904935802914,0.038092955483452061,-8.1999999999999993,
574,5.7400000000000002,-0.018519917984554556,0.018866151604405967,-8.1999999999999993,
575,5.75,-0.018627366923552258,-0.0054788586104903619,6.62048856837038,
576,5.7599999999999998,-0.018739253409479184,-0.0035115332963744435,5.3002138042720084,
577,5.7700000000000005,-0.018957196719721594,-0.040333037204898378,5.1855218789090207,
578,5.7800000000000002,-0.019342145595098514,-0.0152785408268398,8.1999999999999993,
579,5.79,-0.019607641084264327,-0.054034452760792114,0.57454867946959287,
580,5.7999999999999998,-0.020138641746955979,-0.024104549225648624,8.1999999999999993,
581,5.8100000000000005,-0.020480246895870923,-0.05370122610621738,4.0583271679071258,
582,5.8200000000000003,-0.021103296282063529,-0.048232824737205825,8.1999999999999993,
583,5.8300000000000001,-0.021637718196081675,-0.053691127030704992,8.1999999999999993,
584,5.8399999999999999,-0.022240023787717667,-0.064574318361025729,8.1999999999999993,
585,5.8500000000000005,-0.022892063451991199,-0.055123359228008997,8.1999999999999993,
586,5.8600000000000003,-0.023476810768063894,-0.053988772896277654,8.1999999999999993,
587,5.8700000000000001,-0.024049085281819316,-0.052482323245082937,8.1999999999999993,
588,5.8799999999999999,-0.024613960207407571,-0.053562758076970335,8.1999999999999993,
589,5.8899999999999997,-0.025209636670733747,-0.062176678912087828,8.1999999999999993,
590,5.9000000000000004,-0.025874440957094295,-0.064303954770273494,8.1999999999999993,
591,5.9100000000000001,-0.026606892937367854,-0.087193012619196542,6.0803199266898647,
592,5.9199999999999999,-0.027553497288267212,-0.086641812707387703,8.1999999999999993,
593,5.9299999999999997,-0.02841903132710746,-0.075189192055581222,8.1999999999999993,
594,5.9400000000000004,-0.029200467687790149,-0.072756922239733887,8.1999999999999993,
595,5.9500000000000002,-0.029943701287918303,-0.066026552884873441,8.1999999999999993,
596,5.96,-0.030687998383845484,-0.085983930203608755,6.8791571863323142,
597,5.9699999999999998,-0.031688217946885512,-0.11954396468926508,4.4545937376366185,
598,5.9800000000000004,-0.033032432203301584,-0.13337975739104563,8.1999999999999993,
599,5.9900000000000002,-0.034451720279805705,-0.1541165166307786,6.6709759626641869,
600,6,-0.036075241160915303,-0.15921268817547379,8.1999999999999993,
601,6.0099999999999998,-0.037693196855541358,-0.15559500228638037,8.1999999999999993,
602,6.0200000000000005,-0.03925837058358362,-0.14698020541730858,8.1999999999999993,
603,6.0300000000000002,-0.040737201677502555,-0.13830942193157433,8.1999999999999993,
604,6.04,-0.042127061081954242,-0.12899153351665207,8.1999999999999993,
605,6.0499999999999998,-0.043425513247043017,-0.12017943285099814,8.1999999999999993,
606,6.0600000000000005,-0.044629449882431435,-0.10956217245369197,8.1999999999999993,
607,6.0700000000000003,-0.045736559214032954,-0.10160256925770655,8.1999999999999993,
608,6.0800000000000001,-0.046804857581388568,-0.10712932355491768,8.1999999999999993,
609,6.0899999999999999,-0.0479221593328093,-0.11032232233318184,8.1999999999999993,
610,6.1000000000000005,-0.049091510780128876,-0.12152788685392238,8.1999999999999993,
611,6.1100000000000003,-0.050367853578701494,-0.13056265213732016,8.1999999999999993,
612,6.1200000000000001,-0.05171465883270835,-0.13203548882918553,8.1999999999999993,
613,6.1299999999999999,-0.053054245242608766,-0.12637707202003912,8.1999999999999993,
614,6.1400000000000006,-0.054360092389996013,-0.12816482386359998,8.1999999999999993,
615,6.1500000000000004,-0.05571292565918036,-0.14167255123885858,8.1999999999999993,
616,6.1600000000000001,-0.057167236860677706,-0.14190554928409002,8.1999999999999993,
617,6.1699999999999999,-0.058658450445723022,-0.1558739382248068,8.1999999999999993,
618,6.1799999999999997,-0.060277281689109091,-0.1645055878857852,8.1999999999999993,
619,6.1900000000000004,-0.061995693267451843,-0.17904955004304254,8.1999999999999993,
620,6.2000000000000002,-0.063827624518998455,-0.18061233351547518,8.1999999999999993,
621,6.21,-0.065696090940159491,-0.19018394294083243,8.1999999999999993,
622,6.2199999999999998,-0.06763589713762494,-0.19054692087858169,8.1999999999999993,
623,6.2300000000000004,-0.069599470905454361,-0.19836690530450157,8.1999999999999993,
624,6.2400000000000002,-0.071614376558519433,-0.19648375857310021,8.1999999999999993,
625,6.25,-0.073613085913819348,-0.19546790491979363,8.1999999999999993,
626,6.2599999999999998,-0.075584775625312434,-0.18913963610492734,8.1999999999999993,
627,6.2700000000000005,-0.077483428881553601,-0.17996168063649537,8.1999999999999993,
628,6.2800000000000002,-0.07927323060552588,-0.16610922043701584,8.1999999999999993,
629,6.29,-0.080918744699439077,-0.15075544465891369,8.1999999999999993,
630,6.2999999999999998,-0.082375671819373733,-0.12680911891243629,8.1999999999999993,
631,6.3100000000000005,-0.08364290358562565,-0.11536325936812114,8.1999999999999993,
632,6.3200000000000003,-0.084819123028824203,-0.11073292324552052,8.1999999999999993,
633,6.3300000000000001,-0.085952821847769117,-0.10728607727610286,8.1999999999999993,
634,6.3399999999999999,-0.087030201515852626,-0.097333199467591752,8.1999999999999993,
635,6.3500000000000005,-0.088015072479355999,-0.089388549247118629,8.1999999999999993,
636,6.3600000000000003,-0.088874257135478099,-0.069240528442408675,8.1999999999999993,
637,6.3700000000000001,-0.089660920429537314,-0.094922069293211619,5.2754470498598476,
638,6.3799999999999999,-0.090713682924775163,-0.098851993160196175,8.1999999999999993,
639,6.3900000000000006,-0.0917619249758128,-0.10733138060211642,8.1999999999999993,
640,6.4000000000000004,-0.09288504918940256,-0.11192596029181617,8.1999999999999993,
641,6.4100000000000001,-0.094067092680995237,-0.12168429731006722,8.1999999999999993,
642,6.4199999999999999,-0.095328154578062888,-0.12423239036869033,8.1999999999999993,
643,6.4299999999999997,-0.096617496340298051,-0.12779321322745837,8.1999999999999993,
644,6.4400000000000004,-0.097926550897207074,-0.12587282682744633,8.1999999999999993,
645,6.4500000000000002,-0.099225154409547239,-0.12689212165273997,8.1999999999999993,
646,6.46,-0.10051948285707694,-0.12314163898545501,8.1999999999999993,
647,6.4699999999999998,-0.10177999254947406,-0.12056396952732687,8.1999999999999993,
648,6.4800000000000004,-0.10303740025492802,-0.125898021215401,8.1999999999999993,
649,6.4900000000000002,-0.10433989954561647,-0.1281963695081238,8.1999999999999993,
650,6.5,-0.10565475501039082,-0.12685620906926531,8.1999999999999993,
651,6.5099999999999998,-0.10695174768295469,-0.12406569691016599,8.1999999999999993,
652,6.5200000000000005,-0.10823356462375751,-0.12553197473634764,8.1999999999999993,
653,6.5300000000000002,-0.10953892730299561,-0.13021373410229278,8.1999999999999993,
654,6.54,-0.11089662016519181,-0.13701581561763357,8.1999999999999993,
655,6.5499999999999998,-0.11233505298439013,-0.14918068821375216,8.1999999999999993,
656,6.5600000000000005,-0.11390527149286263,-0.16622967677793721,7.6318694880459299,
657,6.5700000000000003,-0.11564171413023923,-0.17544403010700238,8.1999999999999993,
658,6.5800000000000001,-0.11740368243561872,-0.16634337372026747,8.1999999999999993,
659,6.5899999999999999,-0.11905501238486342,-0.15189067009371598,8.1999999999999993,
660,6.6000000000000005,-0.1205630911266334,-0.13777185841954306,8.1999999999999993,
661,6.6100000000000003,-0.12196369044498233,-0.13323252055742024,8.1999999999999993,
662,6.6200000000000001,-0.12332668846605219,-0.13116575602546679,8.1999999999999993,
663,6.6299999999999999,-0.12466750638518696,-0.12860967226618042,8.1999999999999993,
664,6.6400000000000006,-0.12597013506200708,-0.1221380879353081,8.1999999999999993,
665,6.6500000000000004,-0.1272299590029857,-0.1226640183206793,8.1999999999999993,
666,6.6600000000000001,-0.12846862725695096,-0.11486195998242793,8.1999999999999993,
667,6.6699999999999999,-0.12964307069620948,-0.11124270550164748,8.1999999999999993,
668,6.6799999999999997,-0.13080502772275882,-0.1157323724689292,8.1999999999999993,
669,6.6900000000000004,-0.13202515513379956,-0.12549911713255141,8.1999999999999993,
670,6.7000000000000002,-0.13287035265940927,-0.043519902392496645,8.1999999999999993,
671,6.71,-0.13342529901666755,-0.091899902392496652,-8.1999999999999993,
672,6.7199999999999998,-0.134737454880652,-0.1566796352900397,3.5372116288177882,
673,6.7300000000000004,-0.13620997525210812,-0.11573567681945696,8.1999999999999993,
674,6.7400000000000002,-0.1372718333829438,-0.081897828372691481,8.1999999999999993,
675,6.75,-0.13801146091783908,-0.051493221965853903,8.1999999999999993,
676,6.7599999999999998,-0.13857175480045503,-0.054452061093450112,8.1999999999999993,
677,6.7700000000000005,-0.13907197393788415,-0.031994505405051013,8.1999999999999993,
678,6.7800000000000002,-0.13946512053792828,-0.046463833170342236,8.1999999999999993,
679,6.79,-0.1399273244629777,-0.034587771747020137,8.1999999999999993,
680,6.7999999999999998,-0.14021796161320871,-0.0095715694871320398,8.1999999999999993,
681,6.8100000000000005,-0.14039509893796329,-0.02816062595712664,7.2378608699535594,
682,6.8200000000000003,-0.14046489510850141,4.0947135364731682e-20,-1.9081958235744878e-16,
683,6.8300000000000001,-0.14023514705336768,0.019124460027026231,-8.1999999999999993,
684,6.8399999999999999,-0.14001397997045273,0.016814352814126726,-8.1999999999999993,
685,6.8500000000000005,-0.13973383005854603,0.054938927872798533,-0.85778115934722488,
686,6.8600000000000003,-0.13909172205892575,0.043495874124824141,-8.1999999999999993,
687,6.8700000000000001,-0.13858510813914479,0.057225411730692274,-8.1999999999999993,
688,6.8799999999999999,-0.13803225658199469,0.040890955997944803,-8.1999999999999993,
689,6.8900000000000006,-0.13771689270663615,0.0074876145947291089,-7.7395682539682307,
690,6.9000000000000004,-0.13759082184049043,0.0091608816516339665,-8.1999999999999993,
691,6.9100000000000001,-0.13740124603328194,0.037101521001508833,-4.5872938967164227,
692,6.9199999999999999,-0.1368603764834922,0.059799653131097419,-8.1999999999999993,
693,6.9299999999999997,-0.13663777881527756,-6.5265406462114516e-18,-1.9428902930940239e-16,
694,6.9400000000000004,-0.13630608539861089,0.073594999999999994,8.1999999999999993,
695,6.9500000000000002,-0.13546894078556271,0.056842538974028002,-8.1999999999999993,
696,6.96,-0.13498369678781311,0.025611363403002584,-8.1999999999999993,
697,6.9699999999999998,-0.13462413800291173,0.057141825244222656,-3.410181104110281,
698,6.9800000000000004,-0.13416454119009807,0.013300553874678682,-8.1999999999999993,
699,6.9900000000000002,-0.1339526778395414,0.030575411937013023,-7.5746992206293866,
700,7,-0.13381920065202585,1.4002478056022589e-19,3.4694469519536142e-17,
701,7.0099999999999998,-0.13371916741087378,-1.2802536808464993e-17,-3.3306690738754696e-16,
702,7.0200000000000005,-0.13358577122618698,0.00027991929287387983,-1.4964472402965101,
703,7.0300000000000002,-0.13355786770951494,-6.8716438935822287e-20,-2.1857515797307769e-16,
704,7.04,-0.13354967650292693,-2.2765287014975582e-18,-2.3948975038432211e-16,
705,7.0499999999999998,-0.1334547707401019,-3.5542416129001316e-18,-8.3266726846886741e-17,
706,7.0600000000000005,-0.13322857454277762,0.018065362317974006,-8.1999999999999993,
707,7.0700000000000003,-0.13299999703661169,0.02195894823397174,-8.1999999999999993,
708,7.0800000000000001,-0.13268979331601768,0.045525797192221544,-5.8891876392502329,
709,7.0899999999999999,-0.1321955794294695,0.034813236404634046,-8.1999999999999993,
710,7.1000000000000005,-0.13177220738761866,0.050279237744886233,-8.0268909307353926,
711,7.1100000000000003,-0.13132306163735433,0.025069009724426407,-8.1999999999999993,
712,7.1200000000000001,-0.13100316383331725,0.037658904706477786,-8.1999999999999993,
713,7.1299999999999999,-0.13073834045623728,0.0022880755460967985,-4.2783880572914788,
714,7.1400000000000006,-0.13063063802335609,0.00079681590020116999,-2.5247826048215227,
715,7.1500000000000004,-0.13073382766630948,4.7827505367712804e-19,0,
716,7.1600000000000001,-0.13097280184425067,-0.021976951830177407,8.1999999999999993,
717,7.1699999999999999,-0.131254453140142,-0.031354104561526722,8.1999999999999993,
718,7.1799999999999997,-0.1315825923044468,-0.024307341107541149,8.1999999999999993,
719,7.1900000000000004,-0.13189118799184174,-0.035246538008253926,8.1999999999999993,
720,7.2000000000000002,-0.13233853134364384,-0.061297641548509758,5.1652972910427035,
721,7.21,-0.13300948764477694,-0.052694821519455926,8.1999999999999993,
722,7.2199999999999998,-0.13348913447529834,-0.029528064612558035,8.1999999999999993,
723,7.2300000000000004,-0.13369385659433403,-0.00065063081833463684,2.2814571104180508,
724,7.2400000000000002,-0.13373865351459802,1.8917059709071695e-18,3.9551695252271202e-16,
725,7.25,-0.13380085385197643,1.6181271738147432e-19,-3.4694469519536142e-16,
726,7.2599999999999998,-0.13394077659156853,-0.00063992756131501399,2.2626136414598337,
727,7.2700000000000005,-0.13405309309864272,-0.00017159911601021885,1.1716624633749122,
728,7.2800000000000002,-0.13378318501444175,0.028163877074410239,-8.1999999999999993,
729,7.29,-0.13343337358556437,0.040282586236543787,-8.1999999999999993,
730,7.2999999999999998,-0.13295179936081156,0.057501962719656428,-7.5887614503196215,
731,7.3100000000000005,-0.13237001619531949,0.045305876611763482,-8.1999999999999993,
732,7.3200000000000003,-0.13188155486805336,0.044800905564121501,-8.1999999999999993,
733,7.3300000000000001,-0.1313782642528542,0.05149506568414542,-8.1999999999999993,
734,7.3399999999999999,-0.13082203538208773,0.053002696603213779,-8.1999999999999993,
735,7.3500000000000005,-0.13028551434462499,0.043607798446001995,-8.1999999999999993,
736,7.3600000000000003,-0.12990852060822169,0.017710095037917289,-8.1999999999999993,
737,7.3700000000000001,-0.12992013248648521,-1.8343357558859006e-18,4.8572257327350599e-17,
738,7.3799999999999999,-0.13011303832045276,-0.0089771651616273231,8.1999999999999993,
739,7.3900000000000006,-0.13011847500605339,1.2299342968420183e-18,-4.6837533851373792e-17,
740,7.4000000000000004,-0.13044496996057109,-0.06573044611401041,-0.26801216037765396,
741,7.4100000000000001,-0.13107376161690376,-0.032069118571518077,8.1999999999999993,
742,7.4199999999999999,-0.13145135932716528,-0.039407549463107101,8.1999999999999993,
743,7.4299999999999997,-0.13181971103250031,-0.021476630095791038,8.1999999999999993,
744,7.4400000000000004,-0.13208487420056444,-0.026291424266865298,8.1999999999999993,
745,7.4500000000000002,-0.13229033993450093,-0.0024323792378495271,4.4112394973290918,
746,7.46,-0.13244754466322439,-0.010911938983110051,8.1999999999999993,
747,7.4699999999999998,-0.13254105993673587,-0.00029862568142360917,1.5456407898955322,
748,7.4800000000000004,-0.13264849783176977,-4.5446979513030774e-18,3.3306690738754696e-16,
749,7.4900000000000002,-0.13265164184632286,6.0690132607537896e-20,-2.6020852139652106e-17,
750,7.5,-0.13258466837075436,2.3238907834832865e-18,6.0891315695509363e-16,
751,7.5099999999999998,-0.13248230851499093,-5.8636429045577644e-18,-3.3306690738754696e-16,
752,7.5200000000000005,-0.13223282841540232,0.025430400273367803,-8.1999999999999993,
753,7.5300000000000002,-0.13191664585549548,0.03480619890068988,-8.1999999999999993,
754,7.54,-0.131631783594892,0.007979892385171581,-7.989939867193784,
755,7.5499999999999998,-0.1316648442810732,-1.9484159782414962e-18,4.163336342344337e-17,
756,7.5600000000000005,-0.13179457414393919,-0.0001407862325914389,1.0612680437719419,
757,7.5700000000000003,-0.13182695391274754,-7.4274272426138557e-19,2.4980018054066022e-16,
758,7.5800000000000001,-0.13203400108328059,-0.012671862032141502,8.1999999999999993,
759,7.5899999999999999,-0.13215743418173653,-0.0023041451100964437,4.2933857130208475,
760,7.6000000000000005,-0.13231979252814169,-0.012177739419096228,8.1999999999999993,
761,7.6100000000000003,-0.1325010866675794,-0.020572802806574537,8.1999999999999993,
762,7.6200000000000001,-0.13269223366667957,-0.0057251214733328587,6.7676415232090159,
763,7.6299999999999999,-0.13281127729650111,-0.0052565890723008544,6.4848062868837353,
764,7.6400000000000006,-0.13289538709104026,-0.00017222778029404601,1.1738067312604616,
765,7.6500000000000004,-0.13292422744728569,-1.062675104689891e-19,-1.3530843112619095e-16,
766,7.6600000000000001,-0.13287712972080379,-4.1029206382782341e-19,-4.5911508236419025e-17,
767,7.6699999999999999,-0.13269684681196064,0.0060393062098055422,-6.9508596359331225,
768,7.6799999999999997,-0.1325876458171128,0.0033974730702314541,-5.2134234972666116,
769,7.6900000000000004,-0.13243349258116352,0.012141170577084125,-8.1999999999999993,
770,7.7000000000000002,-0.13230536387648462,0.0036994645244782173,-5.4401944998157674,
771,7.71,-0.13217818597170045,0.0049732664683759965,-6.307624889529178,
772,7.7199999999999998,-0.13207585303542577,0.0016687722342840243,-3.6537895224372443,
773,7.7300000000000004,-0.13196543411248096,0.00065257513896852806,-2.2848634777045755,
774,7.7400000000000002,-0.13183969012219182,0.0010389112089614087,-2.8829307434781115,
775,7.75,-0.13165083557883309,0.016239858385265794,-8.1999999999999993,
776,7.7599999999999998,-0.13142374577092805,0.026816786405833001,-8.1999999999999993,
777,7.7700000000000005,-0.13114267808116398,0.019269779362265312,-8.1999999999999993,
778,7.7800000000000002,-0.13088559415752443,0.029714580200444644,-8.1999999999999993,
779,7.79,-0.1305419185620264,0.033097167236922846,-8.1999999999999993,
780,7.7999999999999998,-0.13017424529398916,0.033029958214216032,-8.1999999999999993,
781,7.8100000000000005,-0.1298121900251874,0.031316466844923729,-8.1999999999999993,
782,7.8200000000000003,-0.12947803053627546,0.026195866018174117,-8.1999999999999993,
783,7.8300000000000001,-0.12921580056346238,0.015060780991845364,-8.1999999999999993,
784,7.8399999999999999,-0.12906466599472133,0.0045528202133343874,-6.0351107451872901,
785,7.8500000000000005,-0.1289898282074444,-3.5378520831377656e-18,3.0531133177191805e-16,
786,7.8600000000000003,-0.12892748259207445,9.2113460117327603e-20,-1.3877787807814457e-16,
787,7.8700000000000001,-0.12894172806496448,1.3764858679809432e-17,2.1649348980190553e-15,
788,7.8799999999999999,-0.12892320157913914,-3.6062263035628674e-19,1.3877787807814457e-17,
789,7.8900000000000006,-0.12884456668053199,-1.8984152415506146e-18,-5.4406218651304923e-16,
790,7.9000000000000004,-0.12872742365120254,-1.6271983760418607e-17,-3.3306690738754696e-16,
791,7.9100000000000001,-0.12861354768245084,-2.3941959526041502e-18,-3.3306690738754696e-16,
792,7.9199999999999999,-0.12844142665954597,0.0044852995605498365,-5.9901916901213346,
793,7.9300000000000006,-0.12827132100752256,0.020286021459941163,-8.1999999999999993,
794,7.9400000000000004,-0.12801828147545954,0.025018996507556238,-8.1999999999999993,
795,7.9500000000000002,-0.12775216616500717,0.018366341913754983,-8.1999999999999993,
796,7.96,-0.12749411959167359,0.033411412524425046,-8.1303225661540282,
797,7.9699999999999998,-0.12719751738592419,0.012325310361393072,-8.1999999999999993,
798,7.9800000000000004,-0.12705369927622656,0.0071250744086339525,-7.5498738578251503,
799,7.9900000000000002,-0.12706685815392332,-3.8084141039760404e-19,-1.2490009027033011e-16,
800,8,-0.12707928918413802,-4.2482920977904211e-18,1.9984014443252818e-15,
801,8.0099999999999998,-0.12714927406272586,4.8265349052003597e-18,4.0245584642661925e-16,
802,8.0199999999999996,-0.12715488971094741,-1.0803332905413335e-19,4.6837533851373792e-17,
803,8.0299999999999994,-0.12718265839297324,-3.4936851642146707e-18,1.609823385706477e-15,
804,8.0400000000000009,-0.12708816795906594,-6.7344247414090636e-19,4.163336342344337e-16,
805,8.0500000000000007,-0.12689952540203875,0.0079114837797459731,-7.955618784102704,
806,8.0600000000000005,-0.12671932908178932,0.033940300271167401,-5.466215634599668,
807,8.0700000000000003,-0.12636990087246416,0.015399633545264952,-8.1999999999999993,
808,8.0800000000000001,-0.12612708834604305,0.037955754733392834,-6.1732748702227545,
809,8.0899999999999999,-0.12575776441578376,0.016936719009007235,-8.1999999999999993,
810,8.0999999999999996,-0.12554389260329749,0.019587157613721463,-8.1999999999999993,
811,8.1099999999999994,-0.12535918985059441,0.005644070486241215,-6.7195657515891423,
812,8.120000000000001,-0.12522726884761368,0.0087922398386584347,-8.1999999999999993,
813,8.1300000000000008,-0.12509797612779949,0.010332108997951926,-8.1999999999999993,
814,8.1400000000000006,-0.124934948605131,0.018805049374344931,-8.1999999999999993,
815,8.1500000000000004,-0.12473319048839117,0.011495424077355109,-8.1999999999999993,
816,8.1600000000000001,-0.12455089062369086,0.023241997603673192,-8.1999999999999993,
817,8.1699999999999999,-0.12438460932945919,0.00036866490219874886,-1.717358208874906,
818,8.1799999999999997,-0.12434114625843373,6.9508104257763491e-19,-2.9837243786801082e-16,
819,8.1899999999999995,-0.12431357043272104,7.7679846720010471e-19,7.6327832942979512e-17,
820,8.1999999999999993,-0.12419074919556458,6.545218184983542e-06,-0.22882688976578364,
821,8.2100000000000009,-0.12407763141777908,-4.1289194285809565e-18,-3.3306690738754696e-16,
822,8.2200000000000006,-0.12394912482669403,0.00010468584213927301,-0.91514301456887437,
823,8.2300000000000004,-0.12375080153134457,0.012958398698030138,-8.1999999999999993,
824,8.2400000000000002,-0.12354153159869603,0.030654668120613522,-7.4674772895745107,
825,8.25,-0.12320848809330501,0.023218185101928825,-8.1999999999999993,
826,8.2599999999999998,-0.12289085469551531,0.043933991611268645,-6.6766107674188158,
827,8.2699999999999996,-0.12240217678179147,0.039075272365702955,-8.1999999999999993,
828,8.2799999999999994,-0.12197004007929559,0.040619923599136666,-8.1999999999999993,
829,8.2900000000000009,-0.12150887372342888,0.047190560197042597,-8.1999999999999993,
830,8.3000000000000007,-0.12097981725553199,0.054626745064447813,-8.1999999999999993,
831,8.3100000000000005,-0.12039495387299781,0.055205094109503396,-8.1999999999999993,
832,8.3200000000000003,-0.11979395528771189,0.059477706173481013,-8.1999999999999993,
833,8.3300000000000001,-0.11916046802448772,0.06009527542347512,-8.1999999999999993,
834,8.3399999999999999,-0.11851377988415694,0.063189254003503378,-8.1999999999999993,
835,8.3499999999999996,-0.11782351642929144,0.071117079852282911,-8.1999999999999993,
836,8.3599999999999994,-0.11709218197920804,0.06574229747142625,-8.1999999999999993,
837,8.370000000000001,-0.11642115617801913,0.058401819264293879,-8.1999999999999993,
838,8.3800000000000008,-0.11581682211008337,0.053073498769268063,-8.1999999999999993,
839,8.3900000000000006,-0.11526187876274933,0.048947211490847888,-8.1999999999999993,
840,8.4000000000000004,-0.1147432546965019,0.046388420809457931,-8.1999999999999993,
841,8.4100000000000001,-0.11422793969695923,0.051594187284093214,-8.1999999999999993,
842,8.4199999999999999,-0.11364949981555751,0.061231320596064377,-8.1999999999999993,
843,8.4299999999999997,-0.11300925948316323,0.058279706039564456,-8.1999999999999993,
844,8.4399999999999995,-0.11239266482187693,0.057239233654265177,-8.1999999999999993,
845,8.4499999999999993,-0.11188247059155379,0.030633858131587605,-8.1999999999999993,
846,8.4600000000000009,-0.11155991321593825,0.024068722341684546,-8.1999999999999993,
847,8.4700000000000006,-0.11127424456258764,0.026890479419329108,-8.1999999999999993,
848,8.4800000000000004,-0.11098727157324169,0.020880153082813255,-8.1999999999999993,
849,8.4900000000000002,-0.11069524927967594,0.040408982772355807,-6.992411345262461,
850,8.5,-0.11027023541670909,0.029372057310184288,-8.1999999999999993,
851,8.5099999999999998,-0.10991281592816109,0.039520918517764708,-8.1999999999999993,
852,8.5199999999999996,-0.10949267415203649,0.035621329604492179,-8.1999999999999993,
853,8.5299999999999994,-0.10910018170297395,0.035411328770754383,-8.1999999999999993,
854,8.5400000000000009,-0.10875927423473876,0.020671638667798448,-8.1999999999999993,
855,8.5500000000000007,-0.10855446009123908,0.0089405916277742938,-8.1999999999999993,
856,8.5600000000000005,-0.10845471585595948,0.0023444501976443784,-4.3307737854978088,
857,8.5700000000000003,-0.10850505178436015,-7.4321507053687935e-19,3.0531133177191805e-16,
858,8.5800000000000001,-0.10860456327065417,-1.075250999349464e-18,3.3306690738754696e-16,
859,8.5899999999999999,-0.1086542766777219,1.0028837310898425e-18,1.3183898417423734e-16,
860,8.5999999999999996,-0.10866022321895942,-1.8627134577752206e-17,-2.1371793224034263e-15,
861,8.6099999999999994,-0.10868771363987868,-3.1605406579981348e-20,8.6736173798840355e-17,
862,8.620000000000001,-0.10869093298028522,-8.1988836592796125e-18,1.2212453270876722e-15,
863,8.6300000000000008,-0.10872023031559826,4.8982071602402733e-19,2.1510571102112408e-16,
864,8.6400000000000006,-0.10868434846851972,2.3365715326215397e-18,2.9068166831101016e-16,
865,8.6500000000000004,-0.10853035218038215,0.0018939819940296066,-3.8925384972067838,
866,8.6600000000000001,-0.10830345211018784,0.036163798315680021,-7.1496573942341977,
867,8.6699999999999999,-0.10788871350490462,0.03481332756856572,-8.1999999999999993,
868,8.6799999999999997,-0.10746409763906964,0.050894983616814098,-7.8744129477257427,
869,8.6899999999999995,-0.10692982008618819,0.045227789950344988,-8.1999999999999993,
870,8.7000000000000011,-0.10642479627448033,0.050936037236219152,-8.1999999999999993,
871,8.7100000000000009,-0.1058682376060185,0.054562933568066463,-8.1999999999999993,
872,8.7200000000000006,-0.10526078108676756,0.063917137241856561,-8.1999999999999993,
873,8.7300000000000004,-0.10458794743607906,0.062831778931766447,-8.1999999999999993,
874,8.7400000000000002,-0.10390909329345571,0.067699113975769373,-8.1999999999999993,
875,8.75,-0.10315136428887987,0.085934884268359463,-7.3291286831966005,
876,8.7599999999999998,-0.10220829870511736,0.096347609516622801,-8.1999999999999993,
877,8.7699999999999996,-0.10119916103740619,0.099414864945960427,-8.1999999999999993,
878,8.7799999999999994,-0.10018615932862761,0.093641711258127536,-8.1999999999999993,
879,8.7900000000000009,-0.099323114509778127,0.064542782254396192,-8.1999999999999993,
880,8.8000000000000007,-0.098772469777612421,0.030854284720845573,-8.1999999999999993,
881,8.8100000000000005,-0.098729499777801183,7.6117699485406589e-19,2.1163626406917047e-16,
882,8.8200000000000003,-0.098400749974766277,0.06821216122697743,1.6377816110570851,
883,8.8300000000000001,-0.097722427615065638,0.03744903305394176,-8.1999999999999993,
884,8.8399999999999999,-0.097304375852653904,0.039762456942967574,-8.1999999999999993,
885,8.8499999999999996,-0.096885808657506345,0.034625858803202111,-8.1999999999999993,
886,8.8599999999999994,-0.096499586215880437,0.035675847160266061,-8.1999999999999993,
887,8.870000000000001,-0.096146903631751171,0.023354665053758526,-8.1999999999999993,
888,8.8800000000000008,-0.095845803909317656,0.035194226607923644,-8.1999999999999993,
889,8.8900000000000006,-0.095495009161111602,0.023669443942093398,-8.1999999999999993,
890,8.9000000000000004,-0.095187608018751868,0.036952940646076037,-8.1999999999999993,
891,8.9100000000000001,-0.094783897750467985,0.036039816052462183,-8.1999999999999993,
892,8.9199999999999999,-0.094388174600090011,0.03550882819891521,-8.1999999999999993,
893,8.9299999999999997,-0.094032444476245383,0.024475934083750279,-8.1999999999999993,
894,8.9399999999999995,-0.093722398964344755,0.035311853470030394,-8.1999999999999993,
895,8.9500000000000011,-0.093355545983864641,0.028010127756631031,-8.1999999999999993,
896,8.9600000000000009,-0.092993587218885371,0.0468254787194251,-7.1791154588827855,
897,8.9700000000000006,-0.092520471736858914,0.032497193336111674,-8.1999999999999993,
898,8.9800000000000004,-0.092097053411943616,0.060738867105526097,-4.4927778616299996,
899,8.9900000000000002,-0.09138409306043288,0.061758280607498446,-8.1999999999999993,
900,9,-0.090693432171198199,0.076167951313222848,-8.1999999999999993,
901,9.0099999999999998,-0.08990209998606323,0.073770626075374088,-8.1999999999999993,
902,9.0199999999999996,-0.089147727377729233,0.067339238578177696,-8.1999999999999993,
903,9.0299999999999994,-0.08847451809392709,0.056079066337211693,-8.1999999999999993,
904,9.0400000000000009,-0.087904420673701508,0.047488172231484223,-8.1999999999999993,
905,9.0500000000000007,-0.087356851934025523,0.061709568182805319,-8.1999999999999993,
906,9.0600000000000005,-0.086689079376181283,0.066629898756198472,-8.1999999999999993,
907,9.0700000000000003,-0.085979067034654036,0.068997439683259359,-8.1999999999999993,
908,9.0800000000000001,-0.085250278343091526,0.069650764407698976,-8.1999999999999993,
909,9.0899999999999999,-0.084515540237692005,0.070103890228162491,-8.1999999999999993,
910,9.0999999999999996,-0.08377304839528768,0.071672695370782094,-8.1999999999999993,
911,9.1099999999999994,-0.083008660802578335,0.075469341518139915,-8.1999999999999993,
912,9.120000000000001,-0.08221323452070739,0.076786549712054716,-8.1999999999999993,
913,9.1300000000000008,-0.081385800341898767,0.085202920739817195,-8.1999999999999993,
914,9.1400000000000006,-0.080485287108018708,0.089303486107089561,-8.1999999999999993,
915,9.1500000000000004,-0.079551611170137662,0.090588719087522918,-8.1999999999999993,
916,9.1600000000000001,-0.078628326468316231,0.084376539785315549,-8.1999999999999993,
917,9.1699999999999999,-0.077763888026019093,0.079157392942877713,-8.1999999999999993,
918,9.1799999999999997,-0.076947442125441884,0.075238791180197342,-8.1999999999999993,
919,9.1899999999999995,-0.076146686818809026,0.07929618013857323,-8.1999999999999993,
920,9.2000000000000011,-0.075319194284784313,0.078499596590690127,-8.1999999999999993,
921,9.2100000000000009,-0.074483818735607277,0.083307884795771087,-8.1999999999999993,
922,9.2200000000000006,-0.073627674790212677,0.078825713027388625,-8.1999999999999993,
923,9.2300000000000004,-0.072824630543504978,0.071834899587714385,-8.1999999999999993,
924,9.2400000000000002,-0.072100507570452874,0.062235955576444561,-8.1999999999999993,
925,9.25,-0.071437774711979679,0.063428032638974827,-8.1999999999999993,
926,9.2599999999999998,-0.070771226050117778,0.061882658363821529,-8.1999999999999993,
927,9.2699999999999996,-0.070095260950950269,0.069313896592070601,-8.1999999999999993,
928,9.2799999999999994,-0.069355216993383526,0.072833438792237401,-8.1999999999999993,
929,9.2900000000000009,-0.069036417022492372,-0.0075922561457876566,-4.6511353229801093,
930,9.3000000000000007,-0.068886670989303886,0.053763783968018959,8.1999999999999993,
931,9.3100000000000005,-0.067939461610645846,0.13427431412449833,4.7480789771252105,
932,9.3200000000000003,-0.066513047353265367,0.1155259571711853,-8.1999999999999993,
933,9.3300000000000001,-0.065419386597560483,0.089056336163310559,-8.1999999999999993,
934,9.3399999999999999,-0.064545254602897228,0.073482777227609944,-8.1999999999999993,
935,9.3499999999999996,-0.063816409791892792,0.060648518025112785,-8.1999999999999993,
936,9.3599999999999994,-0.063250914098490041,0.038980739675632731,-8.1999999999999993,
937,9.370000000000001,-0.062790358614737682,0.052283579777344678,-8.1999999999999993,
938,9.3800000000000008,-0.06228484669865935,0.03648073565316045,-8.1999999999999993,
939,9.3900000000000006,-0.061912831208321951,0.027288888269474995,-8.1999999999999993,
940,9.4000000000000004,-0.06158846041147361,0.032514078389666558,-8.1999999999999993,
941,9.4100000000000001,-0.061148340142045413,0.073470059115881781,0.49336946582500435,
942,9.4199999999999999,-0.060192155596782156,0.088650204481873926,-8.1999999999999993,
943,9.4299999999999997,-0.059230002383688113,0.10431938813565995,-7.9767280613142475,
944,9.4399999999999995,-0.058116138052719458,0.11526215641934573,-8.1999999999999993,
945,9.4500000000000011,-0.056912623022225411,0.12026429679786718,-8.1999999999999993,
946,9.4600000000000009,-0.055678432214770229,0.11848280494235337,-8.1999999999999993,
947,9.4700000000000006,-0.054464539868303928,0.11589580133220363,-8.1999999999999993,
948,9.4800000000000004,-0.053279861920129526,0.11224378679459082,-8.1999999999999993,
949,9.4900000000000002,-0.05256742405218362,0.030243786794590829,-8.1999999999999993,
950,9.5,-0.052145238850904378,0.078623786794590825,8.1999999999999993,
951,9.5099999999999998,-0.050949781678591911,0.15840178024246637,3.9838343940262968,
952,9.5199999999999996,-0.049213346711183922,0.15233842279874929,-8.1999999999999993,
953,9.5299999999999994,-0.047643040385182592,0.1558642191479675,-8.1999999999999993,
954,9.5400000000000009,-0.04604093110594093,0.15814406815681889,-8.1999999999999993,
955,9.5500000000000007,-0.044454171175596177,0.14841664143588298,-8.1999999999999993,
956,9.5600000000000005,-0.042951639176132192,0.14249605940814752,-8.1999999999999993,
957,9.5700000000000003,-0.04150603787914537,0.13726701777611905,-8.1999999999999993,
958,9.5800000000000001,-0.040118422560340684,0.1303230286414466,-8.1999999999999993,
959,9.5899999999999999,-0.038781970031540554,0.12909199307726602,-8.1999999999999993,
960,9.5999999999999996,-0.037450356055824981,0.13039567497705218,-8.1999999999999993,
961,9.6099999999999994,-0.036071257130086937,0.14581362458744648,-8.0387315735203142,
962,9.620000000000001,-0.034530477362168091,0.16301454950238553,-7.7592041644827043,
963,9.6300000000000008,-0.032799240602372257,0.18628022448420969,-6.4689605146978497,
964,9.6400000000000006,-0.030808823630841541,0.20759526588884178,-8.1999999999999993,
965,9.6500000000000004,-0.028632639112939947,0.23697862079058252,-4.1277394840284547,
966,9.6600000000000001,-0.026080244555854771,0.26136998300797626,-8.1999999999999993,
967,9.6699999999999999,-0.023409042922497243,0.26894697757346048,-8.1999999999999993,
968,9.6799999999999997,-0.020675174638589321,0.27155937623894305,-8.1999999999999993,
969,9.6899999999999995,-0.017918073149960499,0.27314737928061866,-8.1999999999999993,
970,9.7000000000000011,-0.015140128870761218,0.27650835612033164,-8.1999999999999993,
971,9.7100000000000009,-0.012334147523260376,0.27788306908322147,-8.1999999999999993,
972,9.7200000000000006,-0.0095277185493980315,0.27482649924607394,-8.1999999999999993,
973,9.7300000000000004,-0.0067850360162000295,0.26209963331582209,-8.1999999999999993,
974,9.7400000000000002,-0.0041270825727983754,0.26211899659528914,-8.1999999999999993,
975,9.75,-0.0014583050953823889,0.26588875086619135,-8.1999999999999993,
976,9.7599999999999998,0.0012264701911165598,0.26228966577473123,-8.1999999999999993,
977,9.7699999999999996,0.0038985317079786668,0.2666431167271992,-8.1999999999999993,
978,9.7799999999999994,0.0066096784004643205,0.26936925409771428,-8.1999999999999993,
979,9.7900000000000009,0.0093065747147964145,0.25904780067484218,-8.1999999999999993,
980,9.8000000000000007,0.011489241302379272,0.17727196541452511,-8.1999999999999993,
981,9.8100000000000005,0.013381708289857856,0.22565196541452512,8.1999999999999993,
982,9.8200000000000003,0.016016107620559016,0.28117037230793929,-6.3551621376296064,
983,9.8300000000000001,0.018828335506442532,0.26304273790610194,-8.1999999999999993,
984,9.8399999999999999,0.021468660969263698,0.25462232195104867,-8.1999999999999993,
985,9.8499999999999996,0.024052601057363111,0.2549000235622681,-8.1999999999999993,
986,9.8599999999999994,0.026642145275072308,0.25615145698569824,-8.1999999999999993,
987,9.870000000000001,0.029260978366641637,0.26365485135564209,-8.1999999999999993,
988,9.8800000000000008,0.03196783227719429,0.27675132292489374,-8.1999999999999993,
989,9.8900000000000006,0.034804233433081547,0.28919498468261723,-8.1999999999999993,
990,9.9000000000000004,0.037719504107712028,0.28479221052268239,-8.1999999999999993,
991,9.9100000000000001,0.04056205337469531,0.27212162908083093,-8.1999999999999993,
992,9.9199999999999999,0.043296126212226851,0.26456193237555831,-8.1999999999999993,
993,9.9299999999999997,0.045937841632435306,0.25228723398914982,-8.1999999999999993,
994,9.9399999999999995,0.048430258283408668,0.2331805093723498,-8.1999999999999993,
995,9.9500000000000011,0.050687024968323724,0.20371575959637236,-8.1999999999999993,
996,9.9600000000000009,0.052667238791945035,0.17830785110812669,-8.1999999999999993,
997,9.9700000000000006,0.054462560410820128,0.17056859893596396,-8.1999999999999993,
998,9.9800000000000004,0.056176530401365228,0.16168404479366033,-8.1999999999999993,
999,9.9900000000000002,0.057788979756296724,0.1492777613855768,-8.1999999999999993,
1000,10,0.059196826895702735,0.11767172552279663,-8.1999999999999993,
1001,10.01,0.060149001575696866,0.060345553210520486,-8.1999999999999993,
1002,10.02,0.060344393739117555,-0.017582624627521914,-2.4925857609894164,
1003,10.029999999999999,0.059985213908979054,-0.01945031236737314,8.1999999999999993,
1004,10.040000000000001,0.059677858825583505,-0.058336017767821505,0.5151796766568808,
1005,10.050000000000001,0.058954131209198415,-0.056147550016102783,8.1999999999999993,
1006,10.06,0.058335977342155031,-0.063394911318117281,8.1999999999999993,
1007,10.07,0.057656119923069064,-0.066551554893335821,8.1999999999999993,
1008,10.08,0.05690854293525531,-0.085473093953598187,7.1514718355570395,
1009,10.09,0.055923418622505626,-0.11699900844839922,4.7663023458382607,
1010,10.1,0.054584685227993368,-0.14072555318009689,8.1999999999999993,
1011,10.109999999999999,0.053080145630650249,-0.16824114239340987,4.7195698958400412,
1012,10.120000000000001,0.051243385687527863,-0.18576630988429541,8.1999999999999993,
1013,10.130000000000001,0.049299787795745086,-0.20674259948868651,6.6064068282912984,
1014,10.140000000000001,0.047121193290517116,-0.22202554476032479,8.1999999999999993,
1015,10.15,0.044845472194742268,-0.22879219185561836,8.1999999999999993,
1016,10.16,0.042547254613130678,-0.22048668531485766,8.1999999999999993,
1017,10.17,0.040330697882945188,-0.2125859920605167,8.1999999999999993,
1018,10.18,0.038187339126220972,-0.20640426027627851,8.1999999999999993,
1019,10.19,0.036077632959282832,-0.20947223654031755,8.1999999999999993,
1020,10.200000000000001,0.033934915181750555,-0.21339219962889333,8.1999999999999993,
1021,10.210000000000001,0.031749170510499136,-0.21874708299650908,8.1999999999999993,
1022,10.220000000000001,0.029513608737887345,-0.22270229845917924,8.1999999999999993,
1023,10.23,0.027254701448499986,-0.22103093281641567,8.1999999999999993,
1024,10.24,0.025033845027627573,-0.21279821552454622,8.1999999999999993,
1025,10.25,0.022876399305852623,-0.21033984991516766,8.1999999999999993,
1026,10.26,0.020744325016505378,-0.20762798675100713,8.1999999999999993,
1027,10.27,0.018650902235526998,-0.20133937749268105,8.1999999999999993,
1028,10.279999999999999,0.016634006795471782,-0.19110120809284006,8.1999999999999993,
1029,10.290000000000001,0.014698361586468934,-0.18710776253921746,8.1999999999999993,
1030,10.300000000000001,0.012778026466683952,-0.19149573389861133,8.1999999999999993,
1031,10.31,0.010787228194009953,-0.20725883112025037,7.9534894752461351,
1032,10.32,0.0086430066183335544,-0.2183869079002371,8.1999999999999993,
1033,10.33,0.0064169873133187423,-0.2202006434291427,8.1999999999999993,
1034,10.34,0.004182071168416757,-0.21886640108377767,8.1999999999999993,
1035,10.35,0.0019488670946912058,-0.22152955148452166,8.1999999999999993,
1036,10.359999999999999,-0.00033519589124095559,-0.2339182838165412,8.1999999999999993,
1037,10.370000000000001,-0.0027404377526546492,-0.24509333202976477,8.1999999999999993,
1038,10.380000000000001,-0.0052628234779030485,-0.25872702981477591,8.1999999999999993,
1039,10.390000000000001,-0.0079107339717022947,-0.26758556751096974,8.1999999999999993,
1040,10.4,-0.010638893226729991,-0.27312415088301856,8.1999999999999993,
1041,10.41,-0.013426703729394029,-0.28032792713375343,8.1999999999999993,
1042,10.42,-0.016285171762893909,-0.28698559497128806,8.1999999999999993,
1043,10.43,-0.019189466154854128,-0.28615824293638004,8.1999999999999993,
1044,10.44,-0.022079451372216136,-0.28335882369720944,8.1999999999999993,
1045,10.450000000000001,-0.024935031475759793,-0.27854473402126151,8.1999999999999993,
1046,10.460000000000001,-0.027739468352402138,-0.27281292749897995,8.1999999999999993,
1047,10.470000000000001,-0.030476988084812234,-0.26424613306229305,8.1999999999999993,
1048,10.48,-0.033129661914355048,-0.25591657094594356,8.1999999999999993,
1049,10.49,-0.035708031037000557,-0.25024962424682845,8.1999999999999993,
1050,10.5,-0.038236731028243091,-0.24675032741076647,8.1999999999999993,
1051,10.51,-0.040721231572760835,-0.24041804423276697,8.1999999999999993,
1052,10.52,-0.043201213812063669,-0.25616176191371121,7.9582876120103192,
1053,10.529999999999999,-0.045823105260388103,-0.26273572309592969,8.1999999999999993,
1054,10.540000000000001,-0.04843354031118783,-0.24703599830679385,8.1999999999999993,
1055,10.550000000000001,-0.050869121578588194,-0.22686899180982287,8.1999999999999993,
1056,10.56,-0.053061464341349646,-0.19711794708746005,8.1999999999999993,
1057,10.57,-0.05497744217167945,-0.17211071782084739,8.1999999999999993,
1058,10.58,-0.056630820641012325,-0.14426233285771098,8.1999999999999993,
1059,10.59,-0.058019741259001952,-0.11960132532697278,8.1999999999999993,
1060,10.6,-0.05916377854432623,-0.095340870066034464,8.1999999999999993,
1061,10.609999999999999,-0.060090146899348877,-0.077081179077043205,8.1999999999999993,
1062,10.620000000000001,-0.060874345096147864,-0.069677039016778172,8.1999999999999993,
1063,10.630000000000001,-0.061597289953504233,-0.066168486558511042,8.1999999999999993,
1064,10.640000000000001,-0.06226525139519528,-0.056711883064482389,8.1999999999999993,
1065,10.65,-0.062898027298414247,-0.067710170696425084,8.1999999999999993,
1066,10.66,-0.063621835122719836,-0.071157067629702919,8.1999999999999993,
1067,10.67,-0.064399728654319408,-0.08244859575397169,8.1999999999999993,
1068,10.68,-0.065305708371213175,-0.1010750419193947,7.2281700365472989,
1069,10.69,-0.06643582927567461,-0.12726635829259034,6.2374872584469925,
1070,10.700000000000001,-0.067835368860701975,-0.14590417718437126,8.1999999999999993,
1071,10.710000000000001,-0.069371481711107963,-0.16227938331170966,7.8011984232835774,
1072,10.720000000000001,-0.071072440629859082,-0.17472960543147459,8.1999999999999993,
1073,10.73,-0.072873774591200008,-0.18093732722004585,8.1999999999999993,
1074,10.74,-0.074769841077851326,-0.20232494438855914,6.4948651797794232,
1075,10.75,-0.076896015658260472,-0.2134467902944947,8.1999999999999993,
1076,10.76,-0.079093488295080616,-0.22329901941563918,8.1999999999999993,
1077,10.77,-0.08138992175727866,-0.23333837246969064,8.1999999999999993,
1078,10.779999999999999,-0.083761747875895742,-0.2338640740272474,8.1999999999999993,
1079,10.790000000000001,-0.086151026074091405,-0.23876953228016118,8.1999999999999993,
1080,10.800000000000001,-0.088595334345622806,-0.24599081896617292,8.1999999999999993,
1081,10.81,-0.091104374728045875,-0.25033210330111405,8.1999999999999993,
1082,10.82,-0.09367367878071188,-0.26147366408408929,8.1999999999999993,
1083,10.83,-0.096345698927324946,-0.26896301221018826,8.1999999999999993,
1084,10.84,-0.099073999981425992,-0.26956709955089903,8.1999999999999993,
1085,10.85,-0.10181464984171074,-0.27238793323548544,8.1999999999999993,
1086,10.859999999999999,-0.10459807377902072,-0.28079442503979013,8.1999999999999993,
1087,10.870000000000001,-0.1074620837014737,-0.28779821984171583,8.1999999999999993,
1088,10.880000000000001,-0.11038138198456403,-0.2893191030903261,8.1999999999999993,
1089,10.890000000000001,-0.11332787156951377,-0.2952402780091396,8.1999999999999993,
1090,10.9,-0.11633482144837982,-0.3016464818954831,8.1999999999999993,
1091,10.91,-0.11940145428687846,-0.30637521205182988,8.1999999999999993,
1092,10.92,-0.12251079096547444,-0.30941460227370948,8.1999999999999993,
1093,10.93,-0.12563088560037894,-0.30583471465922912,8.1999999999999993,
1094,10.94,-0.12868916248858311,-0.29460558050069768,8.1999999999999993,
1095,10.950000000000001,-0.1316358865229488,-0.28357997068954455,8.1999999999999993,
1096,10.960000000000001,-0.13447237808751691,-0.27256088426275704,8.1999999999999993,
1097,10.970000000000001,-0.1372109268228954,-0.26502562768845361,8.1999999999999993,
1098,10.98,-0.13989793760529723,-0.26497633263852649,8.1999999999999993,
1099,10.99,-0.14259337147621703,-0.26804683540818819,8.1999999999999993,
1100,11,-0.14532164533512071,-0.27189680237604108,8.1999999999999993,
1101,11.01,-0.14807751249014783,-0.27189650789108377,8.1999999999999993,
1102,11.02,-0.15081273491211711,-0.2653428793227427,8.1999999999999993,
1103,11.029999999999999,-0.1534998897827026,-0.26427867781582193,8.1999999999999993,
1104,11.040000000000001,-0.15616269228035853,-0.25885878190072431,8.1999999999999993,
1105,11.050000000000001,-0.15876496096356807,-0.25154127698206652,8.1999999999999993,
1106,11.06,-0.16124856040846747,-0.23210016065562539,8.1999999999999993,
1107,11.07,-0.16353939478397128,-0.21306465280888362,8.1999999999999993,
1108,11.08,-0.16566147515558965,-0.19954219460058378,8.1999999999999993,
1109,11.09,-0.1676997937866842,-0.2016195690908954,8.1999999999999993,
1110,11.1,-0.16975919224827526,-0.20380548373760402,8.1999999999999993,
1111,11.109999999999999,-0.17184285591385529,-0.20685365347553622,8.1999999999999993,
1112,11.120000000000001,-0.17395068971475824,-0.20767322801109417,8.1999999999999993,
1113,11.130000000000001,-0.17604944052557669,-0.20286735965496661,8.1999999999999993,
1114,11.140000000000001,-0.17811926652004928,-0.20433098993044296,8.1999999999999993,
1115,11.15,-0.18023576542998207,-0.21879425583958848,8.1999999999999993,
1116,11.16,-0.18249647863351165,-0.23305582622134438,8.1999999999999993,
1117,11.17,-0.18488653874063532,-0.24144477863636177,8.1999999999999993,
1118,11.18,-0.18736138582957237,-0.25020348037909951,8.1999999999999993,
1119,11.19,-0.18989224259085696,-0.24753855708391787,8.1999999999999993,
1120,11.200000000000001,-0.19239310450754699,-0.24380982215308372,8.1999999999999993,
1121,11.210000000000001,-0.1948538426756504,-0.23919591540505117,8.1999999999999993,
1122,11.220000000000001,-0.19726299418352772,-0.23292213973967887,8.1999999999999993,
1123,11.23,-0.19961070443267825,-0.22703879979016614,8.1999999999999993,
1124,11.24,-0.20193421117819513,-0.23289058000351312,8.1999999999999993,
1125,11.25,-0.2043162902800926,-0.23876340297521026,8.1999999999999993,
1126,11.26,-0.20676112970700961,-0.24622143609932309,8.1999999999999993,
1127,11.27,-0.20928455755797937,-0.25531859087689568,8.1999999999999993,
1128,11.279999999999999,-0.2119080949603902,-0.26843649495865041,8.1999999999999993,
1129,11.290000000000001,-0.21465387279096382,-0.2776169808848401,8.1999999999999993,
1130,11.300000000000001,-0.2174832023682727,-0.28348458275800548,8.1999999999999993,
1131,11.31,-0.22036051761747064,-0.28541087062502241,8.1999999999999993,
1132,11.32,-0.2232357456013766,-0.28032843434597138,8.1999999999999993,
1133,11.33,-0.22603349931077807,-0.26761547896557858,8.1999999999999993,
1134,11.34,-0.22868202207206975,-0.24920844367395728,8.1999999999999993,
1135,11.35,-0.23112418523184805,-0.22542702610722121,8.1999999999999993,
1136,11.359999999999999,-0.23334202831639747,-0.20485913152239332,8.1999999999999993,
1137,11.370000000000001,-0.23538251977136887,-0.19146033405690124,8.1999999999999993,
1138,11.380000000000001,-0.23731215533829547,-0.18454216613543017,8.1999999999999993,
1139,11.390000000000001,-0.23921124836021485,-0.19060758503783434,8.1999999999999993,
1140,11.4,-0.24117792318854819,-0.19944902255668176,8.1999999999999993,
1141,11.41,-0.24323915430905579,-0.21092586488768669,8.1999999999999993,
1142,11.42,-0.24539690635454553,-0.21502990085415388,8.1999999999999993,
1143,11.43,-0.24756581637710598,-0.20918349455444424,8.1999999999999993,
1144,11.44,-0.24965318290557365,-0.19675635286763923,8.1999999999999993,
1145,11.450000000000001,-0.25161392940890032,-0.18369904472779752,8.1999999999999993,
1146,11.460000000000001,-0.25345702329474357,-0.1741933676128011,8.1999999999999993,
1147,11.470000000000001,-0.25523339453237687,-0.17336572204194059,8.1999999999999993,
1148,11.48,-0.25699574685578386,-0.17066005847566385,8.1999999999999993,
1149,11.49,-0.25829234744054047,-0.088660058475663855,8.1999999999999993,
1150,11.5,-0.25929869535863043,-0.13704005847566386,-8.1999999999999993,
1151,11.51,-0.26107900119899119,-0.21849539717066127,-6.112587620995626,
1152,11.52,-0.26353009874816202,-0.23540477368379656,8.1999999999999993,
1153,11.529999999999999,-0.2659102898119165,-0.23188637990192615,8.1999999999999993,
1154,11.540000000000001,-0.26826721807957848,-0.23228273864244112,8.1999999999999993,
1155,11.550000000000001,-0.2706199103582741,-0.22995400237831273,8.1999999999999993,
1156,11.56,-0.2729601675994448,-0.2312657575662852,8.1999999999999993,
1157,11.57,-0.2753288648671694,-0.2382592561391752,8.1999999999999993,
1158,11.58,-0.27777789219029153,-0.24960030076454398,8.1999999999999993,
1159,11.59,-0.2803566374395251,-0.26887769841767178,7.058467117472107,
1160,11.6,-0.28315200829963294,-0.28651795245994777,8.1999999999999993,
1161,11.609999999999999,-0.28610132635325636,-0.3065321050500695,6.8640890623703559,
1162,11.620000000000001,-0.28928961597409847,-0.33003630403439588,7.3254510029938515,
1163,11.630000000000001,-0.29269665923814125,-0.35074419208374574,7.5891502861565669,
1164,11.640000000000001,-0.29629312587311524,-0.36587630717353242,8.1999999999999993,
1165,11.65,-0.30002277076812395,-0.37924173025715308,8.1999999999999993,
1166,11.66,-0.3038901385137508,-0.39456529032034043,8.0619654253260915,
1167,11.67,-0.30790906119925332,-0.40752539989440878,8.1999999999999993,
1168,11.68,-0.31204300253327083,-0.41558171194809829,8.1999999999999993,
1169,11.69,-0.31624897080248754,-0.42030410449341277,8.1999999999999993,
1170,11.700000000000001,-0.32048548030127705,-0.41915452632497302,8.1999999999999993,
1171,11.710000000000001,-0.3247091143395911,-0.41755020300367168,8.1999999999999993,
1172,11.720000000000001,-0.3289241703271899,-0.41845837354699905,8.1999999999999993,
1173,11.73,-0.33314908261217946,-0.41963489935539983,8.1999999999999993,
1174,11.74,-0.3373867686659392,-0.42116312430628261,8.1999999999999993,
1175,11.75,-0.34163981597005266,-0.42271901088659897,8.1999999999999993,
1176,11.76,-0.34588604130468092,-0.41700105348525102,8.1999999999999993,
1177,11.77,-0.35007803835476464,-0.41218531399030145,8.1999999999999993,
1178,11.779999999999999,-0.35418655543483268,-0.39741179304106461,8.1999999999999993,
1179,11.790000000000001,-0.3581709578984581,-0.38910306655549809,8.1999999999999993,
1180,11.800000000000001,-0.36208025872687427,-0.38315367250263238,8.1999999999999993,
1181,11.81,-0.36593584624414704,-0.37897819310879438,8.1999999999999993,
1182,11.82,-0.3697558101472575,-0.37675210930790276,8.1999999999999993,
1183,11.83,-0.37356466044620101,-0.37827758500507641,8.1999999999999993,
1184,11.84,-0.37738449111202294,-0.37833009342207963,8.1999999999999993,
1185,11.85,-0.38119463771739215,-0.37503411847884927,8.1999999999999993,
1186,11.859999999999999,-0.38496426446071319,-0.36939210370586328,8.1999999999999993,
1187,11.870000000000001,-0.38868097106841332,-0.36482328235013828,8.1999999999999993,
1188,11.880000000000001,-0.39235603545507619,-0.36152283025939214,8.1999999999999993,
1189,11.890000000000001,-0.39600379001996555,-0.36006225445303897,8.1999999999999993,
1190,11.9,-0.39964046395953151,-0.35977544191274735,8.1999999999999993,
1191,11.91,-0.40328466080637593,-0.36312619840493743,8.1999999999999993,
1192,11.92,-0.4069729089283155,-0.37049645471881165,8.1999999999999993,
1193,11.93,-0.410740854333417,-0.38033852197141055,8.1999999999999993,
1194,11.94,-0.41460231902237138,-0.38814836287734716,8.1999999999999993,
1195,11.950000000000001,-0.41853732303551688,-0.39415530784709857,8.1999999999999993,
1196,11.960000000000001,-0.4225138851674517,-0.39351850005235306,8.1999999999999993,
1197,11.970000000000001,-0.42647162946839701,-0.38887964165117084,8.1999999999999993,
1198,11.98,-0.43037109523827366,-0.38068235283638863,8.1999999999999993,
1199,11.99,-0.43418213705556935,-0.37064502216271183,8.1999999999999993,
1200,12,-0.43789445144376116,-0.36107159485526807,8.1999999999999993,
1201,12.01,-0.44152251792843511,-0.35484530570078954,8.1999999999999993,
1202,12.02,-0.4451074135612883,-0.35469049435600913,8.1999999999999993,
1203,12.030000000000001,-0.4487074262042412,-0.36053801429764021,8.1999999999999993,
1204,12.040000000000001,-0.45237054286667833,-0.3682094579281413,8.1999999999999993,
1205,12.050000000000001,-0.45609500861178043,-0.3701010705493295,8.1999999999999993,
1206,12.06,-0.45982978862613311,-0.36905121045027955,8.1999999999999993,
1207,12.07,-0.46354689779958402,-0.36567639870775048,8.1999999999999993,
1208,12.08,-0.46722293100081447,-0.3600294223368356,8.1999999999999993,
1209,12.09,-0.47084396415170193,-0.35483043786182983,8.1999999999999993,
1210,12.1,-0.47442791470926987,-0.35440726449727927,8.1999999999999993,
1211,12.109999999999999,-0.47799115279581972,-0.34872879692492192,8.1999999999999993,
1212,12.120000000000001,-0.48151758708206649,-0.34949634894671971,8.1999999999999993,
1213,12.130000000000001,-0.48505596812707136,-0.35175858037142244,8.1999999999999993,
1214,12.140000000000001,-0.48861834960915551,-0.35451351982935275,8.1999999999999993,
1215,12.15,-0.49220692172086944,-0.35678263564988288,8.1999999999999993,
1216,12.16,-0.49580973356939434,-0.35613794532405374,8.1999999999999993,
1217,12.17,-0.49941985493819846,-0.36033412962742378,8.1999999999999993,
1218,12.18,-0.50305583584602331,-0.35891086526517574,8.1999999999999993,
1219,12.19,-0.50666273816497909,-0.35281782472921669,8.1999999999999993,
1220,12.200000000000001,-0.51021825126784359,-0.34967733232832737,8.1999999999999993,
1221,12.210000000000001,-0.51373569133544705,-0.34445625784006068,8.1999999999999993,
1222,12.220000000000001,-0.51721248315334278,-0.34289804256799761,8.1999999999999993,
1223,12.23,-0.52067830195477138,-0.34287715749915759,8.1999999999999993,
1224,12.24,-0.52415403552278728,-0.3464175429959056,8.1999999999999993,
1225,12.25,-0.52765377953860393,-0.34596830192185818,8.1999999999999993,
1226,12.26,-0.53112384145408276,-0.33768688116078088,8.1999999999999993,
1227,12.27,-0.53449010467956559,-0.32362644854776251,8.1999999999999993,
1228,12.280000000000001,-0.53774256685167254,-0.31705501291086607,8.1999999999999993,
1229,12.290000000000001,-0.5409477630755426,-0.31629691677528432,8.1999999999999993,
1230,12.300000000000001,-0.54415082194877185,-0.3173905333189781,8.1999999999999993,
1231,12.31,-0.54734966623692261,-0.31349294082199752,8.1999999999999993,
1232,12.32,-0.55050363122200185,-0.30777508985714852,8.1999999999999993,
1233,12.33,-0.5535828735550683,-0.29697717718218797,8.1999999999999993,
1234,12.34,-0.55656719347081651,-0.28991562887035272,8.1999999999999993,
1235,12.35,-0.55946037180209629,-0.27708271027059139,8.1999999999999993,
1236,12.359999999999999,-0.56224370517866962,-0.26942041715951526,8.1999999999999993,
1237,12.370000000000001,-0.56496098353735125,-0.26494106544605878,8.1999999999999993,
1238,12.380000000000001,-0.56760684882021073,-0.25276338559850192,8.1999999999999993,
1239,12.390000000000001,-0.57010479995960894,-0.23384763193308714,8.1999999999999993,
1240,12.4,-0.57243314728569406,-0.21991250232189571,8.1999999999999993,
1241,12.41,-0.57459565793443523,-0.19929920097243531,8.1999999999999993,
1242,12.42,-0.57653087473378151,-0.17370071257444514,8.1999999999999993,
1243,12.43,-0.57825520162076327,-0.15909772890887983,8.1999999999999993,
1244,12.44,-0.57987845924626513,-0.15755629698184803,8.1999999999999993,
1245,12.450000000000001,-0.58147904103181736,-0.15368376360853311,8.1999999999999993,
1246,12.460000000000001,-0.58307630491370499,-0.16245361923003271,8.1999999999999993,
1247,12.470000000000001,-0.58473948610138982,-0.16304880415888007,8.1999999999999993,
1248,12.48,-0.58641788290336794,-0.16693681545047387,8.1999999999999993,
1249,12.49,-0.5881133114255338,-0.16339221298968121,8.1999999999999993,
1250,12.5,-0.58977846606488726,-0.16150773159556384,8.1999999999999993,
1251,12.51,-0.59139654759465921,-0.15113055172091835,8.1999999999999993,
1252,12.52,-0.59290955904955511,-0.14039211429335546,8.1999999999999993,
1253,12.530000000000001,-0.59434675870050335,-0.13917968203688669,8.1999999999999993,
1254,12.540000000000001,-0.59577467134340267,-0.13891458545975635,8.1999999999999993,
1255,12.550000000000001,-0.59719837129769671,-0.13812579525747337,8.1999999999999993,
1256,12.56,-0.59862590262433102,-0.1414150231323236,8.1999999999999993,
1257,12.57,-0.60008769574882725,-0.14520514194914777,8.1999999999999993,
1258,12.58,-0.60161679147266067,-0.16156696336825604,7.80454399997494,
1259,12.59,-0.6033147118864356,-0.17588223104265063,8.1999999999999993,
1260,12.6,-0.60513004549157212,-0.18306303282822681,8.1999999999999993,
1261,12.609999999999999,-0.60697724823331589,-0.17660354670312473,8.1999999999999993,
1262,12.620000000000001,-0.60876569074657327,-0.17191761333921496,8.1999999999999993,
1263,12.630000000000001,-0.61050192077210896,-0.16560230515204288,8.1999999999999993,
1264,12.640000000000001,-0.61218503032210425,-0.16238281629771686,8.1999999999999993,
1265,12.65,-0.61381410816142279,-0.15263575705676929,8.1999999999999993,
1266,12.66,-0.6153852936357862,-0.15540228146570523,8.1999999999999993,
1267,12.67,-0.61697027502911594,-0.15342850286334433,8.1999999999999993,
1268,12.68,-0.61855147185446224,-0.15695053291574007,8.1999999999999993,
1269,12.69,-0.62012007515328549,-0.14549299457265524,8.1999999999999993,
1270,12.700000000000001,-0.62161512857708479,-0.14659832567680089,8.1999999999999993,
1271,12.710000000000001,-0.62312675973319132,-0.14966063264531548,8.1999999999999993,
1272,12.720000000000001,-0.62466017085015391,-0.14962836899971252,8.1999999999999993,
1273,12.73,-0.62619119081888674,-0.14890038128412514,8.1999999999999993,
1274,12.74,-0.62767940340011918,-0.13747321786055419,8.1999999999999993,
1275,12.75,-0.62907442645652423,-0.13213726484683205,8.1999999999999993,
1276,12.76,-0.63030311729512545,-0.098888811161453011,8.1999999999999993,
1277,12.77,-0.63115503207763901,-0.056797121690056421,8.1999999999999993,
1278,12.780000000000001,-0.63157296466707313,-0.012256667225105558,8.1999999999999993,
1279,12.790000000000001,-0.63159975169965343,9.345605161095934e-19,-1.1796119636642288e-16,
1280,12.800000000000001,-0.63153947498692575,-1.2356991389732572e-18,-4.6805329712959961e-16,
1281,12.81,-0.63140403237967102,0.00037746528474242853,-1.7377348123173086,
1282,12.82,-0.63117278510137564,0.026485515233391713,-8.1999999999999993,
1283,12.83,-0.63082806116176571,0.044275216914326967,-7.4436052926592984,
1284,12.84,-0.63032668654123936,0.046462830836516665,-8.1999999999999993,
1285,12.85,-0.62979905861363605,0.056312882886997651,-8.1999999999999993,
1286,12.859999999999999,-0.62919014362430414,0.059425252765148193,-8.1999999999999993,
1287,12.870000000000001,-0.62856669849412794,0.056879551619354873,-8.1999999999999993,
1288,12.880000000000001,-0.62797684039746815,0.051779725883785752,-8.1999999999999993,
1289,12.890000000000001,-0.62751467943851325,0.026672355567232364,-8.1999999999999993,
1290,12.9,-0.62715891677814917,0.049352697482805151,-6.1386632806345531,
1291,12.91,-0.62657585743347322,0.053573175886514987,-8.1999999999999993,
1292,12.92,-0.62594824403247962,0.077864992521866697,-5.681839464465301,
1293,12.93,-0.62505444890766237,0.087739949895286579,-8.1999999999999993,
1294,12.94,-0.62412027744074006,0.095024647844992358,-8.1999999999999993,
1295,12.950000000000001,-0.62315804704627165,0.087209701856965804,-8.1999999999999993,
1296,12.960000000000001,-0.62227823646537783,0.07816201205690225,-8.1999999999999993,
1297,12.970000000000001,-0.62152608015467259,0.059300419063025529,-8.1999999999999993,
1298,12.98,-0.62090333552191945,0.056931449631387188,-8.1999999999999993,
1299,12.99,-0.62024432992896472,0.079976858301133047,-6.0364577982738794,
1300,13,-0.61935577180044921,0.083397235453186169,-8.1999999999999993,
1301,13.01,-0.61846249674582532,0.091704603433583456,-8.1999999999999993,
1302,13.02,-0.61747124530275099,0.10666265575780981,-8.1516232040182857,
1303,13.030000000000001,-0.61634792223171975,0.11349190553083872,-8.1999999999999993,
1304,13.040000000000001,-0.61518987783102219,0.10902842843823464,-8.1999999999999993,
1305,13.050000000000001,-0.61411172543520065,0.094568390685224601,-8.1999999999999993,
1306,13.06,-0.61325169703974791,0.062807430447303123,-8.1999999999999993,
1307,13.07,-0.61260650185889542,0.056512210696929605,-8.1999999999999993,
1308,13.08,-0.6121758969703549,0.014888515858648001,-8.1999999999999993,
1309,13.09,-0.61191425640817421,0.053685794237896108,-0.55567090324979551,
1310,13.1,-0.61127654692321221,0.043341343093311169,-8.1999999999999993,
1311,13.109999999999999,-0.61073433777819086,0.078796962875745724,-1.9683352492196813,
1312,13.120000000000001,-0.60980182610983436,0.08116224337186996,-8.1999999999999993,
1313,13.130000000000001,-0.60890236824213795,0.10317533130815788,-6.3236116895797192,
1314,13.140000000000001,-0.60777944356149716,0.10901711324941031,-8.1999999999999993,
1315,13.15,-0.60661683766778252,0.12311761161987848,-8.1999999999999993,
1316,13.16,-0.60533137609385845,0.12942171131328611,-8.1999999999999993,
1317,13.17,-0.60405879330438295,0.1125201804266638,-8.1999999999999993,
1318,13.18,-0.60300321604256168,0.084249719197355549,-8.1999999999999993,
1319,13.19,-0.60219815583908543,0.063437167553554316,-8.1999999999999993,
1320,13.200000000000001,-0.60167945719894722,0.025488615703105504,-8.1999999999999993,
1321,13.210000000000001,-0.60141110365847084,0.018108287305645183,-8.1999999999999993,
1322,13.220000000000001,-0.6012778497008916,0.00016718518632434403,-1.1564953482806342,
1323,13.23,-0.60109682647615881,0.0089420560824717225,-8.1999999999999993,
1324,13.24,-0.60102261833472703,1.9995744755736588e-05,-0.39995744529371507,
1325,13.25,-0.6008834384765559,0.00083467284590722421,-2.5840632281849758,
1326,13.26,-0.60094029288372997,1.6990646799155389e-19,1.0408340855860843e-16,
1327,13.27,-0.60094542604854684,-2.1123687080473913e-17,-1.7486012637846216e-15,
1328,13.280000000000001,-0.60117943081355896,-0.020421513740988925,8.1999999999999993,
1329,13.290000000000001,-0.60143079893346318,-0.024031807753710808,8.1999999999999993,
1330,13.300000000000001,-0.6017379751047971,-0.035560770814953395,8.1999999999999993,
1331,13.31,-0.60200164508741816,-0.003481583742066452,5.2775628785009872,
1332,13.32,-0.60209180859403577,-0.00013240821699522903,1.0292063621848704,
1333,13.33,-0.60198185130449378,-1.8006707236395414e-17,-3.3306690738754696e-16,
1334,13.34,-0.60169951914429542,0.038348992015642784,-8.1999999999999993,
1335,13.35,-0.60123343845369903,0.057547027567904113,-7.0792576908012617,
1336,13.359999999999999,-0.60055788440684055,0.072476607147087937,-8.1999999999999993,
1337,13.370000000000001,-0.59974928946283268,0.092326549654457038,-6.9076291965697658,
1338,13.380000000000001,-0.59873148990706926,0.10347886721876301,-8.1999999999999993,
1339,13.390000000000001,-0.59766410523532243,0.10204124368590618,-8.1999999999999993,
1340,13.4,-0.59661051547399924,0.1007953617533964,-8.1999999999999993,
1341,13.41,-0.59561821190361564,0.085423034309729667,-8.1999999999999993,
1342,13.42,-0.59482605679909084,0.058845474316958891,-8.1999999999999993,
1343,13.43,-0.59447335293301051,0.0019176560018546725,-3.916790524758428,
1344,13.44,-0.59473036944658697,-0.020458787210746218,8.1999999999999993,
1345,13.450000000000001,-0.59505330897984088,-0.065565783852193832,-3.0829669857993727,
1346,13.460000000000001,-0.59595180953412574,-0.080431808564247448,8.1999999999999993,
1347,13.470000000000001,-0.59683458647857812,-0.097504668712080467,7.6258370652972367,
1348,13.48,-0.59786753360319289,-0.1006831351489966,8.1999999999999993,
1349,13.49,-0.59886444293479546,-0.086802500295933879,8.1999999999999993,
1350,13.5,-0.59970603174081294,-0.068693520669456304,8.1999999999999993,
1351,13.51,-0.60023604453257529,-0.022889663620361666,8.1999999999999993,
1352,13.52,-0.60030448389977631,7.808696321420856e-19,-3.1225022567582528e-16,
1353,13.530000000000001,-0.60015040899228733,0.0019028138034274718,-3.9016035712793471,
1354,13.540000000000001,-0.59990933550707615,0.04418387669191106,-4.88826527450182,
1355,13.550000000000001,-0.59944767688192002,0.026256316981461279,-8.1999999999999993,
1356,13.56,-0.59912394449847051,0.035334991396016452,-8.1999999999999993,
1357,13.57,-0.59872832078825844,0.037192267024591774,-8.1999999999999993,
1358,13.58,-0.59850787184059939,-5.8636429045577644e-18,-3.3306690738754696e-16,
1359,13.59,-0.59829680382866357,0.013764028573517334,-8.1999999999999993,
1360,13.6,-0.59807425449600238,0.034188865812169393,-6.754641489878102,
1361,13.609999999999999,-0.59768209189352439,0.029961506419690885,-8.1999999999999993,
1362,13.620000000000001,-0.59729124007549383,0.053883097695284564,-5.7881117308681285,
1363,13.630000000000001,-0.59711665112754042,-2.2615022528814564e-05,0.42534712909629174,
1364,13.640000000000001,-0.59677753859663951,0.074421731569589769,8.1999999999999993,
1365,13.65,-0.59584006562054159,0.074370246479563529,-8.1999999999999993,
1366,13.66,-0.59513599826784669,0.053027521397315161,-8.1999999999999993,
1367,13.67,-0.59460108474886342,0.043108224697737778,-8.1999999999999993,
1368,13.68,-0.59417265658541996,0.03117240305939099,-8.1999999999999993,
1369,13.69,-0.59390669407812269,0.0083689953899413368,-8.1824179262324837,
1370,13.700000000000001,-0.59399597282233152,-6.4106177494944809e-19,-4.163336342344337e-16,
1371,13.710000000000001,-0.59403557848607391,1.6791688566811619e-19,2.0816681711721685e-17,
1372,13.720000000000001,-0.59421581666650036,-0.0060300793184626085,6.9455478220008597,
1373,13.73,-0.59437358395284734,-0.018657029356605927,8.1999999999999993,
1374,13.74,-0.59452891667715091,-0.0016840792607411435,3.6705086957980542,
1375,13.75,-0.59451770505805879,6.0906866980764869e-19,1.0408340855860843e-16,
1376,13.76,-0.59440097166071615,-1.1067813332488186e-17,-3.3306690738754696e-16,
1377,13.77,-0.59420479219961508,0.0098134226502881953,-8.1999999999999993,
1378,13.780000000000001,-0.59398738226160652,0.05660553379851048,4.6358576327226109,
1379,13.790000000000001,-0.59326708916584792,0.050375420458576216,-8.1999999999999993,
1380,13.800000000000001,-0.59272477412277691,0.050941731020500203,-8.1999999999999993,
1381,13.81,-0.59219826117956031,0.044638939968627597,-8.1999999999999993,
1382,13.82,-0.59172730334405654,0.040625240870489777,-8.1999999999999993,
1383,13.83,-0.5913045140587686,0.034155128308410138,-8.1999999999999993,
1384,13.84,-0.59108031816290196,0.00041689024131091033,-1.8262316201641262,
1385,13.85,-0.59109279314789731,-5.417993650553157e-20,1.1102230246251565e-16,
1386,13.859999999999999,-0.59103073217251378,4.4504796194512152e-18,4.2309651679408964e-16,
1387,13.870000000000001,-0.59098189912436661,-1.7379030158921741e-18,-1.7347234759768071e-16,
1388,13.880000000000001,-0.59092302452444201,-3.8348656193438954e-18,-4.7038828400525779e-16,
1389,13.890000000000001,-0.59094016221198009,-4.1881198302920815e-19,-2.0816681711721685e-16,
1390,13.9,-0.59109372217093425,-0.0018453374856003488,3.8422259023647714,
1391,13.91,-0.5912144371327771,-0.0018160849219594273,3.8116504792117882,
1392,13.92,-0.59146162497378685,-0.047333354843410773,3.9483370628922083,
1393,13.93,-0.59179178779069652,-0.0015916819780229159,3.5683968142827611,
1394,13.94,-0.59183138768432386,-6.8058545309179674e-19,2.5673907444456745e-16,
1395,13.950000000000001,-0.59179413655474356,7.9545004621216908e-19,3.6082248300317588e-16,
1396,13.960000000000001,-0.59178098638981913,-2.1412938374980749e-19,-5.5511151231257827e-17,
1397,13.970000000000001,-0.59182479065204907,-3.8518471577313644e-18,-4.3853809472693683e-15,
1398,13.98,-0.59204179458923201,-0.015413845029233184,8.1999999999999993,
1399,13.99,-0.59229928762338879,-0.046881959277607826,3.4316415871966583,
1400,14,-0.59271801004920077,-0.013170725209970988,8.1999999999999993,
1401,14.01,-0.59275014634486523,3.0433393820563427e-18,-2.0469737016526324e-16,
1402,14.02,-0.59280211052840959,4.5773564353281095e-18,-3.3306690738754696e-16,
1403,14.030000000000001,-0.59283327152560217,1.0260422452854072e-19,-1.0408340855860843e-16,
1404,14.040000000000001,-0.59279497203830955,4.170381964912784e-20,-6.056351982261861e-17,
1405,14.050000000000001,-0.59300526638936168,-0.013552338343294498,8.1999999999999993,
1406,14.06,-0.59302510310002532,-2.1895545817738073e-18,-2.9490299091605721e-17,
1407,14.07,-0.59292527680751705,8.0141449032566924e-18,-3.3306690738754696e-16,
1408,14.08,-0.59280493813803725,1.075250999349464e-18,-3.3306690738754696e-16,
1409,14.09,-0.59281679419571964,-4.4636024005075755e-20,2.2204460492503131e-16,
1410,14.1,-0.59296512460252526,-0.0013110528691623441,3.2385834794395469,
1411,14.109999999999999,-0.59322392722934159,-0.050075918269128453,3.4206662797003071,
1412,14.120000000000001,-0.59378658729282974,-0.037475862606486755,8.1999999999999993,
1413,14.130000000000001,-0.59426388911296435,-0.068390425145952782,3.6204695204662616,
1414,14.140000000000001,-0.59494954876280959,-0.044268036644422276,8.1999999999999993,
1415,14.15,-0.59530246322828628,-0.011633863866451049,8.1999999999999993,
1416,14.16,-0.59521153667817073,-1.45372602844418e-17,-3.3306690738754696e-16,
1417,14.17,-0.59498606545002131,0.017851662729683394,-8.1999999999999993,
1418,14.18,-0.59470210091044473,0.050792047564493216,-2.9138166856180132,
1419,14.19,-0.59410388826961424,0.043092913918834887,-8.1999999999999993,
1420,14.200000000000001,-0.59367344779121112,0.031748777476689291,-8.1999999999999993,
1421,14.210000000000001,-0.59331621154428704,0.032724194225229791,-8.1999999999999993,
1422,14.220000000000001,-0.59302233790242898,0.012901674862781749,-8.1999999999999993,
1423,14.23,-0.59282358896565657,0.025732713853232433,-8.1999999999999993,
1424,14.24,-0.59265123792095786,7.8097043148668565e-05,-0.79042795066304494,
1425,14.25,-0.59264761291968238,-3.6381657279611523e-21,2.9490299091605721e-17,
1426,14.26,-0.59256094458389963,3.2199510716464626e-17,3.9412917374193057e-15,
1427,14.27,-0.59250173576912968,2.0583052816993869e-18,-9.7144514654701197e-17,
1428,14.280000000000001,-0.59231992764400254,0.0063588125766880117,-7.1323558950394599,
1429,14.290000000000001,-0.59212162933986978,0.040323710796817236,-4.0147319637728813,
1430,14.300000000000001,-0.59162044865677865,0.037611955718903509,-8.1999999999999993,
1431,14.31,-0.59117019641796309,0.052534435907926239,-8.1603226889880798,
1432,14.32,-0.59055978479581883,0.072518413982970806,-6.9151585142804635,
1433,14.33,-0.58976436570384017,0.07516400069259338,-8.1999999999999993,
1434,14.34,-0.58896108741086761,0.080448657351695443,-8.1999999999999993,
1435,14.35,-0.58817123856184217,0.065337772471267624,-8.1999999999999993,
1436,14.359999999999999,-0.58750310039786646,0.058339058219559245,-8.1999999999999993,
1437,14.370000000000001,-0.58689468709770432,0.05446774961685763,-8.1999999999999993,
1438,14.380000000000001,-0.58628244398944251,0.066312939868576629,-8.1999999999999993,
1439,14.390000000000001,-0.58562286546745368,0.054133769170308099,-8.1999999999999993,
1440,14.4,-0.5851309150090338,0.030477293152884298,-8.1999999999999993,
1441,14.41,-0.58484646571167376,0.013908339642855521,-8.1999999999999993,
1442,14.42,-0.58462862993836906,0.031129750258571846,-7.588246105070362,
1443,14.43,-0.58429969849428054,0.021825871456698252,-8.1999999999999993,
1444,14.44,-0.58400699733783568,0.036899992615818902,-8.1232052834924175,
1445,14.450000000000001,-0.58368382563144028,0.013814811331869575,-8.1999999999999993,
1446,14.460000000000001,-0.58347503639444021,0.027067677329080449,-8.1999999999999993,
1447,14.470000000000001,-0.5831302927624108,0.041957978657690347,-8.1681883350333209,
1448,14.48,-0.58272087203528256,0.027873172996447156,-8.1999999999999993,
1449,14.49,-0.58240586392427296,0.027662236581143671,-8.1999999999999993,
1450,14.5,-0.58222870413657446,2.4428318191310572e-06,-0.13979504480873156,
1451,14.51,-0.58225830649735399,3.4537377381168603e-19,-2.1857515797307769e-16,
1452,14.52,-0.58225697502919294,-1.8686836137393584e-18,-2.2371304559777521e-16,
1453,14.530000000000001,-0.58208449802344808,0.0045477943994973995,-6.031778775450837,
1454,14.540000000000001,-0.5818722579092126,0.041865372855136092,-4.2465194026891497,
1455,14.550000000000001,-0.58137942112175989,0.034178300311283549,-8.1999999999999993,
1456,14.56,-0.58096589411235022,0.04794990547042316,-8.1999999999999993,
1457,14.57,-0.58046963927819106,0.041545283231302882,-8.1999999999999993,
1458,14.58,-0.58000378692397603,0.046361076804322617,-8.1999999999999993,
1459,14.59,-0.5794535284288197,0.067723935985220696,-6.5016028565872821,
1460,14.6,-0.5787733304640118,0.050601166881554659,-8.1999999999999993,
1461,14.609999999999999,-0.57841616064492141,0.0064143738104338712,-7.1634482257828189,
1462,14.620000000000001,-0.57823393922739619,0.031054480071527699,-6.7279472307795949,
1463,14.630000000000001,-0.57803914346805274,-2.3941959526041502e-18,-3.3306690738754696e-16,
1464,14.640000000000001,-0.57794796031055973,5.1857252937025723e-20,1.5265566588595902e-16,
1465,14.65,-0.57775756348893981,0.0083435976798417067,-8.1699927441053273,
1466,14.66,-0.57756280537690496,0.045171518189695344,-1.4643661705830355,
1467,14.67,-0.5772043531917771,0.0036923016231518086,-5.4349252971144448,
1468,14.68,-0.57696376255265314,0.061155682620027504,4.9779254870343239,
1469,14.69,-0.57612780901703819,0.06907886828502327,-8.1999999999999993,
1470,14.700000000000001,-0.57537921459055086,0.076778209383032411,-8.1999999999999993,
1471,14.710000000000001,-0.57458912660257799,0.072061024221085263,-8.1999999999999993,
1472,14.720000000000001,-0.57390636188942468,0.051149688395237883,-8.1999999999999993,
1473,14.73,-0.57344204129158416,0.028012390235496929,-8.1999999999999993,
1474,14.74,-0.57318056448728938,0.011870754293303721,-8.1999999999999993,
1475,14.75,-0.57295747956252041,0.044049853359580664,-3.1845161280479735,
1476,14.76,-0.57245986484219347,0.029923613235224869,-8.1999999999999993,
1477,14.77,-0.5720627538453954,0.05780665702303639,-4.6052977199871403,
1478,14.780000000000001,-0.57136604725301621,0.062969178252956989,-8.1999999999999993,
1479,14.790000000000001,-0.57064751113074164,0.085540969104659165,-6.1689134309586073,
1480,14.800000000000001,-0.5696979964784209,0.091402702079098688,-8.1999999999999993,
1481,14.81,-0.56873324553588844,0.096340789518940789,-8.1999999999999993,
1482,14.82,-0.5677554158252468,0.08924188494101272,-8.1999999999999993,
1483,14.83,-0.56687184032052218,0.075646033953019776,-8.1999999999999993,
1484,14.84,-0.56625361928523787,0.033314083260257088,-8.1999999999999993,
1485,14.85,-0.56610395224614163,-2.8567095823850665e-19,5.5511151231257827e-16,
1486,14.859999999999999,-0.56598920970223821,-1.1067813332488186e-17,-3.3306690738754696e-16,
1487,14.870000000000001,-0.56577641051672145,0.014240449640474074,-8.1999999999999993,
1488,14.880000000000001,-0.56555729497618545,0.030435904188111325,-7.8460700365822271,
1489,14.890000000000001,-0.56525444215278564,0.01719824453586315,-8.1999999999999993,
1490,14.9,-0.564971990491828,0.054006537734592838,-1.4215203793455922,
1491,14.91,-0.56426814597137054,0.059565127654517429,-8.1999999999999993,
1492,14.92,-0.56366538797821797,0.05034439766546249,-8.1999999999999993,
1493,14.93,-0.5634024807319894,1.6687762283140728e-17,-3.3306690738754696e-16,
1494,14.94,-0.56363367238884088,-0.019560847942191251,8.1999999999999993,
1495,14.950000000000001,-0.56393568765535784,-0.05319940791286993,2.6596279970618961,
1496,14.960000000000001,-0.56465184100646137,-0.069143395558585341,8.1999999999999993,
1497,14.970000000000001,-0.56539438017037014,-0.074225663897396474,8.1999999999999993,
1498,14.98,-0.56601212955314306,-0.034535243638170704,8.1999999999999993,
1499,14.99,-0.56602064701428312,0.0034659707594271757,-5.2657161028123589,
1500,15,-0.56581844661465586,0.031519388308375362,-7.6192019219325502,
1501,15.01,-0.56538121697437593,0.065327213453324429,-3.4314336774764338,
1502,15.02,-0.56449190257031878,0.11031806045010963,-4.4800226589776022,
1503,15.030000000000001,-0.56321787713187488,0.13257190948305281,-8.1999999999999993,
1504,15.040000000000001,-0.56182096292737105,0.1460843772687086,-8.1999999999999993,
1505,15.050000000000001,-0.56031383040160276,0.14937919900645524,-8.1999999999999993,
1506,15.06,-0.55882301015346847,0.13735706712920362,-8.1999999999999993,
1507,15.07,-0.55754080974760589,0.10438438387788899,-8.1999999999999993,
1508,15.08,-0.55665872381909531,0.057703767853438601,-8.1999999999999993,
1509,15.09,-0.55619410842039418,0.020404867244776477,-8.1999999999999993,
1510,15.1,-0.55588390884295225,0.053855523177414752,-2.728620797653007,
1511,15.109999999999999,-0.55520861549359279,0.056619417371508003,-8.1999999999999993,
1512,15.120000000000001,-0.55454290620646118,0.085540446870715686,-4.2768491217269471,
1513,15.130000000000001,-0.55351947178862326,0.10517548583023231,-8.1999999999999993,
1514,15.140000000000001,-0.55239271401959,0.12052486216924269,-8.0556140852296654,
1515,15.15,-0.55111492303411569,0.13308799130850799,-8.1999999999999993,
1516,15.16,-0.54977085583266339,0.12562534325569005,-8.1999999999999993,
1517,15.17,-0.54853283697531885,0.10958918284620421,-8.1999999999999993,
1518,15.18,-0.54749522895408986,0.08387431967561014,-8.1999999999999993,
1519,15.19,-0.54669075469436745,0.063831664928718515,-8.1999999999999993,
1520,15.200000000000001,-0.54599692133744682,0.070618439643516467,-8.1999999999999993,
1521,15.210000000000001,-0.54524213570029745,0.074762439546604095,-8.1999999999999993,
1522,15.220000000000001,-0.54444651122524212,0.078684124357330049,-8.1999999999999993,
1523,15.23,-0.54359615472109013,0.088754284198166652,-8.1999999999999993,
1524,15.24,-0.54265528692124843,0.09468565898848344,-8.1999999999999993,
1525,15.25,-0.54162037250270434,0.11682139068680772,-6.2897945607729637,
1526,15.26,-0.5403684870818749,0.12005948764123361,-8.1999999999999993,
1527,15.27,-0.53916057967477826,0.11089738658857852,-8.1999999999999993,
1528,15.280000000000001,-0.53806465851131602,0.096197492489960984,-8.1999999999999993,
1529,15.290000000000001,-0.53751268358641646,0.014197492489960989,-8.1999999999999993,
1530,15.300000000000001,-0.53725096132818351,0.062577492489960987,8.1999999999999993,
1531,15.31,-0.53625915128751422,0.11193163170402144,-7.9606585969605943,
1532,15.32,-0.53523195976118076,0.078202826703153289,-8.1999999999999993,
1533,15.33,-0.53438381898138332,0.089401460654031276,-8.1999999999999993,
1534,15.34,-0.53340785411958846,0.10826508785890784,-7.1665540171174174,
1535,15.35,-0.53224341271858133,0.11662529026989471,-8.1999999999999993,
1536,15.359999999999999,-0.53105642639108441,0.11142462149258589,-8.1999999999999993,
1537,15.370000000000001,-0.52989791471205627,0.1139893710027271,-8.1999999999999993,
1538,15.380000000000001,-0.52873233676611486,0.11032610571300819,-8.1999999999999993,
1539,15.390000000000001,-0.52757545402991668,0.11637227377492382,-8.1999999999999993,
1540,15.4,-0.52640543798733475,0.10692041403062189,-8.1999999999999993,
1541,15.41,-0.52533906595194146,0.094936207408305676,-8.1999999999999993,
1542,15.42,-0.52442026885127935,0.075802517217260071,-8.1999999999999993,
1543,15.43,-0.52377161606442513,0.039117474104647831,-8.1999999999999993,
1544,15.44,-0.5233335251735769,0.042641095667401818,-8.1999999999999993,
1545,15.450000000000001,-0.52283659686921657,0.055836221134650747,-8.1999999999999993,
1546,15.460000000000001,-0.52223384300097186,0.058446164834267005,-8.1999999999999993,
1547,15.470000000000001,-0.5216034286124791,0.061618925114530737,-8.1999999999999993,
1548,15.48,-0.52098287425897971,0.051622825186653391,-8.1999999999999993,
1549,15.49,-0.52050571667153778,0.030415930835980765,-8.1999999999999993,
1550,15.5,-0.52019975569045984,0.019704057157373892,-8.1999999999999993,
1551,15.51,-0.51993557936576351,0.031356796197981214,-8.1999999999999993,
1552,15.52,-0.51956418922553771,0.03906276328344687,-8.1999999999999993,
1553,15.530000000000001,-0.51924730749912729,0.0098816698545173762,-8.1999999999999993,
1554,15.540000000000001,-0.51930846334786107,-1.6205220751746982e-20,3.6082248300317588e-16,
1555,15.550000000000001,-0.51934174584592174,8.1483951068936211e-19,-6.9388939039072284e-18,
1556,15.56,-0.51923268197642813,-7.5983663805345715e-18,-3.3306690738754696e-16,
1557,15.57,-0.51919403909672124,-9.5774696722006461e-20,0,
1558,15.58,-0.51911019448152007,-7.9903711814009881e-19,-1.0906062408527646e-16,
1559,15.59,-0.51882492344305309,0.039744063947708151,-8.1999999999999993,
1560,15.6,-0.5183402762396554,0.061411881029801579,-6.4183946910477339,
1561,15.610000000000001,-0.51767021952353676,0.057183231521400771,-8.1999999999999993,
1562,15.620000000000001,-0.517041525237391,0.064503862877432566,-8.1999999999999993,
1563,15.630000000000001,-0.51637967542041308,0.058115829984876896,-8.1999999999999993,
1564,15.640000000000001,-0.51576206191932972,0.057965284969291708,-8.1999999999999993,
1565,15.65,-0.51530717203039822,0.018224951688119048,-8.1999999999999993,
1566,15.66,-0.5154014547970216,-0.0022844283504286056,4.2749768190516324,
1567,15.67,-0.51564193528251323,-0.046794248091962407,3.8123434612840623,
1568,15.68,-0.51614695075509298,-0.029940682423558528,8.1999999999999993,
1569,15.69,-0.51650522621234896,-0.038070797492920951,8.1999999999999993,
1570,15.700000000000001,-0.51692920659939334,-0.040281443126421755,8.1999999999999993,
1571,15.710000000000001,-0.51708549278937666,3.0516233671860837e-19,6.9388939039072284e-18,
1572,15.720000000000001,-0.51714109867190416,-7.2525392092217154e-18,1.3322676295501878e-15,
1573,15.73,-0.51721866433503427,-1.3106920352750655e-18,-1.0408340855860843e-16,
1574,15.74,-0.51728175374867857,-1.0611138114867516e-17,-6.6613381477509392e-16,
1575,15.75,-0.51740645788635309,-2.6166946348577549e-05,0.45753204345552084,
1576,15.76,-0.51752958235201674,-6.5454541222458249e-05,0.72362720359289734,
1577,15.77,-0.51769524953794077,-0.0045720135210767709,6.0478184635961236,
1578,15.780000000000001,-0.51785004149300207,-0.014733339498092029,8.1999999999999993,
1579,15.790000000000001,-0.51811593847387993,-0.060180667205720718,-3.3563053008090415,
1580,15.800000000000001,-0.51891995975672511,-0.0649815621402587,8.1999999999999993,
1581,15.81,-0.51965784526083592,-0.087123949454468941,6.2879571191496177,
1582,15.82,-0.52060725352393311,-0.088661068879028512,8.1999999999999993,
1583,15.83,-0.52152667440823031,-0.08729400879132021,8.1999999999999993,
1584,15.84,-0.52242759387580118,-0.084359091396601957,8.1999999999999993,
1585,15.85,-0.52320701572878925,-0.057308720525887098,8.1999999999999993,
1586,15.860000000000001,-0.52381499049820135,-0.05663128178542462,8.1999999999999993,
1587,15.870000000000001,-0.52443602010344426,-0.063103838846824009,8.1999999999999993,
1588,15.880000000000001,-0.52509915858988165,-0.06150323074114622,8.1999999999999993,
1589,15.890000000000001,-0.52581533736368224,-0.091484848992144902,3.9320671771965814,
1590,15.9,-0.52689182637429377,-0.10666269198623746,8.1999999999999993,
1591,15.91,-0.52805801973079569,-0.13561664322449285,4.2662901495977152,
1592,15.92,-0.52955400739364356,-0.14550962142129331,8.1999999999999993,
1593,15.93,-0.53107829556219699,-0.15809229892874238,8.1999999999999993,
1594,15.94,-0.53268652006983908,-0.15494119571949211,8.1999999999999993,
1595,15.950000000000001,-0.53423061268331407,-0.14228498618762925,8.1999999999999993,
1596,15.960000000000001,-0.53565354510907637,-0.13109791219085998,8.1999999999999993,
1597,15.970000000000001,-0.53697371377937209,-0.12247328770389147,8.1999999999999993,
1598,15.98,-0.53819033499442848,-0.1090713573922784,8.1999999999999993,
1599,15.99,-0.53929987971893611,-0.10329156916510099,8.1999999999999993,
1600,16,-0.54035938852025645,-0.099915502826509531,8.1999999999999993,
1601,16.010000000000002,-0.54138543790921945,-0.096634982415781126,8.1999999999999993,
1602,16.02,-0.54240539575819924,-0.10267586119392369,8.1999999999999993,
1603,16.030000000000001,-0.54350521098048876,-0.11707516696154423,8.1999999999999993,
1604,16.039999999999999,-0.54470884755382076,-0.11573274185879738,8.1999999999999993,
1605,16.050000000000001,-0.54596593480625333,-0.14481100107895875,4.2263400178294344,
1606,16.059999999999999,-0.54756245583670349,-0.15723034394995289,8.1999999999999993,
1607,16.07,-0.54873424165051676,-0.076228438543978982,8.1999999999999993,
1608,16.080000000000002,-0.54961627336928986,-0.12460843854397899,-8.1999999999999993,
1609,16.09,-0.55126832822313199,-0.19997212018177624,-0.91367397808594264,
1610,16.100000000000001,-0.55332271260032928,-0.17924347159586418,8.1999999999999993,
1611,16.109999999999999,-0.55504171820726511,-0.1501320429077698,8.1999999999999993,
1612,16.120000000000001,-0.55652440460856156,-0.133993746813477,8.1999999999999993,
1613,16.129999999999999,-0.55791183919148113,-0.13773028105359125,8.1999999999999993,
1614,16.140000000000001,-0.55933967647638305,-0.14259690792770646,8.1999999999999993,
1615,16.149999999999999,-0.56086557946652671,-0.17178740015371299,4.1901598937200069,
1616,16.16,-0.56273647956714046,-0.18552959789134732,8.1999999999999993,
1617,16.170000000000002,-0.56469023695833775,-0.21378074003444159,4.4897936490411805,
1618,16.18,-0.56695846247222137,-0.22189845832433938,8.1999999999999993,
1619,16.190000000000001,-0.56924719144790947,-0.23473512803845978,8.1999999999999993,
1620,16.199999999999999,-0.5715916956609236,-0.22274685649001805,8.1999999999999993,
1621,16.210000000000001,-0.57375276319036506,-0.19519526702463241,8.1999999999999993,
1622,16.219999999999999,-0.57555919388341248,-0.15149370239631743,8.1999999999999993,
1623,16.23,-0.57695596628843548,-0.1130504115779933,8.1999999999999993,
1624,16.240000000000002,-0.57802201040202461,-0.085934543732439098,8.1999999999999993,
1625,16.25,-0.57893753641452128,-0.092983906980095815,8.1999999999999993,
1626,16.260000000000002,-0.57994800486809628,-0.11116381794960264,7.3435102934937273,
1627,16.27,-0.58115211595471428,-0.12533979961068201,8.1999999999999993,
1628,16.280000000000001,-0.58245291737062899,-0.12904192779141904,8.1999999999999993,
1629,16.289999999999999,-0.58369364573062066,-0.1053143815977448,8.1999999999999993,
1630,16.300000000000001,-0.5846930173963103,-0.080637304560704101,8.1999999999999993,
1631,16.309999999999999,-0.58533380130948987,-0.033268181350490887,8.1999999999999993,
1632,16.32,-0.58557699710500022,-0.0023960600340948799,4.3781823023669322,
1633,16.330000000000002,-0.58579473131994042,-0.034381412126215198,7.3533441173099723,
1634,16.34,-0.5862157318573149,-0.042475536584426793,8.1999999999999993,
1635,16.350000000000001,-0.58672610794123392,-0.063282391084071077,6.6521097492189885,
1636,16.359999999999999,-0.58738316089846465,-0.051740462046060892,8.1999999999999993,
1637,16.370000000000001,-0.58791419125601363,-0.044406727442279317,8.1999999999999993,
1638,16.379999999999999,-0.58835471618121338,-0.032229866109167643,8.1999999999999993,
1639,16.390000000000001,-0.58872321567719721,-0.03549271842078696,8.1999999999999993,
1640,16.399999999999999,-0.58893950880305901,-7.5487897949625654e-06,0.24574441674165454,
1641,16.41,-0.58893565581627294,1.219195499368061e-19,9.540979117872439e-17,
1642,16.420000000000002,-0.58898303692943843,-3.7842815502974872e-19,-2.1649348980190553e-15,
1643,16.43,-0.58876407155652211,0.015969383285931806,-8.1999999999999993,
1644,16.440000000000001,-0.58849535844119327,0.051601500810864107,-1.8986662386941757,
1645,16.449999999999999,-0.58794678671905021,0.030440913969409285,-8.1999999999999993,
1646,16.460000000000001,-0.58758256344787363,0.038958138258519133,-8.1999999999999993,
1647,16.469999999999999,-0.58715086744539524,0.040759335488333846,-8.1999999999999993,
1648,16.48,-0.58677896393221518,0.02037052213974145,-8.1999999999999993,
1649,16.490000000000002,-0.58660051600293628,0.0035331653671700335,-5.3165141716504731,
1650,16.5,-0.58665700994459336,1.0050590658460753e-18,2.8449465006019636e-16,
1651,16.510000000000002,-0.58675028988315292,3.4824607352781268e-18,1.6653345369377348e-16,
1652,16.52,-0.58694200137918284,-0.0086747499731178491,8.1999999999999993,
1653,16.530000000000001,-0.58708811166144992,-0.017006714655275,8.1999999999999993,
1654,16.539999999999999,-0.58716493989917473,1.3253670032819044e-18,-3.4000580129145419e-16,
1655,16.550000000000001,-0.58719611942082584,5.3938207929012686e-19,-6.9388939039072284e-18,
1656,16.559999999999999,-0.58731980325420718,-1.3926710607352531e-05,0.33378688539073587,
1657,16.57,-0.58759522225745786,-0.037294049939492202,8.1999999999999993,
1658,16.580000000000002,-0.58802919514015572,-0.046315668015598284,8.1999999999999993,
1659,16.59,-0.58854348055194228,-0.051406847258750998,8.1999999999999993,
1660,16.600000000000001,-0.58906912903921183,-0.043474149592654179,8.1999999999999993,
1661,16.609999999999999,-0.58928122493631752,-6.2794214272798845e-18,3.3306690738754696e-16,
1662,16.620000000000001,-0.58900245909217286,0.036726907489109534,-8.1999999999999993,
1663,16.629999999999999,-0.58859809823336684,0.036791962724683741,-8.1999999999999993,
1664,16.640000000000001,-0.58816725121843361,0.046611282182330953,-8.1999999999999993,
1665,16.649999999999999,-0.58772994262610645,0.027913086336193688,-8.1999999999999993,
1666,16.66,-0.58749092348033038,0.0065669337360989696,-7.2481356146799421,
1667,16.670000000000002,-0.58734382217671643,0.01543023190478054,-8.1999999999999993,
1668,16.68,-0.58725391018882456,-3.4905041976906317e-18,-2.9837243786801082e-16,
1669,16.690000000000001,-0.58728761430932974,1.7276359196812629e-18,2.0816681711721685e-17,
1670,16.699999999999999,-0.58749746729347907,-0.013431904557375446,8.1999999999999993,
1671,16.710000000000001,-0.58771641605674285,-0.033707513323342396,6.7945033219598345,
1672,16.719999999999999,-0.58810381672091483,-0.029687908887411373,8.1999999999999993,
1673,16.73,-0.5885039555860454,-0.061090879137192439,3.4540223957975762,
1674,16.740000000000002,-0.58930015757003951,-0.081774913194175236,8.1999999999999993,
1675,16.75,-0.59020809679206754,-0.10510150666674287,5.9572332120177709,
1676,16.760000000000002,-0.59135363780254646,-0.10986820796657126,8.1999999999999993,
1677,16.77,-0.59250131582465315,-0.11415878193338612,8.1999999999999993,
1678,16.780000000000001,-0.59367148624132315,-0.11141701350370847,8.1999999999999993,
1679,16.789999999999999,-0.59477059368122021,-0.096196276968298897,8.1999999999999993,
1680,16.800000000000001,-0.59567727346252586,-0.071170297260493134,8.1999999999999993,
1681,16.809999999999999,-0.59637060701236722,-0.055099644019060631,8.1999999999999993,
1682,16.82,-0.59694167654525532,-0.049697240209642779,8.1999999999999993,
1683,16.830000000000002,-0.59753068249914942,-0.074076680983032897,5.6565678944275053,
1684,16.84,-0.59839656594505986,-0.087307440613460477,8.1999999999999993,
1685,16.850000000000001,-0.59935887386776032,-0.11009636592178773,6.1083401390022161,
1686,16.859999999999999,-0.60058859467677328,-0.1283611167797771,8.1999999999999993,
1687,16.870000000000001,-0.60194911791544847,-0.14465687430458279,7.8210467760865887,
1688,16.879999999999999,-0.60344656803157559,-0.14678468453836976,8.1999999999999993,
1689,16.890000000000001,-0.60450441487695927,-0.064784684538369774,8.1999999999999993,
1690,16.899999999999999,-0.60527200905567624,-0.11316468453836978,-8.1999999999999993,
1691,16.91,-0.60680769273545387,-0.18654663971211149,0.10327396934885907,
1692,16.920000000000002,-0.6087355541365963,-0.16831228158069406,8.1999999999999993,
1693,16.93,-0.61043477063435692,-0.16170981499433792,8.1999999999999993,
1694,16.940000000000001,-0.61209644823538956,-0.16438709730406645,8.1999999999999993,
1695,16.949999999999999,-0.61379685387524441,-0.1715772037803856,8.1999999999999993,
1696,16.960000000000001,-0.61558308871646217,-0.18474691482921582,8.1999999999999993,
1697,16.969999999999999,-0.61749631676486738,-0.19578990267923055,8.1999999999999993,
1698,16.98,-0.6194965918062364,-0.19768322585795894,8.1999999999999993,
1699,16.990000000000002,-0.62106342406481596,-0.11568322585795895,8.1999999999999993,
1700,17,-0.62234000365672892,-0.16406322585795896,-8.1999999999999993,
1701,17.010000000000002,-0.62414320262741674,-0.15809139110659035,8.1999999999999993,
1702,17.02,-0.62562155811860465,-0.12279332048778104,8.1999999999999993,
1703,17.030000000000001,-0.62671978873635192,-0.082094246131023674,8.1999999999999993,
1704,17.039999999999999,-0.62751026631056939,-0.062985251569279643,8.1999999999999993,
1705,17.050000000000001,-0.6281125736342239,-0.044599824867438367,8.1999999999999993,
1706,17.059999999999999,-0.6286394314808138,-0.062898339954671201,7.3129584316511744,
1707,17.07,-0.62925551830076221,-0.044776674883626494,8.1999999999999993,
1708,17.080000000000002,-0.62977096890336948,-0.056674980894582158,8.1999999999999993,
1709,17.09,-0.6303397354297432,-0.046022819589367048,8.1999999999999993,
1710,17.100000000000001,-0.63081406432908382,-0.038829072847339961,8.1999999999999993,
1711,17.109999999999999,-0.63113745516013675,-0.011614268052429681,8.1999999999999993,
1712,17.120000000000001,-0.63137215216115272,-0.057046312616512426,-3.3437006386201689,
1713,17.129999999999999,-0.63188147557201058,-0.017077873731410145,8.1999999999999993,
1714,17.140000000000001,-0.63210426785819374,-0.022505574641711254,8.1999999999999993,
1715,17.150000000000002,-0.63216938484630347,-1.6598375379843912e-18,-1.3877787807814457e-17,
1716,17.16,-0.63237277585094442,-0.011695476729518418,8.1999999999999993,
1717,17.170000000000002,-0.63256265671602707,-0.026031851884828656,8.1999999999999993,
1718,17.18,-0.63291720186646727,-0.05169476827960591,5.2809743283555726,
1719,17.190000000000001,-0.63351696941269853,-0.049817109623161271,8.1999999999999993,
1720,17.199999999999999,-0.63409636133343128,-0.068302198094223929,7.264775854550841,
1721,17.210000000000001,-0.63479457127437189,-0.056915513185387914,8.1999999999999993,
1722,17.219999999999999,-0.63541017832955682,-0.060269728186733679,8.1999999999999993,
1723,17.23,-0.63599710511436514,-0.044866347189566745,8.1999999999999993,
1724,17.240000000000002,-0.63652511315224736,-0.062388550723746279,7.5118544967347418,
1725,17.25,-0.63710273147691165,-0.037261163132116117,8.1999999999999993,
1726,17.260000000000002,-0.63747771687448085,-0.026708278703628067,8.1999999999999993,
1727,17.27,-0.63767760670644869,-0.0015166004982654453,3.4832174761452315,
1728,17.280000000000001,-0.63771455359637241,-1.755936680700647e-18,-2.5673907444456745e-16,
1729,17.289999999999999,-0.63764574699670196,1.3490061275026827e-19,1.3877787807814457e-16,
1730,17.300000000000001,-0.63784869670224242,-0.011578666735201226,8.1999999999999993,
1731,17.309999999999999,-0.63803647663738861,-0.025468592563780888,8.1999999999999993,
1732,17.32,-0.63838395352810096,-0.0502873374226014,5.5291675322808942,
1733,17.330000000000002,-0.6387469978434136,-0.0045079352456183696,6.0052878336468511,
1734,17.34,-0.63882372207817317,2.3941959526041502e-18,3.3306690738754696e-16,
1735,17.350000000000001,-0.63864882842103199,0.0049845474731425145,-6.3147747216460646,
1736,17.359999999999999,-0.63851671351716788,0.0079329729144909916,-7.9664159642795429,
1737,17.370000000000001,-0.63832042231658359,0.044809893699273698,-1.7815644360804419,
1738,17.379999999999999,-0.63812697291571119,-3.3880951961888403e-18,5.5511151231257827e-17,
1739,17.390000000000001,-0.63812391908931843,-2.8144406799395558e-18,5.282523262056133e-17,
1740,17.400000000000002,-0.63830443941735771,-0.0060884182953768271,6.9790648630754726,
1741,17.41,-0.63843663849198773,-0.0094837426265176536,8.1999999999999993,
1742,17.420000000000002,-0.63859823959126916,-0.020970709069146651,8.1999999999999993,
1743,17.43,-0.63859195005936242,-1.8771579084476123e-19,-6.2450045135165055e-17,
1744,17.440000000000001,-0.63851791274711833,-2.1317058789914505e-18,-4.4513729550576798e-16,
1745,17.449999999999999,-0.63830204697118076,0.015093901868606955,-8.1999999999999993,
1746,17.460000000000001,-0.63813610214700234,0.0081695661776795374,-8.0843385271422363,
1747,17.469999999999999,-0.63793736560941772,0.047925631771567855,-0.33063854481740762,
1748,17.48,-0.63757449326110416,0.0029072610545891461,-4.8226640393783597,
1749,17.490000000000002,-0.6373874378080816,0.022589343678289027,-8.1999999999999993,
1750,17.5,-0.63730414829845461,1.3598613933783683e-18,8.3266726846886741e-17,
1751,17.510000000000002,-0.63721260818436909,3.9271853938927935e-17,4.9960036108132044e-16,
1752,17.52,-0.63733823993645433,-4.056548503988534e-05,0.56966997491450544,
1753,17.530000000000001,-0.63734732763187774,4.0852116149199006e-19,-6.9388939039072284e-17,
1754,17.539999999999999,-0.63712024239337839,0.018328553483558489,-8.1999999999999993,
1755,17.550000000000001,-0.63697987991905447,0.00047599392672004003,-1.9513972977741811,
1756,17.559999999999999,-0.63673167235535322,0.034687827445885423,-8.1999999999999993,
1757,17.57,-0.6364384357620636,0.01004094558582517,-8.1999999999999993,
1758,17.580000000000002,-0.63622669348112226,0.047578930794950181,-1.1132227680325513,
1759,17.59,-0.63564681529403033,0.038881223345448211,-8.1999999999999993,
1760,17.600000000000001,-0.63517921765046381,0.056119374350708379,-7.584004306826535,
1761,17.609999999999999,-0.63455670860573155,0.060189550427920686,-8.1999999999999993,
1762,17.620000000000001,-0.63388650680138137,0.072368752678786619,-8.1999999999999993,
1763,17.629999999999999,-0.63310412546695538,0.080427697267671391,-8.1999999999999993,
1764,17.640000000000001,-0.63222846017597334,0.094031159780718271,-8.1999999999999993,
1765,17.650000000000002,-0.63124161588860517,0.097414802345908755,-8.1999999999999993,
1766,17.66,-0.63023002550506491,0.097599003884435348,-8.1999999999999993,
1767,17.670000000000002,-0.62926203635499955,0.084226485296501161,-8.1999999999999993,
1768,17.68,-0.62837993665542191,0.085231793412444995,-8.1999999999999993,
1769,17.690000000000001,-0.62750766320740714,0.079793547952373131,-8.1999999999999993,
1770,17.699999999999999,-0.62671681475692942,0.066664207582761037,-8.1999999999999993,
1771,17.710000000000001,-0.62610020354211016,0.042857174577142963,-8.1999999999999993,
1772,17.719999999999999,-0.62561108282420019,0.051677875874347273,-8.1999999999999993,
1773,17.73,-0.6250791751546666,0.044788389481908455,-8.1999999999999993,
1774,17.740000000000002,-0.62454166168701419,0.06779923739886827,-6.0461649809456297,
1775,17.75,-0.62382167545787415,0.058395139424531055,-8.1999999999999993,
1776,17.760000000000002,-0.62315155194182992,0.07949980986572118,-6.5716836031130548,
1777,17.77,-0.62231174662337574,0.072934074039998437,-8.1999999999999993,
1778,17.780000000000001,-0.621535531523007,0.076442419367769451,-8.1999999999999993,
1779,17.789999999999999,-0.62080479785163944,0.056541077099112359,-8.1999999999999993,
1780,17.800000000000001,-0.62018838055365044,0.061585983762774382,-8.1999999999999993,
1781,17.809999999999999,-0.61961101054302781,0.040519087694196383,-8.1999999999999993,
1782,17.82,-0.61910389302751634,0.071018823861155531,-3.7600213488240413,
1783,17.830000000000002,-0.61833544724466005,0.058456250031220146,-8.1999999999999993,
1784,17.84,-0.61766129598259134,0.081444185471439209,-6.052596832796735,
1785,17.850000000000001,-0.61681232825459131,0.070233338889195765,-8.1999999999999993,
1786,17.859999999999999,-0.61602123973748346,0.092755484422139267,-6.1827269923492576,
1787,17.870000000000001,-0.61501724072171515,0.093228687962447154,-8.1999999999999993,
1788,17.879999999999999,-0.61401317845843673,0.10701516521396832,-8.1999999999999993,
1789,17.890000000000001,-0.612918429787629,0.10301041373334086,-8.1999999999999993,
1790,17.900000000000002,-0.61183795443878886,0.10781555099600117,-8.1999999999999993,
1791,17.91,-0.61075656333634953,0.097502987866771779,-8.1999999999999993,
1792,17.920000000000002,-0.60974940930121846,0.095910274632376377,-8.1999999999999993,
1793,17.93,-0.60881308143527835,0.078720391911327528,-8.1999999999999993,
1794,17.940000000000001,-0.60796500709704349,0.08767457989921304,-8.1999999999999993,
1795,17.949999999999999,-0.60705492779945835,0.086480336121338222,-8.1999999999999993,
1796,17.960000000000001,-0.60610219963069967,0.10854267645497548,-6.3100405695815303,
1797,17.969999999999999,-0.60492338343870933,0.11503512837752393,-8.1999999999999993,
1798,17.98,-0.60374066350815181,0.11352271627362275,-8.1999999999999993,
1799,17.990000000000002,-0.60257556382803368,0.11119644614972689,-8.1999999999999993,
1800,18,-0.60144753023327358,0.10458665774337741,-8.1999999999999993,
1801,18.010000000000002,-0.60040557834808772,0.092309042345651529,-8.1999999999999993,
1802,18.02,-0.59948881832414813,0.079381771128015782,-8.1999999999999993,
1803,18.030000000000001,-0.59868089574656147,0.072189252873517948,-8.1999999999999993,
1804,18.039999999999999,-0.59796626429691824,0.059013523698910914,-8.1999999999999993,
1805,18.050000000000001,-0.59738485297737953,0.045449283511706635,-8.1999999999999993,
1806,18.059999999999999,-0.59687161333962047,0.053529788808452973,-8.1999999999999993,
1807,18.07,-0.59629817263539175,0.053952932880772998,-8.1999999999999993,
1808,18.080000000000002,-0.5956720563825002,0.075282715706905701,-6.5105994912151157,
1809,18.09,-0.59480727594251015,0.090053469460437227,-8.1999999999999993,
1810,18.100000000000001,-0.59386908543278694,0.090310360000427081,-8.1999999999999993,
1811,18.109999999999999,-0.59290585251994909,0.098957465076280962,-8.1999999999999993,
1812,18.120000000000001,-0.59191754179490863,0.087400822163226116,-8.1999999999999993,
1813,18.129999999999999,-0.5910181236623816,0.083651182584082204,-8.1999999999999993,
1814,18.140000000000001,-0.59016791034971905,0.076339750278488938,-8.1999999999999993,
1815,18.150000000000002,-0.58936038611974306,0.078854864492790319,-8.1999999999999993,
1816,18.16,-0.58853571643160818,0.078591528024063995,-8.1999999999999993,
1817,18.170000000000002,-0.58767170330222018,0.095482161799585588,-7.67182818064218,
1818,18.18,-0.58666007392900654,0.098605788334780786,-8.1999999999999993,
1819,18.190000000000001,-0.585602614917202,0.11221529241335705,-8.1999999999999993,
1820,18.199999999999999,-0.584428615455029,0.11757927269622311,-8.1999999999999993,
1821,18.210000000000001,-0.5831875490265781,0.12840974551982295,-8.1999999999999993,
1822,18.219999999999999,-0.5818902463686848,0.12095235883664542,-8.1999999999999993,
1823,18.23,-0.58067569777060568,0.11114194655573059,-8.1999999999999993,
1824,18.240000000000002,-0.57956634475490765,0.099366115953976639,-8.1999999999999993,
1825,18.25,-0.57855337746348245,0.093730347199296654,-8.1999999999999993,
1826,18.260000000000002,-0.57757893035399499,0.093813006794453299,-8.1999999999999993,
1827,18.27,-0.57658082880228956,0.10239502025436223,-8.1999999999999993,
1828,18.280000000000001,-0.57548531924766322,0.11607923302178164,-8.1999999999999993,
1829,18.289999999999999,-0.57424314134730137,0.13464960602920792,-7.242701057152849,
1830,18.300000000000001,-0.57278474753478847,0.15702725533284334,-7.243503152792985,
1831,18.309999999999999,-0.57109414174402928,0.18396372150401313,-6.0128984025185694,
1832,18.32,-0.56910259137356611,0.21241231323371154,-6.8467533096710911,
1833,18.330000000000002,-0.5668475488052539,0.23993866919695889,-6.2701198036479093,
1834,18.34,-0.56432283707575659,0.2582023564551375,-8.1999999999999993,
1835,18.350000000000001,-0.56165990483914163,0.27652618430298964,-7.3064301893499346,
1836,18.359999999999999,-0.55881550232409094,0.28498551550980672,-8.1999999999999993,
1837,18.370000000000001,-0.55589912701621447,0.29636438865038645,-8.1999999999999993,
1838,18.379999999999999,-0.55286738212927344,0.3084507034466622,-8.1999999999999993,
1839,18.390000000000001,-0.54970385358990981,0.32580863250687331,-7.5536207748666886,
1840,18.400000000000002,-0.54634920939855292,0.34414942946438665,-7.9584979754178251,
1841,18.41,-0.54281883272599918,0.36353103501778694,-7.2870945871462771,
1842,18.420000000000002,-0.5390818773164231,0.38130698606576946,-8.1999999999999993,
1843,18.43,-0.53518716709023395,0.4000095008672781,-7.2084354036330085,
1844,18.440000000000001,-0.53108993746739031,0.41490328444982111,-8.1999999999999993,
1845,18.449999999999999,-0.52685835590326879,0.43407930694891805,-7.0850194637502657,
1846,18.460000000000001,-0.52241823329995585,0.44873829932452142,-8.1999999999999993,
1847,18.469999999999999,-0.51787388929806943,0.45609850755798104,-8.1999999999999993,
1848,18.48,-0.51326519460819409,0.45991317292327388,-8.1999999999999993,
1849,18.490000000000002,-0.50862043163266812,0.46296945372919746,-8.1999999999999993,
1850,18.5,-0.50397550355711795,0.45611102195268677,-8.1999999999999993,
1851,18.510000000000002,-0.49942006021506463,0.44336150386910417,-8.1999999999999993,
1852,18.52,-0.49504414857739865,0.41777945903432651,-8.1999999999999993,
1853,18.530000000000001,-0.49094470570599169,0.38759169841140423,-8.1999999999999993,
1854,18.539999999999999,-0.48714034277981433,0.35889373062835017,-8.1999999999999993,
1855,18.550000000000001,-0.48360829518520032,0.3334982281714447,-8.1999999999999993,
1856,18.559999999999999,-0.48034886446907732,0.3039211120076819,-8.1999999999999993,
1857,18.57,-0.47736846523446286,0.27808558000244937,-8.1999999999999993,
1858,18.580000000000002,-0.47461175465857908,0.26055053915845028,-8.1999999999999993,
1859,18.59,-0.47201178852662767,0.24783526834337666,-8.1999999999999993,
1860,18.600000000000001,-0.46952608127214651,0.23868515040811111,-8.1999999999999993,
1861,18.609999999999999,-0.46715577072934467,0.22308340339776911,-8.1999999999999993,
1862,18.620000000000001,-0.46490136051564324,0.21876002869498626,-8.1999999999999993,
1863,18.629999999999999,-0.46267492851946695,0.21941933782221512,-8.1999999999999993,
1864,18.640000000000001,-0.46040430340971455,0.23547568723680015,-7.8807090852151056,
1865,18.650000000000002,-0.45797603133677744,0.24670040944104701,-8.1999999999999993,
1866,18.66,-0.45549757991892764,0.23872908122965505,-8.1999999999999993,
1867,18.670000000000002,-0.45306697935595663,0.24095299194688424,-8.1999999999999993,
1868,18.68,-0.45059282191512018,0.2515022941058096,-8.1999999999999993,
1869,18.690000000000001,-0.44800931268587707,0.26376312817508474,-8.1999999999999993,
1870,18.699999999999999,-0.44529348338513036,0.28070427159218908,-7.6590936898413355,
1871,18.710000000000001,-0.44239033157458851,0.30007810331096679,-7.5955213141767759,
1872,18.719999999999999,-0.43928563514423152,0.3227088126439791,-6.8151867037772389,
1873,18.73,-0.43593891933318146,0.34395488245451211,-7.9423545298214631,
1874,18.740000000000002,-0.43239630828920061,0.37095563598882858,-5.1947139558491742,
1875,18.75,-0.42852109322824267,0.39732183580557329,-8.0988355261049776,
1876,18.760000000000002,-0.42444113561049207,0.42926869466005374,-3.4091812655817693,
1877,18.77,-0.41993086083362352,0.46364526733044703,-7.4912182120993736,
1878,18.780000000000001,-0.41518652813624607,0.48704315941835424,-6.7198704524209303,
1879,18.789999999999999,-0.41020319521263066,0.50412191265584583,-8.1999999999999993,
1880,18.800000000000001,-0.40510526473372965,0.51138242769839859,-8.1999999999999993,
1881,18.809999999999999,-0.39994852440956064,0.51346666058812918,-8.1999999999999993,
1882,18.82,-0.39475087171533896,0.52331095373804515,-8.1999999999999993,
1883,18.830000000000002,-0.38945000381124556,0.53524277172830059,-8.1999999999999993,
1884,18.84,-0.38403421367446972,0.54524755784439805,-8.1999999999999993,
1885,18.850000000000001,-0.37851337402201585,0.55745294281567837,-8.1999999999999993,
1886,18.859999999999999,-0.3728637482544685,0.57284831493349209,-8.0442920146582626,
1887,18.870000000000001,-0.3670614051020849,0.58588843969098281,-8.1999999999999993,
1888,18.879999999999999,-0.36113899082030393,0.59596486053409747,-8.1999999999999993,
1889,18.890000000000001,-0.35512035280403126,0.60414421723773992,-8.1999999999999993,
1890,18.900000000000002,-0.34903284417135333,0.60735825104478391,-8.1999999999999993,
1891,18.91,-0.34291782019827555,0.60892303529460967,-8.1999999999999993,
1892,18.920000000000002,-0.33679463093144241,0.60793612305060241,-8.1999999999999993,
1893,18.93,-0.33111484990303081,0.52703575866757302,-8.1999999999999993,
1894,18.940000000000001,-0.32572474498302179,0.575415758667573,8.1999999999999993,
1895,18.949999999999999,-0.31960502732562246,0.62453515811993188,-8.0186560596471406,
1896,18.960000000000001,-0.31332317185738362,0.62318974733376842,-8.1999999999999993,
1897,18.969999999999999,-0.3074853183792513,0.54289687165709399,-8.1999999999999993,
1898,18.98,-0.30193660232934699,0.59127687165709397,8.1999999999999993,
1899,18.990000000000002,-0.295645686013987,0.64694274298077259,-6.3145798909431461,
1900,19,-0.2891235236916137,0.64138205189563391,-8.1999999999999993,
1901,19.010000000000002,-0.28269880403609438,0.63325140935165292,-8.1999999999999993,
1902,19.02,-0.27637353702719458,0.62007940877141587,-8.1999999999999993,
1903,19.030000000000001,-0.27019374261111045,0.60333875327840014,-8.1999999999999993,
1904,19.039999999999999,-0.26419266804687042,0.58377489994852494,-8.1999999999999993,
1905,19.050000000000001,-0.25839034123946325,0.56345118463112387,-8.1999999999999993,
1906,19.059999999999999,-0.25279571885350521,0.54204732201566852,-8.1999999999999993,
1907,19.07,-0.24740913665828781,0.52209696864731625,-8.1999999999999993,
1908,19.080000000000002,-0.24223217437931255,0.49970924541188511,-8.1999999999999993,
1909,19.09,-0.2372801856708307,0.47706145809678796,-8.1999999999999993,
1910,19.100000000000001,-0.23256700845155817,0.45154036034216494,-8.1999999999999993,
1911,19.109999999999999,-0.22811709354925858,0.42419330177659242,-8.1999999999999993,
1912,19.120000000000001,-0.22395244773229042,0.3942371889603552,-8.1999999999999993,
1913,19.129999999999999,-0.22009973159570673,0.36162630417524638,-8.1999999999999993,
1914,19.140000000000001,-0.2166014704154153,0.32321524721180506,-8.1999999999999993,
1915,19.150000000000002,-0.21349275421195749,0.28373418682762946,-8.1999999999999993,
1916,19.16,-0.21078610382803481,0.24284441306077156,-8.1999999999999993,
1917,19.170000000000002,-0.20847201421619915,0.20515878969970799,-8.1999999999999993,
1918,19.18,-0.20647096526519926,0.18123308944633856,-8.1999999999999993,
1919,19.190000000000001,-0.20467121673078012,0.16665559736277019,-8.1999999999999993,
1920,19.199999999999999,-0.20296698948200798,0.16691775685363602,-8.1999999999999993,
1921,19.210000000000001,-0.20126763532234512,0.16468992928663634,-8.1999999999999993,
1922,19.219999999999999,-0.19958683855244586,0.16368261154897651,-8.1999999999999993,
1923,19.23,-0.1979138623517657,0.1634290675103704,-8.1999999999999993,
1924,19.240000000000002,-0.19627230438558388,0.15425407422014389,-8.1999999999999993,
1925,19.25,-0.1947345220244856,0.14174877796412172,-8.1999999999999993,
1926,19.260000000000002,-0.19332397635148757,0.12865808984453297,-8.1999999999999993,
1927,19.27,-0.19209052609479249,0.10412958135861576,-8.1999999999999993,
1928,19.280000000000001,-0.19104539761039308,0.093984092917032858,-8.1999999999999993,
1929,19.289999999999999,-0.19006029310912839,0.09690752864623868,-8.1999999999999993,
1930,19.300000000000001,-0.1890282918341048,0.10672625305538996,-8.1999999999999993,
1931,19.309999999999999,-0.18789626024643219,0.11733696226900883,-8.1999999999999993,
1932,19.32,-0.18663447144553705,0.13967258073954947,-6.2345090749798198,
1933,19.330000000000002,-0.18510079940036003,0.16299559773435718,-7.9573763899298822,
1934,19.34,-0.18340191571739517,0.1730173537354838,-8.1999999999999993,
1935,19.350000000000001,-0.18162826380825883,0.17530121717756042,-8.1999999999999993,
1936,19.359999999999999,-0.17986235423979918,0.16775349785373933,-8.1999999999999993,
1937,19.370000000000001,-0.17816212144612426,0.16315750269093529,-8.1999999999999993,
1938,19.379999999999999,-0.17655185280546323,0.14633906129188171,-8.1999999999999993,
1939,19.390000000000001,-0.17513419899314986,0.12354146041740782,-8.1999999999999993,
1940,19.400000000000002,-0.17398182280616648,0.092340997284679302,-8.1999999999999993,
1941,19.41,-0.17313005407698595,0.063623761412539614,-8.1999999999999993,
1942,19.420000000000002,-0.17250056176762343,0.050585601262445865,-8.1999999999999993,
1943,19.43,-0.17200410048353221,0.03684401487019251,-8.1999999999999993,
1944,19.440000000000001,-0.17155397305392084,0.055570892955174332,-7.2021094438438977,
1945,19.449999999999999,-0.17090585466820818,0.068391230134510345,-8.1999999999999993,
1946,19.460000000000001,-0.17016414456049686,0.076087371527101169,-8.1999999999999993,
1947,19.469999999999999,-0.1693710978399352,0.074510692029092829,-8.1999999999999993,
1948,19.48,-0.1686459295329886,0.058039682754379075,-8.1999999999999993,
1949,19.490000000000002,-0.16834399798122712,6.8497429407677161e-07,-0.074025633077880515,
1950,19.5,-0.16863959293002692,-0.044410947637714165,7.1191213746761157,
1951,19.510000000000002,-0.16923365609858038,-0.090308461943104573,-0.84171175715316182,
1952,19.52,-0.17044360237433509,-0.13508865435651074,7.4081406588976035,
1953,19.530000000000001,-0.17191424922868651,-0.16403308593345742,5.2473228769333167,
1954,19.539999999999999,-0.17370469498304777,-0.18387881075594936,8.1999999999999993,
1955,19.550000000000001,-0.17561246250120358,-0.1963642466488206,8.1999999999999993,
1956,19.559999999999999,-0.17760865695436429,-0.19491213614623545,8.1999999999999993,
1957,19.57,-0.17953678528233796,-0.17817316494054683,8.1999999999999993,
1958,19.580000000000002,-0.18123652482720234,-0.14719778553845581,8.1999999999999993,
1959,19.59,-0.18260095898983669,-0.1108828499620954,8.1999999999999993,
1960,19.600000000000001,-0.18361403667114207,-0.076992425468474082,8.1999999999999993,
1961,19.609999999999999,-0.18438960637263926,-0.067357136582252286,8.1999999999999993,
1962,19.620000000000001,-0.18508345398430207,-0.062016716475558661,8.1999999999999993,
1963,19.629999999999999,-0.18576409854567449,-0.070807756007176731,8.1999999999999993,
1964,19.640000000000001,-0.18645551595185339,-0.055175362872785065,8.1999999999999993,
1965,19.650000000000002,-0.18708046883446872,-0.069643582139688867,8.1999999999999993,
1966,19.66,-0.18771352595969978,-0.042771386117993956,8.1999999999999993,
1967,19.670000000000002,-0.18811144380486866,-0.023827613993023418,8.1999999999999993,
1968,19.68,-0.1881301206495343,-6.5095487125961629e-18,1.8041124150158794e-16,
1969,19.690000000000001,-0.18795465667228975,0.0050908327242116316,-6.3817444161994654,
1970,19.699999999999999,-0.18775118751102604,0.038736237132273803,-4.9988444386672857,
1971,19.710000000000001,-0.18741216855859114,0.0076017620916849936,-7.7983393574196231,
1972,19.719999999999999,-0.18725684246037963,0.020525747715055654,-8.1999999999999993,
1973,19.73,-0.18710007379544427,0.00074992201600983352,-2.449362392149983,
1974,19.740000000000002,-0.18699193885640669,8.337945775515552e-05,-0.8167225122654862,
1975,19.75,-0.18723584603064594,-0.020823438974950561,8.1999999999999993,
1976,19.760000000000002,-0.18748256971664742,-0.021365216987341618,8.1999999999999993,
1977,19.77,-0.18773017134723538,-0.020375164439629282,8.1999999999999993,
1978,19.780000000000001,-0.18781748277688134,4.9407461435719499e-20,1.457167719820518e-16,
1979,19.789999999999999,-0.18787453953625494,-8.0318053915093035e-18,-2.4980018054066022e-15,
1980,19.800000000000001,-0.18777726351910215,-3.4707004670346915e-18,-1.3877787807814457e-17,
1981,19.809999999999999,-0.18771792630558001,-5.5705521033223118e-18,-6.1172642475599037e-16,
1982,19.82,-0.18766276946883262,6.6933268324279233e-20,-2.4980018054066022e-16,
1983,19.830000000000002,-0.18767675805558093,-3.8714609568575164e-19,3.4694469519536142e-18,
1984,19.84,-0.1877308683727327,6.48347928388699e-18,1.9428902930940239e-15,
1985,19.850000000000001,-0.18802156084782318,-0.042433377993408586,7.5890144104288906,
1986,19.859999999999999,-0.18843759881895236,-0.026432346192822621,8.1999999999999993,
1987,19.870000000000001,-0.1887944554549067,-0.051101114355913455,5.5727940046772435,
1988,19.879999999999999,-0.18928218365629806,-0.025894465441601518,8.1999999999999993,
1989,19.890000000000001,-0.18963334545278523,-0.050380018246938794,5.6259024138499498,
1990,19.900000000000002,-0.19009524764872512,-0.021594745166896346,8.1999999999999993,
1991,19.91,-0.19041513313980141,-0.053466566864391135,3.2919722598012608,
1992,19.920000000000002,-0.19089606624677893,-0.018969213576418665,8.1999999999999993,
1993,19.93,-0.19113809103338733,-0.024518926952232935,8.1999999999999993,
1994,19.940000000000001,-0.19133497792632034,-0.0026319375723667165,4.588627308785683,
1995,19.949999999999999,-0.19147982310959349,-0.0076996913914564877,7.8484094650860259,
1996,19.960000000000001,-0.19163730674949148,-0.021674688385906173,8.1999999999999993,
1997,19.969999999999999,-0.19190265475078674,-0.025818642585088262,8.1999999999999993,
1998,19.98,-0.19224054091438941,-0.04352195481349698,7.4656791162314509,
1999,19.990000000000002,-0.1927605698782113,-0.055588540508388622,8.1999999999999993,
2000,20,-0.19338139999439338,-0.066275598516827447,8.1999999999999993,
2001,20.010000000000002,-0.19411823069175663,-0.081169738355236484,8.1672502666980602,
2002,20.02,-0.194977503403505,-0.084678756905347305,8.1999999999999993,
2003,20.030000000000001,-0.1958741526951859,-0.089292561070900334,8.1999999999999993,
2004,20.039999999999999,-0.19677594790228609,-0.080575961886971123,8.1999999999999993,
2005,20.050000000000001,-0.19760508507319274,-0.076190815310945514,8.1999999999999993,
2006,20.059999999999999,-0.19836555392761962,-0.064586205644891079,8.1999999999999993,
2007,20.07,-0.19903639472174628,-0.060701094871356526,8.1999999999999993,
2008,20.080000000000002,-0.19962430986900284,-0.044444881553690432,8.1999999999999993,
2009,20.09,-0.2001312895208108,-0.054095913450867665,8.1999999999999993,
2010,20.100000000000001,-0.2007079594360455,-0.05369445393819762,8.1999999999999993,
2011,20.109999999999999,-0.20131166912943668,-0.065182078730056353,8.1999999999999993,
2012,20.120000000000001,-0.20201387577137045,-0.069992727483671122,8.1999999999999993,
2013,20.129999999999999,-0.20279479102903133,-0.088357486881562669,7.2958679917217788,
2014,20.140000000000001,-0.2037280144094219,-0.086778560201868818,8.1999999999999993,
2015,20.150000000000002,-0.20463348660733016,-0.087045941744520405,8.1999999999999993,
2016,20.16,-0.20545696573250088,-0.063954817153035387,8.1999999999999993,
2017,20.170000000000002,-0.20612434625034409,-0.060972930106921883,8.1999999999999993,
2018,20.18,-0.20666808746266582,-0.033513857768832124,8.1999999999999993,
2019,20.190000000000001,-0.20707528204202671,-0.047433626412389802,8.1999999999999993,
2020,20.199999999999999,-0.207611867410121,-0.056965540362088153,8.1999999999999993,
2021,20.210000000000001,-0.20821884689371958,-0.057109510501287736,8.1999999999999993,
2022,20.219999999999999,-0.20886571119239483,-0.072837088213189641,7.9622825833724624,
2023,20.23,-0.20963695344754699,-0.073219991900703704,8.1999999999999993,
2024,20.240000000000002,-0.21046190824764319,-0.098017715272357184,5.5352907878490969,
2025,20.25,-0.21154095643409543,-0.1018586334986262,8.1999999999999993,
2026,20.260000000000002,-0.21263790538765573,-0.1188828628480473,7.6381237905451123,
2027,20.27,-0.21387395027733658,-0.11858335489826528,8.1999999999999993,
2028,20.280000000000001,-0.21505763005012246,-0.10678372163870505,8.1999999999999993,
2029,20.289999999999999,-0.21609320719779798,-0.087232854799756218,8.1999999999999993,
2030,20.300000000000001,-0.21697224825182901,-0.077899994862796473,8.1999999999999993,
2031,20.309999999999999,-0.2177250591611905,-0.059852748127403307,8.1999999999999993,
2032,20.32,-0.2183550087530847,-0.058030166802735983,8.1999999999999993,
2033,20.330000000000002,-0.21892325064412821,-0.043588951556050422,8.1999999999999993,
2034,20.34,-0.21940077357222326,-0.045221026801401658,8.1999999999999993,
2035,20.350000000000001,-0.21986252771648801,-0.036698432317708182,8.1999999999999993,
2036,20.359999999999999,-0.2203073372478479,-0.053451794258638129,7.7063856508183672,
2037,20.370000000000001,-0.22084357392722695,-0.040450352677745209,8.1999999999999993,
2038,20.379999999999999,-0.22131029275842076,-0.049968000521142343,8.1999999999999993,
2039,20.390000000000001,-0.22181821255499171,-0.041070786522849269,8.1999999999999993,
2040,20.400000000000002,-0.22230534334389965,-0.057122754263776748,7.8817989687901617,
2041,20.41,-0.2229334343184548,-0.061810754244526638,8.1999999999999993,
2042,20.420000000000002,-0.223570050391911,-0.055933362279539614,8.1999999999999993,
2043,20.43,-0.22418082306447917,-0.061142265843932841,8.1999999999999993,
2044,20.440000000000001,-0.22481435538859765,-0.056364506619863905,8.1999999999999993,
2045,20.449999999999999,-0.22537870121361034,-0.045347877835906707,8.1999999999999993,
2046,20.460000000000001,-0.22588794577107943,-0.052232976399804898,8.1999999999999993,
2047,20.469999999999999,-0.22643625309149318,-0.048662225206342433,8.1999999999999993,
2048,20.48,-0.22701073078700013,-0.070686336052270787,6.320575513132157,
2049,20.490000000000002,-0.22774114751455093,-0.057773873369507907,8.1999999999999993,
2050,20.5,-0.22838629994158066,-0.069550932796051415,8.1999999999999993,
2051,20.510000000000002,-0.22909012411828328,-0.060675213769407793,8.1999999999999993,
2052,20.52,-0.22976813529410534,-0.074217763383338395,8.1999999999999993,
2053,20.530000000000001,-0.23054134559476527,-0.072268120745151904,8.1999999999999993,
2054,20.539999999999999,-0.23131056772730529,-0.075654765045709324,8.1999999999999993,
2055,20.550000000000001,-0.23206277523961541,-0.063262230696541938,8.1999999999999993,
2056,20.559999999999999,-0.23275658547548667,-0.072348715558685842,8.1999999999999993,
2057,20.57,-0.23348623049671388,-0.062858460617169459,8.1999999999999993,
2058,20.580000000000002,-0.23416329479868994,-0.06695742203837339,8.1999999999999993,
2059,20.59,-0.23486188632761207,-0.064355300859080311,8.1999999999999993,
2060,20.600000000000001,-0.23552130502839153,-0.05768487219395714,8.1999999999999993,
2061,20.609999999999999,-0.2361508067344219,-0.063357419427230777,8.1999999999999993,
2062,20.620000000000001,-0.23682562497015522,-0.064853095393721236,8.1999999999999993,
2063,20.629999999999999,-0.23744299944834188,-0.045573601076473583,8.1999999999999993,
2064,20.640000000000001,-0.23786416341844294,-0.025456987732310653,8.1999999999999993,
2065,20.650000000000002,-0.23815908540178751,-0.026641698534177683,8.1999999999999993,
2066,20.66,-0.23847082139945805,-0.029585140614196617,8.1999999999999993,
2067,20.670000000000002,-0.23884688593549638,-0.047551190434488376,7.3984486868940227,
2068,20.68,-0.23934976858917117,-0.040023641967796224,8.1999999999999993,
2069,20.690000000000001,-0.23981994369528459,-0.052950073953885124,8.1999999999999993,
2070,20.699999999999999,-0.24035736080739542,-0.043960331234937984,8.1999999999999993,
2071,20.710000000000001,-0.24084720040252497,-0.048714715768684254,8.1999999999999993,
2072,20.719999999999999,-0.2412754176051837,-0.022852226950574126,8.1999999999999993,
2073,20.73,-0.24154685427809988,-0.024935877546572109,8.1999999999999993,
2074,20.740000000000002,-0.24179782856590251,-0.014172360612346111,8.1999999999999993,
2075,20.75,-0.24198681746246908,-0.017823814095992322,8.1999999999999993,
2076,20.760000000000002,-0.24224532037239585,-0.035816353893495224,7.3916542297466563,
2077,20.77,-0.24265186340862596,-0.034397530138976395,8.1999999999999993,
2078,20.780000000000001,-0.24305518437556095,-0.042722485885880991,8.1999999999999993,
2079,20.789999999999999,-0.24353264903378513,-0.047478192415201792,8.1999999999999993,
2080,20.800000000000001,-0.24403785411858514,-0.045330331479430927,8.1999999999999993,
2081,20.809999999999999,-0.24456209739730955,-0.058722996869703899,8.1999999999999993,
2082,20.82,-0.24515611580978638,-0.049411719851219116,8.1999999999999993,
2083,20.830000000000002,-0.24564774674341153,-0.037521545732552855,8.1999999999999993,
2084,20.84,-0.24600371078968097,-0.021225633328313891,8.1999999999999993,
2085,20.850000000000001,-0.24621285638240609,-0.0091657732167733236,8.1999999999999993,
2086,20.859999999999999,-0.24628462586821484,-3.2573446616783335e-18,-1.2490009027033011e-16,
2087,20.870000000000001,-0.24639793305234028,4.1289194285809573e-18,3.3306690738754696e-16,
2088,20.879999999999999,-0.24644594921505678,1.6737338964023603e-18,3.8857805861880479e-16,
2089,20.890000000000001,-0.24645564052552402,2.1616467547374617e-19,-5.2041704279304213e-17,
2090,20.900000000000002,-0.2464585232036707,1.516035863656533e-17,1.9706458687096529e-15,
2091,20.91,-0.24635190178585728,-4.128919428580958e-18,-3.3306690738754696e-16,
2092,20.920000000000002,-0.24613939528746664,0.01415963354096407,-8.1999999999999993,
2093,20.93,-0.24588419663066241,0.053747262867392294,-0.18683285803253874,
2094,20.940000000000001,-0.24513369311417166,0.068632704675405304,-8.1999999999999993,
2095,20.949999999999999,-0.24435177193778695,0.095114559475591387,-5.0357531556958008,
2096,20.960000000000001,-0.24325766827927811,0.11058637023054527,-8.1999999999999993,
2097,20.969999999999999,-0.24206949982236572,0.12963484346769066,-7.1183619915066929,
2098,20.98,-0.24071485806734261,0.12970496346710594,-8.1999999999999993,
2099,20.990000000000002,-0.2393688146364723,0.13399473910088491,-8.1999999999999993,
2100,21,-0.23805209068069627,0.11669172154097222,-8.1999999999999993,
2101,21.010000000000002,-0.23695405087951305,0.08858735447190387,-8.1999999999999993,
2102,21.02,-0.23612026711039563,0.064300442541679784,-8.1999999999999993,
2103,21.030000000000001,-0.2355392125378489,0.037751277231958424,-8.1999999999999993,
2104,21.039999999999999,-0.23510691846764245,0.044249087349973681,-8.1999999999999993,
2105,21.050000000000001,-0.23463260709670039,0.04255681873857399,-8.1999999999999993,
2106,21.059999999999999,-0.23414079195300797,0.053814800566856821,-8.1999999999999993,
2107,21.07,-0.23357293196785398,0.051436634003455585,-8.1999999999999993,
2108,21.080000000000002,-0.23309758006295533,0.030243282582960329,-8.1999999999999993,
2109,21.09,-0.2327343745943703,0.039156819381633005,-8.1999999999999993,
2110,21.100000000000001,-0.23233608609034229,0.029826177165003614,-8.1999999999999993,
2111,21.109999999999999,-0.23206464491110648,0.011621275197649961,-8.1999999999999993,
2112,21.120000000000001,-0.23187463260420063,0.026381058090706084,-8.1999999999999993,
2113,21.129999999999999,-0.23158798367404876,0.021828586537131999,-8.1999999999999993,
2114,21.140000000000001,-0.23133282178922732,0.021820458219984521,-8.1999999999999993,
2115,21.150000000000002,-0.23104177958833211,0.036114236563825931,-8.1999999999999993,
2116,21.16,-0.23074260346527553,0.009561359138820294,-8.1999999999999993,
2117,21.170000000000002,-0.23054522078631864,0.039955864885231035,-3.7951637766524065,
2118,21.18,-0.23008337870862652,0.028347756642007515,-8.1999999999999993,
2119,21.190000000000001,-0.22978321272277075,0.021922973616178423,-8.1999999999999993,
2120,21.199999999999999,-0.22950084250472133,0.03183302958079362,-8.1999999999999993,
2121,21.210000000000001,-0.22917961039624271,0.021427274976449109,-8.1999999999999993,
2122,21.219999999999999,-0.22889523478041091,0.034429734177350187,-8.1999999999999993,
2123,21.23,-0.22862548919661718,0.005394224759261176,-6.5691550502396741,
2124,21.240000000000002,-0.22845026667261648,0.024763069508273072,-8.1999999999999993,
2125,21.25,-0.22833362863131751,-3.5486298371696393e-20,-8.3266726846886741e-17,
2126,21.260000000000002,-0.22832407704574523,-1.0260228477366518e-18,-1.2620196181593702e-16,
2127,21.27,-0.2282701865443402,-2.9571286421053228e-18,-4.7868847540539303e-16,
2128,21.280000000000001,-0.22810185475863826,0.0038487689443729789,-5.5488874159586103,
2129,21.289999999999999,-0.22798780109174777,0.0026378247930327224,-4.5937564524321246,
2130,21.300000000000001,-0.22784343327166431,0.0075794488082468999,-7.7868858002397365,
2131,21.309999999999999,-0.22772600831705511,0.0065317266964343241,-7.2286799328421321,
2132,21.32,-0.2275616033013321,0.022496947617129615,-8.1999999999999993,
2133,21.330000000000002,-0.22740037889124048,0.00031874756945447633,-1.5968658539889176,
2134,21.34,-0.22727445386224082,0.00061055351691413282,-2.2100742375117322,
2135,21.350000000000001,-0.2272531800259856,-4.2284127656465526e-19,3.8163916471489756e-17,
2136,21.359999999999999,-0.22717766829995706,1.4387552412747713e-18,4.810236531791631e-16,
2137,21.370000000000001,-0.22705463881245147,8.0769513441334522e-06,-0.25419600853088981,
2138,21.379999999999999,-0.22682974339779963,0.018545436936896687,-8.1999999999999993,
2139,21.390000000000001,-0.22661195302127565,0.017022297102644808,-8.1999999999999993,
2140,21.400000000000002,-0.22635921146275456,0.036182550927201164,-7.0891454765643829,
2141,21.41,-0.22605494187429631,0.0075119831345451379,-7.7521522867111603,
2142,21.420000000000002,-0.22587766428669645,0.031266586245102659,-6.3427649550254275,
2143,21.43,-0.22575346988543987,6.6131725439500325e-18,2.7755575615628914e-17,
2144,21.440000000000001,-0.22575783065221317,-1.1768367673633546e-17,1.0824674490095276e-15,
2145,21.449999999999999,-0.22587777543966028,-2.8099744753262719e-18,3.3306690738754696e-16,
2146,21.460000000000001,-0.22601424793260752,-0.00043188165316526922,1.8587773468928888,
2147,21.469999999999999,-0.22609271663683492,3.0955489476607666e-18,4.163336342344337e-16,
2148,21.48,-0.2260177208133331,-1.6101461958443988e-18,-1.3877787807814457e-16,
2149,21.490000000000002,-0.22595635861244123,-1.619597929849728e-18,1.3771572919574416e-16,
2150,21.5,-0.22590324566436354,3.751590397829932e-19,5.5030360503647538e-16,
2151,21.510000000000002,-0.22583840086180962,-1.8469519527091009e-19,1.3183898417423734e-16,
2152,21.52,-0.22568770835506516,0.001541262179337534,-3.511423847202197,
2153,21.530000000000001,-0.22551857353436333,0.012041171087410308,-8.1999999999999993,
2154,21.539999999999999,-0.22531888953435092,0.029526584405146668,-7.521217938127732,
2155,21.550000000000001,-0.22502323571266247,0.015419550920238825,-8.1999999999999993,
2156,21.559999999999999,-0.22476500782234493,0.047357112969946075,-3.2690672507550493,
2157,21.57,-0.22425312379167492,0.029626623656368978,-8.1999999999999993,
2158,21.580000000000002,-0.22385524099089524,0.059919549464432328,-3.8289897138327129,
2159,21.59,-0.22315267742777564,0.057931882613758312,-8.1999999999999993,
2160,21.600000000000001,-0.2225073851956304,0.069069209737762802,-8.1999999999999993,
2161,21.609999999999999,-0.2218217628838727,0.056480091584924036,-8.1999999999999993,
2162,21.620000000000001,-0.22128100346893678,0.038971127344933312,-8.1999999999999993,
2163,21.629999999999999,-0.22091847749576043,0.020675315395256744,-8.1999999999999993,
2164,21.640000000000001,-0.2207020969327034,0.012176801162089544,-8.1999999999999993,
2165,21.650000000000002,-0.2206266093370455,-3.19340634669621e-18,2.5673907444456745e-16,
2166,21.66,-0.22068087800517733,6.1618425248699978e-20,5.5511151231257827e-17,
2167,21.670000000000002,-0.22089161154605846,-0.013672418343067982,8.1999999999999993,
2168,21.68,-0.22101650091631928,-0.0016443166285566202,3.6269178414258256,
2169,21.690000000000001,-0.22120295398894341,-0.017939373525906136,8.1999999999999993,
2170,21.699999999999999,-0.22126852855211615,7.3383690182495104e-19,-4.0245584642661925e-16,
2171,21.710000000000001,-0.22117169812034496,2.7665092993700975e-18,-3.8857805861880479e-16,
2172,21.719999999999999,-0.22098680041253518,0.0070356678358481873,-7.5023558091299254,
2173,21.73,-0.22079573003133343,0.038007625085247021,-4.5145729007423991,
2174,21.740000000000002,-0.22032626298127697,0.034889256839244071,-8.1999999999999993,
2175,21.75,-0.21992230506730598,0.041498440890519024,-8.1999999999999993,
2176,21.760000000000002,-0.21946734419255953,0.042552799633300858,-8.1999999999999993,
2177,21.77,-0.2190465895474632,0.030043471171220821,-8.1999999999999993,
2178,21.780000000000001,-0.21866033980552929,0.050955090322368841,-6.6238674707653766,
2179,21.789999999999999,-0.21809713576659548,0.047050764721898265,-8.1999999999999993,
2180,21.800000000000001,-0.21755882499957865,0.059002725100860492,-8.1999999999999993,
2181,21.809999999999999,-0.21689852594648579,0.072083585003181169,-8.1999999999999993,
2182,21.82,-0.21613645619543612,0.073575714006363258,-8.1999999999999993,
2183,21.830000000000002,-0.21534428078072262,0.080719504293484054,-8.1999999999999993,
2184,21.84,-0.21447912966562319,0.088479494039906792,-8.1999999999999993,
2185,21.850000000000001,-0.21359907206935669,0.075979864544079331,-8.1999999999999993,
2186,21.859999999999999,-0.21288106232277743,0.054120797365027014,-8.1999999999999993,
2187,21.870000000000001,-0.21239037323463078,0.030199779331956698,-8.1999999999999993,
2188,21.879999999999999,-0.21210033672737266,0.015784281222491457,-8.1999999999999993,
2189,21.890000000000001,-0.21189662042919566,0.018928299296911012,-8.1999999999999993,
2190,21.900000000000002,-0.21161886673398519,0.041292481631777546,-6.2265914657991113,
2191,21.91,-0.21116828162137444,0.031484115346678387,-8.1999999999999993,
2192,21.920000000000002,-0.21075633160730869,0.058891355458443283,-4.7530721879359898,
2193,21.93,-0.21006544354882106,0.060002447488165585,-8.1999999999999993,
2194,21.940000000000001,-0.20938605275918096,0.07753572583139233,-7.5090347651975771,
2195,21.949999999999999,-0.20855924298242762,0.077793405468164017,-8.1999999999999993,
2196,21.960000000000001,-0.20775769613830208,0.073481424045562113,-8.1999999999999993,
2197,21.969999999999999,-0.20696991814044555,0.079273477895873162,-8.1999999999999993,
2198,21.98,-0.20615026890437002,0.075999337630350203,-8.1999999999999993,
2199,21.990000000000002,-0.20534789379006546,0.077894680015553372,-8.1999999999999993,
2200,22,-0.20452874316307068,0.07902789303830729,-8.1999999999999993,
2201,22.010000000000002,-0.20369420743086461,0.081589541909038513,-8.1999999999999993,
2202,22.02,-0.20289590891785564,0.065716682397840828,-8.1999999999999993,
2203,22.030000000000001,-0.20224755299732952,0.052129416577615752,-8.1999999999999993,
2204,22.039999999999999,-0.2017445669654169,0.036074438762220856,-8.1999999999999993,
2205,22.050000000000001,-0.20138302413380557,0.025084787953444827,-8.1999999999999993,
2206,22.059999999999999,-0.20109644720539738,0.024689470456363004,-8.1999999999999993,
2207,22.07,-0.20077325987516248,0.040676653015605878,-7.8979048178965536,
2208,22.080000000000002,-0.20033240079509507,0.037810351601301521,-8.1999999999999993,
2209,22.09,-0.19987905840540507,0.053275956500827365,-8.0269886548242013,
2210,22.100000000000001,-0.19933487242279041,0.044392593383417334,-8.1999999999999993,
2211,22.109999999999999,-0.19884083486472234,0.049100140680042245,-8.1999999999999993,
2212,22.120000000000001,-0.19828961629507599,0.057783522956935722,-8.1999999999999993,
2213,22.129999999999999,-0.19766515458688128,0.061201362187157243,-8.1999999999999993,
2214,22.140000000000001,-0.19698847779643763,0.071766120936619646,-8.1999999999999993,
2215,22.150000000000002,-0.19619976454029223,0.085211363664783546,-8.1999999999999993,
2216,22.16,-0.1952880643868409,0.09363505441522714,-8.1999999999999993,
2217,22.170000000000002,-0.19430013471739815,0.098897203234167869,-8.1999999999999993,
2218,22.18,-0.19327256157066408,0.099477330348043583,-8.1999999999999993,
2219,22.190000000000001,-0.19235484234540681,0.069572028118438933,-8.1999999999999993,
2220,22.199999999999999,-0.19166539595522167,0.05665987507438449,-8.1999999999999993,
2221,22.210000000000001,-0.19106880175387392,0.054373381015772215,-8.1999999999999993,
2222,22.219999999999999,-0.19048407265929199,0.05578212309258028,-8.1999999999999993,
2223,22.23,-0.18986795204104137,0.063680960859447855,-8.1999999999999993,
2224,22.240000000000002,-0.18913732050043583,0.089104347119498134,-5.3518600169717576,
2225,22.25,-0.18810194041911585,0.1074344074132958,-8.1999999999999993,
2226,22.260000000000002,-0.18694174415425319,0.12836608464660823,-6.6184541074128385,
2227,22.27,-0.18553271995138956,0.15023049298475416,-7.9709044633048327,
2228,22.280000000000001,-0.18397552181401797,0.15488784163295458,-8.1999999999999993,
2229,22.289999999999999,-0.18237236028370263,0.16119102781268999,-8.1999999999999993,
2230,22.300000000000001,-0.18070312599719346,0.168696623534935,-8.1999999999999993,
2231,22.309999999999999,-0.17897882058711725,0.16884572608361087,-8.1999999999999993,
2232,22.32,-0.17719387629837782,0.19587065062002962,-4.870600740159194,
2233,22.330000000000002,-0.17508954423739254,0.21120346931519934,-8.1999999999999993,
2234,22.34,-0.17289003090018559,0.23302039207361258,-6.3775381300373928,
2235,22.350000000000001,-0.17043470377573125,0.25222315335697748,-8.1999999999999993,
2236,22.359999999999999,-0.16786243835249751,0.2569015193025998,-8.1999999999999993,
2237,22.370000000000001,-0.16523010391176773,0.26688785999125336,-8.1999999999999993,
2238,22.379999999999999,-0.1625292856395143,0.26523463955504167,-8.1999999999999993,
2239,22.390000000000001,-0.15983936151172612,0.26546492737935801,-8.1999999999999993,
2240,22.400000000000002,-0.15716407046912004,0.26023621182908008,-8.1999999999999993,
2241,22.41,-0.15452396377436559,0.26052336109227181,-8.1999999999999993,
2242,22.420000000000002,-0.15187288284416359,0.26365789361055941,-8.1999999999999993,
2243,22.43,-0.1491697220291576,0.27506413572651794,-8.1999999999999993,
2244,22.440000000000001,-0.14636098586561905,0.28288017691782302,-8.1999999999999993,
2245,22.449999999999999,-0.14347864379966588,0.28889482945337625,-8.1999999999999993,
2246,22.460000000000001,-0.1405329831786227,0.29615573303223952,-8.1999999999999993,
2247,22.469999999999999,-0.13752790113330585,0.2984560873284986,-8.1999999999999993,
2248,22.48,-0.13450330980119288,0.29952916024120307,-8.1999999999999993,
2249,22.490000000000002,-0.13146864155236848,0.30037611491824584,-8.1999999999999993,
2250,22.5,-0.12842608276643677,0.30102371591478944,-8.1999999999999993,
2251,22.510000000000002,-0.12537557343383404,0.30218065893325158,-8.1999999999999993,
2252,22.52,-0.12229660201786596,0.30962243612920914,-8.1999999999999993,
2253,22.530000000000001,-0.11914035208543763,0.31822674422156649,-8.1999999999999993,
2254,22.539999999999999,-0.1158883196780444,0.3310729076404138,-8.1999999999999993,
2255,22.550000000000001,-0.11250281091334405,0.34631251895140797,-8.0826014356443281,
2256,22.559999999999999,-0.10896348279396165,0.36086954968586932,-8.1999999999999993,
2257,22.57,-0.10528399569764062,0.37419273953954552,-8.1999999999999993,
2258,22.580000000000002,-0.10147776514549479,0.38460168663620559,-8.1999999999999993,
2259,22.59,-0.097573757286489787,0.39237577769045112,-8.1999999999999993,
2260,22.600000000000001,-0.093598544127954847,0.3975908859087956,-8.1999999999999993,
2261,22.609999999999999,-0.089587551126820084,0.3969792076270251,-8.1999999999999993,
2262,22.620000000000001,-0.085597108842637853,0.39175307383165325,-8.1999999999999993,
2263,22.629999999999999,-0.081674654727960566,0.38191402492695908,-8.1999999999999993,
2264,22.640000000000001,-0.077834578661823139,0.37677534027631726,-8.1999999999999993,
2265,22.650000000000002,-0.074041498186344812,0.372999646292413,-8.1999999999999993,
2266,22.66,-0.070262003695114247,0.37747737902124412,-8.1999999999999993,
2267,22.670000000000002,-0.066424625158136519,0.38715972139059984,-8.1999999999999993,
2268,22.68,-0.062486272874919854,0.39864286344022709,-8.1999999999999993,
2269,22.690000000000001,-0.058447470679339968,0.40420824451895204,-8.1999999999999993,
2270,22.699999999999999,-0.054366852667326097,0.40476588773719918,-8.1999999999999993,
2271,22.710000000000001,-0.05031083449807703,0.39590290016289426,-8.1999999999999993,
2272,22.719999999999999,-0.046369717270001581,0.37994936675218105,-8.1999999999999993,
2273,22.73,-0.042625347850145191,0.35495998005921925,-8.1999999999999993,
2274,22.740000000000002,-0.039140750808181614,0.32772205679644717,-8.1999999999999993,
2275,22.75,-0.035948771982325815,0.29604947669639092,-8.1999999999999993,
2276,22.760000000000002,-0.033080350593312581,0.26292884763917507,-8.1999999999999993,
2277,22.77,-0.030540680065434807,0.23032595706974499,-8.1999999999999993,
2278,22.780000000000001,-0.028346755807818546,0.19364840169064712,-8.1999999999999993,
2279,22.789999999999999,-0.026481658969486288,0.16498732608749805,-8.1999999999999993,
2280,22.800000000000001,-0.02497212470561375,0.12225831896622187,-8.1999999999999993,
2281,22.809999999999999,-0.023929455579099045,0.072361831665734788,-8.1999999999999993,
2282,22.82,-0.023615837262441697,-0.0096381683342652066,-8.1999999999999993,
2283,22.830000000000002,-0.023889883432814472,-0.0066309188303971698,7.2833612187764922,
2284,22.84,-0.02409731402002685,-0.048289674527149967,0.91018549728081455,
2285,22.850000000000001,-0.024524966219501423,-0.011326033531867572,8.1999999999999993,
2286,22.859999999999999,-0.024744967837008337,-0.045212048559434587,2.5680954573900348,
2287,22.870000000000001,-0.025142510765384964,-0.0097905859590867624,8.1999999999999993,
2288,22.879999999999999,-0.025350642561435328,-0.046397473830239053,1.5048903667574596,
2289,22.890000000000001,-0.025720574221772905,-0.0044943645694610493,5.9962418693451998,
2290,22.900000000000002,-0.025952808319397683,-0.059448350054182787,-4.3483986564967081,
2291,22.91,-0.026794517300450137,-0.073461325802291769,8.1999999999999993,
2292,22.920000000000002,-0.027645988729317159,-0.11652507476888381,-1.6784964718813762,
2293,22.93,-0.029074011074436346,-0.14026208009962954,8.1999999999999993,
2294,22.940000000000001,-0.030561372588955027,-0.1605969395831984,6.778688999089642,
2295,22.949999999999999,-0.032245478637783043,-0.1649759915715126,8.1999999999999993,
2296,22.960000000000001,-0.033921494915554254,-0.1614933294284982,8.1999999999999993,
2297,22.969999999999999,-0.035501615659190626,-0.14131807582718084,8.1999999999999993,
2298,22.98,-0.036862730612876385,-0.11703673572994897,8.1999999999999993,
2299,22.990000000000002,-0.037872877711545419,-0.070633975747998623,8.1999999999999993,
2300,23,-0.038621560627969106,-0.072515709257225822,8.1999999999999993,
2301,23.010000000000002,-0.039290635802399533,-0.047305792106991838,8.1999999999999993,
2302,23.02,-0.039821430694668987,-0.054977417727074776,8.1999999999999993,
2303,23.030000000000001,-0.040412590347035933,-0.056522592897204536,8.1999999999999993,
2304,23.039999999999999,-0.04106529363987646,-0.078338813107347832,6.3777309043229895,
2305,23.050000000000001,-0.041762429043076268,-0.042483869350544982,8.1999999999999993,
2306,23.059999999999999,-0.042228787113883691,-0.044075956119719026,8.1999999999999993,
2307,23.07,-0.042520693254832417,-0.0019070347863067729,3.9059286079566466,
2308,23.080000000000002,-0.042494214162565533,-8.0312775644230107e-19,2.1857515797307769e-16,
2309,23.09,-0.042201329334788998,0.043554344642532834,-7.3024269990133241,
2310,23.100000000000001,-0.041636154041193071,0.077003824243218055,-3.9687682340810921,
2311,23.109999999999999,-0.040763310569700964,0.075350680262353906,-8.1999999999999993,
2312,23.120000000000001,-0.039956713263471499,0.081191570237276495,-8.1999999999999993,
2313,23.129999999999999,-0.039059321190429395,0.10192072758032604,-6.6730205827734839,
2314,23.140000000000001,-0.03797683730829874,0.10103972682992665,-8.1999999999999993,
2315,23.150000000000002,-0.036924656443648764,0.10272451894199817,-8.1999999999999993,
2316,23.16,-0.035957432960246567,0.07661316167633736,-8.1999999999999993,
2317,23.170000000000002,-0.035282627781746394,0.043649708520395035,-8.1999999999999993,
2318,23.18,-0.035088787746167832,1.4953038807163921e-17,-3.3306690738754696e-16,
2319,23.190000000000001,-0.035186001210543494,7.6754195005046548e-20,-8.3266726846886741e-17,
2320,23.199999999999999,-0.034985741651577494,0.010871301135466293,-8.1999999999999993,
2321,23.210000000000001,-0.034786770794613252,0.034236196688797349,-5.9464071613025347,
2322,23.219999999999999,-0.034293062066121503,0.061603493387028335,-7.1928811741272316,
2323,23.23,-0.033547979955270618,0.092932894713150707,-4.7778271891029744,
2324,23.240000000000002,-0.032460895248751002,0.11218737341906429,-8.1999999999999993,
2325,23.25,-0.031261630837606816,0.12872256687900968,-7.7611544795618341,
2326,23.260000000000002,-0.029896278298800354,0.14076119813498303,-8.1999999999999993,
2327,23.27,-0.028424856608176455,0.15095761611586614,-8.1999999999999993,
2328,23.280000000000001,-0.026889539495404197,0.14731222628480475,-8.1999999999999993,
2329,23.289999999999999,-0.025450151688581397,0.12740014241563613,-8.1999999999999993,
2330,23.300000000000001,-0.024100435510924501,0.1431007789150604,-7.968948883727907,
2331,23.309999999999999,-0.022629570143988701,0.14252812222152103,-8.1999999999999993,
2332,23.32,-0.021208478703216408,0.13017617649830485,-8.1999999999999993,
2333,23.330000000000002,-0.019859714449306069,0.13373137573818003,-8.1999999999999993,
2334,23.34,-0.018439606460837959,0.15303603782304073,-7.0513180847136745,
2335,23.350000000000001,-0.016844692811372443,0.15468462861054197,-8.1999999999999993,
2336,23.359999999999999,-0.015231229328101082,0.16610653974007825,-8.1999999999999993,
2337,23.370000000000001,-0.013465756829085695,0.19830652989345565,-3.1771735845499345,
2338,23.379999999999999,-0.011327016419346803,0.20790192931496096,-8.1999999999999993,
2339,23.390000000000001,-0.0091966436172606185,0.21307834952253629,-8.1999999999999993,
2340,23.400000000000002,-0.0070415344301175591,0.20898872302205895,-8.1999999999999993,
2341,23.41,-0.0049279048652810433,0.20471707704021339,-8.1999999999999993,
2342,23.420000000000002,-0.0028224573369828041,0.21260674805898941,-8.1999999999999993,
2343,23.43,-0.00063903054387909265,0.22012651128108024,-8.1999999999999993,
2344,23.440000000000001,0.0016010150429711988,0.22076821584120554,-8.1999999999999993,
2345,23.449999999999999,0.0038346246016022654,0.21718163357128498,-8.1999999999999993,
2346,23.460000000000001,0.0060559704352333554,0.22167112356876045,-8.1999999999999993,
2347,23.469999999999999,0.0083353953668687981,0.23139966599066994,-8.1999999999999993,
2348,23.48,0.010727111021353831,0.24809963111002964,-7.7198077577941486,
2349,23.490000000000002,0.013286096740086977,0.25968127713029499,-8.1999999999999993,
2350,23.5,0.015949640922165158,0.27115390487796065,-8.1999999999999993,
2351,23.510000000000002,0.018705032515882031,0.27357108374981814,-8.1999999999999993,
2352,23.52,0.021468208145238331,0.27047196927556111,-8.1999999999999993,
2353,23.530000000000001,0.02419437383042005,0.26548984929871183,-8.1999999999999993,
2354,23.539999999999999,0.026879832902082471,0.26338661030347682,-8.1999999999999993,
2355,23.550000000000001,0.029521600199596591,0.25439252886353275,-8.1999999999999993,
2356,23.559999999999999,0.032063227097781706,0.242553498592638,-8.1999999999999993,
2357,23.57,0.034488475532298564,0.231264886356118,-8.1999999999999993,
2358,23.580000000000002,0.036785123255669711,0.21580207441546387,-8.1999999999999993,
2359,23.59,0.038960936466452357,0.20970867269864926,-8.1999999999999993,
2360,23.600000000000001,0.041082743196162716,0.20574243777523663,-8.1999999999999993,
2361,23.609999999999999,0.043170292570722073,0.20349789328611709,-8.1999999999999993,
2362,23.620000000000001,0.045246024114589757,0.2048219822973103,-8.1999999999999993,
2363,23.629999999999999,0.047315476430448609,0.19977428691984414,-8.1999999999999993,
2364,23.640000000000001,0.049357533840970171,0.20235660745240847,-8.1999999999999993,
2365,23.650000000000002,0.051410738342054223,0.19995468144685996,-8.1999999999999993,
2366,23.66,0.053447791171464781,0.20016054824340965,-8.1999999999999993,
2367,23.670000000000002,0.055480518253556141,0.19823989286754215,-8.1999999999999993,
2368,23.68,0.057464531876162732,0.18747614899671824,-8.1999999999999993,
2369,23.690000000000001,0.059318380621805486,0.17075755210712248,-8.1999999999999993,
2370,23.699999999999999,0.061032788163016549,0.16145866394678057,-8.1999999999999993,
2371,23.710000000000001,0.062671250080867505,0.15722844375115042,-8.1999999999999993,
2372,23.719999999999999,0.064265911017197724,0.15253307056596899,-8.1999999999999993,
2373,23.73,0.065830276737624843,0.15326230020882606,-8.1999999999999993,
2374,23.740000000000002,0.06742191044316842,0.16145034421429377,-8.1999999999999993,
2375,23.75,0.069084812793683018,0.1655193951676997,-8.1999999999999993,
2376,23.760000000000002,0.070761960516425859,0.16069356175594096,-8.1999999999999993,
2377,23.77,0.072386201058705885,0.15445357576945515,-8.1999999999999993,
2378,23.780000000000001,0.073938637767459778,0.14545942474955856,-8.1999999999999993,
2379,23.789999999999999,0.075406107477267878,0.13790527385629828,-8.1999999999999993,
2380,23.800000000000001,0.076746596954994292,0.11682066560758132,-8.1999999999999993,
2381,23.809999999999999,0.077929484552777012,0.10979841373987305,-8.1999999999999993,
2382,23.82,0.079038802714451822,0.10179412156780535,-8.1999999999999993,
2383,23.830000000000002,0.080076090024455093,0.096170487374054384,-8.1999999999999993,
2384,23.84,0.081057388415856052,0.090622043851753487,-8.1999999999999993,
2385,23.850000000000001,0.081961027855031773,0.078706097234990433,-8.1999999999999993,
2386,23.859999999999999,0.082727408322304921,0.062046461319008775,-8.1999999999999993,
2387,23.870000000000001,0.083362944176534115,0.055139865349302652,-8.1999999999999993,
2388,23.879999999999999,0.08403320021099582,0.10109510581363271,3.7956752747601024,
2389,23.890000000000001,0.08533012953874336,0.12658694833294457,-8.1999999999999993,
2390,23.900000000000002,0.086612485195603203,0.12010167782233286,-8.1999999999999993,
2391,23.91,0.087841878087846284,0.11729371185227756,-8.1999999999999993,
2392,23.920000000000002,0.088989445174241968,0.099451349363826033,-8.1999999999999993,
2393,23.93,0.089971149801693392,0.084814881588103408,-8.1999999999999993,
2394,23.940000000000001,0.090711440006862945,0.048436100077597119,-8.1999999999999993,
2395,23.949999999999999,0.0911903044587144,0.03573229531131715,-8.1999999999999993,
2396,23.960000000000001,0.091419758620946423,0.0003054765057168813,-1.5632696650722329,
2397,23.969999999999999,0.091644700865841422,0.023452940968939216,-8.1999999999999993,
2398,23.98,0.09177664845555554,-3.8118789295652845e-18,-4.163336342344337e-17,
2399,23.990000000000002,0.091862627815453277,2.1001307150018948e-17,-3.0531133177191805e-15,
2400,24,0.09192795148183823,2.4116926208962733e-19,2.9837243786801082e-16,
2401,24.010000000000002,0.092087090941894781,0.0025150254237780276,-4.4855549701485344,
2402,24.02,0.092220902924000314,0.0048170262855503311,-6.2077540450957498,
2403,24.030000000000001,0.092407160667704449,0.028410292405313089,-7.9142947229447476,
2404,24.039999999999999,0.092604035220656078,0.00033978860838971241,-1.6487294705674758,
2405,24.050000000000001,0.092673334323692902,3.9777106544222621e-19,6.9388939039072284e-18,
2406,24.060000000000002,0.09272477832074047,2.9807184559869199e-18,5.4752424324550254e-16,
2407,24.07,0.092883665032168036,0.0024824399267168321,-4.4564020704750895,
2408,24.080000000000002,0.092959075574323285,1.5737696287501965e-18,4.8572257327350599e-17,
2409,24.09,0.093166860053230147,0.012870663649668107,-8.1999999999999993,
2410,24.100000000000001,0.093174989594571225,3.6695690794833466e-19,3.1225022567582528e-17,
2411,24.109999999999999,0.093095157770754361,-1.408022395321719e-17,2.7755575615628914e-16,
2412,24.120000000000001,0.092966886763696979,-9.8333657697049148e-05,0.88694377588233209,
2413,24.129999999999999,0.092885358523310632,-1.737839958805827e-19,-4.0939474033052647e-16,
2414,24.140000000000001,0.09278368348484925,1.45372602844418e-17,3.3306690738754696e-16,
2415,24.150000000000002,0.092559321579563411,-0.017526243638211453,8.1999999999999993,
2416,24.16,0.092369362214218223,-0.010508724469827119,8.1999999999999993,
2417,24.170000000000002,0.092265719854972492,-0.0014557703268060884,3.4126474494809296,
2418,24.18,0.092089467562897875,-0.01393309733329221,8.1999999999999993,
2419,24.190000000000001,0.091917785900817103,-0.01241478264160609,8.1999999999999993,
2420,24.199999999999999,0.091714296345871998,-0.029935541445328478,7.512222298905427,
2421,24.210000000000001,0.091483023065152783,-0.0020739933626238907,4.0733213598967497,
2422,24.219999999999999,0.091277756176547611,-0.026846713229339444,8.1999999999999993,
2423,24.23,0.09105585786425395,-0.0044490790488165202,5.9659561170471376,
2424,24.240000000000002,0.090896955768638127,-0.015953723733639805,8.1999999999999993,
2425,24.25,0.090698957996072929,-0.016485642847410085,8.1999999999999993,
2426,24.260000000000002,0.09047438525397454,-0.024962644048778827,8.1999999999999993,
2427,24.27,0.09028740235383402,-0.0011990299470556966,3.097134090808078,
2428,24.280000000000001,0.090054838730127942,-0.034131911793184158,8.0761084588815084,
2429,24.289999999999999,0.089680421688717912,-0.032053107709485724,8.1999999999999993,
2430,24.300000000000001,0.089347175855718913,-0.024451857220201934,8.1999999999999993,
2431,24.310000000000002,0.089115732677416792,-0.0097460638914570342,8.1999999999999993,
2432,24.32,0.089014741634054276,-0.0017464168533302235,3.7378248790763058,
2433,24.330000000000002,0.089092855579787744,1.3797472089324395e-18,2.0122792321330962e-16,
2434,24.34,0.089240579106191459,0.0012548568957053265,-3.1684152451411101,
2435,24.350000000000001,0.089426578783012106,0.016255294490787612,-8.1999999999999993,
2436,24.359999999999999,0.089651036567150677,0.025642145435690579,-8.1999999999999993,
2437,24.370000000000001,0.089921285849602614,0.018367930514596904,-8.1999999999999993,
2438,24.379999999999999,0.090114480478416817,0.0098371074342531589,-8.1999999999999993,
2439,24.390000000000001,0.090301545078625547,0.032324999679720912,-6.1922500685701669,
2440,24.400000000000002,0.090598320441389255,0.0079107647495958687,-7.9552572552222953,
2441,24.41,0.090768688653484711,0.028491786906512162,-6.977598155250293,
2442,24.420000000000002,0.090929670167453056,-6.5947247662734308e-19,-3.3306690738754696e-16,
2443,24.43,0.091102186955908243,0.0045548076164014214,-6.036427828708911,
2444,24.440000000000001,0.09124393714480368,0.01030932279977809,-8.1999999999999993,
2445,24.449999999999999,0.091434763962276788,0.032266341813393634,-6.3390456320583723,
2446,24.460000000000001,0.091744098219189621,0.011028972382348123,-8.1999999999999993,
2447,24.469999999999999,0.091917698554920532,0.021011624434394454,-8.1999999999999993,
2448,24.48,0.092045319951534199,4.5446979513030782e-18,-3.3306690738754696e-16,
2449,24.490000000000002,0.092024240211560457,-2.9533513852105635e-20,2.1857515797307769e-16,
2450,24.5,0.091890849014928305,-0.0002796988152767214,1.4958577880981112,
2451,24.510000000000002,0.091864190320132807,9.8430844427698088e-20,-1.4224732503009818e-16,
2452,24.52,0.091888593225295204,-9.1816048894909668e-19,-1.6364203576247431e-16,
2453,24.530000000000001,0.091682218520287628,-0.012491108069245367,8.1999999999999993,
2454,24.539999999999999,0.091443192015728009,-0.052575250668606209,-0.053414260862812479,
2455,24.550000000000001,0.090932883996802522,-0.0211264801922992,8.1999999999999993,
2456,24.560000000000002,0.090692965802911057,-0.018407427916995064,8.1999999999999993,
2457,24.57,0.090501846511467532,-0.0091691322338809857,8.1999999999999993,
2458,24.580000000000002,0.090398357285479486,-0.0027249025576517247,4.6689635317930875,
2459,24.59,0.090230169301310795,-0.015170929741665841,8.1999999999999993,
2460,24.600000000000001,0.090020369271138961,-0.022985324043855337,8.1999999999999993,
2461,24.609999999999999,0.089783323804179277,-0.01378894546629445,8.1999999999999993,
2462,24.620000000000001,0.089544227708075186,-0.043810265141918089,3.918970360348724,
2463,24.629999999999999,0.089095110865827734,-0.022000370215120902,8.1999999999999993,
2464,24.640000000000001,0.088775118993006497,-0.051225912577417543,4.178839246941811,
2465,24.650000000000002,0.088247869015572675,-0.030714691221315094,8.1999999999999993,
2466,24.66,0.087858847730780523,-0.049538826262985468,7.1768306118860856,
2467,24.670000000000002,0.087420027691654051,-0.021270520312719733,8.1999999999999993,
2468,24.68,0.08716718923630988,-0.022379242275383772,8.1999999999999993,
2469,24.690000000000001,0.0869906458790876,-0.001625408096947637,3.6060039899563501,
2470,24.699999999999999,0.086927414318737309,-3.6329318932121727e-18,-3.6082248300317588e-16,
2471,24.710000000000001,0.08697174347031307,-3.8896070964495556e-20,4.0245584642661925e-16,
2472,24.719999999999999,0.086989876205369146,4.8605687892683867e-19,1.9081958235744878e-16,
2473,24.73,0.086957318600670519,-4.8532162206760817e-18,7.7715611723760958e-16,
2474,24.740000000000002,0.086927821721742904,-4.5288064331438605e-19,-1.2836953722228372e-16,
2475,24.75,0.086694014351956741,-0.020360667052667449,8.1999999999999993,
2476,24.760000000000002,0.086611210352748005,1.5058057810795658e-18,2.9837243786801082e-16,
2477,24.77,0.086406043567901894,-0.012167763448279731,8.1999999999999993,
2478,24.780000000000001,0.086200830005724802,-0.031862791866008412,6.9485897910719903,
2479,24.789999999999999,0.085886461183777532,-0.014528098863513195,8.1999999999999993,
2480,24.800000000000001,0.085705799428510837,-0.014015816706869376,8.1999999999999993,
2481,24.810000000000002,0.085593918346318881,-0.00028210781519201245,1.502285765603899,
2482,24.82,0.085376810403695783,-0.020563689203621806,8.1999999999999993,
2483,24.830000000000002,0.085087960588530326,-0.04008839087014867,6.9934981708553581,
2484,24.84,0.084603040428343143,-0.047971258512295986,8.1999999999999993,
2485,24.850000000000001,0.084115765552825628,-0.038880385236711931,8.1999999999999993,
2486,24.859999999999999,0.08370793319063087,-0.033160391912748832,8.1999999999999993,
2487,24.870000000000001,0.083309006572162433,-0.04489670403043064,8.1999999999999993,
2488,24.879999999999999,0.082821867994065351,-0.045329671167103555,8.1999999999999993,
2489,24.890000000000001,0.082529624993367232,-0.0014464619025694105,3.401719450594844,
2490,24.900000000000002,0.082622680538177132,-3.0557584904150218e-19,-4.3715031594615539e-16,
2491,24.91,0.082825990479704861,0.011674003147365265,-8.1999999999999993,
2492,24.920000000000002,0.083044715658186344,0.042212896769962253,-3.7469180552653012,
2493,24.93,0.083446878088134072,0.014268173362479075,-8.1999999999999993,
2494,24.940000000000001,0.083643249642923315,0.020340747704494979,-8.1999999999999993,
2495,24.949999999999999,0.083678682965784026,-5.2162628311930386e-18,9.3675067702747583e-17,
2496,24.960000000000001,0.083630761239194551,4.2186031487582397e-19,-2.3869795029440866e-15,
2497,24.969999999999999,0.083466517073001859,-0.0032195824140037318,5.0751019016399903,
2498,24.98,0.083320223283844697,-0.0093136913078441831,8.1999999999999993,
2499,24.990000000000002,0.083179059694386714,-0.01324518835497346,8.1999999999999993,
2500,25,0.083004050485406683,-0.015202520121808975,8.1999999999999993,
2501,25.010000000000002,0.082818912999426036,-0.013935148995148052,8.1999999999999993,
2502,25.02,0.082656441845824963,-0.0094699086012147906,8.1999999999999993,
2503,25.030000000000001,0.082586562008441042,-2.373720231908281e-19,4.3021142204224816e-16,
2504,25.039999999999999,0.082441416561928119,-0.0010295651087514994,2.8699339487193725,
2505,25.050000000000001,0.082254197935159687,-0.015679294759965958,8.1999999999999993,
2506,25.060000000000002,0.082058288270832808,-0.016436652126997263,8.1999999999999993,
2507,25.07,0.081803800732135515,-0.039724229058366263,5.9682526992232905,
2508,25.080000000000002,0.081481997488688229,-0.005479942873485296,6.6211436314191499,
2509,25.09,0.081480683034257442,4.8862066196647696e-20,2.6020852139652106e-17,
2510,25.100000000000001,0.08130294034648651,-0.0055279738054640508,6.6500970251352278,
2511,25.109999999999999,0.081190180186568567,-0.0037182726791203584,5.4540059986181584,
2512,25.120000000000001,0.081144485955614062,8.9933181156122594e-19,2.0816681711721685e-17,
2513,25.129999999999999,0.081162054783490714,1.9757067623374679e-18,1.091940336095138e-16,
2514,25.140000000000001,0.081183361549611768,4.2577606035577028e-18,2.6640928261385586e-16,
2515,25.150000000000002,0.08117072093415921,-1.6667600826714559e-21,-2.7755575615628914e-17,
2516,25.16,0.081156874264776593,-3.9786137148625957e-18,-5.5511151231257827e-17,
2517,25.170000000000002,0.081076099832624426,-3.5698092587643392e-18,2.1649348980190553e-15,
2518,25.18,0.080984149237717615,1.9526015809469919e-18,1.5959455978986625e-16,
2519,25.190000000000001,0.080931974801726009,-1.0656625239062471e-17,4.163336342344337e-15,
2520,25.199999999999999,0.080845069758162649,1.7702858921408831e-18,3.7470027081099033e-16,
2521,25.210000000000001,0.080826446926097417,-4.4449733135331523e-19,-1.9775847626135601e-16,
2522,25.219999999999999,0.080803380176815889,1.7648512260084889e-18,-1.8873791418627661e-15,
2523,25.23,0.080749632499749494,-1.5787680143641223e-19,-2.2204460492503131e-16,
2524,25.240000000000002,0.080743072289435808,8.7696792874845068e-21,-8.3266726846886741e-17,
2525,25.25,0.08064322638307167,1.2802536808464993e-17,3.3306690738754696e-16,
2526,25.260000000000002,0.080584304525489134,-2.1124050700982824e-18,-3.2612801348363973e-16,
2527,25.27,0.080517057179999324,-1.4786763673032042e-18,-9.7144514654701197e-17,
2528,25.280000000000001,0.080434572215694625,-3.1286023586318934e-18,-1.9428902930940239e-15,
2529,25.289999999999999,0.080225003273541234,-0.013354526639459786,8.1999999999999993,
2530,25.300000000000001,0.080036869319941556,-0.019776983102283523,8.1999999999999993,
2531,25.310000000000002,0.079855983023358168,-0.0046228322775142454,6.0813368777032917,
2532,25.32,0.079741429665975264,-0.0033447490122090564,5.1728127839380038,
2533,25.330000000000002,0.079656816909896955,-2.3830995228737406e-06,0.13807532793017779,
2534,25.34,0.079535922172354653,-2.1547125352220913e-06,0.13129242278874692,
2535,25.350000000000001,0.079301302960660125,-0.021093875404400619,8.1999999999999993,
2536,25.359999999999999,0.079041308506527783,-0.025406683105568449,8.1999999999999993,
2537,25.370000000000001,0.078875063827534245,-6.7853181535627604e-06,0.23298614814727009,
2538,25.379999999999999,0.078772428081271495,-1.4953038807163921e-17,3.3306690738754696e-16,
2539,25.390000000000001,0.078532211511702657,-0.022373203355654077,8.1999999999999993,
2540,25.400000000000002,0.078252596483903536,-0.029304654661600291,8.1999999999999993,
2541,25.41,0.077979477395814234,-0.012836484712330358,8.1999999999999993,
2542,25.420000000000002,0.077815752172902403,-0.012317363307787509,8.1999999999999993,
2543,25.43,0.077716014266026354,-0.00018190612685625959,1.206337023741733,
2544,25.440000000000001,0.077591366666192332,-0.00034464316850126676,1.6604654010277182,
2545,25.449999999999999,0.07751395646535883,3.580450028630856e-19,-8.3266726846886741e-17,
2546,25.460000000000001,0.077380024485542015,-0.00030409279326105396,1.5597250867022825,
2547,25.469999999999999,0.077239855465463761,-0.0019042398696746384,3.9030653283537378,
2548,25.48,0.077133291616942851,-0.00050808562206273349,2.0161063901743619,
2549,25.490000000000002,0.077073557005017196,-1.9433478268323232e-18,-4.163336342344337e-16,
2550,25.5,0.077001469917575602,-1.5612360099717942e-18,-3.8857805861880479e-16,
2551,25.510000000000002,0.076887611647203397,1.8006707236395414e-17,3.3306690738754696e-16,
2552,25.52,0.076840602642394507,-6.8796502199809445e-20,-4.8572257327350599e-17,
2553,25.530000000000001,0.076745845686899794,-3.5497514247207068e-17,-2.1649348980190553e-15,
2554,25.539999999999999,0.076632208388108011,9.3330898565113785e-18,3.3306690738754696e-16,
2555,25.550000000000001,0.076592764034826732,9.0538375230758421e-19,1.1102230246251565e-16,
2556,25.560000000000002,0.076521096274914699,-6.465791211273567e-19,-2.1649348980190553e-15,
2557,25.57,0.076541043351310262,4.0289823875355871e-20,-5.8980598183211441e-17,
2558,25.580000000000002,0.076562920339688686,-3.5779085606432445e-19,5.419607270480184e-17,
2559,25.59,0.076562097301328763,-1.2740206168967214e-17,-1.3045120539345589e-15,
2560,25.600000000000001,0.076677355949180986,-6.5947247662734308e-19,-3.3306690738754696e-16,
2561,25.609999999999999,0.076758058329591927,-1.987085240326108e-19,-1.8041124150158794e-16,
2562,25.620000000000001,0.076873305775336048,-1.2802536808464993e-17,-3.3306690738754696e-16,
2563,25.629999999999999,0.076927688485877666,-6.8224496144566501e-19,-1.457167719820518e-16,
2564,25.640000000000001,0.076983198893858365,-2.9605007500641672e-18,-5.4704506261432723e-16,
2565,25.650000000000002,0.076938125753738956,7.5871694451774086e-19,3.4000580129145419e-16,
2566,25.66,0.077005330235150993,-2.9774868165789372e-19,3.3306690738754696e-16,
2567,25.670000000000002,0.07699855799991312,-1.588112921896685e-20,-9.8879238130678004e-17,
2568,25.68,0.077063445999118532,-4.2290226859421877e-18,-4.2484682571053665e-16,
2569,25.690000000000001,0.077108293758449992,9.0522951641662535e-19,-4.0245584642661925e-16,
2570,25.699999999999999,0.077094398047813678,-1.9065629475222791e-19,-9.7144514654701197e-17,
2571,25.710000000000001,0.077061156392901398,-1.1690419787606537e-18,2.7755575615628914e-16,
2572,25.719999999999999,0.077082067413009228,-3.719037659500766e-19,-1.2490009027033011e-16,
2573,25.73,0.077158562284717958,-3.0041834402959238e-18,-6.5420745758094196e-16,
2574,25.740000000000002,0.077269413119469513,-7.5983663805345715e-18,-3.3306690738754696e-16,
2575,25.75,0.0773594828610987,2.0177543921505836e-18,9.7144514654701197e-17,
2576,25.760000000000002,0.077380631326105939,2.9570475269651571e-18,1.2403711114978786e-16,
2577,25.77,0.077277779794009543,7.5983663805345715e-18,3.3306690738754696e-16,
2578,25.780000000000001,0.077053205089551838,-0.017588521561160815,8.1999999999999993,
2579,25.789999999999999,0.076808047149656195,-0.030208221737416663,8.1999999999999993,
2580,25.800000000000001,0.076627170104851247,-1.075250999349464e-18,3.3306690738754696e-16,
2581,25.810000000000002,0.076550847738399069,4.1442899212363022e-19,4.4408920985006262e-16,
2582,25.82,0.076436046462460688,1.1067813332488186e-17,3.3306690738754696e-16,
2583,25.830000000000002,0.076332240897915793,9.3330898565113785e-18,3.3306690738754696e-16,
2584,25.84,0.076143171777830421,-0.0080152438449467428,8.0076182950721346,
2585,25.850000000000001,0.07601919137851923,-0.009032026175930746,8.1999999999999993,
2586,25.859999999999999,0.075924174179449591,-0.0015575933510005909,3.5299783013504062,
2587,25.870000000000001,0.075827394623154909,-1.5181805966242328e-05,0.34850315311334873,
2588,25.879999999999999,0.07563738115351501,-0.0091541604994690544,8.1999999999999993,
2589,25.890000000000001,0.075466146287339636,-0.026854165423285642,7.4665235648968196,
2590,25.900000000000002,0.075191626768865455,-0.013941055046891452,8.1999999999999993,
2591,25.91,0.07496338533667106,-0.036505353589335612,6.1709989792097169,
2592,25.920000000000002,0.074539252228806571,-0.032027213665526189,8.1999999999999993,
2593,25.93,0.074203981944073266,-0.025098939935094027,8.1999999999999993,
2594,25.940000000000001,0.073865823704549916,-0.046746116467265321,6.4240414298725801,
2595,25.949999999999999,0.073401710094232575,-0.027956197158084211,8.1999999999999993,
2596,25.960000000000001,0.073085790839214362,-0.027772573907196074,8.1999999999999993,
2597,25.969999999999999,0.072838603532912674,-0.0086454317501539531,8.1999999999999993,
2598,25.98,0.072661565254762764,-0.032195091718029187,5.8940668459106647,
2599,25.990000000000002,0.072486871215126494,-2.8099744753262711e-18,3.3306690738754696e-16,
2600,26,0.072260158867174129,-0.018218010911612691,8.1999999999999993,
2601,26.010000000000002,0.072100953075582092,-0.0025456445707804582,4.5127770348471348,
2602,26.02,0.072062900715068545,1.54231979982512e-18,3.0531133177191805e-16,
2603,26.030000000000001,0.071961177690813213,5.8636429045577644e-18,3.3306690738754696e-16,
2604,26.039999999999999,0.071792074630058086,-0.0039741213064255695,5.6385255565089487,
2605,26.050000000000001,0.071638662625698624,-0.013080947484684498,8.1999999999999993,
2606,26.060000000000002,0.071443879446111178,-0.023347867256136176,8.1999999999999993,
2607,26.07,0.071298969864653089,6.5947247662734308e-19,3.3306690738754696e-16,
2608,26.080000000000002,0.071311532026823804,2.2908243025938245e-19,1.3877787807814457e-16,
2609,26.09,0.071335162141426364,1.2171580800137688e-18,1.2816988792945281e-16,
2610,26.100000000000001,0.071418898781525367,3.1563571754204769e-18,6.3682943379606419e-16,
2611,26.109999999999999,0.071466710324242066,7.4447255372168236e-19,1.3877787807814457e-17,
2612,26.120000000000001,0.071466747333504513,8.8346302627731644e-19,1.3817989967411417e-17,
2613,26.129999999999999,0.071469759421202386,8.9578604041852625e-19,-2.7554275008453242e-18,
2614,26.140000000000001,0.071445061587313022,-1.5454351634190293e-18,-1.3322676295501878e-15,
2615,26.150000000000002,0.071429061889091316,2.1651558801487949e-19,1.3877787807814457e-16,
2616,26.16,0.071385899387403459,3.3972585056736208e-18,-1.609823385706477e-15,
2617,26.170000000000002,0.07135668839252321,3.7562239303440844e-19,-1.214306433183765e-16,
2618,26.18,0.071371271672518111,-5.2475374045006696e-19,-1.1782250731467853e-16,
2619,26.190000000000001,0.071409261022249718,-3.1148473031391977e-18,-2.2095211816021188e-16,
2620,26.199999999999999,0.071428373421337135,-4.7495599101320775e-18,-1.0139822467098195e-16,
2621,26.210000000000001,0.071462407448211654,-4.7199064660993179e-18,3.3873352031724361e-18,
2622,26.219999999999999,0.071515142231722006,-5.0710854616408528e-18,1.2334819306575275e-16,
2623,26.23,0.071645454852543866,0.00015981306292167671,-1.1307097343586581,
2624,26.240000000000002,0.071773922958149133,0.00052490543728823849,-2.0492055773655085,
2625,26.25,0.071760009299682015,2.1577464371250938e-19,1.3530843112619095e-16,
2626,26.260000000000002,0.071705353491289522,1.2957366836531532e-18,4.2743586448068527e-15,
2627,26.27,0.071639510648926139,-1.6320477424821889e-18,-1.3877787807814457e-17,
2628,26.280000000000001,0.071700777585895561,-1.6193996219745422e-18,2.0861135647160553e-16,
2629,26.289999999999999,0.07179729907079109,3.6863891119164317e-17,-1.5543122344752192e-15,
2630,26.300000000000001,0.071910808288826095,6.2794214272798853e-18,-3.3306690738754696e-16,
2631,26.310000000000002,0.071904534283751487,5.2269007202253174e-21,4.6837533851373792e-17,
2632,26.32,0.071855665774577901,1.3886033008303771e-18,-2.4980018054066022e-15,
2633,26.330000000000002,0.071818980320645001,-8.8980523157080931e-19,-3.8857805861880479e-16,
2634,26.34,0.071927157697602689,-9.3330898565113785e-18,-3.3306690738754696e-16,
2635,26.350000000000001,0.072064967012654746,0.00050779896198812344,-2.0155375699562055,
2636,26.359999999999999,0.0721470192090682,1.4355730395710268e-18,-4.163336342344337e-16,
2637,26.370000000000001,0.072164700459451558,3.0441883656212331e-20,-5.5511151231257827e-17,
2638,26.379999999999999,0.07218833054514609,-4.8287086626657881e-19,-1.6492903871312719e-16,
2639,26.390000000000001,0.072165651541770084,6.100923403308559e-19,1.1102230246251565e-16,
2640,26.400000000000002,0.072098445137765393,-3.4635421616149918e-18,1.1102230246251565e-15,
2641,26.41,0.071978303482549702,-2.8099744753262711e-18,3.3306690738754696e-16,
2642,26.420000000000002,0.071840909064861916,-0.00048360012753805921,1.9669267958682335,
2643,26.43,0.071682433466245934,-0.005431989575845197,6.5921101785969549,
2644,26.440000000000001,0.07155284168449165,-0.007776110075919402,7.8872606529361775,
2645,26.449999999999999,0.0715121081305546,-7.636387607627e-19,2.0122792321330962e-16,
2646,26.460000000000001,0.071546928174455668,2.8938933668126688e-18,5.198397999302021e-16,
2647,26.469999999999999,0.071635309279809989,3.1458395722208051e-19,-3.0531133177191805e-16,
2648,26.48,0.071729386931365852,6.8421963650137024e-18,3.7470027081099033e-16,
2649,26.490000000000002,0.071825255430295235,4.0035303523121725e-20,3.6082248300317588e-16,
2650,26.5,0.07190357695441274,-2.1128853258216448e-18,-1.5265566588595902e-16,
2651,26.510000000000002,0.071968477914879758,-6.8311348809531699e-18,-4.2482524087391935e-16,
2652,26.52,0.072026918839773385,1.5857196094884591e-19,-4.4408920985006262e-16,
2653,26.530000000000001,0.072046280215641662,6.2517670727332155e-20,1.0408340855860843e-17,
2654,26.539999999999999,0.072084834461276864,1.0299658786228013e-18,2.2407783234790671e-16,
2655,26.550000000000001,0.072134608538833689,-7.5580156501803184e-19,-3.0531133177191805e-16,
2656,26.560000000000002,0.07218628773736234,8.9680265974814881e-19,1.2490009027033011e-16,
2657,26.57,0.072282962823355806,6.6929639659053701e-17,2.4980018054066022e-15,
2658,26.580000000000002,0.072384051410597644,1.1483591855210307e-17,-3.3306690738754696e-16,
2659,26.59,0.072516669071067588,0.0002465301031933914,-1.404364918939208,
2660,26.600000000000001,0.072666670583328943,0.003030491891003555,-4.9238130679411869,
2661,26.609999999999999,0.072864330202525585,0.027547344028894149,-8.1999999999999993,
2662,26.620000000000001,0.073123562339271544,0.012022692441394157,-8.1999999999999993,
2663,26.629999999999999,0.073241040477778949,0.0020299463740738257,-4.029835107369852,
2664,26.640000000000001,0.07329364313460919,-1.6963752657840396e-18,-3.4000580129145419e-16,
2665,26.650000000000002,0.073447141655876708,0.0018385385411525776,-3.8351412398007771,
2666,26.66,0.073550235902524227,0.00027733514232399956,-1.4895237959133074,
2667,26.670000000000002,0.073564744213359928,3.8052758043302213e-19,-2.0122792321330962e-16,
2668,26.68,0.073620056802342876,-2.0927272185645191e-18,-5.4737449742332285e-16,
2669,26.690000000000001,0.073673823102038211,-6.9138454193597437e-19,3.5388358909926865e-16,
2670,26.699999999999999,0.073767382801227355,-2.4514901672893248e-19,-2.0816681711721685e-16,
2671,26.710000000000001,0.073903879815988435,0.00043322057308130079,-1.8616564088602479,
2672,26.719999999999999,0.074012252897879785,9.1255888311938343e-06,-0.27019383902954947,
2673,26.73,0.074063814734211239,-9.3335102284648053e-19,-1.3877787807814457e-16,
2674,26.740000000000002,0.074101121950194623,-3.8593584216971249e-18,-1.3327025707987916e-16,
2675,26.75,0.074128789348560264,-5.3831954138056939e-18,-3.0919589383453327e-16,
2676,26.760000000000002,0.07415402288967525,1.1647860309743694e-21,1.7347234759768071e-17,
2677,26.77,0.074157423011374748,3.3336155704051981e-19,2.5646354539195695e-17,
2678,26.780000000000001,0.074217508527843298,-2.1026628697945817e-18,-6.1048025001528306e-16,
2679,26.789999999999999,0.074261604405325379,8.5508725028117041e-19,-3.4694469519536142e-17,
2680,26.800000000000001,0.074332173184135347,-1.2571238053523269e-18,-4.5091356402634391e-16,
2681,26.810000000000002,0.074331301128918698,3.0141637707081899e-21,3.8163916471489756e-17,
2682,26.82,0.074320234216323652,1.2835317007738421e-17,2.3314683517128287e-15,
2683,26.830000000000002,0.074301121686678101,-4.8807865586034258e-19,-1.6653345369377348e-16,
2684,26.84,0.07432445770189583,-1.7833013160975422e-18,-1.6541876443444073e-16,
2685,26.850000000000001,0.074401510653857486,-3.6298456295470813e-18,-5.4669665689732151e-16,
2686,26.859999999999999,0.074617517212426251,0.015133381716913844,-8.1999999999999993,
2687,26.870000000000001,0.074847102840388674,0.032101665858233749,-7.6522467451601575,
2688,26.879999999999999,0.075193767742844295,0.025349041345353852,-8.1999999999999993,
2689,26.890000000000001,0.075510841303329523,0.035448273623686036,-8.1999999999999993,
2690,26.900000000000002,0.075850327399384937,0.020244602400390929,-8.1999999999999993,
2691,26.91,0.076118338490549359,0.031202547444318617,-8.1999999999999993,
2692,26.920000000000002,0.076391433564253167,0.010029439827645625,-8.1999999999999993,
2693,26.93,0.076544988655833146,0.015935993303439377,-8.1999999999999993,
2694,26.940000000000001,0.076659970670324803,1.32046546009187e-05,-0.32501882531221804,
2695,26.949999999999999,0.076702466238352002,-8.8210687555697935e-19,4.8572257327350599e-17,
2696,26.960000000000001,0.076727950077380702,1.8981239005140335e-19,2.7336550639031229e-16,
2697,26.969999999999999,0.076758589675220604,-2.8545378433034552e-20,1.5612511283791264e-16,
2698,26.98,0.076781908497486409,2.0851678253515247e-18,1.987057556259809e-16,
2699,26.990000000000002,0.07683739403313726,6.1988909790307914e-18,3.4109193633586409e-16,
2700,27,0.076913557481488454,1.030672243837199e-19,2.5673907444456745e-16,
2701,27.010000000000002,0.077044966355997585,0.00019878209680998651,-1.2610538348856868,
2702,27.02,0.077213122518969821,0.0060760180831363492,-6.9719541496692869,
2703,27.030000000000001,0.077378977355932854,0.022158860373102829,-8.1999999999999993,
2704,27.039999999999999,0.077568679694003662,0.0036305165722577059,-5.3892608563755466,
2705,27.050000000000001,0.077690381725272206,0.0037718758404919734,-5.4931781988149453,
2706,27.060000000000002,0.077709470427971314,-5.2672487907313994e-19,-1.0755285551056204e-16,
2707,27.07,0.077738942943456832,-1.4838252477115925e-18,-3.0618976995156167e-16,
2708,27.080000000000002,0.077785384225495718,-1.9911638879404612e-19,-9.7144514654701197e-17,
2709,27.09,0.077834382034057265,1.408641080969664e-19,4.6070606043824267e-17,
2710,27.100000000000001,0.07783627489512869,5.8803407753221852e-19,4.0899829753148835e-17,
2711,27.109999999999999,0.077856194620880559,6.6977036607434769e-19,4.2054791457915866e-17,
2712,27.120000000000001,0.077894249223575435,4.7589445711605267e-19,8.1137212551222989e-17,
2713,27.129999999999999,0.077894241246822787,-1.9613294446379248e-17,1.6940658945086007e-15,
2714,27.140000000000001,0.077877246769844852,-4.468581049397643e-19,-1.3877787807814457e-17,
2715,27.150000000000002,0.07784269428584005,-4.5216790867213257e-18,3.8302694349567901e-15,
2716,27.16,0.07784966134798707,1.0703610730942023e-19,-1.0408340855860843e-17,
2717,27.170000000000002,0.077875316221192342,1.0568180916383132e-18,2.7365033551150728e-16,
2718,27.18,0.077969850866154017,-3.6803191887478772e-18,-2.6367796834847468e-16,
2719,27.190000000000001,0.078113266764557376,0.00089061781361823075,-2.6692587939249823,
2720,27.199999999999999,0.078283993281872855,0.010170559611638996,-8.1999999999999993,
2721,27.210000000000001,0.078447279994998911,0.019421494173229959,-8.1999999999999993,
2722,27.219999999999999,0.078665487610873067,0.015227882083635682,-8.1999999999999993,
2723,27.23,0.078873695926675508,0.022177736475484926,-8.1999999999999993,
2724,27.240000000000002,0.079119568153717582,0.018016010990131771,-8.1999999999999993,
2725,27.25,0.079363872395768947,0.028356336103525309,-8.1999999999999993,
2726,27.260000000000002,0.07955240640920952,0.00014988615532988056,-1.0950293341454382,
2727,27.27,0.079698948692273494,0.0021817294813285975,-4.1777788178203954,
2728,27.280000000000001,0.079736617849646488,-1.5272041587185414e-18,-1.5265566588595902e-16,
2729,27.289999999999999,0.079780923634069328,-4.7412888568497151e-18,-1.926695729245401e-16,
2730,27.300000000000001,0.079784089562402793,-6.6180552600605921e-18,-1.9678826068658938e-16,
2731,27.310000000000002,0.079763439730013125,-8.0188793606371159e-18,-1.9428902930940239e-15,
2732,27.32,0.079740513542563049,4.053901043408165e-20,-1.9428902930940239e-16,
2733,27.330000000000002,0.079685131795878439,-1.0287028274850872e-17,-3.4972025275692431e-15,
2734,27.34,0.079613224632320512,-1.7180880982904065e-18,-1.2490009027033011e-16,
2735,27.350000000000001,0.079570661668116854,-7.4026868487837216e-18,-2.2204460492503131e-16,
2736,27.359999999999999,0.079509882461718154,1.5708411613613928e-19,-5.5511151231257827e-17,
2737,27.370000000000001,0.079469487514298651,-7.1721581375299362e-18,-4.0523140398818214e-15,
2738,27.379999999999999,0.079451192078077215,-3.4002177405752298e-19,6.9388939039072284e-18,
2739,27.390000000000001,0.079386231908495489,3.8002054908152836e-19,1.1102230246251565e-16,
2740,27.400000000000002,0.079306164565881895,3.1049338378655802e-18,-1.8318679906315083e-15,
2741,27.41,0.079218539222101314,-1.4944128396930919e-18,2.6367796834847468e-16,
2742,27.420000000000002,0.079245045913502898,-4.9199743636920435e-19,-2.0122792321330962e-16,
2743,27.43,0.079232140127607403,-5.4445451437972969e-18,8.8817841970012523e-16,
2744,27.440000000000001,0.079272012495708949,1.2055721041849533e-19,4.8572257327350599e-17,
2745,27.449999999999999,0.079289460286216001,2.4394811503377207e-20,-3.3116081254359935e-17,
2746,27.460000000000001,0.079384638484133296,5.3300158371296821e-17,3.6082248300317588e-15,
2747,27.469999999999999,0.079490893400259569,-4.1289194285809565e-18,-3.3306690738754696e-16,
2748,27.48,0.079574366508326944,1.4108567392618497e-19,-1.3877787807814457e-16,
2749,27.490000000000002,0.07964370410690931,-4.2382852753396612e-18,-4.174367541925578e-16,
2750,27.5,0.079572917312369387,-1.6171431951448357e-18,-7.6327832942979512e-17,
2751,27.510000000000002,0.079513473980081892,-7.2225464275074186e-18,-6.106226635438361e-16,
2752,27.52,0.079656310594339391,0.00084627138504661352,-2.6019552418081533,
2753,27.530000000000001,0.079723114571764606,-5.6287631047890929e-20,7.6327832942979512e-17,
2754,27.539999999999999,0.079685795437776943,-3.8880388507734073e-18,-5.5511151231257827e-17,
2755,27.550000000000001,0.079661490639203775,-1.978387025617412e-19,2.4980018054066022e-15,
2756,27.560000000000002,0.079676735697432458,2.1750844734200027e-19,0,
2757,27.57,0.079678246816649256,2.3104202048041228e-19,-1.3692615650226956e-18,
2758,27.580000000000002,0.079598754857739484,-6.216467000767795e-18,-5.2735593669694936e-15,
2759,27.59,0.079507939251135168,1.3617300996114017e-18,-1.5959455978986625e-16,
2760,27.600000000000001,0.079461120358040427,-3.8424218019623112e-19,-1.8873791418627661e-15,
2761,27.609999999999999,0.079433914814224363,-4.006124690225446e-19,8.6736173798840355e-17,
2762,27.620000000000001,0.079437304270619583,4.7216163674308814e-19,8.1139744470914486e-17,
2763,27.629999999999999,0.079481558160224244,1.5073937319616162e-19,1.0922466754047811e-16,
2764,27.640000000000001,0.079533891698102474,2.1115049891643693e-18,5.4900562631282017e-16,
2765,27.650000000000002,0.079583450656309229,1.6842151330339621e-18,6.9388939039072284e-18,
2766,27.66,0.079607035745748192,2.0846135454521351e-18,1.2809490596948262e-16,
2767,27.670000000000002,0.079606276050097319,-1.1375018533371319e-17,1.0026701691145945e-15,
2768,27.68,0.079636923504691648,-4.2929862235006729e-20,-2.0816681711721685e-16,
2769,27.690000000000001,0.079649124398845333,-2.1764553232308085e-18,-2.3281227919888149e-16,
2770,27.699999999999999,0.079665785277705251,-1.8273966752983729e-19,1.0408340855860843e-17,
2771,27.710000000000001,0.079584017431132983,-1.0209806404575721e-17,-5.8286708792820718e-15,
2772,27.719999999999999,0.079634799399930123,8.1253239256329019e-19,3.2612801348363973e-16,
2773,27.73,0.07968087942226007,1.9781806300478047e-19,1.9428902930940239e-16,
2774,27.740000000000002,0.079697837575002081,2.3152490631436822e-18,1.8811311298993562e-16,
2775,27.75,0.079705191153630034,4.087313310111157e-18,1.6323649980821505e-16,
2776,27.760000000000002,0.079703591193490755,-1.8843281412467533e-17,3.0808688933348094e-15,
2777,27.77,0.079645732924598908,-1.4361403110422046e-18,-1.3877787807814457e-17,
2778,27.780000000000001,0.079635113056866116,-1.7100319822566272e-17,2.0539125955565396e-15,
2779,27.789999999999999,0.079652360134377972,-3.1363547915863699e-20,-1.5612511283791264e-16,
2780,27.800000000000001,0.07967187668967389,-1.49779471179098e-18,-1.0072516937864912e-16,
2781,27.810000000000002,0.07963753262267291,8.3825400522690303e-18,-1.609823385706477e-15,
2782,27.82,0.079654091273908434,4.0049238720717841e-19,5.2041704279304213e-17,
2783,27.830000000000002,0.079805600163565207,0.0016250811735449009,-3.605641328301969,
2784,27.84,0.079964555736606102,0.009296576029274679,-8.1999999999999993,
2785,27.850000000000001,0.080024247572252322,-1.3614310322925202e-19,-3.8857805861880479e-16,
2786,27.859999999999999,0.080098429500795626,-1.3064306931965264e-18,6.2450045135165055e-17,
2787,27.870000000000001,0.080234051601510342,0.00038669356252564295,-1.7588486291336001,
2788,27.879999999999999,0.080278522227630919,-8.3010249300410864e-19,3.1918911957973251e-16,
2789,27.890000000000001,0.080391750053992919,-2.3941959526041509e-18,-3.3306690738754696e-16,
2790,27.900000000000002,0.080460123625031535,-1.7690027551268311e-18,-3.5388358909926865e-16,
2791,27.91,0.080433330057857702,4.6643336990583495e-19,1.214306433183765e-16,
2792,27.920000000000002,0.080365759510975021,-1.2876846267163915e-17,5.5511151231257827e-17,
2793,27.93,0.080322515531997332,-5.5949218011338906e-19,-7.2164496600635175e-16,
2794,27.940000000000001,0.080223205939175896,2.3941959526041502e-18,3.3306690738754696e-16,
2795,27.949999999999999,0.080154743751571486,-2.187471587589927e-19,-2.9837243786801082e-16,
2796,27.960000000000001,0.080123969678753626,-8.1232966618677885e-19,6.9388939039072284e-18,
2797,27.969999999999999,0.080092278543412609,-8.8884614116832369e-19,-2.1649348980190553e-15,
2798,27.98,0.080060386062648911,-6.707279262929697e-19,5.5511151231257827e-17,
2799,27.990000000000002,0.080152414559713892,3.4413075822493961e-17,-2.9420910152566648e-15,
2800,28,0.080244536380958839,1.7730222290379954e-19,9.7144514654701197e-17,
2801,28.010000000000002,0.080347206771384516,-7.5983663805345715e-18,-3.3306690738754696e-16,
2802,28.02,0.080309474107415166,1.7462967620439302e-18,2.0816681711721685e-17,
2803,28.030000000000001,0.080289373449328474,3.2225691165244684e-18,-4.9960036108132044e-16,
2804,28.039999999999999,0.080194934046436489,1.3942481830481302e-19,-1.9428902930940239e-16,
2805,28.050000000000001,0.080023045243863528,-0.0044447841780834588,5.9630758358977527,
2806,28.060000000000002,0.079888972529180952,-0.0077381727288860008,7.8679973202262845,
2807,28.07,0.079882953677528221,2.0588548880791144e-18,-2.7755575615628914e-17,
2808,28.080000000000002,0.079870262716638718,-5.7932555085117521e-18,1.27675647831893e-15,
2809,28.09,0.079658930974389364,-0.013836362234781487,8.1999999999999993,
2810,28.100000000000001,0.07945019310886027,-0.02696484845658164,8.1999999999999993,
2811,28.109999999999999,0.07916553649304682,-0.020039535013132433,8.1999999999999993,
2812,28.120000000000001,0.078910049662465412,-0.026658981362139022,8.1999999999999993,
2813,28.129999999999999,0.078592861354499166,-0.031549743779853853,8.1999999999999993,
2814,28.140000000000001,0.078267772031338251,-0.023040987772063499,8.1999999999999993,
2815,28.150000000000002,0.078011090747918052,-0.019563082944979514,8.1999999999999993,
2816,28.16,0.077795511128755268,-0.014122788469626057,8.1999999999999993,
2817,28.170000000000002,0.077638539013259802,-0.0074449418039088874,7.7174823894370572,
2818,28.18,0.077544011817694367,-0.0017093587183068751,3.6979548058967695,
2819,28.190000000000001,0.077545162814223106,4.5678461608375936e-19,8.6736173798840355e-19,
2820,28.199999999999999,0.07752064371016576,-6.2467470291644113e-18,-1.1657341758564144e-15,
2821,28.210000000000001,0.077494315667393773,3.4784314949363203e-19,-2.1163626406917047e-16,
2822,28.219999999999999,0.077479113340045952,-2.1704490677373008e-17,-4.2743586448068527e-15,
2823,28.23,0.077367515391445818,-1.3218315331187114e-17,3.3306690738754696e-16,
2824,28.240000000000002,0.077327075328867692,-7.6181661041683413e-19,2.0122792321330962e-16,
2825,28.25,0.077321760067260242,1.4908084088815612e-17,2.8588242884097781e-15,
2826,28.260000000000002,0.077296679859080591,2.9607920782678719e-20,3.4694469519536142e-17,
2827,28.27,0.077297839321418371,3.1471551960780994e-19,2.5800687704800935e-17,
2828,28.280000000000001,0.077220019645789104,-3.5426475350413669e-18,1.5543122344752192e-15,
2829,28.289999999999999,0.0771519162257185,1.8724380051101832e-18,-1.5265566588595902e-16,
2830,28.300000000000001,0.077017610038748602,-0.00032155174964602294,1.6038746825011514,
2831,28.310000000000002,0.076819550919343088,-0.014975665038449134,8.1999999999999993,
2832,28.32,0.076640052044332149,-0.012607271642670679,8.1999999999999993,
2833,28.330000000000002,0.076527781653402738,-0.00096212072662209562,2.7743406086810642,
2834,28.34,0.076484975814705911,2.5548488688704316e-20,-2.7755575615628914e-16,
2835,28.350000000000001,0.076450697476347251,9.4741431933103942e-19,3.5388358909926865e-16,
2836,28.359999999999999,0.076436628004584756,-2.0352357797128011e-19,-8.6736173798840355e-17,
2837,28.370000000000001,0.076437208601799769,-1.0989633103843671e-18,-9.1181622449652901e-17,
2838,28.379999999999999,0.076431171621326732,4.9241785894881431e-18,-2.9143354396410359e-15,
2839,28.390000000000001,0.076385481578503764,2.4456019631348421e-18,2.9837243786801082e-16,
2840,28.400000000000002,0.076355353909043744,-3.5973784764106668e-19,2.0122792321330962e-16,
2841,28.41,0.076225861679115228,-0.00013336556227560111,1.0329203736033081,
2842,28.420000000000002,0.076135511459933664,-1.7460292428594543e-18,-4.4408920985006262e-16,
2843,28.43,0.076072956399442115,3.3166487841646373e-18,2.9143354396410359e-16,
2844,28.440000000000001,0.076005225757939374,-1.8911887156651219e-18,-2.2204460492503131e-16,
2845,28.449999999999999,0.076036896101647058,-8.7434542900494036e-19,-2.0816681711721685e-17,
2846,28.460000000000001,0.07602109542310316,-4.8582805420654724e-18,2.4424906541753444e-15,
2847,28.469999999999999,0.075944458703474466,-3.281282445242e-18,-3.677613769070831e-16,
2848,28.48,0.075882646753905547,1.3290493436331929e-18,2.2898349882893854e-16,
2849,28.490000000000002,0.075629015588367196,-0.026865205396611587,8.1999999999999993,
2850,28.5,0.075366046634185516,-0.014111335300489164,8.1999999999999993,
2851,28.510000000000002,0.075349145107869345,6.5905989821032004e-19,8.3266726846886741e-17,
2852,28.52,0.075215781334358398,-0.00027848818958319519,1.4926170026720105,
2853,28.530000000000001,0.074985525134195624,-0.025043693319294427,8.1999999999999993,
2854,28.539999999999999,0.07474974088943688,-0.0099289379427801305,8.1999999999999993,
2855,28.550000000000001,0.074769482064044421,2.9509244052242022e-18,-3.8163916471489756e-17,
2856,28.560000000000002,0.074827419597449402,2.7243397813966198e-18,-1.0096034999739804e-17,
2857,28.57,0.07477483708148587,-4.5659145337533039e-18,-2.8310687127941492e-15,
2858,28.580000000000002,0.07466153570995776,-2.8099744753262703e-18,3.3306690738754696e-16,
2859,28.59,0.074580153889027043,-3.2718810400216227e-18,1.0408340855860843e-16,
2860,28.600000000000001,0.074470774394165523,7.5983663805345715e-18,3.3306690738754696e-16,
2861,28.609999999999999,0.074506706931891861,-8.943712976709325e-19,-1.6653345369377348e-16,
2862,28.620000000000001,0.074586557152968733,-3.0111681642787189e-18,-6.4861967839470586e-16,
2863,28.629999999999999,0.074642345406076532,7.0980484338939944e-19,1.3183898417423734e-16,
2864,28.640000000000001,0.074730106869307894,5.5407890111867485e-17,3.6637359812630166e-15,
2865,28.650000000000002,0.07476562053871097,7.5461951118650863e-19,2.7061686225238191e-16,
2866,28.66,0.074800744638442079,5.9548954816145804e-20,1.9428902930940239e-16,
2867,28.670000000000002,0.074879046534191196,1.4329470337752852e-18,6.27778766330772e-16,
2868,28.68,0.074882621040892244,-9.7469615685604075e-20,7.2858385991025898e-17,
2869,28.690000000000001,0.074864394374736423,2.5171129681182413e-18,3.7192471324942744e-15,
2870,28.699999999999999,0.074759772197008412,5.8636429045577636e-18,3.3306690738754696e-16,
2871,28.710000000000001,0.074708316642628211,7.9942000815787719e-19,3.3306690738754696e-16,
2872,28.719999999999999,0.074665152494776149,2.6114132684636492e-18,3.8857805861880479e-16,
2873,28.73,0.074688431002229494,4.3172340121446623e-19,5.8980598183211441e-17,
2874,28.740000000000002,0.074622336715933546,9.0082181355224501e-18,5.2735593669694936e-15,
2875,28.75,0.074612446254586809,1.8142936949554422e-21,7.6327832942979512e-17,
2876,28.760000000000002,0.074551999555681744,2.1672835438421701e-18,3.2751579226442118e-15,
2877,28.77,0.074535395197653481,-2.5559504115955568e-20,-1.4224732503009818e-16,
2878,28.780000000000001,0.074634086580449371,3.7394108693174376e-17,-1.0547118733938987e-15,
2879,28.789999999999999,0.074742852638379847,9.7488683792334995e-18,-3.3306690738754696e-16,
2880,28.800000000000001,0.074765327978879886,3.7445828638824816e-19,-3.4694469519536142e-18,
2881,28.810000000000002,0.07481211898247847,4.5770816942420331e-19,9.5686242704702472e-17,
2882,28.82,0.074921885138288027,-4.128919428580958e-18,-3.3306690738754696e-16,
2883,28.830000000000002,0.075037706923891681,-5.8636429045577636e-18,-3.3306690738754696e-16,
2884,28.84,0.075092394635298307,6.8946169520014698e-19,1.6653345369377348e-16,
2885,28.850000000000001,0.07517153731821595,2.0556972452395125e-18,5.2259754787669558e-16,
2886,28.859999999999999,0.075291222779267281,-4.1289194285809573e-18,-3.3306690738754696e-16,
2887,28.870000000000001,0.075380657482481433,2.1650901484678656e-18,2.7061686225238191e-16,
2888,28.879999999999999,0.075534591837477211,0.0018870390346441737,-3.8853973126507171,
2889,28.890000000000001,0.075664565063718089,0.0032026731618087475,-5.0617571350737443,
2890,28.900000000000002,0.075807090504824898,0.0081482881151414034,-8.073803621660069,
2891,28.91,0.075969667466980806,0.024999622450264922,-7.8110162389104927,
2892,28.920000000000002,0.076112449506557822,1.075250999349464e-18,-3.3306690738754696e-16,
2893,28.93,0.076178392467877373,1.4197275675645174e-18,1.1102230246251565e-16,
2894,28.940000000000001,0.076428394822968093,0.025608557265015652,-8.1999999999999993,
2895,28.949999999999999,0.076644642097423193,0.0047224249087365463,-6.1464948767482461,
2896,28.960000000000001,0.076807521242882384,0.018007083218633164,-8.1999999999999993,
2897,28.969999999999999,0.076956994974658133,0.0014526130892782557,-3.4089448095013313,
2898,28.98,0.077161271386457647,0.02351963657183084,-8.1999999999999993,
2899,28.990000000000002,0.077360542900865442,0.0038880002832037477,-5.5770962216578281,
2900,29,0.077513899339997902,0.012890030321508001,-8.1999999999999993,
2901,29.010000000000002,0.077640964218577482,0.002656706776619268,-4.6101685666528684,
2902,29.02,0.077825259259554705,0.020694492332622945,-8.1999999999999993,
2903,29.030000000000001,0.078020520428033813,0.0064745301520789346,-7.196960554055547,
2904,29.039999999999999,0.078162038534633521,0.013228953457147689,-8.1999999999999993,
2905,29.050000000000001,0.078310191223383216,0.0066572355210624988,-7.2977999539929828,
2906,29.060000000000002,0.078458669047431609,0.016101454608451058,-8.1999999999999993,
2907,29.07,0.078614362975004515,0.004148105433321822,-5.7606287388248321,
2908,29.080000000000002,0.078738972294596463,0.0049256033878736609,-6.2773264295390367,
2909,29.09,0.078821307804371868,6.863802463799896e-05,-0.74101565240148504,
2910,29.100000000000001,0.079069209060162821,0.028153468053042079,-8.1999999999999993,
2911,29.109999999999999,0.07935500189255032,0.018127329513604649,-8.1999999999999993,
2912,29.120000000000001,0.079602811699041112,0.029513453972323894,-8.1999999999999993,
2913,29.129999999999999,0.0798920621050834,0.016705677539971885,-8.1999999999999993,
2914,29.140000000000001,0.080123631484288776,0.027205194502207757,-8.1999999999999993,
2915,29.150000000000002,0.080429310343940644,0.026108112937676144,-8.1999999999999993,
2916,29.16,0.080764236711633047,0.040890184031466228,-8.1946159226033508,
2917,29.170000000000002,0.081176813632565112,0.0306735101902199,-8.1999999999999993,
2918,29.18,0.081501452356000814,0.024613583539817383,-8.1999999999999993,
2919,29.190000000000001,0.081706066129533017,0.0037121405479944129,-5.4495068019000881,
2920,29.199999999999999,0.081906694202945593,0.031721652159818273,-7.4721048736375026,
2921,29.210000000000001,0.082155441782112731,0.0029912327704245136,-4.891815834983583,
2922,29.219999999999999,0.082371143043262832,0.036418837824462612,-6.5371475432177277,
2923,29.23,0.082726500395925981,0.016739201613964035,-8.1999999999999993,
2924,29.240000000000002,0.082919577983750742,0.013076357257334583,-8.1999999999999993,
2925,29.25,0.083123417145670286,0.027484824035467852,-8.1999999999999993,
2926,29.260000000000002,0.083422653590857793,0.023414740322634377,-8.1999999999999993,
2927,29.27,0.083705058571711122,0.027431513953995845,-8.1999999999999993,
2928,29.280000000000001,0.084080271896816217,0.057249775548599384,-3.9858076155489877,
2929,29.289999999999999,0.084725465112119522,0.048460461837885979,-8.1999999999999993,
2930,29.300000000000001,0.085227449527914181,0.042242961485199612,-8.1999999999999993,
2931,29.310000000000002,0.085633098888386008,0.026579700036193924,-8.1999999999999993,
2932,29.32,0.085943710019400599,0.029341272678452893,-8.1999999999999993,
2933,29.330000000000002,0.086192734084588288,0.0069327881726089459,-7.447301885976664,
2934,29.34,0.086405920451477755,0.058306068664839533,7.7808344583980773,
2935,29.350000000000001,0.08717270390730561,0.056391636268057231,-8.1999999999999993,
2936,29.359999999999999,0.087633806548702814,0.021041207150473248,-8.1999999999999993,
2937,29.370000000000001,0.087793073691247489,0.00071564589733601365,-2.3927321577410443,
2938,29.379999999999999,0.087906805369147953,0.00027397160618563931,-1.4804637278518915,
2939,29.390000000000001,0.08794284288800909,2.0888533465298824e-19,9.0205620750793969e-17,
2940,29.400000000000002,0.088137725217932006,0.0094807620191799408,-8.1999999999999993,
2941,29.41,0.088260767307035567,0.0067194676784998655,-7.3318307009913255,
2942,29.420000000000002,0.08844142497100646,0.03104925260182605,-6.6365749312007267,
2943,29.43,0.088633270381343124,-4.1289194285809573e-18,-3.3306690738754696e-16,
2944,29.440000000000001,0.088848880137874162,0.015022174226302859,-8.1999999999999993,
2945,29.449999999999999,0.088962860988310882,0.00011262836750731678,-0.94922438867661751,
2946,29.460000000000001,0.089141848020107259,0.0078841070314813223,-7.9418421195495075,
2947,29.469999999999999,0.089260018034142796,0.0070229296027964306,-7.4955611412602998,
2948,29.48,0.089311089915121253,-1.4768939559287123e-18,2.2898349882893854e-16,
2949,29.490000000000002,0.089420080615938535,-7.5983663805345715e-18,-3.3306690738754696e-16,
2950,29.5,0.0895806804291428,0.0027075215137661143,-4.6540490016897049,
2951,29.510000000000002,0.089729390917532167,0.0089819979692208202,-8.1999999999999993,
2952,29.52,0.089927332962161016,0.043912910216177582,-2.1726902018881291,
2953,29.530000000000001,0.090508153982341411,0.046178492441557153,-8.1999999999999993,
2954,29.539999999999999,0.091001500988861547,0.044401657344328799,-8.1999999999999993,
2955,29.550000000000001,0.091508413945099357,0.054207792560775354,-8.1999999999999993,
2956,29.560000000000002,0.092045932338929826,0.041756081732500373,-8.1999999999999993,
2957,29.57,0.092452794415184059,0.027671186734416219,-8.1999999999999993,
2958,29.580000000000002,0.092794768150521775,0.038496491557761033,-8.1999999999999993,
2959,29.59,0.093004536064493104,6.2794214272798853e-18,-3.3306690738754696e-16,
2960,29.600000000000001,0.093114175122846352,-5.8636429045577644e-18,-3.3306690738754696e-16,
2961,29.609999999999999,0.093356653624653757,0.023102613702156015,-8.1999999999999993,
2962,29.620000000000001,0.093575937600790901,0.0087443695682218447,-8.1999999999999993,
2963,29.629999999999999,0.093605809796465711,-1.7321290316294164e-18,9.0205620750793969e-17,
2964,29.640000000000001,0.0937392876611058,0.00028354163800523014,-1.5060986368899898,
2965,29.650000000000002,0.094008369720721144,0.042189961907118559,-6.8512553329632828,
2966,29.66,0.094392933548034033,0.017158362069762626,-8.1999999999999993,
2967,29.670000000000002,0.094602730493345222,0.017605624273187927,-8.1999999999999993,
2968,29.68,0.094805695350102526,0.014329628880924015,-8.1999999999999993,
2969,29.690000000000001,0.094996510119164698,0.01807401252242476,-8.1999999999999993,
2970,29.699999999999999,0.095177318916299936,0.006950936026378497,-7.4570428596748703,
2971,29.710000000000001,0.095371033733138683,0.039420772613595445,-4.0922055056270761,
2972,29.719999999999999,0.095741120132685334,0.011259245601910519,-8.1999999999999993,
2973,29.73,0.095961479361996907,0.045917514165125232,-2.2773017277485303,
2974,29.740000000000002,0.096477526639777073,0.029945796023814406,-8.1999999999999993,
2975,29.75,0.096875700836821899,0.058357908908044161,-4.4389515754338564,
2976,29.760000000000002,0.0974594629579663,0.035447312820840113,-8.1999999999999993,
2977,29.77,0.097865226440795178,0.040599766412922032,-8.1999999999999993,
2978,29.780000000000001,0.098281506903655141,0.032290538144830565,-8.1999999999999993,
2979,29.789999999999999,0.098588978037089714,0.016973875111251296,-8.1999999999999993,
2980,29.800000000000001,0.09879449278544962,0.016594345885829899,-8.1999999999999993,
2981,29.810000000000002,0.09898459608955118,0.012452907634178447,-8.1999999999999993,
2982,29.82,0.099087355375894123,0.0002941147037786269,-1.5339223025397852,
2983,29.830000000000002,0.099295741610902002,0.01788595660521471,-8.1999999999999993,
2984,29.84,0.099514027610303896,0.018750092032120653,-8.1999999999999993,
2985,29.850000000000001,0.099732967772579173,0.016933107422424234,-8.1999999999999993,
2986,29.859999999999999,0.099961940176648112,0.025379302430987221,-8.1999999999999993,
2987,29.870000000000001,0.10032320565540394,0.059813752481851334,-2.362405009896519,
2988,29.879999999999999,0.10096781664871936,0.041988183062773667,-8.1999999999999993,
2989,29.890000000000001,0.10142200093158756,0.041115528651938418,-8.1999999999999993,
2990,29.900000000000002,0.1018693826440826,0.040887734750151755,-8.1999999999999993,
2991,29.91,0.10225220514452593,0.02287402408710263,-8.1999999999999993,
2992,29.920000000000002,0.10253570457525281,0.02936317815713458,-8.1999999999999993,
2993,29.93,0.10293079484462923,0.059551125843333115,-3.8638475831888619,
2994,29.940000000000001,0.10350904354512511,0.032287496127401061,-8.1999999999999993,
2995,29.949999999999999,0.10372778270319082,0.00063637644438674422,-2.2563270053549278,
2996,29.960000000000001,0.10391310134547344,0.013207596618110188,-8.1999999999999993,
2997,29.969999999999999,0.10414378410395096,0.041550495023755109,-4.4608377588072967,
2998,29.98,0.10461182692456222,0.029559149863050544,-8.1999999999999993,
2999,29.990000000000002,0.10499402350829538,0.050898810017186179,-6.5079134742802651,
3000,30,0.10558327347482252,0.054317448424207111,-8.1999999999999993,
3001,30.010000000000002,0.10615028768783626,0.050076147639360954,-8.1999999999999993,
3002,30.02,0.10665190962546169,0.039103630661598179,-8.1999999999999993,
3003,30.030000000000001,0.10707241421391335,0.036646786190386103,-8.1999999999999993,
3004,30.039999999999999,0.1074299317860011,0.023022641925921124,-8.1999999999999993,
3005,30.050000000000001,0.10774934471014068,0.045785289065517522,-6.115684506275934,
3006,30.060000000000002,0.1081623108400248,0.017423744887656745,-8.1999999999999993,
3007,30.07,0.1083330473103693,0.0055442731461208348,-6.6598937806069198,
3008,30.080000000000002,0.10853846200873736,0.041817247694319361,-3.8415846317455884,
3009,30.09,0.10906207179356606,0.040389466242906583,-8.1999999999999993,
3010,30.100000000000001,0.10954564836146888,0.058083672728877135,-7.468003960691215,
3011,30.109999999999999,0.11014913096676968,0.049584395542150939,-8.1999999999999993,
3012,30.120000000000001,0.11074948525454228,0.081857055318604613,-3.1515955613460185,
3013,30.129999999999999,0.11164889424503516,0.072674438459556068,-8.1999999999999993,
3014,30.140000000000001,0.11239367510487974,0.066654548645037129,-8.1999999999999993,
3015,30.150000000000002,0.11303643529115283,0.04921002895307941,-8.1999999999999993,
3016,30.16,0.11358146977076665,0.05499069837997779,-8.1999999999999993,
3017,30.170000000000002,0.11418989075121397,0.062976573683922954,-8.1999999999999993,
3018,30.18,0.11488681624815532,0.074640034241188688,-8.1999999999999993,
3019,30.190000000000001,0.1156622890609306,0.072055660683957939,-8.1999999999999993,
3020,30.199999999999999,0.11643520473797289,0.077615491401823875,-8.1999999999999993,
3021,30.210000000000001,0.11728271004570999,0.091201073946984235,-8.1999999999999993,
3022,30.219999999999999,0.11826100142025806,0.10247393757898453,-8.1999999999999993,
3023,30.23,0.11936581336707491,0.12036794140875014,-7.4169129267558915,
3024,30.240000000000002,0.120638551029917,0.12596847480414816,-8.1999999999999993,
3025,30.25,0.12193436395628141,0.12570754398443143,-8.1999999999999993,
3026,30.260000000000002,0.12321023889600004,0.11991817252672884,-8.1999999999999993,
3027,30.27,0.12441922751608284,0.11147143366154451,-8.1999999999999993,
3028,30.280000000000001,0.12555274986693457,0.10568464002328909,-8.1999999999999993,
3029,30.289999999999999,0.1266426223898455,0.10438881515686395,-8.1999999999999993,
3030,30.300000000000001,0.12770744970839207,0.099251157107165838,-8.1999999999999993,
3031,30.310000000000002,0.12872286876813174,0.094720111268995585,-8.1999999999999993,
3032,30.32,0.12970172276627612,0.092972975333497396,-8.1999999999999993,
3033,30.330000000000002,0.13059412364363063,0.072186583999598208,-8.1999999999999993,
3034,30.34,0.13134821545026237,0.070627293913066727,-8.1999999999999993,
3035,30.350000000000001,0.13210219412092597,0.074440530448351694,-8.1999999999999993,
3036,30.359999999999999,0.13292098588382781,0.089487219771641952,-8.1299260688368697,
3037,30.370000000000001,0.13388381255045581,0.10077963877940328,-8.1999999999999993,
3038,30.379999999999999,0.13493791037613531,0.10407907492580626,-8.1999999999999993,
3039,30.390000000000001,0.13605850729477414,0.1218367627489611,-7.451788952537064,
3040,30.400000000000002,0.13732649792263027,0.12116111985942457,-8.1999999999999993,
3041,30.41,0.13858640235446956,0.12519107645964342,-8.1999999999999993,
3042,30.420000000000002,0.13990505800519548,0.13666969254312478,-8.1999999999999993,
3043,30.43,0.14133715106808714,0.14755367820427423,-8.1999999999999993,
3044,30.440000000000001,0.14287830982293434,0.15853657013407835,-8.1999999999999993,
3045,30.449999999999999,0.14451008700996035,0.16187605870799221,-8.1999999999999993,
3046,30.460000000000001,0.14617853699696756,0.16642533794748948,-8.1999999999999993,
3047,30.469999999999999,0.14788249868553488,0.16738686199382519,-8.1999999999999993,
3048,30.48,0.1495936740206508,0.16752492855235121,-8.1999999999999993,
3049,30.490000000000002,0.15132062120000409,0.17283227501923146,-8.1999999999999993,
3050,30.5,0.15309046194548562,0.17442387737074658,-8.1999999999999993,
3051,30.510000000000002,0.15488334234875667,0.17858285352106013,-8.1999999999999993,
3052,30.52,0.15672166653263234,0.18419502538136612,-8.1999999999999993,
3053,30.530000000000001,0.15861837420179517,0.19068348474907612,-8.1999999999999993,
3054,30.539999999999999,0.16058530039672184,0.19931492245932275,-8.1999999999999993,
3055,30.550000000000001,0.16261856238501834,0.20041653680022042,-8.1999999999999993,
3056,30.560000000000002,0.16466018592524617,0.20060611917389951,-8.1999999999999993,
3057,30.57,0.16667403385853746,0.19157933144732331,-8.1999999999999993,
3058,30.580000000000002,0.16858121684164004,0.17804517095913389,-8.1999999999999993,
3059,30.59,0.17032986196695299,0.15860571166624438,-8.1999999999999993,
3060,30.600000000000001,0.17190744112162298,0.14510662349138181,-8.1999999999999993,
3061,30.609999999999999,0.17335915499106661,0.1340753283748562,-8.1999999999999993,
3062,30.620000000000001,0.1747231188459317,0.12963830775291862,-8.1999999999999993,
3063,30.629999999999999,0.17602612288067773,0.12027943866729518,-8.1999999999999993,
3064,30.640000000000001,0.17727720926297802,0.12430893761688558,-8.1999999999999993,
3065,30.650000000000002,0.17855060252112503,0.12212237681710815,-8.1999999999999993,
3066,30.66,0.17981467463414544,0.12418263276620096,-8.1999999999999993,
3067,30.670000000000002,0.18107021445577212,0.1168747364335324,-8.1999999999999993,
3068,30.68,0.182245538485592,0.1075032882083356,-8.1999999999999993,
3069,30.690000000000001,0.18326772974590988,0.08304179735404893,-8.1999999999999993,
3070,30.699999999999999,0.18402224537042647,0.053387952102292399,-8.1999999999999993,
3071,30.710000000000001,0.18452730385985708,0.034685590015951145,-8.1999999999999993,
3072,30.719999999999999,0.18487757082846251,0.02442207924984896,-8.1999999999999993,
3073,30.73,0.18520752382018765,0.045289015145498254,-6.6359196828105551,
3074,30.740000000000002,0.1857514488193403,0.053120830907823567,-8.1999999999999993,
3075,30.75,0.18635615869985059,0.067735569809624155,-8.1999999999999993,
3076,30.760000000000002,0.18710422945699712,0.081022971399832083,-8.1999999999999993,
3077,30.77,0.18795063177840335,0.080777022802187862,-8.1999999999999993,
3078,30.780000000000001,0.18880086508919128,0.082701072857381847,-8.1999999999999993,
3079,30.789999999999999,0.18963409064051015,0.073226961387556508,-8.1999999999999993,
3080,30.800000000000001,0.19037479677579797,0.064386104196506394,-8.1999999999999993,
3081,30.810000000000002,0.1906129504084271,-0.010691807218851121,-0.75844715955467779,
3082,30.82,0.19082320417109278,0.061276470842332217,8.1999999999999993,
3083,30.830000000000002,0.19169901858480504,0.076619126661891371,-8.1999999999999993,
3084,30.84,0.19239694848427785,0.048651949352060075,-8.1999999999999993,
3085,30.850000000000001,0.19293557504385003,0.054115371744935088,-8.1999999999999993,
3086,30.859999999999999,0.19346644893287759,0.040140558199916028,-8.1999999999999993,
3087,30.870000000000001,0.19389442730602566,0.036758053910456778,-8.1999999999999993,
3088,30.879999999999999,0.1942712883341309,0.028159598677114175,-8.1999999999999993,
3089,30.890000000000001,0.19449150228405584,0.0030101131225604631,-4.9072298683150857,
3090,30.900000000000002,0.19459858151197057,0.0011510657255036866,-3.0345552893347523,
3091,30.91,0.19466744201111394,2.1289706434277926e-18,-3.1225022567582528e-16,
3092,30.920000000000002,0.19481376492645897,0.0011297630825031653,-3.0063440688027288,
3093,30.93,0.19492983116965495,0.00071013036906974125,-2.3834938541053359,
3094,30.940000000000001,0.1952089084288029,0.056254479414952895,-1.7817265777544389,
3095,30.949999999999999,0.19581003587849932,0.036019751679444593,-8.1999999999999993,
3096,30.960000000000001,0.19628881270150247,0.081493101363030576,3.3778425439112625,
3097,30.970000000000002,0.19725866036443937,0.076474051512930519,-8.1999999999999993,
3098,30.98,0.19808544919938509,0.085921295252647842,-8.1999999999999993,
3099,30.990000000000002,0.19897753743663532,0.08457569760857131,-8.1999999999999993,
3100,31,0.19985336913075807,0.082314867753740736,-8.1999999999999993,
3101,31.010000000000002,0.20061476251571661,0.055809780528803983,-8.1999999999999993,
3102,31.02,0.20117756518615473,0.045909210669908759,-8.1999999999999993,
3103,31.030000000000001,0.20156576161486914,0.017356881438966642,-8.1999999999999993,
3104,31.039999999999999,0.20182776271206368,0.039699763343833551,-6.2324961375731789,
3105,31.050000000000001,0.20229642050543495,0.039025753181814823,-8.1999999999999993,
3106,31.060000000000002,0.20279280336138167,0.072457689203653058,-2.7354703522662476,
3107,31.07,0.20366701401556914,0.078623819119351956,-8.1999999999999993,
3108,31.080000000000002,0.20452955381320104,0.094615464906145155,-7.8967957589594349,
3109,31.09,0.20554006681340081,0.10225190837596973,-8.1999999999999993,
3110,31.100000000000001,0.20664721336134151,0.12252631484276863,-6.7948240491713943,
3111,31.109999999999999,0.20797618557701306,0.13638484376986168,-8.1999999999999993,
3112,31.120000000000001,0.2094198626674042,0.15415402442451065,-7.4488515477273349,
3113,31.129999999999999,0.21102999728483116,0.15982318314078661,-8.1999999999999993,
3114,31.140000000000001,0.21264316282685305,0.15287580572363524,-8.1999999999999993,
3115,31.150000000000002,0.21416808549207431,0.14061963452117027,-8.1999999999999993,
3116,31.16,0.21558229792164169,0.1316584029932866,-8.1999999999999993,
3117,31.170000000000002,0.21693908854172531,0.13279257520866194,-8.1999999999999993,
3118,31.18,0.21833802973135968,0.14622063608600538,-8.1999999999999993,
3119,31.190000000000001,0.21980982970266924,0.13771237739180814,-8.1999999999999993,
3120,31.199999999999999,0.22121118615727828,0.13359368718589493,-8.1999999999999993,
3121,31.210000000000001,0.22254911090271773,0.12293351318074063,-8.1999999999999993,
3122,31.220000000000002,0.22378675905843937,0.11405727146323497,-8.1999999999999993,
3123,31.23,0.22492697276131363,0.10274874672301297,-8.1999999999999993,
3124,31.240000000000002,0.22598107011730414,0.099377997466033541,-8.1999999999999993,
3125,31.25,0.22700603179464815,0.097476941868758091,-8.1999999999999993,
3126,31.260000000000002,0.22798968864135577,0.088765464738258387,-8.1999999999999993,
3127,31.27,0.22879532130762187,0.057783650309069484,-8.1999999999999993,
3128,31.280000000000001,0.22924555743419306,0.017491333351718191,-8.1999999999999993,
3129,31.289999999999999,0.22929008608514212,8.3851511715180711e-19,-2.0469737016526324e-16,
3130,31.300000000000001,0.22940085660246404,-6.5947247662734366e-19,-3.3306690738754696e-16,
3131,31.310000000000002,0.22959544945942598,0.0094067594493930581,-8.1999999999999993,
3132,31.32,0.22978945507142901,0.038599903317961516,-4.1893038162542569,
3133,31.330000000000002,0.23026299117960577,0.0339113986534215,-8.1999999999999993,
3134,31.34,0.23067374075277847,0.047631664692253765,-8.1999999999999993,
3135,31.350000000000001,0.23117988431043313,0.045290646090617614,-8.1999999999999993,
3136,31.359999999999999,0.2316822617461913,0.049758273974608615,-8.1999999999999993,
3137,31.370000000000001,0.23223570412222141,0.05668048423753342,-8.1999999999999993,
3138,31.379999999999999,0.2328502000989161,0.060488349508257301,-8.1999999999999993,
3139,31.390000000000001,0.23339596926305634,0.034583781876331904,-8.1999999999999993,
3140,31.400000000000002,0.23379287153957493,0.03965061776163057,-8.1999999999999993,
3141,31.41,0.23419225801914795,0.029238862422800452,-8.1999999999999993,
3142,31.420000000000002,0.23454936484007841,0.039827493723584503,-8.1999999999999993,
3143,31.43,0.23497380121728006,0.036314824018500586,-8.1999999999999993,
3144,31.440000000000001,0.23540024240829138,0.046289933536993254,-8.1999999999999993,
3145,31.449999999999999,0.23589525208721049,0.044692687398493205,-8.1999999999999993,
3146,31.460000000000001,0.23638626864829376,0.047194559023700178,-8.1999999999999993,
3147,31.470000000000002,0.2368849093333032,0.043850818908898179,-8.1999999999999993,
3148,31.48,0.23731775818280318,0.031103323143744591,-8.1999999999999993,
3149,31.490000000000002,0.23770036009633527,0.044791946300272528,-8.1999999999999993,
3150,31.5,0.23813119729036825,0.029051110622384902,-8.1999999999999993,
3151,31.510000000000002,0.23846980026158665,0.033006666583343607,-8.1999999999999993,
3152,31.52,0.23870297831304518,0.0014788358316130221,-3.4395765223213388,
3153,31.530000000000001,0.23866163990106071,-9.293442662868341e-19,2.0122792321330962e-16,
3154,31.539999999999999,0.23838151694736162,-0.037335614290882495,8.1999999999999993,
3155,31.550000000000001,0.23811134868265296,-0.0031209781344207878,4.9967814716441534,
3156,31.560000000000002,0.23787516815899035,-0.050173302984450274,2.0677339266964649,
3157,31.57,0.23738442630078441,-0.021533948966329697,8.1999999999999993,
3158,31.580000000000002,0.23710344201988637,-0.032526848951751418,8.1999999999999993,
3159,31.59,0.23670572001996718,-0.046636318479863936,8.1999999999999993,
3160,31.600000000000001,0.23614779550346909,-0.070743894464098997,5.7348265911750591,
3161,31.609999999999999,0.23532818114238341,-0.079942881104504759,8.1999999999999993,
3162,31.620000000000001,0.23452373797532089,-0.07012946633421728,8.1999999999999993,
3163,31.629999999999999,0.23377171359614746,-0.075069741188513811,8.1999999999999993,
3164,31.640000000000001,0.23298077499034123,-0.076215926612634669,8.1999999999999993,
3165,31.650000000000002,0.23212360015285496,-0.10234946862790407,5.1406020807849906,
3166,31.66,0.23099523719393639,-0.10601454393363699,8.1999999999999993,
3167,31.670000000000002,0.2298325752943384,-0.13691101792654728,3.6265890288247409,
3168,31.68,0.22830880474461604,-0.14823963783500896,8.1999999999999993,
3169,31.690000000000001,0.22677216628012814,-0.15452683590070002,8.1999999999999993,
3170,31.699999999999999,0.22519744108858775,-0.1520662980110771,8.1999999999999993,
3171,31.710000000000001,0.22364727467257786,-0.14962079552946861,8.1999999999999993,
3172,31.720000000000002,0.22213466256776171,-0.14311101236633544,8.1999999999999993,
3173,31.73,0.2206727595436275,-0.14108330199822411,8.1999999999999993,
3174,31.740000000000002,0.21923647963263163,-0.13734529767388251,8.1999999999999993,
3175,31.75,0.21785713232683046,-0.12778040655521231,8.1999999999999993,
3176,31.760000000000002,0.21655038676613511,-0.12515390344725125,8.1999999999999993,
3177,31.77,0.21531503368763025,-0.10964349928908357,8.1999999999999993,
3178,31.780000000000001,0.21426604715851849,-0.086442120333282718,8.1999999999999993,
3179,31.789999999999999,0.21346886662113329,-0.058702718759408884,8.1999999999999993,
3180,31.800000000000001,0.21292280957179274,-0.037039575523673131,8.1999999999999993,
3181,31.810000000000002,0.21254096834360317,-0.029067708765354604,8.1999999999999993,
3182,31.82,0.21229622097080925,-0.0063633378472727087,7.1348933263351357,
3183,31.830000000000002,0.21220931434084842,-0.00055514048357551934,2.1073974159147442,
3184,31.84,0.21229461681287876,-3.1699270617892394e-18,-9.0205620750793969e-17,
3185,31.850000000000001,0.21255442795722335,0.029086906367149907,-8.1999999999999993,
3186,31.859999999999999,0.2129347614291966,0.052005089941560029,-6.0721593112156302,
3187,31.870000000000001,0.21357232850450966,0.065432886708709476,-8.1999999999999993,
3188,31.879999999999999,0.21430397231470094,0.081930132388060017,-7.7706616821343886,
3189,31.890000000000001,0.21517641555467523,0.084482517075964075,-8.1999999999999993,
3190,31.900000000000002,0.21605487919449867,0.083389265568626983,-8.1999999999999993,
3191,31.91,0.21689256948785279,0.073233960969656786,-8.1999999999999993,
3192,31.920000000000002,0.21760129678752302,0.055832982696849387,-8.1999999999999993,
3193,31.93,0.21817046373924626,0.047684346519737471,-8.1999999999999993,
3194,31.940000000000001,0.21857414434893493,0.018631510421480774,-8.1999999999999993,
3195,31.949999999999999,0.21880564742414224,0.021527678662852032,-8.1999999999999993,
3196,31.960000000000001,0.21900329461468956,0.0058673076344870389,-6.8511649429784036,
3197,31.970000000000002,0.2191792972537113,0.026386111192025788,-8.0884009466536604,
3198,31.98,0.21947783306924451,0.024896920905621473,-8.1999999999999993,
3199,31.990000000000002,0.21977598881450297,0.029258447368178928,-8.1999999999999993,
3200,32,0.22011916176051843,0.034145430601631777,-8.1999999999999993,
3201,32.009999999999998,0.22053037128078273,0.046987093940128254,-8.1999999999999993,
3202,32.020000000000003,0.22099206967963528,0.033569005539285636,-8.1999999999999993,
3203,32.030000000000001,0.22118999911792764,1.075250999349464e-18,-3.3306690738754696e-16,
3204,32.039999999999999,0.22128241915515828,-2.554144283293298e-19,-2.2204460492503131e-16,
3205,32.049999999999997,0.22125088844581978,9.4040822577787437e-19,2.2204460492503131e-16,
3206,32.060000000000002,0.22130912502267949,1.5836136178605616e-18,4.0939474033052647e-16,
3207,32.07,0.22125193161221782,-5.0176608499000649e-20,-4.0245584642661925e-16,
3208,32.079999999999998,0.22109837338213045,-0.0018451459918132974,3.8420265400575251,
3209,32.090000000000003,0.22090282287197763,-0.021974344733643666,8.1999999999999993,
3210,32.100000000000001,0.22080139358167422,1.8817146507853329e-18,-1.0408340855860843e-16,
3211,32.109999999999999,0.220658921762135,-0.00081890995485842946,2.5595467643447019,
3212,32.119999999999997,0.22059447403833948,-1.6458321376805e-18,-3.8857805861880479e-16,
3213,32.130000000000003,0.22049625401339151,-2.3952887434453643e-20,-1.8041124150158794e-16,
3214,32.140000000000001,0.22059941300197847,-9.3330898565113785e-18,-3.3306690738754696e-16,
3215,32.149999999999999,0.22068192162683342,-1.8104488378668865e-18,-2.2898349882893854e-16,
3216,32.160000000000004,0.22086595395153155,0.0068420108686334151,-7.3983840768824187,
3217,32.170000000000002,0.22098781641164569,0.0071072732013962112,-7.5404366989697413,
3218,32.18,0.22115844672872337,0.026791598554232309,-7.6355312415794172,
3219,32.189999999999998,0.22123518695262856,-7.0665406763885319e-20,-1.8735013540549517e-16,
3220,32.200000000000003,0.22134041632683166,-1.1067813332488186e-17,-3.3306690738754696e-16,
3221,32.210000000000001,0.22124619282857302,1.7995663967316073e-18,3.1918911957973251e-16,
3222,32.219999999999999,0.22119871073851116,-1.8828972159098902e-18,6.9388939039072284e-17,
3223,32.230000000000004,0.22099126405371797,-0.012779503026647678,8.1999999999999993,
3224,32.240000000000002,0.22087165621244045,-0.0016751321548292167,3.6607454484891071,
3225,32.25,0.22064265113899889,-0.035806910476257864,7.3649764161310483,
3226,32.259999999999998,0.2202193626812976,-0.039696359433268755,8.1999999999999993,
3227,32.270000000000003,0.21974313307163043,-0.057178580305334507,7.5220301813561585,
3228,32.280000000000001,0.21916110138203468,-0.045603193816585445,8.1999999999999993,
3229,32.289999999999999,0.2186508425597618,-0.05188446935502071,8.1999999999999993,
3230,32.299999999999997,0.21818998693351363,-0.026237028343997208,8.1999999999999993,
3231,32.310000000000002,0.2178558910637492,-0.039999905867444403,8.1999999999999993,
3232,32.32,0.21743803449616392,-0.033926089584969878,8.1999999999999993,
3233,32.329999999999998,0.21711920324961345,-0.01733018706269469,8.1999999999999993,
3234,32.340000000000003,0.21695259901727343,-0.0047877231672406205,6.1888436187970477,
3235,32.350000000000001,0.21681792903909508,-0.0084323529767995394,8.1999999999999993,
3236,32.359999999999999,0.21684561510217715,-1.3349586029106673e-19,-3.677613769070831e-16,
3237,32.369999999999997,0.21702105206031932,0.005085769448146869,-6.3785700266732963,
3238,32.380000000000003,0.21722534007360123,0.039214970327145639,-4.8549488296734733,
3239,32.390000000000001,0.21754660739429577,0.0043792835379588358,-5.9189752747980524,
3240,32.399999999999999,0.21778020442967697,0.060203939242465573,5.0286766873137436,
3241,32.410000000000004,0.2185621077761993,0.058665293546663146,-8.1999999999999993,
3242,32.420000000000002,0.21922279315452545,0.073538776124995472,-8.1722979258667738,
3243,32.43,0.22001686737196516,0.081342864546174246,-8.1999999999999993,
3244,32.439999999999998,0.22089737991113884,0.092972453851192599,-8.1999999999999993,
3245,32.450000000000003,0.22191334444935454,0.11411389778325948,-6.5617224111370192,
3246,32.460000000000001,0.22318399823229046,0.13740740897687112,-7.6664256185078399,
3247,32.469999999999999,0.22464333722714361,0.15163838001444616,-8.1999999999999993,
3248,32.480000000000004,0.22622021813832602,0.16043758722356763,-8.1999999999999993,
3249,32.490000000000002,0.22784425017503182,0.15490819838098463,-8.1999999999999993,
3250,32.5,0.2294211115735221,0.15190941289045981,-8.1999999999999993,
3251,32.509999999999998,0.23093277777009966,0.13868924584256825,-8.1999999999999993,
3252,32.520000000000003,0.23233026924032404,0.13047157086379396,-8.1999999999999993,
3253,32.530000000000001,0.23361496811592469,0.11398065437134459,-8.1999999999999993,
3254,32.539999999999999,0.23473577919840152,0.097750049695533137,-8.1999999999999993,
3255,32.549999999999997,0.23578909951159902,0.11350268936081397,-7.9560788150390414,
3256,32.560000000000002,0.23701289705296708,0.13279614903505332,-7.3123640986257135,
3257,32.57,0.23842306476197136,0.14247637266990709,-8.1999999999999993,
3258,32.579999999999998,0.23991330975794126,0.15339761177318156,-8.1999999999999993,
3259,32.590000000000003,0.24147889777897569,0.15163706957753445,-8.1999999999999993,
3260,32.600000000000001,0.24300723515268552,0.14381709303173615,-8.1999999999999993,
3261,32.609999999999999,0.24444540994424538,0.13260835457180684,-8.1999999999999993,
3262,32.619999999999997,0.24579795731804385,0.12919133883765402,-8.1999999999999993,
3263,32.630000000000003,0.24711698500863785,0.12598068767615628,-8.1999999999999993,
3264,32.640000000000001,0.24841514478391022,0.12647572835858145,-8.1999999999999993,
3265,32.649999999999999,0.24973210572389573,0.1319760773561614,-8.1999999999999993,
3266,32.660000000000004,0.25109643969573858,0.13465111595836737,-8.1999999999999993,
3267,32.670000000000002,0.25247468864344963,0.13293176516993793,-8.1999999999999993,
3268,32.68,0.25386055733543755,0.14012839135798758,-8.1999999999999993,
3269,32.689999999999998,0.25525395199149631,0.12678552649662894,-8.1999999999999993,
3270,32.700000000000003,0.25655028554852727,0.12401030760082501,-8.1999999999999993,
3271,32.710000000000001,0.25786069808670237,0.13710866873686847,-8.1999999999999993,
3272,32.719999999999999,0.25926815060481206,0.13692793200756226,-8.1999999999999993,
3273,32.730000000000004,0.26063515349772137,0.12509488349600012,-8.1999999999999993,
3274,32.740000000000002,0.26190540390337946,0.11945772991397827,-8.1999999999999993,
3275,32.75,0.26311358607784385,0.11211785474045101,-8.1999999999999993,
3276,32.759999999999998,0.2642747340631339,0.11316977811194975,-8.1999999999999993,
3277,32.770000000000003,0.26541283890297895,0.10375018577946159,-8.1999999999999993,
3278,32.780000000000001,0.26640118792948064,0.080148605706758899,-8.1999999999999993,
3279,32.789999999999999,0.2669779478880242,0.022793189671762231,-8.1999999999999993,
3280,32.799999999999997,0.26718003912044547,0.0052015627452427432,-6.4507752992909317,
3281,32.810000000000002,0.26739587107886992,0.047697137820149699,-1.8692692153120527,
3282,32.82,0.26782795798434639,0.013181620146039522,-8.1999999999999993,
3283,32.829999999999998,0.26801554998448684,0.02007067892638929,-8.1999999999999993,
3284,32.840000000000003,0.26830087003416525,0.040337507946893295,-6.7968452627867046,
3285,32.850000000000001,0.26878047206886591,0.044201689641106032,-8.1999999999999993,
3286,32.859999999999999,0.26927955509047746,0.051603945761965024,-8.1999999999999993,
3287,32.869999999999997,0.26983241306339512,0.051576331709792721,-8.1999999999999993,
3288,32.880000000000003,0.27040776596799238,0.060001282842067585,-8.1999999999999993,
3289,32.890000000000001,0.27105708699824244,0.064408161733858854,-8.1999999999999993,
3290,32.899999999999999,0.27173926530841114,0.064815535422865875,-8.1999999999999993,
3291,32.910000000000004,0.27243647660813791,0.069128434455557941,-8.1999999999999993,
3292,32.920000000000002,0.27314818791129414,0.063834044306274748,-8.1999999999999993,
3293,32.93,0.27384915557550438,0.073525912452152425,-8.1999999999999993,
3294,32.939999999999998,0.27461938955466364,0.072877663779738741,-8.1999999999999993,
3295,32.950000000000003,0.27540382107163819,0.079718954567834399,-8.1999999999999993,
3296,32.960000000000001,0.27622546991748531,0.075671105532577873,-8.1999999999999993,
3297,32.969999999999999,0.27700086593116702,0.069847067251992412,-8.1999999999999993,
3298,32.980000000000004,0.27767316173936823,0.051803362365678264,-8.1999999999999993,
3299,32.990000000000002,0.27821067038328312,0.046218895023410811,-8.1999999999999993,
3300,33,0.27854602742111234,0.0062345446638743269,-7.0623195418357128,
3301,33.009999999999998,0.27870055660123755,0.017743126365943135,-8.1999999999999993,
3302,33.020000000000003,0.27887188000332991,0.0052345888504903978,-6.4712217396657934,
3303,33.030000000000001,0.27894929689066195,3.0143300087531674e-06,-0.15528889229441573,
3304,33.039999999999999,0.27880713309690253,-0.00070137729158157474,2.3687588169023432,
3305,33.049999999999997,0.27883777013288347,7.9344009423782782e-19,4.8572257327350599e-17,
3306,33.060000000000002,0.27870832766898784,-0.00013183634165127669,1.02698136945624,
3307,33.07,0.27860137910414451,-1.6687762283140728e-17,3.3306690738754696e-16,
3308,33.079999999999998,0.27849588679295939,1.45372602844418e-17,3.3306690738754696e-16,
3309,33.090000000000003,0.27843769586952,-3.0477068135911597e-18,-2.7755575615628914e-16,
3310,33.100000000000001,0.27824857234723327,-0.0080285371693224784,8.0142558827741368,
3311,33.109999999999999,0.27810499820856849,-0.016265676598961748,8.1999999999999993,
3312,33.119999999999997,0.2778889016507699,-0.022241440623455445,8.1999999999999993,
3313,33.130000000000003,0.27764234412201522,-0.018094780903444199,8.1999999999999993,
3314,33.140000000000001,0.27742936699803816,-0.016470952351191507,8.1999999999999993,
3315,33.149999999999999,0.2771959404316604,-0.02883671358375536,8.1999999999999993,
3316,33.160000000000004,0.27685368122143772,-0.034987761901667795,8.1999999999999993,
3317,33.170000000000002,0.27646804228302163,-0.03460329611250889,8.1999999999999993,
3318,33.18,0.27606670215216644,-0.041307532977906458,8.1999999999999993,
3319,33.189999999999998,0.27561628161632984,-0.041458686409547953,8.1999999999999993,
3320,33.200000000000003,0.27514427784394868,-0.049001573286406364,8.1999999999999993,
3321,33.210000000000001,0.27463702332580348,-0.042741732119182835,8.1999999999999993,
3322,33.219999999999999,0.27415724810335074,-0.048301115138048564,8.1999999999999993,
3323,33.230000000000004,0.27365685801982664,-0.042083354875489296,8.1999999999999993,
3324,33.240000000000002,0.27316081342537457,-0.057535241847973519,8.0303698115639435,
3325,33.25,0.2725457884277378,-0.057308645763087598,8.1999999999999993,
3326,33.259999999999998,0.27195362754766506,-0.051602572288430841,8.1999999999999993,
3327,33.270000000000003,0.27149780172546545,-0.025450661987731497,8.1999999999999993,
3328,33.280000000000001,0.27115920501619872,-0.045439095845702965,6.8709166654264342,
3329,33.289999999999999,0.27074671268573142,-0.019485533521305661,8.1999999999999993,
3330,33.299999999999997,0.2704454272155789,-0.053141298250792973,2.6532890021459186,
3331,33.310000000000002,0.26981698526749986,-0.046282477701058429,8.1999999999999993,
3332,33.32,0.26926487628577084,-0.0690997513410984,6.1004129618581411,
3333,33.329999999999998,0.26851306817286502,-0.064781279773489978,8.1999999999999993,
3334,33.340000000000003,0.26781783630081202,-0.068489154657634027,8.1999999999999993,
3335,33.350000000000001,0.26708747304979119,-0.071487743328540285,8.1999999999999993,
3336,33.359999999999999,0.26630463546819994,-0.08351046708885948,8.1999999999999993,
3337,33.369999999999997,0.26544582221332824,-0.079228309467345451,8.1999999999999993,
3338,33.380000000000003,0.26462516977659073,-0.076418173891239199,8.1999999999999993,
3339,33.390000000000001,0.26387779786489135,-0.060747313340713635,8.1999999999999993,
3340,33.399999999999999,0.26325249185813493,-0.054666078006352148,8.1999999999999993,
3341,33.410000000000004,0.26274603686838144,-0.033186239669184651,8.1999999999999993,
3342,33.420000000000002,0.26236008731261884,-0.03941311899610641,8.1999999999999993,
3343,33.43,0.26206328614478952,-0.0054940335251825673,6.6296506847239387,
3344,33.439999999999998,0.261888183598324,-0.024968036398803253,8.1999999999999993,
3345,33.450000000000003,0.26177666408111316,4.3276693196575015e-20,-1.6653345369377348e-16,
3346,33.460000000000001,0.26174787906460212,1.045554533340937e-18,3.3306690738754696e-16,
3347,33.469999999999999,0.26158545086524987,-0.0029587355099538392,4.8651705087931632,
3348,33.480000000000004,0.26142268896901577,-0.013958048409690447,8.1999999999999993,
3349,33.490000000000002,0.26128924121315766,-0.0026029161450191107,4.5632586120176111,
3350,33.5,0.26113966402456029,-0.0090108040437196293,8.1999999999999993,
3351,33.509999999999998,0.2609626369945971,-0.030521475288933453,6.461331114134536,
3352,33.520000000000003,0.26067764418301986,-0.0081265915212395991,8.0630473252931374,
3353,33.530000000000001,0.26055299395790754,-0.0093802966580849665,8.1999999999999993,
3354,33.539999999999999,0.26039290043098101,-0.02065754715536855,8.1999999999999993,
3355,33.549999999999997,0.26027718687872675,-1.1220450208051547e-20,-3.5388358909926865e-16,
3356,33.560000000000002,0.26025159089530614,4.6837950873745905e-19,1.5959455978986625e-16,
3357,33.57,0.2601751998314768,-8.6708378453737424e-18,0,
3358,33.579999999999998,0.26013444510053035,-5.2068376920576291e-18,5.5511151231257827e-17,
3359,33.590000000000003,0.2601811273705919,-5.6135976493514364e-18,-4.6603382161865906e-17,
3360,33.600000000000001,0.26018533986195946,-6.1496901141590868e-18,-6.4039066215058303e-17,
3361,33.609999999999999,0.26024443029418826,-8.1721236005239827e-18,-4.7002885101480149e-16,
3362,33.619999999999997,0.26027195689765709,-5.24253492832799e-19,-1.3877787807814457e-16,
3363,33.630000000000003,0.26011162840082697,-0.0026712124608895185,4.6227372504952235,
3364,33.640000000000001,0.25997961362137073,-0.0046683896032979578,6.1112287493092294,
3365,33.649999999999999,0.2597664127095447,-0.04306618109116539,3.8002666546208679,
3366,33.660000000000004,0.25934719761472114,-0.016776246193383512,8.1999999999999993,
3367,33.670000000000002,0.25910100805058833,-0.033833055352535592,7.6298934527931488,
3368,33.68,0.25872529238429148,-0.03041460452371984,8.1999999999999993,
3369,33.689999999999998,0.25833342410906773,-0.052365373434025121,6.3407650664453614,
3370,33.700000000000003,0.25776038898964088,-0.046023639340653476,8.1999999999999993,
3371,33.710000000000001,0.25726312210304364,-0.046067894561616855,8.1999999999999993,
3372,33.719999999999999,0.25674965672157302,-0.051791719112189348,8.1999999999999993,
3373,33.730000000000004,0.25619133673225175,-0.052994048344531822,8.1999999999999993,
3374,33.740000000000002,0.2556133852320604,-0.056919767890009569,8.1999999999999993,
3375,33.75,0.25497418440068303,-0.069876032926792869,8.1999999999999993,
3376,33.759999999999998,0.25425242686576233,-0.065372802554677409,8.1999999999999993,
3377,33.770000000000003,0.25362145447216228,-0.048187778057089986,8.1999999999999993,
3378,33.780000000000001,0.25310389994508597,-0.047774877808971668,8.1999999999999993,
3379,33.789999999999999,0.25258087112185801,-0.050704257137025706,8.1999999999999993,
3380,33.799999999999997,0.25198626285202108,-0.07256897595013527,6.3644172384315985,
3381,33.810000000000002,0.25111286377251252,-0.10313481175670525,5.919173632062062,
3382,33.82,0.24997893044461147,-0.11026872622933291,8.1999999999999993,
3383,33.829999999999998,0.24883345593101036,-0.1123073564059946,8.1999999999999993,
3384,33.840000000000003,0.24765910542215225,-0.11745472277560463,8.1999999999999993,
3385,33.850000000000001,0.24643455888388266,-0.12212011406002254,8.1999999999999993,
3386,33.859999999999999,0.2451584877069321,-0.12865268632891649,8.1999999999999993,
3387,33.869999999999997,0.24380924415926991,-0.13838249677485878,8.1999999999999993,
3388,33.880000000000003,0.24238498878730547,-0.13959442344425016,8.1999999999999993,
3389,33.890000000000001,0.24094450215145133,-0.14225841275107845,8.1999999999999993,
3390,33.899999999999999,0.23950730022864683,-0.13521747163342268,8.1999999999999993,
3391,33.910000000000004,0.23815399289620762,-0.1243202028724875,8.1999999999999993,
3392,33.920000000000002,0.23697793817498358,-0.096601664293117881,8.1999999999999993,
3393,33.93,0.23607704650561626,-0.069336280644430343,8.1999999999999993,
3394,33.939999999999998,0.23541299676026373,-0.050512004995705385,8.1999999999999993,
3395,33.950000000000003,0.23490731955997801,-0.039455737706968204,8.1999999999999993,
3396,33.960000000000001,0.23467301753111217,-7.701844099813358e-06,0.24822319150005107,
3397,33.969999999999999,0.23447088280025122,-0.01206579851189658,8.1999999999999993,
3398,33.980000000000004,0.23435719950292241,-0.0014886630742985474,3.4509860321925925,
3399,33.990000000000002,0.23435697378406559,-1.3926123971574775e-19,-1.8648277366750676e-17,
3400,34,0.23442228042395125,1.0691453302051517e-19,-1.3993255462304481e-16,
3401,34.009999999999998,0.23460982134452377,0.0076473516763119875,-7.8216886546637685,
3402,34.020000000000003,0.23480893931200764,0.045947537118827465,-1.4386725804383729,
3403,34.030000000000001,0.23521074715772744,0.0090116734374196816,-8.1999999999999993,
3404,34.039999999999999,0.23540213897905968,0.039078203355677105,-3.9040390223239392,
3405,34.049999999999997,0.23570053182379108,0.0014658859707684527,-3.4244835765626997,
3406,34.060000000000002,0.23592153358784301,0.030524824098679799,-8.1999999999999993,
3407,34.07,0.23606675054186096,-2.9927479519117487e-18,7.3552275381416621e-16,
3408,34.079999999999998,0.23618233993924218,-4.1289194285809565e-18,-3.3306690738754696e-16,
3409,34.090000000000003,0.23634504532050368,0.0029978163113749613,-4.8971961866970046,
3410,34.100000000000001,0.2364931894828578,0.0094263353140930841,-8.1999999999999993,
3411,34.109999999999999,0.23661227905317078,0.0057377359608657055,-6.7750931865861181,
3412,34.119999999999997,0.23676239391397805,0.015181434631343436,-8.1999999999999993,
3413,34.130000000000003,0.23698083404075834,0.026607154761651288,-8.1999999999999993,
3414,34.140000000000001,0.23730709060307856,0.035277257787234825,-8.1999999999999993,
3415,34.149999999999999,0.23770645590215145,0.038682785643338539,-8.1999999999999993,
3416,34.160000000000004,0.23815850337285513,0.049489642948938137,-8.1999999999999993,
3417,34.170000000000002,0.23868650367558508,0.048219493324697354,-8.1999999999999993,
3418,34.18,0.23926106285004795,0.072790237214961834,-5.6012335998592562,
3419,34.189999999999998,0.24004422425125874,0.065045670907133049,-8.1999999999999993,
3420,34.200000000000003,0.24078029240105753,0.085847528445559221,-6.6534554798737195,
3421,34.210000000000001,0.2416881477087362,0.080892676282059608,-8.1999999999999993,
3422,34.219999999999999,0.24252080151031091,0.076616266141751987,-8.1999999999999993,
3423,34.230000000000004,0.24329312957389071,0.067128147033923322,-8.1999999999999993,
3424,34.240000000000002,0.24397190060891957,0.058016524355652806,-8.1999999999999993,
3425,34.25,0.24454861654217261,0.045864865052815847,-8.1999999999999993,
3426,34.259999999999998,0.24505344817202171,0.049121227363972425,-8.1999999999999993,
3427,34.270000000000003,0.24547543861888119,0.020940254947766926,-8.1999999999999993,
3428,34.280000000000001,0.24567149172272509,0.0063096547762427372,-7.1047335073134086,
3429,34.289999999999999,0.24586635087214712,0.037966184167547261,-4.7812517555003913,
3430,34.300000000000004,0.24633830876529006,0.036594036594165699,-8.1999999999999993,
3431,34.310000000000002,0.24678163937648409,0.053129013678581818,-7.7612087050032352,
3432,34.32,0.24740430042057293,0.071349381702730877,-7.7836439050091579,
3433,34.329999999999998,0.24813543757063125,0.062992533857164856,-8.1999999999999993,
3434,34.340000000000003,0.24882238471997581,0.070377058415989333,-8.1999999999999993,
3435,34.350000000000001,0.24958563117353066,0.078755359903979666,-8.1999999999999993,
3436,34.359999999999999,0.2504541140595839,0.097089824254828413,-7.3036861808155189,
3437,34.369999999999997,0.25151151442549274,0.10839630653016835,-8.1999999999999993,
3438,34.380000000000003,0.25266410735536543,0.12072239076403821,-8.1999999999999993,
3439,34.390000000000001,0.25394118373231517,0.1336089631097197,-8.1999999999999993,
3440,34.399999999999999,0.25532517201993049,0.13749325021280082,-8.1999999999999993,
3441,34.410000000000004,0.25673972976978598,0.13842605562196655,-8.1999999999999993,
3442,34.420000000000002,0.25815158118992704,0.13536712033574383,-8.1999999999999993,
3443,34.43,0.25954773343832421,0.13729751191223405,-8.1999999999999993,
3444,34.439999999999998,0.2609719874372905,0.14244561233424566,-8.1999999999999993,
3445,34.450000000000003,0.26244814509844738,0.14775434627803694,-8.1999999999999993,
3446,34.460000000000001,0.26396569828858302,0.14882023270979283,-8.1999999999999993,
3447,34.469999999999999,0.26544656340981504,0.13562422478137404,-8.1999999999999993,
3448,34.480000000000004,0.26674857214075159,0.110840454894539,-8.1999999999999993,
3449,34.490000000000002,0.26781345997247336,0.088569382310818304,-8.1999999999999993,
3450,34.5,0.26863396645849125,0.061289989554286738,-8.1999999999999993,
3451,34.509999999999998,0.26928219392161995,0.06075986602973546,-8.1999999999999993,
3452,34.520000000000003,0.26991413312885026,0.056674882844791066,-8.1999999999999993,
3453,34.530000000000001,0.27049139785403015,0.048433129187800877,-8.1999999999999993,
3454,34.539999999999999,0.27102212803798781,0.051768032453643822,-8.1999999999999993,
3455,34.550000000000004,0.27153523920290851,0.0393137260517816,-8.1999999999999993,
3456,34.560000000000002,0.27202753793723489,0.068008661726192715,-4.3491240572683454,
3457,34.57,0.27284677986635114,0.078117728655185459,-8.1999999999999993,
3458,34.579999999999998,0.27369771367922552,0.090959997486439972,-8.1999999999999993,
3459,34.590000000000003,0.27463229937987449,0.087077079520939987,-8.1999999999999993,
3460,34.600000000000001,0.27553117110735509,0.084181024470795437,-8.1999999999999993,
3461,34.609999999999999,0.27641174896674631,0.08481831153584557,-8.1999999999999993,
3462,34.619999999999997,0.27730540813934296,0.08781847325289581,-8.1999999999999993,
3463,34.630000000000003,0.27823394068572233,0.092614805374841153,-8.1999999999999993,
3464,34.640000000000001,0.27921231557354687,0.098124019957449252,-8.1999999999999993,
3465,34.649999999999999,0.28027677035584758,0.11764959547645625,-6.9932681095261424,
3466,34.660000000000004,0.28152126384752568,0.12005134727227039,-8.1999999999999993,
3467,34.670000000000002,0.28276346721724432,0.12170324246868802,-8.1999999999999993,
3468,34.68,0.28399579807500341,0.11486408098255028,-8.1999999999999993,
3469,34.689999999999998,0.28516920789024419,0.11091320078379356,-8.1999999999999993,
3470,34.700000000000003,0.28630941606733218,0.10897773548138227,-8.1999999999999993,
3471,34.710000000000001,0.28743903460375031,0.10998523667268378,-8.1999999999999993,
3472,34.719999999999999,0.28857743527696911,0.11054724897909783,-8.1999999999999993,
3473,34.730000000000004,0.28971034707310778,0.10744001607815792,-8.1999999999999993,
3474,34.740000000000002,0.29078490928978251,0.096274831833703153,-8.1999999999999993,
3475,34.75,0.29181878677422374,0.10975629673860876,-8.1999999999999993,
3476,34.759999999999998,0.29297071758398752,0.11609251991000438,-8.1999999999999993,
3477,34.770000000000003,0.29419826646539754,0.12751730890756188,-8.1999999999999993,
3478,34.780000000000001,0.29551192789655301,0.12805875980977013,-8.1999999999999993,
3479,34.789999999999999,0.29682694726020986,0.12722918259497695,-8.1999999999999993,
3480,34.800000000000004,0.29811878931758384,0.1216675770452265,-8.1999999999999993,
3481,34.810000000000002,0.29936319582729592,0.11865325681160814,-8.1999999999999993,
3482,34.82,0.30057628095441047,0.11526434273326878,-8.1999999999999993,
3483,34.829999999999998,0.30176378184216196,0.11457684128614876,-8.1999999999999993,
3484,34.840000000000003,0.30249955025502345,0.03257684128614876,-8.1999999999999993,
3485,34.850000000000001,0.30294506600121829,0.080956841286148759,8.1999999999999993,
3486,34.859999999999999,0.30416434833557787,0.16181900184542902,5.182929313761818,
3487,34.869999999999997,0.3059272502929129,0.15345755392755617,-8.1999999999999993,
3488,34.880000000000003,0.30740999351077908,0.12923050339907727,-8.1999999999999993,
3489,34.890000000000001,0.3086688655251551,0.10939214641992027,-8.1999999999999993,
3490,34.899999999999999,0.30969946463321191,0.082532665161397845,-8.1999999999999993,
3491,34.910000000000004,0.31050895643257154,0.06711269723821206,-8.1999999999999993,
3492,34.920000000000002,0.3111837323291804,0.05691574199671031,-8.1999999999999993,
3493,34.93,0.31176636681206477,0.049538260558684176,-8.1999999999999993,
3494,34.939999999999998,0.31230858643021175,0.053032957975023512,-8.1999999999999993,
3495,34.950000000000003,0.31288613160890089,0.056666195468628944,-8.1999999999999993,
3496,34.960000000000001,0.31348983872347502,0.056715427259558381,-8.1999999999999993,
3497,34.969999999999999,0.31405428284324083,0.044764362186766875,-8.1999999999999993,
3498,34.980000000000004,0.31453531833742543,0.0435894331886909,-8.1999999999999993,
3499,34.990000000000002,0.31503898145398851,0.055525939083120798,-8.1999999999999993,
3500,35,0.31557446712690884,0.039096911656495807,-8.1999999999999993,
3501,35.009999999999998,0.31602511430241986,0.047558193408441883,-8.1999999999999993,
3502,35.020000000000003,0.31648742741266833,0.032802135392286387,-8.1999999999999993,
3503,35.030000000000001,0.31677479715461421,0.011215333464484535,-8.1999999999999993,
3504,35.039999999999999,0.31693049615204111,0.013523143797110481,-8.1999999999999993,
3505,35.050000000000004,0.31705648563589445,0.0019081916783562415,-3.907113183265865,
3506,35.060000000000002,0.31714271976849318,6.2794214272798853e-18,-3.3306690738754696e-16,
3507,35.07,0.31722822213790408,3.356454028173282e-18,7.6327832942979512e-17,
3508,35.079999999999998,0.3173208411474619,-3.9353029920370911e-18,-1.4432899320127035e-15,
3509,35.090000000000003,0.31733569930381295,-3.9555424265660483e-20,1.6306400674181987e-16,
3510,35.100000000000001,0.31742917404723431,3.089766730332536e-17,2.4424906541753444e-15,
3511,35.109999999999999,0.31752756414826039,3.0671570627718296e-18,-2.7755575615628914e-17,
3512,35.119999999999997,0.31764208143979911,-5.8636429045577651e-18,-3.3306690738754696e-16,
3513,35.130000000000003,0.31785907037687644,0.015409616979884955,-8.1999999999999993,
3514,35.140000000000001,0.31806520891460799,0.020848322963415118,-8.1999999999999993,
3515,35.149999999999999,0.31826294244593017,0.0068302155436918933,-7.39200408208323,
3516,35.160000000000004,0.31842020675716881,0.019959523152680719,-8.1999999999999993,
3517,35.170000000000002,0.31870840337629408,0.042396225201140531,-6.2064701996124505,
3518,35.18,0.31911958438443067,0.020916753655384413,-8.1999999999999993,
3519,35.189999999999998,0.31931873090572016,0.0070671330823744985,-7.5191132894109272,
3520,35.200000000000003,0.31934889427320923,1.6930666327660446e-18,-3.3306690738754696e-16,
3521,35.210000000000001,0.31937112956763014,-4.5819500989413593e-22,2.4286128663675299e-17,
3522,35.219999999999999,0.31930507488955179,-1.1183599343749876e-18,1.1102230246251565e-15,
3523,35.230000000000004,0.31924501375074443,1.8752019796746764e-18,3.9551695252271202e-16,
3524,35.240000000000002,0.31912391620392627,-4.0958204259698767e-08,0.018101536787406058,
3525,35.25,0.31906813363200198,-1.6895742929375432e-18,1.6653345369377348e-16,
3526,35.259999999999998,0.31894436754582262,-1.4772978690954999e-05,0.3437787508378396,
3527,35.270000000000003,0.31876327005727284,-0.006955322653155095,7.459395499987969,
3528,35.280000000000001,0.3185916811616587,-0.026918074680745221,7.6455456313197221,
3529,35.289999999999999,0.31840841702988132,-4.130424311750012e-05,0.5748338411576337,
3530,35.300000000000004,0.31829922641717973,-1.1483591855210307e-17,3.3306690738754696e-16,
3531,35.310000000000002,0.3181035070519122,-0.0096952288536272611,8.1999999999999993,
3532,35.32,0.31796070134266069,-0.012831972996644262,8.1999999999999993,
3533,35.329999999999998,0.31786891086469887,6.3231180969741976e-18,6.9388939039072284e-16,
3534,35.340000000000003,0.31785409601815012,4.8554732364683922e-19,-2.4286128663675299e-17,
3535,35.350000000000001,0.31799002989963782,0.00040297987406953472,-1.7955052193063263,
3536,35.359999999999999,0.31805345896588544,1.4454158094959951e-19,3.1918911957973251e-16,
3537,35.369999999999997,0.31825566269300226,0.011381708141271039,-8.1999999999999993,
3538,35.380000000000003,0.31844302388170181,0.026017113300168392,-8.1999999999999993,
3539,35.390000000000001,0.31853246451429579,-2.9357580596971143e-19,-3.0531133177191805e-16,
3540,35.399999999999999,0.31856476838629649,1.5416132432528871e-18,6.2450045135165055e-17,
3541,35.410000000000004,0.31850975758986871,-2.1870835014365242e-18,-1.609823385706477e-15,
3542,35.420000000000002,0.3183869695072617,-6.3161069784769669e-06,0.22478624474784498,
3543,35.43,0.31821290223877929,-0.005242293535888445,6.4759824186842527,
3544,35.439999999999998,0.31811874364980475,-0.00086591696150954017,2.6319832241251606,
3545,35.450000000000003,0.31800025038938928,-0.00067377042623016387,2.3216725457827425,
3546,35.460000000000001,0.31775638930121952,-0.034885142393516498,8.1999999999999993,
3547,35.469999999999999,0.31765911151046178,5.936387824584877e-18,3.9551695252271202e-16,
3548,35.480000000000004,0.31748366619689738,-0.0050873349244050375,6.3795516609900034,
3549,35.490000000000002,0.31735782806039908,-0.0062945660095483687,7.0962333724580233,
3550,35.5,0.31717756134401143,-0.029690888318632355,7.1249687158776789,
3551,35.509999999999998,0.31700227427802091,-1.075250999349464e-18,3.3306690738754696e-16,
3552,35.520000000000003,0.31672506955103957,-0.036038896789672918,8.1999999999999993,
3553,35.530000000000001,0.31632637996541468,-0.036516035303997482,8.1999999999999993,
3554,35.539999999999999,0.31588058013950793,-0.054701139193835069,7.3421738788786994,
3555,35.550000000000004,0.31528703199491753,-0.052435564533742499,8.1999999999999993,
3556,35.560000000000002,0.31470508261769214,-0.060049524818371218,8.1999999999999993,
3557,35.57,0.31402260199438603,-0.078931438652122113,7.1617931677910862,
3558,35.579999999999998,0.31320307362031313,-0.071072495618496712,8.1999999999999993,
3559,35.590000000000003,0.3124226378860267,-0.083893658766418147,8.1999999999999993,
3560,35.600000000000001,0.31155388553896946,-0.081549034648470936,8.1999999999999993,
3561,35.609999999999999,0.31071556288953023,-0.076994689813643338,8.1999999999999993,
3562,35.619999999999997,0.30996309752112955,-0.06115141077018995,8.1999999999999993,
3563,35.630000000000003,0.30931827495308956,-0.059948884605104412,8.1999999999999993,
3564,35.640000000000001,0.30866610745466155,-0.065631289801259068,8.1999999999999993,
3565,35.649999999999999,0.30795541664508547,-0.071971440839623771,8.1999999999999993,
3566,35.660000000000004,0.30722241873444994,-0.064537056255074943,8.1999999999999993,
3567,35.670000000000002,0.30648132136718154,-0.091099176589614236,5.0114736999202973,
3568,35.68,0.30547815089604263,-0.090623410849651864,8.1999999999999993,
3569,35.689999999999998,0.30452054337060452,-0.095807388760624349,8.1999999999999993,
3570,35.700000000000003,0.30350344605088891,-0.10400062692527978,8.1999999999999993,
3571,35.710000000000001,0.30241666329966282,-0.10747321338056846,8.1999999999999993,
3572,35.719999999999999,0.30131454032166111,-0.10435054635864779,8.1999999999999993,
3573,35.730000000000004,0.30023237037888728,-0.1049524186990617,8.1999999999999993,
3574,35.740000000000002,0.29912199969579206,-0.11389665665789248,8.1999999999999993,
3575,35.75,0.29795061314010812,-0.11240112400555426,8.1999999999999993,
3576,35.759999999999998,0.29680091398177999,-0.10873901912249803,8.1999999999999993,
3577,35.770000000000003,0.29566603791687096,-0.11247142407908624,8.1999999999999993,
3578,35.780000000000001,0.29450776420871116,-0.11135199104898359,8.1999999999999993,
3579,35.789999999999999,0.29335556683940761,-0.11195831889675287,8.1999999999999993,
3580,35.800000000000004,0.29220485248914957,-0.11004078108750627,8.1999999999999993,
3581,35.810000000000002,0.29107693280325159,-0.10695666835593531,8.1999999999999993,
3582,35.82,0.28995842763602264,-0.11122587448827147,8.1999999999999993,
3583,35.829999999999998,0.28877559980998169,-0.1244451216805023,8.1999999999999993,
3584,35.840000000000003,0.28746781173067937,-0.13443898733372006,8.1999999999999993,
3585,35.850000000000001,0.28604270052289799,-0.15266624242521587,7.331321877677814,
3586,35.859999999999999,0.2844471269445662,-0.15759976342499943,8.1999999999999993,
3587,35.869999999999997,0.2828258321771005,-0.16053530908208405,8.1999999999999993,
3588,35.880000000000003,0.28121935378183555,-0.14963601746826222,8.1999999999999993,
3589,35.890000000000001,0.27970459228633127,-0.14372622950542419,8.1999999999999993,
3590,35.899999999999999,0.27822075326624218,-0.14712592471705924,8.1999999999999993,
3591,35.910000000000004,0.27669504033243353,-0.15349564647146599,8.1999999999999993,
3592,35.920000000000002,0.27509314226893977,-0.16506179092705522,8.1999999999999993,
3593,35.93,0.27338003942172168,-0.17469339179469798,8.1999999999999993,
3594,35.939999999999998,0.27158010293679186,-0.18050039327494621,8.1999999999999993,
3595,35.950000000000003,0.26973149848612676,-0.18282773415122039,8.1999999999999993,
3596,35.960000000000001,0.26788122274935044,-0.17801565734143351,8.1999999999999993,
3597,35.969999999999999,0.26609052769878111,-0.16978044428597744,8.1999999999999993,
3598,35.980000000000004,0.26439408936967951,-0.15819584697000064,8.1999999999999993,
3599,35.990000000000002,0.2627936022925228,-0.15232452371037594,8.1999999999999993,
3600,36,0.26123377635912121,-0.1522164059759194,8.1999999999999993,
3601,36.009999999999998,0.2596555936521906,-0.15920156604658564,8.1999999999999993,
3602,36.020000000000003,0.25800247915019808,-0.16825088593643239,8.1999999999999993,
3603,36.030000000000001,0.25625357962511602,-0.17957241100213445,8.1999999999999993,
3604,36.039999999999999,0.25439144312825246,-0.19090354986477506,8.1999999999999993,
3605,36.050000000000004,0.25244399332953021,-0.19141962443486182,8.1999999999999993,
3606,36.060000000000002,0.25051071148037524,-0.18571694178735865,8.1999999999999993,
3607,36.07,0.24863853172103836,-0.17879228375565684,8.1999999999999993,
3608,36.079999999999998,0.24681475993957336,-0.17843729591527055,8.1999999999999993,
3609,36.090000000000003,0.24501393821442166,-0.17194084490727057,8.1999999999999993,
3610,36.100000000000001,0.24327078851079859,-0.16766886250633301,8.1999999999999993,
3611,36.109999999999999,0.24159316076461265,-0.15671808442969556,8.1999999999999993,
3612,36.119999999999997,0.24003539689912987,-0.14297062427635349,8.1999999999999993,
3613,36.130000000000003,0.23861944274601024,-0.12808913024417079,8.1999999999999993,
3614,36.140000000000001,0.23735618145384108,-0.11220778530940299,8.1999999999999993,
3615,36.149999999999999,0.23623921577691956,-0.099607265645666854,8.1999999999999993,
3616,36.160000000000004,0.23522560592072084,-0.093437066301752483,8.1999999999999993,
3617,36.170000000000002,0.23427782841177,-0.086038935700342462,8.1999999999999993,
3618,36.18,0.23339949843410474,-0.079990156159633688,8.1999999999999993,
3619,36.189999999999998,0.2325968158090484,-0.069550724689137755,8.1999999999999993,
3620,36.200000000000003,0.23186264811901286,-0.07015121166449749,8.1999999999999993,
3621,36.210000000000001,0.23115890873520129,-0.059557573172909634,8.1999999999999993,
3622,36.219999999999999,0.23057105105801812,-0.046260214368354126,8.1999999999999993,
3623,36.230000000000004,0.23009434066634724,-0.039068694090294648,8.1999999999999993,
3624,36.240000000000002,0.22974680432991884,-0.016884759060167041,8.1999999999999993,
3625,36.25,0.22950318134631864,-0.032122260030582349,8.0831198557487003,
3626,36.259999999999998,0.22912899382489987,-0.036953377826373382,8.1999999999999993,
3627,36.270000000000003,0.22874935699697266,-0.028592172595623921,8.1999999999999993,
3628,36.280000000000001,0.22839514395305424,-0.0407645881575463,8.1999999999999993,
3629,36.289999999999999,0.22800396171907181,-0.025182725545282895,8.1999999999999993,
3630,36.300000000000004,0.22766443991322027,-0.047118267965415829,6.3449530985471565,
3631,36.310000000000002,0.22719201661585814,-0.029120992564656775,8.1999999999999993,
3632,36.32,0.22683224078286252,-0.0414179960295726,8.1999999999999993,
3633,36.329999999999998,0.2264331177428841,-0.026198751283108807,8.1999999999999993,
3634,36.340000000000003,0.22606786863299475,-0.057602971460391714,3.4535933763683717,
3635,36.350000000000001,0.22561196783726423,-0.012503650742823795,8.1999999999999993,
3636,36.359999999999999,0.2253937720935727,-0.037537479208669206,5.4663591447479813,
3637,36.369999999999997,0.2249885102902747,-0.023352559609824745,8.1999999999999993,
3638,36.380000000000003,0.2246857703930506,-0.035945476422287397,8.1999999999999993,
3639,36.390000000000001,0.22431168791885781,-0.028907469303783646,8.1999999999999993,
3640,36.399999999999999,0.2239275049706822,-0.055096626058840227,5.1239163146406526,
3641,36.410000000000004,0.22341840437653557,-0.025372614873300194,8.1999999999999993,
3642,36.420000000000002,0.22312057794658746,-0.027878273721140611,8.1999999999999993,
3643,36.43,0.22287292581770499,-0.0086051504887414698,8.1999999999999993,
3644,36.439999999999998,0.22281670945582649,2.1045975229012461e-18,4.4408920985006262e-16,
3645,36.450000000000003,0.22272162212810587,2.8529588619340113e-18,-1.1102230246251565e-16,
3646,36.460000000000001,0.22263355366120202,-5.1385831065329893e-17,-7.382983113757291e-15,
3647,36.469999999999999,0.22266318376190239,4.1370046581053765e-19,2.0122792321330962e-16,
3648,36.480000000000004,0.22264185528283453,-1.6428205846601601e-18,-4.163336342344337e-15,
3649,36.490000000000002,0.22243841021727181,-0.011709801584893331,8.1999999999999993,
3650,36.5,0.22229703740086224,-0.0076231569476293976,7.809305704160594,
3651,36.509999999999998,0.22238391215744166,-1.6093388840128596e-18,-3.1918911957973251e-16,
3652,36.520000000000003,0.22237800809156263,-2.5306107569074091e-20,-7.8062556418956319e-17,
3653,36.530000000000001,0.22220386948670567,-0.004845733871579821,6.2262244556905086,
3654,36.539999999999999,0.22202113234820162,-0.026773999704923727,8.1999999999999993,
3655,36.550000000000004,0.22178672677019498,-0.0070210808569963513,7.494574494657507,
3656,36.560000000000002,0.22160931301741485,-0.030100347496439601,6.8015398648305432,
3657,36.57,0.22130857421018149,-0.013206739551730939,8.1999999999999993,
3658,36.579999999999998,0.22115374890675099,-0.0086293508279060883,8.1999999999999993,
3659,36.590000000000003,0.22100574422277344,-0.017934834361435857,8.1999999999999993,
3660,36.600000000000001,0.22082457039901632,-0.0072701565604984851,7.6263525019492704,
3661,36.609999999999999,0.22071703593999226,-0.0038737318800356937,5.5668532440046956,
3662,36.619999999999997,0.22056722926077058,-0.011694828327928538,8.1999999999999993,
3663,36.630000000000003,0.22046455649100816,-0.0006025200684810103,2.1954864034760133,
3664,36.640000000000001,0.22041316236445127,1.6960145533524802e-18,3.4694469519536142e-16,
3665,36.649999999999999,0.22033795818868532,-1.4252081741045961e-18,-1.457167719820518e-16,
3666,36.660000000000004,0.22021159913293514,-5.4015009041260061e-05,0.65735840477634144,
3667,36.670000000000002,0.22006237078727789,-0.0020321229218516895,4.0319949621513071,
3668,36.68,0.21988375971938662,-0.01664528399964765,8.1999999999999993,
3669,36.689999999999998,0.21965623113055063,-0.025684975942095269,8.1999999999999993,
3670,36.700000000000003,0.21938560326925483,-0.018396109791387182,8.1999999999999993,
3671,36.710000000000001,0.21914681388139526,-0.024912324848069198,8.1999999999999993,
3672,36.719999999999999,0.2188895879433885,-0.015975868367007508,8.1999999999999993,
3673,36.730000000000004,0.2188124309527292,1.5653316109982594e-18,-4.3021142204224816e-16,
3674,36.740000000000002,0.2188161127708188,-1.1340185724279758e-19,-7.1123662515049091e-17,
3675,36.75,0.21875597561447407,7.6789636341180303e-18,3.8857805861880479e-16,
3676,36.759999999999998,0.21877615561309194,4.4971980643854848e-19,1.700029006457271e-16,
3677,36.770000000000003,0.21887377207663469,2.7916601889288823e-17,-1.7763568394002505e-15,
3678,36.780000000000001,0.21903982825713025,0.0034912531945376461,-5.2848865225566746,
3679,36.789999999999999,0.2192151971273591,0.019789559358260416,-8.1999999999999993,
3680,36.800000000000004,0.21944375293903789,0.017718699638666575,-8.1999999999999993,
3681,36.810000000000002,0.21956071597314053,2.8099744753262711e-18,-3.3306690738754696e-16,
3682,36.82,0.21972835960880344,0.003738719932042315,-5.4689815739622443,
3683,36.829999999999998,0.21991973182020877,0.02727473081856267,-8.1999999999999993,
3684,36.840000000000003,0.22019548585957938,0.016898253583009129,-8.1999999999999993,
3685,36.850000000000001,0.22041236316146331,0.020781106781959147,-8.1999999999999993,
3686,36.859999999999999,0.22063289193096897,0.013180719281544281,-8.1999999999999993,
3687,36.869999999999997,0.22080462034919696,0.014215939141930561,-8.1999999999999993,
3688,36.880000000000003,0.2209882621422225,0.01579506706336245,-8.1999999999999993,
3689,36.890000000000001,0.22115109515986683,0.0061201840192601923,-6.9972474698328027,
3690,36.899999999999999,0.22127890381582366,0.0081013498916068793,-8.0505154575874833,
3691,36.910000000000004,0.22142442340440543,0.017161263084682504,-8.1999999999999993,
3692,36.920000000000002,0.22160363764855659,0.0080847113579068375,-8.0422441434747984,
3693,36.93,0.22177293709844983,0.028314083703904959,-6.9774347771872707,
3694,36.939999999999998,0.22198570115962918,0.00065827148824240569,-2.2948141332010401,
3695,36.950000000000003,0.22206578847672553,-1.742677513062996e-18,-3.6082248300317588e-16,
3696,36.960000000000001,0.22209434576702516,4.8593750411163244e-19,8.6736173798840355e-17,
3697,36.969999999999999,0.22214824496891381,1.3066103361358656e-19,1.2528733920653816e-16,
3698,36.980000000000004,0.22219662360444939,1.5646262711786281e-18,2.5820229654731035e-16,
3699,36.990000000000002,0.22228664257203651,-1.4702206949284935e-18,1.5959455978986625e-16,
3700,37,0.22237383274017525,5.0261338765168484e-17,-3.2751579226442118e-15,
3701,37.009999999999998,0.22250367198734616,0.00014426790096065125,-1.0743105731980884,
3702,37.020000000000003,0.22266619155577289,0.0046019643846517029,-6.0675954938685246,
3703,37.030000000000001,0.22280494691585226,0.0094293355009572796,-8.1999999999999993,
3704,37.039999999999999,0.22296124210220056,0.018857001397729806,-8.1999999999999993,
3705,37.050000000000004,0.22315352565219254,0.0086781385440293703,-8.1999999999999993,
3706,37.060000000000002,0.22329349274703836,0.014555748828880645,-8.1999999999999993,
3707,37.07,0.22342224715682737,0.0014569243346333842,-3.4139998062488259,
3708,37.079999999999998,0.22355711641445755,0.0033811838925943138,-5.2009106068797717,
3709,37.090000000000003,0.22375873275872465,0.030874652492186298,-7.8146135173372615,
3710,37.100000000000001,0.22403403885406997,0.0096396076287022445,-8.1999999999999993,
3711,37.109999999999999,0.22415635147649526,0.0062103043031341912,-7.0485767659204459,
3712,37.119999999999997,0.22426578815626602,0.0035593194683496004,-5.3361555212340654,
3713,37.130000000000003,0.22434146006402242,-2.8224529243635866e-18,-5.5511151231257827e-17,
3714,37.140000000000001,0.22453358902333412,0.0087802943545228929,-8.1999999999999993,
3715,37.149999999999999,0.22472874667205814,0.043125702707349958,-2.3960715917449096,
3716,37.160000000000004,0.22512337817037745,0.010507215845378297,-8.1999999999999993,
3717,37.170000000000002,0.22533626047424971,0.0451986214422938,-2.2646431006831738,
3718,37.18,0.22573042461627968,0.0089531337959879859,-8.1999999999999993,
3719,37.189999999999998,0.22591841563858456,0.037203186613017025,-4.4901370151692115,
3720,37.200000000000003,0.22623608114142502,0.0046802692342654949,-6.1189994177254174,
3721,37.210000000000001,0.22630757540049778,-2.0342180233558441e-18,6.9388939039072284e-18,
3722,37.219999999999999,0.22631806357403284,-2.0514593639145088e-18,-1.3619927072188652e-17,
3723,37.230000000000004,0.22629931097864817,-1.4304526792744208e-17,4.4408920985006262e-16,
3724,37.240000000000002,0.22623617942727139,1.6310071152425926e-19,1.7347234759768071e-16,
3725,37.25,0.22614513603926725,-3.737647560225567e-17,1.3322676295501878e-15,
3726,37.259999999999998,0.22601781601715715,-7.4674681161227273e-05,0.7729149043004746,
3727,37.270000000000003,0.22590527067729432,6.5947247662734308e-19,3.3306690738754696e-16,
3728,37.280000000000001,0.22586662444967642,-9.107757482865553e-19,3.4694469519536142e-17,
3729,37.289999999999999,0.22581836341218542,-1.1613848505384694e-17,1.8873791418627661e-15,
3730,37.300000000000004,0.22571866072558761,-9.7488683792334995e-18,3.3306690738754696e-16,
3731,37.310000000000002,0.22563239179201569,-3.1020553843757427e-18,-1.8735013540549517e-16,
3732,37.32,0.22554625919962953,1.3614183458131395e-18,-5.3845816694320092e-15,
3733,37.329999999999998,0.22550327603536927,-7.8903751952904489e-19,4.8572257327350599e-17,
3734,37.340000000000003,0.22544766978853115,-6.3796726697159708e-18,4.2743586448068527e-15,
3735,37.350000000000001,0.22549825502643905,6.5361170715249105e-19,3.8163916471489756e-16,
3736,37.359999999999999,0.22555055443617722,-8.5867487839268761e-19,-3.4694469519536142e-16,
3737,37.369999999999997,0.22571298614435406,0.0029592285847271724,-4.8655758834712861,
3738,37.380000000000003,0.22580756856146394,0.00020592216681879764,-1.2835019807348889,
3739,37.390000000000001,0.22600723071668993,0.014449580426938658,-8.1999999999999993,
3740,37.399999999999999,0.22616634672661512,0.0074385058338119108,-7.7141458808150167,
3741,37.410000000000004,0.22633513052977683,0.026614931805985523,-7.5901410097170903,
3742,37.420000000000002,0.2265829111889324,0.0081714275925923677,-8.0852594726909608,
3743,37.43,0.22673348065222909,0.019405776692591439,-8.1999999999999993,
3744,37.439999999999998,0.22681137311113142,-2.0360449645668928e-18,-1.3877787807814457e-17,
3745,37.450000000000003,0.22682042065368163,-2.0484604482470225e-18,-1.6019059606177694e-17,
3746,37.460000000000001,0.22688615188361058,-3.8491388477854049e-18,-4.5896970125205015e-16,
3747,37.469999999999999,0.22692859751759431,1.8181250694505303e-18,3.1918911957973251e-16,
3748,37.480000000000004,0.22679830788762789,-0.00015904015189313796,1.1279721694904894,
3749,37.490000000000002,0.22683949700246028,-1.0475672013366244e-18,-3.677613769070831e-16,
3750,37.5,0.22691270720305826,1.6889368357700175e-18,2.6367796834847468e-16,
3751,37.509999999999998,0.22697664580638721,2.0012965711396371e-19,3.4000580129145419e-16,
3752,37.520000000000003,0.22684346883345535,-0.00027030953493174814,1.470536051735555,
3753,37.530000000000001,0.22682940639240082,3.3821977777088236e-20,-5.5511151231257827e-17,
3754,37.539999999999999,0.22685488347193758,6.8395817752219422e-20,6.0191428846928165e-17,
3755,37.550000000000004,0.22684589186282947,-1.1854146397470422e-17,2.3037127760971998e-15,
3756,37.560000000000002,0.22680714737846641,9.031789313726954e-19,1.5265566588595902e-16,
3757,37.57,0.22676158854938805,5.2439655768140086e-18,2.1649348980190553e-15,
3758,37.579999999999998,0.22664010296404685,-5.3888231247661849e-07,0.06565865137066923,
3759,37.590000000000003,0.22654460096720641,2.389992542905569e-19,4.163336342344337e-17,
3760,37.600000000000001,0.22653311966883302,-4.2657425263971028e-18,-1.4988010832439613e-15,
3761,37.609999999999999,0.22652215053323033,3.9920611700648661e-19,8.6736173798840355e-17,
3762,37.619999999999997,0.22650108619868548,-5.8615511629192879e-18,-2.6090241078691179e-15,
3763,37.630000000000003,0.22646766223015727,-1.552764319291323e-19,1.8041124150158794e-16,
3764,37.640000000000001,0.22631489367739896,-0.0017587099563995707,3.7509571646709849,
3765,37.649999999999999,0.2261474124756313,-0.01222075717283087,8.1999999999999993,
3766,37.660000000000004,0.22592627248927186,-0.040769938308364277,4.3954972476569072,
3767,37.670000000000002,0.22556358039060703,-0.0092658622562750686,8.1999999999999993,
3768,37.68,0.22536547499778667,-0.042205425046230281,2.914112545784227,
3769,37.689999999999998,0.2249467412656041,-0.016031721650119745,8.1999999999999993,
3770,37.700000000000003,0.22471335814429363,-0.030435513470625088,8.1999999999999993,
3771,37.710000000000001,0.22444245564490609,-0.010592356855561681,8.1999999999999993,
3772,37.719999999999999,0.22425290637146669,-0.030334816395708297,6.9360603751051144,
3773,37.730000000000004,0.2239746763450623,-0.0082072739446965061,8.1029742414481376,
3774,37.740000000000002,0.22377559757100146,-0.048429821143696088,0.072403114614393027,
3775,37.75,0.22326940596253492,-0.023173967711210795,8.1999999999999993,
3776,37.759999999999998,0.22297250438027544,-0.033955644461818632,8.1999999999999993,
3777,37.770000000000003,0.22264267001965657,-0.020127696776829098,8.1999999999999993,
3778,37.780000000000001,0.22246720645616083,-0.0032815057838521712,5.1236750746722146,
3779,37.789999999999999,0.22232317700299464,-0.0087482553801672015,8.1999999999999993,
3780,37.800000000000004,0.22213559833743515,-0.038043619865477905,4.1562568813340235,
3781,37.810000000000002,0.22177098642765475,-0.011534049844664447,8.1999999999999993,
3782,37.82,0.22155124208241633,-0.043731751410126488,3.1779781805162459,
3783,37.829999999999998,0.22108795294564473,-0.023431892362750961,8.1999999999999993,
3784,37.840000000000003,0.22079488504383732,-0.031513283010822027,8.1999999999999993,
3785,37.850000000000001,0.22047666145929104,-0.021160262873673414,8.1999999999999993,
3786,37.859999999999999,0.22026126904119991,-0.011002759432067473,8.1999999999999993,
3787,37.869999999999997,0.22006371872109989,-0.032843879289684665,6.3708970602040296,
3788,37.880000000000003,0.21965165444050069,-0.036531161052202187,8.1999999999999993,
3789,37.890000000000001,0.21921951982138349,-0.048044513278392091,8.1999999999999993,
3790,37.899999999999999,0.21870509215426043,-0.047065448521486385,8.1999999999999993,
3791,37.910000000000004,0.21822215620058644,-0.039337407791646656,8.1999999999999993,
3792,37.920000000000002,0.21782997878163707,-0.027799173387403411,8.1999999999999993,
3793,37.93,0.21750284762559766,-0.032143150031796734,8.1999999999999993,
3794,37.939999999999998,0.21714661650181383,-0.031436321347108123,8.1999999999999993,
3795,37.950000000000003,0.21685010305805186,-0.015498668196138895,8.1999999999999993,
3796,37.960000000000001,0.21664181024200377,-0.021422771056225733,8.1999999999999993,
3797,37.969999999999999,0.21649863536371752,-1.075250999349464e-18,3.3306690738754696e-16,
3798,37.980000000000004,0.2163316974842871,-0.0036276019421603938,5.3870971345691485,
3799,37.990000000000002,0.21617770553748156,-0.012569699123721047,8.1999999999999993,
3800,38,0.21600286791292786,-0.016914126830182046,8.1999999999999993,
3801,38.009999999999998,0.21586471304702382,-0.00095648129411615441,2.7661978152202438,
3802,38.020000000000003,0.21575572055937911,-0.00019139779312224014,1.2374095300174139,
3803,38.030000000000001,0.21567939809233466,-3.4989390762597675e-19,-2.4980018054066022e-16,
3804,38.039999999999999,0.21560979636389838,1.9751796830425602e-18,2.4980018054066022e-16,
3805,38.050000000000004,0.21550362386629587,-1.4953038807163921e-17,3.3306690738754696e-16,
3806,38.060000000000002,0.21543049875176476,-1.3080613619182863e-18,-2.1510571102112408e-16,
3807,38.07,0.21537717387465732,-4.9329440830403494e-18,1.8873791418627661e-15,
3808,38.079999999999998,0.2153136652251913,1.5197170140152255e-18,-3.3306690738754696e-16,
3809,38.090000000000003,0.21525234891863856,2.496075085675529e-19,-1.3877787807814457e-17,
3810,38.100000000000001,0.21521146172690381,-4.4185850524619605e-18,1.8318679906315083e-15,
3811,38.109999999999999,0.21524848172783734,9.5631018173551854e-19,-4.8572257327350599e-17,
3812,38.119999999999997,0.21524804030503192,-1.1899496194611288e-17,-1.3877787807814457e-16,
3813,38.130000000000003,0.21524336919527506,-1.9362615352639297e-17,2.7200464103316335e-15,
3814,38.140000000000001,0.21524103376278692,-1.0648330301102577e-19,-4.5102810375396984e-17,
3815,38.149999999999999,0.21521555415361091,-3.0383528562017162e-18,-4.3853809472693683e-15,
3816,38.160000000000004,0.21520101424026558,-1.7650028153116612e-19,-1.2836953722228372e-16,
3817,38.170000000000002,0.21523892453497384,-3.1146827368134115e-18,-2.2108377122084079e-16,
3818,38.18,0.21530312325520112,-7.6970347877859993e-18,-4.2599470579837929e-16,
3819,38.189999999999998,0.21534862241431629,7.8336319187213e-19,2.3592239273284576e-16,
3820,38.200000000000003,0.21541101390792466,-1.4793281049409551e-18,-2.6367796834847468e-16,
3821,38.210000000000001,0.21547298665628895,-1.3550552999487218e-18,-3.6082248300317588e-16,
3822,38.219999999999999,0.21556196821214718,1.3026771487308265e-18,3.0531133177191805e-16,
3823,38.230000000000004,0.21563624906566001,-1.4496599082452769e-19,-2.7755575615628914e-17,
3824,38.240000000000002,0.21570037209225651,1.0937842313158829e-19,2.0488044011673269e-19,
3825,38.25,0.21581169564384753,-2.1476154188349028e-17,-3.3306690738754696e-16,
3826,38.259999999999998,0.21590979058660409,-3.5076328189863364e-18,-6.106226635438361e-16,
3827,38.270000000000003,0.21600061820827288,1.8651245784509784e-19,-4.0245584642661925e-16,
3828,38.280000000000001,0.21607557997716198,-1.8878147562848142e-18,-4.0939474033052647e-16,
3829,38.289999999999999,0.21604388899694668,1.0186097317098685e-18,-2.0122792321330962e-16,
3830,38.300000000000004,0.21595682871757282,-4.3091486639028295e-17,8.3821838359199319e-15,
3831,38.310000000000002,0.21582035078779599,-0.00043217833713954601,1.8594156870147056,
3832,38.32,0.2156974240527938,-0.00055374745386076629,2.1047516791503353,
3833,38.329999999999998,0.21561959186800075,-4.3578419253234184e-20,-2.8449465006019636e-16,
3834,38.340000000000003,0.21567061892400918,1.9230191088196495e-18,1.3183898417423734e-16,
3835,38.350000000000001,0.21545145774431668,-0.016025136013543443,8.1999999999999993,
3836,38.359999999999999,0.21523826922831452,-0.021806947230771277,8.1999999999999993,
3837,38.369999999999997,0.21495228870741995,-0.033807529885924309,8.1999999999999993,
3838,38.380000000000003,0.21462377895425697,-0.020020864390363158,8.1999999999999993,
3839,38.390000000000001,0.21436102069764754,-0.029679848091068727,8.1999999999999993,
3840,38.399999999999999,0.21406364898955865,-0.018628016985558531,8.1999999999999993,
3841,38.410000000000004,0.21384936036126281,-0.015702393871125143,8.1999999999999993,
3842,38.420000000000002,0.21361887280192368,-0.030298704856968787,8.1999999999999993,
3843,38.43,0.21331282359543249,-0.019937700267546904,8.1999999999999993,
3844,38.439999999999998,0.21307297347762266,-0.021164479554716571,8.1999999999999993,
3845,38.450000000000003,0.21300358295793098,1.5005638657581786e-19,1.3877787807814457e-16,
3846,38.460000000000001,0.21294637600900254,-7.2525031215773651e-18,-3.4972025275692431e-15,
3847,38.469999999999999,0.21299982992368099,-7.4798520293005257e-19,-2.0816681711721685e-17,
3848,38.480000000000004,0.21287442877959573,-3.6696633298286299e-05,0.5418238333501777,
3849,38.490000000000002,0.21274823993037151,-0.00017411379009079776,1.1802162177865578,
3850,38.5,0.21253492227896856,-0.018203957253607,8.1999999999999993,
3851,38.509999999999998,0.21230092168613379,-0.02361160644286122,8.1999999999999993,
3852,38.520000000000003,0.21199395135804588,-0.036964123633272492,8.1999999999999993,
3853,38.530000000000001,0.21159003681718386,-0.036081764661750712,8.1999999999999993,
3854,38.539999999999999,0.21118210745220414,-0.039676945384238452,8.1999999999999993,
3855,38.550000000000004,0.21080222370025417,-0.023986591030327641,8.1999999999999993,
3856,38.560000000000002,0.21048061106442872,-0.042744353247259309,7.1940866005277062,
3857,38.57,0.21014427307241362,-0.0075354798669656697,7.7642667996228321,
3858,38.579999999999998,0.20994756897519787,-0.043592938019135913,2.4152023218164884,
3859,38.590000000000003,0.20951014153683337,-0.017578865561003968,8.1999999999999993,
3860,38.600000000000001,0.20926463788785046,-0.030401972876597124,8.1999999999999993,
3861,38.609999999999999,0.20904104199010096,-0.0018992986485944884,3.8979981001478068,
3862,38.619999999999997,0.20899128586592305,1.7001517232353258e-18,-5.5511151231257827e-17,
3863,38.630000000000003,0.20901207145380693,1.5353296664219283e-18,-2.7557532005435783e-17,
3864,38.640000000000001,0.20890111256795069,9.3330898565113785e-18,3.3306690738754696e-16,
3865,38.649999999999999,0.20899352579461819,-3.880723963526749e-18,-1.3183898417423734e-16,
3866,38.660000000000004,0.20913190652434557,0.00054206311407803344,-2.082427648833034,
3867,38.670000000000002,0.20924808509772821,0.00027524002058123772,-1.4838868436137176,
3868,38.68,0.20935796770189935,1.0359533132616079e-06,-0.091036402093299162,
3869,38.689999999999998,0.20945517979780182,8.432354564956171e-19,4.3021142204224816e-16,
3870,38.700000000000003,0.20954574884073854,-1.437936075935418e-18,-1.6653345369377348e-16,
3871,38.710000000000001,0.20962127349579915,-5.9858881498605012e-18,-4.0713323535733149e-16,
3872,38.719999999999999,0.20970256998299908,-2.1346182493507923e-18,-2.0816681711721685e-17,
3873,38.730000000000004,0.20979022737204869,5.6004013195206441e-17,1.6653345369377348e-16,
3874,38.740000000000002,0.2099520929574544,0.0028802197227084975,-4.8001830987648777,
3875,38.75,0.21014548453848197,0.025100022363316262,-8.1999999999999993,
3876,38.759999999999998,0.21039153345377778,0.012542781586721834,-8.1999999999999993,
3877,38.770000000000003,0.21057959959504535,0.022239357140737319,-8.1999999999999993,
3878,38.780000000000001,0.21072653168028199,6.2794214272798853e-18,-3.3306690738754696e-16,
3879,38.789999999999999,0.21085808356586094,0.00020417042276566535,-1.2780310567921744,
3880,38.800000000000004,0.211050387474472,0.012337297023054359,-8.1999999999999993,
3881,38.810000000000002,0.21125803517003922,0.032423824799218195,-6.8448588491447566,
3882,38.82,0.21150042729137317,0.0012305360701381088,-3.1375609254809467,
3883,38.829999999999998,0.21173113878861688,0.033469068653382845,-8.1999999999999993,
3884,38.840000000000003,0.21210431599332488,0.034009894288783225,-8.1999999999999993,
3885,38.850000000000001,0.21248654221319846,0.035815548186365259,-8.1999999999999993,
3886,38.859999999999999,0.21282116859681249,0.018435522155589776,-8.1999999999999993,
3887,38.869999999999997,0.21311121237662384,0.05154961944639936,-2.8511185711457903,
3888,38.880000000000003,0.21362641485468073,0.025830356929399029,-8.1999999999999993,
3889,38.890000000000001,0.21394723374895436,0.035474821039614454,-8.1999999999999993,
3890,38.899999999999999,0.21428589508163418,0.019989927351344486,-8.1999999999999993,
3891,38.910000000000004,0.21454345239632797,0.027629767198438591,-8.1999999999999993,
3892,38.920000000000002,0.21480151790889743,0.01159422485712738,-8.1999999999999993,
3893,38.93,0.21498147403205817,0.021878433574303024,-8.1999999999999993,
3894,38.939999999999998,0.21510072041343786,2.1217308366968662e-19,9.0205620750793969e-17,
3895,38.950000000000003,0.21524216326902854,0.00074408786639133849,-2.4398161674869456,
3896,38.960000000000001,0.21530581168683208,1.8184623801600752e-18,-5.5511151231257827e-17,
3897,38.969999999999999,0.21540720464530658,-6.5947247662734308e-19,-3.3306690738754696e-16,
3898,38.980000000000004,0.21550889849448512,-1.45372602844418e-17,-3.3306690738754696e-16,
3899,38.990000000000002,0.21565367217238954,0.00099887158681442184,-2.8268308570757119,
3900,39,0.21573505128568682,-3.1398130087658507e-18,-3.677613769070831e-16,
3901,39.009999999999998,0.21583583976289764,1.075250999349464e-18,-3.3306690738754696e-16,
3902,39.020000000000003,0.21592647102258455,-8.0823255726165472e-20,-6.9388939039072284e-17,
3903,39.030000000000001,0.21601569821604499,3.6080565987898729e-17,-1.4988010832439613e-15,
3904,39.039999999999999,0.21608667493155714,1.4224884960909949e-18,2.1510571102112408e-16,
3905,39.050000000000004,0.2161558132677823,6.1704703786278727e-18,2.9277414308218927e-16,
3906,39.060000000000002,0.21623937863050008,-3.085134828042441e-18,-3.5388358909926865e-16,
3907,39.07,0.21630917123364735,-3.2278114462188393e-18,-4.0245584642661925e-16,
3908,39.079999999999998,0.21638965791012521,-1.8287175775585105e-18,-4.2327252813834093e-16,
3909,39.090000000000003,0.21647340697824258,-4.9266420944126488e-18,-3.8857805861880479e-16,
3910,39.100000000000001,0.216566557984853,1.1797655212938826e-19,3.7470027081099033e-16,
3911,39.109999999999999,0.21665302458774233,3.1949696677288034e-18,3.6082248300317588e-16,
3912,39.119999999999997,0.21673361499857899,-1.3932772166369263e-18,-3.7470027081099033e-16,
3913,39.130000000000003,0.21679678170311847,9.5257320579945499e-20,2.2204460492503131e-16,
3914,39.140000000000001,0.21664473401159767,-0.0016816000202128554,3.6678059056747885,
3915,39.149999999999999,0.21645691376119272,-0.018549612898103217,8.1999999999999993,
3916,39.160000000000004,0.21628431208868557,-0.0044754300414915705,5.9835976077885284,
3917,39.170000000000002,0.21614469021661481,-0.0094988328008731339,8.1999999999999993,
3918,39.18,0.21598885375539703,-0.018443751581942763,8.1999999999999993,
3919,39.189999999999998,0.21581510147607408,-0.0048323328026726826,6.2176090598703162,
3920,39.200000000000003,0.21571056537819239,-0.001887176846907337,3.8855391871989515,
3921,39.210000000000001,0.21558986646421477,-0.0018555390608380052,3.8528317490780788,
3922,39.219999999999999,0.21546830160559347,-0.0019333989325752698,3.9328350411124773,
3923,39.230000000000004,0.21536726146351437,-0.00021324967203251101,1.3061383449926234,
3924,39.240000000000002,0.21529734059129066,3.1062448345809619e-18,3.4000580129145419e-16,
3925,39.25,0.21522096648593439,-1.4625873782821097e-18,-2.3592239273284576e-16,
3926,39.259999999999998,0.21519011785971492,4.2333084021316342e-20,1.3183898417423734e-16,
3927,39.270000000000003,0.2151460455113805,-9.1854790205992772e-18,-1.2212453270876722e-15,
3928,39.280000000000001,0.21508434752986663,-4.1977262981717146e-19,-2.8449465006019636e-16,
3929,39.289999999999999,0.21501984370966593,1.3916856337161484e-18,2.4286128663675299e-16,
3930,39.300000000000004,0.21494694345240489,2.0254617091140067e-19,2.6367796834847468e-16,
3931,39.310000000000002,0.21486409301854656,-3.1734347700870464e-18,1.457167719820518e-16,
3932,39.32,0.21480099667652028,-1.678857713741764e-18,-3.7192471324942744e-15,
3933,39.329999999999998,0.21479502641221901,2.2679685694033432e-20,-7.2858385991025898e-17,
3934,39.340000000000003,0.21488706362329793,3.1470655447690848e-17,3.7747582837255322e-15,
3935,39.350000000000001,0.21495960598963731,-3.2355980388473641e-18,-2.4286128663675299e-16,
3936,39.359999999999999,0.21498842472224847,-8.0371846272188607e-19,4.163336342344337e-17,
3937,39.369999999999997,0.21502041532481916,1.3558794311529428e-18,2.1314717086445384e-16,
3938,39.380000000000003,0.2150082990075414,-8.8748947682826691e-18,-7.7715611723760958e-16,
3939,39.390000000000001,0.21490821422377776,-1.1483591855210307e-17,3.3306690738754696e-16,
3940,39.399999999999999,0.21481985788585414,-2.5152393199065373e-19,1.457167719820518e-16,
3941,39.410000000000004,0.21473739707425343,4.77233181716536e-18,1.0547118733938987e-15,
3942,39.420000000000002,0.21465496413200383,-1.4584129326633852e-18,-2.0816681711721685e-17,
3943,39.43,0.21457278800717136,-8.2821559018965433e-18,1.8873791418627661e-15,
3944,39.439999999999998,0.21448084997824707,3.3955849070301056e-18,3.6082248300317588e-16,
3945,39.450000000000003,0.21453516679880139,-9.5576280673523225e-19,-2.7755575615628914e-16,
3946,39.460000000000001,0.21477581809094157,0.022512580801842277,-8.1999999999999993,
3947,39.469999999999999,0.21504980033366472,0.026751292401007161,-8.1999999999999993,
3948,39.480000000000004,0.21537667310387645,0.035082054648144172,-8.1999999999999993,
3949,39.490000000000002,0.21575189749507087,0.031016861413543349,-8.1999999999999993,
3950,39.5,0.21605848731180941,0.018830129995891568,-8.1999999999999993,
3951,39.509999999999998,0.2163184899960697,0.032581543612464861,-8.1999999999999993,
3952,39.520000000000003,0.21659888815010431,0.0098595250154132012,-8.1999999999999993,
3953,39.530000000000001,0.21674923136001994,0.015185938407293296,-8.1999999999999993,
3954,39.539999999999999,0.21685218957093005,-4.128919428580958e-18,-3.3306690738754696e-16,
3955,39.550000000000004,0.21694411625398335,1.48713543600598e-18,6.9388939039072284e-17,
3956,39.560000000000002,0.21712406938000101,0.0059714661135648328,-6.911709550358629,
3957,39.57,0.2172893040149349,0.021659042996323534,-8.1999999999999993,
3958,39.579999999999998,0.21756044952318757,0.028068364754179443,-8.1999999999999993,
3959,39.590000000000003,0.21784411878468687,0.017685993612490174,-8.1999999999999993,
3960,39.600000000000001,0.21810583090056065,0.038080417969608919,-6.7627739788800527,
3961,39.609999999999999,0.21844944393210525,0.012845981025023583,-8.1999999999999993,
3962,39.619999999999997,0.21867455311155082,0.039970384214210231,-4.8401217205402967,
3963,39.630000000000003,0.21900292539825333,0.0048709518867437575,-6.2424045922985512,
3964,39.640000000000001,0.21915173130630933,0.013201685817898727,-8.1999999999999993,
3965,39.649999999999999,0.21915460617512356,1.4702351348907262e-18,2.1510571102112408e-16,
3966,39.660000000000004,0.21917958679867702,3.8164319824809367e-18,2.01473210703897e-16,
3967,39.670000000000002,0.21925824827514845,4.4159228847108538e-18,-1.1769228402170137e-16,
3968,39.68,0.2193933906265991,0.00036227002366951094,-1.7023983638843405,
3969,39.689999999999998,0.21937470639829418,-3.8834752002234779e-19,2.1163626406917047e-16,
3970,39.700000000000003,0.21943688064506284,-7.5392660191657251e-19,-3.040489912077465e-18,
3971,39.710000000000001,0.219417757861184,9.9669630008166037e-19,4.4408920985006262e-15,
3972,39.719999999999999,0.2193918001042241,3.3813873690774848e-19,1.1449174941446927e-16,
3973,39.730000000000004,0.21945224103509295,1.1704332461105231e-19,-5.9270407434544858e-18,
3974,39.740000000000002,0.21953281834361318,-1.9024586944421591e-18,-5.4082742419981364e-16,
3975,39.75,0.21948644889776253,1.5260523076725397e-18,-4.3715031594615539e-16,
3976,39.759999999999998,0.21951519739037323,-5.8878985305513628e-20,3.4694469519536142e-17,
3977,39.770000000000003,0.21951353426810113,-4.1521218892645191e-18,3.3306690738754696e-15,
3978,39.780000000000001,0.21951561511377987,-9.9279846409022609e-22,2.3418766925686896e-17,
3979,39.789999999999999,0.21951423187280714,6.2770362585370298e-18,2.1649348980190553e-15,
3980,39.800000000000004,0.21931019318980172,-0.011867314714097152,8.1999999999999993,
3981,39.810000000000002,0.21915632870115415,-0.011291534681667433,8.1999999999999993,
3982,39.82,0.21900907552492913,-0.01043066146228316,8.1999999999999993,
3983,39.829999999999998,0.2188609825239875,-0.012824240327949437,8.1999999999999993,
3984,39.840000000000003,0.21876222602380921,-4.5744340519495387e-05,0.60494191800202657,
3985,39.850000000000001,0.2186528320025532,-1.075250999349464e-18,3.3306690738754696e-16,
3986,39.859999999999999,0.21851705481072445,-0.00039475425113471668,1.7770858192776506,
3987,39.869999999999997,0.21837011348743612,-0.0030705338300399923,4.956235531158697,
3988,39.880000000000003,0.21826844979178439,-0.00068613591548652485,2.34288013434153,
3989,39.890000000000001,0.21815944787009567,-8.5009921168990044e-05,0.82466924845777556,
3990,39.899999999999999,0.21806933233482897,-1.5127040001908574e-18,5.5511151231257827e-17,
3991,39.910000000000004,0.21798441896652657,-2.7668477888036869e-17,-2.2759572004815709e-15,
3992,39.920000000000002,0.21791443153589593,4.2914250081897176e-19,-3.6082248300317588e-16,
3993,39.93,0.21783570943676209,3.1580125469783615e-18,2.5673907444456745e-16,
3994,39.939999999999998,0.21780810419195529,5.1810590125962683e-19,1.3183898417423734e-16,
3995,39.950000000000003,0.21775662106752891,-6.8438797942468943e-18,-2.6090241078691179e-15,
3996,39.960000000000001,0.21775680769091815,-7.9746229120641052e-22,-6.9388939039072284e-18,
3997,39.969999999999999,0.21774884608203232,1.1791491349207752e-17,-2.886579864025407e-15,
3998,39.980000000000004,0.21774814340882143,-2.6768472626013418e-22,5.0306980803327406e-17,
3999,39.990000000000002,0.21773169388529426,6.5924472368688996e-18,-1.4988010832439613e-15,
4000,40,0.21771910560801572,3.8172391819010351e-20,-5.5511151231257827e-17,
4001,40.009999999999998,0.21772704434077852,-3.721441198870241e-19,-5.7833627726587126e-17,
4002,40.020000000000003,0.21772397831094389,-9.1333580709402443e-18,2.2204460492503131e-16,
4003,40.030000000000001,0.21768995000182353,6.6720326981738556e-19,-2.7755575615628914e-16,
4004,40.039999999999999,0.2176385354345744,2.0611352402966552e-19,9.0205620750793969e-17,
4005,40.050000000000004,0.21759396801354547,4.1832772074670766e-18,3.8302694349567901e-15,
4006,40.060000000000002,0.2176031858015636,-9.6244572747038199e-21,-1.7347234759768071e-16,
4007,40.07,0.21762481433161981,-2.4909835237345652e-18,-2.4819835621822623e-16,
4008,40.079999999999998,0.21765306532335627,3.5140991161379159e-19,-8.6736173798840355e-17,
4009,40.090000000000003,0.21769282128694786,4.7235278828966951e-19,8.3970547612329515e-17,
4010,40.100000000000001,0.21777584140588702,-1.2830433637877197e-18,-5.7228646443004969e-16,
4011,40.109999999999999,0.21786610924846336,-1.6709678218869005e-18,-1.3877787807814457e-17,
4012,40.119999999999997,0.21797257725951538,-1.2802536808464993e-17,-3.3306690738754696e-16,
4013,40.130000000000003,0.21810707355484543,0.00033060248424104119,-1.6262902182354604,
4014,40.140000000000001,0.21825891130529484,0.0036298070875525222,-5.3887342391715851,
4015,40.149999999999999,0.21841817726052559,0.014336093605812356,-8.1999999999999993,
4016,40.160000000000004,0.21859535513865916,0.013302039937601822,-8.1999999999999993,
4017,40.170000000000002,0.21875572267508644,0.010165457124700657,-8.1999999999999993,
4018,40.18,0.21891177876484333,0.016514818384895501,-8.1999999999999993,
4019,40.189999999999998,0.21901765107300156,-6.3744293221692401e-18,-1.5265566588595902e-16,
4020,40.200000000000003,0.21895260540925299,1.1692378226393656e-17,-1.4988010832439613e-15,
4021,40.210000000000001,0.21895613917156864,5.4483716225165711e-20,1.0408340855860843e-16,
4022,40.219999999999999,0.21890818102462498,-7.1262219914409562e-18,-1.2212453270876722e-15,
4023,40.230000000000004,0.21899901637756194,-2.13948517750572e-18,-2.6367796834847468e-16,
4024,40.240000000000002,0.21900086472216268,-2.4867528954624048e-20,-3.0357660829594124e-17,
4025,40.25,0.21893403170842532,4.6546828940943806e-18,3.8857805861880479e-16,
4026,40.259999999999998,0.21880672897778028,-7.4274014730311928e-05,0.77083858092503355,
4027,40.270000000000003,0.21869731425168887,-8.0141449032566924e-18,3.3306690738754696e-16,
4028,40.280000000000001,0.21858000578703279,-2.8099744753262711e-18,3.3306690738754696e-16,
4029,40.289999999999999,0.21851342207787458,1.4663419320382821e-18,4.0939474033052647e-16,
4030,40.300000000000004,0.21846547946832526,9.7992192978988388e-19,3.3306690738754696e-16,
4031,40.310000000000002,0.21842613298589442,-8.3846271655680785e-19,-2.9143354396410359e-16,
4032,40.32,0.21837679203682006,-7.8131048705580608e-19,-4.163336342344337e-16,
4033,40.329999999999998,0.21841596242492084,-8.3802934177531896e-19,-3.8163916471489756e-16,
4034,40.340000000000003,0.21846494614028281,8.3500711872742863e-19,1.457167719820518e-16,
4035,40.350000000000001,0.21857477695081953,2.8099744753262703e-18,-3.3306690738754696e-16,
4036,40.359999999999999,0.21863479111253614,3.7027439550061624e-19,2.0816681711721685e-16,
4037,40.369999999999997,0.21868303107076689,1.3220536646732965e-18,-4.4009310255869229e-17,
4038,40.380000000000003,0.21870236365882106,1.7659640127834836e-19,-1.0991332057701802e-16,
4039,40.390000000000001,0.2187691661974337,-4.2330081216886791e-18,-4.2165847711334349e-16,
4040,40.399999999999999,0.21889426753682117,3.1952772897074617e-05,-0.50559092473718326,
4041,40.410000000000004,0.21906082337055716,0.004361348228194009,-5.9068422888673844,
4042,40.420000000000002,0.2192280016014351,0.018843889471508769,-8.1999999999999993,
4043,40.43,0.21938509260051114,0.0017623144489003757,-3.7547990080965685,
4044,40.439999999999998,0.21945988769598768,-3.0357800028899374e-18,5.5511151231257827e-17,
4045,40.450000000000003,0.21948521831430751,-7.9866103658252748e-19,2.0205606907602289e-16,
4046,40.460000000000001,0.21950585835037253,5.1214580618416324e-19,1.143086226757433e-16,
4047,40.469999999999999,0.219528966832061,2.2417307974744595e-18,5.6246921045943268e-17,
4048,40.480000000000004,0.21956932302056589,3.6283000454698981e-18,2.27078670042398e-16,
4049,40.490000000000002,0.21961560380698331,-7.1577698770393969e-19,0,
4050,40.5,0.21963067391442895,-1.1762884571504296e-18,-1.1701177674743052e-16,
4051,40.509999999999998,0.21962251092588375,-1.0202473120130591e-17,-2.8310687127941492e-15,
4052,40.520000000000003,0.21960715181248958,4.1959082221811151e-19,-1.3530843112619095e-16,
4053,40.530000000000001,0.2196176477163915,-8.1114817064976585e-19,-1.2462935588776516e-16,
4054,40.539999999999999,0.21962027282970595,-2.1608585337336456e-18,-1.4217774738455034e-16,
4055,40.550000000000004,0.21951430940086672,5.8636429045577644e-18,3.3306690738754696e-16,
4056,40.560000000000002,0.21933301475108763,-0.0062501860283669143,7.0711730446182193,
4057,40.57,0.21915315827000675,-0.029356685638853144,7.225280449879544,
4058,40.579999999999998,0.21886571231063875,-0.012538768990390576,8.1999999999999993,
4059,40.590000000000003,0.21870042500410347,-0.013566504266395973,8.1999999999999993,
4060,40.600000000000001,0.21858232629363966,-0.00095969043560268274,2.7708344383635541,
4061,40.609999999999999,0.21863244747551913,-1.4351048415798324e-19,-1.5959455978986625e-16,
4062,40.619999999999997,0.21859187504424415,-2.2709386974672697e-18,9.4368957093138306e-16,
4063,40.630000000000003,0.21864443721491797,1.0606032037724437e-18,4.0245584642661925e-16,
4064,40.640000000000001,0.21872020194417691,-1.4851112279278331e-18,-1.1102230246251565e-16,
4065,40.649999999999999,0.21880539263834256,5.422159211179223e-17,5.7176485768195562e-15,
4066,40.660000000000004,0.21886082797424564,1.040386338021955e-19,-2.2898349882893854e-16,
4067,40.670000000000002,0.21895758190340428,2.3030853503851544e-19,-9.7144514654701197e-17,
4068,40.68,0.21905015054402821,4.5159922976332363e-17,2.1649348980190553e-15,
4069,40.689999999999998,0.21913540319508162,-3.0942680518104495e-18,-4.0939474033052647e-16,
4070,40.700000000000003,0.21923614943048511,8.0141449032566924e-18,-3.3306690738754696e-16,
4071,40.710000000000001,0.21925397258307128,-9.2309867548650149e-19,-1.3183898417423734e-16,
4072,40.719999999999999,0.21926204144576333,-1.9987182659471151e-18,-1.2867119143712972e-16,
4073,40.730000000000004,0.21924034452881691,-8.3061052292248552e-18,9.9920072216264089e-16,
4074,40.740000000000002,0.21912798490137711,6.594724766273425e-19,3.3306690738754696e-16,
4075,40.75,0.21896803312291077,-0.002621211326106797,4.5792674751377396,
4076,40.759999999999998,0.21880783897414199,-0.012303983787194595,8.1999999999999993,
4077,40.770000000000003,0.21863000420631878,-0.01880713221499563,8.1999999999999993,
4078,40.780000000000001,0.21835480144798081,-0.040433851020305729,6.4296360022223151,
4079,40.789999999999999,0.21797799320805986,-0.016387760761116248,8.1999999999999993,
4080,40.800000000000004,0.21770275700397701,-0.053947894747076605,1.1037050744484092,
4081,40.810000000000002,0.21718085948269281,-0.023167375521407404,8.1999999999999993,
4082,40.82,0.21687667082731843,-0.037306235430253,8.1999999999999993,
4083,40.829999999999998,0.21650582640290225,-0.025489121709808719,8.1999999999999993,
4084,40.840000000000003,0.21645945217044363,-1.3160059351627332e-19,-1.7347234759768071e-18,
4085,40.850000000000001,0.21619300274452008,-0.031604110951988576,8.1999999999999993,
4086,40.859999999999999,0.21607307050629018,3.0360990910981185e-18,-2.7755575615628914e-17,
4087,40.869999999999997,0.21615089353063957,4.6249873857923011e-19,-5.8094136554216387e-16,
4088,40.880000000000003,0.21626137511747379,-4.128919428580958e-18,-3.3306690738754696e-16,
4089,40.890000000000001,0.21648729238897274,0.017983045995769026,-8.1999999999999993,
4090,40.899999999999999,0.21673841585302464,0.031541589022945037,-8.1999999999999993,
4091,40.910000000000004,0.21703972523904005,0.016568222091870269,-8.1999999999999993,
4092,40.920000000000002,0.21720821648651994,0.0062862205447098366,-7.091527646260622,
4093,40.93,0.21738931021281938,0.030101221776387712,-7.0200253741649208,
4094,40.939999999999998,0.217726257307129,0.023148673994907512,-8.1999999999999993,
4095,40.950000000000003,0.21805608162936704,0.051321825749895862,-4.514353540785832,
4096,40.960000000000001,0.21862996101196269,0.041310099025876956,-8.1999999999999993,
4097,40.969999999999999,0.21907261304233938,0.038879959445955847,-8.1999999999999993,
4098,40.980000000000004,0.21940309770401828,0.013157979296355446,-8.1999999999999993,
4099,40.990000000000002,0.21962260672245421,0.035222755476629841,-6.3093690613274038,
4100,41,0.22003089797902248,0.030537150073446012,-8.1999999999999993,
4101,41.009999999999998,0.22035209855203927,0.023855813101493328,-8.1999999999999993,
4102,41.020000000000003,0.22058277253478922,0.010514305803873004,-8.1999999999999993,
4103,41.030000000000001,0.22075893950885767,0.023946345144836328,-8.1999999999999993,
4104,41.039999999999999,0.22105393025981726,0.030737296393607495,-8.1999999999999993,
4105,41.050000000000004,0.22134211255097494,0.014456877312527656,-8.1999999999999993,
4106,41.060000000000002,0.22143278168082836,-1.9565519400086708e-18,6.9388939039072284e-17,
4107,41.07,0.22144940679251707,-6.2441394767673416e-19,1.0762243044870711e-16,
4108,41.079999999999998,0.22151228732877629,-7.5539686226870388e-19,-1.8642816303723724e-18,
4109,41.090000000000003,0.22149977548226232,-1.9575869131602653e-18,-7.7715611723760958e-16,
4110,41.100000000000001,0.22145372799533522,1.0122155796376111e-18,4.3715031594615539e-16,
4111,41.109999999999999,0.22125486169429581,-0.01050806585954343,8.1999999999999993,
4112,41.119999999999997,0.22107340957981453,-0.026534435663950518,7.8881646425172853,
4113,41.130000000000003,0.2207940166314297,-0.017689984534275664,8.1999999999999993,
4114,41.140000000000001,0.22057197978699758,-0.020567777666159644,8.1999999999999993,
4115,41.149999999999999,0.22033410877055409,-0.018997741278240863,8.1999999999999993,
4116,41.160000000000004,0.22008796349976525,-0.026042058661533713,8.1999999999999993,
4117,41.170000000000002,0.21997006734728911,1.0691377601458232e-19,-3.8857805861880479e-16,
4118,41.18,0.22009550026728189,3.7218382576800347e-05,-0.54566203882477937,
4119,41.189999999999998,0.22006483625606263,-3.2739287566987556e-19,-9.3675067702747583e-17,
4120,41.200000000000003,0.22012960802716841,-5.0961424755950805e-18,-4.2504038437894522e-16,
4121,41.210000000000001,0.22002840447485245,6.5947247662734308e-19,3.3306690738754696e-16,
4122,41.219999999999999,0.2198120506497579,-0.015230880283926282,8.1999999999999993,
4123,41.230000000000004,0.21960337410902261,-0.022354576559396926,8.1999999999999993,
4124,41.240000000000002,0.21934530758134496,-0.021554668022928356,8.1999999999999993,
4125,41.25,0.21915189968260601,-0.0049592371207260308,6.298721851757568,
4126,41.259999999999998,0.21898093233037197,-0.0217886584967181,8.1999999999999993,
4127,41.270000000000003,0.21873171724101628,-0.019935507529884901,8.1999999999999993,
4128,41.280000000000001,0.21848032868926887,-0.025370817840860104,8.1999999999999993,
4129,41.289999999999999,0.2181864280672674,-0.026500079749740089,8.1999999999999993,
4130,41.300000000000004,0.21792043301263606,-0.015564544128735846,8.1999999999999993,
4131,41.310000000000002,0.21770396488286681,-0.024498882544794653,8.1999999999999993,
4132,41.32,0.2174690326752162,-0.010582803504839668,8.1999999999999993,
4133,41.329999999999998,0.21726682399833333,-0.037542662853391508,4.8904975158160156,
4134,41.340000000000003,0.21690176988510304,-0.013465042395425343,8.1999999999999993,
4135,41.350000000000001,0.21665998773264736,-0.047642604913070132,2.4592448071541,
4136,41.359999999999999,0.21619517032034502,-0.019378829392083297,8.1999999999999993,
4137,41.369999999999997,0.21590200215285102,-0.048213241110091308,4.3045874084647817,
4138,41.380000000000003,0.21538639899562453,-0.031734192765910239,8.1999999999999993,
4139,41.390000000000001,0.21531873618353939,-2.8440588143793547e-18,1.0581813203458523e-16,
4140,41.399999999999999,0.21498943613597468,-0.068905815849426261,-2.0751756592870407,
4141,41.410000000000004,0.21441037074557376,-0.022559676216149151,8.1999999999999993,
4142,41.420000000000002,0.21428829389445705,1.3205556049042438e-18,-2.2898349882893854e-16,
4143,41.43,0.21410851963430907,-0.0059348547031766287,6.8904889249902306,
4144,41.439999999999998,0.21392930778967095,-0.02816690547250246,7.6246876067156686,
4145,41.450000000000003,0.21364976492989546,-0.013843641854224611,8.1999999999999993,
4146,41.460000000000001,0.21341913877063085,-0.038313342208434499,5.6304879583592777,
4147,41.469999999999999,0.21297513450178038,-0.032091466259784811,8.1999999999999993,
4148,41.480000000000004,0.21258898081228844,-0.042906797781627683,8.1999999999999993,
4149,41.490000000000002,0.21246895077175412,6.9740836058523747e-18,2.4286128663675299e-17,
4150,41.5,0.21213802438558974,-0.071398998706724892,-4.0085789586107383,
4151,41.509999999999998,0.21138877144363327,-0.045280964188153951,8.1999999999999993,
4152,41.520000000000003,0.21091706798764628,-0.039520154281556807,8.1999999999999993,
4153,41.530000000000001,0.21047616327474922,-0.04260246757100862,8.1999999999999993,
4154,41.539999999999999,0.20999340322754481,-0.049872563472542084,8.1999999999999993,
4155,41.550000000000004,0.20943779168013674,-0.057202758795666581,8.1999999999999993,
4156,41.560000000000002,0.2088076523115929,-0.065025663279103543,8.1999999999999993,
4157,41.57,0.2081061704818839,-0.070153403903550543,8.1999999999999993,
4158,41.579999999999998,0.20734176381118366,-0.07994944245067015,8.1999999999999993,
4159,41.590000000000003,0.20648937602840806,-0.085714395239841298,8.1999999999999993,
4160,41.600000000000001,0.20560066263974977,-0.083939964820628377,8.1999999999999993,
4161,41.609999999999999,0.20473364014539033,-0.080891227268790375,8.1999999999999993,
4162,41.619999999999997,0.20387978940673293,-0.083697520855979257,8.1999999999999993,
4163,41.630000000000003,0.20303524381729704,-0.074608956342301788,8.1999999999999993,
4164,41.640000000000001,0.20225674956402048,-0.073108393266051869,8.1999999999999993,
4165,41.649999999999999,0.20149576453476187,-0.070791367400780694,8.1999999999999993,
4166,41.660000000000004,0.20076276243564972,-0.066940686220291146,8.1999999999999993,
4167,41.670000000000002,0.20004962209812277,-0.069315399465697355,8.1999999999999993,
4168,41.68,0.19931007170626178,-0.072649394407431483,8.1999999999999993,
4169,41.689999999999998,0.19854899858159758,-0.071868970521429196,8.1999999999999993,
4170,41.700000000000003,0.19782971114909806,-0.060823900516897809,8.1999999999999993,
4171,41.710000000000001,0.19720569539084465,-0.054126982494640978,8.1999999999999993,
4172,41.719999999999999,0.19658976649424412,-0.069307358659383561,8.097146703704281,
4173,41.730000000000004,0.19595484459368451,-0.043295708036386667,8.1999999999999993,
4174,41.740000000000002,0.19546658986396465,-0.049996198668801096,8.1999999999999993,
4175,41.75,0.1949268015763379,-0.050998548566554065,8.1999999999999993,
4176,41.759999999999998,0.19437169546212968,-0.05387044177447145,8.1999999999999993,
4177,41.770000000000003,0.19379978424459357,-0.052634301589623546,8.1999999999999993,
4178,41.780000000000001,0.19321732730966998,-0.059657224131203584,8.1999999999999993,
4179,41.789999999999999,0.19258801777035017,-0.058266137892863293,8.1999999999999993,
4180,41.800000000000004,0.19195136562259388,-0.06445553251142444,8.1999999999999993,
4181,41.810000000000002,0.1912496245865519,-0.071905676885358996,8.1999999999999993,
4182,41.82,0.19048723362540568,-0.074138272919342829,8.1999999999999993,
4183,41.829999999999998,0.18970429391880678,-0.075743541053719068,8.1999999999999993,
4184,41.840000000000003,0.1889387342322576,-0.066813261462648293,8.1999999999999993,
4185,41.850000000000001,0.1882490507479832,-0.06186338357465275,8.1999999999999993,
4186,41.859999999999999,0.18759672656268006,-0.060787333039428654,8.1999999999999993,
4187,41.869999999999997,0.18696467868271521,-0.05665048646534622,8.1999999999999993,
4188,41.880000000000003,0.18634981018456925,-0.060706483696566782,8.1999999999999993,
4189,41.890000000000001,0.18572297648840735,-0.055211389094664373,8.1999999999999993,
4190,41.899999999999999,0.18511644041849798,-0.061568812662201433,8.1999999999999993,
4191,41.910000000000004,0.18444462312814289,-0.068597780878748141,8.1999999999999993,
4192,41.920000000000002,0.18371422203742147,-0.071219057638619743,8.1999999999999993,
4193,41.93,0.18294005101063526,-0.080637722614273863,8.1999999999999993,
4194,41.939999999999998,0.18211388002416992,-0.075150208643244815,8.1999999999999993,
4195,41.950000000000003,0.18136425469565873,-0.063426115106964318,8.1999999999999993,
4196,41.960000000000001,0.18070930033805829,-0.058213137714496044,8.1999999999999993,
4197,41.969999999999999,0.18012905315741459,-0.046487014521912076,8.1999999999999993,
4198,41.980000000000004,0.17964376388145206,-0.041190232654740123,8.1999999999999993,
4199,41.990000000000002,0.17924935708436526,-0.025343363776332645,8.1999999999999993,
4200,42,0.17893657200293361,-0.033670685368024117,8.1999999999999993,
4201,42.009999999999998,0.17857270678369916,-0.030474043272773737,8.1999999999999993,
4202,42.020000000000003,0.17822337912705424,-0.0331541148754982,8.1999999999999993,
4203,42.030000000000001,0.17787540128984589,-0.026654054573691924,8.1999999999999993,
4204,42.039999999999999,0.17754494417197697,-0.036896398194865392,8.1999999999999993,
4205,42.050000000000004,0.17721011049537053,-0.016887591392345951,8.1999999999999993,
4206,42.060000000000002,0.17694513025201589,-0.043678918917137599,4.9418940720760212,
4207,42.07,0.17645061313738711,-0.034289373468982073,8.1999999999999993,
4208,42.079999999999998,0.17603100275762718,-0.050487620506128462,7.8453739034909651,
4209,42.090000000000003,0.1755040177512919,-0.043720933257747077,8.1999999999999993,
4210,42.100000000000001,0.17503718650209793,-0.041313675653323466,8.1999999999999993,
4211,42.109999999999999,0.17459368735909492,-0.039146092884299051,8.1999999999999993,
4212,42.119999999999997,0.17417545915362342,-0.035825244471679223,8.1999999999999993,
4213,42.130000000000003,0.17379236736103057,-0.03189641357607767,8.1999999999999993,
4214,42.140000000000001,0.17341411476309432,-0.040197955014850052,8.1999999999999993,
4215,42.149999999999999,0.17304102822017112,-0.021477748178374955,8.1999999999999993,
4216,42.160000000000004,0.1727742176729532,-0.026912901528765579,8.1999999999999993,
4217,42.170000000000002,0.1724867640434572,-0.020979946776103445,8.1999999999999993,
4218,42.18,0.17223459298870122,-0.022871707977826748,8.1999999999999993,
4219,42.189999999999998,0.17196834266171465,-0.023086846392153991,8.1999999999999993,
4220,42.200000000000003,0.17170946146946736,-0.020162588177890583,8.1999999999999993,
4221,42.210000000000001,0.17148910801354322,-0.014351445285008953,8.1999999999999993,
4222,42.219999999999999,0.17126817031648284,-0.030902964096172297,7.7570626843004309,
4223,42.230000000000004,0.17089988095354702,-0.035511325869952232,8.1999999999999993,
4224,42.240000000000002,0.17046534980478889,-0.053070875100448459,7.5023439701221095,
4225,42.25,0.16990880947821646,-0.045618913391413794,8.1999999999999993,
4226,42.259999999999998,0.16940117329707291,-0.050830855166887769,8.1999999999999993,
4227,42.270000000000003,0.16888070671450517,-0.043066746067926522,8.1999999999999993,
4228,42.280000000000001,0.16841523737603084,-0.042360670564550909,8.1999999999999993,
4229,42.289999999999999,0.16794871105934336,-0.044446165946564045,8.1999999999999993,
4230,42.300000000000004,0.16750674562935261,-0.032553280444237526,8.1999999999999993,
4231,42.310000000000002,0.16710025564702072,-0.050902138387305326,7.2999721436994083,
4232,42.32,0.16650786148921687,-0.060934050976428511,8.1999999999999993,
4233,42.329999999999998,0.16601607184772693,-0.022612373606132972,8.1999999999999993,
4234,42.340000000000003,0.16584543112879549,-0.00091567295202882272,2.7065445897362443,
4235,42.350000000000001,0.16592383283529091,-1.411164530233502e-18,3.8857805861880479e-16,
4236,42.359999999999999,0.16598620261013952,-2.8905607456043778e-19,-3.4694469519536142e-16,
4237,42.369999999999997,0.16584448431226256,-0.00076377580641877666,2.4718831791470666,
4238,42.380000000000003,0.1656484351884287,-0.017174433115237166,8.1999999999999993,
4239,42.390000000000001,0.16538456589269676,-0.041606679524180623,5.6413160042118955,
4240,42.399999999999999,0.16488286745504183,-0.042094488015503619,8.1999999999999993,
4241,42.410000000000004,0.16439944683055016,-0.051722197944349846,8.1999999999999993,
4242,42.420000000000002,0.1638357002672696,-0.055102886281356546,8.1999999999999993,
4243,42.43,0.16328063260879314,-0.045015186632244471,8.1999999999999993,
4244,42.439999999999998,0.16276754547594102,-0.054837857136720937,8.1999999999999993,
4245,42.450000000000003,0.16218176942802176,-0.055006788188885991,8.1999999999999993,
4246,42.460000000000001,0.16156942203403865,-0.064551541269241522,8.1999999999999993,
4247,42.469999999999999,0.16091685717489293,-0.055314507708562305,8.1999999999999993,
4248,42.480000000000004,0.16032104227122856,-0.057311600423466655,8.1999999999999993,
4249,42.490000000000002,0.15971950209194088,-0.054519034939016671,8.1999999999999993,
4250,42.5,0.1591070765913673,-0.066216185524269583,8.1999999999999993,
4251,42.509999999999998,0.15836757207997176,-0.082727314694090559,7.7671840548492534,
4252,42.520000000000003,0.15752051914719056,-0.074890015643664265,8.1999999999999993,
4253,42.530000000000001,0.15672224332222612,-0.07932206378822225,8.1999999999999993,
4254,42.539999999999999,0.15589311827923047,-0.078985742988318508,8.1999999999999993,
4255,42.550000000000004,0.15505900805390074,-0.081545957858371862,8.1999999999999993,
4256,42.560000000000002,0.15420145913490324,-0.083338255248917137,8.1999999999999993,
4257,42.57,0.15331662109729613,-0.088553402786160126,8.1999999999999993,
4258,42.579999999999998,0.15242201500631916,-0.079894988276141582,8.1999999999999993,
4259,42.590000000000003,0.15161138389118928,-0.071991776051587089,8.1999999999999993,
4260,42.600000000000001,0.15089125985344373,-0.060838772542058578,8.1999999999999993,
4261,42.609999999999999,0.150275995823762,-0.051552477184764738,8.1999999999999993,
4262,42.619999999999997,0.14973823815685819,-0.046812749755519377,8.1999999999999993,
4263,42.630000000000003,0.14920096848830469,-0.059372627041381375,8.1999999999999993,
4264,42.640000000000001,0.14857949780870161,-0.056362669086625287,8.1999999999999993,
4265,42.649999999999999,0.14797524762044809,-0.057641780711810135,8.1999999999999993,
4266,42.660000000000004,0.14743319490668699,-0.037575656516785572,8.1999999999999993,
4267,42.670000000000002,0.14700235646339394,-0.044191332058057024,8.1999999999999993,
4268,42.68,0.14655914234346737,-0.033340612144730143,8.1999999999999993,
4269,42.689999999999998,0.1462474451558885,-0.016420188614729599,8.1999999999999993,
4270,42.700000000000003,0.14596870524002101,-0.056924704102518903,-0.26250189935861401,
4271,42.710000000000001,0.14532967483006318,-0.039561277192519756,8.1999999999999993,
4272,42.719999999999999,0.14488659200244811,-0.043287872245399928,8.1999999999999993,
4273,42.730000000000004,0.14441975995981898,-0.042299101769969052,8.1999999999999993,
4274,42.740000000000002,0.14401575000505043,-0.026072172437650077,8.1999999999999993,
4275,42.75,0.14370061941491782,-0.032424400628997645,8.1999999999999993,
4276,42.759999999999998,0.14339230056425264,-0.016981163382794207,8.1999999999999993,
4277,42.770000000000003,0.14320060938992146,-0.012132454291795153,8.1999999999999993,
4278,42.780000000000001,0.1429701256213792,-0.047875674950065714,1.8545628812910373,
4279,42.789999999999999,0.14239241286574886,-0.039599336269146725,8.1999999999999993,
4280,42.800000000000004,0.14192900761897426,-0.051375585066940517,8.1999999999999993,
4281,42.810000000000002,0.14137329443990101,-0.0531214341863415,8.1999999999999993,
4282,42.82,0.14084465997139611,-0.04120579382851889,8.1999999999999993,
4283,42.829999999999998,0.14037726967428371,-0.047919944137591181,8.1999999999999993,
4284,42.840000000000003,0.13993483184337582,-0.027270946008862984,8.1999999999999993,
4285,42.850000000000001,0.13958777568323619,-0.042298160627148702,8.1346956829233328,
4286,42.859999999999999,0.13916983884940831,-0.029413858367699164,8.1999999999999993,
4287,42.869999999999997,0.13881357199091893,-0.038894796860355747,8.1999999999999993,
4288,42.880000000000003,0.13843938246485918,-0.023752692735932838,8.1999999999999993,
4289,42.890000000000001,0.13816477069231495,-0.023815392749952452,8.1999999999999993,
4290,42.899999999999999,0.13797930660322999,-0.0017059656853850487,3.6942828103815262,
4291,42.910000000000004,0.13785501719638893,-0.0021285251786835489,4.1265241341192151,
4292,42.920000000000002,0.13786083391460124,-3.2041162808285879e-19,1.7347234759768071e-17,
4293,42.93,0.13789628173293852,-3.8604082084603592e-19,7.6796044530171019e-17,
4294,42.939999999999998,0.13786729631901665,-1.2517705564069839e-18,1.8873791418627661e-15,
4295,42.950000000000003,0.13773518912847463,-0.0002257570518601751,1.3438959836540243,
4296,42.960000000000001,0.13773679577595865,3.3489373921817356e-20,5.2041704279304213e-18,
4297,42.969999999999999,0.1376501576368821,-4.375847768432419e-17,-1.9428902930940239e-15,
4298,42.980000000000004,0.13752470107131587,-3.7608989442518379e-05,0.54851792636168051,
4299,42.990000000000002,0.13728478535854999,-0.024459011303013881,8.1999999999999993,
4300,43,0.13705797672441844,-0.0085388520623654544,8.1999999999999993,
4301,43.009999999999998,0.13687191692251313,-0.03820844795195201,4.0345099159430005,
4302,43.020000000000003,0.13649897565573729,-0.012746706860932674,8.1999999999999993,
4303,43.030000000000001,0.13628169544508578,-0.035860743920161663,6.0171622880998354,
4304,43.039999999999999,0.13588181435816526,-0.026171427772376681,8.1999999999999993,
4305,43.050000000000004,0.1355402073119501,-0.043973394462119827,7.440468870275434,
4306,43.060000000000002,0.13509927161775553,-0.02974896535047538,8.1999999999999993,
4307,43.07,0.13473203288962823,-0.042587795527577542,8.1999999999999993,
4308,43.079999999999998,0.13429055405378726,-0.035838533629176189,8.1999999999999993,
4309,43.090000000000003,0.1338852028521465,-0.039380335443347084,8.1999999999999993,
4310,43.100000000000001,0.13344730888990947,-0.041882536193133972,8.1999999999999993,
4311,43.109999999999999,0.13298138612140883,-0.045472476307865217,8.1999999999999993,
4312,43.119999999999997,0.13249111545564246,-0.045015617360521273,8.1999999999999993,
4313,43.130000000000003,0.1320862506858736,-0.022323393421538121,8.1999999999999993,
4314,43.140000000000001,0.13179085917314556,-0.036291537546182133,8.1999999999999993,
4315,43.149999999999999,0.13151287260056743,-0.0050868151469112607,6.3792257504567198,
4316,43.160000000000004,0.13138537118785232,-0.0067396761855409429,7.34284750517996,
4317,43.170000000000002,0.13133640652380879,9.8496198797526748e-21,-9.0205620750793969e-17,
4318,43.18,0.13124851016890804,-3.9582205669559638e-17,1.4432899320127035e-15,
4319,43.189999999999998,0.13105782545490155,-0.0084158828387494462,8.1999999999999993,
4320,43.200000000000003,0.1308725943741178,-0.038348596164263858,3.9481806619709388,
4321,43.210000000000001,0.13046343434012767,-0.019488995561481797,8.1999999999999993,
4322,43.219999999999999,0.13017736759457629,-0.043376304641799646,5.7979115355633395,
4323,43.230000000000004,0.12978380790395597,-0.01527278427519806,8.1999999999999993,
4324,43.240000000000002,0.12957039083182095,-0.024151674464995308,8.1999999999999993,
4325,43.25,0.12928408366951868,-0.026904722988885334,8.1999999999999993,
4326,43.259999999999998,0.1290723057423139,-0.0028152575723328151,4.7457413097073138,
4327,43.270000000000003,0.12888704584275126,-0.02158015005573893,8.1999999999999993,
4328,43.280000000000001,0.12862751705519904,-0.023952657333700469,8.1999999999999993,
4329,43.289999999999999,0.1283366436213261,-0.029126553894243006,8.1999999999999993,
4330,43.300000000000004,0.12796429321978647,-0.047541349948014171,7.282946475714196,
4331,43.310000000000002,0.12747967441007665,-0.034700574043500992,8.1999999999999993,
4332,43.32,0.12708481010342379,-0.03857008732346473,8.1999999999999993,
4333,43.329999999999998,0.12663285889884537,-0.049829560226944764,8.1999999999999993,
4334,43.340000000000003,0.12614785593100392,-0.035067317548247753,8.1999999999999993,
4335,43.350000000000001,0.12571041006444289,-0.056498219774653462,6.4830780897179165,
4336,43.359999999999999,0.12509612695570824,-0.050750880394307245,8.1999999999999993,
4337,43.369999999999997,0.12451369665941117,-0.066060199825145743,8.0654678553459398,
4338,43.380000000000003,0.12382186741690847,-0.063316677136902866,8.1999999999999993,
4339,43.390000000000001,0.12313599494649456,-0.069009472129683266,8.1999999999999993,
4340,43.399999999999999,0.12240718860848324,-0.069627527322500382,8.1999999999999993,
4341,43.410000000000004,0.12167633909196041,-0.068845456375162692,8.1999999999999993,
4342,43.420000000000002,0.12096109892029679,-0.065530423146756916,8.1999999999999993,
4343,43.43,0.12028558770935806,-0.06016886126633976,8.1999999999999993,
4344,43.439999999999998,0.11968523701412288,-0.048591975993286927,8.1999999999999993,
4345,43.450000000000003,0.11918669697388921,-0.040963055220490673,8.1999999999999993,
4346,43.460000000000001,0.11869218597703236,-0.061372593737696247,6.7587329631341246,
4347,43.469999999999999,0.11799809380667173,-0.066366002644222405,8.1999999999999993,
4348,43.480000000000004,0.11734213655872719,-0.053072705872251123,8.1999999999999993,
4349,43.490000000000002,0.11673068979149696,-0.071299123468929179,7.3315375680122408,
4350,43.5,0.11597138490837795,-0.068906484435145757,8.1999999999999993,
4351,43.509999999999998,0.11525728942437988,-0.065037662251372252,8.1999999999999993,
4352,43.520000000000003,0.11455817883173998,-0.069230897492435564,8.1999999999999993,
4353,43.530000000000001,0.11383597484370622,-0.066911903715322379,8.1999999999999993,
4354,43.539999999999999,0.11310866356098422,-0.074767358741387638,8.1999999999999993,
4355,43.550000000000004,0.11232537521936416,-0.074333626431341088,8.1999999999999993,
4356,43.560000000000002,0.11168596592984326,-0.038755245643725365,8.1999999999999993,
4357,43.57,0.11130762786456781,-0.025061286287909483,8.1999999999999993,
4358,43.579999999999998,0.11105604089832452,-0.014120178664612165,8.1999999999999993,
4359,43.590000000000003,0.11083690183539849,-0.030929929575300451,7.6921991151159972,
4360,43.600000000000001,0.1104805212253752,-0.030928609422014561,8.1999999999999993,
4361,43.609999999999999,0.11010551354315426,-0.041955211804485866,8.1999999999999993,
4362,43.619999999999997,0.10971387334192095,-0.023478565460190549,8.1999999999999993,
4363,43.630000000000003,0.10940712093527898,-0.037355885374647554,8.1999999999999993,
4364,43.640000000000001,0.1090441874153333,-0.023290266243549046,8.1999999999999993,
4365,43.649999999999999,0.108743181425257,-0.035377632646878356,8.1999999999999993,
4366,43.660000000000004,0.10835931397931318,-0.033122114665728217,8.1999999999999993,
4367,43.670000000000002,0.1079397033351354,-0.055441285884898668,6.2390661140752579,
4368,43.68,0.10734265957031176,-0.046932622964769175,8.1999999999999993,
4369,43.689999999999998,0.10681375468941826,-0.055353085440702825,8.1999999999999993,
4370,43.700000000000003,0.10623762289754501,-0.050727107937136216,8.1999999999999993,
4371,43.710000000000001,0.10579804380957621,-0.02288691754414398,8.1999999999999993,
4372,43.719999999999999,0.10556135794689524,-0.013868685354093507,8.1999999999999993,
4373,43.730000000000004,0.10536037914455455,-0.023418690770414773,8.1999999999999993,
4374,43.740000000000002,0.10510988996197577,-0.01687847787832562,8.1999999999999993,
4375,43.75,0.10484147397250131,-0.045874018876411071,4.2529382884248026,
4376,43.759999999999998,0.10433525491214254,-0.032229274349226136,8.1999999999999993,
4377,43.770000000000003,0.10391996442058876,-0.057168666444484706,5.4939717846186413,
4378,43.780000000000001,0.10330702545733472,-0.045677908861917985,8.1999999999999993,
4379,43.789999999999999,0.10278866124708506,-0.054930521899324562,8.1999999999999993,
4380,43.800000000000004,0.10220410312098982,-0.054375370453211856,8.1999999999999993,
4381,43.810000000000002,0.10161554974967216,-0.057131743575967064,8.1999999999999993,
4382,43.82,0.1010001023517388,-0.059648014544158509,8.1999999999999993,
4383,43.829999999999998,0.10035317466636685,-0.064481888536393556,8.1999999999999993,
4384,43.840000000000003,0.09965833399650692,-0.069155711987411231,8.1999999999999993,
4385,43.850000000000001,0.098972937283996629,-0.056273931393523796,8.1999999999999993,
4386,43.859999999999999,0.098360612413246534,-0.060784373195699001,8.1999999999999993,
4387,43.869999999999997,0.097706076175568243,-0.064226302338782654,8.1999999999999993,
4388,43.880000000000003,0.097043560996736944,-0.058878528315896309,8.1999999999999993,
4389,43.890000000000001,0.096443310606090737,-0.050912376056685027,8.1999999999999993,
4390,43.899999999999999,0.095895317111464443,-0.051584754832715581,8.1999999999999993,
4391,43.910000000000004,0.095308845856507576,-0.064829490175319707,8.1999999999999993,
4392,43.920000000000002,0.094634380816243494,-0.061319569604526551,8.1999999999999993,
4393,43.93,0.093968010782479877,-0.067192792229172432,8.1999999999999993,
4394,43.939999999999998,0.093260083956047415,-0.066888294242815102,8.1999999999999993,
4395,43.950000000000003,0.092551844984634757,-0.067728135962598329,8.1999999999999993,
4396,43.960000000000001,0.091841842677946886,-0.066331662238867203,8.1999999999999993,
4397,43.969999999999999,0.091146955170789357,-0.064557705469915821,8.1999999999999993,
4398,43.980000000000004,0.090452240621482771,-0.068900964254464722,8.1999999999999993,
4399,43.990000000000002,0.089709091045829137,-0.075148380734992054,8.1999999999999993,
4400,44,0.088917346536975139,-0.076301339850920954,8.1999999999999993,
4401,44.009999999999998,0.088153426012320832,-0.065341718496880974,8.1999999999999993,
4402,44.020000000000003,0.087513179393746171,-0.05061118864861671,8.1999999999999993,
4403,44.030000000000001,0.086947391670283231,-0.059071557548589573,8.1999999999999993,
4404,44.039999999999999,0.086331345466572923,-0.055296981582143939,8.1999999999999993,
4405,44.050000000000004,0.08572236691915211,-0.062278213441767406,8.1999999999999993,
4406,44.060000000000002,0.085068938832594559,-0.060202716518122354,8.1999999999999993,
4407,44.07,0.084482928304588215,-0.044735912892876893,8.1999999999999993,
4408,44.079999999999998,0.083992067661952663,-0.047028010462655929,8.1999999999999993,
4409,44.090000000000003,0.083562849877299242,-0.025342786571640533,8.1999999999999993,
4410,44.100000000000001,0.083214966632338905,-0.051141652036053975,5.2405757423070396,
4411,44.109999999999999,0.082631074105616237,-0.046396798589784412,8.1999999999999993,
4412,44.119999999999997,0.082204813996340304,-0.025518734172013238,8.1999999999999993,
4413,44.130000000000003,0.081998488752324752,-0.0031632669826481652,5.0305204364146379,
4414,44.140000000000001,0.081818605968895827,-0.020585823527031692,8.1999999999999993,
4415,44.149999999999999,0.081655626293539188,-0.0012808388860248701,3.2010484357783491,
4416,44.160000000000004,0.081597305821201477,-9.5781717751742574e-20,-3.1225022567582528e-16,
4417,44.170000000000002,0.081447129061312559,-0.0014894372499180601,3.4518832540143198,
4418,44.18,0.081265997768861523,-0.015599749832245137,8.1999999999999993,
4419,44.189999999999998,0.081091291668931614,-0.0097828655373341598,8.1999999999999993,
4420,44.200000000000003,0.081001282269644245,-0.00053134943441901852,2.061745734893643,
4421,44.210000000000001,0.080984497925280188,-1.9972731170889219e-20,-1.9081958235744878e-16,
4422,44.219999999999999,0.080946377924158361,-7.7269763925291483e-18,3.1641356201816961e-15,
4423,44.230000000000004,0.080881511910932458,-2.1171556171919145e-18,-1.5265566588595902e-16,
4424,44.240000000000002,0.080779831223706661,-2.8099744753262711e-18,3.3306690738754696e-16,
4425,44.25,0.080721315091963841,1.5778608215906974e-19,-1.0408340855860843e-16,
4426,44.259999999999998,0.080752760806362039,5.5971100535876681e-20,7.0131202620002357e-17,
4427,44.270000000000003,0.080834828502950526,4.4088322647091036e-18,3.8536012701176865e-16,
4428,44.280000000000001,0.080859539506800679,-6.0636348051566278e-20,-1.1449174941446927e-16,
4429,44.289999999999999,0.080831738266983588,1.159307725659712e-17,1.1102230246251565e-16,
4430,44.300000000000004,0.0809061914127224,1.1363577136757872e-17,1.7407984618487134e-17,
4431,44.310000000000002,0.080967409673175283,1.1391127776206734e-17,6.642174663540784e-17,
4432,44.32,0.081042459598672525,1.1362334839329548e-17,-1.9476099816688413e-16,
4433,44.329999999999998,0.081066041314172513,8.7806531861439869e-18,-2.4494564904167127e-16,
4434,44.340000000000003,0.08100582809528882,-3.0923759505200929e-19,3.4694469519536142e-17,
4435,44.350000000000001,0.080845178994316869,-0.0027141442645152039,4.6597375587174028,
4436,44.359999999999999,0.08070768860935075,-0.005953646722633682,6.9013892645661894,
4437,44.369999999999997,0.080535381003992379,-0.024822383758206619,8.1999999999999993,
4438,44.380000000000003,0.080266494186006676,-0.019600157659278077,8.1999999999999993,
4439,44.390000000000001,0.07999817651595123,-0.03364392993368278,8.1999999999999993,
4440,44.399999999999999,0.07979022031612451,-1.0459778378031313e-05,0.28927189117559265,
4441,44.410000000000004,0.079800696269618429,2.3266126539690026e-19,-2.0816681711721685e-17,
4442,44.420000000000002,0.079860909482402972,1.1751735809912305e-19,6.4748006042098944e-17,
4443,44.43,0.07989934638430711,1.0302101493328466e-18,2.2388241577987051e-16,
4444,44.439999999999998,0.08003770876271056,0.00054094585510133613,-2.0802804716697905,
4445,44.450000000000003,0.080056937412242943,4.2102565222337223e-20,-2.7755575615628914e-17,
4446,44.460000000000001,0.080101086851201694,-6.4701599416814883e-19,-2.8174778239559367e-16,
4447,44.469999999999999,0.080135263702488441,2.1512462613891064e-19,1.5959455978986625e-16,
4448,44.480000000000004,0.080078585144901765,7.8856799542334782e-18,2.8310687127941492e-15,
4449,44.490000000000002,0.08018232976473294,-6.5947247662734366e-19,-3.3306690738754696e-16,
4450,44.5,0.080421738621736183,0.022115242583836528,-8.1999999999999993,
4451,44.509999999999998,0.080684073870731496,0.023589509453945334,-8.1999999999999993,
4452,44.520000000000003,0.080946963182707249,0.020340699007753298,-8.1999999999999993,
4453,44.530000000000001,0.081158731314319846,0.011478241359168466,-8.1999999999999993,
4454,44.539999999999999,0.081361869234166759,0.03377858303521785,-6.244281449473525,
4455,44.550000000000004,0.081679964208003775,0.010918993193899555,-8.1999999999999993,
4456,44.560000000000002,0.081655854913075782,7.8596177030589165e-19,1.7347234759768071e-16,
4457,44.57,0.081635640477349128,4.7851961240704718e-18,-2.6090241078691179e-15,
4458,44.579999999999998,0.081647446073393554,-2.6156644973702456e-19,-1.2490009027033011e-16,
4459,44.590000000000003,0.081637180584493901,-1.8826729669373431e-18,-1.0547118733938987e-15,
4460,44.600000000000001,0.081471635531694134,-0.0034134608969079001,5.2256757625462411,
4461,44.609999999999999,0.081369660982341899,-0.00086604615698931931,2.6321795637673651,
4462,44.619999999999997,0.081278583928958606,9.3330898565113785e-18,3.3306690738754696e-16,
4463,44.630000000000003,0.081239639364642319,7.0647063544680855e-19,-2.7061686225238191e-16,
4464,44.640000000000001,0.08117816419382938,3.1055622509705433e-19,1.7347234759768071e-16,
4465,44.649999999999999,0.081148303346673029,-4.6339802763220953e-18,-1.1657341758564144e-15,
4466,44.660000000000004,0.081112156207798117,7.0424539485653771e-19,2.7755575615628914e-16,
4467,44.670000000000002,0.081084282123257634,8.2418146985447109e-19,4.163336342344337e-17,
4468,44.68,0.080888780895669504,-0.0096392679000384569,8.1999999999999993,
4469,44.689999999999998,0.08071063470128291,-0.028400558779080282,7.1931696855347322,
4470,44.700000000000003,0.080581656564197884,4.3014011524502615e-19,-1.457167719820518e-16,
4471,44.710000000000001,0.080434294433961481,-0.0012219648540755636,3.1266145961094258,
4472,44.719999999999999,0.080280889323611257,-0.0066490640577528629,7.2933197147816644,
4473,44.730000000000004,0.080238320738458546,-1.5324401149676374e-18,-1.8735013540549517e-16,
4474,44.740000000000002,0.080245297932364498,-3.0329430506777612e-18,-1.7045721405603218e-16,
4475,44.75,0.080257134418410259,-4.6390040823582896e-18,-1.9345111172004375e-16,
4476,44.759999999999998,0.080317354708170544,-6.4397521130082995e-18,-4.6814726024590296e-16,
4477,44.770000000000003,0.080376222237964576,3.5116246135260702e-19,3.6082248300317588e-16,
4478,44.780000000000001,0.080483661261889855,-1.2802536808464993e-17,-3.3306690738754696e-16,
4479,44.789999999999999,0.080573090779094012,3.3108661904489578e-18,4.163336342344337e-17,
4480,44.800000000000004,0.080677045985034238,-7.5983663805345715e-18,-3.3306690738754696e-16,
4481,44.810000000000002,0.080731437412226312,2.8900260060549747e-20,-4.0245584642661925e-16,
4482,44.82,0.080743595687547229,3.8588869242446737e-19,1.9428902930940239e-16,
4483,44.829999999999998,0.080664185157096724,-1.7858591523081543e-18,-4.829470157119431e-15,
4484,44.840000000000003,0.080560142252181652,1.6271983760418607e-17,3.3306690738754696e-16,
4485,44.850000000000001,0.080385392561840255,-0.0049579132267300978,6.2978810574542274,
4486,44.859999999999999,0.080174215080097921,-0.04308083740359258,3.6670995373347255,
4487,44.869999999999997,0.079650185717363334,-0.038118599241947132,8.1999999999999993,
4488,44.880000000000003,0.079179047445742723,-0.061310989585311303,5.9951004664668268,
4489,44.890000000000001,0.078493546636072026,-0.05970633017768924,8.1999999999999993,
4490,44.899999999999999,0.077865686965743072,-0.057679748152203253,8.1999999999999993,
4491,44.910000000000004,0.077300054232789558,-0.043472623653253703,8.1999999999999993,
4492,44.920000000000002,0.07686970617934441,-0.03106982341118739,8.1999999999999993,
4493,44.93,0.076555067373063709,-0.020954578879155663,8.1999999999999993,
4494,44.939999999999998,0.076321081471222699,-0.016900728248308666,8.1999999999999993,
4495,44.950000000000003,0.0761274403616959,-0.012907501567437729,8.1999999999999993,
4496,44.960000000000001,0.075943359492285215,-0.01949333454081394,8.1999999999999993,
4497,44.969999999999999,0.075728064553103297,-0.014178976138647886,8.1999999999999993,
4498,44.980000000000004,0.075537153658986209,-0.018516141915179158,8.1999999999999993,
4499,44.990000000000002,0.075345012870167413,-0.0092591652862609002,8.1999999999999993,
4500,45,0.075311011518434459,1.6432405079104357e-18,-2.9143354396410359e-16,
4501,45.009999999999998,0.075229555676238513,2.8617585084688705e-19,1.5265566588595902e-16,
4502,45.020000000000003,0.075119810463942421,9.3330898565113785e-18,3.3306690738754696e-16,
4503,45.030000000000001,0.075042811788186864,-2.3486767940897463e-19,1.1102230246251565e-16,
4504,45.039999999999999,0.074992319007109273,1.0474731040880726e-17,-4.4408920985006262e-16,
4505,45.050000000000004,0.07499469937706281,-6.3867535469169842e-20,-2.9490299091605721e-17,
4506,45.060000000000002,0.075009888187566001,-5.2601425403584967e-19,-1.1681409644605237e-16,
4507,45.07,0.075085956919955274,-7.8285031038781316e-19,2.0098476864915054e-17,
4508,45.079999999999998,0.075200832412763666,-9.3330898565113785e-18,-3.3306690738754696e-16,
4509,45.090000000000003,0.075379501638717691,0.0057115089890622233,-6.7595911054218201,
4510,45.100000000000001,0.075469202958491355,0.0006160181284815498,-2.2199425730978706,
4511,45.109999999999999,0.075600434157660684,0.0015283375503103726,-3.496669901847036,
4512,45.119999999999997,0.075687373048104203,-1.9741430712372221e-17,-3.3306690738754696e-16,
4513,45.130000000000003,0.075836029481544137,0.0013417400746391799,-3.2762662585805531,
4514,45.140000000000001,0.076027308557318166,0.018361663136776205,-8.1999999999999993,
4515,45.149999999999999,0.076248075014547376,0.018446424119410266,-8.1999999999999993,
4516,45.160000000000004,0.076477511039744844,0.021264708999256917,-8.1999999999999993,
4517,45.170000000000002,0.076509441443524728,1.562969887954718e-19,-3.2959746043559335e-17,
4518,45.18,0.076403656020646152,1.6271983760418607e-17,3.3306690738754696e-16,
4519,45.189999999999998,0.076183043391916422,-0.016440107724731038,8.1999999999999993,
4520,45.200000000000003,0.075941446175404825,-0.032877870097735296,7.7855528842754111,
4521,45.210000000000001,0.075581277967466234,-0.028527165646656347,8.1999999999999993,
4522,45.219999999999999,0.075226750638327497,-0.041139046652883648,8.1999999999999993,
4523,45.230000000000004,0.074759739777974746,-0.04796672442445063,8.1999999999999993,
4524,45.240000000000002,0.07423983675754417,-0.049111028800310076,8.1999999999999993,
4525,45.25,0.073707810956317857,-0.050491927039975106,8.1999999999999993,
4526,45.259999999999998,0.073178446645300252,-0.046439617652212203,8.1999999999999993,
4527,45.270000000000003,0.072680537909890153,-0.045304645487482392,8.1999999999999993,
4528,45.280000000000001,0.07217366435318659,-0.051430468652311774,8.1999999999999993,
4529,45.289999999999999,0.071679704501375757,-0.034856125286164941,8.1999999999999993,
4530,45.300000000000004,0.071281666477493538,-0.039325917924721177,8.1999999999999993,
4531,45.310000000000002,0.070876379463995456,-0.031523790548025003,8.1999999999999993,
4532,45.32,0.070498500222848426,-0.041221642338167538,8.1999999999999993,
4533,45.329999999999998,0.070067036244054887,-0.035568091811744341,8.1999999999999993,
4534,45.340000000000003,0.069673217686265235,-0.035989465697644919,8.1999999999999993,
4535,45.350000000000001,0.069249678779594509,-0.046114884141604903,8.1999999999999993,
4536,45.359999999999999,0.068751468822944167,-0.046169530337257354,8.1999999999999993,
4537,45.369999999999997,0.068248253763847216,-0.047761749750430772,8.1999999999999993,
4538,45.380000000000003,0.067801092690581016,-0.028654843667608836,8.1999999999999993,
4539,45.390000000000001,0.067430307616124632,-0.048721122270748818,6.8502415653330999,
4540,45.399999999999999,0.066987795016943602,-0.022121739309505249,8.1999999999999993,
4541,45.410000000000004,0.066755695324104247,-0.013986210749770139,8.1999999999999993,
4542,45.420000000000002,0.066648939047423028,-7.5810181767030363e-05,0.7787691918252837,
4543,45.43,0.066687486402880955,-9.9436867973791285e-19,4.0245584642661925e-16,
4544,45.439999999999998,0.06670187710624155,4.1259136850938016e-20,5.5511151231257827e-17,
4545,45.450000000000003,0.06652983681102273,-0.0044711924834099585,5.980764154126101,
4546,45.460000000000001,0.066481104910592545,1.8133416371427916e-18,-3.4694469519536142e-17,
4547,45.469999999999999,0.06654051869022222,1.8539049886294295e-18,-7.6375911767103862e-18,
4548,45.480000000000004,0.066784384615693068,0.023555279997892063,-8.1999999999999993,
4549,45.490000000000002,0.067103801946673231,0.0434241079922651,-6.9026281171528439,
4550,45.5,0.067642745726130729,0.05867323383598419,-8.1999999999999993,
4551,45.509999999999998,0.068228294430164829,0.047138564464582686,-8.1999999999999993,
4552,45.520000000000003,0.068704015143196226,0.037134027496703553,-8.1999999999999993,
4553,45.530000000000001,0.069085905208275011,0.028902091614464519,-8.1999999999999993,
4554,45.539999999999999,0.069359027563228537,0.013465706541196054,-8.1999999999999993,
4555,45.550000000000004,0.069447233672858974,-1.1172663802732425e-19,-6.9388939039072284e-18,
4556,45.560000000000002,0.069548087164635064,-1.1067813332488186e-17,-3.3306690738754696e-16,
4557,45.57,0.069808333991278518,0.029247733799846281,-8.1999999999999993,
4558,45.579999999999998,0.07017083758696066,0.04221469738704145,-8.1999999999999993,
4559,45.590000000000003,0.070472887187352423,0.0041162752764296977,-5.7384843130775867,
4560,45.600000000000001,0.070657290135587913,0.025325664170831846,-8.1999999999999993,
4561,45.609999999999999,0.070799339018078347,-6.5947247662734308e-19,-3.3306690738754696e-16,
4562,45.619999999999997,0.070871819522079327,2.0265201474675555e-18,4.3021142204224816e-16,
4563,45.630000000000003,0.070826580311009218,7.7175150610672383e-19,-6.9388939039072284e-17,
4564,45.640000000000001,0.070957942314864478,0.00019703138284216375,-1.2554883761856654,
4565,45.649999999999999,0.070954545510728911,-9.9885849079047695e-20,-6.7654215563095477e-17,
4566,45.660000000000004,0.070842825915994334,5.8636429045577644e-18,3.3306690738754696e-16,
4567,45.670000000000002,0.070680430804917913,-0.0029540878807255842,4.8613478630730249,
4568,45.68,0.070545241443878498,-0.0057891703045846576,6.80539215891908,
4569,45.689999999999998,0.070502912498677503,-6.8278142677307466e-19,2.2898349882893854e-16,
4570,45.700000000000003,0.070478899680306101,-3.3345288286413206e-19,5.8980598183211441e-17,
4571,45.710000000000001,0.070323446418362384,-0.0020609759757577173,4.0605181696504875,
4572,45.719999999999999,0.070182910125654835,-0.0055260371966834995,6.6489320626299051,
4573,45.730000000000004,0.070100347460956752,-0.00014459994483871931,1.0755461676328699,
4574,45.740000000000002,0.070006558209610062,-3.3648391865571163e-18,7.7715611723760958e-16,
4575,45.75,0.069852915400153454,-0.0018545257879668867,3.8517796281375074,
4576,45.759999999999998,0.069674136591859351,-0.016114720922868107,8.1999999999999993,
4577,45.770000000000003,0.06949706049362861,-0.0094631223568420186,8.1999999999999993,
4578,45.780000000000001,0.069433860530724714,-3.2949686877629799e-20,-2.1510571102112408e-16,
4579,45.789999999999999,0.069476562513527546,-4.0114158412244944e-19,8.8876655151301833e-17,
4580,45.800000000000004,0.069675070710715839,0.010415042216243221,-8.1999999999999993,
4581,45.810000000000002,0.069735472680409888,-1.589593733054341e-18,3.9551695252271202e-16,
4582,45.82,0.069793604432293432,2.0369706223945356e-19,3.677613769070831e-16,
4583,45.829999999999998,0.069855060843174319,1.6992311082224991e-18,3.9551695252271202e-16,
4584,45.840000000000003,0.069903822407410582,7.8879871198461625e-20,-9.7144514654701197e-17,
4585,45.850000000000001,0.069947667043621736,1.5159130295937016e-19,1.0854312372991128e-16,
4586,45.859999999999999,0.069816609313398753,-0.00018584958136519362,1.2193427126618448,
4587,45.869999999999997,0.069594497422532209,-0.021147633473571435,8.1999999999999993,
4588,45.880000000000003,0.069644377323388088,3.1781010146071753e-05,-0.50423018668916586,
4589,45.890000000000001,0.069399877018735415,-0.021946642757138441,8.1999999999999993,
4590,45.899999999999999,0.06906671072946681,-0.0616275613488107,0.14222100322341946,
4591,45.910000000000004,0.068294273850155698,-0.062167221599215949,8.1999999999999993,
4592,45.920000000000002,0.06774073016600568,-0.034229653929286882,8.1999999999999993,
4593,45.93,0.06730740976850387,-0.058029638202109615,5.8228430005266079,
4594,45.939999999999998,0.066652684222853531,-0.056205718778487818,8.1999999999999993,
4595,45.950000000000003,0.066010545576613497,-0.074104275497811387,7.4157467399228603,
4596,45.960000000000001,0.065191971673088184,-0.082828703013917482,8.1999999999999993,
4597,45.969999999999999,0.064307566898185731,-0.089853142665103788,8.1999999999999993,
4598,45.980000000000004,0.063348056095280575,-0.098852679756896683,8.1999999999999993,
4599,45.990000000000002,0.062311100552001682,-0.10293277523426343,8.1999999999999993,
4600,46,0.061237954263910661,-0.10533782088460536,8.1999999999999993,
4601,46.009999999999998,0.06013869172614722,-0.10848577017374532,8.1999999999999993,
4602,46.020000000000003,0.059008302024447921,-0.11150615375945537,8.1999999999999993,
4603,46.030000000000001,0.057833062107369215,-0.12017351656523732,8.1999999999999993,
4604,46.039999999999999,0.056574256397809726,-0.1275775411668833,8.1999999999999993,
4605,46.050000000000004,0.055227413574500825,-0.1410299976201983,8.1999999999999993,
4606,46.060000000000002,0.053732940285397351,-0.16106262569480015,6.8591824281129323,
4607,46.07,0.0520152756807594,-0.17690964649917917,8.1999999999999993,
4608,46.079999999999998,0.050161986113481057,-0.19695278840897851,6.8563894982032538,
4609,46.090000000000003,0.048104726135839895,-0.20517026470664007,8.1999999999999993,
4610,46.100000000000001,0.045979050255114215,-0.22001482212041887,8.1793632565423451,
4611,46.109999999999999,0.043706676402028452,-0.23378072765866995,8.1999999999999993,
4612,46.119999999999997,0.041313981760135531,-0.24032009169366633,8.1999999999999993,
4613,46.130000000000003,0.038865570516075337,-0.2432243215479252,8.1999999999999993,
4614,46.140000000000001,0.036388983714476131,-0.24581704410904187,8.1999999999999993,
4615,46.149999999999999,0.033884232387614864,-0.24921825636730791,8.1999999999999993,
4616,46.160000000000004,0.031332869102109119,-0.25747573496238418,8.1999999999999993,
4617,46.170000000000002,0.02868723636055396,-0.2708381458869964,8.1999999999999993,
4618,46.18,0.025905985258745039,-0.28514733562950295,8.1999999999999993,
4619,46.189999999999998,0.02297466414594744,-0.30292628330586724,7.4463548019685977,
4620,46.200000000000003,0.019849077461735073,-0.31992507826858574,8.1999999999999993,
4621,46.210000000000001,0.016572371368852618,-0.3364926752451694,7.7530318180379432,
4622,46.219999999999999,0.013127429514195909,-0.34927109311359139,8.1999999999999993,
4623,46.230000000000004,0.0095696854363799041,-0.35999664863630487,8.1999999999999993,
4624,46.240000000000002,0.0059192429037225377,-0.36484125979519821,8.1999999999999993,
4625,46.25,0.0022112759441797608,-0.37325175467164262,8.1999999999999993,
4626,46.259999999999998,-0.0015675357530434235,-0.37654853979760849,8.1999999999999993,
4627,46.270000000000003,-0.0053861847977744425,-0.38241763782601812,8.1999999999999993,
4628,46.280000000000001,-0.009263186300766375,-0.38815633966568375,8.1999999999999993,
4629,46.289999999999999,-0.013194945872345652,-0.39289564922036624,8.1999999999999993,
4630,46.300000000000004,-0.017176331644965716,-0.39848237869400976,8.1999999999999993,
4631,46.310000000000002,-0.021223339818313907,-0.40798698125791194,8.1999999999999993,
4632,46.32,-0.025357778920466676,-0.41440185642806965,8.1999999999999993,
4633,46.329999999999998,-0.029546019664037318,-0.41695111435149407,8.1999999999999993,
4634,46.340000000000003,-0.033757978646506155,-0.41886978330822261,8.1999999999999993,
4635,46.350000000000001,-0.037973547569391169,-0.41558187591428569,8.1999999999999993,
4636,46.359999999999999,-0.042139510474198387,-0.40723254996897612,8.1999999999999993,
4637,46.369999999999997,-0.046211578811233334,-0.39595201581885336,8.1999999999999993,
4638,46.380000000000003,-0.050146629678775305,-0.37833555422231907,8.1999999999999993,
4639,46.390000000000001,-0.053519985220998496,-0.29633555422231905,8.1999999999999993,
4640,46.399999999999999,-0.056603028346617602,-0.34431501122977515,-6.4099318615340115,
4641,46.410000000000004,-0.060304071117401437,-0.35895974947360598,8.1999999999999993,
4642,46.420000000000002,-0.063891267290649548,-0.34709269357205313,8.1999999999999993,
4643,46.43,-0.067364828284533745,-0.33661228844065488,8.1999999999999993,
4644,46.439999999999998,-0.070742013213253935,-0.32852894328193344,8.1999999999999993,
4645,46.450000000000003,-0.074011393052472049,-0.31308971559213616,8.1999999999999993,
4646,46.460000000000001,-0.077051827422323554,-0.28030834576351227,8.1999999999999993,
4647,46.469999999999999,-0.079758757086241708,-0.24633397138501339,8.1999999999999993,
4648,46.480000000000004,-0.08216291415293292,-0.2204138175597572,8.1999999999999993,
4649,46.490000000000002,-0.08429677626362285,-0.19199877171928104,8.1999999999999993,
4650,46.5,-0.086163556021399967,-0.16745234362708136,8.1999999999999993,
4651,46.509999999999998,-0.087822668003270959,-0.15214156224723857,8.1999999999999993,
4652,46.520000000000003,-0.089335069836645284,-0.13850062479530478,8.1999999999999993,
4653,46.530000000000001,-0.090761617426258406,-0.14010041109817395,8.1999999999999993,
4654,46.539999999999999,-0.092166661304161152,-0.13001298388446134,8.1999999999999993,
4655,46.550000000000004,-0.09342167618376121,-0.10736254059754921,8.1999999999999993,
4656,46.560000000000002,-0.094466804624691508,-0.088740569707340677,8.1999999999999993,
4657,46.57,-0.095293757785942124,-0.062531197581314424,8.1999999999999993,
4658,46.579999999999998,-0.095925119316678548,-0.053010256323707657,8.1999999999999993,
4659,46.590000000000003,-0.096412739903444511,-0.030985686350905092,8.1999999999999993,
4660,46.600000000000001,-0.096453899731259896,-1.3724084840713019e-20,-1.3530843112619095e-16,
4661,46.609999999999999,-0.096340172668996457,-7.5983663805345715e-18,-3.3306690738754696e-16,
4662,46.619999999999997,-0.096069096686442548,0.033451710329560458,-8.1999999999999993,
4663,46.630000000000003,-0.095674451757581741,0.04209820153079713,-8.1999999999999993,
4664,46.640000000000001,-0.095394978524419569,0.0016121253081393949,-3.5912396836072018,
4665,46.649999999999999,-0.09533315598015607,-3.6571323259351656e-19,-3.0531133177191805e-16,
4666,46.660000000000004,-0.095083812735750284,0.025383823735324131,-8.1999999999999993,
4667,46.670000000000002,-0.094950374464378873,-2.7896736465192841e-18,1.3877787807814457e-17,
4668,46.68,-0.094969489334790463,-6.1183740634563819e-18,1.1102230246251565e-16,
4669,46.689999999999998,-0.095111262071247121,-0.00076769647001159486,2.478219473753839,
4670,46.700000000000003,-0.095390749306821065,-0.057734697643565855,1.0865289253795054,
4671,46.710000000000001,-0.09611278049604674,-0.057797210460788756,8.1999999999999993,
4672,46.719999999999999,-0.096784254854776638,-0.083032268630700748,5.4073338549733565,
4673,46.730000000000004,-0.097742784237705119,-0.095677480497631945,8.1999999999999993,
4674,46.740000000000002,-0.098721167514400077,-0.090745319336890826,8.1999999999999993,
4675,46.75,-0.099644825147308796,-0.084175899111619046,8.1999999999999993,
4676,46.759999999999998,-0.10049235522408266,-0.074576137207760837,8.1999999999999993,
4677,46.770000000000003,-0.10125218895815881,-0.067374027438084572,8.1999999999999993,
4678,46.780000000000001,-0.10193273691522828,-0.058068219757050579,8.1999999999999993,
4679,46.789999999999999,-0.10251009816057079,-0.045951346837220901,8.1999999999999993,
4680,46.800000000000004,-0.10294107989274162,-0.027320746646559271,8.1999999999999993,
4681,46.810000000000002,-0.10306228026225914,1.7679745505690854e-18,-9.0205620750793969e-17,
4682,46.82,-0.10288339836184844,0.0057541158433171962,-6.7847569408592339,
4683,46.829999999999998,-0.10269220051973497,0.03398346972552669,-6.1395337569146582,
4684,46.840000000000003,-0.10236599065762758,0.012144878282961102,-8.1999999999999993,
4685,46.850000000000001,-0.10229544574989466,6.293985952040919e-20,2.7755575615628914e-16,
4686,46.859999999999999,-0.10208795035918744,0.012792638876963393,-8.1999999999999993,
4687,46.869999999999997,-0.10197666927854897,0.00076373718158689278,-2.4718206756751337,
4688,46.880000000000003,-0.10181417212876441,0.0074213653364846293,-7.705252928481781,
4689,46.890000000000001,-0.10176875204213782,5.3831097639852062e-20,-2.7061686225238191e-16,
4690,46.899999999999999,-0.10167678550400076,-3.219512133992102e-20,1.3183898417423734e-16,
4691,46.910000000000004,-0.10159232219900849,4.4315032851028582e-17,5.4956039718945249e-15,
4692,46.920000000000002,-0.10141601591773229,0.0052500800025462313,-6.4807900768633013,
4693,46.93,-0.10119643227779196,0.051210250434008994,-0.33188368810604246,
4694,46.939999999999998,-0.10064040031613217,0.029994027749628057,-8.1999999999999993,
4695,46.950000000000003,-0.10028696602933701,0.035990765782230309,-8.1999999999999993,
4696,46.960000000000001,-0.099908857136442111,0.030020569005966131,-8.1999999999999993,
4697,46.969999999999999,-0.099555408828494743,0.03592014371050576,-8.1999999999999993,
4698,46.980000000000004,-0.099149753560813916,0.039275053403936298,-8.1999999999999993,
4699,46.990000000000002,-0.098745164427470125,0.031417714003720378,-8.1999999999999993,
4700,47,-0.098360905458706085,0.044410422248623772,-8.1999999999999993,
4701,47.009999999999998,-0.097815963313353418,0.074189142347001011,-3.9987802346374837,
4702,47.020000000000003,-0.097069797819856293,0.051224496081669811,-8.1999999999999993,
4703,47.030000000000001,-0.096506291810597028,0.056365832699420269,-8.1999999999999993,
4704,47.039999999999999,-0.095940304716731109,0.045800427054813762,-8.1999999999999993,
4705,47.050000000000004,-0.095372597717432173,0.081979877357385836,-1.6794937916587358,
4706,47.060000000000002,-0.094328403577568248,0.10662684620097809,-8.1999999999999993,
4707,47.07,-0.093208430213319066,0.11270526695684341,-8.1999999999999993,
4708,47.079999999999998,-0.092014021507294305,0.12445650224612964,-8.1999999999999993,
4709,47.090000000000003,-0.090707798263166814,0.1337397667129826,-8.1999999999999993,
4710,47.100000000000001,-0.089336274363511478,0.13280847010496596,-8.1999999999999993,
4711,47.109999999999999,-0.088093897245199226,0.1010363938006846,-8.1999999999999993,
4712,47.119999999999997,-0.087106328838002178,0.083841299308563294,-8.1999999999999993,
4713,47.130000000000003,-0.086262699189185388,0.074084924361218205,-8.1999999999999993,
4714,47.140000000000001,-0.0855617289060326,0.052683584742737738,-8.1999999999999993,
4715,47.149999999999999,-0.08492838616506708,0.086395983015075478,-2.6323964948342868,
4716,47.160000000000004,-0.083911225719596028,0.093151448856242935,-8.1999999999999993,
4717,47.170000000000002,-0.08288758006084479,0.11758728211579053,-5.6402794019347473,
4718,47.18,-0.081566191689133732,0.13889471039232681,-8.1999999999999993,
4719,47.189999999999998,-0.080085934922596025,0.16285801702846567,-5.7761778362644334,
4720,47.200000000000003,-0.078343957042745382,0.17273527405728986,-8.1999999999999993,
4721,47.210000000000001,-0.076612271888954975,0.16272999126731447,-8.1999999999999993,
4722,47.219999999999999,-0.074952430329654415,0.16127447791969352,-8.1999999999999993,
4723,47.230000000000004,-0.073303223541802659,0.16112623340042775,-8.1999999999999993,
4724,47.240000000000002,-0.071660310888422521,0.15937825793291513,-8.1999999999999993,
4725,47.25,-0.070005823453456448,0.16826363633567384,-8.1999999999999993,
4726,47.259999999999998,-0.068268900865957577,0.1745680347578224,-8.1999999999999993,
4727,47.270000000000003,-0.066465263541979264,0.18232838958363248,-8.1999999999999993,
4728,47.280000000000001,-0.064595885955648261,0.18555231189994681,-8.1999999999999993,
4729,47.289999999999999,-0.062689299432007559,0.19061874903833104,-8.1999999999999993,
4730,47.300000000000004,-0.06075622971832443,0.18733437566783731,-8.1999999999999993,
4731,47.310000000000002,-0.058870303354845124,0.17969442478487604,-8.1999999999999993,
4732,47.32,-0.057094201800474739,0.16299360811319571,-8.1999999999999993,
4733,47.329999999999998,-0.055532711607323308,0.13498531673898245,-8.1999999999999993,
4734,47.340000000000003,-0.054225886641750286,0.1128305340150068,-8.1999999999999993,
4735,47.350000000000001,-0.05308540921810706,0.10507052990542337,-8.1999999999999993,
4736,47.359999999999999,-0.052093696071527126,0.079193843941942191,-8.1999999999999993,
4737,47.369999999999997,-0.051310191921872257,0.06570633143111454,-8.1999999999999993,
4738,47.380000000000003,-0.050666574236763177,0.050904360283607293,-8.1999999999999993,
4739,47.390000000000001,-0.050100366682739109,0.058345786773606273,-8.1999999999999993,
4740,47.399999999999999,-0.049480979053172044,0.058018002878801662,-8.1999999999999993,
4741,47.410000000000004,-0.048805126798556676,0.084547086328246826,-5.0214723992616923,
4742,47.420000000000002,-0.047828534832111476,0.095777639745167897,-8.1999999999999993,
4743,47.43,-0.046793549501481312,0.11222180517748145,-7.7839505924377637,
4744,47.439999999999998,-0.045619733043513036,0.11433693589168095,-8.1999999999999993,
4745,47.450000000000003,-0.04440762285055444,0.12671353267157345,-8.1999999999999993,
4746,47.460000000000001,-0.043087351519719083,0.13257196796757548,-8.1999999999999993,
4747,47.469999999999999,-0.041752054510324016,0.12405901598574809,-8.1999999999999993,
4748,47.480000000000004,-0.040505584772604498,0.11448995002153355,-8.1999999999999993,
4749,47.490000000000002,-0.039351133308307792,0.10596968659392664,-8.1999999999999993,
4750,47.5,-0.038215734080633397,0.12166419223878373,-7.9704655109598885,
4751,47.509999999999998,-0.036927260177920765,0.13304486296087456,-8.1999999999999993,
4752,47.520000000000003,-0.035539098284402965,0.14070693885142516,-8.1999999999999993,
4753,47.530000000000001,-0.034074973685923778,0.14810482673955078,-8.1999999999999993,
4754,47.539999999999999,-0.032573980458108324,0.14266336542321709,-8.1999999999999993,
4755,47.550000000000004,-0.031115252911698837,0.14106072106956338,-8.1999999999999993,
4756,47.560000000000002,-0.029708168040151171,0.12888927910445941,-8.1999999999999993,
4757,47.57,-0.028378700191287999,0.1301515276348626,-8.1999999999999993,
4758,47.579999999999998,-0.027034222970693019,0.13225202214139781,-8.1999999999999993,
4759,47.590000000000003,-0.025634822876370335,0.14853170384451567,-7.8250599491876196,
4760,47.600000000000001,-0.024072376301840854,0.16076798974147677,-8.1999999999999993,
4761,47.609999999999999,-0.022381757569843737,0.18014855239788594,-7.0313984501990738,
4762,47.619999999999997,-0.020480576879419565,0.19446147209695128,-8.1999999999999993,
4763,47.630000000000003,-0.018454924238573509,0.21285201786916905,-7.2892102388165059,
4764,47.640000000000001,-0.016239864812757833,0.22404746428256941,-8.1999999999999993,
4765,47.649999999999999,-0.013965939862143367,0.22289187803865487,-8.1999999999999993,
4766,47.660000000000004,-0.011745329860638013,0.20943764522783115,-8.1999999999999993,
4767,47.670000000000002,-0.0097201985269776883,0.18125149457315268,-8.1999999999999993,
4768,47.68,-0.0080426955677607732,0.13953332628284637,-8.1999999999999993,
4769,47.689999999999998,-0.0070573623049323096,0.057533326282846374,-8.1999999999999993,
4770,47.700000000000003,-0.0063645679090228906,0.10136518779074939,2.1679930423800164,
4771,47.710000000000001,-0.0052433301135876367,0.08867487429368387,-8.1999999999999993,
4772,47.719999999999999,-0.004304726697986456,0.094041956041028982,-8.1999999999999993,
4773,47.730000000000004,-0.0032937083934521895,0.10727504162833065,-8.1999999999999993,
4774,47.740000000000002,-0.0021807225183785666,0.10841923580607722,-8.1999999999999993,
4775,47.75,-0.0010681955942904277,0.10559796009636099,-8.1999999999999993,
4776,47.759999999999998,1.8167917770156748e-05,0.10343736140561303,-8.1999999999999993,
4777,47.770000000000003,0.0010942903985537297,0.10510995758844632,-8.1999999999999993,
4778,47.780000000000001,0.0022289100526085501,0.12479661645194989,-6.950799618897066,
4779,47.789999999999999,0.0036019867321500482,0.15049958987337114,-6.660332551348187,
4780,47.800000000000004,0.0052302302369303978,0.17178931588055862,-8.0742959419398961,
4781,47.810000000000002,0.0070255451042794169,0.18683717130953129,-8.1999999999999993,
4782,47.82,0.0089624065805452013,0.19909958323933227,-8.1999999999999993,
4783,47.829999999999998,0.011012474383228993,0.20731263445712206,-8.1999999999999993,
4784,47.840000000000003,0.013124772374677835,0.2080889120983187,-8.1999999999999993,
4785,47.850000000000001,0.01522143389775087,0.20139069851569547,-8.1999999999999993,
4786,47.859999999999999,0.017220495919345335,0.18622622604914005,-8.1999999999999993,
4787,47.870000000000005,0.019008826200938939,0.15700424034676966,-8.1999999999999993,
4788,47.880000000000003,0.020475061688464375,0.12145041489416072,-8.1999999999999993,
4789,47.890000000000001,0.021607648232148592,0.090491083712030379,-8.1999999999999993,
4790,47.899999999999999,0.022494761773551059,0.074566872388901376,-8.1999999999999993,
4791,47.910000000000004,0.023284434570415083,0.07703814983621371,-8.1999999999999993,
4792,47.920000000000002,0.024105803041738569,0.082075656981421816,-8.1999999999999993,
4793,47.93,0.024940775183682429,0.074915818719613475,-8.1999999999999993,
4794,47.939999999999998,0.025748239902190731,0.082817550810018778,-8.1999999999999993,
4795,47.950000000000003,0.026633013247059908,0.090032816461585369,-8.1999999999999993,
4796,47.960000000000001,0.02757585229240726,0.091973743344146416,-8.1999999999999993,
4797,47.969999999999999,0.028536733544330121,0.093434374701652362,-8.1999999999999993,
4798,47.980000000000004,0.029526632424416607,0.10023630313375516,-8.1999999999999993,
4799,47.990000000000002,0.030610530067735509,0.11888393646630666,-7.2226759461381445,
4800,48,0.031905041558631053,0.13788881557627511,-8.1126341766332857,
4801,48.009999999999998,0.033375213530076747,0.16059419832767438,-6.2310396094024183,
4802,48.020000000000003,0.035082690868512623,0.16934746626125424,-8.1999999999999993,
4803,48.030000000000001,0.036838015713596191,0.17871133607192408,-8.1999999999999993,
4804,48.039999999999999,0.038672027112652919,0.18222833636692579,-8.1999999999999993,
4805,48.050000000000004,0.040522876874964218,0.17948137161698732,-8.1999999999999993,
4806,48.060000000000002,0.042323847038734527,0.1699907148148945,-8.1999999999999993,
4807,48.07,0.043997322069643963,0.15188275381862615,-8.1999999999999993,
4808,48.079999999999998,0.045466622440756783,0.12819352240963297,-8.1999999999999993,
4809,48.090000000000003,0.04668970284195495,0.10234818627033088,-8.1999999999999993,
4810,48.100000000000001,0.047678155800910234,0.08212021638457416,-8.1999999999999993,
4811,48.109999999999999,0.048484803270355856,0.067030810867006047,-8.1999999999999993,
4812,48.120000000000005,0.049143241488599873,0.052639186656903848,-8.1999999999999993,
4813,48.130000000000003,0.049705934264635737,0.052436529571396134,-8.1999999999999993,
4814,48.140000000000001,0.050283532097553034,0.058332212703512396,-8.1999999999999993,
4815,48.149999999999999,0.050931825622013455,0.069030883580853741,-8.1999999999999993,
4816,48.160000000000004,0.051707411424093686,0.089652887693714461,-6.7018108663717202,
4817,48.170000000000002,0.052682669260561761,0.093745840143633158,-8.1999999999999993,
4818,48.18,0.053663694154236066,0.096061065590898206,-8.1999999999999993,
4819,48.189999999999998,0.054640312442991883,0.089432938531128714,-8.1999999999999993,
4820,48.200000000000003,0.055507323115445706,0.071103895252892305,-8.1999999999999993,
4821,48.210000000000001,0.056174618460802267,0.048778865132669477,-8.1999999999999993,
4822,48.219999999999999,0.056501441282469186,0.0033381508653756594,-5.1677080918919254,
4823,48.230000000000004,0.056651039378497678,0.01057063531349616,-8.1999999999999993,
4824,48.240000000000002,0.056844403226850845,0.032485800606697146,-6.3505559225203525,
4825,48.25,0.057175655364776291,0.015672934816516132,-8.1999999999999993,
4826,48.259999999999998,0.057429235148527151,0.042920870126536496,-4.8021735690551779,
4827,48.270000000000003,0.057907433772949692,0.031097241861954329,-8.1999999999999993,
4828,48.280000000000001,0.058291363569084265,0.045448688887911509,-8.1999999999999993,
4829,48.289999999999999,0.058738948290736955,0.032368657281781552,-8.1999999999999993,
4830,48.300000000000004,0.059044847068501619,0.016446879893578743,-8.1999999999999993,
4831,48.310000000000002,0.059146602742892324,-1.2508863687204383e-19,-3.1918911957973251e-16,
4832,48.32,0.05909294736432634,1.8759970187748763e-18,1.3183898417423734e-16,
4833,48.329999999999998,0.058910935807919153,-0.0064021493355153388,7.156618942218647,
4834,48.340000000000003,0.058699729221400376,-0.050506133967148599,0.0062401628532285369,
4835,48.350000000000001,0.058096508434011616,-0.038769060093957579,8.1999999999999993,
4836,48.359999999999999,0.05764279276180783,-0.049929145229277626,8.1999999999999993,
4837,48.370000000000005,0.057146291540706051,-0.037956316106984668,8.1999999999999993,
4838,48.380000000000003,0.056704772135092743,-0.047364793440109847,8.1999999999999993,
4839,48.390000000000001,0.056237947888825683,-0.034305706770494722,8.1999999999999993,
4840,48.399999999999999,0.055909638685312277,-0.019166337882294684,8.1999999999999993,
4841,48.410000000000004,0.055645420867636276,-0.033324140325445922,8.1999999999999993,
4842,48.420000000000002,0.055310029628934811,-0.022708972749295443,8.1999999999999993,
4843,48.43,0.055031576682452621,-0.027889079032376481,8.1999999999999993,
4844,48.439999999999998,0.054718574339215384,-0.026952900506074684,8.1999999999999993,
4845,48.450000000000003,0.054413682159092133,-0.026434717943224783,8.1999999999999993,
4846,48.460000000000001,0.054216173117782748,-0.0014284011963188643,3.3804155913956668,
4847,48.469999999999999,0.054152037820594252,-1.6189087582739675e-18,-4.0939474033052647e-16,
4848,48.480000000000004,0.054007609759299295,-0.00097074309564135349,2.786744474316011,
4849,48.490000000000002,0.053862695632036203,-0.0042148648051135379,5.8067993284518025,
4850,48.5,0.053765622530023725,-0.00076301858723206708,2.4706575436220448,
4851,48.509999999999998,0.053928954014427093,0.001314671494920808,-3.2430497929212336,
4852,48.520000000000003,0.05395030638498978,3.3279262530929391e-19,1.9775847626135601e-16,
4853,48.530000000000001,0.054087430541734538,0.00046814534289601995,-1.9352422957263364,
4854,48.539999999999999,0.054068158611416416,-7.2173953352882814e-20,1.3877787807814457e-17,
4855,48.550000000000004,0.054055232817834045,-1.2782999047070989e-17,-1.9428902930940239e-15,
4856,48.560000000000002,0.05393979551662588,4.128919428580958e-18,3.3306690738754696e-16,
4857,48.57,0.053754730063931798,-0.0070735784964777093,7.5225413240354939,
4858,48.579999999999998,0.053613821818971133,-0.013875241954300458,8.1999999999999993,
4859,48.590000000000003,0.053480353825772639,-0.0026883636210767161,4.6375542011510493,
4860,48.600000000000001,0.053328858084046964,-0.0097751033567487176,8.1999999999999993,
4861,48.609999999999999,0.053169657034456398,-0.018971128642040168,8.1999999999999993,
4862,48.620000000000005,0.053001444546284346,-0.0032353407321472883,5.0875068409957231,
4863,48.630000000000003,0.052887043269998248,-0.0022025112386164117,4.1976290818664879,
4864,48.640000000000001,0.052695228708694655,-0.021961442642401862,8.1999999999999993,
4865,48.649999999999999,0.052509508991085918,-0.0031770541964779029,5.0414713697315774,
4866,48.660000000000004,0.052365648290304594,-0.0084956901509869731,8.1999999999999993,
4867,48.670000000000002,0.052258045370941107,-0.0044658718781318413,5.9772046162947028,
4868,48.68,0.052150357334329218,-0.0021122978944734896,4.1107643031178469,
4869,48.689999999999998,0.052114670014553353,-7.3218560293114637e-19,-1.6653345369377348e-16,
4870,48.700000000000003,0.052089741690470391,-1.079586241411929e-17,3.8302694349567901e-15,
4871,48.710000000000001,0.051912434120018877,-0.0054429462582327752,6.5987551906296842,
4872,48.719999999999999,0.05175710298509692,-0.016595026494336935,8.1999999999999993,
4873,48.730000000000004,0.051546626901411957,-0.019253067379752072,8.1999999999999993,
4874,48.740000000000002,0.051359066433773318,-0.0067766735338645008,7.3629741457454525,
4875,48.75,0.051169198545005179,-0.036450090109460105,5.0818109884945217,
4876,48.759999999999998,0.050750876701160304,-0.026586938944673705,8.1999999999999993,
4877,48.770000000000003,0.050392231222768778,-0.05139701626444864,5.5316925920223179,
4878,48.780000000000001,0.049834136079431914,-0.040706512880737941,8.1999999999999993,
4879,48.789999999999999,0.049358069794815974,-0.053201885399335791,8.1999999999999993,
4880,48.800000000000004,0.048800645575721821,-0.049450815731679844,8.1999999999999993,
4881,48.810000000000002,0.048282512954007505,-0.045142468179669534,8.1999999999999993,
4882,48.82,0.047845226245278524,-0.03016094859467441,8.1999999999999993,
4883,48.829999999999998,0.047525717498487011,-0.024099708304877215,8.1999999999999993,
4884,48.840000000000003,0.047302882675066014,-0.00808514335753064,8.0424590058168839,
4885,48.850000000000001,0.047119024026054321,-0.036620779413899081,4.6022434359533415,
4886,48.859999999999999,0.046803271667651837,-0.0049007044184610389,6.2614403572731003,
4887,48.870000000000005,0.046616719694193481,-0.028821243902003774,7.7844432785346349,
4888,48.880000000000003,0.046358551217430412,-0.0082837367283359192,8.1406322743806179,
4889,48.890000000000001,0.046223982884650655,-0.013116814738941501,8.1999999999999993,
4890,48.899999999999999,0.046064974195007213,-0.010137544747358861,8.1999999999999993,
4891,48.910000000000004,0.04589748099220646,-0.021338491165146013,8.1999999999999993,
4892,48.920000000000002,0.045832884656675475,-6.7242176995052249e-19,-3.677613769070831e-16,
4893,48.93,0.045825750327664665,-1.9114630537296818e-19,-9.0205620750793969e-17,
4894,48.939999999999998,0.045899408911646462,-2.1309174924220803e-18,-5.1682227833727386e-16,
4895,48.950000000000003,0.045855086957317603,1.2798473706450881e-19,-4.3021142204224816e-16,
4896,48.960000000000001,0.045819115051528976,-1.7245815064993451e-18,-1.8735013540549517e-16,
4897,48.969999999999999,0.045755729360422472,-1.7214597567221757e-17,8.8817841970012523e-16,
4898,48.980000000000004,0.045685257752743937,-3.9487241383863622e-19,-1.3183898417423734e-16,
4899,48.990000000000002,0.045549744921897853,-0.00038106281160977937,1.7459961319768809,
4900,49,0.045434865991653459,-0.0001216018261512155,0.98631364646835396,
4901,49.009999999999998,0.045365976764142127,-1.9773449999906722e-18,-2.3592239273284576e-16,
4902,49.020000000000003,0.045330333061106357,1.7794810187955911e-18,1.0408340855860843e-16,
4903,49.030000000000001,0.045254387433684415,-8.203359110758711e-18,2.2759572004815709e-15,
4904,49.039999999999999,0.045203669117197677,-1.7631988785091195e-19,-1.3877787807814457e-16,
4905,49.050000000000004,0.045200693078339065,-7.7154530006978662e-18,-1.1102230246251565e-16,
4906,49.060000000000002,0.045286999315546264,4.0182815074434399e-17,8.9372953482325102e-15,
4907,49.07,0.045358027346159728,-3.4265503087818417e-19,-4.8572257327350599e-17,
4908,49.079999999999998,0.04552669398018272,0.0039029288748168548,-5.5877930346904252,
4909,49.090000000000003,0.045681881155182451,0.013533806719409163,-8.1999999999999993,
4910,49.100000000000001,0.045878220526651255,0.022542476797884056,-8.1999999999999993,
4911,49.109999999999999,0.046136960819617844,0.021342287403309301,-8.1999999999999993,
4912,49.120000000000005,0.046374130263311587,0.017071960574971828,-8.1999999999999993,
4913,49.130000000000003,0.046534816338908068,0.0039472602926481906,-5.6194379026007146,
4914,49.140000000000001,0.046591587014114276,-9.5892583786134421e-20,3.5388358909926865e-16,
4915,49.149999999999999,0.046563471898178721,-1.0970499640847514e-21,7.6327832942979512e-17,
4916,49.160000000000004,0.04656207239621174,-9.7957443623555988e-18,-2.6645352591003757e-15,
4917,49.170000000000002,0.046561182123690391,1.6329660928076242e-20,4.5970172113385388e-17,
4918,49.18,0.04655969175569219,-6.3052124616692303e-18,-3.1918911957973251e-15,
4919,49.189999999999998,0.046558888975299938,2.4052561049520991e-20,1.7347234759768071e-17,
4920,49.200000000000003,0.046557776627112177,1.2316505485462098e-17,4.7184478546569153e-16,
4921,49.210000000000001,0.046567372648162318,-4.9299039573235538e-20,-7.9797279894933126e-17,
4922,49.219999999999999,0.046604155219908523,4.486153446044481e-20,7.9645819043378343e-18,
4923,49.230000000000004,0.046618362662728334,3.1140140147425127e-20,-2.9852073815932603e-18,
4924,49.240000000000002,0.04661776870850029,-1.9316464179708023e-17,2.9420910152566648e-15,
4925,49.25,0.046660349668322845,1.9872353492140995e-19,-3.7470027081099033e-16,
4926,49.259999999999998,0.046694314786997239,-1.0109183636459842e-18,-1.9428902930940239e-16,
4927,49.270000000000003,0.046679157643748435,-8.3618713447717315e-18,-1.7763568394002505e-15,
4928,49.280000000000001,0.046650140571867879,5.2324284820688699e-20,-1.5265566588595902e-16,
4929,49.289999999999999,0.046656316501345968,-1.5524233207513578e-18,-1.7179158738097244e-16,
4930,49.300000000000004,0.046690741896233276,-4.2870402954405833e-18,-1.3806945328047383e-16,
4931,49.310000000000002,0.04683209276798915,0.00073756867310721935,-2.429104646749038,
4932,49.32,0.046986493361166469,0.0054617212632437186,-6.6101263305590257,
4933,49.329999999999998,0.047140959818120561,0.016304893979572847,-8.1999999999999993,
4934,49.340000000000003,0.047336564979256139,0.014854177146951227,-8.1999999999999993,
4935,49.350000000000001,0.047489667074782319,0.0052640533833303678,-6.4894088379946417,
4936,49.359999999999999,0.047643297899702536,0.015628638084289419,-8.1999999999999993,
4937,49.370000000000005,0.047828632147875319,0.013036348047646964,-8.1999999999999993,
4938,49.380000000000003,0.048013939704760068,0.019597946669684632,-8.1999999999999993,
4939,49.390000000000001,0.048232719451774292,0.0150336815828018,-8.1999999999999993,
4940,49.399999999999999,0.048416842211345165,0.013989340967729462,-8.1999999999999993,
4941,49.410000000000004,0.048628131566377748,0.027596400448605455,-8.1999999999999993,
4942,49.420000000000002,0.048877959633261601,0.0095624228131833931,-8.1999999999999993,
4943,49.43,0.049040408328504169,0.021076423860654132,-8.1999999999999993,
4944,49.439999999999998,0.049287786574674461,0.020979574211476018,-8.1999999999999993,
4945,49.450000000000003,0.049561789999581128,0.03134730771202681,-8.1999999999999993,
4946,49.460000000000001,0.049933322474588114,0.039149035825270517,-8.1999999999999993,
4947,49.469999999999999,0.050348544637055966,0.034874109923291437,-8.1999999999999993,
4948,49.480000000000004,0.050741735339877948,0.037504821379329097,-8.1999999999999993,
4949,49.490000000000002,0.051135970936924,0.031833010777744003,-8.1999999999999993,
4950,49.5,0.051459866813238671,0.022175202480231838,-8.1999999999999993,
4951,49.509999999999998,0.051739023645680116,0.02971323008128127,-8.1999999999999993,
4952,49.520000000000003,0.052032643468611479,0.017544459040807411,-8.1999999999999993,
4953,49.530000000000001,0.052265872940642846,0.02523539069615327,-8.1999999999999993,
4954,49.539999999999999,0.052518832439773025,0.014192491264467564,-8.1999999999999993,
4955,49.550000000000004,0.052750711029384265,0.037385669359261978,-5.9948784863289584,
4956,49.560000000000002,0.053151182495365844,0.024097337654114093,-8.1999999999999993,
4957,49.57,0.053449586503723959,0.031645736211076449,-8.1999999999999993,
4958,49.579999999999998,0.053731435308628048,0.01152021696364121,-8.1999999999999993,
4959,49.590000000000003,0.053892841681273125,0.014784293595989057,-8.1999999999999993,
4960,49.600000000000001,0.053917747063760034,1.0686236231103573e-18,8.6736173798840355e-17,
4961,49.609999999999999,0.054169717856454004,0.026286079773777372,-8.1999999999999993,
4962,49.620000000000005,0.054352227118119552,0.00035365648061139263,-1.6820380034027613,
4963,49.630000000000003,0.0544666603392771,9.3875364283347565e-05,-0.86660424316222673,
4964,49.640000000000001,0.05457456732141136,-4.128919428580958e-18,-3.3306690738754696e-16,
4965,49.649999999999999,0.05467341426678541,-3.4525096205336907e-18,-5.2735593669694936e-16,
4966,49.660000000000004,0.054647243921975203,-3.4559620097234989e-19,1.457167719820518e-16,
4967,49.670000000000002,0.05464475221617638,-2.1231682033227175e-18,8.6042284408449632e-16,
4968,49.68,0.054673430881878551,-3.9178623292506062e-19,1.0408340855860843e-17,
4969,49.689999999999998,0.054783808960494618,-4.1289194285809573e-18,-3.3306690738754696e-16,
4970,49.700000000000003,0.054946729864700623,0.0030283858143792227,-4.9221018391571105,
4971,49.710000000000001,0.055142337020059003,0.026615018765273557,-8.1999999999999993,
4972,49.719999999999999,0.055420889177333364,0.018922210770569724,-8.1999999999999993,
4973,49.730000000000004,0.055690047048186524,0.036746172908401764,-7.4348425926628252,
4974,49.740000000000002,0.05595378081504248,0.0017989438131345659,-3.7936197101286417,
4975,49.75,0.056134078558790101,0.016429267617330576,-8.1999999999999993,
4976,49.759999999999998,0.056379743408508542,0.034992700999750749,-7.2444984684074054,
4977,49.770000000000003,0.056702228986589172,0.01327573702218267,-8.1999999999999993,
4978,49.780000000000001,0.056805808970275928,0.00010780752801888437,-0.92868736620625758,
4979,49.789999999999999,0.056802318390583278,-1.0423398680569249e-20,-1.0581813203458523e-16,
4980,49.800000000000004,0.057082940736211098,0.037562195547098921,-8.1999999999999993,
4981,49.810000000000002,0.057420844861441826,0.01668172485031048,-8.1999999999999993,
4982,49.82,0.057651071382995488,0.02670653949106824,-8.1999999999999993,
4983,49.829999999999998,0.057913010400662226,0.014102200734292117,-8.1999999999999993,
4984,49.840000000000003,0.058084074627559365,0.011830847360254474,-8.1999999999999993,
4985,49.850000000000001,0.058248548556691065,0.015080841170981607,-8.1999999999999993,
4986,49.859999999999999,0.058444579276190116,0.017989391837213261,-8.1999999999999993,
4987,49.870000000000005,0.058624556939900672,0.0068777706272118884,-7.4176927017567333,
4988,49.880000000000003,0.058647412789412996,3.2761903430163806e-19,1.4918621893400541e-16,
4989,49.890000000000001,0.058547502514297599,7.5983663805345715e-18,3.3306690738754696e-16,
4990,49.899999999999999,0.058463694373849004,-2.7330122800702634e-19,9.0205620750793969e-17,
4991,49.910000000000004,0.058304441138089226,-0.0025297641078061402,4.4986790130491787,
4992,49.920000000000002,0.058094309386925086,-0.031252786323684868,8.0775727182069303,
4993,49.93,0.057776032012432386,-0.021032219963457374,8.1999999999999993,
4994,49.939999999999998,0.057488201612037874,-0.037626345612086817,7.7463787365961085,
4995,49.950000000000003,0.05713993642596641,-0.017439890097687254,8.1999999999999993,
4996,49.960000000000001,0.056936573076522515,-0.014820767651496812,8.1999999999999993,
4997,49.969999999999999,0.056834880880394748,4.1289194285809565e-18,3.3306690738754696e-16,
4998,49.980000000000004,0.056838953053162909,5.5154656963462713e-20,-9.7144514654701197e-17,
4999,49.990000000000002,0.056895537330657227,-4.454598379390712e-18,-4.0314816347311445e-16,
5000,50,0.056901781552528299,-5.0811072405598005e-21,-8.5001450322863548e-17,
5001,50.009999999999998,0.05685031905888073,-9.2040533980065163e-18,8.3266726846886741e-16,
5002,50.020000000000003,0.056791604115216179,-3.0618896096220342e-18,-2.4980018054066022e-16,
5003,50.030000000000001,0.056729377268256345,1.7502345587349752e-18,6.9388939039072284e-18,
5004,50.039999999999999,0.056683773884124711,2.7409621144424265e-19,4.829470157119431e-15,
5005,50.050000000000004,0.056672347682748862,2.1141552673978437e-19,1.5959455978986625e-16,
5006,50.060000000000002,0.056637756873238215,-1.9424598950010163e-18,-4.496403249731884e-15,
5007,50.07,0.056589793134887628,1.5348898400327665e-19,2.7755575615628914e-17,
5008,50.079999999999998,0.05661557024432793,-1.0424517695734776e-18,-2.7681672047868694e-16,
5009,50.090000000000003,0.056673981259136606,-1.1970057064914731e-20,-2.9143354396410359e-16,
5010,50.100000000000001,0.056722480577348737,1.7582318140169853e-18,0,
5011,50.109999999999999,0.056840550286162375,-9.3330898565113785e-18,-3.3306690738754696e-16,
5012,50.120000000000005,0.056894407405775962,7.0389310522782421e-19,-4.0939474033052647e-16,
5013,50.130000000000003,0.056877940920431976,1.7490882179478377e-19,-6.2450045135165055e-17,
5014,50.140000000000001,0.056862985420284715,6.194756016759391e-18,4.4408920985006262e-16,
5015,50.149999999999999,0.056933464156455227,-1.8740551548869765e-18,-3.9551695252271202e-16,
5016,50.160000000000004,0.056913349887310984,-8.3423032764361266e-19,-1.0408340855860843e-16,
5017,50.170000000000002,0.056798267968645802,7.5983663805345715e-18,3.3306690738754696e-16,
5018,50.18,0.056673048374999618,-3.3785283673863109e-05,0.51988678516663067,
5019,50.189999999999998,0.056646634816776363,1.0291706538048563e-19,-4.5102810375396984e-17,
5020,50.200000000000003,0.056647560500208104,-3.6730309786405083e-19,-4.8973575031295962e-17,
5021,50.210000000000001,0.056647539745437951,1.663535754761776e-17,-2.3043632974006911e-15,
5022,50.219999999999999,0.05664913207400165,-1.2521395578092484e-21,-2.688821387764051e-17,
5023,50.230000000000004,0.056501573436196877,-0.0012397967455597793,3.1493450056286694,
5024,50.240000000000002,0.056342191868887448,-0.0082453513854909045,8.1217492625620533,
5025,50.25,0.056213701507469897,-0.010853694235075402,8.1999999999999993,
5026,50.259999999999998,0.056099958050541521,-0.0026050508854604214,4.5651294706375376,
5027,50.270000000000003,0.055927131165186578,-0.016416365117450149,8.1999999999999993,
5028,50.280000000000001,0.055818341505223794,2.3941959526041502e-18,3.3306690738754696e-16,
5029,50.289999999999999,0.05574152321043243,-3.9324419004302e-19,-1.8735013540549517e-16,
5030,50.300000000000004,0.055594696422661169,-0.0011740266538517671,3.0646717982214873,
5031,50.310000000000002,0.055369603015690924,-0.03044749075677481,8.1999999999999993,
5032,50.32,0.055019585533369511,-0.033471697873398251,8.1999999999999993,
5033,50.329999999999998,0.054631913720750415,-0.039260315545887596,8.1999999999999993,
5034,50.340000000000003,0.0542002466810051,-0.039999482268072421,8.1999999999999993,
5035,50.350000000000001,0.053761775789454909,-0.040536725856244106,8.1999999999999993,
5036,50.359999999999999,0.053353095586519378,-0.030245780537775751,8.1999999999999993,
5037,50.370000000000005,0.05299138460952154,-0.038532883774614994,8.1999999999999993,
5038,50.380000000000003,0.052607245605167725,-0.026996517602519823,8.1999999999999993,
5039,50.390000000000001,0.05229537489757629,-0.028724154697440836,8.1999999999999993,
5040,50.399999999999999,0.052019253394886757,-0.014528745369621607,8.1999999999999993,
5041,50.410000000000004,0.051814715483872641,-0.022814738336491693,8.1999999999999993,
5042,50.420000000000002,0.051536694376493254,-0.027433039873960816,8.1999999999999993,
5043,50.43,0.051193579705191644,-0.039829428882756791,8.1999999999999993,
5044,50.439999999999998,0.05081029690616666,-0.024621920955962988,8.1999999999999993,
5045,50.450000000000003,0.050510653116879196,-0.030591802058146506,8.1999999999999993,
5046,50.460000000000001,0.050339996571228049,-6.2794214272798845e-18,3.3306690738754696e-16,
5047,50.469999999999999,0.050259236274249108,-2.1186986268823498e-18,-1.1796119636642288e-16,
5048,50.480000000000004,0.050262031282797139,-3.2302355413044789e-18,-1.1413923936882083e-16,
5049,50.490000000000002,0.050295038607142906,-6.0188118191066026e-18,-2.1148528870511438e-16,
5050,50.5,0.050343651493573907,-7.5952013146120446e-18,-3.0984178595426502e-16,
5051,50.509999999999998,0.050361089794120323,2.9865695221841136e-20,-1.7347234759768071e-17,
5052,50.520000000000003,0.050411501681559258,-2.0825255841439195e-18,-5.5553580495980252e-16,
5053,50.530000000000001,0.050447774326384462,1.6764977962605675e-19,-3.7470027081099033e-16,
5054,50.539999999999999,0.050582571551610708,0.00034517827912089585,-1.6617539628257796,
5055,50.550000000000004,0.050739791327781468,0.0046318220147572448,-6.0872470064929978,
5056,50.560000000000002,0.050885133275259301,0.011613169103859709,-8.1999999999999993,
5057,50.57,0.050959227412326807,-1.4111572025328678e-19,3.4000580129145419e-16,
5058,50.579999999999998,0.050967994360801662,2.0673664045950116e-19,-1.0408340855860843e-17,
5059,50.590000000000003,0.05094354000128605,3.0704472759588346e-18,5.5511151231257827e-17,
5060,50.600000000000001,0.05086709089097833,1.0683019128380677e-17,-1.1102230246251565e-16,
5061,50.609999999999999,0.050768689465432351,-1.339004388958472e-17,-2.4980018054066022e-15,
5062,50.620000000000005,0.050699535592563579,1.5259266301420615e-18,-4.0245584642661925e-16,
5063,50.630000000000003,0.050703247411209428,-3.7393434834631586e-21,-8.1532003370909933e-17,
5064,50.640000000000001,0.050705668828395799,-8.2903423817499604e-19,-8.7005818350452671e-17,
5065,50.649999999999999,0.050674539581832871,-1.8831542906675474e-18,-4.6074255521943996e-15,
5066,50.660000000000004,0.050595900753310531,1.5466004389215535e-18,-3.4694469519536142e-17,
5067,50.670000000000002,0.050608181428054892,1.0586378827496502e-18,-8.1689086476831031e-17,
5068,50.68,0.050615768772521878,6.2268222938297735e-20,-9.3945943579488165e-17,
5069,50.689999999999998,0.050615285770025956,4.3600704061277649e-18,-2.0816681711721685e-15,
5070,50.700000000000003,0.050557948980168001,1.623098256722542e-18,2.2204460492503131e-16,
5071,50.710000000000001,0.050580359315172144,3.279110752331303e-19,5.2041704279304213e-17,
5072,50.719999999999999,0.050617582022836026,4.7762618652382814e-19,-9.7883854915022445e-17,
5073,50.730000000000004,0.050673163415598334,1.2715927041402333e-19,2.1507339402173708e-17,
5074,50.740000000000002,0.050737374572176364,1.0919496575410144e-19,3.5164634210621126e-19,
5075,50.75,0.050785916109807004,1.5642871630722744e-18,2.9400071982039847e-16,
5076,50.759999999999998,0.050843842841030121,2.2619440056230775e-19,3.2612801348363973e-16,
5077,50.770000000000003,0.050881683375245672,-9.7937487311168299e-19,-3.0531133177191805e-16,
5078,50.780000000000001,0.050881621289769176,-1.9643364143107386e-22,-1.3227266504323154e-17,
5079,50.789999999999999,0.050881397996893035,-7.0756446783574834e-18,3.1363800445660672e-15,
5080,50.800000000000004,0.050785269003416074,8.3250786072148834e-20,-6.9388939039072284e-17,
5081,50.810000000000002,0.050710902230374756,-8.4490381186460793e-18,-1.9428902930940239e-15,
5082,50.82,0.050610278385134266,9.3330898565113785e-18,3.3306690738754696e-16,
5083,50.829999999999998,0.050491283073716434,1.8006707236395414e-17,3.3306690738754696e-16,
5084,50.840000000000003,0.050347178108798955,-0.0009448012546846115,2.7492562698804361,
5085,50.850000000000001,0.050237154434027875,-0.00022930642776329235,1.3544192194835036,
5086,50.859999999999999,0.050120020276272187,-9.6867665596712572e-05,0.88030751716299704,
5087,50.870000000000005,0.05009022279209608,-7.6898814243214181e-19,-1.0408340855860843e-16,
5088,50.880000000000003,0.050095661081860657,-1.8848220687634827e-18,-9.7524838597190157e-17,
5089,50.890000000000001,0.050166211161371141,3.3886071828286555e-19,5.793422622365775e-16,
5090,50.899999999999999,0.050299263795038379,0.00026493127200793938,-1.4558331552975079,
5091,50.910000000000004,0.050428919845021132,0.00079563071338710457,-2.5229042207536998,
5092,50.920000000000002,0.050587756233709119,0.0066423519183616154,-7.2896375319279691,
5093,50.93,0.050734848845808908,0.01554700017370144,-8.1999999999999993,
5094,50.939999999999998,0.05088837032297068,0.0044093681356947318,-5.9392714271666245,
5095,50.950000000000003,0.051034062612843163,0.01134044728289694,-8.1999999999999993,
5096,50.960000000000001,0.051204668743653245,0.018796981908864398,-8.1999999999999993,
5097,50.969999999999999,0.051389214404312981,0.0067419421329915456,-7.3440817713266506,
5098,50.980000000000004,0.051360747106726626,1.6525959391783373e-18,-2.1510571102112408e-16,
5099,50.990000000000002,0.051289826009830251,-8.0824262813426649e-18,1.3877787807814457e-15,
5100,51,0.051190367974073232,-2.8099744753262711e-18,3.3306690738754696e-16,
5101,51.009999999999998,0.051014701715950815,-0.0051288280316582153,6.4055151434732966,
5102,51.020000000000003,0.050838539698094272,-0.024495264948470423,8.1999999999999993,
5103,51.030000000000001,0.050627338452638608,-0.0050014871095702277,6.3254957810879802,
5104,51.039999999999999,0.050438261024386803,-0.030424412970251245,7.3443419104234557,
5105,51.050000000000004,0.050225110823059235,-0.0003295394025066271,1.6236733723421772,
5106,51.060000000000002,0.050020149010754918,-0.017127063819037568,8.1999999999999993,
5107,51.07,0.049860297036201949,-0.0037328881782680949,5.4647145786531972,
5108,51.079999999999998,0.049860106666934779,1.3882605565611292e-19,-5.377642775528102e-17,
5109,51.090000000000003,0.049836638046278463,-1.9825508038707253e-18,-3.4972025275692431e-15,
5110,51.100000000000001,0.049744721536685584,1.3046201319773622e-18,-3.677613769070831e-16,
5111,51.109999999999999,0.049626974412262999,2.3941959526041509e-18,3.3306690738754696e-16,
5112,51.120000000000005,0.049529446118540849,-3.7669860512160493e-18,-7.6327832942979512e-16,
5113,51.130000000000003,0.049373752437099211,-0.0020892084836496264,4.0882353001260796,
5114,51.140000000000001,0.049205211562266919,-0.013529542108696014,8.1999999999999993,
5115,51.149999999999999,0.049026697744754197,-0.015721004599534603,8.1999999999999993,
5116,51.160000000000004,0.048836883931273625,-0.014285938339573366,8.1999999999999993,
5117,51.170000000000002,0.048707715207062463,-0.0017085521178187707,3.6970822201501248,
5118,51.18,0.048741682028310529,1.583437742150974e-19,4.163336342344337e-16,
5119,51.189999999999998,0.048782826833166967,-1.6411044819218963e-18,-2.4980018054066022e-16,
5120,51.200000000000003,0.048790684325208979,-1.2376758116972249e-20,2.6020852139652106e-17,
5121,51.210000000000001,0.048801199431077226,-9.9951517621378033e-20,2.1952061060437997e-17,
5122,51.219999999999999,0.048866673522742564,1.0656595398061013e-19,-6.8599417815110762e-17,
5123,51.230000000000004,0.048953347265159652,5.6061517537595795e-17,-1.5543122344752192e-15,
5124,51.240000000000002,0.049070267107798951,6.2794214272798845e-18,-3.3306690738754696e-16,
5125,51.25,0.049134047388550733,3.3213725090983683e-18,3.1918911957973251e-16,
5126,51.259999999999998,0.04921996167007963,-1.6700050063418412e-18,-2.8449465006019636e-16,
5127,51.270000000000003,0.049281113076025944,3.399771604388326e-18,4.2327252813834093e-16,
5128,51.280000000000001,0.049317185727124548,1.0819816933092142e-18,-6.9388939039072284e-18,
5129,51.289999999999999,0.049404757658747842,3.8060870553167632e-17,3.8857805861880479e-16,
5130,51.300000000000004,0.049599876459181805,0.009541278179175338,-8.1999999999999993,
5131,51.310000000000002,0.049778754413438278,0.029198952779270104,-6.958449894340843,
5132,51.32,0.050083414166574358,0.015957602877156411,-8.1999999999999993,
5133,51.329999999999998,0.050297880752887367,0.022498218170395472,-8.1999999999999993,
5134,51.340000000000003,0.050546601041407152,0.018225255324596155,-8.1999999999999993,
5135,51.350000000000001,0.050657629693602699,-4.0309608771078803e-19,-1.2490009027033011e-16,
5136,51.359999999999999,0.050831943713927782,0.0048777912536903251,-6.2467855757599517,
5137,51.370000000000005,0.050931577782053997,0.0012941484169770503,-3.2176369179595796,
5138,51.380000000000003,0.051052417406666911,0.0012828264514587932,-3.2035311160764985,
5139,51.390000000000001,0.051180122143962545,0.0020651387067458725,-4.0646167905433606,
5140,51.399999999999999,0.051221159338314434,1.5898356843528556e-19,-3.677613769070831e-16,
5141,51.410000000000004,0.051251693833536241,4.7114443367962937e-20,-1.8735013540549517e-16,
5142,51.420000000000002,0.051227192080473626,-9.0131566908626692e-20,3.6082248300317588e-15,
5143,51.43,0.051231757726669803,-4.389241504174187e-21,-6.7654215563095477e-17,
5144,51.439999999999998,0.05132112628499997,2.2080809931566623e-17,3.6082248300317588e-15,
5145,51.450000000000003,0.051383129548339533,1.1940420630681698e-19,2.4980018054066022e-16,
5146,51.460000000000001,0.051442360860594963,1.4376597486187855e-18,2.1510571102112408e-16,
5147,51.469999999999999,0.051496970438010964,6.2007144334075258e-18,3.3963317283447651e-16,
5148,51.480000000000004,0.05157712890323235,-1.5109653743916681e-18,2.0122792321330962e-16,
5149,51.490000000000002,0.051684417399672077,-1.1067813332488186e-17,-3.3306690738754696e-16,
5150,51.5,0.05176349215828193,-1.4595132131525539e-18,-3.9551695252271202e-16,
5151,51.509999999999998,0.051879048819924931,-4.1289194285809573e-18,-3.3306690738754696e-16,
5152,51.520000000000003,0.052059254338800778,0.0060233467743069794,-6.9416694097641853,
5153,51.530000000000001,0.052171853642350545,0.0040642980838719693,-5.7021386050302025,
5154,51.539999999999999,0.052238201197493381,-3.2269790866407932e-18,-2.0122792321330962e-16,
5155,51.550000000000004,0.052241583164144997,-5.1006219386715216e-18,-1.9642848461408125e-16,
5156,51.560000000000002,0.052283306244428396,-6.7134972864606294e-18,-3.2131561808467428e-16,
5157,51.57,0.052222979009931399,-1.3195284281645051e-18,1.7347234759768071e-16,
5158,51.579999999999998,0.052077166836483661,-0.0010857437927054058,2.9471936383012323,
5159,51.590000000000003,0.051965078074286387,-0.00041155055872596811,1.8144984072210535,
5160,51.600000000000001,0.051874146651514033,-3.6445432928250378e-19,-8.1878948066105295e-16,
5161,51.609999999999999,0.051770290390120585,6.5947247662734308e-19,3.3306690738754696e-16,
5162,51.620000000000005,0.051675449339231495,2.9580460306225244e-18,4.0245584642661925e-16,
5163,51.630000000000003,0.05153193572283251,-0.00089820698057520613,2.6806073648711837,
5164,51.640000000000001,0.051348795561605931,-0.013831301937086921,8.1999999999999993,
5165,51.649999999999999,0.051129491109767354,-0.032197842297344806,7.295408259156547,
5166,51.660000000000004,0.050837553867899461,-0.010050174341009424,8.1999999999999993,
5167,51.670000000000002,0.050645361772177371,-0.03423187783240772,5.7135319767776318,
5168,51.68,0.050385454447598288,-0.0011129249224789656,2.9838564609966993,
5169,51.689999999999998,0.050243427954103109,-0.0039978961037388855,5.6553663745075866,
5170,51.700000000000003,0.050201277634386428,1.8448512036447055e-18,3.8163916471489756e-16,
5171,51.710000000000001,0.050213212143285002,-2.3190120626447411e-19,1.0408340855860843e-17,
5172,51.719999999999999,0.050275688405267346,1.1280644061429297e-19,2.1062528718198305e-16,
5173,51.730000000000004,0.050408187373931677,0.00024162078148140241,-1.3903115664667471,
5174,51.740000000000002,0.050508304485355704,1.4953038807163921e-17,-3.3306690738754696e-16,
5175,51.75,0.050383594520711492,-2.6247703983937715e-05,0.45823752778608623,
5176,51.759999999999998,0.050135796042881396,-0.026827162224068876,8.1999999999999993,
5177,51.770000000000003,0.049776124826607891,-0.050841973004535634,5.7614295026070312,
5178,51.780000000000001,0.049167346281428638,-0.05634726704712209,8.1999999999999993,
5179,51.789999999999999,0.048546728463500784,-0.063781161451809967,8.1999999999999993,
5180,51.800000000000004,0.047898860629441008,-0.055406422451150898,8.1999999999999993,
5181,51.810000000000002,0.047306098640235418,-0.056019721518031279,8.1999999999999993,
5182,51.82,0.046736120778930447,-0.047565407876437579,8.1999999999999993,
5183,51.829999999999998,0.046201265471323152,-0.055831269546511346,8.1999999999999993,
5184,51.840000000000003,0.045721822962171678,-0.025530905848729624,8.1999999999999993,
5185,51.850000000000001,0.045508376646326391,-0.0043028834015982394,5.8671174534677544,
5186,51.859999999999999,0.045417985218555938,-0.0003097037916445329,1.5740490250167747,
5187,51.870000000000005,0.045356898772010393,-1.5993760551953146e-18,2.7061686225238191e-16,
5188,51.880000000000003,0.045370302594136366,4.1321760170750754e-19,1.5612511283791264e-16,
5189,51.890000000000001,0.045382540132507691,1.9694575032522429e-18,1.7581081874439013e-16,
5190,51.899999999999999,0.045338081741277118,-2.8401023636783001e-18,3.7192471324942744e-15,
5191,51.910000000000004,0.045121552308987248,-0.01528024582727385,8.1999999999999993,
5192,51.920000000000002,0.044861318648056321,-0.049683469113716641,2.374224023939421,
5193,51.93,0.044286991455625042,-0.038025677419688653,8.1999999999999993,
5194,51.939999999999998,0.043865294820946379,-0.039589900418790444,8.1999999999999993,
5195,51.950000000000003,0.04360218200567182,-0.0012353983409306957,3.1437536047606578,
5196,51.960000000000001,0.043580894815743655,3.9445729113868495e-19,1.9428902930940239e-16,
5197,51.969999999999999,0.043868698422009272,0.040986313546295068,-7.9514547836917613,
5198,51.980000000000004,0.044337174137570323,0.046872732381901046,-8.1999999999999993,
5199,51.990000000000002,0.0448553805897626,0.051343405475686422,-8.1999999999999993,
5200,52,0.045396810591901419,0.048413783318899041,-8.1999999999999993,
5201,52.009999999999998,0.045862128957077655,0.032228114005575792,-8.1999999999999993,
5202,52.020000000000003,0.046174532503400013,0.018359182493016147,-8.1999999999999993,
5203,52.030000000000001,0.046356178924131429,0.0067098278614482676,-7.3265696537729159,
5204,52.039999999999999,0.046469990314248789,0.0048668674141614963,-6.2397868003075194,
5205,52.050000000000004,0.046602025250223174,0.0077442142054516671,-7.8710681386717365,
5206,52.060000000000002,0.046779433647241679,0.031919347315710049,-6.0940443542093146,
5207,52.07,0.047150959474002843,0.025327984126250716,-8.1999999999999993,
5208,52.079999999999998,0.04750024551226141,0.052059615735126415,-4.9600511826130216,
5209,52.090000000000003,0.048074347127215485,0.041740904930310012,-8.1999999999999993,
5210,52.100000000000001,0.048555294601431681,0.051820982438871281,-8.1999999999999993,
5211,52.109999999999999,0.049079082751310323,0.042166722523450016,-8.1999999999999993,
5212,52.120000000000005,0.049515072625668989,0.035038511340530216,-8.1999999999999993,
5213,52.130000000000003,0.049823092913688485,0.0130418941299663,-8.1999999999999993,
5214,52.140000000000001,0.049967090586833872,0.0059068883932528789,-6.8742350226060074,
5215,52.149999999999999,0.049972866319035768,1.1801540410123107e-18,-1.9081958235744878e-17,
5216,52.160000000000004,0.049802257340571289,-0.0042250464262848847,5.8138086836667657,
5217,52.170000000000002,0.049593142853231902,-0.038487471660507366,5.4203437659923264,
5218,52.18,0.049199603652904281,-0.019536957756120674,8.1999999999999993,
5219,52.189999999999998,0.049180282870145121,9.6388631742901668e-19,-8.6736173798840355e-17,
5220,52.200000000000003,0.048848590782384814,-0.073563322291773869,-7.6965899625464145,
5221,52.210000000000001,0.047922636938222234,-0.072958230038270885,8.1999999999999993,
5222,52.219999999999999,0.04728261631814959,-0.040367239390168175,8.1999999999999993,
5223,52.230000000000004,0.046911562199677688,-0.020728473996048231,8.1999999999999993,
5224,52.240000000000002,0.046672341824279193,-0.019073930352350599,8.1999999999999993,
5225,52.25,0.046471330327429464,-0.010761634059997884,8.1999999999999993,
5226,52.259999999999998,0.046374262058109648,-0.00061221010926372011,2.2130704629789237,
5227,52.270000000000003,0.046239099491615407,-0.0019749104007833209,3.9748312173306934,
5228,52.280000000000001,0.046099263115361264,-0.0052160348057222247,6.4597429086441025,
5229,52.289999999999999,0.045913566281575308,-0.029370950365852289,7.5433355224176841,
5230,52.300000000000004,0.045643109132627438,-0.0096005804516854643,8.1999999999999993,
5231,52.310000000000002,0.045441920879511571,-0.042350464384991779,2.9821701173586845,
5232,52.32,0.045029459134761619,-0.01488788996452387,8.1999999999999993,
5233,52.329999999999998,0.044773894171874093,-0.04873290985309995,2.5833130758311644,
5234,52.340000000000003,0.044261837371199972,-0.027186261872924777,8.1999999999999993,
5235,52.350000000000001,0.043913170849414936,-0.043428029243459607,7.8345209169379748,
5236,52.359999999999999,0.043470717061465984,-0.03270642080482853,8.1999999999999993,
5237,52.370000000000005,0.043074712823315771,-0.045173868505434651,8.1999999999999993,
5238,52.380000000000003,0.042624275981983262,-0.033606851281254284,8.1999999999999993,
5239,52.390000000000001,0.042215861935939604,-0.047664687741938661,8.1999999999999993,
5240,52.399999999999999,0.041710985229418483,-0.044809875304852559,8.1999999999999993,
5241,52.410000000000004,0.041236540011360227,-0.041355713329556378,8.1999999999999993,
5242,52.420000000000002,0.040783873205028139,-0.042110645094413854,8.1999999999999993,
5243,52.43,0.040357721705890477,-0.032305880600156406,8.1999999999999993,
5244,52.439999999999998,0.039991976019575909,-0.034309003541289747,8.1999999999999993,
5245,52.450000000000003,0.039646692908396321,-0.023705857517595637,8.1999999999999993,
5246,52.460000000000001,0.03939295185357175,-0.017279297075207457,8.1999999999999993,
5247,52.469999999999999,0.039151636178161142,-0.029556669924261342,8.1999999999999993,
5248,52.480000000000004,0.038879290212529748,-0.012254333319271433,8.1999999999999993,
5249,52.490000000000002,0.038701539190335761,-0.018919441484837429,8.1999999999999993,
5250,52.5,0.038472387373199017,-0.019967194496748168,8.1999999999999993,
5251,52.509999999999998,0.038233907818147936,-0.020618222275905717,8.1999999999999993,
5252,52.520000000000003,0.037947140989983516,-0.03877509091876559,7.3494389241901894,
5253,52.530000000000001,0.03753665126028137,-0.029751063641525018,8.1999999999999993,
5254,52.539999999999999,0.03722845704408647,-0.021557898773121885,8.1999999999999993,
5255,52.550000000000004,0.036958816743612385,-0.027774723583936123,8.1999999999999993,
5256,52.560000000000002,0.036670148288283966,-0.019650490107505993,8.1999999999999993,
5257,52.57,0.036415318058985818,-0.027559838589613347,8.1999999999999993,
5258,52.579999999999998,0.036128473614286324,-0.019529966481533535,8.1999999999999993,
5259,52.590000000000003,0.035851010267535177,-0.038504810837234629,7.1375762477123921,
5260,52.600000000000001,0.03546540054583136,-0.022976520004533995,8.1999999999999993,
5261,52.609999999999999,0.035145733235734819,-0.046140644211201412,6.003063273345675,
5262,52.620000000000005,0.034637267536229643,-0.037841711578075664,8.1999999999999993,
5263,52.630000000000003,0.034227733899052107,-0.035919400516001884,8.1999999999999993,
5264,52.640000000000001,0.033836959803499933,-0.034148454013098573,8.1999999999999993,
5265,52.649999999999999,0.033471641903930233,-0.029905168193889244,8.1999999999999993,
5266,52.660000000000004,0.033141903572773725,-0.027842901138751958,8.1999999999999993,
5267,52.670000000000002,0.032833656794900856,-0.025498925946732514,8.1999999999999993,
5268,52.68,0.032559107052010323,-0.019940437427688439,8.1999999999999993,
5269,52.689999999999998,0.032548934680883726,-1.1960149546211275e-18,1.5265566588595902e-16,
5270,52.700000000000003,0.032255971076456155,-0.043595010959498089,7.29193055509917,
5271,52.710000000000001,0.031926969800413457,-0.0057447469437183502,6.7792311916431078,
5272,52.719999999999999,0.031742730302610649,-0.03020744472116069,7.1597216995545683,
5273,52.730000000000004,0.03145481169409179,-0.011269204754091926,8.1999999999999993,
5274,52.740000000000002,0.031230758306047567,-0.048831698385981594,1.1026905218266061,
5275,52.75,0.030705953946752594,-0.02727030853653736,8.1999999999999993,
5276,52.759999999999998,0.030338763309043379,-0.053088327897597737,5.2348742127165808,
5277,52.770000000000003,0.029780564316220112,-0.037670034102327325,8.1999999999999993,
5278,52.780000000000001,0.029346190171352877,-0.045316219722648425,8.1999999999999993,
5279,52.789999999999999,0.028867284067478766,-0.041671761417368308,8.1999999999999993,
5280,52.800000000000004,0.028381760265760173,-0.054078139852020209,8.1999999999999993,
5281,52.810000000000002,0.027838943385501237,-0.043431191777691558,8.1999999999999993,
5282,52.82,0.027340037130273147,-0.053966111098673122,8.1999999999999993,
5283,52.829999999999998,0.026767682761284353,-0.052560515415460592,8.1999999999999993,
5284,52.840000000000003,0.026192134073235038,-0.057204986514423961,8.1999999999999993,
5285,52.850000000000001,0.025618604976280941,-0.046403692200792782,8.1999999999999993,
5286,52.859999999999999,0.025093550586377585,-0.055419095758939767,8.1999999999999993,
5287,52.870000000000005,0.024531376081162737,-0.046448559249808855,8.1999999999999993,
5288,52.880000000000003,0.024002371891098946,-0.056950671243152867,8.1999999999999993,
5289,52.890000000000001,0.023434277481426177,-0.045353442810293167,8.1999999999999993,
5290,52.899999999999999,0.022951738618036111,-0.04274718071370491,8.1999999999999993,
5291,52.910000000000004,0.022533476265657076,-0.029054525574239574,8.1999999999999993,
5292,52.920000000000002,0.022190045508949492,-0.034816454661282685,8.1999999999999993,
5293,52.93,0.021804253536404295,-0.035063671348675829,8.1999999999999993,
5294,52.939999999999998,0.0214311443952412,-0.030397947937489227,8.1999999999999993,
5295,52.950000000000003,0.021180327890497511,-0.0060503725789285111,6.9572250668947095,
5296,52.960000000000001,0.021006184857512256,-0.025952195475790443,8.1414792811606649,
5297,52.969999999999999,0.020766106741491312,-0.0093642771260107581,8.1999999999999993,
5298,52.980000000000004,0.020571897342993202,-0.038965503404923128,4.0568425693039352,
5299,52.990000000000002,0.020187335574706932,-0.014311332183418273,8.1999999999999993,
5300,53,0.019937483679331323,-0.048195334931052651,2.5688429285102359,
5301,53.009999999999998,0.019455643431442224,-0.022105908655786596,8.1999999999999993,
5302,53.020000000000003,0.019176131997461713,-0.030066762146522638,8.1999999999999993,
5303,53.030000000000001,0.019017028615285321,-1.1483591855210307e-17,3.3306690738754696e-16,
5304,53.039999999999999,0.018856873880164708,-0.0026480897158797432,4.6026859253090402,
5305,53.050000000000004,0.018733912651707426,-0.0029664436247722964,4.8715037717503993,
5306,53.060000000000002,0.018590040413513059,-0.0080877727042185359,8.0437666322282286,
5307,53.07,0.018515013864264174,-0.00011364370959649126,0.9534934067794365,
5308,53.079999999999998,0.018375587365276121,-0.0012663251988832913,3.1828605987486092,
5309,53.090000000000003,0.018252101006514063,-0.001536821189492828,3.5063612928422851,
5310,53.100000000000001,0.018078633117729725,-0.013349644972467304,8.1999999999999993,
5311,53.109999999999999,0.017883193457857487,-0.022752637555790701,8.1999999999999993,
5312,53.120000000000005,0.017651730073962826,-0.01263639385968229,8.1999999999999993,
5313,53.130000000000003,0.017458622542511234,-0.024114435180452781,8.1999999999999993,
5314,53.140000000000001,0.017285839983373477,-0.00046646410003290967,1.9317641678691588,
5315,53.149999999999999,0.017271323279654197,2.385222380377502e-19,1.0755285551056204e-16,
5316,53.160000000000004,0.017299800517874171,6.2150482912969111e-20,4.7424128324325908e-17,
5317,53.170000000000002,0.01734227550217984,1.5769157140375936e-18,3.1942501583614795e-16,
5318,53.18,0.017446276764969126,-9.3330898565113785e-18,-3.3306690738754696e-16,
5319,53.189999999999998,0.017446907631177053,1.3361043083906928e-20,5.1174342541315809e-17,
5320,53.200000000000003,0.017541226079452115,1.1148821958371205e-17,0,
5321,53.210000000000001,0.017563225784320742,1.1351337151767413e-17,5.4400436714170023e-17,
5322,53.219999999999999,0.017599792715635103,1.2431236044758228e-17,2.918225627496732e-16,
5323,53.230000000000004,0.017609230164223586,-4.2360374207089582e-19,3.1225022567582528e-17,
5324,53.240000000000002,0.017803568416983506,0.0093417413837413536,-8.1999999999999993,
5325,53.25,0.017950243278620673,0.015247041712427903,-8.1999999999999993,
5326,53.259999999999998,0.018146975600664549,0.017810517197387576,-8.1999999999999993,
5327,53.270000000000003,0.018351658104777891,0.014429451657492093,-8.1999999999999993,
5328,53.280000000000001,0.018502723517743108,0.005425530964074405,-6.5881900179484214,
5329,53.289999999999999,0.018528752975777635,-8.0008578682522422e-19,1.1449174941446927e-16,
5330,53.300000000000004,0.018550911429088865,1.2202215904826697e-18,2.5006405831234966e-16,
5331,53.310000000000002,0.018504624123405963,-8.5630031339340208e-21,1.3183898417423734e-16,
5332,53.32,0.018500133235403973,4.8061690072777969e-18,-2.581268532253489e-15,
5333,53.329999999999998,0.018415834713147731,-3.1600645006054568e-18,1.3877787807814457e-16,
5334,53.340000000000003,0.018343224628176613,-4.7416839688965535e-18,-5.0515147620444623e-15,
5335,53.350000000000001,0.018229213509159969,6.5947247662734308e-19,3.3306690738754696e-16,
5336,53.359999999999999,0.018204818801157843,-5.3342337742744343e-20,-9.3675067702747583e-17,
5337,53.370000000000005,0.018182614416806131,-6.0657585983775754e-18,-1.4432899320127035e-15,
5338,53.380000000000003,0.018183677951881159,1.0957625730884964e-20,3.5561831257524545e-17,
5339,53.390000000000001,0.018131064832470886,-4.2119145724719871e-18,-1.8318679906315083e-15,
5340,53.399999999999999,0.018068766949425,1.4579560836991083e-18,3.1918911957973251e-16,
5341,53.410000000000004,0.01799794984172846,3.3909834312214075e-19,1.8041124150158794e-16,
5342,53.420000000000002,0.017974799127689702,1.6281662932699536e-18,-5.5511151231257827e-16,
5343,53.43,0.017996647164157702,3.6575903945103454e-19,1.4918621893400541e-16,
5344,53.439999999999998,0.018151776594655979,0.0020232515809132066,-4.0231843914125616,
5345,53.450000000000003,0.01820704867661389,1.7512525250535215e-18,-4.163336342344337e-17,
5346,53.460000000000001,0.018282546104325927,4.0408702195903621e-18,6.5863552563888406e-16,
5347,53.469999999999999,0.018342297692621599,1.5945613431547591e-18,1.3877787807814457e-17,
5348,53.480000000000004,0.018465172105441668,6.9211473580488693e-06,-0.23530656358117968,
5349,53.490000000000002,0.018605601962716493,0.00082060395805352664,-2.5621927453703055,
5350,53.5,0.018841277800899708,0.032463495785865673,-8.1999999999999993,
5351,53.509999999999998,0.019152028332702031,0.017547685206935372,-8.1999999999999993,
5352,53.520000000000003,0.019413501297026247,0.038557116066754639,-6.5974508994436558,
5353,53.530000000000001,0.019796421098782727,0.020454711777462352,-8.1999999999999993,
5354,53.539999999999999,0.020091706308060467,0.044091935933616558,-5.869193535905544,
5355,53.550000000000004,0.02052977041380051,0.023848741615676752,-8.1999999999999993,
5356,53.560000000000002,0.020833783759482825,0.034789538745394484,-8.1999999999999993,
5357,53.57,0.02108225586026026,0.0020953076044813541,-4.0941984363060406,
5358,53.579999999999998,0.021149094467625331,1.5682054489577557e-18,4.2327252813834093e-16,
5359,53.590000000000003,0.021096491837837662,1.1638853228394019e-19,-3.1225022567582528e-16,
5360,53.600000000000001,0.020973753326603915,-5.981113501620948e-06,0.21874393251696023,
5361,53.609999999999999,0.020886225635769293,1.693223232591536e-18,1.8041124150158794e-16,
5362,53.620000000000005,0.020969767597607696,3.1567624309591777e-18,4.9439668221308351e-16,
5363,53.630000000000003,0.020988201602346549,2.330152582822583e-20,-1.8041124150158794e-16,
5364,53.640000000000001,0.020942589924647703,3.3121725044007121e-19,-1.609823385706477e-15,
5365,53.649999999999999,0.020784480389420271,-0.0023835880716364119,4.3667727869779673,
5366,53.660000000000004,0.020622716720785132,-0.01219891183083144,8.1999999999999993,
5367,53.670000000000002,0.020438697894187063,-0.021638316456647235,8.1999999999999993,
5368,53.68,0.020244553999995727,-0.0050047051140417178,6.3275303960023539,
5369,53.689999999999998,0.020087336091891915,-0.016458295470445753,8.1999999999999993,
5370,53.700000000000003,0.020007485834549924,1.7283644129929316e-18,-1.3877787807814457e-17,
5371,53.710000000000001,0.019952711397305926,3.2417887652281775e-18,-8.8817841970012523e-16,
5372,53.719999999999999,0.019985895421348411,1.0114614791290461e-18,4.3021142204224816e-16,
5373,53.730000000000004,0.019993138866375094,2.1913193142469939e-20,-5.8980598183211441e-17,
5374,53.740000000000002,0.019974933770786938,-9.0586427717778696e-18,-1.1102230246251565e-15,
5375,53.75,0.019935371411679389,-2.6290703315037086e-18,-2.9143354396410359e-16,
5376,53.759999999999998,0.01991048613978616,-2.0087266096804518e-20,-2.7755575615628914e-17,
5377,53.770000000000003,0.019886986160638321,7.4807682317658191e-18,1.27675647831893e-15,
5378,53.780000000000001,0.019916885383049452,-5.6372843605048734e-21,-3.4694469519536142e-18,
5379,53.789999999999999,0.01996096457067769,-4.0400846757265494e-19,2.3523199414537069e-18,
5380,53.800000000000004,0.020062894253171849,-2.3941959526041502e-18,-3.3306690738754696e-16,
5381,53.810000000000002,0.020161385068060336,6.7800399395091742e-18,3.7470027081099033e-16,
5382,53.82,0.020282630046079296,1.6361187928699182e-07,-0.036178654401746224,
5383,53.829999999999998,0.020445906760052576,0.0031283169100424554,-5.0026528242862955,
5384,53.840000000000003,0.020641722796312954,0.027088514865937365,-8.1999999999999993,
5385,53.850000000000001,0.020923741585922934,0.019025969062082638,-8.1999999999999993,
5386,53.859999999999999,0.021155099073880416,0.020470517137576302,-8.1999999999999993,
5387,53.870000000000005,0.021254630305020339,4.418953099833886e-20,1.9428902930940239e-16,
5388,53.880000000000003,0.021318522583928572,1.0985876324983006e-19,1.7745629228554837e-16,
5389,53.890000000000001,0.021300949543626393,2.3062202281722032e-18,-3.9412917374193057e-15,
5390,53.899999999999999,0.02134724929938581,-8.587898543376249e-19,5.5511151231257827e-17,
5391,53.910000000000004,0.021337494185561211,1.8342409598200804e-17,-2.3869795029440866e-15,
5392,53.920000000000002,0.021319125516924584,4.7183488960455584e-20,-1.3530843112619095e-16,
5393,53.93,0.021242518332781752,1.0194379574334004e-17,1.9428902930940239e-15,
5394,53.939999999999998,0.021196684883285036,-9.6642965980044408e-19,-2.2898349882893854e-16,
5395,53.950000000000003,0.021124439885891053,1.5566325606733924e-18,2.9837243786801082e-16,
5396,53.960000000000001,0.02106511616902023,5.9485544767295254e-21,-1.1796119636642288e-16,
5397,53.969999999999999,0.020964285031640897,2.3941959526041502e-18,3.3306690738754696e-16,
5398,53.980000000000004,0.020886731708985209,6.1989611031706393e-20,4.8572257327350599e-17,
5399,53.990000000000002,0.020796436133542144,-4.0119079735823288e-17,-3.3306690738754696e-16,
5400,54,0.020661246766326555,-0.00036462938836301817,1.7079329925099935,
5401,54.009999999999998,0.02046920589303344,-0.013530909530491179,8.1999999999999993,
5402,54.020000000000003,0.02027516209890291,-0.02160648944386025,8.1999999999999993,
5403,54.030000000000001,0.020053231772796297,-0.012033420143870736,8.1999999999999993,
5404,54.039999999999999,0.019874538344446521,-0.019956507788662502,8.1999999999999993,
5405,54.050000000000004,0.019704491201993305,-0.0026075723900028719,4.5673382970854028,
5406,54.060000000000002,0.019549183757388296,-0.010750321749753426,8.1999999999999993,
5407,54.07,0.019374093960968182,-0.02260492495054894,8.1999999999999993,
5408,54.079999999999998,0.019142269054415625,-0.013006456112054776,8.1999999999999993,
5409,54.090000000000003,0.01894164221925072,-0.02622252841128242,8.1999999999999993,
5410,54.100000000000001,0.018685234665626875,-0.013432552442361009,8.1999999999999993,
5411,54.109999999999999,0.01853593133543599,-0.006604176615548742,7.2686596374015178,
5412,54.120000000000005,0.018408155030919558,-0.0086892066876359808,8.1999999999999993,
5413,54.130000000000003,0.018297668593718775,-0.0048363088896831588,6.2201664863141133,
5414,54.140000000000001,0.018195928641797393,-0.0015247705672344798,3.4925870837927353,
5415,54.149999999999999,0.018103627134049224,4.1289194285809573e-18,3.3306690738754696e-16,
5416,54.160000000000004,0.018007775559532094,-5.2257904811773318e-19,4.163336342344337e-17,
5417,54.170000000000002,0.017906166487030223,5.8636429045577644e-18,3.3306690738754696e-16,
5418,54.18,0.017793281777067807,-6.2794214272798845e-18,3.3306690738754696e-16,
5419,54.189999999999998,0.017637218294630486,-0.0021330091156095384,4.1308683015652203,
5420,54.200000000000003,0.017483411135884096,-0.0091578332774659502,8.1999999999999993,
5421,54.210000000000001,0.017346131276129793,-0.01223955168679493,8.1999999999999993,
5422,54.219999999999999,0.017187597545815014,-0.011982004473310414,8.1999999999999993,
5423,54.230000000000004,0.017022173002442846,-0.015028607902583745,8.1999999999999993,
5424,54.240000000000002,0.016829981403593139,-0.016756240869634353,8.1999999999999993,
5425,54.25,0.016645817680734237,-0.010305398313022181,8.1999999999999993,
5426,54.259999999999998,0.016488063831549549,-0.016771333926307096,8.1999999999999993,
5427,54.270000000000003,0.016339161820964305,-0.0023224517270119737,4.3104076160029043,
5428,54.280000000000001,0.016167841173121963,-0.015102421297960144,8.1999999999999993,
5429,54.289999999999999,0.015952206723823852,-0.025644230950734013,8.1999999999999993,
5430,54.300000000000004,0.015707998682217665,-0.011157479904114235,8.1999999999999993,
5431,54.310000000000002,0.015569300472783754,-0.0079558541560284853,7.9778965428380859,
5432,54.32,0.015414528910574182,-0.020905553967658193,8.1999999999999993,
5433,54.329999999999998,0.015172129713542913,-0.019714670994220383,8.1999999999999993,
5434,54.340000000000003,0.015029494658210745,-0.00017830533996989246,1.1943377745676294,
5435,54.350000000000001,0.014901647065586417,-0.00051930627509494095,2.0382468449036133,
5436,54.359999999999999,0.01470166199393903,-0.016966258098505271,8.1999999999999993,
5437,54.370000000000005,0.014468576645084797,-0.026996843319516236,8.1999999999999993,
5438,54.380000000000003,0.01417612753854825,-0.022333669259109491,8.1999999999999993,
5439,54.390000000000001,0.013925400402594742,-0.01921087459985904,8.1999999999999993,
5440,54.399999999999999,0.013719721682730144,-0.011860727846105257,8.1999999999999993,
5441,54.410000000000004,0.013598297459467107,-0.0028079019490107092,4.7395374871484766,
5442,54.420000000000002,0.013462268450581754,-0.0057591424650399155,6.7877197732610712,
5443,54.43,0.013402699198394841,2.0375592642766376e-18,3.3306690738754696e-16,
5444,54.439999999999998,0.013279571865496657,-8.8517535071009635e-06,0.26610905294036818,
5445,54.450000000000003,0.013090819250066294,-0.008615785313171755,8.1999999999999993,
5446,54.460000000000001,0.012923537174162688,-0.027050922123742764,7.2776905743535263,
5447,54.469999999999999,0.012658716940839945,-0.010524472608151128,8.1999999999999993,
5448,54.480000000000004,0.012471953333695595,-0.029163946609886134,7.2247919916645849,
5449,54.490000000000002,0.012204263684415982,-0.008181037310662987,8.0900122673147958,
5450,54.5,0.012051013118845761,-0.020609889091799775,8.1999999999999993,
5451,54.509999999999998,0.011879554096711795,-0.0022648747470873864,4.2566416312274997,
5452,54.520000000000003,0.011723537939764829,-0.010139607851524032,8.1999999999999993,
5453,54.530000000000001,0.011567953375973617,-0.016405927378925697,8.1999999999999993,
5454,54.539999999999999,0.011406429857784846,-0.0049400972588387639,6.2865553422132638,
5455,54.550000000000004,0.011354058799982159,-1.6862581893958896e-18,-4.2327252813834093e-16,
5456,54.560000000000002,0.01126878631307658,3.3574074166979102e-19,6.9388939039072284e-18,
5457,54.57,0.011177108372356203,-4.8820070345363412e-17,-2.7755575615628914e-16,
5458,54.579999999999998,0.01105031431253004,-6.2961015780845512e-05,0.70970988879032926,
5459,54.590000000000003,0.010952744592550481,6.5947247662734308e-19,3.3306690738754696e-16,
5460,54.600000000000001,0.010799449628907758,-0.0018161010212084554,3.8116673739542963,
5461,54.609999999999999,0.010637352158915809,-0.010765143392881267,8.1999999999999993,
5462,54.620000000000005,0.010475642727930631,-0.01698067853737566,8.1999999999999993,
5463,54.630000000000003,0.010278500860466826,-0.01384025824166688,8.1999999999999993,
5464,54.640000000000001,0.010111134955628272,-0.011220773689741188,8.1999999999999993,
5465,54.649999999999999,0.0099420761190833259,-0.018537063049312987,8.1999999999999993,
5466,54.660000000000004,0.0097986819923365116,-0.0006026283436858696,2.1956836633465553,
5467,54.670000000000002,0.0097118108439114212,3.2519310281568677e-18,4.3021142204224816e-16,
5468,54.68,0.0095901095016820877,-1.0596355277933734e-06,0.092071082443738794,
5469,54.689999999999998,0.0095055181794353565,-1.5693581307131646e-18,-3.9551695252271202e-16,
5470,54.700000000000003,0.0094295754710639161,-1.5625895328949356e-18,-4.3715031594615539e-16,
5471,54.710000000000001,0.0092574795477107091,-0.0044809108642025275,5.9872603846517496,
5472,54.719999999999999,0.0091715358024463782,-0.0001332265779324836,1.0323820143047158,
5473,54.730000000000004,0.0092650762734621823,-1.9821392723960617e-18,-2.6367796834847468e-16,
5474,54.740000000000002,0.0093926478072123946,8.0621959310037643e-05,-0.80310377566058411,
5475,54.75,0.00950788774221175,1.0998811872365472e-06,-0.093803248866347944,
5476,54.759999999999998,0.0096693155147893148,0.0029418175925270845,-4.8512411546135992,
5477,54.770000000000003,0.0097409581646559513,-3.2699234827341612e-18,-2.9143354396410359e-16,
5478,54.780000000000001,0.0097034535995036142,-7.7495528539427021e-20,-6.9388939039072284e-17,
5479,54.789999999999999,0.0096593462825444679,-2.6864229073578086e-18,4.0523140398818214e-15,
5480,54.800000000000004,0.0097156664445908082,1.7126358110710409e-18,1.8735013540549517e-16,
5481,54.810000000000002,0.0097486163867350796,4.3896484874567036e-18,1.4369051861296508e-16,
5482,54.82,0.009831295029468199,5.2402277460343924e-18,2.0874187278660695e-16,
5483,54.829999999999998,0.0098693008204510588,5.6801664948337578e-18,-7.7619172486169511e-18,
5484,54.840000000000003,0.0099835864773618263,-1.1067813332488186e-17,-3.3306690738754696e-16,
5485,54.850000000000001,0.010102865433322941,-1.8006707236395414e-17,-3.3306690738754696e-16,
5486,54.859999999999999,0.01021962984374618,8.0141449032566924e-18,-3.3306690738754696e-16,
5487,54.870000000000005,0.010232571053442972,1.9042108628972433e-20,-1.0061396160665481e-16,
5488,54.880000000000003,0.01029232087702198,3.9603773681546447e-19,1.3503058157006714e-16,
5489,54.890000000000001,0.010288345626391599,-4.5737218474234431e-18,3.7747582837255322e-15,
5490,54.899999999999999,0.010347446585286956,4.274801105150367e-19,3.7470027081099033e-16,
5491,54.910000000000004,0.010361929714886847,-2.0809310924561583e-19,-8.3266726846886741e-17,
5492,54.920000000000002,0.010414934097960338,-4.1695904709624374e-18,-3.7358274850269827e-16,
5493,54.93,0.010361356635557064,1.2158196733223966e-19,1.6653345369377348e-16,
5494,54.939999999999998,0.010371403818630666,1.757176661661966e-18,1.7216314441893092e-16,
5495,54.950000000000003,0.010322277273134783,2.2267285560533442e-18,1.609823385706477e-15,
5496,54.960000000000001,0.010342079878440413,2.6049952944510726e-20,-1.2490009027033011e-16,
5497,54.969999999999999,0.010331064055758864,1.0617325832552633e-17,9.9920072216264089e-16,
5498,54.980000000000004,0.010406881493566838,-1.4776724625988378e-18,-2.2898349882893854e-16,
5499,54.990000000000002,0.010438430418521228,-1.3487199663407741e-20,-1.1102230246251565e-16,
5500,55,0.010415157619223434,-2.6627691023381116e-19,-1.3877787807814457e-15,
5501,55.009999999999998,0.010396710847282746,-3.4778911181078984e-19,2.0816681711721685e-16,
5502,55.020000000000003,0.010434663953867633,3.1998062549980507e-19,-4.3376791184126577e-17,
5503,55.030000000000001,0.010404546461296424,-7.619389776723974e-18,1.2212453270876722e-15,
5504,55.039999999999999,0.010349011957671466,1.8242367651775953e-18,2.3592239273284576e-16,
5505,55.050000000000004,0.010289688074487735,1.8290430377814691e-19,3.4694469519536142e-17,
5506,55.060000000000002,0.010339676699792941,-1.3875419973803507e-19,6.5484215780796638e-17,
5507,55.07,0.010307073070605979,4.0448546835362193e-18,-2.9420910152566648e-15,
5508,55.079999999999998,0.010395786082065723,3.3817306104915138e-18,1.0408340855860843e-16,
5509,55.090000000000003,0.010479518848788241,3.2257541775440913e-18,2.1049734187237048e-16,
5510,55.100000000000001,0.010632757308265548,0.0018098969810253832,-3.80515122540525,
5511,55.109999999999999,0.01064355640236799,2.3495201196484299e-19,9.0205620750793969e-17,
5512,55.120000000000005,0.010756690337671966,-4.128919428580958e-18,-3.3306690738754696e-16,
5513,55.130000000000003,0.010787019967433201,4.4636301543219413e-20,4.8572257327350599e-17,
5514,55.140000000000001,0.010994812144106884,0.012872742643767067,-8.1999999999999993,
5515,55.149999999999999,0.011149072359949516,0.0091617750244451252,-8.1999999999999993,
5516,55.160000000000004,0.011305778507424409,0.01991140204142192,-8.1999999999999993,
5517,55.170000000000002,0.011490157204346305,0.0051552900891346735,-6.4220184298300973,
5518,55.18,0.011549824768370682,-1.4188996534347384e-18,1.9428902930940239e-16,
5519,55.189999999999998,0.011606396988049399,-1.019820796585682e-18,-1.1895114946583623e-16,
5520,55.200000000000003,0.011550167436053095,-1.1173424558366069e-17,-3.6082248300317588e-15,
5521,55.210000000000001,0.011531905224094512,1.1499540638985092e-20,9.7144514654701197e-17,
5522,55.219999999999999,0.011434374624815931,-2.4608668293579283e-17,1.4432899320127035e-15,
5523,55.230000000000004,0.011363331034658336,-6.6982389647211109e-21,1.5265566588595902e-16,
5524,55.240000000000002,0.011307344421963681,8.6373134059604907e-18,-3.8857805861880479e-16,
5525,55.25,0.011150619872276257,-0.0022124420480459689,4.2070816945202969,
5526,55.259999999999998,0.011017483158954785,-0.0042317198167373376,5.8183982790711992,
5527,55.270000000000003,0.010909435154413102,-0.0020149062555146484,4.0148785839819805,
5528,55.280000000000001,0.010823509747179116,5.8636429045577644e-18,3.3306690738754696e-16,
5529,55.289999999999999,0.010728697850288018,5.2686163648135983e-19,1.3877787807814457e-16,
5530,55.300000000000004,0.010662513750523281,-2.3454431053948057e-19,-5.3845816694320092e-15,
5531,55.310000000000002,0.010617230943024579,-7.1912244896964199e-19,2.2204460492503131e-16,
5532,55.32,0.010622447330127726,9.2604982351696581e-20,3.4694469519536142e-18,
5533,55.329999999999998,0.010614456099676825,-2.6866155369670888e-18,-3.3584246494910985e-15,
5534,55.340000000000003,0.010584640735457408,-4.7478057938071886e-20,1.1796119636642288e-16,
5535,55.350000000000001,0.010566864886898389,-2.4324176046118317e-18,-1.4432899320127035e-15,
5536,55.359999999999999,0.010546308829134224,3.2720779160537396e-19,-2.7755575615628914e-17,
5537,55.370000000000005,0.010494190747131702,1.9779650757153372e-18,-5.5511151231257827e-16,
5538,55.380000000000003,0.010458349508365147,-1.603177060199094e-18,-4.163336342344337e-16,
5539,55.390000000000001,0.010355844831970244,6.5947247662734308e-19,3.3306690738754696e-16,
5540,55.399999999999999,0.010283789624937504,-1.4186485348733486e-18,5.5511151231257827e-17,
5541,55.410000000000004,0.010155957555281352,-8.7017925945830803e-05,0.83435208848940023,
5542,55.420000000000002,0.0101177094563988,9.7640823423860445e-19,1.5265566588595902e-16,
5543,55.43,0.010077108057454575,-5.3442498629737413e-18,5.5511151231257827e-16,
5544,55.439999999999998,0.009992118391137346,-2.302795798938308e-19,-6.9388939039072284e-17,
5545,55.450000000000003,0.0099301036138633812,2.7630704491423498e-18,-2.1649348980190553e-15,
5546,55.460000000000001,0.0098868898013698431,-1.5282912640975603e-18,-1.8041124150158794e-16,
5547,55.469999999999999,0.0098561500476543624,2.6388936156522788e-18,-6.6613381477509392e-16,
5548,55.480000000000004,0.0098600190450803971,-5.6970274224923786e-20,5.2041704279304213e-18,
5549,55.490000000000002,0.0098642912959636259,-4.7924686892357593e-20,4.5338879855260755e-19,
5550,55.5,0.0098828228145998332,2.2138849150711547e-20,3.0861178006781361e-17,
5551,55.509999999999998,0.0099233169058160504,-1.2292127549500308e-18,-2.7007159084177708e-16,
5552,55.520000000000003,0.0099187027284920078,-1.2133408444025263e-19,-9.540979117872439e-17,
5553,55.530000000000001,0.0099170342140441053,1.1606342392890797e-17,-6.3837823915946501e-16,
5554,55.539999999999999,0.0099162512795360931,-2.469087357271512e-20,-4.0766001685454967e-17,
5555,55.550000000000004,0.0099175076629581718,-4.4171725323716235e-19,-4.3426845305204958e-17,
5556,55.560000000000002,0.0099163581732482058,1.2706903420566793e-17,-1.4432899320127035e-15,
5557,55.57,0.0099238100708528513,-1.9575140971473972e-19,6.0715321659188248e-17,
5558,55.579999999999998,0.009977837000779843,-4.2471636609099305e-19,-8.7662771607890832e-17,
5559,55.590000000000003,0.010023591383922512,-1.2993991259925003e-19,7.6196354463771111e-17,
5560,55.600000000000001,0.010165292335310471,0.00076252856026891617,-2.469864061472073,
5561,55.609999999999999,0.010326448178739615,0.0070831864229221209,-7.5276484630578331,
5562,55.620000000000005,0.010455088663235147,0.0095566920322770355,-8.1999999999999993,
5563,55.630000000000003,0.010612105216874496,0.018752557140509281,-8.1999999999999993,
5564,55.640000000000001,0.010803437497757319,0.0085997942710657332,-8.1999999999999993,
5565,55.649999999999999,0.010988522172919951,0.037247111513035829,-4.3642931382644541,
5566,55.660000000000004,0.011289984995541048,0.0026393846179651259,-4.5951144647028155,
5567,55.670000000000002,0.011423397471087433,0.0049166220630900781,-6.271600792837555,
5568,55.68,0.011556348491273714,0.0080906617563384579,-8.0452031702566504,
5569,55.689999999999998,0.011618719057649085,-1.6229125425681413e-18,-3.8163916471489756e-16,
5570,55.700000000000003,0.01169565598296041,-2.2766390641760761e-19,-2.3592239273284576e-16,
5571,55.710000000000001,0.011890634130526512,0.0095052762280471471,-8.1999999999999993,
5572,55.719999999999999,0.012060681848252472,0.024850737587385124,-8.0565774111679556,
5573,55.730000000000004,0.012333750121083837,0.019981416816167899,-8.1999999999999993,
5574,55.740000000000002,0.012602467094814659,0.032431869402763172,-8.1999999999999993,
5575,55.75,0.01290336548038566,0.015079243790913943,-8.1999999999999993,
5576,55.759999999999998,0.013107252242345779,0.02092160667825918,-8.1999999999999993,
5577,55.770000000000003,0.013243635288407772,4.5446979513030782e-18,-3.3306690738754696e-16,
5578,55.780000000000001,0.013364919173946697,2.0958783000387266e-07,-0.04094755963474811,
5579,55.789999999999999,0.01336637194873962,-2.7375649977943609e-20,4.3368086899420177e-18,
5580,55.800000000000004,0.013466619828407547,-1.1067813332488186e-17,-3.3306690738754696e-16,
5581,55.810000000000002,0.013409550022866574,2.0078732885629801e-19,9.0205620750793969e-17,
5582,55.82,0.013334349083401481,-5.6594013456979481e-18,2.4980018054066022e-15,
5583,55.829999999999998,0.013272407287517671,-3.9575211660134299e-19,-2.2204460492503131e-16,
5584,55.840000000000003,0.013198477430809995,-3.1751964919624588e-18,-4.3715031594615539e-16,
5585,55.850000000000001,0.013117383861475212,-3.4063957872628995e-18,-2.3592239273284576e-16,
5586,55.859999999999999,0.013080630625031644,-7.6054885075508655e-20,6.9388939039072284e-18,
5587,55.870000000000005,0.012994635404710981,-2.9643009980753988e-17,1.3877787807814457e-15,
5588,55.880000000000003,0.0129143232788954,-1.3944385698692988e-18,-4.3715031594615539e-16,
5589,55.890000000000001,0.012763715505493623,-0.0015326878294050345,3.5016428480415116,
5590,55.899999999999999,0.012627724494601276,-0.0036981704811396661,5.4392429481608318,
5591,55.910000000000004,0.012498021793316206,-0.0055479847783750881,6.6621226517530197,
5592,55.920000000000002,0.012438147389548045,-1.5517770168724927e-19,3.4694469519536142e-16,
5593,55.93,0.01238457629461036,-1.7425748779023086e-18,-3.8163916471489756e-16,
5594,55.939999999999998,0.012330505358756082,7.7003166386419143e-20,8.3266726846886741e-17,
5595,55.950000000000003,0.012238085341680029,-4.9087898091253051e-17,5.0515147620444623e-15,
5596,55.960000000000001,0.012156071507215286,3.697460865444035e-18,1.1102230246251565e-16,
5597,55.969999999999999,0.012154200228744503,1.0304745344498246e-17,3.6359804056473877e-15,
5598,55.980000000000004,0.01212788539895239,5.2371276117411688e-20,-1.0061396160665481e-16,
5599,55.990000000000002,0.012033067877018723,-5.1200752275676874e-17,-7.2164496600635175e-16,
5600,56,0.011914957771128231,-8.0141449032566924e-18,3.3306690738754696e-16,
5601,56.009999999999998,0.011831495796285691,-1.4906379151402698e-18,1.5265566588595902e-16,
5602,56.020000000000003,0.0117542058352876,-9.0203023859257095e-18,3.3861802251067274e-15,
5603,56.030000000000001,0.011686656323792489,-3.8016881866218332e-19,-2.0816681711721685e-16,
5604,56.039999999999999,0.011610564512158189,-1.0053727294183794e-17,2.0539125955565396e-15,
5605,56.050000000000004,0.011460096312778079,-0.0015186153906688103,3.4855305371421581,
5606,56.060000000000002,0.01136685279827461,4.1289194285809565e-18,3.3306690738754696e-16,
5607,56.07,0.011464070068650817,6.6159756803743815e-18,3.3306690738754696e-16,
5608,56.079999999999998,0.011654125484600404,0.0082583783993400543,-8.1281625964740947,
5609,56.090000000000003,0.011849547182518462,0.045386323142295029,-1.4108037270284812,
5610,56.100000000000001,0.012307378241005746,0.018542749829422844,-8.1999999999999993,
5611,56.109999999999999,0.012550431133485465,0.026169449708868291,-8.1999999999999993,
5612,56.120000000000005,0.012776878955746937,0.0060728108417216885,-6.9701138250227661,
5613,56.130000000000003,0.012921937799067765,0.013890835521303055,-8.1999999999999993,
5614,56.140000000000001,0.013084871319454811,0.0097073597772817499,-8.1999999999999993,
5615,56.149999999999999,0.013136433381758053,-1.5735443804336811e-18,-1.1796119636642288e-16,
5616,56.160000000000004,0.013197219614487856,-5.6429574195253438e-18,-3.9615050229679204e-16,
5617,56.170000000000002,0.013268581135850884,-2.0644778692254048e-18,-3.3306690738754696e-16,
5618,56.18,0.013335539421382856,-1.0187579551666454e-20,1.5265566588595902e-16,
5619,56.189999999999998,0.013367087854342806,2.6578424885404964e-18,1.413565369644852e-16,
5620,56.200000000000003,0.013377995511945665,4.4355332096064755e-18,1.6471433817365536e-16,
5621,56.210000000000001,0.013333339689166421,3.899566241019114e-18,1.4988010832439613e-15,
5622,56.219999999999999,0.013284089926113874,8.2728907770541746e-19,1.457167719820518e-16,
5623,56.230000000000004,0.01323721286463714,4.1991599725598365e-18,1.6653345369377348e-16,
5624,56.240000000000002,0.013198268310300139,8.7073678238874086e-19,6.106226635438361e-16,
5625,56.25,0.013151235954551923,5.069872455142258e-20,1.5265566588595902e-16,
5626,56.259999999999998,0.012998694166765695,-0.0017342686709148488,3.7248019232328029,
5627,56.270000000000003,0.012783645770971939,-0.029413050335045949,8.1999999999999993,
5628,56.280000000000001,0.012425559547770779,-0.039672232021464818,8.1999999999999993,
5629,56.289999999999999,0.011986256751750454,-0.041637742973606118,8.1999999999999993,
5630,56.300000000000004,0.011541110763521347,-0.038955666229429989,8.1999999999999993,
5631,56.310000000000002,0.011145971686397147,-0.029302561939040364,8.1999999999999993,
5632,56.32,0.010825740346986886,-0.026120979502611365,8.1999999999999993,
5633,56.329999999999998,0.01062422260116147,-0.00205963942681494,4.0592013271725653,
5634,56.340000000000003,0.010529749015698238,-3.4951124246439693e-05,0.52878066716880623,
5635,56.350000000000001,0.010560953679400836,8.6358573683879045e-19,0,
5636,56.359999999999999,0.010584817851989121,1.0644782432952224e-19,-1.4677563733031399e-16,
5637,56.370000000000005,0.010638570647173601,2.3861063225595343e-18,6.2242343809772951e-16,
5638,56.380000000000003,0.010707557786314879,2.1241065990914854e-18,3.4694469519536142e-16,
5639,56.390000000000001,0.010790967237009182,1.3943725153233929e-18,1.457167719820518e-16,
5640,56.399999999999999,0.010895619562535361,-5.8636429045577644e-18,-3.3306690738754696e-16,
5641,56.410000000000004,0.010923322052391007,-3.639566988614391e-19,-6.9388939039072284e-17,
5642,56.420000000000002,0.010972387059239398,-1.3683153259417939e-19,-7.1081915102979297e-18,
5643,56.43,0.010958222995378545,-9.5562486482093783e-18,-2.7755575615628914e-15,
5644,56.439999999999998,0.01096948797523066,-4.7868317517589997e-19,9.0205620750793969e-17,
5645,56.450000000000003,0.01100337172896158,-3.8278495733731737e-19,9.1954922117198685e-17,
5646,56.460000000000001,0.011078127060886052,-2.2500473413165897e-19,1.6001977286207436e-16,
5647,56.469999999999999,0.011197498566662863,-2.3210877664325835e-17,-3.3306690738754696e-16,
5648,56.480000000000004,0.011375351955724951,0.005549724546834109,-6.6631671429338226,
5649,56.490000000000002,0.011548267843567777,0.024098486342516698,-8.1999999999999993,
5650,56.5,0.011756631449937801,0.0049080079394845412,-6.2661043333060098,
5651,56.509999999999998,0.011909198533166993,0.014584685032541126,-8.1999999999999993,
5652,56.520000000000003,0.01208466931428917,0.012178077842592869,-8.1999999999999993,
5653,56.530000000000001,0.012225386785579492,0.0065437485769785069,-7.2353291988566806,
5654,56.539999999999999,0.012393919994947558,0.024441561615343256,-8.1999999999999993,
5655,56.550000000000004,0.012587350855997154,0.0022330958053428883,-4.2266732122016668,
5656,56.560000000000002,0.012788470524298854,0.025798563000269472,-8.1999999999999993,
5657,56.57,0.013047973733235092,0.015007896188243835,-8.1999999999999993,
5658,56.579999999999998,0.01327272579286673,0.030195157888315189,-8.095456618316323,
5659,56.590000000000003,0.013548841764047592,0.011823359845745512,-8.1999999999999993,
5660,56.600000000000001,0.013719499779817781,0.017408225634689675,-8.1999999999999993,
5661,56.609999999999999,0.0139085543747587,0.010472299409812695,-8.1999999999999993,
5662,56.620000000000005,0.014086293345770124,0.024852000039898462,-8.1999999999999993,
5663,56.630000000000003,0.014280941298839254,0.0020937556720450213,-4.0926819295371848,
5664,56.640000000000001,0.014228139419016239,-7.0764274547814907e-19,-1.5265566588595902e-16,
5665,56.649999999999999,0.014497696150712232,0.032835766276771615,-8.1999999999999993,
5666,56.660000000000004,0.014688959942291724,-4.1289194285809573e-18,-3.3306690738754696e-16,
5667,56.670000000000002,0.014759175849828813,1.8059037687518152e-18,-6.9388939039072284e-18,
5668,56.68,0.014900123785671213,0.00070933945945005734,-2.3821661729611714,
5669,56.689999999999998,0.01501933296562021,0.00058506315284120457,-2.1634475317718271,
5670,56.700000000000003,0.015133975576990118,0.0002345630031526733,-1.3698554760343891,
5671,56.710000000000001,0.015181515525728698,3.6274936909758463e-20,-1.7347234759768071e-16,
5672,56.719999999999999,0.015227031977559251,-3.8417528571502559e-18,-5.4592477455780533e-16,
5673,56.730000000000004,0.015292501943710474,1.9894210040968969e-19,1.8735013540549517e-16,
5674,56.740000000000002,0.015373394061813473,9.4183247707144424e-19,2.813102767895481e-17,
5675,56.75,0.015460178487722253,6.752588686659312e-17,2.2204460492503131e-15,
5676,56.759999999999998,0.015656410707580993,0.0098269898227436193,-8.1999999999999993,
5677,56.770000000000003,0.015833442259790536,0.027053101381583684,-7.5870550619575523,
5678,56.780000000000001,0.016127362474788937,0.019333686033392132,-8.1999999999999993,
5679,56.789999999999999,0.016368388950842909,0.023140992549799864,-8.1999999999999993,
5680,56.800000000000004,0.016600105014993594,0.012015504969309008,-8.1999999999999993,
5681,56.810000000000002,0.0167835763041994,0.022000560719019475,-8.1999999999999993,
5682,56.82,0.016998084422972407,0.0092965037148902956,-8.1999999999999993,
5683,56.829999999999998,0.017139606322882375,0.013424054048943531,-8.1999999999999993,
5684,56.840000000000003,0.017263047721429371,0.0016548122676438605,-3.6384746998090955,
5685,56.850000000000001,0.017358514776991261,9.2108471409549664e-06,-0.27145308457936951,
5686,56.859999999999999,0.017430803436122456,-3.2979083052216518e-20,1.7347234759768071e-16,
5687,56.870000000000005,0.01755696221094602,5.0122742634422265e-05,-0.63323134877813669,
5688,56.880000000000003,0.01768260002055632,0.00018158727618581628,-1.2052793076654595,
5689,56.890000000000001,0.017804666093280724,0.0002253894054939398,-1.3428012674820899,
5690,56.899999999999999,0.017848803893016619,-1.7978177019048238e-18,-3.8857805861880479e-16,
5691,56.910000000000004,0.017815325080827553,5.9010934701134763e-20,-4.3021142204224816e-16,
5692,56.920000000000002,0.017670731545123424,-0.00098416165496658802,2.8059389230225067,
5693,56.93,0.017575214017742018,-1.3218315331187114e-17,3.3306690738754696e-16,
5694,56.939999999999998,0.017509655701002262,-3.1732188579541773e-18,-1.9428902930940239e-16,
5695,56.950000000000003,0.017542155500890964,-3.8493509766272159e-18,7.1886607592223451e-17,
5696,56.960000000000001,0.017622431635267534,-3.0814437134774879e-18,-2.215847488108885e-16,
5697,56.969999999999999,0.017765162538528546,0.00083829758320783034,-2.5896680609032932,
5698,56.980000000000004,0.017967307047289677,0.019583750236259398,-8.1999999999999993,
5699,56.990000000000002,0.018197137098259156,0.018608012923418647,-8.1999999999999993,
5700,57,0.018425023578252282,0.020300797380972867,-8.1999999999999993,
5701,57.009999999999998,0.018596783682774225,0.0025596510320246867,-4.5251749420544556,
5702,57.020000000000003,0.018739535561821823,0.0069936222694705142,-7.4799049563322733,
5703,57.030000000000001,0.018889842745237487,0.017371452394528045,-8.1999999999999993,
5704,57.039999999999999,0.019013393155362546,1.8237522608969102e-05,-0.38196882185821018,
5705,57.050000000000004,0.019136056808779698,4.3773508084111773e-05,-0.591766900622959,
5706,57.060000000000002,0.01928453477630529,0.0018765579359612682,-3.8745920414529,
5707,57.07,0.019431398577747318,0.006647379098585854,-7.2923955452708986,
5708,57.079999999999998,0.019583040426483032,0.01732265729149169,-8.1999999999999993,
5709,57.090000000000003,0.019736943376588691,0.0025625639981140392,-4.5277491079908847,
5710,57.100000000000001,0.019916049886599563,0.018490613243705458,-8.1999999999999993,
5711,57.109999999999999,0.020164633496042639,0.028630279115948686,-8.1999999999999993,
5712,57.120000000000005,0.020445195193124092,0.015860853233447388,-8.1999999999999993,
5713,57.130000000000003,0.02058081268556311,0.0013382371589439365,-3.2719867468483934,
5714,57.140000000000001,0.020641684660873169,1.7445844267124312e-19,-1.3877787807814457e-17,
5715,57.149999999999999,0.020700420332983267,4.3284333316858353e-19,-4.4294003836824245e-17,
5716,57.160000000000004,0.020736303871344106,-1.6879904523332318e-18,-2.0669543017019656e-16,
5717,57.170000000000002,0.020753553407296225,-3.227799005756343e-18,-6.8973378199799345e-17,
5718,57.18,0.020837585657882206,-5.9342092016397913e-18,-5.3507378985466179e-16,
5719,57.189999999999998,0.020987607364920367,0.0014740272835347995,-3.4339799458177405,
5720,57.200000000000003,0.021160692940377937,0.013018592970133374,-8.1999999999999993,
5721,57.210000000000001,0.021393420318048587,0.0439319737827151,-3.6208694053925723,
5722,57.219999999999999,0.021828749356053383,0.018733660355361614,-8.1999999999999993,
5723,57.230000000000004,0.022035931200807862,0.013261822052369447,-8.1999999999999993,
5724,57.240000000000002,0.022228673487868222,0.021906761745415473,-8.1999999999999993,
5725,57.25,0.022446061763473635,0.010236559309132297,-8.1999999999999993,
5726,57.259999999999998,0.022625555735990222,0.026640420136945793,-7.7940336806414168,
5727,57.270000000000003,0.022832349398699599,0.0017124977484059708,-3.7013486713963832,
5728,57.280000000000001,0.023011815072684058,0.015856568689280624,-8.1999999999999993,
5729,57.289999999999999,0.023179130805013246,0.0071551552634958968,-7.5657942152801905,
5730,57.300000000000004,0.023346177688326992,0.025113470112472027,-8.0410964521989285,
5731,57.310000000000002,0.0235934114215029,0.012108196050824629,-8.1999999999999993,
5732,57.32,0.023778592631921738,0.022429176056444847,-8.1999999999999993,
5733,57.329999999999998,0.023925501510860061,1.075250999349464e-18,-3.3306690738754696e-16,
5734,57.340000000000003,0.024033789465267925,-1.2802536808464993e-17,-3.3306690738754696e-16,
5735,57.350000000000001,0.024066155524210469,1.664806294250031e-20,-2.2898349882893854e-16,
5736,57.359999999999999,0.024089517219310762,3.8906112394707168e-19,8.6736173798840355e-17,
5737,57.370000000000005,0.024096108245717889,1.2092597206765709e-18,3.3180724402165667e-17,
5738,57.380000000000003,0.024100089239720665,1.5247747633892961e-18,2.6613701247418639e-17,
5739,57.390000000000001,0.024072087935713648,1.8783949756976269e-18,1.8873791418627661e-15,
5740,57.399999999999999,0.024075086055571546,3.8899313786806778e-21,-1.0234868508263162e-16,
5741,57.410000000000004,0.024174639114720599,-7.5983663805345715e-18,-3.3306690738754696e-16,
5742,57.420000000000002,0.024293130966759183,-6.5947247662734308e-19,-3.3306690738754696e-16,
5743,57.43,0.024398402552121553,-4.1289194285809573e-18,-3.3306690738754696e-16,
5744,57.439999999999998,0.024519230712066308,-6.5947247662734308e-19,-3.3306690738754696e-16,
5745,57.450000000000003,0.024642020530068011,6.3279986902545414e-06,-0.22499775448227322,
5746,57.460000000000001,0.024821306915891992,0.0062982520406476717,-7.0983108078740358,
5747,57.469999999999999,0.024979046799960051,0.019157128176372069,-8.1999999999999993,
5748,57.480000000000004,0.025199860696535698,0.016627535424427266,-8.1999999999999993,
5749,57.490000000000002,0.025400993815890987,0.015940135815738589,-8.1999999999999993,
5750,57.5,0.025565897983853832,0.0063978784139397974,-7.1542314270310259,
5751,57.509999999999998,0.025702807371810011,0.011494420410551147,-8.1999999999999993,
5752,57.520000000000003,0.025796257836141114,0.00012562801218245161,-1.0025089014366331,
5753,57.530000000000001,0.025870625073545105,1.738188881947996e-18,-1.9428902930940239e-16,
5754,57.539999999999999,0.026000703610984225,0.00015202903308105811,-1.1028292091926355,
5755,57.550000000000004,0.026159005560942222,0.0039081853396801102,-5.5915545886131639,
5756,57.560000000000002,0.026361676293535634,0.03357077950380933,-6.915960727531326,
5757,57.57,0.026701360755794538,0.018068972152738366,-8.1999999999999993,
5758,57.579999999999998,0.026965121123040017,0.037518807466343784,-7.0131955055851636,
5759,57.590000000000003,0.02732675747756529,0.018240965399830483,-8.1999999999999993,
5760,57.600000000000001,0.027554021011374736,0.021016830256244012,-8.1999999999999993,
5761,57.609999999999999,0.027729578244429263,0.0024978815718926769,-4.4702407737325922,
5762,57.620000000000005,0.027785195910563072,-1.3089238560494095e-18,-3.1918911957973251e-16,
5763,57.630000000000003,0.027792865206612626,-2.1869587303442069e-20,1.7347234759768071e-17,
5764,57.640000000000001,0.027796560104438404,3.3274793096079407e-19,2.6137255402976287e-17,
5765,57.649999999999999,0.027743999283302078,7.043326296462778e-18,3.8857805861880479e-16,
5766,57.660000000000004,0.027708882298390643,-1.7349464432432709e-18,-3.3306690738754696e-16,
5767,57.670000000000002,0.027696014883927731,1.6593710990476926e-19,2.0816681711721685e-16,
5768,57.68,0.027794490487032045,1.3039159747034015e-17,-1.5543122344752192e-15,
5769,57.689999999999998,0.028002847421302483,0.013025465667440644,-8.1999999999999993,
5770,57.700000000000003,0.028207867285313867,0.02825796254665968,-8.084349080213423,
5771,57.710000000000001,0.02848162399634746,0.014152885067160005,-8.1999999999999993,
5772,57.719999999999999,0.028685430122239741,0.023696693534497264,-8.1999999999999993,
5773,57.730000000000004,0.028910385083411219,0.0092679588482238156,-8.1999999999999993,
5774,57.740000000000002,0.029056380819640716,0.015195929993412601,-8.1999999999999993,
5775,57.75,0.029215536174580874,0.0061684650655695504,-7.0247932727274192,
5776,57.759999999999998,0.029346878282612322,0.0093078180812246978,-8.1999999999999993,
5777,57.770000000000003,0.029451344593421133,0.0027367376893124378,-4.6790919540547069,
5778,57.780000000000001,0.029556837446637597,0.00084912888390567326,-2.6063443884577837,
5779,57.789999999999999,0.02968150809474443,0.0011811817545415841,-3.073996427508122,
5780,57.800000000000004,0.029779429770220141,5.9301180456041576e-07,-0.06887738697485718,
5781,57.810000000000002,0.029844188257498249,1.4554758012797564e-18,-2.2898349882893854e-16,
5782,57.82,0.029939882926650084,2.5747423501946466e-19,-2.7755575615628914e-17,
5783,57.829999999999998,0.030048941671882292,-1.9741430712372221e-17,-3.3306690738754696e-16,
5784,57.840000000000003,0.030186537330216343,0.00049526595204391869,-1.9905093861500234,
5785,57.850000000000001,0.030369533059135412,0.011762557956411613,-8.1999999999999993,
5786,57.859999999999999,0.030557474624448806,0.024863951586211321,-8.1999999999999993,
5787,57.870000000000005,0.030767620029098986,0.0044067758104003292,-5.9375252827421834,
5788,57.880000000000003,0.03078475103752306,9.1377506932657775e-19,-7.6327832942979512e-17,
5789,57.890000000000001,0.030717043388769585,5.0774423459744403e-18,-3.3861802251067274e-15,
5790,57.899999999999999,0.030578496703832968,-0.00055221746499329943,2.1018419826300887,
5791,57.910000000000004,0.030393367836294344,-0.012696161282308598,8.1999999999999993,
5792,57.920000000000002,0.030180592165510594,-0.033607255735636221,6.6240090519865475,
5793,57.93,0.029890833935064795,-0.0062658594754368968,7.0800336018620111,
5794,57.939999999999998,0.029720120967132061,-0.024827276328595656,8.1999999999999993,
5795,57.950000000000003,0.029509965538060741,-0.0044468775777521743,5.9644799121144967,
5796,57.960000000000001,0.029365162674711419,-0.011115366054053702,8.1999999999999993,
5797,57.969999999999999,0.029317807682119067,1.6455388383773558e-18,-3.5388358909926865e-16,
5798,57.980000000000004,0.029293557211778707,5.581539309945335e-21,6.9388939039072284e-18,
5799,57.990000000000002,0.029409259894975365,-1.45372602844418e-17,-3.3306690738754696e-16,
5800,58,0.029487244566231047,1.439111408492122e-19,1.5265566588595902e-16,
5801,58.009999999999998,0.029617571298177655,0.00016028835809578999,-1.1323898907912928,
5802,58.020000000000003,0.029693718827464365,-3.4098418575998919e-19,1.8041124150158794e-16,
5803,58.030000000000001,0.02970461596154424,1.3217264767109543e-18,1.735785971843789e-16,
5804,58.039999999999999,0.029694208413352095,2.7873617068083724e-19,-1.7208456881689926e-15,
5805,58.050000000000004,0.02977572725186458,3.170615800795623e-21,4.0245584642661925e-16,
5806,58.060000000000002,0.029909135644481027,0.0002804592529241624,-1.497889856896466,
5807,58.07,0.030051954465371997,0.0021610493038658647,-4.1579315086863682,
5808,58.079999999999998,0.030201587332112406,0.0080190904979690752,-8.009539561282697,
5809,58.090000000000003,0.030348595142213889,0.017652104500209376,-8.1999999999999993,
5810,58.100000000000001,0.030548555834815954,0.013286261453377369,-8.1999999999999993,
5811,58.109999999999999,0.030716518666970963,0.012679964777435477,-8.1999999999999993,
5812,58.120000000000005,0.0308989150530425,0.019498307160678945,-8.1999999999999993,
5813,58.130000000000003,0.031125379644907594,0.017695137317318685,-8.1999999999999993,
5814,58.140000000000001,0.031366957319483635,0.028243910612568413,-8.1999999999999993,
5815,58.149999999999999,0.031665220896386251,0.021561203100889652,-8.1999999999999993,
5816,58.160000000000004,0.031925372902025906,0.024224321841213536,-8.1999999999999993,
5817,58.170000000000002,0.032149738799706867,0.0082800790644686362,-8.1388348377239499,
5818,58.18,0.032307103079082203,0.022696881805230263,-8.1999999999999993,
5819,58.189999999999998,0.032464047366337019,0.00010166245984197993,-0.9018312917258301,
5820,58.200000000000003,0.032588418343825198,0.00021809537235168482,-1.3208947644734947,
5821,58.210000000000001,0.032711885767665608,0.00033248612965030552,-1.6309166248470248,
5822,58.219999999999999,0.032894810040185019,0.010732931436101611,-8.1999999999999993,
5823,58.230000000000004,0.033019252722224335,0.0048865344115162383,-6.2523815696204847,
5824,58.240000000000002,0.033210139408575833,0.030982292038147206,-7.2389962741444549,
5825,58.25,0.033545065052606772,0.02209395406265835,-8.1999999999999993,
5826,58.259999999999998,0.033834076658318141,0.034167196217607686,-8.1999999999999993,
5827,58.270000000000003,0.034189217565124205,0.026787326991286432,-8.1999999999999993,
5828,58.280000000000001,0.034485842768442784,0.02409991091907333,-8.1999999999999993,
5829,58.289999999999999,0.03474386229452351,0.017774566335496008,-8.1999999999999993,
5830,58.300000000000004,0.034939447762747565,0.011695418340935659,-8.1999999999999993,
5831,58.310000000000002,0.035113356962865397,0.019053231027703052,-8.1999999999999993,
5832,58.32,0.035336359836449831,0.017574330884228079,-8.1999999999999993,
5833,58.329999999999998,0.035550154453983254,0.017966191985845016,-8.1999999999999993,
5834,58.340000000000003,0.035769325711071817,0.018858950132347653,-8.1999999999999993,
5835,58.350000000000001,0.035978753324036342,0.01369033354728778,-8.1999999999999993,
5836,58.359999999999999,0.036159496725414547,0.016103059989841923,-8.1999999999999993,
5837,58.370000000000005,0.036318674970769682,0.0048496023481887484,-6.2287092391208958,
5838,58.380000000000003,0.036412213041883509,0.00068067696212531438,-2.3335414496002684,
5839,58.390000000000001,0.036526239032163538,0.00026628953022953629,-1.4595602905794136,
5840,58.399999999999999,0.036618897312738458,5.9923940594542451e-19,-4.4408920985006262e-16,
5841,58.410000000000004,0.036738134647531555,-4.1289194285809573e-18,-3.3306690738754696e-16,
5842,58.420000000000002,0.036902256539930914,0.0032016615601211727,-5.0609576644118848,
5843,58.43,0.036972909523492532,-1.6707132934596706e-18,-2.8449465006019636e-16,
5844,58.439999999999998,0.037035808806411948,3.4948159397399916e-18,4.8572257327350599e-17,
5845,58.450000000000003,0.037089204521769684,1.380710028202886e-18,-5.1503959648635067e-16,
5846,58.460000000000001,0.037164044401579548,-2.0394235299506791e-19,-5.5511151231257827e-17,
5847,58.469999999999999,0.037177344716095198,-1.328729448376414e-18,-8.4431937248968061e-17,
5848,58.480000000000004,0.037246599419889476,-1.6360275019325581e-18,-2.044119810180419e-16,
5849,58.490000000000002,0.037252878654468087,-3.7904316517011163e-18,-2.0714668661723544e-16,
5850,58.5,0.037237399647244603,-6.5472891047720941e-18,-2.3314683517128287e-15,
5851,58.509999999999998,0.037219774890983208,-3.5468684467863874e-20,-1.2490009027033011e-16,
5852,58.520000000000003,0.037197664678163461,7.1711144585398992e-19,-4.2743586448068527e-15,
5853,58.530000000000001,0.037150838892595864,4.6926112546512189e-20,3.4694469519536142e-16,
5854,58.539999999999999,0.037118438934872773,1.6502762246252174e-18,2.7061686225238191e-16,
5855,58.550000000000004,0.037071395452152454,1.6408457679532996e-18,2.7061686225238191e-16,
5856,58.560000000000002,0.037012781563793444,4.0070749253348374e-19,-6.2450045135165055e-17,
5857,58.57,0.036966988607058604,-5.7965761519220323e-18,2.3869795029440866e-15,
5858,58.579999999999998,0.036944408384106397,-8.9343034063027301e-20,1.4224732503009818e-16,
5859,58.590000000000003,0.03693076220257515,1.2173790899605292e-17,2.8310687127941492e-15,
5860,58.600000000000001,0.036939714690158915,-2.2552050661359184e-19,-3.4694469519536142e-17,
5861,58.609999999999999,0.036965829688224136,-3.6661298593843394e-19,9.6780913392094448e-17,
5862,58.620000000000005,0.037051458780761548,6.5855944519282218e-17,3.9412917374193057e-15,
5863,58.630000000000003,0.037145158910282292,-3.7583319126314369e-19,5.5511151231257827e-17,
5864,58.640000000000001,0.037275954263116216,0.00017646302626233632,-1.1881515939048755,
5865,58.649999999999999,0.037424766402000743,0.0025854933455525626,-4.5479607259100723,
5866,58.660000000000004,0.037537410037531485,0.001480231829022412,-3.4411995920288141,
5867,58.670000000000002,0.037635432888645667,2.3477919614611002e-05,-0.43338592145666965,
5868,58.68,0.037706638517472961,1.7112481890687584e-18,7.6327832942979512e-17,
5869,58.689999999999998,0.037761286332363912,6.2006348356729763e-18,4.1075112459812646e-16,
5870,58.700000000000003,0.037807150642187218,-7.825353186427987e-19,4.3021142204224816e-16,
5871,58.710000000000001,0.037817138116839531,-3.8688881344097096e-19,-6.9388939039072284e-17,
5872,58.719999999999999,0.037843036280803752,-3.6616160929195569e-19,6.0892675286906839e-17,
5873,58.730000000000004,0.037819471698612252,-2.5752312583977153e-18,-6.106226635438361e-16,
5874,58.740000000000002,0.037848746200207777,8.381083798676795e-20,-6.9388939039072284e-17,
5875,58.75,0.037851987776108056,-6.4859557148747006e-19,-8.5639979718421684e-17,
5876,58.759999999999998,0.037951832932043662,-1.9741430712372221e-17,-3.3306690738754696e-16,
5877,58.770000000000003,0.038053365787318029,2.8099744753262711e-18,-3.3306690738754696e-16,
5878,58.780000000000001,0.038217046772815136,0.0031374703773828813,-5.00996636905509,
5879,58.789999999999999,0.038341965356066279,0.0038505971713838879,-5.5502051647728443,
5880,58.800000000000004,0.038508334762880896,0.017342175518975458,-8.1999999999999993,
5881,58.810000000000002,0.038636245956586754,0.00013075393007213652,-1.0227567846644099,
5882,58.82,0.038756190791161903,0.00010096290948565127,-0.89872313639140944,
5883,58.829999999999998,0.038793843698626186,-1.6610683808963372e-18,-3.7470027081099033e-16,
5884,58.840000000000003,0.038920180817020991,5.358170134128549e-05,-0.65471643535983148,
5885,58.850000000000001,0.039071798474662162,0.0023221190624913932,-4.3100988967692064,
5886,58.859999999999999,0.039266475328876511,0.023530460665295981,-8.1999999999999993,
5887,58.870000000000005,0.039466919163169419,0.0040782020542148873,-5.7118837902848734,
5888,58.880000000000003,0.03958983187355531,0.0044816558199695707,-5.9877580578841521,
5889,58.890000000000001,0.039641616447830659,1.0475639184907427e-19,-1.9428902930940239e-16,
5890,58.899999999999999,0.039639499983806593,1.4917530611133534e-17,-2.0816681711721685e-15,
5891,58.910000000000004,0.039585054797275331,2.4257991092705127e-18,2.0816681711721685e-16,
5892,58.920000000000002,0.039521481081054292,6.0038100138381465e-18,-1.6653345369377348e-15,
5893,58.93,0.039391717296913223,-0.00014186149661492506,1.0653130868056655,
5894,58.939999999999998,0.039275659234652968,-2.6192628098181639e-05,0.45775651255380195,
5895,58.950000000000003,0.039162506903085266,2.3941959526041502e-18,3.3306690738754696e-16,
5896,58.960000000000001,0.039057733876361876,4.1289194285809565e-18,3.3306690738754696e-16,
5897,58.969999999999999,0.038955483470972795,-4.5446979513030782e-18,3.3306690738754696e-16,
5898,58.980000000000004,0.038881850023641286,-1.5985850913126509e-18,1.3877787807814457e-17,
5899,58.990000000000002,0.038838929646020197,-5.5609484977200214e-18,-2.1094237467877974e-15,
5900,59,0.038791987255801998,1.3802467922776789e-19,3.2612801348363973e-16,
5901,59.009999999999998,0.038757031356047536,2.956019476814068e-20,-2.4286128663675299e-16,
5902,59.020000000000003,0.038725621686791084,1.5558581063519595e-20,1.457167719820518e-16,
5903,59.030000000000001,0.038755680359411807,4.9253933025033598e-19,-3.2329595322136822e-18,
5904,59.039999999999999,0.038753854895110455,1.6986028489770306e-17,8.6042284408449632e-16,
5905,59.050000000000004,0.03881626157372825,-1.5510457903119223e-18,-3.2612801348363973e-16,
5906,59.060000000000002,0.038824300609048616,1.1455201423519537e-19,1.0234868508263162e-16,
5907,59.07,0.038849760949960024,6.843066201589102e-20,6.0163553435990886e-17,
5908,59.079999999999998,0.038829017881809584,-1.2729506799065459e-17,5.5511151231257827e-16,
5909,59.090000000000003,0.038801838360460111,-6.0927657662948276e-20,2.0816681711721685e-17,
5910,59.100000000000001,0.038778576628317511,-9.5011967604253003e-18,-2.1649348980190553e-15,
5911,59.109999999999999,0.038765685235127433,1.127380154757518e-21,1.0755285551056204e-16,
5912,59.120000000000005,0.038756511615197442,2.2148987501653367e-18,-2.1094237467877974e-15,
5913,59.130000000000003,0.038735031798336782,1.0696673668576628e-19,-1.0755285551056204e-16,
5914,59.140000000000001,0.038706341598913022,-7.5557142664962619e-18,4.6074255521943996e-15,
5915,59.149999999999999,0.038680313749663325,3.4312117636709848e-19,6.591949208711867e-17,
5916,59.160000000000004,0.038630363634003954,-3.9889885509384631e-18,-1.6653345369377348e-15,
5917,59.170000000000002,0.038546510788940898,3.9967020628403385e-19,4.0245584642661925e-16,
5918,59.18,0.038421521808603615,-3.0258319360494491e-05,0.49200259641994681,
5919,59.189999999999998,0.038297465956992571,-9.4955570825316555e-05,0.87157590983375677,
5920,59.200000000000003,0.038155474055324448,-0.0014472007227737016,3.4025881005772116,
5921,59.210000000000001,0.038044713140917438,-0.00054403112028250384,2.0862044392292933,
5922,59.219999999999999,0.037996186781411638,8.680920006979108e-20,-2.8449465006019636e-16,
5923,59.230000000000004,0.037973893133519926,4.3517652751190282e-19,2.1163626406917047e-16,
5924,59.240000000000002,0.03795568176609828,1.8451630383700578e-17,2.3869795029440866e-15,
5925,59.25,0.037902982570303757,-9.5836130441667919e-19,4.2327252813834093e-16,
5926,59.259999999999998,0.03774366409936749,-0.0025382344484486991,4.5062041218291027,
5927,59.270000000000003,0.037626167006330119,-0.0020471831179857177,4.0469080720824051,
5928,59.280000000000001,0.037486061947037339,-0.0054051179610164167,6.5757846442938908,
5929,59.289999999999999,0.037367858489781497,-0.004763971766958924,6.1734734255256489,
5930,59.300000000000004,0.037242087278195495,-0.0059020953518828167,6.8714454676627179,
5931,59.310000000000002,0.037138471275298665,-0.0023458131185902231,4.3320324270164221,
5932,59.32,0.037024819198386398,-0.001416788301217187,3.3666461664002489,
5933,59.329999999999998,0.036902555283750936,-0.0015621495566650963,3.5351374023255073,
5934,59.340000000000003,0.036770510516509002,-0.0030807542906637958,4.9644772459253312,
5935,59.350000000000001,0.03660442900050713,-0.01537306253946626,8.1999999999999993,
5936,59.359999999999999,0.036428167818000637,-0.010725313890933143,8.1999999999999993,
5937,59.370000000000005,0.03626941951604367,-0.015955539244504654,8.1999999999999993,
5938,59.380000000000003,0.036095065335526616,-0.0089681828759899627,8.1999999999999993,
5939,59.390000000000001,0.035910151627920009,-0.035231628490372369,5.1015952082801226,
5940,59.399999999999999,0.03560825632305864,-0.0044615771177081865,5.9743298320117448,
5941,59.410000000000004,0.035436262736935092,-0.020988523522471575,8.1999999999999993,
5942,59.420000000000002,0.035225513587470517,-0.010016960670830003,8.1999999999999993,
5943,59.43,0.035045481441240027,-0.027803467389704,7.4444222088579579,
5944,59.439999999999998,0.034814087466402723,-0.0034326196022468865,5.2403202972695357,
5945,59.450000000000003,0.034642624599235831,-0.018171841477770543,8.1999999999999993,
5946,59.460000000000001,0.034449876192222673,-0.010079187434622026,8.1999999999999993,
5947,59.469999999999999,0.034311629187674664,-0.010267734568148055,8.1999999999999993,
5948,59.480000000000004,0.034152626092643891,-0.017374743141027674,8.1999999999999993,
5949,59.490000000000002,0.033948537645922261,-0.015200227044171259,8.1999999999999993,
5950,59.5,0.033745682437478684,-0.020187047470200056,8.1999999999999993,
5951,59.509999999999998,0.033483561943384595,-0.028884006206461706,8.1999999999999993,
5952,59.520000000000003,0.033180251422175053,-0.021799482950180811,8.1999999999999993,
5953,59.530000000000001,0.032907813751207687,-0.028164971172347661,8.1999999999999993,
5954,59.539999999999999,0.032618153533221478,-0.019202144292412009,8.1999999999999993,
5955,59.550000000000004,0.032394438715372911,-0.017468256970849878,8.1999999999999993,
5956,59.560000000000002,0.032222326581389175,-0.0057903792632228706,6.8061027104932075,
5957,59.57,0.032077353707006109,-0.013410561788848757,8.1999999999999993,
5958,59.579999999999998,0.031910660755006044,-0.011970085665669237,8.1999999999999993,
5959,59.590000000000003,0.031795659981818894,-0.0017335893780150561,3.724072370956351,
5960,59.600000000000001,0.0317039932330875,-2.8099744753262703e-18,3.3306690738754696e-16,
5961,59.609999999999999,0.03165336799679238,-1.914103082376234e-18,-4.163336342344337e-16,
5962,59.620000000000005,0.031599973721014807,-5.2863556821764756e-20,2.5673907444456745e-16,
5963,59.630000000000003,0.031530402254083739,1.5827271048941302e-18,3.4000580129145419e-16,
5964,59.640000000000001,0.031394990985965397,-0.00037586513373621424,1.734047597354162,
5965,59.649999999999999,0.031298774803828928,-4.5446979513030782e-18,3.3306690738754696e-16,
5966,59.660000000000004,0.031182719637672964,-1.0752509993494634e-18,3.3306690738754696e-16,
5967,59.670000000000002,0.031010250251871152,-0.0045464517636243217,6.0308883349797302,
5968,59.68,0.030940158972631759,3.3250983032761902e-18,-5.5511151231257827e-17,
5969,59.689999999999998,0.030867191377229784,5.735238914247713e-18,4.0523140398818214e-15,
5970,59.700000000000003,0.030780370848855015,7.8820062419656602e-20,-3.1918911957973251e-16,
5971,59.710000000000001,0.030733993549688726,-1.7598378038864168e-18,-2.2204460492503131e-16,
5972,59.719999999999999,0.030624606108877846,7.5983663805345715e-18,3.3306690738754696e-16,
5973,59.730000000000004,0.030528391117540399,4.1075389959211555e-18,7.6327832942979512e-16,
5974,59.740000000000002,0.030456289119324173,-1.4472933109997222e-18,3.1918911957973251e-16,
5975,59.75,0.030419515752246055,-1.0447091204888743e-18,-1.5265566588595902e-16,
5976,59.759999999999998,0.030345823022053423,-8.0860880103874617e-18,1.0547118733938987e-15,
5977,59.770000000000003,0.030268850102125343,1.790835624282772e-18,3.9551695252271202e-16,
5978,59.780000000000001,0.030238553469171467,5.288604438640637e-20,2.0122792321330962e-16,
5979,59.789999999999999,0.030183689076407037,-5.2550178015450702e-18,4.9960036108132044e-16,
5980,59.800000000000004,0.030102205074245672,-2.1344029479017121e-19,1.3183898417423734e-16,
5981,59.810000000000002,0.029984803690436018,1.6271983760418607e-17,3.3306690738754696e-16,
5982,59.82,0.029899409850641358,-1.4047051601940287e-18,3.4694469519536142e-16,
5983,59.829999999999998,0.029827285452590124,-1.6865345476968489e-18,6.9388939039072284e-17,
5984,59.840000000000003,0.029783268375030279,4.5871452756582717e-19,-6.106226635438361e-16,
5985,59.850000000000001,0.029784750433651325,2.2292286206794685e-20,2.4286128663675299e-17,
5986,59.859999999999999,0.029825961856433499,-9.5315024508276582e-19,-2.6887699381055779e-16,
5987,59.870000000000005,0.029764074915140586,-2.0989488375209361e-19,-4.3715031594615539e-16,
5988,59.880000000000003,0.029690324347054382,1.8717903279910408e-18,3.6082248300317588e-16,
5989,59.890000000000001,0.029605882614307102,-1.053407126336724e-19,-3.6082248300317588e-16,
5990,59.899999999999999,0.029558040487780542,-2.4193496095543081e-18,-3.4694469519536142e-16,
5991,59.910000000000004,0.02958854963711887,5.0967909699514835e-19,1.8735013540549517e-16,
5992,59.920000000000002,0.029594444734008754,2.4553725090153682e-18,1.9855522263558859e-16,
5993,59.93,0.029574856546381926,5.9113474248304137e-18,2.1094237467877974e-15,
5994,59.939999999999998,0.029512930100457406,-1.7917973746058684e-18,-1.3877787807814457e-17,
5995,59.950000000000003,0.029401930390839631,7.5983663805345715e-18,3.3306690738754696e-16,
5996,59.960000000000001,0.029324031064374322,-1.3129705073821536e-19,-2.0122792321330962e-16,
5997,59.969999999999999,0.029203760593339543,9.3330898565113785e-18,3.3306690738754696e-16,
5998,59.980000000000004,0.029131804748137979,3.1676818116408698e-20,2.5673907444456745e-16,
5999,59.990000000000002,0.029069398834743101,3.8615952265135535e-19,-9.7144514654701197e-17,
6000,60,0.029015041723175605,-1.6115644466364906e-18,8.8817841970012523e-16,
6001,60.009999999999998,0.029041494671311303,-5.8315104932304839e-20,8.6736173798840355e-17,
6002,60.020000000000003,0.028857024040236844,-0.006939694767732354,7.4510105450105799,
6003,60.030000000000001,0.028743969496223248,-0.0048688093995331453,6.2410315810982055,
6004,60.039999999999999,0.028675073124939596,2.9138447778022624e-19,-5.5511151231257827e-17,
6005,60.050000000000004,0.028595985106859578,-2.6519865713082579e-18,1.2212453270876722e-15,
6006,60.060000000000002,0.028557797848632424,7.0365685451452223e-19,2.4286128663675299e-16,
6007,60.07,0.028549478695553441,-1.2968151828350003e-19,-7.2858385991025898e-17,
6008,60.079999999999998,0.028554947924155145,-1.056556013377059e-18,-7.970974668918628e-17,
6009,60.090000000000003,0.028543243230507612,-2.4769672908707181e-18,9.9920072216264089e-16,
6010,60.100000000000001,0.028554565387280663,4.558402470392967e-19,1.6653345369377348e-16,
6011,60.109999999999999,0.028560286623636067,2.0307271773418998e-18,1.2499096705764887e-16,
6012,60.120000000000005,0.028527069910670402,1.780157559432383e-18,-1.609823385706477e-15,
6013,60.130000000000003,0.028436688420897038,-1.7615066912542175e-18,-9.0205620750793969e-17,
6014,60.140000000000001,0.028270248279737765,-0.0035502937757372582,5.329385537367143,
6015,60.149999999999999,0.028139654628495343,-0.0055619010112419962,6.6704728535491382,
6016,60.160000000000004,0.028048027530697728,-0.00073683364292303924,2.4278939728464848,
6017,60.170000000000002,0.027960754314360733,-3.9665655385367119e-18,-4.8572257327350599e-16,
6018,60.18,0.027931020012764179,2.9221998251849474e-20,-2.0816681711721685e-17,
6019,60.189999999999998,0.027993359860729615,4.2534063500722633e-19,-1.0934611888374851e-16,
6020,60.200000000000003,0.028035214652032972,-9.5448952485565563e-19,-3.0333270678025095e-16,
6021,60.210000000000001,0.028120927496561289,1.9269297770845568e-18,3.7470027081099033e-16,
6022,60.219999999999999,0.028152145615008693,-8.008424741806563e-19,-4.8572257327350599e-17,
6023,60.230000000000004,0.028147731132122274,-1.7351028368672457e-17,-3.3306690738754696e-16,
6024,60.240000000000002,0.028117115796871602,-3.5433645413490259e-19,9.0205620750793969e-17,
6025,60.25,0.02803051100923919,-2.6617040357199101e-17,4.9404924595819466e-15,
6026,60.259999999999998,0.027985136744285294,6.6475834545479398e-19,4.2327252813834093e-16,
6027,60.270000000000003,0.028020067820099182,8.0532595820139092e-19,3.8857805861880479e-16,
6028,60.280000000000001,0.028092999107241702,-2.254748649775251e-19,2.7755575615628914e-16,
6029,60.289999999999999,0.028167315627434967,1.5190682544111114e-18,1.457167719820518e-16,
6030,60.300000000000004,0.02824442716004498,1.8170641395489841e-18,-4.9219185488364447e-17,
6031,60.310000000000002,0.02833155724856451,5.6318181541741991e-17,1.6653345369377348e-16,
6032,60.32,0.028427201815892662,3.0193704690208322e-17,3.8857805861880479e-15,
6033,60.329999999999998,0.028511422073487579,1.5388406906170467e-18,1.1102230246251565e-16,
6034,60.340000000000003,0.028603165752505943,2.2707799188397213e-17,1.8873791418627661e-15,
6035,60.350000000000001,0.028688389152689321,1.6459115986363512e-20,6.9388939039072284e-17,
6036,60.359999999999999,0.028765976188827432,3.9360104868828193e-19,-1.2900176252582968e-17,
6037,60.370000000000005,0.028814658484242656,1.5639941520722532e-18,3.2976226540842025e-16,
6038,60.380000000000003,0.028869818747064048,5.717854482686886e-20,-3.4694469519536142e-17,
6039,60.390000000000001,0.0289598112918475,4.5282134594417023e-17,3.8857805861880479e-15,
6040,60.399999999999999,0.029107359113889841,0.0012388119937728516,-3.1480940186377553,
6041,60.410000000000004,0.029179789093624366,-1.3189158986308882e-20,-2.7755575615628914e-16,
6042,60.420000000000002,0.029231859036494605,-3.8906657829423289e-20,2.0816681711721685e-17,
6043,60.43,0.029301226720555542,-4.5665072569340499e-19,-2.6588147137956274e-17,
6044,60.439999999999998,0.02931706417829643,-9.6104539133908999e-19,-1.1573388179882153e-16,
6045,60.450000000000003,0.029356879454349394,-1.2624941565501171e-18,-9.3566361237311985e-17,
6046,60.460000000000001,0.029359356036237339,-2.2733063665291125e-18,-9.6905957889339422e-17,
6047,60.469999999999999,0.029355020351268694,-6.1939147392346409e-18,2.0539125955565396e-15,
6048,60.480000000000004,0.029451293018414804,4.7568169277578029e-19,-3.0531133177191805e-16,
6049,60.490000000000002,0.029614516801476958,0.0030716156101935426,-4.9571085202513299,
6050,60.5,0.029781630977226043,0.015703752490748603,-8.1999999999999993,
6051,60.509999999999998,0.029970905171388916,0.014147977254719784,-8.1999999999999993,
6052,60.520000000000003,0.030169578380101866,0.021601217136634102,-8.1999999999999993,
6053,60.530000000000001,0.03032811763924697,0.00044780167774510212,-1.8927264519631104,
6054,60.539999999999999,0.030508648731438409,0.010794945495294526,-8.1999999999999993,
6055,60.550000000000004,0.030706956129670147,0.034216479815737555,-5.9303830604996648,
6056,60.560000000000002,0.031040685114303173,0.012939721428721936,-8.1999999999999993,
6057,60.57,0.031248212784340843,0.029846792307147266,-7.6676851800316914,
6058,60.579999999999998,0.031530228090909593,0.012147383515155949,-8.1999999999999993,
6059,60.590000000000003,0.031698128818271068,0.015492482210559582,-8.1999999999999993,
6060,60.600000000000001,0.031887970619303582,0.014824877873576985,-8.1999999999999993,
6061,60.609999999999999,0.032114607602514056,0.031862032257882027,-7.6348591697419161,
6062,60.620000000000005,0.032462586117301288,0.026088616674788682,-8.1999999999999993,
6063,60.630000000000003,0.032736214258068774,0.018495340442669917,-8.1999999999999993,
6064,60.640000000000001,0.032989482845487798,0.030678567135483188,-8.1999999999999993,
6065,60.649999999999999,0.033282605886601244,0.015820279008034774,-8.1999999999999993,
6066,60.660000000000004,0.033501472439828497,0.024688597586186471,-8.1999999999999993,
6067,60.670000000000002,0.033764139913703958,0.017993092457736601,-8.1999999999999993,
6068,60.68,0.033980019888901723,0.017671803566668726,-8.1999999999999993,
6069,60.689999999999998,0.034232945059365548,0.033616514578094059,-7.9084546716498352,
6070,60.700000000000003,0.03458167852405615,0.024458702396416791,-8.1999999999999993,
6071,60.710000000000001,0.034870621157703827,0.027055731737221859,-8.1999999999999993,
6072,60.719999999999999,0.035171953223689593,0.025022116061735232,-8.1999999999999993,
6073,60.730000000000004,0.035431299731188776,0.016379024052654366,-8.1999999999999993,
6074,60.740000000000002,0.035623360053195115,0.013537097815323704,-8.1999999999999993,
6075,60.75,0.035840665454467575,0.032392483208678345,-7.168699257034179,
6076,60.759999999999998,0.036136905491935503,0.010386771272538226,-8.1999999999999993,
6077,60.770000000000003,0.036347477968396734,0.044245668127255597,-2.5781642760843577,
6078,60.780000000000001,0.036773279882287874,0.015253512006054886,-8.1999999999999993,
6079,60.789999999999999,0.036953733665013686,0.012299193421123173,-8.1999999999999993,
6080,60.800000000000004,0.037084051143916642,0.0039296029243212046,-5.6068550359867215,
6081,60.810000000000002,0.037254129946285727,0.018915055991169095,-8.1999999999999993,
6082,60.82,0.037475161633123664,0.017242649087811639,-8.1999999999999993,
6083,60.829999999999998,0.037717974674628757,0.03037686154610391,-8.1999999999999993,
6084,60.840000000000003,0.038013184525089387,0.016856361612635835,-8.1999999999999993,
6085,60.850000000000001,0.03823620888002565,0.023228836488737678,-8.1999999999999993,
6086,60.859999999999999,0.038450066242154309,0.0071892742184981378,-7.5838112943285436,
6087,60.870000000000005,0.038563236523071399,0.00508945920641783,-6.3808834538285275,
6088,60.880000000000003,0.038590173103689687,3.759062102735108e-19,-2.0816681711721685e-17,
6089,60.890000000000001,0.038662624085099455,-2.1284036645844456e-18,-5.8988761418339194e-16,
6090,60.899999999999999,0.038719348171775678,-2.4607249492954138e-19,-6.9388939039072284e-17,
6091,60.910000000000004,0.038748847782947439,-1.4838816519392068e-18,-2.3509037299346018e-16,
6092,60.920000000000002,0.038733217979904699,-1.769702656925337e-19,-1.3877787807814457e-17,
6093,60.93,0.038703014785017545,1.8269028020675531e-19,-7.7715611723760958e-16,
6094,60.939999999999998,0.038702191565596851,-1.0517939140017886e-20,-3.2959746043559335e-17,
6095,60.950000000000003,0.038750882875323793,-9.6872088765967901e-19,-2.9194761653703224e-16,
6096,60.960000000000001,0.038815847967127934,1.3893901330330816e-18,1.8041124150158794e-16,
6097,60.969999999999999,0.038937081668542366,1.5134820856803316e-07,-0.034796345620543068,
6098,60.980000000000004,0.039109533596895993,0.0046030286383031927,-6.0682970515973871,
6099,60.990000000000002,0.039270085944316732,0.016878296228361098,-8.1999999999999993,
6100,61,0.039486532245747767,0.020675935636253792,-8.1999999999999993,
6101,61.009999999999998,0.039752128071224635,0.028792947507578673,-8.1999999999999993,
6102,61.020000000000003,0.040063902525768275,0.024553283184681762,-8.1999999999999993,
6103,61.030000000000001,0.040372006186768471,0.034221253997760222,-8.1999999999999993,
6104,61.039999999999999,0.040687301023670325,0.015992136000818467,-8.1999999999999993,
6105,61.050000000000004,0.040825492877136035,0.0015420598376153334,-3.5123323733557217,
6106,61.060000000000002,0.040948107857948307,0.001736042995069451,-3.7267068519747584,
6107,61.07,0.041080552016771091,0.0034030711217089222,-5.2177168353285888,
6108,61.079999999999998,0.04118576249687185,0.0011773139145489803,-3.0689593213973776,
6109,61.090000000000003,0.041240878459916003,-1.6799605006656352e-18,-2.9837243786801082e-16,
6110,61.100000000000001,0.041297955131080012,-3.2420930592952692e-19,-2.9143354396410359e-16,
6111,61.109999999999999,0.041372087811526265,-1.6094395432752143e-18,-6.9388939039072284e-17,
6112,61.120000000000005,0.041473842916647935,-1.2802536808464993e-17,-3.3306690738754696e-16,
6113,61.130000000000003,0.041556991067900617,3.1944766598387433e-18,2.0122792321330962e-16,
6114,61.140000000000001,0.041594759904863061,3.9459362784992815e-18,-9.6974366932493542e-17,
6115,61.149999999999999,0.041449424173052196,-0.0010454502692258504,2.8919893073465559,
6116,61.160000000000004,0.041280632136866474,-0.010223385335252338,8.1999999999999993,
6117,61.170000000000002,0.041106439903969852,-0.024096725819245064,8.1999999999999993,
6118,61.18,0.040896276028135108,-0.0052585309233082918,6.4860039613360012,
6119,61.189999999999998,0.040817918130540212,-1.2078804767054505e-05,0.31085436805112393,
6120,61.200000000000003,0.040782064486334757,-1.6604751134326432e-18,-4.2327252813834093e-16,
6121,61.210000000000001,0.040754951007094566,2.5103116584341639e-20,2.1163626406917047e-16,
6122,61.219999999999999,0.04073926211689162,-1.3850200964920984e-17,-1.1102230246251565e-15,
6123,61.230000000000004,0.040696282389519001,7.2816635812554932e-19,2.7061686225238191e-16,
6124,61.240000000000002,0.040621655535005241,-2.0274664702623994e-18,-3.5388358909926865e-16,
6125,61.25,0.04060964494503063,-2.7083455553489854e-20,1.4224732503009818e-16,
6126,61.259999999999998,0.040569847078531673,-6.970672384712328e-18,-2.6090241078691179e-15,
6127,61.270000000000003,0.040479714275695459,-1.5088350166561908e-18,2.0816681711721685e-17,
6128,61.280000000000001,0.040319644479238165,-0.0026368239825017232,4.5928849169137447,
6129,61.289999999999999,0.040177626956922577,-0.0069476457263033288,7.4552777151777958,
6130,61.300000000000004,0.040031649181558354,-0.015599404806964484,8.1999999999999993,
6131,61.310000000000002,0.039929582705424481,6.0831666228091357e-18,2.0816681711721685e-16,
6132,61.32,0.039812237846219768,1.1067813332488186e-17,3.3306690738754696e-16,
6133,61.329999999999998,0.039655576978035199,-0.0022047268099042146,4.1997398108970661,
6134,61.340000000000003,0.039479684169217967,-0.01627627811417251,8.1999999999999993,
6135,61.350000000000001,0.039305196750102772,-0.008385726048278825,8.1905926761273253,
6136,61.359999999999999,0.039215223790310123,-0.0014199186765046549,3.3703633946560108,
6137,61.370000000000005,0.039247246192093674,-9.6662871995958985e-19,1.6653345369377348e-16,
6138,61.380000000000003,0.039421879821483978,0.0049364988446248181,-6.2842653315243266,
6139,61.390000000000001,0.039596164416274948,0.023155053709207042,-8.1999999999999993,
6140,61.399999999999999,0.039842251291030174,0.01609001313163845,-8.1999999999999993,
6141,61.410000000000004,0.040033169098776945,0.013810713757454381,-8.1999999999999993,
6142,61.420000000000002,0.040193381084366965,0.009031468229582864,-8.1999999999999993,
6143,61.43,0.040316930374498024,0.0078151620406660058,-7.9070409335811611,
6144,61.439999999999998,0.040451147776936383,0.012406579026513698,-8.1999999999999993,
6145,61.450000000000003,0.040626921888271293,0.017717895869125658,-8.1999999999999993,
6146,61.460000000000001,0.040824851060713201,0.012522366109929441,-8.1999999999999993,
6147,61.469999999999999,0.040977040264960345,0.0092644480191470882,-8.1999999999999993,
6148,61.480000000000004,0.041125026923069595,0.015982463377307521,-8.1999999999999993,
6149,61.490000000000002,0.041298890682863049,0.0087705478991405798,-8.1999999999999993,
6150,61.5,0.041443137142123603,0.015963168191613922,-8.1999999999999993,
6151,61.509999999999998,0.041666789813269781,0.026250439840199286,-8.1999999999999993,
6152,61.520000000000003,0.041951237800109127,0.021421467859388966,-8.1999999999999993,
6153,61.530000000000001,0.042224387335300415,0.029578575079214728,-8.1999999999999993,
6154,61.539999999999999,0.042545760153162394,0.025884698710065383,-8.1999999999999993,
6155,61.550000000000004,0.042854653720729483,0.030567827418163537,-8.1999999999999993,
6156,61.560000000000002,0.043151521279519128,0.016980611369215054,-8.1999999999999993,
6157,61.57,0.043369445964335888,0.020946027423026883,-8.1999999999999993,
6158,61.579999999999998,0.043571381678189233,0.0077148098890602763,-7.8561109406933776,
6159,61.590000000000003,0.04373574738985006,0.024999607558224848,-7.922125173401608,
6160,61.600000000000001,0.043979763528709935,0.010930223992953788,-8.1999999999999993,
6161,61.609999999999999,0.044158972863556363,0.023842045484238603,-8.1999999999999993,
6162,61.620000000000005,0.044418333886867972,0.018704816910539896,-8.1999999999999993,
6163,61.630000000000003,0.044697236244610646,0.042980814901500658,-5.6863967994693967,
6164,61.640000000000001,0.045158739263718599,0.029880879102674788,-8.1999999999999993,
6165,61.649999999999999,0.045493058312875936,0.02941205175424752,-8.1999999999999993,
6166,61.660000000000004,0.04584420380875448,0.036797843497751503,-8.1999999999999993,
6167,61.670000000000002,0.046283622665220389,0.050425885636638718,-8.1999999999999993,
6168,61.68,0.046805635888605722,0.04432101469269107,-8.1999999999999993,
6169,61.690000000000005,0.047277504517242046,0.041603595971866178,-8.1999999999999993,
6170,61.700000000000003,0.047728061929735728,0.040803917760438416,-8.1999999999999993,
6171,61.710000000000001,0.048168784969111068,0.039395226936995091,-8.1999999999999993,
6172,61.719999999999999,0.048581693847323561,0.033653441767210489,-8.1999999999999993,
6173,61.730000000000004,0.048905155330085062,0.01894828768902998,-8.1999999999999993,
6174,61.740000000000002,0.049150012372632779,0.025678896739862681,-8.1999999999999993,
6175,61.75,0.049454229574375987,0.029390134573245751,-8.1999999999999993,
6176,61.759999999999998,0.049791947524471053,0.031794491272621551,-8.1999999999999993,
6177,61.770000000000003,0.05008374423471345,0.013757448692399419,-8.1999999999999993,
6178,61.780000000000001,0.050294251423739403,0.028097005524661815,-8.1999999999999993,
6179,61.789999999999999,0.05060804787879087,0.026735287757772876,-8.1999999999999993,
6180,61.800000000000004,0.050888970510764228,0.01938507641936792,-8.1999999999999993,
6181,61.810000000000002,0.051155329290940431,0.033520639268593902,-8.1999999999999993,
6182,61.82,0.051498898210646772,0.02465857856380306,-8.1999999999999993,
6183,61.829999999999998,0.051815723529755067,0.037724449632517726,-8.1999999999999993,
6184,61.840000000000003,0.052186002846962322,0.024627606227312526,-8.1999999999999993,
6185,61.850000000000001,0.052463420792514086,0.022713564547799513,-8.1999999999999993,
6186,61.859999999999999,0.05268956042110317,0.011230272340000288,-8.1999999999999993,
6187,61.870000000000005,0.052765016852126548,-3.1755716013898935e-18,-2.7755575615628914e-17,
6188,61.880000000000003,0.05273430509595383,2.859171834325441e-18,-1.4988010832439613e-15,
6189,61.890000000000001,0.052687526808774275,-2.5522209625963188e-20,3.9551695252271202e-16,
6190,61.899999999999999,0.052644839504208008,-7.6442459750029668e-19,4.3715031594615539e-16,
6191,61.910000000000004,0.05265786852532222,-2.3108893049077737e-19,-1.4918621893400541e-16,
6192,61.920000000000002,0.052666838359777014,-1.7360484601022682e-18,-1.6713880093034235e-16,
6193,61.93,0.052767259616355561,-2.3941959526041502e-18,-3.3306690738754696e-16,
6194,61.940000000000005,0.052884459616065305,-7.5983663805345715e-18,-3.3306690738754696e-16,
6195,61.950000000000003,0.053038368537534651,0.0018841915027223899,-3.8824646839062327,
6196,61.960000000000001,0.053191727956204249,0.0083970699561609161,-8.19613077307136,
6197,61.969999999999999,0.053368753726354058,0.033312157759424747,-5.5056992979647594,
6198,61.980000000000004,0.05368862889286085,0.0099935713416812073,-8.1999999999999993,
6199,61.990000000000002,0.053869118630135542,0.028134708191823368,-7.3534853071220914,
6200,62,0.054109360881670301,0.0043277004579639318,-5.8840125478886804,
6201,62.009999999999998,0.054191046536133269,1.2648048011236151e-05,-0.31809492936835138,
6202,62.020000000000003,0.054256934016080414,-1.3853259422425129e-19,-5.5511151231257827e-17,
6203,62.030000000000001,0.054314049200064059,-4.455703550531412e-18,-4.0226402656055444e-16,
6204,62.039999999999999,0.054346005363193194,-4.4579968580127242e-20,-5.5511151231257827e-17,
6205,62.050000000000004,0.054455121747198479,-2.3210877664325835e-17,-3.3306690738754696e-16,
6206,62.060000000000002,0.054658901930818002,0.011798673971561398,-8.1999999999999993,
6207,62.07,0.054860874759372,0.031731928672069316,-6.8855547593032407,
6208,62.079999999999998,0.055156205014436736,0.010150233146646747,-8.1999999999999993,
6209,62.090000000000003,0.055322282274239611,0.02067674254715697,-8.1999999999999993,
6210,62.100000000000001,0.055522287541663613,0.0076516185484819064,-7.8238704224862579,
6211,62.109999999999999,0.05568498809241744,0.024048018720180368,-8.1726715996437918,
6212,62.120000000000005,0.055857538790776928,0.00045258851958525625,-1.9028158493879721,
6213,62.130000000000003,0.055970872111347839,0.00011186234768878352,-0.94599089927454472,
6214,62.140000000000001,0.056051425923279753,1.4669315006643132e-18,-9.7144514654701197e-17,
6215,62.149999999999999,0.05608395708186583,1.3547541729010052e-18,3.6411693525978713e-17,
6216,62.160000000000004,0.056275493277508373,0.0086304810973097616,-8.1999999999999993,
6217,62.170000000000002,0.056342084860853715,-4.195114507529249e-21,-3.1225022567582528e-16,
6218,62.18,0.056402864887625248,1.9832284802912393e-18,4.163336342344337e-17,
6219,62.190000000000005,0.056430668490028452,1.7982762451285231e-18,9.9593004515335849e-17,
6220,62.200000000000003,0.056353960193817852,-3.8240982045013495e-18,-5.3845816694320092e-15,
6221,62.210000000000001,0.056373600842002061,-3.5624893033703991e-19,-1.0408340855860843e-17,
6222,62.219999999999999,0.056384394982270186,-3.173728091473952e-19,2.241674668357104e-17,
6223,62.230000000000004,0.056384678312260392,-1.034534801371116e-19,2.0317075783214167e-17,
6224,62.240000000000002,0.056395956549096911,-1.0154010306847967e-19,2.322292941811931e-17,
6225,62.25,0.056396978396017546,1.5237166336870334e-19,2.5571511997825702e-17,
6226,62.259999999999998,0.056464608667418835,-2.1183685459973741e-18,-5.6238857226504401e-16,
6227,62.270000000000003,0.056483584958130828,4.9426918431939619e-20,-2.0816681711721685e-17,
6228,62.280000000000001,0.056503012388200727,5.7538537114759955e-19,1.5669814901735107e-16,
6229,62.289999999999999,0.056442165221240542,-2.4778750437973903e-18,1.609823385706477e-15,
6230,62.300000000000004,0.056468243302113204,4.2035360448894533e-19,1.9428902930940239e-16,
6231,62.310000000000002,0.056448179332645773,4.938316346967406e-18,3.7192471324942744e-15,
6232,62.32,0.056495631941188076,1.6257946541992804e-18,1.8735013540549517e-16,
6233,62.329999999999998,0.05643261194640857,3.5733279307952075e-18,-3.3306690738754696e-16,
6234,62.340000000000003,0.056402567856432044,-4.8116973846627417e-19,-1.8388068845354155e-16,
6235,62.350000000000001,0.056394324011834612,-9.8492656001702383e-18,-2.7755575615628914e-17,
6236,62.359999999999999,0.056357966805898572,-4.6064328568823559e-18,-4.2743586448068527e-15,
6237,62.370000000000005,0.056306859103232035,1.5238390317921705e-18,4.3715031594615539e-16,
6238,62.380000000000003,0.056297389119782236,2.1105781958532959e-19,1.7694179454963432e-16,
6239,62.390000000000001,0.056273228273344286,-6.2610089912583029e-18,2.3869795029440866e-15,
6240,62.399999999999999,0.056274059170154038,-2.6900933248864933e-21,-1.474514954580286e-17,
6241,62.410000000000004,0.056313388552036235,7.1610207649330059e-19,2.7865939869285461e-16,
6242,62.420000000000002,0.056451291980028497,0.00051336772989381892,-2.0265591131646143,
6243,62.43,0.056596741151337969,0.0031793564592431781,-5.0432976983265032,
6244,62.440000000000005,0.056723328323765199,0.0042236846087378935,-5.8128716543463383,
6245,62.450000000000003,0.056787464070032483,2.1960055768788395e-19,-4.4408920985006262e-16,
6246,62.460000000000001,0.056794584841178442,-1.8458150349078545e-21,5.377642775528102e-17,
6247,62.469999999999999,0.056658790744657121,-0.00039563772629021943,1.7790733009973931,
6248,62.480000000000004,0.056445180402529917,-0.02043780053147284,8.1999999999999993,
6249,62.490000000000002,0.056224864037186316,-0.01378902450426538,8.1999999999999993,
6250,62.5,0.056095667385216812,-0.0021243668423451263,4.1224913267053704,
6251,62.509999999999998,0.055983018619143121,-0.0011484366909766026,3.031087845611347,
6252,62.520000000000003,0.055916505981438248,1.9447009263190537e-18,-2.7755575615628914e-17,
6253,62.530000000000001,0.055867085369059606,-3.0962804078357335e-18,3.3861802251067274e-15,
6254,62.539999999999999,0.055862974684803404,-1.0361955369932377e-20,5.8980598183211441e-17,
6255,62.550000000000004,0.055879498606613426,7.982699463740078e-19,1.1633569964590018e-16,
6256,62.560000000000002,0.055954680500935793,3.1741653174161547e-18,4.8047437304750191e-16,
6257,62.57,0.05603250216762122,-2.5218148200905992e-19,1.0408340855860843e-16,
6258,62.579999999999998,0.05607525904210562,-4.0125585038881762e-19,-5.3140478987623664e-17,
6259,62.590000000000003,0.056116590110673062,-3.9828779559320377e-19,5.106648753990029e-17,
6260,62.600000000000001,0.05619144716135302,-7.8032799113994072e-19,8.9134895042627122e-17,
6261,62.609999999999999,0.056237394372674832,-1.5181200976637044e-18,-3.1428102677787699e-16,
6262,62.620000000000005,0.056323885203344651,-1.6168236368606275e-18,-4.0939474033052647e-16,
6263,62.630000000000003,0.056428172254747146,-2.3210877664325835e-17,-3.3306690738754696e-16,
6264,62.640000000000001,0.056468942136964725,2.5343548260368643e-18,1.9428902930940239e-16,
6265,62.649999999999999,0.056558021443070282,-1.2638009487864941e-17,5.7176485768195562e-15,
6266,62.660000000000004,0.056592278044011617,-9.226715245227839e-19,-4.0245584642661925e-16,
6267,62.670000000000002,0.056533218737469033,2.6535490727337125e-19,-1.3877787807814457e-17,
6268,62.68,0.056494774903058494,-2.336818542289156e-18,-3.8302694349567901e-15,
6269,62.690000000000005,0.056417116472097038,-2.0391808518673856e-19,1.7347234759768071e-16,
6270,62.700000000000003,0.056367089986412752,-1.3616188840690627e-18,-9.9920072216264089e-16,
6271,62.710000000000001,0.056441346939415271,1.4419675408846256e-18,2.7755575615628914e-16,
6272,62.719999999999999,0.056482915806909111,2.8726826051786815e-20,-9.7144514654701197e-17,
6273,62.730000000000004,0.056526451896413053,-1.5131009421186276e-18,-3.1829635121393844e-16,
6274,62.740000000000002,0.056551625944064585,-8.163108041720652e-19,-1.4918621893400541e-16,
6275,62.75,0.056646572107832992,6.576180268323108e-17,5.7176485768195562e-15,
6276,62.759999999999998,0.056707925682000372,1.6430182504827509e-18,-1.1102230246251565e-16,
6277,62.770000000000003,0.056727051440189143,1.7702695242600189e-19,-1.1025776149514084e-16,
6278,62.780000000000001,0.056739170894720581,-1.0313682988166113e-18,-8.6398464163964462e-17,
6279,62.789999999999999,0.056715046933448768,-7.4474445693110355e-18,9.4368957093138306e-16,
6280,62.800000000000004,0.056724155735520219,1.7208568395799642e-19,-3.4694469519536142e-17,
6281,62.810000000000002,0.056782389856430054,1.2163717066257233e-19,1.3250642956734954e-16,
6282,62.82,0.056851784736167303,2.3188502234957004e-18,6.1294560494516256e-16,
6283,62.829999999999998,0.056936428465852201,1.9053346100038852e-18,-4.8572257327350599e-17,
6284,62.840000000000003,0.057008606498220427,-3.9311199927550769e-19,-5.5481502886109145e-16,
6285,62.850000000000001,0.057082155192287147,1.4164433959051667e-19,-1.6653345369377348e-16,
6286,62.859999999999999,0.057138581537665212,-2.095045689802631e-18,-4.7446544685682359e-16,
6287,62.870000000000005,0.057184600726712977,6.6496937093669963e-19,-4.3021142204224816e-16,
6288,62.880000000000003,0.057205072881726264,-6.1699795867542295e-21,-1.1102230246251565e-16,
6289,62.890000000000001,0.057217645685929935,-7.3740903148365314e-19,-1.5669775887349531e-16,
6290,62.899999999999999,0.057193680180494887,2.0350969044204568e-19,5.5511151231257827e-17,
6291,62.910000000000004,0.057176917495502279,4.396477046627868e-18,2.2759572004815709e-15,
6292,62.920000000000002,0.057099006413972558,-1.6092953704744128e-18,-3.1918911957973251e-16,
6293,62.93,0.057014981305202626,3.6704892789861825e-19,5.5511151231257827e-17,
6294,62.940000000000005,0.056882151585128687,-0.00025542070936564431,1.4294634220312008,
6295,62.950000000000003,0.056818672112471824,-4.071391329889189e-19,-3.1918911957973251e-16,
6296,62.960000000000001,0.056692702947156212,-4.6569830841996819e-05,0.61037582417390635,
6297,62.969999999999999,0.056521779830807195,-0.0053583507924133038,6.5472747261212731,
6298,62.980000000000004,0.056365261886414587,-0.016882989957180163,8.1999999999999993,
6299,62.990000000000002,0.056227591995258036,-0.00092871505189894336,2.7257513487461695,
6300,63,0.056108782745168645,-0.00075332504405208869,2.4549135122070371,
6301,63.009999999999998,0.056018876332123532,-1.1483591855210307e-17,3.3306690738754696e-16,
6302,63.020000000000003,0.055939817848460721,-2.0438571825131584e-18,-1.6653345369377348e-16,
6303,63.030000000000001,0.055858461027658485,-1.5020859903590043e-17,-3.8302694349567901e-15,
6304,63.039999999999999,0.055757378449008778,7.5983663805345715e-18,3.3306690738754696e-16,
6305,63.050000000000004,0.055623542214980927,-0.00029970172002766811,1.5484229913758574,
6306,63.060000000000002,0.055512440021382885,-1.2101036600204106e-05,0.31114031047355833,
6307,63.07,0.055423314536661439,2.6210167532742762e-19,-4.163336342344337e-16,
6308,63.079999999999998,0.055364350040437375,1.3899928215597303e-18,2.9837243786801082e-16,
6309,63.090000000000003,0.05532623692863381,-6.0291421223346872e-20,-1.457167719820518e-16,
6310,63.100000000000001,0.055280617812595606,8.8671212795105096e-19,4.163336342344337e-15,
6311,63.109999999999999,0.055283063546823434,3.1284808121540096e-22,-4.163336342344337e-17,
6312,63.120000000000005,0.055250189958500201,5.8249807546451466e-18,1.9984014443252818e-15,
6313,63.130000000000003,0.055159236558988453,-1.5556700154516203e-19,-3.9551695252271202e-16,
6314,63.140000000000001,0.055060258961310782,-8.5459403678093197e-19,6.9388939039072284e-17,
6315,63.149999999999999,0.054957358204226987,1.2802536808464993e-17,3.3306690738754696e-16,
6316,63.160000000000004,0.054840736707339494,1.2802536808464993e-17,3.3306690738754696e-16,
6317,63.170000000000002,0.054710695811894208,-0.00015079500884882728,1.0983442405687815,
6318,63.18,0.054634457503604593,-3.5275942063237959e-18,-4.2327252813834093e-16,
6319,63.190000000000005,0.054525287659405529,5.8636429045577644e-18,3.3306690738754696e-16,
6320,63.200000000000003,0.054367464225768825,-0.0023477080388030138,4.333781756206017,
6321,63.210000000000001,0.054214888932377595,-0.0093155301588097525,8.1999999999999993,
6322,63.219999999999999,0.054061541970405566,-0.017988377913821275,8.1999999999999993,
6323,63.230000000000004,0.05385299417389984,-0.015272735924064577,8.1999999999999993,
6324,63.240000000000002,0.053682727598442337,-0.0091031428175451026,8.1999999999999993,
6325,63.25,0.053535066538281356,-0.016331077609650753,8.1999999999999993,
6326,63.259999999999998,0.053323511127903248,-0.020343066660728385,8.1999999999999993,
6327,63.270000000000003,0.053089617343182134,-0.018208176520626181,8.1999999999999993,
6328,63.280000000000001,0.052875456122168846,-0.016600795617744486,8.1999999999999993,
6329,63.289999999999999,0.052677174095692864,-0.015057305212846204,8.1999999999999993,
6330,63.300000000000004,0.052485451537648387,-0.016519924574595706,8.1999999999999993,
6331,63.310000000000002,0.052284683887794663,-0.016070622457267376,8.1999999999999993,
6332,63.32,0.052112082134545074,-0.0082307975350782471,8.1145782564854212,
6333,63.329999999999998,0.051988293921218211,-0.0091946288887161109,8.1999999999999993,
6334,63.340000000000003,0.051848156720698674,-0.013186764573588848,8.1999999999999993,
6335,63.350000000000001,0.05175213422178937,4.1289194285809573e-18,3.3306690738754696e-16,
6336,63.359999999999999,0.051695803356048696,2.3125244778753106e-19,8.3266726846886741e-17,
6337,63.370000000000005,0.05164870535003542,-9.1302223638226042e-18,-3.4972025275692431e-15,
6338,63.380000000000003,0.051579961461158126,1.5796668486268378e-18,-9.0205620750793969e-17,
6339,63.390000000000001,0.051503995819957488,3.7375758302199325e-18,-6.6613381477509392e-16,
6340,63.399999999999999,0.051429919331732007,-1.6627905388867413e-18,-1.3877787807814457e-17,
6341,63.410000000000004,0.051376186148020829,-6.0312249028446559e-18,-2.0539125955565396e-15,
6342,63.420000000000002,0.051294537475304471,-3.2091792420728396e-18,-2.7755575615628914e-16,
6343,63.43,0.051284063185234353,4.6305669901997984e-19,1.8388068845354155e-16,
6344,63.440000000000005,0.051324871030327596,1.337524858036255e-18,-2.0859128158231127e-17,
6345,63.450000000000003,0.051460830918505493,0.00040435308511648112,-1.7985618368384848,
6346,63.460000000000001,0.051476602070452959,-4.7985577634169051e-19,-9.3675067702747583e-17,
6347,63.469999999999999,0.051545968746341687,-2.989344901939545e-18,-6.3055115147804011e-16,
6348,63.480000000000004,0.051577808438813703,-6.96281033647251e-19,1.2490009027033011e-16,
6349,63.490000000000002,0.05157302703775761,-3.775236281097907e-18,6.3837823915946501e-16,
6350,63.5,0.051544894393754065,-4.2585619592162133e-19,-1.9775847626135601e-16,
6351,63.509999999999998,0.051567853604600145,-3.2049901847313039e-18,-3.8809087469324823e-16,
6352,63.520000000000003,0.051744364903430227,0.0052892539025681546,-6.5049236137363842,
6353,63.530000000000001,0.051879915911493886,0.0094582225952077621,-8.1999999999999993,
6354,63.539999999999999,0.052005615760542946,0.0075584730756863326,-7.776103433307112,
6355,63.550000000000004,0.052141852966044046,0.01281689231835783,-8.1999999999999993,
6356,63.560000000000002,0.052304998897129057,0.012169363920189573,-8.1999999999999993,
6357,63.57,0.052450575759663096,0.0079479706486248556,-7.9739428884961843,
6358,63.579999999999998,0.052525948531701623,0.00011528756902020824,-0.96036480160491999,
6359,63.590000000000003,0.052615849579357055,4.1751194971881653e-19,1.5265566588595902e-16,
6360,63.600000000000001,0.052718778366445215,-7.5983663805345715e-18,-3.3306690738754696e-16,
6361,63.609999999999999,0.052879407747204593,0.0027114934891472584,-4.6574615310465077,
6362,63.620000000000005,0.053003714792754252,0.0032607066397009198,-5.1074115868615237,
6363,63.630000000000003,0.05313564746025861,0.0054776033539488131,-6.6197301177306702,
6364,63.640000000000001,0.053224866146917287,0.00051776076400414546,-2.0352115644406981,
6365,63.649999999999999,0.053237520313965538,2.5711460470680325e-19,2.1857515797307769e-16,
6366,63.660000000000004,0.053261734099593457,2.7945414337567242e-18,2.4460509000722039e-16,
6367,63.670000000000002,0.053317090422273707,-1.0694126119181471e-18,-3.5388358909926865e-16,
6368,63.68,0.053480442280912185,0.0030899907751902708,-4.9719137363315324,
6369,63.690000000000005,0.053680507452377187,0.028906831923643381,-8.1999999999999993,
6370,63.700000000000003,0.053992482990395239,0.024375702433118519,-8.1999999999999993,
6371,63.710000000000001,0.054271418754790857,0.023795701147512945,-8.1999999999999993,
6372,63.719999999999999,0.054553523693656257,0.026318396586525915,-8.1999999999999993,
6373,63.730000000000004,0.054823366031131956,0.016970155567266595,-8.1999999999999993,
6374,63.740000000000002,0.05505347570408016,0.025732506048874268,-8.1999999999999993,
6375,63.75,0.055313077149829741,0.015152528407728077,-8.1999999999999993,
6376,63.759999999999998,0.055504931235625554,0.016329141838199199,-8.1999999999999993,
6377,63.770000000000003,0.055658453626603731,0.0034857995949841526,-5.2807572146306097,
6378,63.780000000000001,0.055812632033994058,0.012335356789747261,-8.1999999999999993,
6379,63.789999999999999,0.055918939556994757,0.00058120908674816666,-2.1563099716843466,
6380,63.800000000000004,0.055948239709757937,-7.9473767050706673e-19,-4.8572257327350599e-17,
6381,63.810000000000002,0.056010713535509883,-2.9749962752011322e-18,-5.7097577929276039e-16,
6382,63.82,0.056047029100510758,-8.2021580316642875e-19,6.9388939039072284e-17,
6383,63.829999999999998,0.056106812961580377,-7.4895061209004116e-19,-7.0212817733025465e-18,
6384,63.840000000000003,0.056299180073852255,0.0088405819977056422,-8.1999999999999993,
6385,63.850000000000001,0.056439889331159565,0.014379110786182845,-8.1999999999999993,
6386,63.859999999999999,0.056621900634757777,0.014828723975238611,-8.1999999999999993,
6387,63.870000000000005,0.056738815634423817,0.00029421049953574745,-1.5341720882241301,
6388,63.880000000000003,0.056846058089957401,-7.5983663805345715e-18,-3.3306690738754696e-16,
6389,63.890000000000001,0.056844719128577734,-1.0824358445377002e-22,-1.1275702593849246e-17,
6390,63.899999999999999,0.056842225968541375,-1.4513420738910148e-18,1.9706458687096529e-15,
6391,63.910000000000004,0.056839717201487408,-5.8397613628045372e-21,-1.0234868508263162e-16,
6392,63.920000000000002,0.056837846045425119,1.0133270522445616e-17,-1.8318679906315083e-15,
6393,63.93,0.05683655500274698,-7.9038032328492445e-22,-4.2500725161431774e-17,
6394,63.940000000000005,0.056848930614607197,-7.5434577721845397e-19,-4.6003847630953381e-17,
6395,63.950000000000003,0.056875055761748297,-8.0031498194084398e-19,2.5743541422651038e-17,
6396,63.960000000000001,0.056913703857725262,-8.2638360594168164e-19,1.1071303835316157e-17,
6397,63.969999999999999,0.056927723545728046,-8.3583075461437448e-19,3.2229254825128637e-17,
6398,63.980000000000004,0.056907988483882295,-4.3467470434096578e-18,-2.7200464103316335e-15,
6399,63.990000000000002,0.056876160432952981,6.7598871933277964e-19,-6.2450045135165055e-17,
6400,64,0.056841739505409911,-1.0370551253725796e-18,4.9960036108132044e-16,
6401,64.010000000000005,0.056834714674772191,-1.9938342127809472e-20,-5.377642775528102e-17,
6402,64.019999999999996,0.056827025797374302,-1.2572128548215353e-17,-1.4710455076283324e-15,
6403,64.030000000000001,0.056806579377531266,1.0307073844627104e-19,2.2204460492503131e-16,
6404,64.040000000000006,0.056843531239218946,9.8683867551287539e-19,3.2612801348363973e-16,
6405,64.049999999999997,0.056898424422877084,-8.5773684815876183e-19,-4.2327252813834093e-16,
6406,64.060000000000002,0.05688758152672254,2.4717226596561786e-20,-1.0408340855860843e-17,
6407,64.070000000000007,0.056903616585088433,5.8244716334858452e-19,1.510487152565631e-16,
6408,64.079999999999998,0.056945214180020721,2.446103885558281e-18,3.1796386901032088e-16,
6409,64.090000000000003,0.05704244737924332,5.4797979252491716e-19,-2.9143354396410359e-16,
6410,64.099999999999994,0.057132575618151514,-3.1461358578562901e-18,-2.9837243786801082e-16,
6411,64.109999999999999,0.057259305919902484,6.1607727902135466e-05,-0.70204118341952348,
6412,64.120000000000005,0.057376318212553019,5.7592221117117407e-06,-0.21464803025803036,
6413,64.129999999999995,0.057488398788606884,9.7488683792334995e-18,-3.3306690738754696e-16,
6414,64.140000000000001,0.057570461759868588,-2.0914639383047935e-18,-1.8041124150158794e-16,
6415,64.150000000000006,0.05765726974840369,4.5070586747081314e-17,1.8873791418627661e-15,
6416,64.159999999999997,0.057705459942499641,-1.8274989362573485e-19,1.2490009027033011e-16,
6417,64.170000000000002,0.057825882655433196,-1.45372602844418e-17,-3.3306690738754696e-16,
6418,64.180000000000007,0.058029836814207057,0.011844862141442127,-8.1999999999999993,
6419,64.189999999999998,0.058162554796805904,0.0050946579088698351,-6.3841415453417607,
6420,64.200000000000003,0.058269080496769217,0.0023296337513755601,-4.3170672928510712,
6421,64.210000000000008,0.058389929659590972,0.0023152726539592047,-4.3037403768900404,
6422,64.219999999999999,0.058470215682575405,3.0386114941986776e-19,-5.8286708792820718e-16,
6423,64.230000000000004,0.058634313725900479,0.0031981721950696523,-5.0581990431928654,
6424,64.239999999999995,0.058685335749310515,-2.5992244017299141e-20,3.4694469519536142e-16,
6425,64.25,0.058659963324916901,-9.2511936210091603e-20,1.457167719820518e-16,
6426,64.260000000000005,0.058652505846687943,-1.7027424489384987e-18,1.2212453270876722e-15,
6427,64.269999999999996,0.058683371207506101,-4.4493472203027045e-19,2.0122792321330962e-16,
6428,64.280000000000001,0.058702298614405714,1.6606284259515217e-18,2.6244685352663189e-16,
6429,64.290000000000006,0.058724227372035767,-2.8744937953541162e-21,1.7347234759768071e-17,
6430,64.299999999999997,0.058726062723373731,1.6639914861708009e-19,1.3048481192141696e-17,
6431,64.310000000000002,0.058691863573568676,1.9750538241537492e-19,-1.8873791418627661e-15,
6432,64.320000000000007,0.058729591949394401,3.4791997539203589e-20,-2.7755575615628914e-17,
6433,64.329999999999998,0.058764597488327269,1.0373531084138766e-18,2.5369518530305151e-16,
6434,64.340000000000003,0.058801647930319487,-7.8821329947614221e-19,-3.4694469519536142e-17,
6435,64.349999999999994,0.058885432384526627,-7.9891188291370163e-19,1.7505628203764587e-16,
6436,64.359999999999999,0.058949257330319547,-7.5736280953557595e-19,1.7734416012315034e-16,
6437,64.370000000000005,0.059030999239533942,2.0502865185878631e-18,4.558718556220051e-16,
6438,64.379999999999995,0.059096754739146225,-1.3170566419858544e-18,-8.3266726846886741e-17,
6439,64.390000000000001,0.059154390923503178,-3.832287649074062e-18,-5.435049337971342e-16,
6440,64.400000000000006,0.059241238744630421,1.7476257720174499e-18,4.163336342344337e-16,
6441,64.409999999999997,0.059392254076841733,0.0015741454773676147,-3.5486848012948258,
6442,64.420000000000002,0.059579669776994443,0.017997338683419448,-8.1999999999999993,
6443,64.430000000000007,0.059803711330087848,0.020491517924736326,-8.1999999999999993,
6444,64.439999999999998,0.060055092559346511,0.023850878661959358,-8.1999999999999993,
6445,64.450000000000003,0.060349128985497838,0.030641963992793547,-8.1999999999999993,
6446,64.460000000000008,0.060685543019920206,0.028355128088203528,-8.1999999999999993,
6447,64.469999999999999,0.061026730991039023,0.035986373993954004,-8.1999999999999993,
6448,64.480000000000004,0.061380938163033381,0.023239621842363486,-8.1999999999999993,
6449,64.489999999999995,0.061710608370707284,0.050748972124314479,-4.7215013734624511,
6450,64.5,0.062217098904248452,0.028182560380472923,-8.1999999999999993,
6451,64.510000000000005,0.06254575110987888,0.031673454128323363,-8.1999999999999993,
6452,64.519999999999996,0.062852349533520271,0.017736449557720451,-8.1999999999999993,
6453,64.530000000000001,0.063029576223986875,0.0065958766075703704,-7.2640906423696929,
6454,64.540000000000006,0.063185239872509652,0.0188570186874512,-8.1999999999999993,
6455,64.549999999999997,0.063330827796231545,0.00062794631679841963,-2.241332312350707,
6456,64.560000000000002,0.063469306755565641,0.0024351744582046665,-4.4137734044281611,
6457,64.570000000000007,0.063605071965217877,0.0051112111893971543,-6.3945046340726996,
6458,64.579999999999998,0.063676588982626556,-1.4044023469698428e-18,-2.7755575615628914e-17,
6459,64.590000000000003,0.063813026727336519,0.00042998779896057473,-1.8546973854741344,
6460,64.599999999999994,0.063927491911079076,0.00013566630371265043,-1.0417919320580284,
6461,64.609999999999999,0.064069203358952803,0.0015722376305882346,-3.5465336660894455,
6462,64.620000000000005,0.064198711101471573,0.0027016937176741595,-4.6490375069893002,
6463,64.629999999999995,0.064326266849583369,0.003830530302264417,-5.5357241999683602,
6464,64.640000000000001,0.064443485338179243,0.0031479022393833172,-5.0182883451498217,
6465,64.650000000000006,0.064575501224772888,0.0053388578480537746,-6.5353548323277906,
6466,64.659999999999997,0.064675848067785396,0.0015931728875349131,-3.5700676604623758,
6467,64.670000000000002,0.064805202714728199,0.0027070869364384108,-4.6536754819719937,
6468,64.680000000000007,0.064900363487667034,0.00017153071109486561,-1.1714289089649961,
6469,64.689999999999998,0.065023011467699926,0.0002381959312564029,-1.3804229243428379,
6470,64.700000000000003,0.06505900423880509,7.5540012254176226e-19,2.2204460492503131e-16,
6471,64.710000000000008,0.065097248217636516,6.6019331855827673e-19,1.1796119636642288e-16,
6472,64.719999999999999,0.065036293435373649,1.2653025531142792e-17,-4.9404924595819466e-15,
6473,64.730000000000004,0.064974069633214684,5.7452923478418024e-20,-2.4980018054066022e-16,
6474,64.739999999999995,0.0649494578480007,7.9980988545887173e-19,2.2204460492503131e-16,
6475,64.75,0.064998825727616186,-1.0258748842839451e-18,1.3877787807814457e-17,
6476,64.760000000000005,0.065043530358870033,-1.624491470241949e-19,3.2313812390413317e-16,
6477,64.769999999999996,0.0650413807844267,-2.5191637773381536e-21,-3.4694469519536142e-17,
6478,64.780000000000001,0.065017263616369572,6.9128035606678546e-18,-4.3853809472693683e-15,
6479,64.790000000000006,0.064983883719529512,-9.1429372180963896e-19,-4.4408920985006262e-16,
6480,64.799999999999997,0.064902646624389854,1.9879801858306102e-19,0,
6481,64.810000000000002,0.064940789186747255,1.4645037355930056e-18,2.233922419671047e-16,
6482,64.820000000000007,0.064988395854538861,2.3226978051418467e-20,1.0408340855860843e-16,
6483,64.829999999999998,0.064937486760283727,-2.7932222374773757e-20,6.106226635438361e-16,
6484,64.840000000000003,0.064889782113113734,-1.7313078412911804e-18,-1.8735013540549517e-16,
6485,64.849999999999994,0.06479984164680172,-2.0141398488077527e-17,1.5543122344752192e-15,
6486,64.859999999999999,0.064683021248428257,-1.3218315331187114e-17,3.3306690738754696e-16,
6487,64.870000000000005,0.064831803422458686,0.0013536683725944515,-3.2907973168755937,
6488,64.879999999999995,0.064906087606285065,-2.8845097385756068e-19,5.5511151231257827e-17,
6489,64.890000000000001,0.064927154436157819,3.5513225026105464e-19,1.2390116134090132e-16,
6490,64.900000000000006,0.064928106645958994,1.5668583587511409e-18,1.1760405394163609e-16,
6491,64.909999999999997,0.064914831099223413,-2.8549758522870886e-18,-3.6082248300317588e-15,
6492,64.920000000000002,0.064953788880454055,8.145248111926542e-19,-2.7755575615628914e-17,
6493,64.930000000000007,0.064953860519584183,5.3717469152323987e-19,-2.7879133784667187e-17,
6494,64.939999999999998,0.06495352567097766,-1.7757919163358184e-17,-1.6653345369377348e-15,
6495,64.950000000000003,0.064952373254120649,-2.6618695656109352e-21,5.2041704279304213e-17,
6496,64.960000000000008,0.064945699492346728,1.2709612784964212e-17,-2.0261570199409107e-15,
6497,64.969999999999999,0.06494476794416805,-1.5649295000914307e-20,-1.1275702593849246e-17,
6498,64.980000000000004,0.065014466180540242,-2.1226733628563877e-18,-6.6552612914184801e-16,
6499,64.989999999999995,0.065159909396283827,0.0010544754863687845,-2.9044455393328135,
6500,65,0.065353186880618336,0.017743223592856218,-8.1999999999999993,
6501,65.010000000000005,0.065546098848500114,0.010957933854335508,-8.1999999999999993,
6502,65.019999999999996,0.065704974853042053,0.015360510609609343,-8.1999999999999993,
6503,65.030000000000001,0.065869615257583641,0.0073072753126316777,-7.6457963941667586,
6504,65.040000000000006,0.065974730491169309,0.0034068897484192309,-5.2206434457214019,
6505,65.049999999999997,0.066042311695891115,-2.0499930272711289e-18,-2.1510571102112408e-16,
6506,65.060000000000002,0.066099081612616725,-2.4774000560562838e-18,-1.2040507381753992e-17,
6507,65.070000000000007,0.066151268698751112,-4.9027536086709917e-19,4.7770746158981642e-16,
6508,65.079999999999998,0.066191227921170506,1.0784308763535339e-18,1.2490009027033011e-16,
6509,65.090000000000003,0.066229487501667697,1.776510368331811e-18,1.0424295588690602e-17,
6510,65.099999999999994,0.066245678872216177,1.7617337369175709e-18,-3.520844080426935e-17,
6511,65.109999999999999,0.066278193027339019,2.8986934620885354e-18,3.0283690298147876e-16,
6512,65.120000000000005,0.066304306434464486,3.4235129434669591e-19,4.5102810375396984e-17,
6513,65.129999999999995,0.066275206970298026,1.2455322811686471e-18,1.27675647831893e-15,
6514,65.140000000000001,0.066194055257834533,1.3896066255258946e-18,3.4694469519536142e-17,
6515,65.150000000000006,0.066030025947542495,-0.003188126858976991,5.0502489910712258,
6516,65.159999999999997,0.065868528073698529,-0.014086063599290259,8.1999999999999993,
6517,65.170000000000002,0.065736261905930321,-0.0023015596115436247,4.2909762167074526,
6518,65.180000000000007,0.065572068209676551,-0.012746027560590817,8.1999999999999993,
6519,65.189999999999998,0.065446931317032414,-0.0024945289282180694,4.4672397994449042,
6520,65.200000000000003,0.065406453106028092,-6.4676824900026748e-20,-4.4408920985006262e-16,
6521,65.210000000000008,0.065365600308970831,-1.5206841146874904e-18,-3.3306690738754696e-16,
6522,65.219999999999999,0.065359135840189694,6.161024913382684e-22,-4.6837533851373792e-17,
6523,65.230000000000004,0.06538906678642635,-1.0510986794206922e-18,-2.3437205581291044e-16,
6524,65.239999999999995,0.065374756037990839,3.1913390734925429e-20,-7.9797279894933126e-17,
6525,65.25,0.065356348593327576,-2.5153169040248787e-17,3.1641356201816961e-15,
6526,65.260000000000005,0.065252266586006413,-2.8099744753262711e-18,3.3306690738754696e-16,
6527,65.269999999999996,0.065161186266386242,-1.9919380258245274e-18,-2.0816681711721685e-16,
6528,65.280000000000001,0.065124006568163473,1.6292843475443957e-18,1.1102230246251565e-15,
6529,65.290000000000006,0.065109299695529477,2.4912754078823924e-19,1.457167719820518e-16,
6530,65.299999999999997,0.065118840485298965,1.4806750483289783e-18,9.5824664485779141e-17,
6531,65.310000000000002,0.065153666624903267,2.7724500342628894e-18,2.8892356219329179e-16,
6532,65.320000000000007,0.065245675273498005,1.9551944362258565e-18,2.6367796834847468e-16,
6533,65.329999999999998,0.065319167783274124,-8.4101460906751899e-21,-2.7755575615628914e-17,
6534,65.340000000000003,0.065412367451757158,3.0222278641369789e-17,3.8857805861880479e-16,
6535,65.349999999999994,0.065462364865411848,2.8248213293878868e-20,2.3592239273284576e-16,
6536,65.359999999999999,0.065512961425170421,8.4103260377054245e-19,-2.9837243786801082e-16,
6537,65.370000000000005,0.065545248661131192,-7.1498829009496389e-19,-3.6082248300317588e-16,
6538,65.379999999999995,0.065551202708196046,-1.1720519604836034e-19,-3.9898639947466563e-17,
6539,65.390000000000001,0.065519842998666283,9.1332584821315182e-19,3.6082248300317588e-15,
6540,65.400000000000006,0.065430505584901863,4.0613010997808985e-19,1.1102230246251565e-16,
6541,65.409999999999997,0.065273651898580587,-0.0022281289145328303,4.2219700752448093,
6542,65.420000000000002,0.065122365769417934,-0.008652727193745614,8.1999999999999993,
6543,65.430000000000007,0.06496554729592563,-0.021742601251767371,8.1999999999999993,
6544,65.439999999999998,0.064779979065903145,-0.0033580174820145338,5.183062787205678,
6545,65.450000000000003,0.064646568935409238,-0.0059665925654792951,6.908888515805879,
6546,65.460000000000008,0.064528858913764725,-0.0051602425868696351,6.4251023878967937,
6547,65.469999999999999,0.064360633928066471,-0.021114754135235326,8.1999999999999993,
6548,65.480000000000004,0.064087091516036254,-0.030708253368013114,8.1999999999999993,
6549,65.489999999999995,0.063721615630285569,-0.038645176678840529,8.1999999999999993,
6550,65.5,0.063301299773227557,-0.037626773474317116,8.1999999999999993,
6551,65.510000000000005,0.062919516613509779,-0.02795474111683945,8.1999999999999993,
6552,65.519999999999996,0.062593415022943397,-0.031346216849575524,8.1999999999999993,
6553,65.530000000000001,0.062317102035584299,-0.010603324386225526,8.1999999999999993,
6554,65.540000000000006,0.062265215200701274,-7.8340959635191007e-19,-5.5511151231257827e-17,
6555,65.549999999999997,0.062241315192852344,-1.2300594623916635e-17,-1.3877787807814457e-15,
6556,65.560000000000002,0.062239854636127072,1.7026117747861841e-21,4.3368086899420177e-18,
6557,65.570000000000007,0.062216054469767169,-5.8493427955029338e-19,1.8318679906315083e-15,
6558,65.579999999999998,0.062200659400192385,5.3972681244474567e-20,9.3675067702747583e-17,
6559,65.590000000000003,0.062129833225778447,-1.955513841952858e-18,-4.829470157119431e-15,
6560,65.599999999999994,0.061987447796719032,-0.00081249421732977926,2.5495006841807779,
6561,65.609999999999999,0.061775386361169825,-0.022883528149375536,8.1999999999999993,
6562,65.620000000000005,0.061546445623968597,-0.011702757059714809,8.1999999999999993,
6563,65.629999999999995,0.06132538233054332,-0.04364265013171819,3.2682542448261507,
6564,65.640000000000001,0.060825536094763197,-0.031010150169170858,8.1999999999999993,
6565,65.650000000000006,0.060447032683642037,-0.043232692145765847,8.1999999999999993,
6566,65.659999999999997,0.059983157863522825,-0.041451219640457303,8.1999999999999993,
6567,65.670000000000002,0.059501154036493586,-0.053263215654578352,8.1999999999999993,
6568,65.680000000000007,0.058928666962760112,-0.054275472239425276,8.1999999999999993,
6569,65.689999999999998,0.058353087197879953,-0.052913306962246762,8.1999999999999993,
6570,65.700000000000003,0.057774893738511149,-0.057227859996167522,8.1999999999999993,
6571,65.710000000000008,0.057149031895866745,-0.0632591405349303,8.1999999999999993,
6572,65.719999999999999,0.056464541338752255,-0.068643184654150063,8.1999999999999993,
6573,65.730000000000004,0.05573474320130916,-0.070887189396351261,8.1999999999999993,
6574,65.739999999999995,0.055029950683833657,-0.058565064649297061,8.1999999999999993,
6575,65.75,0.054411614928177338,-0.05715678470870765,8.1999999999999993,
6576,65.760000000000005,0.053823282505787384,-0.050754795605850216,8.1999999999999993,
6577,65.769999999999996,0.053296162733208127,-0.045199753025731475,8.1999999999999993,
6578,65.780000000000001,0.052784199340944311,-0.053779449934086898,8.1999999999999993,
6579,65.790000000000006,0.052234224716257924,-0.046021795114288562,8.1999999999999993,
6580,65.799999999999997,0.05171000945775462,-0.05629887241040165,8.1999999999999993,
6581,65.810000000000002,0.051123097856730776,-0.05208349203313211,8.1999999999999993,
6582,65.820000000000007,0.050581519574477957,-0.046885864902258871,8.1999999999999993,
6583,65.829999999999998,0.050086569820129503,-0.043350971612262569,8.1999999999999993,
6584,65.840000000000003,0.049579560061389569,-0.057964967967291559,8.1999999999999993,
6585,65.849999999999994,0.048936708759855764,-0.067901097155902188,8.1999999999999993,
6586,65.859999999999999,0.048184001721330458,-0.082610436284665162,8.1999999999999993,
6587,65.870000000000005,0.047303246247455848,-0.089057299527643116,8.1999999999999993,
6588,65.879999999999995,0.046379743860889888,-0.087729549973841914,8.1999999999999993,
6589,65.890000000000001,0.045463360156194975,-0.088477089640295284,8.1999999999999993,
6590,65.900000000000006,0.044546933780350663,-0.08673080238177866,8.1999999999999993,
6591,65.909999999999997,0.043655786563980947,-0.082489334478490953,8.1999999999999993,
6592,65.920000000000002,0.042796466804266638,-0.081657974099857006,8.1999999999999993,
6593,65.930000000000007,0.042041141870307025,-0.055266374978713839,8.1999999999999993,
6594,65.939999999999998,0.041426494475616284,-0.064686384640395403,8.1999999999999993,
6595,65.950000000000003,0.040746926981792275,-0.063284211479490093,8.1999999999999993,
6596,65.960000000000008,0.040083401628852523,-0.061220835414354975,8.1999999999999993,
6597,65.969999999999999,0.039461979934125493,-0.052603056257073934,8.1999999999999993,
6598,65.980000000000004,0.038902481496886111,-0.051453286311426066,8.1999999999999993,
6599,65.989999999999995,0.038369623958486428,-0.045520350001205169,8.1999999999999993,
6600,66,0.037859604340183553,-0.052031797123648089,8.1999999999999993,
6601,66.010000000000005,0.037357284654268443,-0.03605611152743151,8.1999999999999993,
6602,66.019999999999996,0.0369231098948581,-0.050725328796406448,8.1999999999999993,
6603,66.030000000000001,0.036820466333371417,0.023217831854810744,0.17163062694158132,
6604,66.040000000000006,0.036922132255557891,1.5309079905255724e-18,-9.0205620750793969e-17,
6605,66.049999999999997,0.036921760780953265,-8.3413889893584375e-18,-1.1102230246251565e-15,
6606,66.060000000000002,0.036890396140630083,-8.5230231782311823e-19,1.0408340855860843e-16,
6607,66.070000000000007,0.036610947249973623,-0.037032008877803876,8.1999999999999993,
6608,66.079999999999998,0.036224516517105135,-0.030434601937924823,8.1999999999999993,
6609,66.090000000000003,0.035906769016068818,-0.023034894143352188,8.1999999999999993,
6610,66.099999999999994,0.035594716350192096,-0.041770313769010504,7.1998910059368137,
6611,66.109999999999999,0.035139349091612371,-0.036158012115501438,8.1999999999999993,
6612,66.120000000000005,0.034773312139657848,-0.026187687782417039,8.1999999999999993,
6613,66.129999999999995,0.034438951134304181,-0.040311812125351752,8.1999999999999993,
6614,66.140000000000001,0.034014710710924656,-0.035230303633102672,8.1999999999999993,
6615,66.150000000000006,0.033603410433803917,-0.043412854682981158,8.1999999999999993,
6616,66.159999999999997,0.033131497276933736,-0.043713657615269422,8.1999999999999993,
6617,66.170000000000002,0.032661745173763877,-0.042282462951450384,8.1999999999999993,
6618,66.180000000000007,0.032214377834786083,-0.038260711744032047,8.1999999999999993,
6619,66.189999999999998,0.031764709646632784,-0.049880117616430554,8.1999999999999993,
6620,66.200000000000003,0.031237197282583434,-0.04717961803615512,8.1999999999999993,
6621,66.210000000000008,0.03073360728057762,-0.045478613153382703,8.1999999999999993,
6622,66.219999999999999,0.030247038124337336,-0.043774072727935438,8.1999999999999993,
6623,66.230000000000004,0.029841547537175009,-0.024225643499503853,8.1999999999999993,
6624,66.239999999999995,0.029541932861576008,-0.031744976493323161,8.1999999999999993,
6625,66.25,0.029230831842177309,-0.018812797821115002,8.1999999999999993,
6626,66.260000000000005,0.028972749541013681,-0.031746463636056974,8.1999999999999993,
6627,66.269999999999996,0.028692446932807952,-0.011000460556372717,8.1999999999999993,
6628,66.280000000000001,0.028511318257449889,-0.024479530615382262,8.1999999999999993,
6629,66.290000000000006,0.028270337119158339,-0.012229100088438629,8.1999999999999993,
6630,66.299999999999997,0.028095092156025285,-0.018017382134784869,8.1999999999999993,
6631,66.310000000000002,0.027952390285878637,-0.00078504686417010079,2.5060676194709477,
6632,66.320000000000007,0.027782191214395846,-0.00958438186950346,8.1999999999999993,
6633,66.329999999999998,0.027573308859273778,-0.048642135030139873,0.43585402348306906,
6634,66.340000000000003,0.027091340008610861,-0.019383166216895967,8.1999999999999993,
6635,66.349999999999994,0.026803286022588253,-0.045043526347130484,5.2817327876695384,
6636,66.359999999999999,0.026653814621541157,-6.1066807848571601e-18,1.0408340855860843e-16,
6637,66.370000000000005,0.026352988062376244,-0.047806913811156468,6.1633105345093862,
6638,66.379999999999995,0.026035517544371042,-0.001430282276483424,3.3826407157526166,
6639,66.390000000000001,0.025818034335357575,-0.028747917853656404,8.1999999999999993,
6640,66.400000000000006,0.02557468060615976,-0.0064577073348068142,7.1876045160021516,
6641,66.409999999999997,0.025392616204085602,-0.03109062540804303,6.7049750980409382,
6642,66.420000000000002,0.025199457432056552,-1.075250999349464e-18,3.3306690738754696e-16,
6643,66.430000000000007,0.025065769878752756,-0.00029294442773928242,1.5308675389837867,
6644,66.439999999999998,0.025132731628019885,-2.1627687086001602e-18,-3.1225022567582528e-16,
6645,66.450000000000003,0.02523327604723187,-6.5947247662734308e-19,-3.3306690738754696e-16,
6646,66.460000000000008,0.025299206869922319,1.536594928775198e-18,2.4980018054066022e-16,
6647,66.469999999999999,0.025308905934067656,4.6347086109220861e-20,-2.4286128663675299e-17,
6648,66.480000000000004,0.02530324429107185,-2.4710161383762007e-18,1.609823385706477e-15,
6649,66.489999999999995,0.025360808499018023,-3.0647954882357095e-19,3.0531133177191805e-16,
6650,66.5,0.02537187086886666,2.5315329159880516e-20,1.8388068845354155e-16,
6651,66.510000000000005,0.025369264924315293,-6.3331650160867132e-18,-2.4147350785597155e-15,
6652,66.519999999999996,0.025370142399901378,-1.6290005334203426e-20,-4.4235448637408581e-17,
6653,66.530000000000001,0.025392274450740937,-2.0219669863339483e-19,-2.5315220742623014e-17,
6654,66.540000000000006,0.025429635161519856,7.2020019646848763e-19,2.5761733431870247e-16,
6655,66.549999999999997,0.02555542843163075,4.3388855153618055e-05,-0.58916113350163146,
6656,66.560000000000002,0.025669076921019607,-4.1289194285809573e-18,-3.3306690738754696e-16,
6657,66.570000000000007,0.025804958227436298,0.00040021071107827831,-1.789325484261105,
6658,66.579999999999998,0.025931576095829866,0.00077474346862986163,-2.4895677835798868,
6659,66.590000000000003,0.026031198035181641,1.3218315331187114e-17,-3.3306690738754696e-16,
6660,66.599999999999994,0.026085779145701368,7.6668523416890902e-19,8.3266726846886741e-17,
6661,66.609999999999999,0.026117280829574829,9.2321632864906131e-19,-1.8593431449835029e-17,
6662,66.620000000000005,0.026188058080714498,2.9404730362982011e-18,5.0866630542046751e-16,
6663,66.629999999999995,0.026279023040467437,2.1299656216746395e-18,1.6653345369377348e-16,
6664,66.640000000000001,0.026434161131717791,0.002024255979303191,-4.0241828778555186,
6665,66.650000000000006,0.026595577025771477,0.011140246474194905,-8.1999999999999993,
6666,66.659999999999997,0.026781067920992017,0.026041091883904473,-8.1656114069204104,
6667,66.670000000000002,0.027036522110604262,0.013322555411315922,-8.1999999999999993,
6668,66.680000000000007,0.0272722469503161,0.044207413672214306,-3.6305170602477439,
6669,66.689999999999998,0.027640051513851887,0.0067294761423411396,-7.3372889502001453,
6670,66.700000000000003,0.027787745654520087,0.015916019416965431,-8.1999999999999993,
6671,66.710000000000008,0.027891358606606468,-3.8874497546785158e-18,-3.6082248300317588e-16,
6672,66.719999999999999,0.027946041148379858,-6.7085312593421362e-19,-1.5959455978986625e-16,
6673,66.730000000000004,0.027982759171796403,-2.3662697289439605e-18,-2.5859643856838494e-16,
6674,66.739999999999995,0.027754564905018493,-0.018658636969509926,8.1999999999999993,
6675,66.75,0.027577421131836512,-0.0052579417434660313,6.4856405965585466,
6676,66.760000000000005,0.027718922894444248,0.00026374951911442465,-1.4525825804116643,
6677,66.769999999999996,0.027818431188666951,-5.8636429045577644e-18,-3.3306690738754696e-16,
6678,66.780000000000001,0.028058790291254576,0.022418859382918349,-8.1999999999999993,
6679,66.790000000000006,0.028284250367826419,0.011560022746461718,-8.1999999999999993,
6680,66.799999999999997,0.028443387060906686,0.013864559343402999,-8.1999999999999993,
6681,66.810000000000002,0.028599456598693489,0.0076766725312168126,-7.8366689511382637,
6682,66.820000000000007,0.028623900817763864,3.53651832222325e-19,1.5265566588595902e-16,
6683,66.829999999999998,0.028565688311059382,-7.4785916907653485e-18,2.8310687127941492e-15,
6684,66.840000000000003,0.028297806706988508,-0.032167239744241155,8.1999999999999993,
6685,66.849999999999994,0.02796661126583953,-0.023638641391930719,8.1999999999999993,
6686,66.859999999999999,0.027695255840830959,-0.022988438085476799,8.1999999999999993,
6687,66.870000000000005,0.027487257314257996,-0.006188399015816486,7.0361347433468007,
6688,66.879999999999995,0.02735448910300789,-0.0098055217805763355,8.1999999999999993,
6689,66.890000000000001,0.027204075272885445,-0.015365177129782002,8.1999999999999993,
6690,66.900000000000006,0.02698471600237249,-0.026385594346462336,8.1999999999999993,
6691,66.909999999999997,0.026663066073717597,-0.034080195420567484,8.1999999999999993,
6692,66.920000000000002,0.026275968554287505,-0.037377495183790167,8.1999999999999993,
6693,66.930000000000007,0.025831040515219415,-0.050870203244605477,8.1999999999999993,
6694,66.939999999999998,0.025236213814644273,-0.071949179932830329,6.5786395346189162,
6695,66.950000000000003,0.024424441543377272,-0.079823802279383793,8.1999999999999993,
6696,66.960000000000008,0.023537402843112443,-0.10237128955430287,6.175677437973051,
6697,66.969999999999999,0.022388246294955796,-0.11982616648842616,8.1999999999999993,
6698,66.980000000000004,0.021137577885871943,-0.12540426010268871,8.1999999999999993,
6699,66.989999999999995,0.019851721425969793,-0.12370981723118625,8.1999999999999993,
6700,67,0.018608533199688082,-0.11420034815615607,8.1999999999999993,
6701,67.010000000000005,0.017445337998108126,-0.10914013873107466,8.1999999999999993,
6702,67.019999999999996,0.016295272994784161,-0.11718680518713877,8.1999999999999993,
6703,67.030000000000001,0.015049205729712174,-0.13214182642518982,8.152364663729573,
6704,67.040000000000006,0.013639776112042618,-0.15359784228531978,6.5292920068606435,
6705,67.049999999999997,0.011981001814722801,-0.17326085379452527,8.1999999999999993,
6706,67.060000000000002,0.010153509437288223,-0.19931546971488964,5.1642460556922192,
6707,67.070000000000007,0.007990913799186556,-0.22723954974487603,7.7375119489531272,
6708,67.079999999999998,0.0056014186477325069,-0.2597810689564094,3.7022501731693374,
6709,67.090000000000003,0.002795878755133153,-0.29202894904887344,7.811039943600731,
6710,67.099999999999994,-0.0002309241887867006,-0.319102340076168,5.3299472174160938,
6711,67.109999999999999,-0.0035761378177514487,-0.34141516574997566,8.1999999999999993,
6712,67.120000000000005,-0.007075420433315687,-0.36195884095307829,6.7228213946015982,
6713,67.129999999999995,-0.010799523735969201,-0.37552392076573538,8.1999999999999993,
6714,67.140000000000001,-0.01463362216607253,-0.39279949422388399,7.5745178162380311,
6715,67.150000000000006,-0.018650756910287461,-0.4078297014741028,8.1999999999999993,
6716,67.159999999999997,-0.022800870767125215,-0.4216358388141781,8.1999999999999993,
6717,67.170000000000002,-0.027090084824385696,-0.43593830291577851,8.1999999999999993,
6718,67.180000000000007,-0.031050318914039251,-0.35508478839402347,8.1999999999999993,
6719,67.189999999999998,-0.034720914131312813,-0.40346478839402344,-8.1999999999999993,
6720,67.200000000000003,-0.039165322246881185,-0.48445332050956974,-5.3554010694599965,
6721,67.210000000000008,-0.044317421408826919,-0.51387469817112408,8.1999999999999993,
6722,67.219999999999999,-0.049530502160507153,-0.52889558051676533,8.1362462406413893,
6723,67.230000000000004,-0.05489517922376539,-0.54384152423631071,8.1999999999999993,
6724,67.239999999999995,-0.060408004649478333,-0.55889983737224092,8.1270785786238608,
6725,67.25,-0.0660633844948431,-0.56948005574161753,8.1999999999999993,
6726,67.260000000000005,-0.071812996628954032,-0.57598972394913983,8.1999999999999993,
6727,67.269999999999996,-0.077612034962841636,-0.57675547709167019,8.1999999999999993,
6728,67.280000000000001,-0.08341877669406858,-0.57753703066929507,8.1999999999999993,
6729,67.290000000000006,-0.089225255505089404,-0.57561210588010703,8.1999999999999993,
6730,67.299999999999997,-0.094995477918509694,-0.56841855130160635,8.1999999999999993,
6731,67.310000000000002,-0.10068510794453939,-0.5587264894030215,8.1999999999999993,
6732,67.320000000000007,-0.1063097718394657,-0.55889593899538503,8.1999999999999993,
6733,67.329999999999998,-0.11192729299418784,-0.55614748785905288,8.1999999999999993,
6734,67.340000000000003,-0.11752634568996975,-0.55637780461894315,8.1999999999999993,
6735,67.349999999999994,-0.12312794535740429,-0.55669123387418573,8.1999999999999993,
6736,67.359999999999999,-0.1287472406827456,-0.56226022548221422,8.1999999999999993,
6737,67.370000000000005,-0.13443545041068533,-0.57323675930937956,8.1999999999999993,
6738,67.379999999999995,-0.14023250139150051,-0.58381028786946665,8.1999999999999993,
6739,67.390000000000001,-0.14612483055232786,-0.59009132890314409,8.1999999999999993,
6740,67.400000000000006,-0.15206893049408729,-0.59227152164681385,8.1999999999999993,
6741,67.409999999999997,-0.15801980808961871,-0.58939512334646493,8.1999999999999993,
6742,67.420000000000002,-0.16394073956527203,-0.58614187382435279,8.1999999999999993,
6743,67.430000000000007,-0.16983836221546672,-0.5859064844090498,8.1999999999999993,
6744,67.439999999999998,-0.17572929343325483,-0.5842292437468003,8.1999999999999993,
6745,67.450000000000003,-0.18160513340386839,-0.58310585686442118,8.1999999999999993,
6746,67.460000000000008,-0.18747262347590365,-0.58294730426163721,8.1999999999999993,
6747,67.469999999999999,-0.19332530239010187,-0.57850882442630702,8.1999999999999993,
6748,67.480000000000004,-0.19914709081446658,-0.57844113621865334,8.1999999999999993,
6749,67.489999999999995,-0.20494697053553085,-0.57165246550047999,8.1999999999999993,
6750,67.5,-0.21068416023065303,-0.56643086958999678,8.1999999999999993,
6751,67.510000000000005,-0.21635746111409038,-0.55774949343437763,8.1999999999999993,
6752,67.519999999999996,-0.22194236523828428,-0.54861494768362473,8.1999999999999993,
6753,67.530000000000001,-0.22742046853883582,-0.53523040298250346,8.1999999999999993,
6754,67.540000000000006,-0.2327640590538135,-0.52166891698972184,8.1999999999999993,
6755,67.549999999999997,-0.23796128350505341,-0.50531861579745907,8.1999999999999993,
6756,67.560000000000002,-0.2430257388883966,-0.49729547928973217,8.1999999999999993,
6757,67.570000000000007,-0.24801794511026976,-0.49164310446137549,8.1999999999999993,
6758,67.579999999999998,-0.25296468166694641,-0.48945707234161623,8.1999999999999993,
6759,67.590000000000003,-0.25788869234761058,-0.48699109116056383,8.1999999999999993,
6760,67.599999999999994,-0.26279096382727396,-0.48547602359165193,8.1999999999999993,
6761,67.609999999999999,-0.26766419593057517,-0.47958755070195008,8.1999999999999993,
6762,67.620000000000005,-0.2724830848210088,-0.4750893375701114,8.1999999999999993,
6763,67.629999999999995,-0.27723538227028977,-0.46426721947810701,8.1999999999999993,
6764,67.640000000000001,-0.28187784711833086,-0.4530003807264294,8.1999999999999993,
6765,67.650000000000006,-0.28637210353051235,-0.43259757561110274,8.1999999999999993,
6766,67.659999999999997,-0.29065424766928688,-0.41025162451027192,8.1999999999999993,
6767,67.670000000000002,-0.29469063951072866,-0.38276200122634396,8.1999999999999993,
6768,67.680000000000007,-0.29846828448702029,-0.35896801646650467,8.1999999999999993,
6769,67.689999999999998,-0.30199882283883395,-0.33305717856430761,8.1999999999999993,
6770,67.700000000000003,-0.30529402787814847,-0.31274695498002142,8.1999999999999993,
6771,67.710000000000008,-0.30836054598499285,-0.28642421709006965,8.1999999999999993,
6772,67.719999999999999,-0.31117891236653572,-0.26359375888751019,8.1999999999999993,
6773,67.730000000000004,-0.31375886887690191,-0.23840703668158464,8.1999999999999993,
6774,67.739999999999995,-0.31605486268546451,-0.20613070722077295,8.1999999999999993,
6775,67.75,-0.31802733669642091,-0.1736939535811271,8.1999999999999993,
6776,67.760000000000005,-0.3196495019027159,-0.13592453035378696,8.1999999999999993,
6777,67.769999999999996,-0.32089239301471095,-0.097840451627754427,8.1999999999999993,
6778,67.780000000000001,-0.32174994898300613,-0.058867292045796937,8.1999999999999993,
6779,67.790000000000006,-0.32225577675598971,-0.027708362165721746,8.1999999999999993,
6780,67.799999999999997,-0.32257173045662818,-0.028380859512396987,8.1999999999999993,
6781,67.810000000000002,-0.32287459423544745,-0.02266895277217083,8.1999999999999993,
6782,67.820000000000007,-0.32310261265786572,-0.011826012504460196,8.1999999999999993,
6783,67.829999999999998,-0.32327889193156883,-0.019611476862287081,8.1999999999999993,
6784,67.840000000000003,-0.32331783946927622,1.3253591681104201e-18,4.5102810375396984e-17,
6785,67.849999999999994,-0.32307478452884131,0.023290190219371457,-8.1999999999999993,
6786,67.859999999999999,-0.32272245091000307,0.070455317421537988,5.0824717511034692,
6787,67.870000000000005,-0.32168802269540742,0.10807559211735188,-8.1999999999999993,
6788,67.879999999999995,-0.32053613268307424,0.1215593715488595,-8.1999999999999993,
6789,67.890000000000001,-0.31925735590296384,0.13148758510915579,-8.1999999999999993,
6790,67.900000000000006,-0.31787567325861055,0.14299372470622476,-8.1999999999999993,
6791,67.909999999999997,-0.31640404023746999,0.14464768260729358,-8.1999999999999993,
6792,67.920000000000002,-0.31487661212656975,0.16299349904142055,-7.3007570307706064,
6793,67.930000000000007,-0.31317769873615986,0.1677360317248405,-8.1999999999999993,
6794,67.939999999999998,-0.31142587053053422,0.18282262537657015,-8.1201486140954842,
6795,67.950000000000003,-0.30954142731879775,0.18919431430948092,-8.1999999999999993,
6796,67.960000000000008,-0.30759176281841444,0.196859650109244,-8.1999999999999993,
6797,67.969999999999999,-0.30558307313040517,0.19795447411156869,-8.1999999999999993,
6798,67.980000000000004,-0.30357310275844318,0.19580741494281984,-8.1999999999999993,
6799,67.989999999999995,-0.30160346986853231,0.18786852191243944,-8.1999999999999993,
6800,68,-0.29969175126770498,0.18657509360166366,-8.1999999999999993,
6801,68.010000000000005,-0.29780060076425435,0.18282220006827571,-8.1999999999999993,
6802,68.019999999999996,-0.29595111540869218,0.17778397883288422,-8.1999999999999993,
6803,68.030000000000001,-0.29415127928416818,0.17297126718176351,-8.1999999999999993,
6804,68.040000000000006,-0.29240671476399982,0.16599962968028706,-8.1999999999999993,
6805,68.049999999999997,-0.29073445516213731,0.15826628016304731,-8.1999999999999993,
6806,68.060000000000002,-0.28910042960154902,0.16344621180450972,-8.1999999999999993,
6807,68.070000000000007,-0.28739826907695504,0.17535106046559745,-8.1999999999999993,
6808,68.079999999999998,-0.28555218845890146,0.20004123180247618,-5.5665765281340054,
6809,68.090000000000003,-0.28340415049299139,0.22160547944137046,-8.1999999999999993,
6810,68.099999999999994,-0.28111320906245413,0.23689765742141189,-8.0696827307624108,
6811,68.109999999999999,-0.27866215993637061,0.25418933354546719,-7.7048424967960178,
6812,68.120000000000005,-0.27602293793517446,0.27475170510749597,-7.2446434939716502,
6813,68.129999999999995,-0.27318606592800276,0.28669638165565603,-8.1999999999999993,
6814,68.140000000000001,-0.27027872572046518,0.28788953204877604,-8.1999999999999993,
6815,68.150000000000006,-0.26736614991665836,0.28681020990284739,-8.1999999999999993,
6816,68.159999999999997,-0.26445438460643844,0.28915988215124366,-8.1999999999999993,
6817,68.170000000000002,-0.26151874574954798,0.29164400826695769,-8.1999999999999993,
6818,68.180000000000007,-0.25854199784502518,0.30036486249680949,-8.1999999999999993,
6819,68.189999999999998,-0.25549936887489871,0.30107528017427676,-8.1999999999999993,
6820,68.200000000000003,-0.25243403352039284,0.30749533892829539,-8.1999999999999993,
6821,68.210000000000008,-0.24932268709965796,0.30732378933018922,-8.1999999999999993,
6822,68.219999999999999,-0.24621397935130701,0.30684139935189086,-8.1999999999999993,
6823,68.230000000000004,-0.24312149632653787,0.30267161176913232,-8.1999999999999993,
6824,68.239999999999995,-0.24004704808686547,0.30649456071072628,-8.1999999999999993,
6825,68.25,-0.23694983748059578,0.30494809050230171,-8.1999999999999993,
6826,68.260000000000005,-0.2338563964356758,0.30740367639196003,-8.1999999999999993,
6827,68.269999999999996,-0.23073984863112312,0.30934465974393455,-8.1999999999999993,
6828,68.280000000000001,-0.22759143039695107,0.31591706814662757,-8.1999999999999993,
6829,68.290000000000006,-0.22438761314833289,0.31861844078745238,-8.1999999999999993,
6830,68.299999999999997,-0.22113819938399837,0.32856640326519782,-8.1999999999999993,
6831,68.310000000000002,-0.21779418464177416,0.33648603838757762,-8.1999999999999993,
6832,68.320000000000007,-0.21436254754347592,0.34797880256075048,-8.1999999999999993,
6833,68.329999999999998,-0.21083125659232679,0.35321197831799678,-8.1999999999999993,
6834,68.340000000000003,-0.20724580725589456,0.35914512857238884,-8.1999999999999993,
6835,68.350000000000009,-0.20361372876838973,0.36042553004346073,-8.1999999999999993,
6836,68.359999999999999,-0.1999772273822874,0.35887284745880954,-8.1999999999999993,
6837,68.370000000000005,-0.1963571657285535,0.35702122271883791,-8.1999999999999993,
6838,68.379999999999995,-0.19275449060313282,0.35553980137948665,-8.1999999999999993,
6839,68.390000000000001,-0.18916493857371952,0.35461774576599253,-8.1999999999999993,
6840,68.400000000000006,-0.18558301004403038,0.35422983380083095,-8.1999999999999993,
6841,68.409999999999997,-0.18199286131907294,0.35809633351084441,-8.1999999999999993,
6842,68.420000000000002,-0.17835856334893069,0.36403144723592185,-8.1999999999999993,
6843,68.430000000000007,-0.17466115169648117,0.37144613394482529,-8.1999999999999993,
6844,68.439999999999998,-0.17089542099779453,0.37659062288064649,-8.1999999999999993,
6845,68.450000000000003,-0.16707297407396968,0.38378312959204908,-8.1999999999999993,
6846,68.460000000000008,-0.16318436416564014,0.38874186852119164,-8.1999999999999993,
6847,68.469999999999999,-0.15923698787230006,0.39731816450514945,-8.1999999999999993,
6848,68.480000000000004,-0.15520859558754205,0.4039844327417893,-8.1999999999999993,
6849,68.489999999999995,-0.15109425225928247,0.41908627920979402,-8.1164097845072067,
6850,68.5,-0.14681702192733129,0.4391824104566866,-6.932935001806376,
6851,68.510000000000005,-0.14230099787246991,0.46417313932721871,-6.8687905044448119,
6852,68.519999999999996,-0.13753049920522908,0.49080525685786724,-6.4926720676657528,
6853,68.530000000000001,-0.13248109362138172,0.51949196100511841,-6.3131579724753708,
6854,68.540000000000006,-0.12714366843990743,0.54656449818898922,-6.9257379388579929,
6855,68.549999999999997,-0.1215555877528606,0.57053817197601875,-7.1434892221018194,
6856,68.560000000000002,-0.11574779885497642,0.58713649646026844,-8.1999999999999993,
6857,68.570000000000007,-0.10980891976846785,0.59895858074441866,-8.1999999999999993,
6858,68.579999999999998,-0.10376919962233082,0.60367465867052894,-8.1999999999999993,
6859,68.590000000000003,-0.097700552453342832,0.60200862684853984,-8.1999999999999993,
6860,68.600000000000009,-0.091658394722641409,0.59721908256504974,-8.1999999999999993,
6861,68.609999999999999,-0.085669704914956415,0.59073764082981484,-8.1999999999999993,
6862,68.620000000000005,-0.079746955674812894,0.58392058007951486,-8.1999999999999993,
6863,68.629999999999995,-0.073892117241707841,0.57718076458422274,-8.1999999999999993,
6864,68.640000000000001,-0.068112412076242343,0.56818563272069722,-8.1999999999999993,
6865,68.650000000000006,-0.062422844545587386,0.5591372692849701,-8.1999999999999993,
6866,68.659999999999997,-0.056822738273148647,0.55038161500956007,-8.1999999999999993,
6867,68.670000000000002,-0.051309458010198768,0.54183603641452516,-8.1999999999999993,
6868,68.680000000000007,-0.04587480465295371,0.53529305191508159,-8.1999999999999993,
6869,68.689999999999998,-0.040493812555640253,0.53238441149377869,-8.1999999999999993,
6870,68.700000000000003,-0.035136905667547319,0.5311006879069291,-8.1999999999999993,
6871,68.710000000000008,-0.029777988252791061,0.53498935358812671,-8.1999999999999993,
6872,68.719999999999999,-0.024379948869154532,0.53896484262778166,-8.1999999999999993,
6873,68.730000000000004,-0.018939208538735774,0.54404207199844246,-8.1999999999999993,
6874,68.739999999999995,-0.013457828004630129,0.54543843126228786,-8.1999999999999993,
6875,68.75,-0.0079723507366518207,0.54350843757970191,-8.1999999999999993,
6876,68.760000000000005,-0.0025190270525868108,0.53754973048420773,-8.1999999999999993,
6877,68.769999999999996,0.0028607238103753648,0.52752230207256834,-8.1999999999999993,
6878,68.780000000000001,0.0081312864688573849,0.51504341380148533,-8.1999999999999993,
6879,68.790000000000006,0.01325816651950606,0.49765709511450157,-8.1999999999999993,
6880,68.799999999999997,0.018192829441872727,0.475769557886351,-8.1999999999999993,
6881,68.810000000000002,0.022896366219333632,0.45100305739955648,-8.1999999999999993,
6882,68.820000000000007,0.027331967616547569,0.42167189779963743,-8.1999999999999993,
6883,68.829999999999998,0.031485691804663658,0.394886377909345,-8.1999999999999993,
6884,68.840000000000003,0.035393699512269505,0.37325056534953999,-8.1999999999999993,
6885,68.850000000000009,0.03912000638006459,0.36035851159768412,-8.1999999999999993,
6886,68.859999999999999,0.042734984908205556,0.35237149570171239,-8.1999999999999993,
6887,68.870000000000005,0.046257752720584126,0.34090159391278246,-8.1999999999999993,
6888,68.879999999999995,0.049652949732996061,0.32600276641438625,-8.1999999999999993,
6889,68.890000000000001,0.052900840609713826,0.31154145016801821,-8.1999999999999993,
6890,68.900000000000006,0.056010774782678609,0.29884200041718229,-8.1999999999999993,
6891,68.909999999999997,0.058995701828078451,0.28667851647612547,-8.1999999999999993,
6892,68.920000000000002,0.061829940161247189,0.26705727514470518,-8.1999999999999993,
6893,68.930000000000007,0.06448361481107312,0.25136373546663676,-8.1999999999999993,
6894,68.939999999999998,0.066956882881060817,0.2298446554327668,-8.1999999999999993,
6895,68.950000000000003,0.069229005939740212,0.21176381981624662,-8.1999999999999993,
6896,68.960000000000008,0.071287789665894677,0.18591856379311633,-8.1999999999999993,
6897,68.969999999999999,0.07314016604616394,0.17286332918536107,-8.1999999999999993,
6898,68.980000000000004,0.074845206614050808,0.15546728210456295,-8.1999999999999993,
6899,68.989999999999995,0.07641341210532264,0.14810615889574913,-8.1999999999999993,
6900,69,0.077890460388102462,0.13580188710620239,-8.1999999999999993,
6901,69.010000000000005,0.079263332675284598,0.12883071411718103,-8.1999999999999993,
6902,69.019999999999996,0.080538546609376996,0.11412029018292102,-8.1999999999999993,
6903,69.030000000000001,0.081652811510272316,0.095886111471858604,-8.1999999999999993,
6904,69.040000000000006,0.08254372796161949,0.067989545441011559,-8.1999999999999993,
6905,69.049999999999997,0.083199581444612161,0.050480462895607946,-8.1999999999999993,
6906,69.060000000000002,0.083629833502755935,0.02112222955720083,-8.1999999999999993,
6907,69.070000000000007,0.083918717865679116,0.037793594138431794,-7.7269922882555671,
6908,69.079999999999998,0.08437296223198229,0.04873677151634892,-8.1999999999999993,
6909,69.090000000000003,0.084899421194140456,0.049485358577254758,-8.1999999999999993,
6910,69.100000000000009,0.085445463911402383,0.054599426400214486,-8.1999999999999993,
6911,69.109999999999999,0.086047941674232395,0.061769165075567463,-8.1999999999999993,
6912,69.120000000000005,0.086687090891403737,0.056790602299142789,-8.1999999999999993,
6913,69.129999999999995,0.087260200495255069,0.04703053910864164,-8.1999999999999993,
6914,69.140000000000001,0.087773862392042254,0.049271065628602485,-8.1999999999999993,
6915,69.150000000000006,0.088284798843776505,0.043308280373347684,-8.1999999999999993,
6916,69.159999999999997,0.088756664956328363,0.043950958802512118,-8.1999999999999993,
6917,69.170000000000002,0.089222920740085435,0.040623423761745013,-8.1999999999999993,
6918,69.180000000000007,0.0893309074066891,5.3801448619734396e-18,-8.3266726846886741e-17,
6919,69.189999999999998,0.089662600736332559,0.073589853473508923,7.9970906312448395,
6920,69.200000000000003,0.090595709333194704,0.074337820098528365,-8.1999999999999993,
6921,69.210000000000008,0.091258192647459796,0.043599092187149247,-8.1999999999999993,
6922,69.219999999999999,0.091770303875035805,0.059500695272739823,-7.919155539769303,
6923,69.230000000000004,0.092405898190280195,0.058842434922806525,-8.1999999999999993,
6924,69.239999999999995,0.093064169675004124,0.071726542826172898,-8.1999999999999993,
6925,69.25,0.093808695533819444,0.068562364902352207,-8.1999999999999993,
6926,69.260000000000005,0.09447940157219438,0.053379115512478682,-8.1999999999999993,
6927,69.269999999999996,0.094975277119207974,0.032450846094017612,-8.1999999999999993,
6928,69.280000000000001,0.095206634672611104,0.0015809459023219952,-3.5563418309515695,
6929,69.290000000000006,0.095212390037577296,3.1352719761132391e-19,3.2959746043559335e-17,
6930,69.299999999999997,0.094959117993454689,-0.026739339871139627,8.1999999999999993,
6931,69.310000000000002,0.094575134333658537,-0.06947932154037316,-1.4828468346976198,
6932,69.320000000000007,0.093635809698455974,-0.088356894991732396,8.1999999999999993,
6933,69.329999999999998,0.092649677412014492,-0.11928509244607405,3.6158546184889562,
6934,69.340000000000003,0.091259818624564448,-0.14576995030727322,8.1999999999999993,
6935,69.350000000000009,0.089710076887632773,-0.17015440387443073,5.6551207668045986,
6936,69.359999999999999,0.087847498075618285,-0.19920862194684838,7.0184718010028462,
6937,69.370000000000005,0.085726825669563383,-0.22773382860012639,5.8070147717440914,
6938,69.379999999999995,0.083296830117914597,-0.25418839434487761,7.5533174673188404,
6939,69.390000000000001,0.080650357875242412,-0.27663324968699587,6.9087440257925081,
6940,69.400000000000006,0.077776396495382233,-0.29321875826600835,8.1999999999999993,
6941,69.409999999999997,0.074775883397039902,-0.30540666678703327,8.1999999999999993,
6942,69.420000000000002,0.071647903314341857,-0.32022201387834903,8.1864951490388602,
6943,69.430000000000007,0.06837913565227062,-0.33147376948411927,8.1999999999999993,
6944,69.439999999999998,0.065005656527908379,-0.33955208823246236,8.1999999999999993,
6945,69.450000000000003,0.061541639761042488,-0.35181727981477157,8.1999999999999993,
6946,69.460000000000008,0.05793808255256562,-0.37249699500881056,6.6863117812199571,
6947,69.469999999999999,0.054087226423679413,-0.39539590927522839,7.6494923395346994,
6948,69.480000000000004,0.050024783384373585,-0.42126785907825326,5.8647784964723852,
6949,69.489999999999995,0.045707044678490544,-0.42888852049324233,8.1999999999999993,
6950,69.5,0.04138990264540976,-0.42604235104115901,8.1999999999999993,
6951,69.510000000000005,0.037128121968873655,-0.41520724020688077,8.1999999999999993,
6952,69.519999999999996,0.033000792623508676,-0.39752205627341641,8.1999999999999993,
6953,69.530000000000001,0.029072239916446363,-0.37450458842638268,8.1999999999999993,
6954,69.540000000000006,0.025345356111155522,-0.35848697773554961,8.1999999999999993,
6955,69.549999999999997,0.021748579249217796,-0.35064961364132308,8.1999999999999993,
6956,69.560000000000002,0.018184157858815629,-0.35839716270413879,8.1999999999999993,
6957,69.570000000000007,0.014508439983703585,-0.38261101580911866,5.704286215414335,
6958,69.579999999999998,0.011057390799926028,-0.30431605802875167,8.1999999999999993,
6959,69.590000000000003,0.0078944828863051781,-0.35269605802875165,-8.1999999999999993,
6960,69.600000000000009,0.0039575223060176615,-0.43469605802875166,-8.1999999999999993,
6961,69.609999999999999,-0.00073036889327117796,-0.47323679476505515,8.1999999999999993,
6962,69.620000000000005,-0.0054522631646790783,-0.45921101794304148,8.1999999999999993,
6963,69.629999999999995,-0.010014486464601803,-0.44024478228836844,8.1999999999999993,
6964,69.640000000000001,-0.014380254539719344,-0.41961562962013627,8.1999999999999993,
6965,69.650000000000006,-0.018548998558555397,-0.40126328835602521,8.1999999999999993,
6966,69.659999999999997,-0.022509733867476713,-0.37702106172425381,8.1999999999999993,
6967,69.670000000000002,-0.02619917990918845,-0.34631048188119462,8.1999999999999993,
6968,69.680000000000007,-0.029592511313660783,-0.31800696234718906,8.1999999999999993,
6969,69.689999999999998,-0.032732984546830407,-0.29667354859635486,8.1999999999999993,
6970,69.700000000000003,-0.035671206461538013,-0.27804745636611378,8.1999999999999993,
6971,69.710000000000008,-0.038421675676585297,-0.25905194129070663,8.1999999999999993,
6972,69.719999999999999,-0.041013555076736853,-0.24821761178862886,8.1999999999999993,
6973,69.730000000000004,-0.043458157605514212,-0.22737201783156819,8.1999999999999993,
6974,69.739999999999995,-0.045627040390024146,-0.19160765185602938,8.1999999999999993,
6975,69.75,-0.047425973548899873,-0.15336681350257875,8.1999999999999993,
6976,69.760000000000005,-0.04878560636466029,-0.10449868055065309,8.1999999999999993,
6977,69.769999999999996,-0.049604733723648042,-0.046962897689418713,8.1999999999999993,
6978,69.780000000000001,-0.049725696667328956,3.3425715857121111e-18,-3.1225022567582528e-16,
6979,69.790000000000006,-0.049419417744822572,0.050940986841260458,-5.2622474078408006,
6980,69.799999999999997,-0.048856765936356308,0.041526699357170495,-8.1999999999999993,
6981,69.810000000000002,-0.048346798494679898,0.067471669482174923,-5.1970235127047761,
6982,69.820000000000007,-0.047769602957132153,0.027814633850974962,-8.1999999999999993,
6983,69.829999999999998,-0.047448875714840737,0.029780296023518039,-8.1999999999999993,
6984,69.840000000000003,-0.047361916223211863,-1.8212255561150299e-18,2.9837243786801082e-16,
6985,69.850000000000009,-0.047645994895060911,-0.039171236453798469,8.1999999999999993,
6986,69.859999999999999,-0.048124196543799923,-0.06044794624014705,6.5250236573396183,
6987,69.870000000000005,-0.048773667981514071,-0.05372907441053678,8.1999999999999993,
6988,69.879999999999995,-0.049239823566804307,-0.025123742362141824,8.1999999999999993,
6989,69.890000000000001,-0.04959445339379568,-0.056617878088087811,3.4226896281554438,
6990,69.900000000000006,-0.050245338846725461,-0.048994600852260234,8.1999999999999993,
6991,69.909999999999997,-0.05080637251539321,-0.062456566153280171,8.1999999999999993,
6992,69.920000000000002,-0.051459942916915011,-0.059850402065747182,8.1999999999999993,
6993,69.930000000000007,-0.052100965174192639,-0.061793926759595878,8.1999999999999993,
6994,69.939999999999998,-0.052635092869174761,-0.030427508907908414,8.1999999999999993,
6995,69.950000000000003,-0.053039366559485046,-0.059659792761129128,4.1766606632901713,
6996,69.960000000000008,-0.05362348908124058,-0.033817132531411262,8.1999999999999993,
6997,69.969999999999999,-0.054065370408255868,-0.065530587694189957,3.3469631807575491,
6998,69.980000000000004,-0.054820226741713426,-0.061111805158964,8.1999999999999993,
6999,69.989999999999995,-0.055477168788886769,-0.064237884391205993,8.1999999999999993,
7000,70,-0.0561925472139169,-0.078609677450421162,8.1999999999999993,
7001,70.010000000000005,-0.057005969350487976,-0.075466163166096015,8.1999999999999993,
7002,70.019999999999996,-0.057819594352653471,-0.083634897985165213,8.1999999999999993,
7003,70.030000000000001,-0.058651322903572924,-0.071166771728263259,8.1999999999999993,
7004,70.040000000000006,-0.059415219053183387,-0.076676597718268874,8.1999999999999993,
7005,70.049999999999997,-0.060179032327574773,-0.064659635447352634,8.1999999999999993,
7006,70.060000000000002,-0.060912736760727546,-0.08627358306857541,6.4331274521278532,
7007,70.070000000000007,-0.061853076628219053,-0.088430964939432463,8.1999999999999993,
7008,70.079999999999998,-0.062815849746386779,-0.10550615547862835,7.6252480450207454,
7009,70.090000000000003,-0.063939540251391966,-0.1125397432768718,8.1999999999999993,
7010,70.100000000000009,-0.065120125423702602,-0.11919700914995629,8.1999999999999993,
7011,70.109999999999999,-0.066350603150665988,-0.11974507466277176,8.1999999999999993,
7012,70.120000000000005,-0.067598752974963844,-0.12467378409023638,8.1999999999999993,
7013,70.129999999999995,-0.068874992769321172,-0.1222278032666764,8.1999999999999993,
7014,70.140000000000001,-0.070120731991414637,-0.11786865853712455,8.1999999999999993,
7015,70.150000000000006,-0.071323523840783512,-0.11371017986788295,8.1999999999999993,
7016,70.159999999999997,-0.072573092583250676,-0.15224567420235535,0.67446028354518206,
7017,70.170000000000002,-0.074344153787459857,-0.18050578807645806,8.1999999999999993,
7018,70.180000000000007,-0.07621878240970742,-0.1932624238423227,8.1999999999999993,
7019,70.189999999999998,-0.078208740734280746,-0.20077206325819574,8.1999999999999993,
7020,70.200000000000003,-0.080265385898837263,-0.20503608257960149,8.1999999999999993,
7021,70.210000000000008,-0.082406490153311446,-0.22867634164388692,5.8683306573920273,
7022,70.219999999999999,-0.084775878151366973,-0.22938716538460469,8.1999999999999993,
7023,70.230000000000004,-0.08666056695305728,-0.14747007379395513,8.1999999999999993,
7024,70.239999999999995,-0.088255015024330169,-0.19585007379395514,-8.1999999999999993,
7025,70.25,-0.090603439874517341,-0.25849147106034442,4.2446302423529492,
7026,70.260000000000005,-0.093195029382906289,-0.23646930215648176,8.1999999999999993,
7027,70.269999999999996,-0.095540166732881779,-0.22009582055815075,8.1999999999999993,
7028,70.280000000000001,-0.097737152710597658,-0.20780265124920622,8.1999999999999993,
7029,70.290000000000006,-0.099827765071400329,-0.20016364933546124,8.1999999999999993,
7030,70.299999999999997,-0.10186055191863778,-0.1982523698464396,8.1999999999999993,
7031,70.310000000000002,-0.10387178022546076,-0.19554975787486456,8.1999999999999993,
7032,70.320000000000007,-0.1058536733681853,-0.19211113282951106,8.1999999999999993,
7033,70.329999999999998,-0.10778206665051701,-0.18294031782572964,8.1999999999999993,
7034,70.340000000000003,-0.10963739677681411,-0.17935359285392835,8.1999999999999993,
7035,70.350000000000009,-0.11144360513593222,-0.17173994431219516,8.1999999999999993,
7036,70.359999999999999,-0.11317185417467013,-0.16359492627772901,8.1999999999999993,
7037,70.370000000000005,-0.11488138238343425,-0.17824726742579841,8.1999999999999993,
7038,70.379999999999995,-0.11670800562193728,-0.18077090589588907,8.1999999999999993,
7039,70.390000000000001,-0.11852448003137073,-0.17202437174200719,8.1999999999999993,
7040,70.400000000000006,-0.12027123148694666,-0.16862126070677072,8.1999999999999993,
7041,70.409999999999997,-0.12196267730646705,-0.15886955652091503,8.1999999999999993,
7042,70.420000000000002,-0.12353526214294498,-0.14337852101682724,8.1999999999999993,
7043,70.430000000000007,-0.12489528697174954,-0.11419424581801403,8.1999999999999993,
7044,70.439999999999998,-0.12598077893123905,-0.088899600798729828,8.1999999999999993,
7045,70.450000000000003,-0.12667000069757853,-0.035616674350834293,8.1999999999999993,
7046,70.460000000000008,-0.12706791060456543,-0.037287268040094544,8.1999999999999993,
7047,70.469999999999999,-0.1275604963305188,-0.085390669157749136,-6.7124546868201982,
7048,70.480000000000004,-0.12867267083483877,-0.099954202686808699,8.1999999999999993,
7049,70.489999999999995,-0.1295180533579034,-0.054655258218207575,8.1999999999999993,
7050,70.5,-0.1299956612719069,-0.026535927067541768,8.1999999999999993,
7051,70.510000000000005,-0.13021624695463438,-0.0045336318628935038,6.0223795050750528,
7052,70.519999999999996,-0.13042321149790653,-0.038547984850453215,5.2762419580958602,
7053,70.530000000000001,-0.13043285027990068,0.020739543730321441,-4.9587009338385517,
7054,70.540000000000006,-0.13017609918896772,0.0094602336513789527,-8.1999999999999993,
7055,70.549999999999997,-0.13019627039172191,-9.1457080688239152e-19,-4.5102810375396984e-17,
7056,70.560000000000002,-0.12995204131205923,0.023674441906182644,-8.1999999999999993,
7057,70.570000000000007,-0.12959933378732372,0.065690263599838858,1.0646355068048359,
7058,70.579999999999998,-0.12895883696334459,0.033358025854485558,-8.1999999999999993,
7059,70.590000000000003,-0.12881843294505518,3.7881408615825048e-19,-2.9837243786801082e-16,
7060,70.600000000000009,-0.12887933824879716,-1.6674686804683157e-18,-1.8735013540549517e-16,
7061,70.609999999999999,-0.12916161230326362,-0.038321965726874754,8.1999999999999993,
7062,70.620000000000005,-0.12953745609572262,-0.02511566233269881,8.1999999999999993,
7063,70.629999999999995,-0.12981344203401454,-0.021183685987393987,8.1999999999999993,
7064,70.640000000000001,-0.12977398605292695,-5.4720525667977613e-18,1.1796119636642288e-16,
7065,70.650000000000006,-0.12973856745936493,-4.7227886745035721e-18,7.6747375502585545e-17,
7066,70.659999999999997,-0.12973526624963147,-3.8102532443076072e-18,8.0992784257276909e-17,
7067,70.670000000000002,-0.12975927866725975,-5.2128908705324756e-18,-3.6082248300317588e-15,
7068,70.680000000000007,-0.12980186545053085,-2.651410232584626e-20,-3.9551695252271202e-16,
7069,70.689999999999998,-0.1297543696929627,1.946581720346191e-18,3.0531133177191805e-16,
7070,70.700000000000003,-0.12966598328270226,-7.3821143645425004e-20,-3.1225022567582528e-16,
7071,70.710000000000008,-0.12944003457134004,0.017992318404112664,-8.1999999999999993,
7072,70.719999999999999,-0.12925065583143466,0.009444274632582874,-8.1999999999999993,
7073,70.730000000000004,-0.12906349257979841,0.034221980379886226,-5.5411190964045272,
7074,70.739999999999995,-0.12878776256329627,0.0023586364958128633,-4.3438568077807176,
7075,70.75,-0.12862540996874139,0.01231850037986843,-8.1999999999999993,
7076,70.760000000000005,-0.12862194197440249,7.3810113795983246e-19,-2.6020852139652106e-17,
7077,70.769999999999996,-0.12850902031438421,-9.3330898565113785e-18,-3.3306690738754696e-16,
7078,70.780000000000001,-0.12825437451673419,0.027222661581363383,-8.1999999999999993,
7079,70.790000000000006,-0.12797833023430935,0.017072968816471423,-8.1999999999999993,
7080,70.799999999999997,-0.12794011178925441,-5.1338362466997525e-19,-4.8572257327350599e-17,
7081,70.810000000000002,-0.127979709926765,-1.4432818570547173e-18,-1.7208456881689926e-15,
7082,70.820000000000007,-0.12797037833644989,-4.6368117625715616e-20,1.1796119636642288e-16,
7083,70.829999999999998,-0.12801801195858931,-8.1152938895473924e-18,1.3322676295501878e-15,
7084,70.840000000000003,-0.1279920235853694,-6.3129367494310077e-20,-1.7347234759768071e-17,
7085,70.850000000000009,-0.12797874083871144,-5.2204646159706883e-19,-1.1998833039707704e-16,
7086,70.859999999999999,-0.127733621400274,0.023967806319663512,-8.1999999999999993,
7087,70.870000000000005,-0.1275798054222953,1.075250999349464e-18,-3.3306690738754696e-16,
7088,70.879999999999995,-0.12762500407528676,8.1150574370330143e-19,1.3877787807814457e-16,
7089,70.890000000000001,-0.12768946140460027,7.0657021178906322e-18,1.4988010832439613e-15,
7090,70.900000000000006,-0.12774767304025197,3.6268695744450557e-19,9.7144514654701197e-17,
7091,70.909999999999997,-0.12777902417865494,-1.3551400473415572e-18,-2.7200464103316335e-15,
7092,70.920000000000002,-0.12782573839241265,-7.6518384082329149e-19,-4.0245584642661925e-16,
7093,70.930000000000007,-0.12790380863257267,1.3142384265840328e-18,4.163336342344337e-16,
7094,70.939999999999998,-0.12788368504287442,6.8374556952626937e-20,1.0061396160665481e-16,
7095,70.950000000000003,-0.1278984920629567,1.3220079258602892e-18,1.8873791418627661e-15,
7096,70.960000000000008,-0.12816049655773751,-0.029902569253661346,8.1999999999999993,
7097,70.969999999999999,-0.1284808668835821,-0.024889307248993103,8.1999999999999993,
7098,70.980000000000004,-0.12845236847882843,5.2502656386817281e-05,-0.64809046520876334,
7099,70.989999999999995,-0.12840705976613448,1.0023501635854872e-18,-2.0122792321330962e-16,
7100,71,-0.1282718525587308,0.00036552659600526958,-1.7100329727938459,
7101,71.010000000000005,-0.12808288020286768,0.012654249937160704,-8.1999999999999993,
7102,71.019999999999996,-0.12834875250452682,-0.051623357207976076,3.7071047210858814,
7103,71.030000000000001,-0.12875685775511023,-0.0086172254728554675,8.1999999999999993,
7104,71.040000000000006,-0.1286400325489456,1.3484191040814102e-05,-0.3284410576138711,
7105,71.049999999999997,-0.12850985604183687,0.00026097177109674356,-1.4449132045814901,
7106,71.060000000000002,-0.1284072208231363,-7.5983663805345715e-18,-3.3306690738754696e-16,
7107,71.070000000000007,-0.12821105088747334,0.0098109734448506014,-8.1999999999999993,
7108,71.079999999999998,-0.12799319381969151,0.058190973444850601,8.1999999999999993,
7109,71.090000000000003,-0.1271798657375135,0.066159155547823839,-8.1999999999999993,
7110,71.100000000000009,-0.12651536663619145,0.055755000401019481,-8.1999999999999993,
7111,71.109999999999999,-0.1260303987150595,0.026830106265586691,-8.1999999999999993,
7112,71.120000000000005,-0.12566867019866426,0.052021208787873925,-5.4202488898588834,
7113,71.129999999999995,-0.12519251347634794,0.022422452365770455,-8.1999999999999993,
7114,71.140000000000001,-0.12486606926430967,0.053118749323764286,-3.6941004004527116,
7115,71.150000000000006,-0.12446625405614443,0.006579999690699976,-7.2553426883641974,
7116,71.159999999999997,-0.12467840337835973,-0.012712968097337508,8.1999999999999993,
7117,71.170000000000002,-0.12480117606119641,-0.0021674549869825609,4.1640893237129903,
7118,71.180000000000007,-0.12481250532778755,-4.2872745247558955e-19,1.3183898417423734e-16,
7119,71.189999999999998,-0.12483855675955507,2.8570591504691594e-18,-3.9412917374193057e-15,
7120,71.200000000000003,-0.12481736838809063,7.5405364561007805e-20,3.4694469519536142e-17,
7121,71.210000000000008,-0.12477174134580235,1.5703541752614741e-18,3.2467424685704359e-16,
7122,71.219999999999999,-0.1247088119833334,-1.7779654371414503e-18,4.8572257327350599e-17,
7123,71.230000000000004,-0.12462128876219765,4.6560597545181517e-17,3.6082248300317588e-15,
7124,71.239999999999995,-0.12455432684300792,-8.4120969477807608e-20,-1.5959455978986625e-16,
7125,71.25,-0.12454230310514877,-1.6036277955388021e-18,-1.9313927480810399e-16,
7126,71.260000000000005,-0.12453390319827508,-3.1443248842279727e-18,-1.6808792101470337e-16,
7127,71.269999999999996,-0.1245735153528829,-5.1962383982573787e-18,-1.0547118733938987e-15,
7128,71.280000000000001,-0.12458347144632759,9.4027114786693539e-21,8.6736173798840355e-17,
7129,71.290000000000006,-0.12470112904786926,1.2802536808464993e-17,3.3306690738754696e-16,
7130,71.299999999999997,-0.12480798041617355,5.8636429045577644e-18,3.3306690738754696e-16,
7131,71.310000000000002,-0.12493923176103612,-0.00019292796101570868,1.2423460420211629,
7132,71.320000000000007,-0.12509865187538405,-0.0043255483454532869,5.8825493422177342,
7133,71.329999999999998,-0.12526940357579258,-0.02015310367732593,8.1999999999999993,
7134,71.340000000000003,-0.12514094366662903,0.014438786890435654,-8.1999999999999993,
7135,71.350000000000009,-0.12510908038251214,-1.6654344414025512e-18,2.0469737016526324e-16,
7136,71.359999999999999,-0.12512884245807482,1.9171159665555111e-18,4.7184478546569153e-15,
7137,71.370000000000005,-0.12534774901716605,-0.015952647557180781,8.1999999999999993,
7138,71.379999999999995,-0.12561878875816881,-0.05364618919956067,1.0461703889210749,
7139,71.390000000000001,-0.12616095160409313,-0.026688699636785329,8.1999999999999993,
7140,71.400000000000006,-0.12626514291158356,-2.1386121514821391e-18,-4.2327252813834093e-16,
7141,71.409999999999997,-0.12627308924828037,1.9944782549302722e-19,6.4184768611141862e-17,
7142,71.420000000000002,-0.12642657577075975,-0.0018372121604146453,3.833757593186764,
7143,71.430000000000007,-0.12642626663363477,-1.3625563428317742e-19,-2.2551405187698492e-17,
7144,71.439999999999998,-0.12640335939898373,-4.8136613025678049e-19,-1.6613282752096584e-16,
7145,71.450000000000003,-0.12636880085730812,-2.361774404537632e-18,-2.2666556130544282e-16,
7146,71.460000000000008,-0.12639302240457803,4.4465644333550361e-19,1.3530843112619095e-16,
7147,71.469999999999999,-0.12608688867376955,0.050854787978370744,-5.2878351180993475,
7148,71.480000000000004,-0.1255117526577843,0.044794524270372227,-8.1999999999999993,
7149,71.489999999999995,-0.12501947296123464,0.047383975967775924,-8.1999999999999993,
7150,71.5,-0.12448969463941728,0.054337419728807228,-8.1999999999999993,
7151,71.510000000000005,-0.12393215711492624,0.047162156542120463,-8.1999999999999993,
7152,71.519999999999996,-0.12344919266144824,0.039160442558447708,-8.1999999999999993,
7153,71.530000000000001,-0.12325928128017384,-6.5947247662734308e-19,-3.3306690738754696e-16,
7154,71.540000000000006,-0.12327621080823652,-5.2425005048947388e-19,8.6736173798840355e-17,
7155,71.549999999999997,-0.12324485014726602,-3.7753271544505431e-19,6.9989560209385733e-17,
7156,71.560000000000002,-0.12327904393704914,9.6631106344136053e-18,1.0547118733938987e-15,
7157,71.570000000000007,-0.12295260730405549,0.065671733958668405,0.23845942479391208,
7158,71.579999999999998,-0.12231805113754318,0.03302225096085265,-8.1999999999999993,
7159,71.590000000000003,-0.12236663159325338,-0.023006088837074765,6.2143429131050132,
7160,71.600000000000009,-0.12230885879316161,0.0017807391133542374,-3.7743758300987853,
7161,71.609999999999999,-0.12209162464841621,0.030674471781951922,-8.1999999999999993,
7162,71.620000000000005,-0.12180810002211996,0.013372297018692112,-8.1999999999999993,
7163,71.629999999999995,-0.12161591734860699,0.021336135264942314,-8.1999999999999993,
7164,71.640000000000001,-0.12151473513412343,1.6502500021560868e-18,-4.0939474033052647e-16,
7165,71.650000000000006,-0.12139523264596898,-2.3941959526041502e-18,-3.3306690738754696e-16,
7166,71.659999999999997,-0.12138646980389418,-1.4595244894381865e-20,7.9797279894933126e-17,
7167,71.670000000000002,-0.12157895426566731,-0.0088703092925558214,8.1999999999999993,
7168,71.680000000000007,-0.12169241538046197,-0.0052651470094457779,6.490082902056507,
7169,71.689999999999998,-0.12183667702815637,-0.012313304036779783,8.1999999999999993,
7170,71.700000000000003,-0.122047702966362,-0.034358054135887849,6.3148888802889367,
7171,71.710000000000008,-0.12237308326972494,-0.012002681931207862,8.1999999999999993,
7172,71.719999999999999,-0.12253488196378857,-0.013683357437706746,8.1999999999999993,
7173,71.730000000000004,-0.12275384057039351,-0.032638045760406936,7.1428319882086493,
7174,71.739999999999995,-0.12299443557954517,-0.0012516228917940706,3.1643298080877296,
7175,71.75,-0.12308222402109027,-2.8099744753262711e-18,3.3306690738754696e-16,
7176,71.760000000000005,-0.12314921690169175,3.0519299112430974e-18,1.3877787807814457e-16,
7177,71.769999999999996,-0.1233700107692827,-0.016492136005710492,8.1999999999999993,
7178,71.780000000000001,-0.12350919109680741,-0.0013132817872498969,3.2413352646709015,
7179,71.790000000000006,-0.12341488306672441,-2.4711345892522906e-19,6.9388939039072284e-18,
7180,71.799999999999997,-0.12328454730991383,0.00016059269704451863,-1.1334644133611589,
7181,71.810000000000002,-0.12338783202931916,6.5947247662734308e-19,3.3306690738754696e-16,
7182,71.820000000000007,-0.1234392923803142,-1.0741676275355554e-18,-3.6082248300317588e-16,
7183,71.829999999999998,-0.12351908278073156,1.5166316091224747e-18,2.7061686225238191e-16,
7184,71.840000000000003,-0.12355333822126051,7.2118742614709994e-19,-1.3877787807814457e-16,
7185,71.850000000000009,-0.12354493851612973,-4.8152392864177089e-19,-1.2812022809764007e-16,
7186,71.859999999999999,-0.12355778235389735,-4.5329767850034076e-18,-1.1657341758564144e-15,
7187,71.870000000000005,-0.12365790932927237,2.1476154188349028e-17,3.3306690738754696e-16,
7188,71.879999999999995,-0.12369027718367202,-6.6105864758502692e-19,-2.9143354396410359e-16,
7189,71.890000000000001,-0.12380831148244008,6.5947247662734308e-19,3.3306690738754696e-16,
7190,71.900000000000006,-0.12383133709407372,5.4278964653511845e-20,-2.0122792321330962e-16,
7191,71.909999999999997,-0.12386482902704082,-9.4519913961680621e-18,-1.0547118733938987e-15,
7192,71.920000000000002,-0.12382799995137073,-9.3110366791145265e-19,-3.6082248300317588e-16,
7193,71.930000000000007,-0.12350602565172243,0.061659460829158366,-1.5716075119057566,
7194,71.939999999999998,-0.12282794018273023,0.045362692939330568,-8.1999999999999993,
7195,71.950000000000003,-0.12275912357807017,-0.014117091273490463,5.2224336950283252,
7196,71.960000000000008,-0.12259477033750812,0.014855914494926245,-8.1999999999999993,
7197,71.969999999999999,-0.12256252722536996,-4.284795433745934e-19,-8.3266726846886741e-17,
7198,71.980000000000004,-0.12234793345428321,0.014738392540113606,-8.1999999999999993,
7199,71.989999999999995,-0.12228754510114055,-8.1619372842595608e-20,1.1102230246251565e-16,
7200,72,-0.12214746690924681,0.00065022962930704744,-2.280753611080419,
7201,72.010000000000005,-0.12198258833304849,0.0075720416477306528,-7.7830799290412802,
7202,72.019999999999996,-0.12182869783540018,0.019844552423745637,-8.1999999999999993,
7203,72.030000000000001,-0.12180524486246032,3.9041842700501887e-18,3.9898639947466563e-17,
7204,72.040000000000006,-0.12159286245902511,0.014125401879122973,-8.1999999999999993,
7205,72.049999999999997,-0.1215638794870437,-9.6559084983184129e-19,-1.1102230246251565e-16,
7206,72.060000000000002,-0.12132349721273114,0.022426285575253373,-8.1999999999999993,
7207,72.070000000000007,-0.12118559638157009,1.075250999349464e-18,-3.3306690738754696e-16,
7208,72.079999999999998,-0.12104008656068978,0.0010600871648463988,-2.9121636833755047,
7209,72.090000000000003,-0.12114848563878415,5.8636429045577644e-18,3.3306690738754696e-16,
7210,72.100000000000009,-0.12135882250333836,-0.013563951567080665,8.1999999999999993,
7211,72.109999999999999,-0.12159082220748858,-0.040511313072928934,4.8943158642677442,
7212,72.120000000000005,-0.12206478768974224,-0.033624485221890758,8.1999999999999993,
7213,72.129999999999995,-0.12247595755363956,-0.048935535618235923,8.0650421711484857,
7214,72.140000000000001,-0.12256919442321167,0.017941414417417041,-2.798462897114669,
7215,72.150000000000006,-0.12254629171606615,2.1669217059354557e-18,1.0408340855860843e-16,
7216,72.159999999999997,-0.12253133600072019,4.0541409493126137e-18,2.5583265841224642e-16,
7217,72.170000000000002,-0.12260649761207593,1.3712869510128509e-18,3.9551695252271202e-16,
7218,72.180000000000007,-0.12234603805528854,0.029326473136023073,-8.1999999999999993,
7219,72.189999999999998,-0.12222264732125075,3.4672868263337091e-18,-3.9551695252271202e-16,
7220,72.200000000000003,-0.12207545898377638,0.0012062994791653362,-3.1065086243760383,
7221,72.210000000000008,-0.12195750084516153,0.00092792489161815453,-2.7245915534158951,
7222,72.219999999999999,-0.12210656495493001,-0.00031353057599666233,1.583743858069635,
7223,72.230000000000004,-0.12215900240328105,-9.6167490072781817e-20,-2.4980018054066022e-16,
7224,72.239999999999995,-0.12206216324299375,-8.6183574612284744e-20,-4.0245584642661925e-16,
7225,72.25,-0.12203886633264388,-4.0532452234225978e-19,-2.1163626406917047e-16,
7226,72.260000000000005,-0.12204800606761176,9.6936174855020251e-18,2.3869795029440866e-15,
7227,72.269999999999996,-0.12208453089919434,1.7670320723248082e-18,2.8449465006019636e-16,
7228,72.280000000000001,-0.12214628211153901,3.5000992373768771e-19,-7.6327832942979512e-17,
7229,72.290000000000006,-0.12218869300864808,6.1687789782257605e-20,-2.0539125955565396e-15,
7230,72.299999999999997,-0.12214273610149125,-1.8998932996565661e-18,-3.7470027081099033e-16,
7231,72.310000000000002,-0.12214805311737073,1.1293651728128481e-20,-1.0408340855860843e-16,
7232,72.320000000000007,-0.1221573002411914,-9.060750443295306e-18,-1.27675647831893e-15,
7233,72.329999999999998,-0.12214716857166755,2.1064677921442267e-20,-9.7144514654701197e-17,
7234,72.340000000000003,-0.12233933572457618,-0.0087899591626541488,8.1999999999999993,
7235,72.350000000000009,-0.12248412682175726,-0.016122388981073633,8.1999999999999993,
7236,72.359999999999999,-0.12252482319867931,1.2892412145671214e-18,1.3183898417423734e-16,
7237,72.370000000000005,-0.12255100770910576,-5.1237461170604747e-18,-1.609823385706477e-15,
7238,72.379999999999995,-0.1227971210138145,-0.024297337389212567,8.1999999999999993,
7239,72.390000000000001,-0.12315062716576715,-0.061158541359995947,1.3994983323990935,
7240,72.400000000000006,-0.12382414350434914,-0.044668659085860186,8.1999999999999993,
7241,72.409999999999997,-0.12436248185252363,-0.068828176318253359,5.7199088409678396,
7242,72.420000000000002,-0.12520289732080175,-0.094064801384431393,7.9351522251796887,
7243,72.430000000000007,-0.1262354601844321,-0.11473043052537511,6.9766870410748467,
7244,72.439999999999998,-0.12748064893681185,-0.12779704972708447,8.1999999999999993,
7245,72.450000000000003,-0.12885331409729694,-0.15373856555178578,5.198054836519729,
7246,72.460000000000008,-0.13050856558183233,-0.16165574533371427,8.1999999999999993,
7247,72.469999999999999,-0.13222852077261105,-0.19315355274790363,3.4214259317213376,
7248,72.480000000000004,-0.134358876591018,-0.21891613304629934,8.1999999999999993,
7249,72.489999999999995,-0.13664914078136622,-0.2488690079789459,3.9415402869169629,
7250,72.5,-0.13930333822477001,-0.2654309049689621,8.1999999999999993,
7251,72.510000000000005,-0.14199948789391745,-0.26713572867809088,8.1999999999999993,
7252,72.519999999999996,-0.14467698990137887,-0.25764174867256517,8.1999999999999993,
7253,72.530000000000001,-0.14718376899943472,-0.22936821224436477,8.1999999999999993,
7254,72.540000000000006,-0.14943241570727184,-0.20673661106773863,8.1999999999999993,
7255,72.549999999999997,-0.15138141441913555,-0.16825317637289622,8.1999999999999993,
7256,72.560000000000002,-0.15283702322466752,-0.11054849664953691,8.1999999999999993,
7257,72.570000000000007,-0.153890421773479,-0.086262365213677139,8.1999999999999993,
7258,72.579999999999998,-0.15476125983060335,-0.07735788287851493,8.1999999999999993,
7259,72.590000000000003,-0.15549857902468525,-0.056830647568902569,8.1999999999999993,
7260,72.600000000000009,-0.15606577048110284,-0.04531476263426281,8.1999999999999993,
7261,72.609999999999999,-0.15645574734373188,-0.018489501763501563,8.1999999999999993,
7262,72.620000000000005,-0.15648673419853798,-2.8973525427295861e-20,1.9428902930940239e-16,
7263,72.629999999999995,-0.15615504115124357,0.07358150828958962,7.8714673786623868,
7264,72.640000000000001,-0.15554960195200984,0.023868016252515788,-8.1999999999999993,
7265,72.650000000000006,-0.15519117445615135,0.072248016252515784,8.1999999999999993,
7266,72.659999999999997,-0.1540586942936262,0.15424801625251577,8.1999999999999993,
7267,72.670000000000002,-0.15210885676882732,0.23123865227038454,1.8695251475856978,
7268,72.680000000000007,-0.14956198316447247,0.24639351611876179,-8.1999999999999993,
7269,72.689999999999998,-0.14704850521320054,0.25088797310930733,-8.1999999999999993,
7270,72.700000000000003,-0.14448035232810527,0.2591832509732217,-8.1999999999999993,
7271,72.710000000000008,-0.14184491666463506,0.26151153051249287,-8.1999999999999993,
7272,72.719999999999999,-0.1391700160858165,0.27001688414604852,-8.1999999999999993,
7273,72.730000000000004,-0.13639416372213189,0.28570207000072378,-7.9727707323945589,
7274,72.739999999999995,-0.13347895471209661,0.29160161955706154,-8.1999999999999993,
7275,72.75,-0.13051153636732243,0.29679650746825076,-8.1999999999999993,
7276,72.760000000000005,-0.12748547398517796,0.30461355990218458,-8.1999999999999993,
7277,72.769999999999996,-0.12436997711746191,0.31727389043520954,-8.1999999999999993,
7278,72.780000000000001,-0.12112742848181926,0.33014072085447416,-8.1999999999999993,
7279,72.790000000000006,-0.11775207985280334,0.34496974188692536,-8.1831569528095027,
7280,72.799999999999997,-0.11425251786949445,0.34944846620024256,-8.1999999999999993,
7281,72.810000000000002,-0.11070574968506253,0.35497937211048475,-8.1999999999999993,
7282,72.820000000000007,-0.10710822346511124,0.35880245976417718,-8.1999999999999993,
7283,72.829999999999998,-0.10348380780582681,0.35863024479800881,-8.1999999999999993,
7284,72.840000000000003,-0.099863228905818141,0.3577489336759701,-8.1999999999999993,
7285,72.850000000000009,-0.096243568850071445,0.35956988710897686,-8.1999999999999993,
7286,72.859999999999999,-0.09260507439324972,0.36161146689429896,-8.1999999999999993,
7287,72.870000000000005,-0.088953844789094433,0.36101009773176213,-8.1999999999999993,
7288,72.879999999999995,-0.08529593694591675,0.36486056596025224,-8.1999999999999993,
7289,72.890000000000001,-0.08160305916174973,0.36742769970758427,-8.1999999999999993,
7290,72.900000000000006,-0.077885233924418262,0.36973642753483915,-8.1999999999999993,
7291,72.909999999999997,-0.074149024721229292,0.3704002796724134,-8.1999999999999993,
7292,72.920000000000002,-0.070406293016620144,0.37102427249664693,-8.1999999999999993,
7293,72.930000000000007,-0.066646997284824844,0.37533607788858847,-8.1999999999999993,
7294,72.939999999999998,-0.062831131470393792,0.38497618586346161,-8.1999999999999993,
7295,72.950000000000003,-0.058922049850269491,0.39329053694648541,-8.1999999999999993,
7296,72.960000000000008,-0.054930653508624055,0.40126706540657203,-8.1999999999999993,
7297,72.969999999999999,-0.050886069953842365,0.3996050704771516,-8.1999999999999993,
7298,72.980000000000004,-0.046877486743544174,0.39195045422321967,-8.1999999999999993,
7299,72.989999999999995,-0.042965450898175106,0.37871943526467006,-8.1999999999999993,
7300,73,-0.039189820131266997,0.36440788868759294,-8.1999999999999993,
7301,73.010000000000005,-0.035566419021781724,0.34774894552081825,-8.1999999999999993,
7302,73.019999999999996,-0.032093772350786517,0.33522091877404292,-8.1999999999999993,
7303,73.030000000000001,-0.028737678156351944,0.3250900977198804,-8.1999999999999993,
7304,73.040000000000006,-0.025459254044556599,0.32200957318666518,-8.1999999999999993,
7305,73.049999999999997,-0.022216180177870536,0.31750042895154434,-8.1999999999999993,
7306,73.060000000000002,-0.019015177046959531,0.31393639751167962,-8.1999999999999993,
7307,73.070000000000007,-0.015854910839194995,0.30878742246867824,-8.1999999999999993,
7308,73.079999999999998,-0.012753061059253511,0.3015567563366694,-8.1999999999999993,
7309,73.090000000000003,-0.0097587260940293422,0.28475702183415424,-8.1999999999999993,
7310,73.100000000000009,-0.006952802648842015,0.26293193257191588,-8.1999999999999993,
7311,73.109999999999999,-0.0043837327156908291,0.23676876238020278,-8.1999999999999993,
7312,73.120000000000005,-0.0020711601093720642,0.2117815039067768,-8.1999999999999993,
7313,73.129999999999995,2.6386310653852216e-06,0.18939166845097613,-8.1999999999999993,
7314,73.140000000000001,0.001888491436119239,0.17600242330297572,-8.1999999999999993,
7315,73.150000000000006,0.0036359438851947487,0.16142768627946558,-8.1999999999999993,
7316,73.159999999999997,0.0052607546436812874,0.15319114610518247,-8.1999999999999993,
7317,73.170000000000002,0.0068079906221932291,0.14635973218280451,-8.1999999999999993,
7318,73.180000000000007,0.0083152075828668865,0.14869388279478807,-8.1999999999999993,
7319,73.189999999999998,0.0098750500288687978,0.16301943040119016,-8.1999999999999993,
7320,73.200000000000003,0.011591924107914224,0.18439973154108244,-6.4968564965730629,
7321,73.210000000000008,0.013570072610220281,0.20930222949090027,-7.3171655118000061,
7322,73.219999999999999,0.015782711221626562,0.23685224888757092,-5.7577010752501501,
7323,73.230000000000004,0.018289076242132756,0.25587956181767535,-8.1999999999999993,
7324,73.239999999999995,0.020915224032154577,0.26762906682399834,-8.1999999999999993,
7325,73.25,0.023636477519651044,0.2704441249455391,-8.1999999999999993,
7326,73.260000000000005,0.026380962536021273,0.27152181162797207,-8.1999999999999993,
7327,73.269999999999996,0.029083344243040377,0.25687817619055597,-8.1999999999999993,
7328,73.280000000000001,0.03164202635123442,0.24295076859131615,-8.1999999999999993,
7329,73.290000000000006,0.034080171912358154,0.2341676502973235,-8.1999999999999993,
7330,73.299999999999997,0.036413498143117881,0.22070241338612068,-8.1999999999999993,
7331,73.310000000000002,0.038585279285899589,0.20042231106262609,-8.1999999999999993,
7332,73.320000000000007,0.040510931779533528,0.17018699166657128,-8.1999999999999993,
7333,73.329999999999998,0.042152749575715694,0.14406871143429756,-8.1999999999999993,
7334,73.340000000000003,0.043565993651627256,0.12570871191284361,-8.1999999999999993,
7335,73.350000000000009,0.044851757182298765,0.12299704819568533,-8.1999999999999993,
7336,73.359999999999999,0.046147172562953399,0.13390236710681075,-8.1999999999999993,
7337,73.370000000000005,0.047571962953372231,0.15478792050172197,-6.6308992593406213,
7338,73.379999999999995,0.049233327811778818,0.17127652915279246,-8.1999999999999993,
7339,73.390000000000001,0.051022805499324211,0.18747265770632629,-7.845902018014737,
7340,73.400000000000006,0.052943871587716268,0.18823236971113783,-8.1999999999999993,
7341,73.409999999999997,0.054850410679856978,0.18410827993674456,-8.1999999999999993,
7342,73.420000000000002,0.056621891865083866,0.15584291124150113,-8.1999999999999993,
7343,73.430000000000007,0.058019789327983934,0.10938381145898572,-8.1999999999999993,
7344,73.439999999999998,0.058806782017319648,0.039918067295532537,-8.1999999999999993,
7345,73.450000000000003,0.058874776643131857,-6.434910823472201e-05,0.71749067302490421,
7346,73.460000000000008,0.058594757203207261,-0.042186673796186736,7.2757798702649463,
7347,73.469999999999999,0.058101306857067422,-0.047664139694965586,8.1999999999999993,
7348,73.480000000000004,0.057574347904284166,-0.052449087582851439,8.1999999999999993,
7349,73.489999999999995,0.057026954386953072,-0.047916539366806711,8.1999999999999993,
7350,73.5,0.056655739531545256,-0.011519129266078057,8.1999999999999993,
7351,73.510000000000005,0.056445818034591332,-0.037481871746769445,5.1917161019216991,
7352,73.519999999999996,0.056265457441870587,-2.8099744753262711e-18,3.3306690738754696e-16,
7353,73.530000000000001,0.056199637987807326,1.5006311940691109e-18,3.9551695252271202e-16,
7354,73.540000000000006,0.055973337565959944,-0.01809615229359195,8.1999999999999993,
7355,73.549999999999997,0.055768214959244986,-0.013955100780434061,8.1999999999999993,
7356,73.560000000000002,0.055511432198889085,-0.057487617194744281,-1.9726515525852961,
7357,73.570000000000007,0.054750197236038661,-0.060807891610150926,8.1999999999999993,
7358,73.579999999999998,0.05406143748986255,-0.079014286987739435,7.3366932446802187,
7359,73.590000000000003,0.053222313112713429,-0.077463932568349797,8.1999999999999993,
7360,73.600000000000009,0.05239428840808702,-0.083418657428732071,8.1999999999999993,
7361,73.609999999999999,0.051542895724057236,-0.077149009667312918,8.1999999999999993,
7362,73.620000000000005,0.050729156076357168,-0.078997739253573604,8.1999999999999993,
7363,73.629999999999995,0.049977508769826942,-0.057969385144248535,8.1999999999999993,
7364,73.640000000000001,0.049542186279183165,-0.014482806111122412,8.1999999999999993,
7365,73.650000000000006,0.049503944474061819,2.2058590269465035e-18,-1.0061396160665481e-16,
7366,73.659999999999997,0.049570913369067715,1.8381777454212149e-18,1.8257988732988621e-16,
7367,73.670000000000002,0.049721500554914803,0.0015306080874506157,-3.4992663087574445,
7368,73.680000000000007,0.049587719160557438,1.2802536808464993e-17,3.3306690738754696e-16,
7369,73.689999999999998,0.049461767758208604,-4.6243570932828498e-05,0.6082339742752092,
7370,73.700000000000003,0.049273463204800715,-0.0093995981387433227,8.1999999999999993,
7371,73.710000000000008,0.049133680353645917,-0.012512224991737002,8.1999999999999993,
7372,73.719999999999999,0.049119508186999436,2.1216096238471316e-21,1.0581813203458523e-16,
7373,73.730000000000004,0.049365502582720509,0.024257795441145109,-8.1999999999999993,
7374,73.739999999999995,0.049709736520485118,0.054576946849744616,-3.8202657512720548,
7375,73.75,0.050360685756594047,0.05301210272844907,-8.1999999999999993,
7376,73.760000000000005,0.050892384018004701,0.042237972520474787,-8.1999999999999993,
7377,73.769999999999996,0.05135188614387106,0.042313421406739771,-8.1999999999999993,
7378,73.780000000000001,0.05173440141102504,0.020734452139125271,-8.1999999999999993,
7379,73.790000000000006,0.051830985435478212,3.5818078668508429e-18,-2.9837243786801082e-16,
7380,73.799999999999997,0.051572356416396507,-0.028653436748887609,8.1999999999999993,
7381,73.810000000000002,0.051191458144368096,-0.054397888084388092,5.2567599858211116,
7382,73.820000000000007,0.050519408893445431,-0.066027234616784586,8.1999999999999993,
7383,73.829999999999998,0.049846060769932934,-0.058531847342106771,8.1999999999999993,
7384,73.840000000000003,0.04926555660453949,-0.046011488531127485,8.1999999999999993,
7385,73.850000000000009,0.04892780943330139,-0.0068212934992416575,7.3871745609490826,
7386,73.859999999999999,0.049172628977302055,0.02240018224942264,-8.1999999999999993,
7387,73.870000000000005,0.049449635909921699,0.028208163412088406,-8.1999999999999993,
7388,73.879999999999995,0.049786189318482686,0.034584946888057196,-8.1999999999999993,
7389,73.890000000000001,0.050164352195160168,0.033054380629382506,-8.1999999999999993,
7390,73.900000000000006,0.050507430305330704,0.025400290712229011,-8.1999999999999993,
7391,73.909999999999997,0.050771419894686573,0.01700546158224565,-8.1999999999999993,
7392,73.920000000000002,0.05091123188674606,0.0010628341596376309,-2.9159343746218083,
7393,73.930000000000007,0.05091762698430375,1.9772748911374842e-19,2.9490299091605721e-17,
7394,73.939999999999998,0.050765118119695266,-0.0017307342074248174,3.7210043885218052,
7395,73.950000000000003,0.050578321547169812,-0.01838251317172326,8.1999999999999993,
7396,73.960000000000008,0.05031307861035722,-0.036969587644693332,7.2383744032925783,
7397,73.969999999999999,0.049890878850550206,-0.035939142962505395,8.1999999999999993,
7398,73.980000000000004,0.049436312009982775,-0.062168640017803423,5.1118001621725044,
7399,73.989999999999995,0.048753185373161111,-0.054220008829640731,8.1999999999999993,
7400,74,0.048161236829630263,-0.058791390176337895,8.1999999999999993,
7401,74.010000000000005,0.047578866902153828,-0.04607485380469481,8.1999999999999993,
7402,74.019999999999996,0.047189939600247484,-0.017317852834108565,8.1999999999999993,
7403,74.030000000000001,0.047007506786347159,-0.0087118560133378226,8.1999999999999993,
7404,74.040000000000006,0.046867934883074704,-0.014307808226360786,8.1999999999999993,
7405,74.049999999999997,0.04667595043814031,-0.018565073673773212,8.1999999999999993,
7406,74.060000000000002,0.046436256317305045,-0.024774925445419375,8.1999999999999993,
7407,74.070000000000007,0.046152431891963462,-0.024496125677099155,8.1999999999999993,
7408,74.079999999999998,0.045879122633261278,-0.021679153728976438,8.1999999999999993,
7409,74.090000000000003,0.045685696931857443,-0.0048159544003794422,6.2070633316436838,
7410,74.100000000000009,0.045607359615248949,-8.4382331419147301e-07,0.08216195295569112,
7411,74.109999999999999,0.045598453817452901,-1.834823039618195e-19,3.4694469519536142e-18,
7412,74.120000000000005,0.045574731342467013,1.1589407563653034e-18,1.27675647831893e-15,
7413,74.129999999999995,0.045546151549436101,-4.6610876132872085e-19,-2.1163626406917047e-16,
7414,74.140000000000001,0.045522316519324722,2.904961174757007e-19,-1.4988010832439613e-15,
7415,74.150000000000006,0.045460381786166626,1.5688215420941514e-18,2.2898349882893854e-16,
7416,74.159999999999997,0.045372238634188551,-1.603681865815034e-18,1.457167719820518e-16,
7417,74.170000000000002,0.045208752933669744,-0.0031092536344325392,4.9873869987660182,
7418,74.180000000000007,0.045011869091553629,-0.027500886656841153,8.1999999999999993,
7419,74.189999999999998,0.044717658632130189,-0.021833387599482851,8.1999999999999993,
7420,74.200000000000003,0.044428603829415374,-0.035123531464351848,8.1999999999999993,
7421,74.210000000000008,0.044059022534609839,-0.02919702862458325,8.1999999999999993,
7422,74.219999999999999,0.043698581114490931,-0.041450982494913663,8.1999999999999993,
7423,74.230000000000004,0.043271044505360678,-0.033941217073510922,8.1999999999999993,
7424,74.239999999999995,0.042863789213586419,-0.045911190570968152,8.1999999999999993,
7425,74.25,0.042422982669407222,-0.029856921884088936,8.1999999999999993,
7426,74.260000000000005,0.042123717753415335,-0.018838895541061714,8.1999999999999993,
7427,74.269999999999996,0.041899356775977309,-0.018525342810735548,8.1999999999999993,
7428,74.280000000000001,0.041726054828074781,-0.0046415741560598993,6.093651881136565,
7429,74.290000000000006,0.041549379171823747,-0.023422343722847235,8.1999999999999993,
7430,74.299999999999997,0.041291297654811786,-0.019186762541018445,8.1999999999999993,
7431,74.310000000000002,0.041002230570528202,-0.046649994812370039,4.7357698583882986,
7432,74.320000000000007,0.040509695451154092,-0.029654528571302099,8.1999999999999993,
7433,74.329999999999998,0.040136390925427735,-0.045874016359260514,7.8400778581755244,
7434,74.340000000000003,0.039658581654323122,-0.038205882081800362,8.1999999999999993,
7435,74.350000000000009,0.03921335089239647,-0.048129351665809068,8.1999999999999993,
7436,74.359999999999999,0.038705238403099501,-0.044824904319969293,8.1999999999999993,
7437,74.370000000000005,0.038244898270890698,-0.037041244534472786,8.1999999999999993,
7438,74.379999999999995,0.037890113672006571,-0.021674641964470859,8.1999999999999993,
7439,74.390000000000001,0.037611096313392607,-0.031215774810440342,8.1999999999999993,
7440,74.400000000000006,0.037224009017893987,-0.046529056147109567,8.0644935152203931,
7441,74.409999999999997,0.036691089021569714,-0.057028939758459768,8.1999999999999993,
7442,74.420000000000002,0.036069469109921794,-0.062196632035743597,8.1999999999999993,
7443,74.430000000000007,0.035390080231613288,-0.069741787855745099,8.1999999999999993,
7444,74.439999999999998,0.034656545217761063,-0.069477133860349038,8.1999999999999993,
7445,74.450000000000003,0.033933718975236275,-0.066566359335281919,8.1999999999999993,
7446,74.460000000000008,0.03325098516338762,-0.060255946708053981,8.1999999999999993,
7447,74.469999999999999,0.032613803726863594,-0.059489799328493145,8.1999999999999993,
7448,74.480000000000004,0.031972019319139983,-0.063002550622876768,8.1999999999999993,
7449,74.489999999999995,0.031301955733765055,-0.064078265362383688,8.1999999999999993,
7450,74.5,0.030649405045934427,-0.056200351447829401,8.1999999999999993,
7451,74.510000000000005,0.030036167149168142,-0.061331575037925114,8.1999999999999993,
7452,74.519999999999996,0.029408305028792811,-0.054269501987501363,8.1999999999999993,
7453,74.530000000000001,0.028817793368578339,-0.058123570252549252,8.1999999999999993,
7454,74.540000000000006,0.028259024306138126,-0.041011519449995072,8.1999999999999993,
7455,74.549999999999997,0.027784367250831461,-0.051523705074992973,8.1999999999999993,
7456,74.560000000000002,0.027251315583575634,-0.045436972305288564,8.1999999999999993,
7457,74.570000000000007,0.026729219854719415,-0.057354232286870539,8.1999999999999993,
7458,74.579999999999998,0.026105308971719785,-0.062158371679125274,8.1999999999999993,
7459,74.590000000000003,0.025444040942803062,-0.063111596938640005,8.1999999999999993,
7460,74.600000000000009,0.024754484066192548,-0.071067808854775677,8.1999999999999993,
7461,74.609999999999999,0.023968692792974887,-0.08647147746895005,8.042248954088997,
7462,74.620000000000005,0.023107055923673497,-0.073689397604474516,8.1999999999999993,
7463,74.629999999999995,0.022314524485637047,-0.080523812439836764,8.1999999999999993,
7464,74.640000000000001,0.021503072129742305,-0.071049533368026496,8.1999999999999993,
7465,74.650000000000006,0.02078768859764232,-0.061200575865480569,8.1999999999999993,
7466,74.659999999999997,0.020131393378753033,-0.063773915822327137,8.1999999999999993,
7467,74.670000000000002,0.019429876064507245,-0.073956783960610104,8.1999999999999993,
7468,74.680000000000007,0.018655461879089789,-0.073265567780577662,8.1999999999999993,
7469,74.689999999999998,0.017895828559796555,-0.07001149221790752,8.1999999999999993,
7470,74.700000000000003,0.017185391605253487,-0.061713615242310123,8.1999999999999993,
7471,74.710000000000008,0.016539387632746611,-0.059063429065379987,8.1999999999999993,
7472,74.719999999999999,0.015967454920153043,-0.042907873269157605,8.1999999999999993,
7473,74.730000000000004,0.015561998200211964,-0.025504452242444003,8.1999999999999993,
7474,74.739999999999995,0.015374439664107294,-0.00098369174122054639,2.8052689585428978,
7475,74.75,0.015255243355983309,-0.00083404739745081193,2.5830948839728061,
7476,74.760000000000005,0.015185481982305429,1.4713495063943976e-19,-4.163336342344337e-17,
7477,74.769999999999996,0.015033423506690175,-0.0016827409860864589,3.6690499981182696,
7478,74.780000000000001,0.014853239327314118,-0.015987885750915972,8.1999999999999993,
7479,74.790000000000006,0.014641114858205047,-0.021504284181251884,8.1999999999999993,
7480,74.799999999999997,0.01439670268713489,-0.019015527558453781,8.1999999999999993,
7481,74.810000000000002,0.014116361729269661,-0.042339630320583181,5.957936922552129,
7482,74.820000000000007,0.013709376785535309,-0.019445934773199981,8.1999999999999993,
7483,74.829999999999998,0.013457677822128079,-0.026917683700189408,8.1999999999999993,
7484,74.840000000000003,0.013271659934550522,-0.00036101504941502113,1.6994470851780523,
7485,74.850000000000009,0.013238366134176584,-7.3630847805760384e-19,-3.9551695252271202e-16,
7486,74.859999999999999,0.013273728682266079,-7.1599974301743199e-19,-4.163336342344337e-17,
7487,74.870000000000005,0.0133293293579477,1.7924536667123909e-18,6.6102791409775789e-16,
7488,74.879999999999995,0.013429671560691079,1.075250999349464e-18,-3.3306690738754696e-16,
7489,74.890000000000001,0.013418999803640089,2.4332598772841529e-19,1.9428902930940239e-16,
7490,74.900000000000006,0.013680772356043154,0.029815596000941014,-8.1999999999999993,
7491,74.909999999999997,0.013899295779986042,0.001694135050915501,-3.6814508562961969,
7492,74.920000000000002,0.014048529912501443,0.0068230643574580885,-7.3881333812854741,
7493,74.930000000000007,0.014185312360930158,0.012034914292898304,-8.1999999999999993,
7494,74.939999999999998,0.014378250885366045,0.026209466092742939,-8.1999999999999993,
7495,74.950000000000003,0.01468883830911444,0.030313267300702228,-8.1999999999999993,
7496,74.960000000000008,0.015017021884479809,0.026450805618214619,-8.1999999999999993,
7497,74.969999999999999,0.015291573809617336,0.01807249787156423,-8.1999999999999993,
7498,74.980000000000004,0.015494713386463665,0.013388898471283706,-8.1999999999999993,
7499,74.989999999999995,0.015660409907606684,0.011692384963552056,-8.1999999999999993,
7500,75,0.015825235668167747,0.015577871575471013,-8.1999999999999993,
7501,75.010000000000005,0.015948926919686253,0.00043560264852467704,-1.8667675774443548,
7502,75.019999999999996,0.016099906665783665,0.0038487496978527836,-5.5488735417940713,
7503,75.030000000000001,0.016294525489872397,0.029234746061802812,-8.0443992015757431,
7504,75.040000000000006,0.016582745718594048,0.016184507919381225,-8.1999999999999993,
7505,75.049999999999997,0.016823025701248873,0.033245259749428574,-7.6288971618246739,
7506,75.060000000000002,0.017164196930026809,0.021736019935880205,-8.1999999999999993,
7507,75.070000000000007,0.017412845816771511,0.019869871290013282,-8.1999999999999993,
7508,75.079999999999998,0.017648996502006319,0.020057343783950105,-8.1999999999999993,
7509,75.090000000000003,0.017876055486020167,0.016647204901327851,-8.1999999999999993,
7510,75.100000000000009,0.018094089482356326,0.021902820525323888,-8.1999999999999993,
7511,75.109999999999999,0.018350390069310364,0.022029216719867777,-8.1999999999999993,
7512,75.120000000000005,0.018624528186288604,0.028162355922522846,-8.1999999999999993,
7513,75.129999999999995,0.018924705674583629,0.022298687844943176,-8.1999999999999993,
7514,75.140000000000001,0.01921112346340122,0.032332755336730926,-8.1999999999999993,
7515,75.150000000000006,0.019495281805526721,0.011102130922424508,-8.1999999999999993,
7516,75.159999999999997,0.019688826722591233,0.030265011686988981,-7.0884581918349214,
7517,75.170000000000002,0.019974431352801761,0.010426404737899048,-8.1999999999999993,
7518,75.180000000000007,0.020176220151866254,0.038091298001688971,-4.6732611986893478,
7519,75.189999999999998,0.020594413427909929,0.023331573930916703,-8.1999999999999993,
7520,75.200000000000003,0.020917462456994114,0.046400698057276167,-6.0297929355674142,
7521,75.210000000000008,0.021407790317012117,0.033158424635600647,-8.1999999999999993,
7522,75.219999999999999,0.021790326227484877,0.038182573623648908,-8.1999999999999993,
7523,75.230000000000004,0.022206301186311665,0.037258923667097071,-8.1999999999999993,
7524,75.239999999999995,0.022582552516723482,0.027065655657703566,-8.1999999999999993,
7525,75.25,0.022887134295441112,0.026067552071311617,-8.1999999999999993,
7526,75.260000000000005,0.023126058237683961,0.0091363320498694701,-8.1999999999999993,
7527,75.269999999999996,0.023306068250914049,0.031598198415720244,-6.1994815557086591,
7528,75.280000000000001,0.023567862639380519,0.0029108690793306466,-4.825655668885334,
7529,75.290000000000006,0.023741910343903747,0.017702939219722488,-8.1999999999999993,
7530,75.299999999999997,0.023987341380153668,0.029925360829132931,-8.1999999999999993,
7531,75.310000000000002,0.02434718280298755,0.038762168203798762,-8.1999999999999993,
7532,75.320000000000007,0.024775160213197474,0.039948137691872526,-8.1999999999999993,
7533,75.329999999999998,0.025239525873517923,0.0506089130918944,-8.1999999999999993,
7534,75.340000000000003,0.025768336822902173,0.046020349260713078,-8.1999999999999993,
7535,75.350000000000009,0.026287217893025589,0.054072693024999827,-8.1999999999999993,
7536,75.359999999999999,0.026855777609177667,0.051090946341190102,-8.1999999999999993,
7537,75.370000000000005,0.02739996473954694,0.049878235951474649,-8.1999999999999993,
7538,75.379999999999995,0.027948548845946539,0.054469571868441563,-8.1999999999999993,
7539,75.390000000000001,0.028505798412140307,0.046821202253637409,-8.1999999999999993,
7540,75.400000000000006,0.029003825832521288,0.044476461242008596,-8.1999999999999993,
7541,75.409999999999997,0.029500049803532834,0.049693080487021687,-8.1999999999999993,
7542,75.420000000000002,0.030039143356161421,0.051511226212029249,-8.1999999999999993,
7543,75.430000000000007,0.030612800818996234,0.059509772343157893,-8.1999999999999993,
7544,75.439999999999998,0.031276934164209784,0.072020899966801749,-8.1999999999999993,
7545,75.450000000000003,0.032011069971472954,0.064775859644308806,-8.1999999999999993,
7546,75.460000000000008,0.032679395477551693,0.059524248033704236,-8.1999999999999993,
7547,75.469999999999999,0.033302587473333672,0.056579787068135982,-8.1999999999999993,
7548,75.480000000000004,0.033901983927263041,0.055473315487861607,-8.1999999999999993,
7549,75.489999999999995,0.034487617085219364,0.053480462689439248,-8.1999999999999993,
7550,75.5,0.03502302217732866,0.042436148297505909,-8.1999999999999993,
7551,75.510000000000005,0.035474896369834329,0.03935230149806828,-8.1999999999999993,
7552,75.519999999999996,0.035871610916354491,0.02902742805893253,-8.1999999999999993,
7553,75.530000000000001,0.03623250128497877,0.042268607468974199,-8.1999999999999993,
7554,75.540000000000006,0.036662182885683015,0.033016228143421457,-8.1999999999999993,
7555,75.549999999999997,0.037028375556851581,0.032722337640263915,-8.1999999999999993,
7556,75.560000000000002,0.037395147183112848,0.033628536395396112,-8.1999999999999993,
7557,75.570000000000007,0.037746348480626829,0.026675889800177315,-8.1999999999999993,
7558,75.579999999999998,0.038027569458580629,0.019588889001744964,-8.1999999999999993,
7559,75.590000000000003,0.038278666386111944,0.026254134183510948,-8.1999999999999993,
7560,75.600000000000009,0.038554722455483581,0.018887732175829914,-8.1999999999999993,
7561,75.609999999999999,0.038758176408515338,0.011834611262150834,-8.1999999999999993,
7562,75.620000000000005,0.038909678236322291,0.010581588566394412,-8.1999999999999993,
7563,75.629999999999995,0.039047544515009185,0.0089646735730937975,-8.1999999999999993,
7564,75.640000000000001,0.03921036177943981,0.02341900396068829,-8.1999999999999993,
7565,75.650000000000006,0.039442014701453199,0.011514993998950613,-8.1999999999999993,
7566,75.659999999999997,0.03961808891847278,0.020491591691364879,-8.1999999999999993,
7567,75.670000000000002,0.039834228037007903,0.012455074723230807,-8.1999999999999993,
7568,75.680000000000007,0.04003426614098806,0.028043297495019985,-7.9967347890149352,
7569,75.689999999999998,0.040379011738290692,0.036535403621707215,-8.1999999999999993,
7570,75.700000000000003,0.040753208312725296,0.02781103297930608,-8.1999999999999993,
7571,75.710000000000008,0.041102084889538766,0.041122364659414053,-8.1999999999999993,
7572,75.719999999999999,0.041536924474604393,0.0368113633580998,-8.1999999999999993,
7573,75.730000000000004,0.041952607641002712,0.040574508655062673,-8.1999999999999993,
7574,75.739999999999995,0.042478100047169898,0.088953006924366695,8.0903923106350959,
7575,75.75,0.043588213980359163,0.094560478158470823,-8.1999999999999993,
7576,75.760000000000005,0.044471856892517279,0.068008591196523444,-8.1999999999999993,
7577,75.769999999999996,0.045138811590824973,0.053288288439982089,-8.1999999999999993,
7578,75.780000000000001,0.045639138437647969,0.033664788822959174,-8.1999999999999993,
7579,75.790000000000006,0.046040426676608376,0.044219653052819198,-8.1999999999999993,
7580,75.799999999999997,0.046390526117122743,0.011094038908901536,-8.1999999999999993,
7581,75.810000000000002,0.046588516987339221,0.032676506930085149,-6.4417299466467126,
7582,75.820000000000007,0.046835080798557138,0.0011475984873317738,-3.029981501371612,
7583,75.829999999999998,0.047020384354360296,0.015586260276948254,-8.1999999999999993,
7584,75.840000000000003,0.047189279000547986,0.0080812057340094775,-8.0405003496098342,
7585,75.850000000000009,0.047327812192108701,0.014361558584012116,-8.1999999999999993,
7586,75.859999999999999,0.0473838854440835,-9.9315766730884705e-19,-4.2327252813834093e-16,
7587,75.870000000000005,0.047418507615972251,-5.7472199583485461e-20,-2.9837243786801082e-16,
7588,75.879999999999995,0.047491438826755002,3.0790372348383078e-18,3.5388358909926865e-16,
7589,75.890000000000001,0.047561003850551058,3.10488232796577e-18,3.2612801348363973e-16,
7590,75.900000000000006,0.047628967145656634,3.193350844736197e-18,2.8449465006019636e-16,
7591,75.909999999999997,0.047671126579924249,-2.4130890818992563e-20,-6.9388939039072284e-17,
7592,75.920000000000002,0.047733519173156692,1.1298061118788287e-19,6.8377403571091093e-17,
7593,75.930000000000007,0.047813639648930158,3.163884829598676e-18,6.3080731045350487e-16,
7594,75.939999999999998,0.047875316598223847,1.7983914877449121e-18,2.5673907444456745e-16,
7595,75.950000000000003,0.047924255644917556,1.7394951059024118e-19,-1.6653345369377348e-16,
7596,75.960000000000008,0.047868129878704278,5.9562300543039744e-18,-2.1649348980190553e-15,
7597,75.969999999999999,0.047823264275288144,9.3034704991796478e-19,2.0122792321330962e-16,
7598,75.980000000000004,0.047705622439638336,1.45372602844418e-17,3.3306690738754696e-16,
7599,75.989999999999995,0.047648124150977349,1.6577064548523417e-19,-2.2204460492503131e-16,
7600,76,0.04753835235693233,4.1289194285809573e-18,3.3306690738754696e-16,
7601,76.010000000000005,0.047468941922881411,-1.3720543657457386e-18,-4.163336342344337e-16,
7602,76.019999999999996,0.047376508750182754,-1.3532806017833605e-18,-1.5265566588595902e-16,
7603,76.030000000000001,0.047238344675844257,-0.00052894405416066927,2.0570737549454465,
7604,76.040000000000006,0.047102384720967401,-0.0019113754582174795,3.9103712951252882,
7605,76.049999999999997,0.046991304456958774,-0.00085773418016776013,2.6195177879415268,
7606,76.060000000000002,0.046835635010620394,-0.0061139560576956194,6.9936863285083728,
7607,76.070000000000007,0.046733901531356023,-0.0021680866245984351,4.1646960269373166,
7608,76.079999999999998,0.046657574336949961,-1.4643276323532542e-18,-9.0205620750793969e-17,
7609,76.090000000000003,0.046530914966379282,-6.011915856278205e-05,0.69350794408014371,
7610,76.100000000000009,0.046450129500841125,1.6753845824066774e-18,1.1796119636642288e-16,
7611,76.109999999999999,0.046406688966417087,-4.6508378474324211e-18,-1.9984014443252818e-15,
7612,76.120000000000005,0.046334904635181619,-1.5743340927427984e-18,-1.457167719820518e-16,
7613,76.129999999999995,0.0462700056046133,-7.2836901150114513e-18,-2.2204460492503131e-15,
7614,76.140000000000001,0.046230913140262821,-2.0122658468904696e-19,-3.4694469519536142e-17,
7615,76.150000000000006,0.046239893068091412,-8.5569730709901043e-19,-5.1658797525348571e-17,
7616,76.159999999999997,0.046270394993575208,-8.094259821091104e-19,3.3032341557264171e-17,
7617,76.170000000000002,0.046312099436815579,-3.9906503776574854e-19,-5.4893129086078923e-17,
7618,76.180000000000007,0.046347424203429903,-3.8578466799094853e-19,-2.9990288117913926e-17,
7619,76.189999999999998,0.046350445200160989,-6.9150448575114121e-19,-3.0496166595763105e-17,
7620,76.200000000000003,0.046350851594797425,-9.9370411823320476e-19,-3.1519684690446334e-17,
7621,76.210000000000008,0.046450360772927746,-1.1067813332488186e-17,-3.3306690738754696e-16,
7622,76.219999999999999,0.046567171399002023,-4.1289194285809573e-18,-3.3306690738754696e-16,
7623,76.230000000000004,0.046689458554777637,3.3488000639990101e-06,-0.1636777337086715,
7624,76.239999999999995,0.046754816648421876,-1.7544267143344352e-19,3.0531133177191805e-16,
7625,76.25,0.046762360133723459,-1.312949011613875e-19,3.4694469519536142e-18,
7626,76.260000000000005,0.046719726797876136,-3.9553340644175569e-18,8.8817841970012523e-16,
7627,76.269999999999996,0.046566550240341974,-0.0018031123621725113,3.7980124930521377,
7628,76.280000000000001,0.046412304306126799,-0.0084379290578166979,8.1999999999999993,
7629,76.290000000000006,0.04622981814946267,-0.036466171329364916,4.5598613561282155,
7630,76.299999999999997,0.045906073828555848,-0.0061384348404392997,7.0076728464957903,
7631,76.310000000000002,0.045740877833606426,-0.022004417221316856,8.1999999999999993,
7632,76.320000000000007,0.045477162120790039,-0.024357057225173586,8.1999999999999993,
7633,76.329999999999998,0.04520555154757757,-0.021441517765219301,8.1999999999999993,
7634,76.340000000000003,0.044978248954181586,-0.013890871750682522,8.1999999999999993,
7635,76.350000000000009,0.044822133525217876,-0.0076395015930780822,7.8176731029523525,
7636,76.359999999999999,0.044735679865561657,-0.00081950886414145288,2.5604825547407355,
7637,76.370000000000005,0.044686235042245698,1.0314086993959978e-18,4.3715031594615539e-16,
7638,76.379999999999995,0.044705099440695201,-6.1453405895805105e-20,3.8163916471489756e-17,
7639,76.390000000000001,0.044601558937382046,2.3941959526041509e-18,3.3306690738754696e-16,
7640,76.400000000000006,0.044562282381058693,-9.831134917910165e-19,2.0816681711721685e-17,
7641,76.409999999999997,0.04449989593933646,-2.3485631038504859e-18,3.7192471324942744e-15,
7642,76.420000000000002,0.044441880363665892,1.7704056894677866e-18,2.6367796834847468e-16,
7643,76.430000000000007,0.044356945086762557,1.5370644891972738e-18,2.7755575615628914e-16,
7644,76.439999999999998,0.044249989729831178,6.5947247662734366e-19,3.3306690738754696e-16,
7645,76.450000000000003,0.044103188556862023,-0.0011717564359529878,3.0617072831385932,
7646,76.460000000000008,0.043985564297361751,-0.0008695607010956954,2.6375150442728357,
7647,76.469999999999999,0.04386277933565412,-0.0010285930720565135,2.8685788426417935,
7648,76.480000000000004,0.043793026910001434,3.1217945401901445e-18,3.2612801348363973e-16,
7649,76.489999999999995,0.043712317036952074,2.3379527677082592e-19,4.4408920985006262e-16,
7650,76.5,0.043612663383415552,9.3330898565113785e-18,3.3306690738754696e-16,
7651,76.510000000000005,0.043489775955211203,-7.0147483934177664e-06,0.23689235350117555,
7652,76.519999999999996,0.043338040994884149,-0.0018824749933119211,3.8806958070035997,
7653,76.530000000000001,0.043166072930786337,-0.013998015915962397,8.1999999999999993,
7654,76.540000000000006,0.043030986041091908,-0.0028257083430906558,4.7545416966018124,
7655,76.549999999999997,0.042891468039555958,-0.0066429049926763758,7.2899410108320524,
7656,76.560000000000002,0.042802814618552364,-0.0007741144858425499,2.4885569888472294,
7657,76.570000000000007,0.042730297058429102,1.35751563910607e-18,3.7470027081099033e-16,
7658,76.579999999999998,0.042729159831214489,-1.3565934425901148e-20,-1.1275702593849246e-17,
7659,76.590000000000003,0.042636665100273641,-2.2281229481981013e-17,4.9404924595819466e-15,
7660,76.600000000000009,0.042648684585618983,-8.0759149269935548e-21,-2.0469737016526324e-16,
7661,76.609999999999999,0.042628155462740333,-3.0226129908952377e-18,-3.9412917374193057e-15,
7662,76.620000000000005,0.042688898330822275,-3.2033816256887755e-18,-1.9428902930940239e-16,
7663,76.629999999999995,0.042752796240671909,-3.3595999104552861e-18,3.535712253472987e-17,
7664,76.640000000000001,0.042751960525174083,2.1519836259838913e-18,1.2490009027033011e-15,
7665,76.650000000000006,0.042751737291865044,4.9046232044885598e-22,2.4286128663675299e-17,
7666,76.659999999999997,0.042751701300947,-1.04559854408851e-17,3.4139358007223564e-15,
7667,76.670000000000002,0.042751694336074932,-4.4976546256662999e-24,5.4210108624275222e-19,
7668,76.680000000000007,0.042751693078434218,-5.997348898889112e-18,-5.7592819402429996e-16,
7669,76.689999999999998,0.042751692845050676,-1.3869728729375742e-17,-3.0357389779051003e-15,
7670,76.700000000000003,0.042751692802167875,-6.7731027141405807e-18,-1.8518173106052416e-15,
7671,76.710000000000008,0.042751692789801718,-3.5834782996632171e-26,-5.7598240413292423e-20,
7672,76.719999999999999,0.042751692792794498,-5.7616647793873308e-22,-5.7627137751894617e-20,
