sample_index,time_s,position_rad,velocity_rad_s,acceleration_rad_s2,jerk_rad_s3
0,0,0.0053610123959000897,,,
1,0.01,0.0051101709601169129,,,
2,0.02,0.0042468020544394669,,,
3,0.029999999999999999,0.0030076458023247142,,,
4,0.040000000000000001,0.0017880966391677104,,,
5,0.050000000000000003,0.00083307722418964774,,,
6,0.059999999999999998,2.0990361801645596e-05,,,
7,0.070000000000000007,-0.000631992391462198,,,
8,0.080000000000000002,-0.0013020631781143011,,,
9,0.089999999999999997,-0.0019692029935985942,,,
10,0.10000000000000001,-0.0025549665227219682,,,
11,0.11,-0.0030665206754007996,,,
12,0.12,-0.0035087249594868315,,,
13,0.13,-0.0038978878243752005,,,
14,0.14000000000000001,-0.0040618797111833865,,,
15,0.14999999999999999,-0.004244277533021693,,,
16,0.16,-0.0044136192450680853,,,
17,0.17000000000000001,-0.0042069965278985931,,,
18,0.17999999999999999,-0.003672296578878968,,,
19,0.19,-0.0029796210534431054,,,
20,0.20000000000000001,-0.0022124317104211121,,,
21,0.20999999999999999,-0.0014789695938899146,,,
22,0.22,-0.00073176539704056188,,,
23,0.23000000000000001,-0.00012627330100798738,,,
24,0.23999999999999999,0.00016552284475985151,,,
25,0.25,0.00038681956395519824,,,
26,0.26000000000000001,0.00041209940925899928,,,
27,0.27000000000000002,0.00046670878397892771,,,
28,0.28000000000000003,0.0005091562851640293,,,
29,0.28999999999999998,0.00054162507863331579,,,
30,0.29999999999999999,0.00058126060729779484,,,
31,0.31,0.0006410467730705899,,,
32,0.32000000000000001,0.00062475411079490053,,,
33,0.33000000000000002,0.00071459341229328189,,,
34,0.34000000000000002,0.00077962082506585035,,,
35,0.35000000000000003,0.00080837593617877161,,,
36,0.35999999999999999,0.00086423427117629059,,,
37,0.37,0.00088095422292575672,,,
38,0.38,0.00093063177607180894,,,
39,0.39000000000000001,0.00087075640491109389,,,
40,0.40000000000000002,0.00077119917142310431,,,
41,0.41000000000000003,0.00066260984407288796,,,
42,0.41999999999999998,0.000478924548151667,,,
43,0.42999999999999999,0.00014342079256734349,,,
44,0.44,-0.00017866336460612,,,
45,0.45000000000000001,-0.00047076527601930637,,,
46,0.46000000000000002,-0.0007787366751015526,,,
47,0.47000000000000003,-0.0011744818436320347,,,
48,0.47999999999999998,-0.0015980289195621797,,,
49,0.48999999999999999,-0.0020278498497006371,,,
50,0.5,-0.0025636002114086775,,,
51,0.51000000000000001,-0.0030619243064081976,,,
52,0.52000000000000002,-0.0036315443041168875,,,
53,0.53000000000000003,-0.0042463242077231443,,,
54,0.54000000000000004,-0.0048130973816260612,,,
55,0.55000000000000004,-0.0053233119779099326,,,
56,0.56000000000000005,-0.005718529832691349,,,
57,0.57000000000000006,-0.0059560626562773951,,,
58,0.57999999999999996,-0.0060775029081148284,,,
59,0.58999999999999997,-0.0061574937923545691,,,
60,0.59999999999999998,-0.006127108529037961,,,
61,0.60999999999999999,-0.0061714887672642176,,,
62,0.62,-0.0061640767935028729,,,
63,0.63,-0.006106751480078625,,,
64,0.64000000000000001,-0.0060771412579314977,,,
65,0.65000000000000002,-0.006045124374773639,,,
66,0.66000000000000003,-0.0060536541742723902,,,
67,0.67000000000000004,-0.0060344817734555196,,,
68,0.68000000000000005,-0.0060066289098210804,,,
69,0.69000000000000006,-0.0059864879961825865,,,
70,0.70000000000000007,-0.0059910313351097958,,,
71,0.70999999999999996,-0.0060490268065712012,,,
72,0.71999999999999997,-0.0061373423429305672,,,
73,0.72999999999999998,-0.0062690697129813618,,,
74,0.73999999999999999,-0.0064216048386214787,,,
75,0.75,-0.0065528636915221216,,,
76,0.76000000000000001,-0.0066767604622876443,,,
77,0.77000000000000002,-0.0068367199216785215,,,
78,0.78000000000000003,-0.0068967664944610228,,,
79,0.79000000000000004,-0.0069021993951515273,,,
80,0.80000000000000004,-0.0068817827963923222,,,
81,0.81000000000000005,-0.0068284791282972887,,,
82,0.82000000000000006,-0.0067657613902187743,,,
83,0.83000000000000007,-0.0067249425402793129,,,
84,0.83999999999999997,-0.0067435464424158657,,,
85,0.84999999999999998,-0.0068265055720154455,,,
86,0.85999999999999999,-0.0069414692212447712,,,
87,0.87,-0.0069798808130935664,,,
88,0.88,-0.0070652231776117732,,,
89,0.89000000000000001,-0.0071133471731754079,,,
90,0.90000000000000002,-0.0071299568631131779,,,
91,0.91000000000000003,-0.0071558148808120222,,,
92,0.92000000000000004,-0.0071522854642376704,,,
93,0.93000000000000005,-0.0070456743634294671,,,
94,0.94000000000000006,-0.0069163109776531643,,,
95,0.95000000000000007,-0.0068492555045842158,,,
96,0.95999999999999996,-0.0068504945848405548,,,
97,0.96999999999999997,-0.0068833666940689084,,,
98,0.97999999999999998,-0.0069252880521413363,,,
99,0.98999999999999999,-0.0069329202780018693,,,
100,1,-0.0069675393250590353,,,
101,1.01,-0.0069835100548097688,,,
102,1.02,-0.0069665215391774421,,,
103,1.03,-0.0069697978929689616,,,
104,1.04,-0.0069829426308024101,,,
105,1.05,-0.0069922896311365133,,,
106,1.0600000000000001,-0.0070631943609304419,,,
107,1.0700000000000001,-0.0071688156186647646,,,
108,1.0800000000000001,-0.0073372056408502837,,,
109,1.0900000000000001,-0.0075201105519465223,,,
110,1.1000000000000001,-0.0076501202845392722,,,
111,1.1100000000000001,-0.0078250338121716341,,,
112,1.1200000000000001,-0.0079804027967326149,,,
113,1.1300000000000001,-0.0080811831871660644,,,
114,1.1400000000000001,-0.0080990215677731667,,,
115,1.1500000000000001,-0.0080995331341317291,,,
116,1.1599999999999999,-0.0080587599655567669,,,
117,1.1699999999999999,-0.0079942471661155253,,,
118,1.1799999999999999,-0.0078959418624258097,,,
119,1.1899999999999999,-0.0077975987979560912,,,
120,1.2,-0.0076713401075609797,,,
121,1.21,-0.0075908784387309957,,,
122,1.22,-0.0075662818110895525,,,
123,1.23,-0.0074891063109062302,,,
124,1.24,-0.0073982090691249395,,,
125,1.25,-0.0071895378745688238,,,
126,1.26,-0.0069179595154220631,,,
127,1.27,-0.0066211467470080028,,,
128,1.28,-0.0062831994486563176,,,
129,1.29,-0.0059033797066952226,,,
130,1.3,-0.0056061587738429411,,,
131,1.3100000000000001,-0.0052767030921652535,,,
132,1.3200000000000001,-0.0049825660515148574,,,
133,1.3300000000000001,-0.0047283487677172937,,,
134,1.3400000000000001,-0.0044952450214799395,,,
135,1.3500000000000001,-0.0043113058417973381,,,
136,1.3600000000000001,-0.0041510786941850123,,,
137,1.3700000000000001,-0.0039870885183878454,,,
138,1.3800000000000001,-0.003870224642050227,,,
139,1.3900000000000001,-0.0037506342462064399,,,
140,1.4000000000000001,-0.0036843140364299126,,,
141,1.4099999999999999,-0.0036706719924918976,,,
142,1.4199999999999999,-0.0036957036510079718,,,
143,1.4299999999999999,-0.0037327897100556543,,,
144,1.4399999999999999,-0.0037686012342369722,,,
145,1.45,-0.0038390815796257825,,,
146,1.46,-0.0039652759643483181,,,
147,1.47,-0.0040921338789403992,,,
148,1.48,-0.004258213246339031,,,
149,1.49,-0.0042563321674057644,,,
150,1.5,-0.0045824850889951132,,,
151,1.51,-0.004719140116522037,,,
152,1.52,-0.0048499855702120358,,,
153,1.53,-0.0049616953149539348,,,
154,1.54,-0.0050835563797276516,,,
155,1.55,-0.0052263380701460995,,,
156,1.5600000000000001,-0.0053941729123024255,,,
157,1.5700000000000001,-0.0055628606257231098,,,
158,1.5800000000000001,-0.0057380751524784297,,,
159,1.5900000000000001,-0.0058578545538555916,,,
160,1.6000000000000001,-0.0060595706964674517,,,
161,1.6100000000000001,-0.0062637464642690387,,,
162,1.6200000000000001,-0.0064931284980397214,,,
163,1.6300000000000001,-0.0066908653532222308,,,
164,1.6400000000000001,-0.006867593845758053,,,
165,1.6500000000000001,-0.0069484835496637634,,,
166,1.6600000000000001,-0.0070559614909036722,,,
167,1.6699999999999999,-0.0071488065724822801,,,
168,1.6799999999999999,-0.0071936299164906264,,,
169,1.6899999999999999,-0.0072485285123378195,,,
170,1.7,-0.0074016843992907493,,,
171,1.71,-0.0075855302268974835,,,
172,1.72,-0.0078372444359150317,,,
173,1.73,-0.0081140412269734095,,,
174,1.74,-0.0084281076419184253,,,
175,1.75,-0.0086993262471796555,,,
176,1.76,-0.0090049159419530733,,,
177,1.77,-0.0092677227170814402,,,
178,1.78,-0.0095468846837370447,,,
179,1.79,-0.0098690521568030147,,,
180,1.8,-0.010271575252473446,,,
181,1.8100000000000001,-0.010627296713064442,,,
182,1.8200000000000001,-0.011000102899958638,,,
183,1.8300000000000001,-0.011333761353568257,,,
184,1.8400000000000001,-0.011575946189471881,,,
185,1.8500000000000001,-0.011724866240108843,,,
186,1.8600000000000001,-0.011926663965758682,,,
187,1.8700000000000001,-0.012094383482018497,,,
188,1.8800000000000001,-0.012256070198163403,,,
189,1.8900000000000001,-0.012482086505091972,,,
190,1.9000000000000001,-0.012720121538457555,,,
191,1.9100000000000001,-0.012961972046423522,,,
192,1.9199999999999999,-0.013095457742878991,,,
193,1.9299999999999999,-0.013202466586188248,,,
194,1.9399999999999999,-0.013362268448215678,,,
195,1.95,-0.013543133632256276,,,
196,1.96,-0.013749950809063391,,,
197,1.97,-0.013883342838532653,,,
198,1.98,-0.014081998195982871,,,
199,1.99,-0.014350448841523476,,,
200,2,-0.014629611138985478,,,
201,2.0100000000000002,-0.014897244124278909,,,
202,2.02,-0.015191801756246305,,,
203,2.0300000000000002,-0.015423846511300734,,,
204,2.04,-0.015657492568834995,,,
205,2.0499999999999998,-0.015825081884281566,,,
206,2.0600000000000001,-0.015979826364259798,,,
207,2.0699999999999998,-0.01611404927948476,,,
208,2.0800000000000001,-0.016202076062119958,,,
209,2.0899999999999999,-0.016305152212746053,,,
210,2.1000000000000001,-0.016246791959918329,,,
211,2.1099999999999999,-0.016106897238218235,,,
212,2.1200000000000001,-0.015899163296599204,,,
213,2.1299999999999999,-0.015777397936125943,,,
214,2.1400000000000001,-0.015736650927899439,,,
215,2.1499999999999999,-0.015773317035606537,,,
216,2.1600000000000001,-0.015908304331352562,,,
217,2.1699999999999999,-0.016131319519115155,,,
218,2.1800000000000002,-0.016450348711601753,,,
219,2.1899999999999999,-0.016621909468001527,,,
220,2.2000000000000002,-0.016717312719774228,,,
221,2.21,-0.016856220802482648,,,
222,2.2200000000000002,-0.017052388469882732,,,
223,2.23,-0.017337007729483354,,,
224,2.2400000000000002,-0.017845503714321902,,,
225,2.25,-0.018390272848232019,,,
226,2.2600000000000002,-0.01907443226625051,,,
227,2.27,-0.019638201820390763,,,
228,2.2800000000000002,-0.020137071923517113,,,
229,2.29,-0.020769498215178525,,,
230,2.3000000000000003,-0.021301590490055682,,,
231,2.3100000000000001,-0.021913758771642845,,,
232,2.3199999999999998,-0.022529405567762211,,,
233,2.3300000000000001,-0.02315995673278751,,,
234,2.3399999999999999,-0.023719729792294059,,,
235,2.3500000000000001,-0.02419039982231613,,,
236,2.3599999999999999,-0.024547770554719989,,,
237,2.3700000000000001,-0.024952217063471501,,,
238,2.3799999999999999,-0.02516980435658793,,,
239,2.3900000000000001,-0.025349074698444569,,,
240,2.3999999999999999,-0.025419212145457282,,,
241,2.4100000000000001,-0.02547439760280451,,,
242,2.4199999999999999,-0.025524236574240279,,,
243,2.4300000000000002,-0.025649968838736745,,,
244,2.4399999999999999,-0.025722794528200761,,,
245,2.4500000000000002,-0.025763874396261047,,,
246,2.46,-0.025773764197368747,,,
247,2.4700000000000002,-0.025800108759041884,,,
248,2.48,-0.025906110454305572,,,
249,2.4900000000000002,-0.026117488987839308,,,
250,2.5,-0.026419869157909719,,,
251,2.5100000000000002,-0.026782237260649832,,,
252,2.52,-0.027478672054254139,,,
253,2.5300000000000002,-0.028453750228091195,,,
254,2.54,-0.029569128283249427,,,
255,2.5500000000000003,-0.030652386908784211,,,
256,2.5600000000000001,-0.031883710966365678,,,
257,2.5699999999999998,-0.033098125887626076,,,
258,2.5800000000000001,-0.034397064807069791,,,
259,2.5899999999999999,-0.035676616427159566,,,
260,2.6000000000000001,-0.037002311662700481,,,
261,2.6099999999999999,-0.038263177348430676,,,
262,2.6200000000000001,-0.039489144800143906,,,
263,2.6299999999999999,-0.040668565820493656,,,
264,2.6400000000000001,-0.041856544638658295,,,
265,2.6499999999999999,-0.043167060850048053,,,
266,2.6600000000000001,-0.044566399070425304,,,
267,2.6699999999999999,-0.045778295719828291,,,
268,2.6800000000000002,-0.046936791554852933,,,
269,2.6899999999999999,-0.048086079115873585,,,
270,2.7000000000000002,-0.049225952034016827,,,
271,2.71,-0.050286186741551879,,,
272,2.7200000000000002,-0.051289105655173702,,,
273,2.73,-0.052193571794438419,,,
274,2.7400000000000002,-0.053122322119479086,,,
275,2.75,-0.053878127344329375,,,
276,2.7600000000000002,-0.054575311047315347,,,
277,2.77,-0.05509212541741209,,,
278,2.7800000000000002,-0.055540536116066991,,,
279,2.79,-0.055863240940747939,,,
280,2.8000000000000003,-0.056181319505236769,,,
281,2.8100000000000001,-0.056625840064982676,,,
282,2.8199999999999998,-0.057295647665268609,,,
283,2.8300000000000001,-0.058070523072962628,,,
284,2.8399999999999999,-0.059149369513803375,,,
285,2.8500000000000001,-0.060363212614174627,,,
286,2.8599999999999999,-0.061781880187826273,,,
287,2.8700000000000001,-0.063256401889025385,,,
288,2.8799999999999999,-0.064757873512965011,,,
289,2.8900000000000001,-0.066441944227521907,,,
290,2.8999999999999999,-0.068325623093036414,,,
291,2.9100000000000001,-0.070277881150133448,,,
292,2.9199999999999999,-0.072323760388090699,,,
293,2.9300000000000002,-0.074471051805427652,,,
294,2.9399999999999999,-0.076955708077823995,,,
295,2.9500000000000002,-0.079637733040431757,,,
296,2.96,-0.082511431599461796,,,
297,2.9700000000000002,-0.085563155734005969,,,
298,2.98,-0.088177983345600675,,,
299,2.9900000000000002,-0.090581216324392755,,,
300,3,-0.092707342400486531,,,
301,3.0100000000000002,-0.094550018418989329,,,
302,3.02,-0.096283002818157146,,,
303,3.0300000000000002,-0.097834786976567376,,,
304,3.04,-0.099326390535126985,,,
305,3.0500000000000003,-0.10086884265453043,,,
306,3.0600000000000001,-0.10248296717599302,,,
307,3.0700000000000003,-0.10415950987376767,,,
308,3.0800000000000001,-0.10589402610251031,,,
309,3.0899999999999999,-0.10587891276682737,,,
310,3.1000000000000001,-0.10911430848801673,,,
311,3.1099999999999999,-0.11049686512446946,,,
312,3.1200000000000001,-0.11202961196770185,,,
313,3.1299999999999999,-0.1135991395096248,,,
314,3.1400000000000001,-0.11510784054897312,,,
315,3.1499999999999999,-0.11657429161189527,,,
316,3.1600000000000001,-0.11802989209582207,,,
317,3.1699999999999999,-0.11947307785176338,,,
318,3.1800000000000002,-0.12091919749321116,,,
319,3.1899999999999999,-0.12222603110051013,,,
320,3.2000000000000002,-0.1234482797984833,,,
321,3.21,-0.12457406897201923,,,
322,3.2200000000000002,-0.12562077958160045,,,
323,3.23,-0.12665993798046818,,,
324,3.2400000000000002,-0.12770831303093796,,,
325,3.25,-0.12865435042987519,,,
326,3.2600000000000002,-0.1295428691364526,,,
327,3.27,-0.13030696212733309,,,
328,3.2800000000000002,-0.1309748868523587,,,
329,3.29,-0.13153870748068608,,,
330,3.3000000000000003,-0.13215791585181894,,,
331,3.3100000000000001,-0.13282374642690381,,,
332,3.3200000000000003,-0.1335628507998155,,,
333,3.3300000000000001,-0.13428424292061258,,,
334,3.3399999999999999,-0.13510974926717464,,,
335,3.3500000000000001,-0.13562790659784446,,,
336,3.3599999999999999,-0.13610213766697007,,,
337,3.3700000000000001,-0.13637634774823273,,,
338,3.3799999999999999,-0.13658802014880148,,,
339,3.3900000000000001,-0.13674747493947623,,,
340,3.3999999999999999,-0.13700064039177914,,,
341,3.4100000000000001,-0.13719860737897993,,,
342,3.4199999999999999,-0.13741039743409797,,,
343,3.4300000000000002,-0.13762337975497357,,,
344,3.4399999999999999,-0.13789690919771558,,,
345,3.4500000000000002,-0.13812485946855083,,,
346,3.46,-0.13826587649578034,,,
347,3.4700000000000002,-0.13833389194318779,,,
348,3.48,-0.13842001178178814,,,
349,3.4900000000000002,-0.13843199338762938,,,
350,3.5,-0.13874613756131821,,,
351,3.5100000000000002,-0.13903669548876765,,,
352,3.52,-0.13949923420353005,,,
353,3.5300000000000002,-0.14003711805402913,,,
354,3.54,-0.14080075457423771,,,
355,3.5500000000000003,-0.14166498067082642,,,
356,3.5600000000000001,-0.14252614799336474,,,
357,3.5700000000000003,-0.14345283749449361,,,
358,3.5800000000000001,-0.1443424373785738,,,
359,3.5899999999999999,-0.14517470957168332,,,
360,3.6000000000000001,-0.14609388622095351,,,
361,3.6099999999999999,-0.14692516032145411,,,
362,3.6200000000000001,-0.14803012362481816,,,
363,3.6299999999999999,-0.14931883272372776,,,
364,3.6400000000000001,-0.15063813842471341,,,
365,3.6499999999999999,-0.15192832391847438,,,
366,3.6600000000000001,-0.15320428938232863,,,
367,3.6699999999999999,-0.15451484510367891,,,
368,3.6800000000000002,-0.15571128595208791,,,
369,3.6899999999999999,-0.15695185285601265,,,
370,3.7000000000000002,-0.15808105564358185,,,
371,3.71,-0.15912265074935725,,,
372,3.7200000000000002,-0.15998570928475464,,,
373,3.73,-0.16062053725401104,,,
374,3.7400000000000002,-0.16115310672044347,,,
375,3.75,-0.16149288035077902,,,
376,3.7600000000000002,-0.16185852329792838,,,
377,3.77,-0.16219615402992887,,,
378,3.7800000000000002,-0.16260299935057607,,,
379,3.79,-0.16301622491247109,,,
380,3.8000000000000003,-0.16349884730154526,,,
381,3.8100000000000001,-0.1638740982864843,,,
382,3.8200000000000003,-0.16420406952625521,,,
383,3.8300000000000001,-0.16445576350487262,,,
384,3.8399999999999999,-0.16471160888224845,,,
385,3.8500000000000001,-0.1649411370708706,,,
386,3.8599999999999999,-0.16524393404712936,,,
387,3.8700000000000001,-0.16548904741325679,,,
388,3.8799999999999999,-0.16581888382958523,,,
389,3.8900000000000001,-0.16617194870728405,,,
390,3.8999999999999999,-0.16653671683079158,,,
391,3.9100000000000001,-0.16681244267878989,,,
392,3.9199999999999999,-0.16703584292286769,,,
393,3.9300000000000002,-0.16741727344168433,,,
394,3.9399999999999999,-0.1678232344797578,,,
395,3.9500000000000002,-0.1682411252820479,,,
396,3.96,-0.16886074224851033,,,
397,3.9700000000000002,-0.16958014122032847,,,
398,3.98,-0.17058325136539104,,,
399,3.9900000000000002,-0.17191143258111927,,,
400,4,-0.17342700517104381,,,
401,4.0099999999999998,-0.17493687431163468,,,
402,4.0200000000000005,-0.17639043064419999,,,
403,4.0300000000000002,-0.17763884817093947,,,
404,4.04,-0.17863839800393708,,,
405,4.0499999999999998,-0.1794452881237544,,,
406,4.0600000000000005,-0.18024694161936022,,,
407,4.0700000000000003,-0.18104226094131462,,,
408,4.0800000000000001,-0.1818155119969222,,,
409,4.0899999999999999,-0.18238483962917287,,,
410,4.0999999999999996,-0.18292144165791857,,,
411,4.1100000000000003,-0.18340299683801986,,,
412,4.1200000000000001,-0.18384094068971124,,,
413,4.1299999999999999,-0.18431699960010961,,,
414,4.1399999999999997,-0.18478216900829766,,,
415,4.1500000000000004,-0.1853381459481212,,,
416,4.1600000000000001,-0.18595585072201676,,,
417,4.1699999999999999,-0.18686855046980089,,,
418,4.1799999999999997,-0.18775104641463242,,,
419,4.1900000000000004,-0.18877319628550193,,,
420,4.2000000000000002,-0.18980314270119844,,,
421,4.21,-0.19082700485945089,,,
422,4.2199999999999998,-0.19175042054962896,,,
423,4.2300000000000004,-0.19260999904178203,,,
424,4.2400000000000002,-0.19333275342693676,,,
425,4.25,-0.19381002731911373,,,
426,4.2599999999999998,-0.19415063103009736,,,
427,4.2700000000000005,-0.19463324211593194,,,
428,4.2800000000000002,-0.19508455986904949,,,
429,4.29,-0.19542693334270458,,,
430,4.2999999999999998,-0.19587847971967562,,,
431,4.3100000000000005,-0.19623699619009952,,,
432,4.3200000000000003,-0.19658121680815743,,,
433,4.3300000000000001,-0.19680335771607158,,,
434,4.3399999999999999,-0.19694758963912953,,,
435,4.3500000000000005,-0.19702622150764285,,,
436,4.3600000000000003,-0.19714156655662801,,,
437,4.3700000000000001,-0.19728127583991945,,,
438,4.3799999999999999,-0.19761164916720517,,,
439,4.3899999999999997,-0.19802188806643267,,,
440,4.4000000000000004,-0.19850961439397113,,,
441,4.4100000000000001,-0.1991507631459466,,,
442,4.4199999999999999,-0.19983510543661812,,,
443,4.4299999999999997,-0.20056175603743742,,,
444,4.4400000000000004,-0.20132464503520744,,,
445,4.4500000000000002,-0.20201753055811003,,,
446,4.46,-0.20252083339198892,,,
447,4.4699999999999998,-0.20289007164756256,,,
448,4.4800000000000004,-0.203122555467209,,,
449,4.4900000000000002,-0.2032575726644269,,,
450,4.5,-0.20333378653125792,,,
451,4.5099999999999998,-0.20321119189473391,,,
452,4.5200000000000005,-0.20291907441495602,,,
453,4.5300000000000002,-0.20254406615827078,,,
454,4.54,-0.2021125972001602,,,
455,4.5499999999999998,-0.20157712531762348,,,
456,4.5600000000000005,-0.20104655133603672,,,
457,4.5700000000000003,-0.2005466363098197,,,
458,4.5800000000000001,-0.20008425151575457,,,
459,4.5899999999999999,-0.19966294760322698,,,
460,4.6000000000000005,-0.19928883937875902,,,
461,4.6100000000000003,-0.19884081763999553,,,
462,4.6200000000000001,-0.19826747199774661,,,
463,4.6299999999999999,-0.19743124754064748,,,
464,4.6399999999999997,-0.19633319011475453,,,
465,4.6500000000000004,-0.19499466102114654,,,
466,4.6600000000000001,-0.19355547073833554,,,
467,4.6699999999999999,-0.19199980124993782,,,
468,4.6799999999999997,-0.19020707988527469,,,
469,4.6900000000000004,-0.18817830284019874,,,
470,4.7000000000000002,-0.18588361408359377,,,
471,4.71,-0.18335852482993839,,,
472,4.7199999999999998,-0.18062553465782982,,,
473,4.7300000000000004,-0.17780797045032115,,,
474,4.7400000000000002,-0.17503366603772869,,,
475,4.75,-0.17241588220619533,,,
476,4.7599999999999998,-0.16980991830393191,,,
477,4.7700000000000005,-0.16724267070184518,,,
478,4.7800000000000002,-0.16462979955620902,,,
479,4.79,-0.16181662673831324,,,
480,4.7999999999999998,-0.15882538365963042,,,
481,4.8100000000000005,-0.15570458500191994,,,
482,4.8200000000000003,-0.1525124160071219,,,
483,4.8300000000000001,-0.14969971161410678,,,
484,4.8399999999999999,-0.14710123122239124,,,
485,4.8500000000000005,-0.14459218212842809,,,
486,4.8600000000000003,-0.14184710737732584,,,
487,4.8700000000000001,-0.13884981506960389,,,
488,4.8799999999999999,-0.13550113924050267,,,
489,4.8899999999999997,-0.13191717458584803,,,
490,4.9000000000000004,-0.12803818831412223,,,
491,4.9100000000000001,-0.1241970061088464,,,
492,4.9199999999999999,-0.1204666243683319,,,
493,4.9299999999999997,-0.11721113949251399,,,
494,4.9400000000000004,-0.11458671882424656,,,
495,4.9500000000000002,-0.11238799986060134,,,
496,4.96,-0.11010167235404804,,,
497,4.9699999999999998,-0.10804465055626705,,,
498,4.9800000000000004,-0.10617557989163799,,,
499,4.9900000000000002,-0.10426731709210442,,,
500,5,-0.10247110412422963,,,
501,5.0099999999999998,-0.10075512695959825,,,
502,5.0200000000000005,-0.099188160831639685,,,
503,5.0300000000000002,-0.097784391078192798,,,
504,5.04,-0.096516394358280036,,,
505,5.0499999999999998,-0.095280890254271375,,,
506,5.0600000000000005,-0.094076862136854289,,,
507,5.0700000000000003,-0.092957093620566547,,,
508,5.0800000000000001,-0.091804715857353544,,,
509,5.0899999999999999,-0.090660548098256952,,,
510,5.1000000000000005,-0.089522539294257616,,,
511,5.1100000000000003,-0.088340730931763881,,,
512,5.1200000000000001,-0.086971314905913394,,,
513,5.1299999999999999,-0.085741045114764047,,,
514,5.1399999999999997,-0.084579985047405534,,,
515,5.1500000000000004,-0.083292902978566868,,,
516,5.1600000000000001,-0.081783207107005637,,,
517,5.1699999999999999,-0.080251758465116202,,,
518,5.1799999999999997,-0.07851490373371256,,,
519,5.1900000000000004,-0.076997661284444449,,,
520,5.2000000000000002,-0.075544485688761417,,,
521,5.21,-0.074273863027646159,,,
522,5.2199999999999998,-0.073133696529165571,,,
523,5.2300000000000004,-0.071827176819257904,,,
524,5.2400000000000002,-0.070387218404241073,,,
525,5.25,-0.068880781194814,,,
526,5.2599999999999998,-0.067189113012060986,,,
527,5.2700000000000005,-0.065539379139008966,,,
528,5.2800000000000002,-0.063583378044973007,,,
529,5.29,-0.061178008606210636,,,
530,5.2999999999999998,-0.058730156607956809,,,
531,5.3100000000000005,-0.056020298430768445,,,
532,5.3200000000000003,-0.053751016196659084,,,
533,5.3300000000000001,-0.051387564864405696,,,
534,5.3399999999999999,-0.049222421075306104,,,
535,5.3500000000000005,-0.047393197038932959,,,
536,5.3600000000000003,-0.045661334394494053,,,
537,5.3700000000000001,-0.04426546835100393,,,
538,5.3799999999999999,-0.042702685584167906,,,
539,5.3899999999999997,-0.041044537222939853,,,
540,5.4000000000000004,-0.039504183682756044,,,
541,5.4100000000000001,-0.038231546596187584,,,
542,5.4199999999999999,-0.036806616164575999,,,
543,5.4299999999999997,-0.035888243688181283,,,
544,5.4400000000000004,-0.034875956446376123,,,
545,5.4500000000000002,-0.033616544925294152,,,
546,5.46,-0.032298600984615192,,,
547,5.4699999999999998,-0.030336882318019183,,,
548,5.4800000000000004,-0.027989962434028768,,,
549,5.4900000000000002,-0.025470383981923927,,,
550,5.5,-0.022773515200937424,,,
551,5.5099999999999998,-0.020524388924017922,,,
552,5.5200000000000005,-0.018417833459158445,,,
553,5.5300000000000002,-0.01641360051023338,,,
554,5.54,-0.014666551259273951,,,
555,5.5499999999999998,-0.013721570375323625,,,
556,5.5600000000000005,-0.013072893360215863,,,
557,5.5700000000000003,-0.012849237079640356,,,
558,5.5800000000000001,-0.013205276425792823,,,
559,5.5899999999999999,-0.013728042692347254,,,
560,5.6000000000000005,-0.014489384968387234,,,
561,5.6100000000000003,-0.015226117421752396,,,
562,5.6200000000000001,-0.016134885233831071,,,
563,5.6299999999999999,-0.01690323174093843,,,
564,5.6399999999999997,-0.017870661924945228,,,
565,5.6500000000000004,-0.018675226987765567,,,
566,5.6600000000000001,-0.018855842758843847,,,
567,5.6699999999999999,-0.019097251658101451,,,
568,5.6799999999999997,-0.018966999990344693,,,
569,5.6900000000000004,-0.019015573570555219,,,
570,5.7000000000000002,-0.019070948814299389,,,
571,5.71,-0.019268530844514825,,,
572,5.7199999999999998,-0.019151684837280913,,,
573,5.7300000000000004,-0.018779989004961598,,,
574,5.7400000000000002,-0.0184967789793903,,,
575,5.75,-0.018630389650285465,,,
576,5.7599999999999998,-0.018740804399250147,,,
577,5.7700000000000005,-0.019063205250017284,,,
578,5.7800000000000002,-0.019357815218155265,,,
579,5.79,-0.019833607231437362,,,
580,5.7999999999999998,-0.020175506216572138,,,
581,5.8100000000000005,-0.020671107926515386,,,
582,5.8200000000000003,-0.02124658612294544,,,
583,5.8300000000000001,-0.021814930704018302,,,
584,5.8399999999999999,-0.022495718336505748,,,
585,5.8500000000000005,-0.023078778863022505,,,
586,5.8600000000000003,-0.0236559775733797,,,
587,5.8700000000000001,-0.024218472005083629,,,
588,5.8799999999999999,-0.024790333198940823,,,
589,5.8899999999999997,-0.025446800537128271,,,
590,5.9000000000000004,-0.026128010872181535,,,
591,5.9100000000000001,-0.027077795279060513,,,
592,5.9199999999999999,-0.028012665075923031,,,
593,5.9299999999999997,-0.02876518758383334,,,
594,5.9400000000000004,-0.029524682184261613,,,
595,5.9500000000000002,-0.030210960659515399,,,
596,5.96,-0.031142506957006204,,,
597,5.9699999999999998,-0.032586245342627558,,,
598,5.9800000000000004,-0.034118633891717903,,,
599,5.9900000000000002,-0.035906903282118756,,,
600,6,-0.03762232823923202,,,
601,6.0099999999999998,-0.039170840315592093,,,
602,6.0200000000000005,-0.040577073558757247,,,
603,6.0300000000000002,-0.041905070226489115,,,
604,6.04,-0.043143058870204913,,,
605,6.0499999999999998,-0.044307625691477212,,,
606,6.0600000000000005,-0.045362829006889101,,,
607,6.0700000000000003,-0.046367451292575662,,,
608,6.0800000000000001,-0.047506091726124397,,,
609,6.0899999999999999,-0.048665730236060502,,,
610,6.1000000000000005,-0.049993497078391867,,,
611,6.1100000000000003,-0.051408716636107854,,,
612,6.1200000000000001,-0.05277910507165319,,,
613,6.1299999999999999,-0.054029532580455814,,,
614,6.1400000000000006,-0.055363127151235092,,,
615,6.1500000000000004,-0.056938209792281598,,,
616,6.1600000000000001,-0.058396549843967506,,,
617,6.1699999999999999,-0.060141391459506199,,,
618,6.1799999999999997,-0.061928844887522573,,,
619,6.1900000000000004,-0.063951930424704845,,,
620,6.2000000000000002,-0.065818134459622757,,,
621,6.21,-0.067903010462162849,,,
622,6.2199999999999998,-0.069851243300103089,,,
623,6.2300000000000004,-0.072000262193772563,,,
624,6.2400000000000002,-0.07396982871652831,,,
625,6.25,-0.075944259685896617,,,
626,6.2599999999999998,-0.07776754086642447,,,
627,6.2700000000000005,-0.079459633424592946,,,
628,6.2800000000000002,-0.080957122137387247,,,
629,6.29,-0.08230598568130737,,,
630,6.2999999999999998,-0.083357629175939682,,,
631,6.3100000000000005,-0.084455844416136003,,,
632,6.3200000000000003,-0.085568228412899308,,,
633,6.3300000000000001,-0.086656105407868333,,,
634,6.3399999999999999,-0.087609305157738682,,,
635,6.3500000000000005,-0.088503722524772968,,,
636,6.3600000000000003,-0.089168025354216973,,,
637,6.3700000000000001,-0.090223943871621665,,,
638,6.3799999999999999,-0.091310955154048148,,,
639,6.3900000000000006,-0.092465801394732899,,,
640,6.4000000000000004,-0.093650352152547606,,,
641,6.4100000000000001,-0.094971398548079275,,,
642,6.4199999999999999,-0.096270668896663622,,,
643,6.4299999999999997,-0.097614731300989022,,,
644,6.4400000000000004,-0.098894082393662291,,,
645,6.4500000000000002,-0.10020839578429522,,,
646,6.46,-0.10144554451929387,,,
647,6.4699999999999998,-0.10266774979072525,,,
648,6.4800000000000004,-0.10400531853262845,,,
649,6.4900000000000002,-0.10534342742143334,,,
650,6.5,-0.10663744072915658,,,
651,6.5099999999999998,-0.10789173824137775,,,
652,6.5200000000000005,-0.10919587100726606,,,
653,6.5300000000000002,-0.11057424221501977,,,
654,6.54,-0.11204277149066123,,,
655,6.5499999999999998,-0.11369349357855243,,,
656,6.5600000000000005,-0.11559242011078298,,,
657,6.5700000000000003,-0.117520016307588,,,
658,6.5800000000000001,-0.11909232060567809,,,
659,6.5899999999999999,-0.12046320285253727,,,
660,6.6000000000000005,-0.1217219102108229,,,
661,6.6100000000000003,-0.123047498526837,,,
662,6.6200000000000001,-0.12437717648812936,,,
663,6.6299999999999999,-0.12567750612962278,,,
664,6.6400000000000006,-0.1268811875335209,,,
665,6.6500000000000004,-0.12814886201511433,,,
666,6.6600000000000001,-0.12927453078495937,,,
667,6.6699999999999999,-0.1303990760337497,,,
668,6.6799999999999997,-0.13162316979871125,,,
669,6.6900000000000004,-0.1329869585733961,,,
670,6.7000000000000002,-0.13298727521505477,,,
671,6.71,-0.1353820695998941,,,
672,6.7199999999999998,-0.13628707316382871,,,
673,6.7300000000000004,-0.13702816396535147,,,
674,6.7400000000000002,-0.13768224815736427,,,
675,6.75,-0.13817457676642189,,,
676,6.7599999999999998,-0.13875398498128785,,,
677,6.7700000000000005,-0.1391358273759602,,,
678,6.7800000000000002,-0.13959819589166086,,,
679,6.79,-0.1400017062899751,,,
680,6.7999999999999998,-0.14022498374435385,,,
681,6.8100000000000005,-0.14044527864848866,,,
682,6.8200000000000003,-0.14046489510850141,,,
683,6.8300000000000001,-0.14021140967655923,,,
684,6.8399999999999999,-0.13999530494186183,,,
685,6.8500000000000005,-0.13950455938427195,,,
686,6.8600000000000003,-0.13897492699342484,,,
687,6.8700000000000001,-0.13838399254426184,,,
688,6.8799999999999999,-0.13792886522280207,,,
689,6.8900000000000006,-0.1377120634646182,,,
690,6.9000000000000004,-0.13758426880628505,,,
691,6.9100000000000001,-0.13730882308216655,,,
692,6.9199999999999999,-0.1366408919394109,,,
693,6.9299999999999997,-0.13663777881527758,,,
694,6.9400000000000004,-0.13562134742329129,,,
695,6.9500000000000002,-0.13527048820962689,,,
696,6.96,-0.13494226447417326,,,
697,6.9699999999999998,-0.13440426423646668,,,
698,6.9800000000000004,-0.13415231846194525,,,
699,6.9900000000000002,-0.13389405874202406,,,
700,7,-0.13381920065202588,,,
701,7.0099999999999998,-0.13371916741087381,,,
702,7.0200000000000005,-0.13358573631914922,,,
703,7.0300000000000002,-0.13355786770951492,,,
704,7.04,-0.13354967650292693,,,
705,7.0499999999999998,-0.13345477074010195,,,
706,7.0600000000000005,-0.13320723885228902,,,
707,7.0700000000000003,-0.13296915902344855,,,
708,7.0800000000000001,-0.13255837508161381,,,
709,7.0899999999999999,-0.13212024348817084,,,
710,7.1000000000000005,-0.13161660217050244,,,
711,7.1100000000000003,-0.13128330534120208,,,
712,7.1200000000000001,-0.1309152527899011,,,
713,7.1299999999999999,-0.13073752468331307,,,
714,7.1400000000000006,-0.13063047037444575,,,
715,7.1500000000000004,-0.13073382766630948,,,
716,7.1600000000000001,-0.13100368808937746,,,
717,7.1699999999999999,-0.13131583288899498,,,
718,7.1799999999999997,-0.13162005540444993,,,
719,7.1900000000000004,-0.13196837497049421,,,
720,7.2000000000000002,-0.13257747211146254,,,
721,7.21,-0.13318023717058797,,,
722,7.2199999999999998,-0.13354373536603595,,,
723,7.2300000000000004,-0.13369398029319293,,,
724,7.2400000000000002,-0.13373865351459796,,,
725,7.25,-0.13380085385197646,,,
726,7.2599999999999998,-0.13394089725063762,,,
727,7.2700000000000005,-0.13405310985332961,,,
728,7.2800000000000002,-0.13373338306442983,,,
729,7.29,-0.13333299341713523,,,
730,7.2999999999999998,-0.13274842388780364,,,
731,7.3100000000000005,-0.13224342043532597,,,
732,7.3200000000000003,-0.13175773357855952,,,
733,7.3300000000000001,-0.13121513682613786,,,
734,7.3399999999999999,-0.13064930161040811,,,
735,7.3500000000000005,-0.13016812482672008,,,
736,7.3600000000000003,-0.12988795990855184,,,
737,7.3700000000000001,-0.12992013248648518,,,
738,7.3799999999999999,-0.13011938816817664,,,
739,7.3900000000000006,-0.13011847500605339,,,
740,7.4000000000000004,-0.13078027399666542,,,
741,7.4100000000000001,-0.13113790651777496,,,
742,7.4199999999999999,-0.13154748755661774,,,
743,7.4299999999999997,-0.13184927162082988,,,
744,7.4400000000000004,-0.13212845877363233,,,
745,7.4500000000000002,-0.13229123408511481,,,
746,7.46,-0.13245624090838934,,,
747,7.4699999999999998,-0.13254109840073872,,,
748,7.4800000000000004,-0.1326484978317698,,,
749,7.4900000000000002,-0.132651639404786,,,
750,7.5,-0.13258466837075433,,,
751,7.5099999999999998,-0.13248230851499096,,,
752,7.5200000000000005,-0.13219195931379274,,,
753,7.5300000000000002,-0.13184133978901696,,,
754,7.54,-0.1316264703565333,,,
755,7.5499999999999998,-0.13166484428107317,,,
756,7.5600000000000005,-0.13179458659493329,,,
757,7.5700000000000003,-0.13182695391274754,,,
758,7.5800000000000001,-0.13204522816228634,,,
759,7.5899999999999999,-0.13215825856371119,,,
760,7.6000000000000005,-0.13233027090287905,,,
761,7.6100000000000003,-0.13252832985194837,,,
762,7.6200000000000001,-0.13269546246416361,,,
763,7.6299999999999999,-0.13281411795998974,,,
764,7.6400000000000006,-0.13289540393788421,,,
765,7.6500000000000004,-0.13292422744728571,,,
766,7.6600000000000001,-0.13287712972080376,,,
767,7.6699999999999999,-0.13269334861448043,,,
768,7.6799999999999997,-0.13258616977828483,,,
769,7.6900000000000004,-0.13242306843291257,,,
770,7.7000000000000002,-0.13230368672593809,,,
771,7.71,-0.13217557184675391,,,
772,7.7199999999999998,-0.13207534492355033,,,
773,7.7300000000000004,-0.13196530985872251,,,
774,7.7400000000000002,-0.13183944052976981,,,
775,7.75,-0.13163331844415582,,,
776,7.7599999999999998,-0.1313784599147409,,,
777,7.7700000000000005,-0.13111860049549301,,,
778,7.7800000000000002,-0.13083031950601093,,,
779,7.79,-0.13047368865425552,,,
780,7.7999999999999998,-0.13010628638252783,,,
781,7.8100000000000005,-0.12975095410421286,,,
782,7.8200000000000003,-0.12943475179208183,,,
783,7.8300000000000001,-0.12920053378709542,,,
784,7.8399999999999999,-0.12906237626353878,,,
785,7.8500000000000005,-0.1289898282074444,,,
786,7.8600000000000003,-0.12892748259207445,,,
787,7.8700000000000001,-0.12894172806496448,,,
788,7.8799999999999999,-0.12892320157913914,,,
789,7.8900000000000006,-0.12884456668053201,,,
790,7.9000000000000004,-0.1287274236512026,,,
791,7.9100000000000001,-0.1286135476824509,,,
792,7.9199999999999999,-0.1284391876758664,,,
793,7.9300000000000006,-0.12824479230782707,,,
794,7.9400000000000004,-0.12797867792700965,,,
795,7.9500000000000002,-0.12773016186478606,,,
796,7.96,-0.12742461282396444,,,
797,7.9699999999999998,-0.12718681852715358,,,
798,7.9800000000000004,-0.12704921649180884,,,
799,7.9900000000000002,-0.12706686419193711,,,
800,8,-0.12707928918413799,,,
801,8.0099999999999998,-0.12714927406272586,,,
802,8.0199999999999996,-0.12715488200610978,,,
803,8.0299999999999994,-0.12718265839297324,,,
804,8.0400000000000009,-0.12708816795906594,,,
805,8.0500000000000007,-0.12689428033962474,,,
806,8.0600000000000005,-0.12664394565157586,,,
807,8.0700000000000003,-0.12635400473089942,,,
808,8.0800000000000001,-0.12603550263418375,,,
809,8.0899999999999999,-0.12573883755852014,,,
810,8.0999999999999996,-0.12551906304526592,,,
811,8.1099999999999994,-0.12535602937536619,,,
812,8.120000000000001,-0.12522111936653355,,,
813,8.1300000000000008,-0.12509003097629467,,,
814,8.1400000000000006,-0.12491194995328316,,,
815,8.1500000000000004,-0.12472369702600999,,,
816,8.1600000000000001,-0.12451651632729194,,,
817,8.1699999999999999,-0.12438455656865118,,,
818,8.1799999999999997,-0.12434114625843373,,,
819,8.1899999999999995,-0.12431357043272104,,,
820,8.1999999999999993,-0.12419074907075442,,,
821,8.2100000000000009,-0.12407763141777908,,,
822,8.2200000000000006,-0.12394911684315092,,,
823,8.2300000000000004,-0.12373912664688418,,,
824,8.2400000000000002,-0.12348254950846517,,,
825,8.25,-0.12317418125624643,,,
826,8.2599999999999998,-0.1227702014401038,,,
827,8.2699999999999996,-0.12230763867698737,,,
828,8.2799999999999994,-0.12186799579871431,,,
829,8.2900000000000009,-0.12137164829781642,,,
830,8.3000000000000007,-0.12079642522597897,,,
831,8.3100000000000005,-0.12020768860324341,,,
832,8.3200000000000003,-0.11957681226698065,,,
833,8.3300000000000001,-0.11893882228445378,,,
834,8.3399999999999999,-0.1182688756262391,,,
835,8.3499999999999996,-0.11751368795032502,,,
836,8.3599999999999994,-0.11682720651060104,,,
837,8.370000000000001,-0.11621174639132933,,,
838,8.3800000000000008,-0.11564363038569651,,,
839,8.3900000000000006,-0.11511435574317233,,,
840,8.4000000000000004,-0.1146106063066526,,,
841,8.4100000000000001,-0.11406418919879829,,,
842,8.4199999999999999,-0.11341944965517511,,,
843,8.4299999999999997,-0.11280071849874913,,,
844,8.4399999999999995,-0.11219145275616589,,,
845,8.4499999999999993,-0.11182381319689771,,,
846,8.4600000000000009,-0.11152315398401785,,,
847,8.4700000000000006,-0.11122871737406723,,,
848,8.4800000000000004,-0.11095925152439443,,,
849,8.4900000000000002,-0.11059336524955719,,,
850,8.5,-0.11021619482165017,,,
851,8.5099999999999998,-0.10981614208615978,,,
852,8.5199999999999996,-0.10941386761965083,,,
853,8.5299999999999994,-0.1090222847387274,,,
854,8.5400000000000009,-0.10873178248757136,,,
855,8.5500000000000007,-0.10854815020178858,,,
856,8.5600000000000005,-0.1084538697490047,,,
857,8.5700000000000003,-0.10850505178436017,,,
858,8.5800000000000001,-0.10860456327065417,,,
859,8.5899999999999999,-0.10865427667772189,,,
860,8.5999999999999996,-0.10866022321895942,,,
861,8.6099999999999994,-0.1086877136398787,,,
862,8.620000000000001,-0.10869093298028522,,,
863,8.6300000000000008,-0.10872023031559826,,,
864,8.6400000000000006,-0.10868434846851974,,,
865,8.6500000000000004,-0.10852973781389673,,,
866,8.6600000000000001,-0.10822167384603326,,,
867,8.6699999999999999,-0.10781337717656743,,,
868,8.6799999999999997,-0.10730463480673585,,,
869,8.6899999999999995,-0.10680365539154636,,,
870,8.7000000000000011,-0.10626516042706187,,,
871,8.7100000000000009,-0.10568527042748885,,,
872,8.7200000000000006,-0.10501023545008904,,,
873,8.7300000000000004,-0.10434579009144102,,,
874,8.7400000000000002,-0.10362819585190462,,,
875,8.75,-0.10269864830635173,,,
876,8.7599999999999998,-0.10164083468878195,,,
877,8.7699999999999996,-0.10059508400200638,,,
878,8.7799999999999994,-0.099650042371573724,,,
879,8.7900000000000009,-0.099067668244566434,,,
880,8.8000000000000007,-0.098712985942614351,,,
881,8.8100000000000005,-0.098729499777801183,,,
882,8.8200000000000003,-0.098015958815557983,,,
883,8.8300000000000001,-0.097635477731833412,,,
884,8.8399999999999999,-0.097206534328844477,,,
885,8.8499999999999996,-0.096811266090055567,,,
886,8.8599999999999994,-0.096420542674481899,,,
887,8.870000000000001,-0.096112209217842234,,,
888,8.8800000000000008,-0.095768841616947958,,,
889,8.8900000000000006,-0.095459412174229819,,,
890,8.9000000000000004,-0.095102908760780785,,,
891,8.9100000000000001,-0.09470326260721014,,,
892,8.9199999999999999,-0.094309856009334309,,,
893,8.9299999999999997,-0.093994479881269424,,,
894,8.9399999999999995,-0.093644930976306814,,,
895,8.9500000000000011,-0.093306270662811219,,,
896,8.9600000000000009,-0.092857720809401981,,,
897,8.9700000000000006,-0.092454641518379774,,,
898,8.9800000000000004,-0.09185829143658282,,,
899,8.9900000000000002,-0.091150091034095812,,,
900,9,-0.0903382428531746,,,
901,9.0099999999999998,-0.089568828444606771,,,
902,9.0199999999999996,-0.088869793166715699,,,
903,9.0299999999999994,-0.088281322381147415,,,
904,9.0400000000000009,-0.08776547710600513,,,
905,9.0500000000000007,-0.087123216640510787,,,
906,9.0600000000000005,-0.086416939655657249,,,
907,9.0700000000000003,-0.085687347846167536,,,
908,9.0800000000000001,-0.084953035843645788,,,
909,9.0899999999999999,-0.084214436369798376,,,
910,9.0999999999999996,-0.083458382342236084,,,
911,9.1099999999999994,-0.08265993095394937,,,
912,9.120000000000001,-0.081852275848450368,,,
913,9.1300000000000008,-0.080941709749768942,,,
914,9.1400000000000006,-0.079997563898310628,,,
915,9.1500000000000004,-0.079049790192439406,,,
916,9.1600000000000001,-0.078192780829628647,,,
917,9.1699999999999999,-0.077380385534199181,,,
918,9.1799999999999997,-0.076600830923820501,,,
919,9.1899999999999995,-0.075761843392412542,,,
920,9.2000000000000011,-0.074942015341294424,,,
921,9.2100000000000009,-0.074059199730882957,,,
922,9.2200000000000006,-0.07324736740956575,,,
923,9.2300000000000004,-0.072508545128437282,,,
924,9.2400000000000002,-0.071862894023206156,,,
925,9.25,-0.071191026947785507,,,
926,9.2599999999999998,-0.070536286329721046,,,
927,9.2699999999999996,-0.069800872885760673,,,
928,9.2799999999999994,-0.069030323224198428,,,
929,9.2900000000000009,-0.069063860908348498,,,
930,9.3000000000000007,-0.067325709934717648,,,
931,9.3100000000000005,-0.066491331063316644,,,
932,9.3200000000000003,-0.065697815963713435,,,
933,9.3300000000000001,-0.064934351291513787,,,
934,9.3399999999999999,-0.064214567617688956,,,
935,9.3499999999999996,-0.063590690843906464,,,
936,9.3599999999999994,-0.06315682592324659,,,
937,9.370000000000001,-0.062622241497501868,,,
938,9.3800000000000008,-0.062202261815602698,,,
939,9.3900000000000006,-0.061865987828363597,,,
940,9.4000000000000004,-0.061522563258921012,,,
941,9.4100000000000001,-0.060734527829020772,,,
942,9.4199999999999999,-0.059711521038061946,,,
943,9.4299999999999997,-0.058564918177805118,,,
944,9.4399999999999995,-0.057304618984989515,,,
945,9.4500000000000011,-0.056029266370236461,,,
946,9.4600000000000009,-0.054821010076029929,,,
947,9.4700000000000006,-0.053644089577159597,,,
948,9.4800000000000004,-0.052510214622426908,,,
949,9.4900000000000002,-0.052512835590381571,,,
950,9.5,-0.050204410679932199,,,
951,9.5099999999999998,-0.049057798038390082,,,
952,9.5199999999999996,-0.047796850182577587,,,
953,9.5299999999999994,-0.046160284115735084,,,
954,9.5400000000000009,-0.044514522916823736,,,
955,9.5500000000000007,-0.043109595110752234,,,
956,9.5600000000000005,-0.041712085825206358,,,
957,9.5700000000000003,-0.040355685307347643,,,
958,9.5800000000000001,-0.039081371352864304,,,
959,9.5899999999999999,-0.037764391331236033,,,
960,9.5999999999999996,-0.03641214995454118,,,
961,9.6099999999999994,-0.03477332368619182,,,
962,9.620000000000001,-0.032908209326342995,,,
963,9.6300000000000008,-0.030673467963160433,,,
964,9.6400000000000006,-0.028179595434024939,,,
965,9.6500000000000004,-0.025147416717824781,,,
966,9.6600000000000001,-0.021913304554274097,,,
967,9.6699999999999999,-0.018997090193580601,,,
968,9.6799999999999997,-0.016177123246417548,,,
969,9.6899999999999995,-0.013367278100191995,,,
970,9.7000000000000011,-0.010476688687059907,,,
971,9.7100000000000009,-0.0076242360542698997,,,
972,9.7200000000000006,-0.0049208189947525629,,,
973,9.7300000000000004,-0.002594806394698708,,,
974,9.7400000000000002,6.3765987229341824e-05,,,
975,9.75,0.002853912943978393,,,
976,9.7599999999999998,0.0054227760923698243,,,
977,9.7699999999999996,0.0082352451047059891,,,
978,9.7799999999999994,0.011035492001774829,,,
979,9.7900000000000009,0.013399825388138244,,,
980,9.8000000000000007,0.013406857017639147,,,
981,9.8100000000000005,0.018533953288804302,,,
982,9.8200000000000003,0.020852611908905958,,,
983,9.8300000000000001,0.023048764163361532,,,
984,9.8399999999999999,0.025423299679268384,,,
985,9.8499999999999996,0.028015867522020316,,,
986,9.8599999999999994,0.030644408502159465,,,
987,9.870000000000001,0.033501065479550111,,,
988,9.8800000000000008,0.036639469030182843,,,
989,9.8900000000000006,0.039905287529051814,,,
990,9.9000000000000004,0.042666464545683319,,,
991,9.9100000000000001,0.045078744168715962,,,
992,9.9199999999999999,0.047565428899459951,,,
993,9.9299999999999997,0.049820304830132209,,,
994,9.9399999999999995,0.051747130110206346,,,
995,9.9500000000000011,0.05321895537785179,,,
996,9.9600000000000009,0.054607314266038404,,,
997,9.9700000000000006,0.056237999127363478,,,
998,9.9800000000000004,0.057771974203143991,,,
999,9.9900000000000002,0.059149186954627356,,,
1000,10,0.06004256976130308,,,
1001,10.01,0.060372485344027178,,,
1002,10.02,0.060293743767860376,,,
1003,10.029999999999999,0.059960710088276511,,,
1004,10.040000000000001,0.059417804998155896,,,
1005,10.050000000000001,0.058760466856689626,,,
1006,10.06,0.058089485708657157,,,
1007,10.07,0.057384616418980405,,,
1008,10.08,0.056460219016019532,,,
1009,10.09,0.055066562846708078,,,
1010,10.1,0.053375707830055713,,,
1011,10.109999999999999,0.051322022873203768,,,
1012,10.120000000000001,0.049137735084091187,,,
1013,10.130000000000001,0.046684134283920098,,,
1014,10.140000000000001,0.044113943867684656,,,
1015,10.15,0.041652215178740355,,,
1016,10.16,0.039581527393041264,,,
1017,10.17,0.037573603247049614,,,
1018,10.18,0.03558817652448127,,,
1019,10.19,0.033400671624555019,,,
1020,10.200000000000001,0.031156879884751108,,,
1021,10.210000000000001,0.028830034270998218,,,
1022,10.220000000000001,0.026488007411830352,,,
1023,10.23,0.024274322102766567,,,
1024,10.24,0.022271245726483393,,,
1025,10.25,0.020177228545446003,,,
1026,10.26,0.018114268376834053,,,
1027,10.27,0.0161776648612908,,,
1028,10.279999999999999,0.014405761689198842,,,
1029,10.290000000000001,0.012562211415080796,,,
1030,10.300000000000001,0.010540577435604617,,,
1031,10.31,0.0081663186067296358,,,
1032,10.32,0.0057334706701286792,,,
1033,10.33,0.0034589463758222922,,,
1034,10.34,0.0012597510750205149,,,
1035,10.35,-0.0010449676729470054,,,
1036,10.359999999999999,-0.0036730807395342047,,,
1037,10.370000000000001,-0.0064047236925196434,,,
1038,10.380000000000001,-0.0093459468904097103,,,
1039,10.390000000000001,-0.012278147627098708,,,
1040,10.4,-0.015188914556236287,,,
1041,10.41,-0.018219831457408683,,,
1042,10.42,-0.021308603453708389,,,
1043,10.43,-0.02418398371636447,,,
1044,10.44,-0.026976754480472206,,,
1045,10.450000000000001,-0.029667392259863978,,,
1046,10.460000000000001,-0.032279129414530004,,,
1047,10.470000000000001,-0.034736108014489578,,,
1048,10.48,-0.037124591139541835,,,
1049,10.49,-0.03952805679578178,,,
1050,10.5,-0.041950711033465891,,,
1051,10.51,-0.044247108645995098,,,
1052,10.52,-0.047204026950530061,,,
1053,10.529999999999999,-0.050033691126185317,,,
1054,10.540000000000001,-0.052156121559222439,,,
1055,10.550000000000001,-0.054008943984267387,,,
1056,10.56,-0.055432137089661111,,,
1057,10.57,-0.056785103586139252,,,
1058,10.58,-0.057901257756249054,,,
1059,10.59,-0.05889340132170328,,,
1060,10.6,-0.059719475465867804,,,
1061,10.609999999999999,-0.060453869836924523,,,
1062,10.620000000000001,-0.061171810814103902,,,
1063,10.630000000000001,-0.061865693406051622,,,
1064,10.640000000000001,-0.062462799303064351,,,
1065,10.65,-0.063179016031589388,,,
1066,10.66,-0.063932010505768078,,,
1067,10.67,-0.064815662736644714,,,
1068,10.68,-0.06593152754282125,,,
1069,10.69,-0.067432277732509149,,,
1070,10.700000000000001,-0.06913485525876184,,,
1071,10.710000000000001,-0.070979078549763722,,,
1072,10.720000000000001,-0.072935488375137858,,,
1073,10.73,-0.074871449249118718,,,
1074,10.74,-0.077276260617849743,,,
1075,10.75,-0.079675471773830928,,,
1076,10.76,-0.082135317568270819,,,
1077,10.77,-0.084711284200884598,,,
1078,10.779999999999999,-0.087098086481319836,,,
1079,10.790000000000001,-0.089628735681019478,,,
1080,10.800000000000001,-0.092286494773914374,,,
1081,10.81,-0.094926918017771061,,,
1082,10.82,-0.097843924208632166,,,
1083,10.83,-0.10075817758253905,,,
1084,10.84,-0.10350631517463436,,,
1085,10.85,-0.10634018241370052,,,
1086,10.859999999999999,-0.10940716262912803,,,
1087,10.870000000000001,-0.11251399610100993,,,
1088,10.880000000000001,-0.11548681438830329,,,
1089,10.890000000000001,-0.11864435753093132,,,
1090,10.9,-0.12188446462205393,,,
1091,10.91,-0.1251264127361551,,,
1092,10.92,-0.12834987292331171,,,
1093,10.93,-0.13133566735031951,,,
1094,10.94,-0.13398282078556401,,,
1095,10.950000000000001,-0.13654083455859611,,,
1096,10.960000000000001,-0.13900365757766503,,,
1097,10.970000000000001,-0.14149520312411443,,,
1098,10.98,-0.14418062082888847,,,
1099,10.99,-0.1469758503774779,,,
1100,11,-0.14983087821016033,,,
1101,11.01,-0.15258673560061733,,,
1102,11.02,-0.15510727098624005,,,
1103,11.029999999999999,-0.15776005853614233,,,
1104,11.040000000000001,-0.16024997380325243,,,
1105,11.050000000000001,-0.16262450742906212,,,
1106,11.06,-0.16453478190753454,,,
1107,11.07,-0.16630891272817272,,,
1108,11.08,-0.16809078219426959,,,
1109,11.09,-0.1701799156555093,,,
1110,11.1,-0.17229335220009551,,,
1111,11.109999999999999,-0.17445334261900838,,,
1112,11.120000000000001,-0.17658189200993393,,,
1113,11.130000000000001,-0.17856033769763219,,,
1114,11.140000000000001,-0.18066650441360343,,,
1115,11.15,-0.18315616021027065,,,
1116,11.16,-0.18580980583741694,,,
1117,11.17,-0.18844258320033624,,,
1118,11.18,-0.19118000348823994,,,
1119,11.19,-0.19362997949643751,,,
1120,11.200000000000001,-0.19601912751892819,,,
1121,11.210000000000001,-0.19834397889240613,,,
1122,11.220000000000001,-0.20057252291457917,,,
1123,11.23,-0.20275522666551318,,,
1124,11.24,-0.20524284351128694,,,
1125,11.25,-0.20779382141476552,,,
1126,11.26,-0.21045921163403072,,,
1127,11.27,-0.21326084602479017,,,
1128,11.279999999999999,-0.21630332056002546,,,
1129,11.290000000000001,-0.2193547713326679,,,
1130,11.300000000000001,-0.22238485216521262,,,
1131,11.31,-0.22532898792718201,,,
1132,11.32,-0.22802889066913251,,,
1133,11.33,-0.2304018891028701,,,
1134,11.34,-0.23247033892613861,,,
1135,11.35,-0.23422423962866995,,,
1136,11.359999999999999,-0.23590244366861959,,,
1137,11.370000000000001,-0.23761914218146118,,,
1138,11.380000000000001,-0.23939016503892291,,,
1139,11.390000000000001,-0.24142800442620807,,,
1140,11.4,-0.24360496346947191,,,
1141,11.41,-0.24595337799728456,,,
1142,11.42,-0.24821772381001384,,,
1143,11.43,-0.25023540676749267,,,
1144,11.44,-0.25201517134472656,,,
1145,11.450000000000001,-0.25367300788708563,,,
1146,11.460000000000001,-0.25530866215624481,,,
1147,11.470000000000001,-0.25706749340966079,,,
1148,11.48,-0.25877308853671377,,,
1149,11.49,-0.25876656115413144,,,
1150,11.5,-0.2625657729640975,,,
1151,11.51,-0.26468316582126528,,,
1152,11.52,-0.2669105228628848,,,
1153,11.529999999999999,-0.26919046305535271,,,
1154,11.540000000000001,-0.27155860946247884,,,
1155,11.550000000000001,-0.2738456659203557,,,
1156,11.56,-0.27622281385743519,,,
1157,11.57,-0.27879173201011609,,,
1158,11.58,-0.28157812744334543,,,
1159,11.59,-0.28477164540170102,,,
1160,11.6,-0.28815908665878986,,,
1161,11.609999999999999,-0.29184046572246908,,,
1162,11.620000000000001,-0.29593659833803176,,,
1163,11.630000000000001,-0.30020139816909952,,,
1164,11.640000000000001,-0.30445709051697345,,,
1165,11.65,-0.30879398040085398,,,
1166,11.66,-0.31338447969405814,,,
1167,11.67,-0.31803714044116982,,,
1168,11.68,-0.32257542371095654,,,
1169,11.69,-0.3270220859404353,,,
1170,11.700000000000001,-0.33119975255414569,,,
1171,11.710000000000001,-0.33534153629305097,,,
1172,11.720000000000001,-0.33960288730279559,,,
1173,11.73,-0.34388792387835937,,,
1174,11.74,-0.34820395923202224,,,
1175,11.75,-0.35253706659037448,,,
1176,11.76,-0.35649051853737251,,,
1177,11.77,-0.36043903110339987,,,
1178,11.779999999999999,-0.3638182433163234,,,
1179,11.790000000000001,-0.36740417402109382,,,
1180,11.800000000000001,-0.37103332487081259,,,
1181,11.81,-0.37469487178441169,,,
1182,11.82,-0.37841225526166522,,,
1183,11.83,-0.38229133601483556,,,
1184,11.84,-0.38611358913623595,,,
1185,11.85,-0.38977232906077874,,,
1186,11.859999999999999,-0.3932858543563581,,,
1187,11.870000000000001,-0.39679801834603901,,,
1188,11.880000000000001,-0.40032690769941121,,,
1189,11.890000000000001,-0.40391039825716912,,,
1190,11.9,-0.40753448326513192,,,
1191,11.91,-0.4113263793415195,,,
1192,11.92,-0.41534432179219,,,
1193,11.93,-0.41956286282754685,,,
1194,11.94,-0.42379028851095057,,,
1195,11.950000000000001,-0.42801183246919827,,,
1196,11.960000000000001,-0.43195780942914602,,,
1197,11.970000000000001,-0.43569424676712121,,,
1198,11.98,-0.43920905876079691,,,
1199,11.99,-0.4425602639130285,,,
1200,12,-0.44584544196935016,,,
1201,12.01,-0.44920170933003389,,,
1202,12.02,-0.45277990714633976,,,
1203,12.030000000000001,-0.45663493887265699,,,
1204,12.040000000000001,-0.4606389424347313,,,
1205,12.050000000000001,-0.46444856656483485,,,
1206,12.06,-0.46813602911047153,,,
1207,12.07,-0.47170194515203534,,,
1208,12.08,-0.47512809764450525,,,
1209,12.09,-0.47852251217862579,,,
1210,12.1,-0.4820881620956588,,,
1211,12.109999999999999,-0.48540794071124882,,,
1212,12.120000000000001,-0.48896705329764101,,,
1213,12.130000000000001,-0.49260216610714769,,,
1214,12.140000000000001,-0.49628319008172439,,,
1215,12.15,-0.4999701776421871,,,
1216,12.16,-0.50354496430768536,,,
1217,12.17,-0.50733840572982569,,,
1218,12.18,-0.51091196738344602,,,
1219,12.19,-0.51425444337564907,,,
1220,12.200000000000001,-0.51767543326495258,,,
1221,12.210000000000001,-0.52097189021188073,,,
1222,12.220000000000001,-0.52438337434878779,,,
1223,12.23,-0.52784831982934666,,,
1224,12.24,-0.5314728563827662,,,
1225,12.25,-0.53495363404732521,,,
1226,12.26,-0.53807847424166988,,,
1227,12.27,-0.54087776481419791,,,
1228,12.280000000000001,-0.54387350765778497,,,
1229,12.290000000000001,-0.54704942695175496,,,
1230,12.300000000000001,-0.55029474259809119,,,
1231,12.31,-0.55334365233165173,,,
1232,12.32,-0.55628101256010609,,,
1233,12.33,-0.55896208037064354,,,
1234,12.34,-0.56169369468250108,,,
1235,12.35,-0.56414319962765902,,,
1236,12.359999999999999,-0.56667119964151969,,,
1237,12.370000000000001,-0.56924252720613322,,,
1238,12.380000000000001,-0.57150397547311005,,,
1239,12.390000000000001,-0.57344066965284357,,,
1240,12.4,-0.57538345562019477,,,
1241,12.41,-0.57701905546593435,,,
1242,12.42,-0.57837206287751353,,,
1243,12.43,-0.57980005743492768,,,
1244,12.44,-0.58139355282717786,,,
1245,12.450000000000001,-0.58292064147115996,,,
1246,12.460000000000001,-0.58468695896305067,,,
1247,12.470000000000001,-0.58636195320785178,,,
1248,12.48,-0.58811858097416547,,,
1249,12.49,-0.58974261406419237,,,
1250,12.5,-0.59137043529497746,,,
1251,12.51,-0.59279069342830581,,,
1252,12.52,-0.59411282086443873,,,
1253,12.530000000000001,-0.59552935210905367,,,
1254,12.540000000000001,-0.5969527695179021,,,
1255,12.550000000000001,-0.59836314467110174,,,
1256,12.56,-0.5998467414521268,,,
1257,12.57,-0.6013747738742421,,,
1258,12.58,-0.60321031209205378,,,
1259,12.59,-0.60520240135014736,,,
1260,12.6,-0.60717490049136491,,,
1261,12.609999999999999,-0.60888044095992899,,,
1262,12.620000000000001,-0.61056930134319432,,,
1263,12.630000000000001,-0.6121755592769873,,,
1264,12.640000000000001,-0.61379428197070851,,,
1265,12.65,-0.61523613391390009,,,
1266,12.66,-0.61685928248292532,,,
1267,12.67,-0.61840709536443428,,,
1268,12.68,-0.62005494854902732,,,
1269,12.69,-0.62141225560926427,,,
1270,12.700000000000001,-0.62292699547340036,,,
1271,12.710000000000001,-0.62449394589002849,,,
1272,12.720000000000001,-0.6260267682170958,,,
1273,12.73,-0.62754453664540433,,,
1274,12.74,-0.62883321032922079,,,
1275,12.75,-0.63014051211320332,,,
1276,12.76,-0.63090083345251924,,,
1277,12.77,-0.63135316994596868,,,
1278,12.780000000000001,-0.63158356063657306,,,
1279,12.790000000000001,-0.63159975169965343,,,
1280,12.800000000000001,-0.63153947498692575,,,
1281,12.81,-0.63140397771845702,,,
1282,12.82,-0.63112857592299088,,,
1283,12.83,-0.63070671318287097,,,
1284,12.84,-0.63019361686699082,,,
1285,12.85,-0.62960426051684482,,,
1286,12.859999999999999,-0.62897338090024713,,,
1287,12.870000000000001,-0.6283679892623748,,,
1288,12.880000000000001,-0.62781192039619171,,,
1289,12.890000000000001,-0.62746986464827925,,,
1290,12.9,-0.62700584063111064,,,
1291,12.91,-0.62639941638573549,,,
1292,12.92,-0.62556971698718333,,,
1293,12.93,-0.62458360458961604,,,
1294,12.94,-0.62356825111717928,,,
1295,12.950000000000001,-0.62269285923491113,,,
1296,12.960000000000001,-0.62190428231067574,,,
1297,12.970000000000001,-0.62131022114800294,,,
1298,12.98,-0.62070426613378149,,,
1299,12.99,-0.61984725374867022,,,
1300,13,-0.61893024455108536,,,
1301,13.01,-0.61794827221538351,,,
1302,13.02,-0.61677609088028618,,,
1303,13.030000000000001,-0.61556109536407611,,,
1304,13.040000000000001,-0.61446361281784878,,,
1305,13.050000000000001,-0.61356497369586382,,,
1306,13.06,-0.61300972622708172,,,
1307,13.07,-0.61241033247071319,,,
1308,13.08,-0.6121609447805495,,,
1309,13.09,-0.61169065587037108,,,
1310,13.1,-0.61116057009214719,,,
1311,13.109999999999999,-0.61030874481219943,,,
1312,13.120000000000001,-0.60939872502706072,,,
1313,13.130000000000001,-0.60824635739647803,,,
1314,13.140000000000001,-0.60705332898896258,,,
1315,13.15,-0.60569113679587305,,,
1316,13.16,-0.60430860003485887,,,
1317,13.17,-0.60328535799879857,,,
1318,13.18,-0.60256897438444179,,,
1319,13.19,-0.60195133741008844,,,
1320,13.200000000000001,-0.60163840734902074,,,
1321,13.210000000000001,-0.60138967328789295,,,
1322,13.220000000000001,-0.60127783358848419,,,
1323,13.23,-0.60109051498985899,,,
1324,13.24,-0.60102261766827314,,,
1325,13.25,-0.60088325873927195,,,
1326,13.26,-0.60094029288372985,,,
1327,13.27,-0.60094542604854684,,,
1328,13.280000000000001,-0.60120629582769347,,,
1329,13.290000000000001,-0.60146744989640488,,,
1330,13.300000000000001,-0.60181651878950981,,,
1331,13.31,-0.6020031762771777,,,
1332,13.32,-0.60209181995031757,,,
1333,13.33,-0.601981851304494,,,
1334,13.34,-0.60160840980301822,,,
1335,13.35,-0.60102898337849586,,,
1336,13.359999999999999,-0.6002361522975791,,,
1337,13.370000000000001,-0.59922575494568164,,,
1338,13.380000000000001,-0.59807713478699531,,,
1339,13.390000000000001,-0.59702776600231644,,,
1340,13.4,-0.59598958541550351,,,
1341,13.41,-0.59517183124513917,,,
1342,13.42,-0.59461347522251018,,,
1343,13.43,-0.59447272701160569,,,
1344,13.44,-0.5947573273723471,,,
1345,13.450000000000001,-0.59544458859444038,,,
1346,13.460000000000001,-0.59634771342664084,,,
1347,13.470000000000001,-0.59741621536357392,,,
1348,13.48,-0.59848708492708114,,,
1349,13.49,-0.5993253101339393,,,
1350,13.5,-0.59999519928900191,,,
1351,13.51,-0.6002694277465378,,,
1352,13.52,-0.60030448389977631,,,
1353,13.530000000000001,-0.60014979032352633,,,
1354,13.540000000000001,-0.59978173885278696,,,
1355,13.550000000000001,-0.59940420479717837,,,
1356,13.56,-0.59904637683839179,,,
1357,13.57,-0.59864253952394375,,,
1358,13.58,-0.59850787184059939,,,
1359,13.59,-0.59828381623775462,,,
1360,13.6,-0.59800048409471207,,,
1361,13.609999999999999,-0.59762591873039816,,,
1362,13.620000000000001,-0.59710810407781378,,,
1363,13.630000000000001,-0.59711665192914343,,,
1364,13.640000000000001,-0.5960095929293282,,,
1365,13.65,-0.59550137771994616,,,
1366,13.66,-0.59496310399748831,,,
1367,13.67,-0.59448633675831919,,,
1368,13.68,-0.59411196959024726,,,
1369,13.69,-0.59390098752663079,,,
1370,13.700000000000001,-0.59399597282233152,,,
1371,13.710000000000001,-0.59403557848607402,,,
1372,13.720000000000001,-0.59421930685018987,,,
1373,13.73,-0.59439624448655137,,,
1374,13.74,-0.59452943179611517,,,
1375,13.75,-0.59451770970588436,,,
1376,13.76,-0.59440097166071637,,,
1377,13.77,-0.59419748419519758,,,
1378,13.780000000000001,-0.59364456683607891,,,
1379,13.790000000000001,-0.5931109165442191,,,
1380,13.800000000000001,-0.59256510290523423,,,
1381,13.81,-0.59207532319359357,,,
1382,13.82,-0.59162523272185419,,,
1383,13.83,-0.5912319457174211,,,
1384,13.84,-0.59108025471805692,,,
1385,13.85,-0.59109279314789731,,,
1386,13.859999999999999,-0.5910307321725139,,,
1387,13.870000000000001,-0.59098189912436661,,,
1388,13.880000000000001,-0.59092302452444201,,,
1389,13.890000000000001,-0.5909401622119802,,,
1390,13.9,-0.59109431302122473,,,
1391,13.91,-0.59121501398952381,,,
1392,13.92,-0.59161222726885343,,,
1393,13.93,-0.59179226110343808,,,
1394,13.94,-0.59183138768432386,,,
1395,13.950000000000001,-0.59179413655474367,,,
1396,13.960000000000001,-0.59178098638981924,,,
1397,13.970000000000001,-0.59182479065204907,,,
1398,13.98,-0.59205771743233682,,,
1399,13.99,-0.59245035554653813,,,
1400,14,-0.59273002322059654,,,
1401,14.01,-0.59275014634486523,,,
1402,14.02,-0.59280211052840959,,,
1403,14.030000000000001,-0.59283327152560217,,,
1404,14.040000000000001,-0.59279497203830955,,,
1405,14.050000000000001,-0.59301790138222177,,,
1406,14.06,-0.59302510310002532,,,
1407,14.07,-0.59292527680751717,,,
1408,14.08,-0.59280493813803725,,,
1409,14.09,-0.59281679419571953,,,
1410,14.1,-0.59296547843203862,,,
1411,14.109999999999999,-0.59339506181279611,,,
1412,14.120000000000001,-0.5938736597493196,,,
1413,14.130000000000001,-0.59457180594517134,,,
1414,14.140000000000001,-0.59507047602358309,,,
1415,14.15,-0.59531215193540798,,,
1416,14.16,-0.59521153667817084,,,
1417,14.17,-0.59496519777498791,,,
1418,14.18,-0.59452251700664027,,,
1419,14.19,-0.59398922075508065,,,
1420,14.200000000000001,-0.59361054944489433,,,
1421,14.210000000000001,-0.59324947856282217,,,
1422,14.220000000000001,-0.59301075246202661,,,
1423,14.23,-0.59278177673574284,,,
1424,14.24,-0.59265123277678411,,,
1425,14.25,-0.59264761634569696,,,
1426,14.26,-0.59256094458389974,,,
1427,14.27,-0.59250173576912968,,,
1428,14.280000000000001,-0.59231614820113887,,,
1429,14.290000000000001,-0.5920107511631606,,,
1430,14.300000000000001,-0.59153275309450237,,,
1431,14.31,-0.59100047473320927,,,
1432,14.32,-0.59023587764451824,,,
1433,14.33,-0.58941844039844682,,,
1434,14.34,-0.58856501823537832,,,
1435,14.35,-0.58790949633502254,,,
1436,14.359999999999999,-0.58729413736602021,,,
1437,14.370000000000001,-0.58671235272229827,,,
1438,14.380000000000001,-0.58601287362344578,,,
1439,14.390000000000001,-0.58544274272520269,,,
1440,14.4,-0.58507284102084711,,,
1441,14.41,-0.58483323461899361,,,
1442,14.42,-0.58456792963605286,,,
1443,14.43,-0.58426921577030633,,,
1444,14.44,-0.58392253320427956,,,
1445,14.450000000000001,-0.58367075264238732,,,
1446,14.460000000000001,-0.58342892620149356,,,
1447,14.470000000000001,-0.58302151040929684,,,
1448,14.48,-0.58267206339008593,,,
1449,14.49,-0.58235776957421159,,,
1450,14.5,-0.58222870410811656,,,
1451,14.51,-0.58225830649735399,,,
1452,14.52,-0.58225697502919294,,,
1453,14.530000000000001,-0.582082212082637,,,
1454,14.540000000000001,-0.58175438551045966,,,
1455,14.550000000000001,-0.58130675623026584,,,
1456,14.56,-0.58082426353656014,,,
1457,14.57,-0.58036295887775813,,,
1458,14.58,-0.57987129317697661,,,
1459,14.59,-0.5791694911782328,,,
1460,14.6,-0.57861576789705393,,,
1461,14.609999999999999,-0.5784123315586972,,,
1462,14.620000000000001,-0.57817270261329801,,,
1463,14.630000000000001,-0.57803914346805274,,,
1464,14.640000000000001,-0.57794796031055973,,,
1465,14.65,-0.57775188289456436,,,
1466,14.66,-0.57740693251998298,,,
1467,14.67,-0.57720268090981919,,,
1468,14.68,-0.57656749032530696,,,
1469,14.69,-0.57583540425777768,,,
1470,14.700000000000001,-0.57501833401467284,,,
1471,14.710000000000001,-0.57427105713793614,,,
1472,14.720000000000001,-0.57374539611922559,,,
1473,14.73,-0.57339275824188662,,,
1474,14.74,-0.57317053626681225,,,
1475,14.75,-0.57282154718716372,,,
1476,14.76,-0.57240383004723094,,,
1477,14.77,-0.5718464993294069,,,
1478,14.780000000000001,-0.57112283594702917,,,
1479,14.790000000000001,-0.57019459279331186,,,
1480,14.800000000000001,-0.56918714270063464,,,
1481,14.81,-0.56816586164970162,,,
1482,14.82,-0.56726836326206642,,,
1483,14.83,-0.56652148236557376,,,
1484,14.84,-0.56618451098329858,,,
1485,14.85,-0.56610395224614152,,,
1486,14.859999999999999,-0.56598920970223821,,,
1487,14.870000000000001,-0.56576260939389844,,,
1488,14.880000000000001,-0.56549931704371847,,,
1489,14.890000000000001,-0.56523497095623387,,,
1490,14.9,-0.56475611215454158,,,
1491,14.91,-0.56405036838351497,,,
1492,14.92,-0.56350940588159393,,,
1493,14.93,-0.56340248073198951,,,
1494,14.94,-0.56365843914375247,,,
1495,14.950000000000001,-0.56413371466617268,,,
1496,14.960000000000001,-0.56494478961363837,,,
1497,14.970000000000001,-0.56573175804776921,,,
1498,14.98,-0.56608628998372124,,,
1499,14.99,-0.56601912611277982,,,
1500,15,-0.56575627306363685,,,
1501,15.01,-0.5650975510858155,,,
1502,15.02,-0.56372547134013828,,,
1503,15.030000000000001,-0.56214477596161172,,,
1504,15.040000000000001,-0.56051826821454676,,,
1505,15.050000000000001,-0.55895177594403311,,,
1506,15.06,-0.55767114967184239,,,
1507,15.07,-0.5568749775765145,,,
1508,15.08,-0.55645425596343578,,,
1509,15.09,-0.55616728484627165,,,
1510,15.1,-0.5556818941138717,,,
1511,15.109999999999999,-0.55501170656482313,,,
1512,15.120000000000001,-0.55407563529941461,,,
1513,15.130000000000001,-0.55284353088447946,,,
1514,15.140000000000001,-0.55150549340641419,,,
1515,15.15,-0.55003346197077008,,,
1516,15.16,-0.5488071195597094,,,
1517,15.17,-0.54779909691402429,,,
1518,15.18,-0.5470648356913228,,,
1519,15.19,-0.54644087484949522,,,
1520,15.200000000000001,-0.54569140231147018,,,
1521,15.210000000000001,-0.54489988140912105,,,
1522,15.220000000000001,-0.54406756369876563,,,
1523,15.23,-0.54311439429597663,,,
1524,15.24,-0.54210718191963769,,,
1525,15.25,-0.54078034996683677,,,
1526,15.26,-0.53948813168059384,,,
1527,15.27,-0.53840925172596665,,,
1528,15.280000000000001,-0.53749895695218863,,,
1529,15.290000000000001,-0.53750285436896172,,,
1530,15.300000000000001,-0.53622752049914746,,,
1531,15.31,-0.53549367330734277,,,
1532,15.32,-0.534857616461626,,,
1533,15.33,-0.53389502817800483,,,
1534,15.34,-0.5326899508518268,,,
1535,15.35,-0.53141261964913811,,,
1536,15.359999999999999,-0.53029795112991973,,,
1537,15.370000000000001,-0.52910418759559719,,,
1538,15.380000000000001,-0.52798871496061905,,,
1539,15.390000000000001,-0.5267482556084605,,,
1540,15.4,-0.52570693049069972,,,
1541,15.41,-0.52478806403209954,,,
1542,15.42,-0.52406846582537658,,,
1543,15.43,-0.52367687674804331,,,
1544,15.44,-0.52322121962186663,,,
1545,15.450000000000001,-0.52264505835708652,,,
1546,15.460000000000001,-0.52202411725754705,,,
1547,15.470000000000001,-0.52137047495756428,,,
1548,15.48,-0.52081894352187097,,,
1549,15.49,-0.52044787052172359,,,
1550,15.5,-0.52017464606382613,,,
1551,15.51,-0.51987418932453577,,,
1552,15.52,-0.5194697107204358,,,
1553,15.530000000000001,-0.51923991753525855,,,
1554,15.540000000000001,-0.51930846334786096,,,
1555,15.550000000000001,-0.51934174584592174,,,
1556,15.56,-0.51923268197642825,,,
1557,15.57,-0.51919403909672113,,,
1558,15.58,-0.51911019448152007,,,
1559,15.59,-0.51872717108772304,,,
1560,15.6,-0.51810595364046708,,,
1561,15.610000000000001,-0.51746939818356341,,,
1562,15.620000000000001,-0.51678638521699816,,,
1563,15.630000000000001,-0.51617229751168348,,,
1564,15.640000000000001,-0.51555574958579908,,,
1565,15.65,-0.5152854831967173,,,
1566,15.66,-0.51540226862020855,,,
1567,15.67,-0.51579009538621767,,,
1568,15.68,-0.51620304785706383,,,
1569,15.69,-0.51659503923857342,,,
1570,15.700000000000001,-0.51702958115236175,,,
1571,15.710000000000001,-0.51708549278937654,,,
1572,15.720000000000001,-0.51714109867190416,,,
1573,15.73,-0.51721866433503427,,,
1574,15.74,-0.51728175374867857,,,
1575,15.75,-0.51740645888403769,,,
1576,15.76,-0.51752958629907397,,,
1577,15.77,-0.51769755376358984,,,
1578,15.780000000000001,-0.51786471340160567,,,
1579,15.790000000000001,-0.51846164202003198,,,
1580,15.800000000000001,-0.51917887142907393,,,
1581,15.81,-0.52012691687868051,,,
1582,15.82,-0.52108800554485424,,,
1583,15.83,-0.52199275928501043,,,
1584,15.84,-0.52286295999223986,,,
1585,15.85,-0.52340871313468229,,,
1586,15.860000000000001,-0.52401198135704241,,,
1587,15.870000000000001,-0.52468026659646494,,,
1588,15.880000000000001,-0.52533124367524331,,,
1589,15.890000000000001,-0.52635201626211336,,,
1590,15.9,-0.52758697746393302,,,
1591,15.91,-0.52921249534293602,,,
1592,15.92,-0.53084648287745451,,,
1593,15.93,-0.53260370550054492,,,
1594,15.94,-0.53415178361491966,,,
1595,15.950000000000001,-0.53546650081153024,,,
1596,15.960000000000001,-0.53670294819377984,,,
1597,15.970000000000001,-0.53788976586530712,,,
1598,15.98,-0.53891717090977764,,,
1599,15.99,-0.53995187339387052,,,
1600,16,-0.54096955045400086,,,
1601,16.010000000000002,-0.54195628350890435,,,
1602,16.02,-0.54304965676309236,,,
1603,16.030000000000001,-0.54434241480533052,,,
1604,16.039999999999999,-0.54552699484324074,,,
1605,16.050000000000001,-0.54728048306396637,,,
1606,16.059999999999999,-0.5490712929749324,,,
1607,16.07,-0.54908999304388184,,,
1608,16.080000000000002,-0.55254349969870509,,,
1609,16.09,-0.55395998969965676,,,
1610,16.100000000000001,-0.55528318638801644,,,
1611,16.109999999999999,-0.55641752176311832,,,
1612,16.120000000000001,-0.55762061632767412,,,
1613,16.129999999999999,-0.55906995982120289,,,
1614,16.140000000000001,-0.56058098294948533,,,
1615,16.149999999999999,-0.56270814158338978,,,
1616,16.16,-0.56483677101238783,,,
1617,16.170000000000002,-0.56752290130692229,,,
1618,16.18,-0.56996227185118797,,,
1619,16.190000000000001,-0.57260841878593183,,,
1620,16.199999999999999,-0.57461850725144314,,,
1621,16.210000000000001,-0.57607744247555714,,,
1622,16.219999999999999,-0.57696004082695385,,,
1623,16.23,-0.57773669455467247,,,
1624,16.240000000000002,-0.57847373563463655,,,
1625,16.25,-0.5794661678148636,,,
1626,16.260000000000002,-0.58070417744383707,,,
1627,16.27,-0.58211148262390811,,,
1628,16.280000000000001,-0.58346970804968146,,,
1629,16.289999999999999,-0.58437136932694078,,,
1630,16.300000000000001,-0.58509093952406332,,,
1631,16.309999999999999,-0.58540272325453269,,,
1632,16.32,-0.58557787130396999,,,
1633,16.330000000000002,-0.58586861517551136,,,
1634,16.34,-0.5863271781510021,,,
1635,16.350000000000001,-0.58697400859646176,,,
1636,16.359999999999999,-0.58754783305828617,,,
1637,16.370000000000001,-0.58803586841762745,,,
1638,16.379999999999999,-0.58841949132010041,,,
1639,16.390000000000001,-0.58880146452288207,,,
1640,16.399999999999999,-0.58893950895764846,,,
1641,16.41,-0.58893565927357239,,,
1642,16.420000000000002,-0.58898303692943843,,,
1643,16.43,-0.58874708562903022,,,
1644,16.440000000000001,-0.58830143240713528,,,
1645,16.449999999999999,-0.58788884786224371,,,
1646,16.460000000000001,-0.58748858268294057,,,
1647,16.469999999999999,-0.58704813138211576,,,
1648,16.48,-0.58675222575047259,,,
1649,16.490000000000002,-0.5865989506592908,,,
1650,16.5,-0.58665701466875819,,,
1651,16.510000000000002,-0.58675028988315292,,,
1652,16.52,-0.58694802572646509,,,
1653,16.530000000000001,-0.58710718339021217,,,
1654,16.539999999999999,-0.58716493989917462,,,
1655,16.550000000000001,-0.58719611942082584,,,
1656,16.559999999999999,-0.58731980364158654,,,
1657,16.57,-0.58768146580436165,,,
1658,16.580000000000002,-0.58816143228113515,,,
1659,16.59,-0.58870605445154089,,,
1660,16.600000000000001,-0.58918580889842742,,,
1661,16.609999999999999,-0.58928122493631752,,,
1662,16.620000000000001,-0.58891877532741399,,,
1663,16.629999999999999,-0.58851412283522853,,,
1664,16.640000000000001,-0.58803333904556698,,,
1665,16.649999999999999,-0.58768099821164632,,,
1666,16.66,-0.58748695697813946,,,
1667,16.670000000000002,-0.58732786851421825,,,
1668,16.68,-0.58725391018882456,,,
1669,16.690000000000001,-0.58728761430932985,,,
1670,16.699999999999999,-0.58750990412691628,,,
1671,16.710000000000001,-0.58778812201759123,,,
1672,16.719999999999999,-0.58815899476618561,,,
1673,16.73,-0.58875330412838955,,,
1674,16.740000000000002,-0.58970934564542055,,,
1675,16.75,-0.59089105460102953,,,
1676,16.760000000000002,-0.59209111165194384,,,
1677,16.77,-0.59329739969665607,,,
1678,16.780000000000001,-0.5944298581258608,,,
1679,16.789999999999999,-0.59533628098066493,,,
1680,16.800000000000001,-0.5959875636588966,,,
1681,16.809999999999999,-0.59655716303549888,,,
1682,16.82,-0.59709371091676688,,,
1683,16.830000000000002,-0.5978738865917046,,,
1684,16.84,-0.59886279382279195,,,
1685,16.850000000000001,-0.60010667341598467,,,
1686,16.859999999999999,-0.60159469981758329,,,
1687,16.870000000000001,-0.60322682179958087,,,
1688,16.879999999999999,-0.60476176874031717,,,
1689,16.890000000000001,-0.60475857591814663,,,
1690,16.899999999999999,-0.60774071070583269,,,
1691,16.91,-0.60911604816549536,,,
1692,16.920000000000002,-0.61046436951093985,,,
1693,16.93,-0.61203072260227376,,,
1694,16.940000000000001,-0.61374563517248637,,,
1695,16.949999999999999,-0.61559333465972188,,,
1696,16.960000000000001,-0.61766570887178207,,,
1697,16.969999999999999,-0.61983517249654285,,,
1698,16.98,-0.62188087264733038,,,
1699,16.990000000000002,-0.62187624343689651,,,
1700,17,-0.6248066545268034,,,
1701,17.010000000000002,-0.62566859506341355,,,
1702,17.02,-0.62654239638474785,,,
1703,17.030000000000001,-0.6271321675934346,,,
1704,17.039999999999999,-0.62775360106200706,,,
1705,17.050000000000001,-0.6282352987797446,,,
1706,17.059999999999999,-0.6288828468705423,,,
1707,17.07,-0.62937920724112617,,,
1708,17.080000000000002,-0.62996826167579234,,,
1709,17.09,-0.63047032371823641,,,
1710,17.100000000000001,-0.63090743292094442,,,
1711,17.109999999999999,-0.63114711608883955,,,
1712,17.120000000000001,-0.63168879580822834,,,
1713,17.129999999999999,-0.63190069519271286,,,
1714,17.140000000000001,-0.63213658791296745,,,
1715,17.150000000000002,-0.63216938484630347,,,
1716,17.16,-0.63238255220364337,,,
1717,17.170000000000002,-0.63260541313803254,,,
1718,17.18,-0.63308811049678815,,,
1719,17.190000000000001,-0.63366973114559733,,,
1720,17.199999999999999,-0.63438316288932817,,,
1721,17.210000000000001,-0.63499353003348713,,,
1722,17.219999999999999,-0.63563310443590038,,,
1723,17.23,-0.6361212842069548,,,
1724,17.240000000000002,-0.63676433345951355,,,
1725,17.25,-0.63718882551875877,,,
1726,17.260000000000002,-0.6375226485915324,,,
1727,17.27,-0.63767804692722863,,,
1728,17.280000000000001,-0.63771455359637241,,,
1729,17.289999999999999,-0.63764574699670185,,,
1730,17.300000000000001,-0.63785830728344339,,,
1731,17.309999999999999,-0.63807746427248091,,,
1732,17.32,-0.63854490376706086,,,
1733,17.330000000000002,-0.63874925379747072,,,
1734,17.34,-0.63882372207817317,,,
1735,17.350000000000001,-0.63864620539650019,,,
1736,17.359999999999999,-0.6385114470703287,,,
1737,17.370000000000001,-0.63816954902914447,,,
1738,17.379999999999999,-0.63812697291571119,,,
1739,17.390000000000001,-0.63812391908931843,,,
1740,17.400000000000002,-0.63830798037287417,,,
1741,17.41,-0.63844355857628898,,,
1742,17.420000000000002,-0.63862649072829336,,,
1743,17.43,-0.63859195005936242,,,
1744,17.440000000000001,-0.63851791274711822,,,
1745,17.449999999999999,-0.63828671929545189,,,
1746,17.460000000000001,-0.63813059835211905,,,
1747,17.469999999999999,-0.63775205740337459,,,
1748,17.48,-0.63757332486582585,,,
1749,17.490000000000002,-0.63735488741441404,,,
1750,17.5,-0.63730414829845461,,,
1751,17.510000000000002,-0.6372126081843692,,,
1752,17.52,-0.63733824186219934,,,
1753,17.530000000000001,-0.63734732763187762,,,
1754,17.539999999999999,-0.63709832264452881,,,
1755,17.550000000000001,-0.63697980251461594,,,
1756,17.559999999999999,-0.63665686788088693,,,
1757,17.57,-0.63643085231105201,,,
1758,17.580000000000002,-0.63605210241633814,,,
1759,17.59,-0.63555319959054413,,,
1760,17.600000000000001,-0.63498542386150747,,,
1761,17.609999999999999,-0.63433437141127746,,,
1762,17.620000000000001,-0.63356572726646576,,,
1763,17.629999999999999,-0.63270826190011908,,,
1764,17.640000000000001,-0.63168788657731223,,,
1765,17.650000000000002,-0.63066154322248169,,,
1766,17.66,-0.62964776248265231,,,
1767,17.670000000000002,-0.62882803337733284,,,
1768,17.68,-0.62793554600806623,,,
1769,17.690000000000001,-0.6271179950181901,,,
1770,17.699999999999999,-0.62644439618491887,,,
1771,17.710000000000001,-0.62598677150423998,,,
1772,17.719999999999999,-0.6254468053325406,,,
1773,17.73,-0.62495542223754974,,,
1774,17.740000000000002,-0.62425522606482009,,,
1775,17.75,-0.62361231324343847,,,
1776,17.760000000000002,-0.6227615618925697,,,
1777,17.77,-0.62198595838164361,,,
1778,17.780000000000001,-0.6211777881396453,,,
1779,17.789999999999999,-0.62060842947311134,,,
1780,17.800000000000001,-0.61995567437045762,,,
1781,17.809999999999999,-0.61950946514815564,,,
1782,17.82,-0.61877411578534991,,,
1783,17.830000000000002,-0.61812564961197447,,,
1784,17.84,-0.61724975722244591,,,
1785,17.850000000000001,-0.61651011667533162,,,
1786,17.859999999999999,-0.61548951115005068,,,
1787,17.870000000000001,-0.61448582997369483,,,
1788,17.879999999999999,-0.61331343494660095,,,
1789,17.890000000000001,-0.61226997287629681,,,
1790,17.900000000000002,-0.61112772632629464,,,
1791,17.91,-0.61017544256492995,,,
1792,17.920000000000002,-0.60918707217997525,,,
1793,17.93,-0.60843378581875351,,,
1794,17.940000000000001,-0.60749486197699254,,,
1795,17.949999999999999,-0.6065974645955563,,,
1796,17.960000000000001,-0.60537652683365883,,,
1797,17.969999999999999,-0.60411505241619923,,,
1798,17.98,-0.60295341014726933,,,
1799,17.990000000000002,-0.60182018592287145,,,
1800,18,-0.6007791206609403,,,
1801,18.010000000000002,-0.59988457180497179,,,
1802,18.02,-0.59910314676343135,,,
1803,18.030000000000001,-0.59836169841492914,,,
1804,18.039999999999999,-0.5977524750293759,,,
1805,18.050000000000001,-0.5972574636249367,,,
1806,18.059999999999999,-0.5966954556385099,,,
1807,18.07,-0.59611924172229591,,,
1808,18.080000000000002,-0.59532180915817656,,,
1809,18.09,-0.59431135061505924,,,
1810,18.100000000000001,-0.59337033487597346,,,
1811,18.109999999999999,-0.59230730813564059,,,
1812,18.120000000000001,-0.59145031912886326,,,
1813,18.129999999999999,-0.59059000973823228,,,
1814,18.140000000000001,-0.58981112343015107,,,
1815,18.150000000000002,-0.58897979845739501,,,
1816,18.16,-0.58815765690200505,,,
1817,18.170000000000002,-0.58711395779417752,,,
1818,18.18,-0.58606576603257621,,,
1819,18.190000000000001,-0.58483335760868083,,,
1820,18.199999999999999,-0.58358419878575418,,,
1821,18.210000000000001,-0.58218068251726107,,,
1822,18.219999999999999,-0.58099676947133849,,,
1823,18.23,-0.57992105872837818,,,
1824,18.240000000000002,-0.57896285859587648,,,
1825,18.25,-0.57801624782967553,,,
1826,18.260000000000002,-0.57704085546057127,,,
1827,18.27,-0.57594007952294668,,,
1828,18.280000000000001,-0.57466227434844019,,,
1829,18.289999999999999,-0.57313431350554234,,,
1830,18.300000000000001,-0.57127762033794505,,,
1831,18.309999999999999,-0.56901580255130235,,,
1832,18.32,-0.56634409050208412,,,
1833,18.330000000000002,-0.56332215179474865,,,
1834,18.34,-0.56025625141189583,,,
1835,18.350000000000001,-0.55699250447653958,,,
1836,18.359999999999999,-0.55386182597904676,,,
1837,18.370000000000001,-0.55054209049984548,,,
1838,18.379999999999999,-0.54706461478384227,,,
1839,18.390000000000001,-0.54322770719813229,,,
1840,18.400000000000002,-0.53912558784780129,,,
1841,18.41,-0.53475456542941679,,,
1842,18.420000000000002,-0.53021489160722224,,,
1843,18.43,-0.52542318418044864,,,
1844,18.440000000000001,-0.52059187140302554,,,
1845,18.449999999999999,-0.51535938700489103,,,
1846,18.460000000000001,-0.51013837907501702,,,
1847,18.469999999999999,-0.50518795048069443,,,
1848,18.48,-0.50036619005717653,,,
1849,18.490000000000002,-0.49554943998055567,,,
1850,18.5,-0.49128886865741922,,,
1851,18.510000000000002,-0.48743268392717393,,,
1852,18.52,-0.48440004952865789,,,
1853,18.530000000000001,-0.48178306712759106,,,
1854,18.539999999999999,-0.47928496120099312,,,
1855,18.550000000000001,-0.47682508688021091,,,
1856,18.559999999999999,-0.47471523091222856,,,
1857,18.57,-0.4726516885385097,,,
1858,18.580000000000002,-0.47047089298393929,,,
1859,18.59,-0.46826508924350779,,,
1860,18.600000000000001,-0.46605082828228822,,,
1861,18.609999999999999,-0.46411981018788945,,,
1862,18.620000000000001,-0.46198187892034054,,,
1863,18.629999999999999,-0.45973783133540158,,,
1864,18.640000000000001,-0.45702147759378442,,,
1865,18.650000000000002,-0.45426355328636808,,,
1866,18.66,-0.45202104807544657,,,
1867,18.670000000000002,-0.44952540055495127,,,
1868,18.68,-0.4467344711865337,,,
1869,18.690000000000001,-0.44376574343020392,,,
1870,18.699999999999999,-0.44048623079435989,,,
1871,18.710000000000001,-0.43689656375937919,,,
1872,18.719999999999999,-0.43292472996987008,,,
1873,18.73,-0.42872341845798601,,,
1874,18.740000000000002,-0.42395326782406262,,,
1875,18.75,-0.41889370264203313,,,
1876,18.760000000000002,-0.41305407801747751,,,
1877,18.77,-0.40681813793136423,,,
1878,18.780000000000001,-0.40070476839769126,,,
1879,18.789999999999999,-0.39470548479628176,,,
1880,18.800000000000001,-0.38915797599183694,,,
1881,18.809999999999999,-0.38387099029103261,,,
1882,18.82,-0.37805099962323191,,,
1883,18.830000000000002,-0.37197998108589636,,,
1884,18.84,-0.3659050400559567,,,
1885,18.850000000000001,-0.35956353673773578,,,
1886,18.859999999999999,-0.35285263779908727,,,
1887,18.870000000000001,-0.34612916048184911,,,
1888,18.879999999999999,-0.33948059673495279,,,
1889,18.890000000000001,-0.33286341480219378,,,
1890,18.900000000000002,-0.32653847873717579,,,
1891,18.91,-0.32030740489823073,,,
1892,18.920000000000002,-0.31425744326570282,,,
1893,18.93,-0.31417642070043095,,,
1894,18.940000000000001,-0.3019834702072533,,,
1895,18.949999999999999,-0.29582009773467477,,,
1896,18.960000000000001,-0.28964091519944096,,,
1897,18.969999999999999,-0.28951211342416644,,,
1898,18.98,-0.27645390917850893,,,
1899,18.990000000000002,-0.27008882914548865,,,
1900,19,-0.26403849414879743,,,
1901,19.010000000000002,-0.25824570065474145,,,
1902,19.02,-0.25292707232044814,,,
1903,19.030000000000001,-0.24799610851258194,,,
1904,19.039999999999999,-0.2434111630579531,,,
1905,19.050000000000001,-0.23903053724735657,,,
1906,19.059999999999999,-0.23487871596858506,,,
1907,19.07,-0.23078664929980913,,,
1908,19.080000000000002,-0.22700455986965104,,,
1909,19.09,-0.22340145501169859,,,
1910,19.100000000000001,-0.22013333497434687,,,
1911,19.109999999999999,-0.2171437090809378,,,
1912,19.120000000000001,-0.21447400205133335,,,
1913,19.129999999999999,-0.21212429672498839,,,
1914,19.140000000000001,-0.21023002870574933,,,
1915,19.150000000000002,-0.20858247148128251,,,
1916,19.16,-0.20718872840345165,,,
1917,19.170000000000002,-0.20590410708209045,,,
1918,19.18,-0.20446675912382131,,,
1919,19.190000000000001,-0.20297623891732436,,,
1920,19.199999999999999,-0.20126667938680171,,,
1921,19.210000000000001,-0.19961237185790789,,,
1922,19.219999999999999,-0.19795174432489546,,,
1923,19.23,-0.19628382527154359,,,
1924,19.240000000000002,-0.19481999539644687,,,
1925,19.25,-0.19350792055725052,,,
1926,19.260000000000002,-0.19231321707765966,,,
1927,19.27,-0.1914279335507526,,,
1928,19.280000000000001,-0.19050536360248024,,,
1929,19.289999999999999,-0.18948623108982016,,,
1930,19.300000000000001,-0.18833231371827699,,,
1931,19.309999999999999,-0.18705531447064852,,,
1932,19.32,-0.18543533680764782,,,
1933,19.330000000000002,-0.18347924395908677,,,
1934,19.34,-0.18157517469898279,,,
1935,19.350000000000001,-0.17975301595751081,,,
1936,19.359999999999999,-0.17814498935867129,,,
1937,19.370000000000001,-0.17653749225754647,,,
1938,19.379999999999999,-0.17524461689887039,,,
1939,19.390000000000001,-0.17420212335593041,,,
1940,19.400000000000002,-0.17346045647763828,,,
1941,19.41,-0.1728817899901193,,,
1942,19.420000000000002,-0.17234309523936633,,,
1943,19.43,-0.17191989137133171,,,
1944,19.440000000000001,-0.17136340280608903,,,
1945,19.449999999999999,-0.17061921391408347,,,
1946,19.460000000000001,-0.16980970333401901,,,
1947,19.469999999999999,-0.16903113495975303,,,
1948,19.48,-0.168439090948686,,,
1949,19.490000000000002,-0.16834399797700167,,,
1950,19.5,-0.16876207202703172,,,
1951,19.510000000000002,-0.16984359849958036,,,
1952,19.52,-0.17155906520375902,,,
1953,19.530000000000001,-0.17357795128853404,,,
1954,19.539999999999999,-0.17576780260825239,,,
1955,19.550000000000001,-0.17796505185305067,,,
1956,19.559999999999999,-0.1799266013949388,,,
1957,19.57,-0.18147393313070775,,,
1958,19.580000000000002,-0.1825591306854803,,,
1959,19.59,-0.1833520903571568,,,
1960,19.600000000000001,-0.18397692579235256,,,
1961,19.609999999999999,-0.18466768758342544,,,
1962,19.620000000000001,-0.18531940649227419,,,
1963,19.629999999999999,-0.186071250150498,,,
1964,19.640000000000001,-0.18664258111505319,,,
1965,19.650000000000002,-0.18737765033090661,,,
1966,19.66,-0.18782651007425999,,,
1967,19.670000000000002,-0.18814749887785245,,,
1968,19.68,-0.18813012064953427,,,
1969,19.690000000000001,-0.18795194930618048,,,
1970,19.699999999999999,-0.18765244865069211,,,
1971,19.710000000000001,-0.18740722846521568,,,
1972,19.719999999999999,-0.18722971719650186,,,
1973,19.73,-0.18709992072621234,,,
1974,19.740000000000002,-0.18699193318158333,,,
1975,19.75,-0.18726372186107745,,,
1976,19.760000000000002,-0.18751183925965043,,,
1977,19.77,-0.18775692106273995,,,
1978,19.780000000000001,-0.18781748277688134,,,
1979,19.789999999999999,-0.18787453953625494,,,
1980,19.800000000000001,-0.18777726351910215,,,
1981,19.809999999999999,-0.18771792630557999,,,
1982,19.82,-0.18766276946883259,,,
1983,19.830000000000002,-0.18767675805558096,,,
1984,19.84,-0.18773086837273273,,,
1985,19.850000000000001,-0.18813302809907231,,,
1986,19.859999999999999,-0.1884816364368542,,,
1987,19.870000000000001,-0.18896035156107252,,,
1988,19.879999999999999,-0.18932450508000781,,,
1989,19.890000000000001,-0.18979449915703131,,,
1990,19.900000000000002,-0.19012511844306393,,,
1991,19.91,-0.19060983293542619,,,
1992,19.920000000000002,-0.19091944301946437,,,
1993,19.93,-0.19117618406919357,,,
1994,19.940000000000001,-0.19133598434137197,,,
1995,19.949999999999999,-0.19148485897049303,,,
1996,19.960000000000001,-0.19166738846442805,,,
1997,19.969999999999999,-0.19194473708696175,,,
1998,19.98,-0.19235782826275613,,,
1999,19.990000000000002,-0.19295042560041781,,,
2000,20,-0.19365066846799686,,,
2001,20.010000000000002,-0.19452140728880285,,,
2002,20.02,-0.19541616437175915,,,
2003,20.030000000000001,-0.19636175693121849,,,
2004,20.039999999999999,-0.19717326702681923,,,
2005,20.050000000000001,-0.19796048680161221,,,
2006,20.059999999999999,-0.19862134209639629,,,
2007,20.07,-0.19926250270509474,,,
2008,20.080000000000002,-0.19974619374123792,,,
2009,20.09,-0.20031116243912891,,,
2010,20.100000000000001,-0.20088519372824395,,,
2011,20.109999999999999,-0.20157217226333329,,,
2012,20.120000000000001,-0.2023140300341105,,,
2013,20.129999999999999,-0.20327336022032863,,,
2014,20.140000000000001,-0.20418862822155864,,,
2015,20.150000000000002,-0.20509693441114257,,,
2016,20.16,-0.20570780516209916,,,
2017,20.170000000000002,-0.20635247101950002,,,
2018,20.18,-0.20673800982064647,,,
2019,20.190000000000001,-0.20721390990318303,,,
2020,20.199999999999999,-0.20781117355628428,,,
2021,20.210000000000001,-0.20841915446677017,,,
2022,20.219999999999999,-0.20919069998391218,,,
2023,20.23,-0.20996528974158798,,,
2024,20.240000000000002,-0.21105962617042828,,,
2025,20.25,-0.21217502528937229,,,
2026,20.260000000000002,-0.21350168815081588,,,
2027,20.27,-0.21473282589119397,,,
2028,20.280000000000001,-0.21575435634374107,,,
2029,20.289999999999999,-0.21655864128102045,,,
2030,20.300000000000001,-0.21734370905719222,,,
2031,20.309999999999999,-0.21794493107989391,,,
2032,20.32,-0.21856177998890702,,,
2033,20.330000000000002,-0.21904053995547509,,,
2034,20.34,-0.21952690096693708,,,
2035,20.350000000000001,-0.21994608399349477,,,
2036,20.359999999999999,-0.22048318350698973,,,
2037,20.370000000000001,-0.22094477996625667,,,
2038,20.379999999999999,-0.22146397258064113,,,
2039,20.390000000000001,-0.22192250264730509,,,
2040,20.400000000000002,-0.22250583100646124,,,
2041,20.41,-0.22316783171776033,,,
2042,20.420000000000002,-0.22376225094216876,,,
2043,20.43,-0.22441020871575135,,,
2044,20.440000000000001,-0.22500950816998996,,,
2045,20.449999999999999,-0.22550552914242458,,,
2046,20.460000000000001,-0.22605574039497672,,,
2047,20.469999999999999,-0.22658207993114965,,,
2048,20.48,-0.22732058366408478,,,
2049,20.490000000000002,-0.22794610900555393,,,
2050,20.5,-0.22868269507945468,,,
2051,20.510000000000002,-0.22931604055574042,,,
2052,20.52,-0.23010544166056623,,,
2053,20.530000000000001,-0.23086123762430003,,,
2054,20.539999999999999,-0.23166100623233304,,,
2055,20.550000000000001,-0.23230824218114199,,,
2056,20.559999999999999,-0.23307718819812842,,,
2057,20.57,-0.23372859233082935,,,
2058,20.580000000000002,-0.23443810238249227,,,
2059,20.59,-0.23511585905669721,,,
2060,20.600000000000001,-0.2357256399362187,,,
2061,20.609999999999999,-0.23639700860056892,,,
2062,20.620000000000001,-0.23708351960372109,,,
2063,20.629999999999999,-0.23757107878513523,,,
2064,20.640000000000001,-0.23790511501800005,,,
2065,20.650000000000002,-0.23820380053039236,,,
2066,20.66,-0.23852562801857363,,,
2067,20.670000000000002,-0.23898665544276249,,,
2068,20.68,-0.23944888077970164,,,
2069,20.690000000000001,-0.23999233749650747,,,
2070,20.699999999999999,-0.24047663268121366,,,
2071,20.710000000000001,-0.24099333891110775,,,
2072,20.719999999999999,-0.24130869640304553,,,
2073,20.73,-0.24158620464379202,,,
2074,20.740000000000002,-0.24181151172527202,,,
2075,20.75,-0.24200762455742408,,,
2076,20.760000000000002,-0.24232532808333557,,,
2077,20.77,-0.24272544499935736,,,
2078,20.780000000000001,-0.24316791357120743,,,
2079,20.789999999999999,-0.24367153481203807,,,
2080,20.800000000000001,-0.24416458503080277,,,
2081,20.809999999999999,-0.24477380095643714,,,
2082,20.82,-0.24530642471631006,,,
2083,20.830000000000002,-0.24573502810941725,,,
2084,20.84,-0.24603261783349323,,,
2085,20.850000000000001,-0.24621941488283261,,,
2086,20.859999999999999,-0.24628462586821481,,,
2087,20.870000000000001,-0.24639793305234028,,,
2088,20.879999999999999,-0.24644594921505678,,,
2089,20.890000000000001,-0.24645564052552399,,,
2090,20.900000000000002,-0.2464585232036707,,,
2091,20.91,-0.24635190178585725,,,
2092,20.920000000000002,-0.24612573411488445,,,
2093,20.93,-0.24565543878123064,,,
2094,20.940000000000001,-0.2448450348117695,,,
2095,20.949999999999999,-0.24378442046579782,,,
2096,20.960000000000001,-0.24251054063969879,,,
2097,20.969999999999999,-0.2410410570097325,,,
2098,20.98,-0.2396876065090294,,,
2099,20.990000000000002,-0.23827258670262791,,,
2100,21,-0.23722035251700549,,,
2101,21.010000000000002,-0.23647409555142376,,,
2102,21.02,-0.23586672473726214,,,
2103,21.030000000000001,-0.23545087674876489,,,
2104,21.039999999999999,-0.23498609348351812,,,
2105,21.050000000000001,-0.23452073936319545,,,
2106,21.059999999999999,-0.2339627687354236,,,
2107,21.07,-0.23341017127724795,,,
2108,21.080000000000002,-0.23304037249285006,,,
2109,21.09,-0.23263944748995449,,,
2110,21.100000000000001,-0.23228040628225619,,,
2111,21.109999999999999,-0.23205497405467035,,,
2112,21.120000000000001,-0.23183076015088855,,,
2113,21.129999999999999,-0.23155749372291812,,,
2114,21.140000000000001,-0.23130235347183323,,,
2115,21.150000000000002,-0.23096081702181254,,,
2116,21.16,-0.23073559324595147,,,
2117,21.170000000000002,-0.23043515293443409,,,
2118,21.18,-0.23003294314064071,,,
2119,21.190000000000001,-0.22975247096786164,,,
2120,21.199999999999999,-0.22943761751809785,,,
2121,21.210000000000001,-0.22915017892543482,,,
2122,21.219999999999999,-0.22882151803627332,,,
2123,21.23,-0.22862253623838225,,,
2124,21.240000000000002,-0.22841143998848198,,,
2125,21.25,-0.22833362863131751,,,
2126,21.260000000000002,-0.2283240770457452,,,
2127,21.27,-0.2282701865443402,,,
2128,21.280000000000001,-0.22810007505984142,,,
2129,21.289999999999999,-0.22798679129802588,,,
2130,21.300000000000001,-0.22783851491313942,,,
2131,21.309999999999999,-0.22772207367024699,,,
2132,21.32,-0.22752930691959908,,,
2133,21.330000000000002,-0.22740033647481467,,,
2134,21.34,-0.22727434141485761,,,
2135,21.350000000000001,-0.22725318002598557,,,
2136,21.359999999999999,-0.22717766829995706,,,
2137,21.370000000000001,-0.22705463864135741,,,
2138,21.379999999999999,-0.22680733600514635,,,
2139,21.390000000000001,-0.22659284895987422,,,
2140,21.400000000000002,-0.22627727994368441,,,
2141,21.41,-0.22605008903786011,,,
2142,21.420000000000002,-0.22581503007538659,,,
2143,21.43,-0.2257534698854399,,,
2144,21.440000000000001,-0.22575783065221317,,,
2145,21.449999999999999,-0.22587777543966028,,,
2146,21.460000000000001,-0.22601431483026027,,,
2147,21.469999999999999,-0.22609271663683489,,,
2148,21.48,-0.2260177208133331,,,
2149,21.490000000000002,-0.22595635861244123,,,
2150,21.5,-0.22590324566436351,,,
2151,21.510000000000002,-0.22583840086180956,,,
2152,21.52,-0.22568725735300091,,,
2153,21.530000000000001,-0.22550829683866278,,,
2154,21.539999999999999,-0.22526408964765826,,,
2155,21.550000000000001,-0.22500730214199691,,,
2156,21.559999999999999,-0.22460995530827463,,,
2157,21.57,-0.22419816739913775,,,
2158,21.580000000000002,-0.22361795201715484,,,
2159,21.59,-0.22294660114536669,,,
2160,21.600000000000001,-0.22221506179671988,,,
2161,21.609999999999999,-0.22162581478913038,,,
2162,21.620000000000001,-0.22118696098266433,,,
2163,21.629999999999999,-0.2208909764789905,,,
2164,21.640000000000001,-0.22069161995130859,,,
2165,21.650000000000002,-0.2206266093370455,,,
2166,21.66,-0.22068087800517736,,,
2167,21.670000000000002,-0.22090444587725855,,,
2168,21.68,-0.22101699789976237,,,
2169,21.690000000000001,-0.22122401308228701,,,
2170,21.699999999999999,-0.22126852855211615,,,
2171,21.710000000000001,-0.22117169812034498,,,
2172,21.719999999999999,-0.22098240173891356,,,
2173,21.73,-0.22069868630311079,,,
2174,21.740000000000002,-0.22025060394157406,,,
2175,21.75,-0.21981586185970367,,,
2176,21.760000000000002,-0.21935549731664702,,,
2177,21.77,-0.21899011648841751,,,
2178,21.780000000000001,-0.21849869088122437,,,
2179,21.789999999999999,-0.21796071366481204,,,
2180,21.800000000000001,-0.21734511343996521,,,
2181,21.809999999999999,-0.21658025818823917,,,
2182,21.82,-0.21580493584788249,,,
2183,21.830000000000002,-0.21494554990378853,,,
2184,21.84,-0.2140003388806298,,,
2185,21.850000000000001,-0.21324562768981586,,,
2186,21.859999999999999,-0.21270102520596282,,,
2187,21.870000000000001,-0.21233332599804344,,,
2188,21.879999999999999,-0.21208370919432121,,,
2189,21.890000000000001,-0.21187333820220744,,,
2190,21.900000000000002,-0.21151107753321935,,,
2191,21.91,-0.2111064037233564,,,
2192,21.920000000000002,-0.21053304649827623,,,
2193,21.93,-0.20984447759071723,,,
2194,21.940000000000001,-0.209017483337127,,,
2195,21.949999999999999,-0.20818879408348448,,,
2196,21.960000000000001,-0.20742702127927176,,,
2197,21.969999999999999,-0.20658529421934546,,,
2198,21.98,-0.2057966440672612,,,
2199,21.990000000000002,-0.20497648347402528,,,
2200,22,-0.20414648975536293,,,
2201,22.010000000000002,-0.20328686588469019,,,
2202,22.02,-0.20263113877433661,,,
2203,22.030000000000001,-0.20208041738263097,,,
2204,22.039999999999999,-0.20166377957881063,,,
2205,22.050000000000001,-0.20134321958532977,,,
2206,22.059999999999999,-0.20105784245175415,,,
2207,22.07,-0.20067087807136452,,,
2208,22.080000000000002,-0.20024379282579341,,,
2209,22.09,-0.19970452954229403,,,
2210,22.100000000000001,-0.19921327179134901,,,
2211,22.109999999999999,-0.19869239755843374,,,
2212,22.120000000000001,-0.19808458681131699,,,
2213,22.129999999999999,-0.197435328078229,,,
2214,22.140000000000001,-0.19667299461822893,,,
2215,22.150000000000002,-0.19575558621675898,,,
2216,22.16,-0.19475202344637288,,,
2217,22.170000000000002,-0.19370231735057658,,,
2218,22.18,-0.1926677269815478,,,
2219,22.190000000000001,-0.19205826825364788,,,
2220,22.199999999999999,-0.1914682075740157,,,
2221,22.210000000000001,-0.19088709367025075,,,
2222,22.219999999999999,-0.19029290233825244,,,
2223,22.23,-0.18961924394443672,,,
2224,22.240000000000002,-0.18864092322182394,,,
2225,22.25,-0.18739671481517808,,,
2226,22.260000000000002,-0.18593070197310538,,,
2227,22.27,-0.18415499323049073,,,
2228,22.280000000000001,-0.18251126623511257,,,
2229,22.289999999999999,-0.18078662275591939,,,
2230,22.300000000000001,-0.17896641265570437,,,
2231,22.309999999999999,-0.17723903843924929,,,
2232,22.32,-0.17482026187546243,,,
2233,22.330000000000002,-0.17236817512403216,,,
2234,22.34,-0.16956596528995552,,,
2235,22.350000000000001,-0.16655421187953184,,,
2236,22.359999999999999,-0.16383671038735623,,,
2237,22.370000000000001,-0.16088542843499673,,,
2238,22.379999999999999,-0.15823825136950051,,,
2239,22.390000000000001,-0.15554087518996629,,,
2240,22.400000000000002,-0.15303319034988327,,,
2241,22.41,-0.15038396562295417,,,
2242,22.420000000000002,-0.14763269791297512,,,
2243,22.43,-0.14455485454310216,,,
2244,22.440000000000001,-0.14148020888382684,,,
2245,22.449999999999999,-0.13838816998910319,,,
2246,22.460000000000001,-0.13518348523861071,,,
2247,22.469999999999999,-0.13209499966551502,,,
2248,22.48,-0.12903128139612377,,,
2249,22.490000000000002,-0.12596563189250795,,,
2250,22.5,-0.12289932511085867,,,
2251,22.510000000000002,-0.11980626254104945,,,
2252,22.52,-0.11644967512988307,,,
2253,22.530000000000001,-0.11296402228384059,,,
2254,22.539999999999999,-0.10920339174012909,,,
2255,22.550000000000001,-0.10518835348811507,,,
2256,22.559999999999999,-0.10102138645866802,,,
2257,22.57,-0.096744742384686749,,,
2258,22.580000000000002,-0.092456911159412639,,,
2259,22.59,-0.088184592717799548,,,
2260,22.600000000000001,-0.083958174581243009,,,
2261,22.609999999999999,-0.0799768170233741,,,
2262,22.620000000000001,-0.076237717448437728,,,
2263,22.629999999999999,-0.072779418725262807,,,
2264,22.640000000000001,-0.069177066158855577,,,
2265,22.650000000000002,-0.065556602811796108,,,
2266,22.66,-0.061572203714560514,,,
2267,22.670000000000002,-0.057283393580357236,,,
2268,22.68,-0.052794828937105402,,,
2269,22.690000000000001,-0.048483577207057864,,,
2270,22.699999999999999,-0.044375451942690956,,,
2271,22.710000000000001,-0.040752136061142655,,,
2272,22.719999999999999,-0.037565749629531048,,,
2273,22.73,-0.03494119324941504,,,
2274,22.740000000000002,-0.032590427971643375,,,
2275,22.75,-0.030603110966439216,,,
2276,22.760000000000002,-0.028863574561044415,,,
2277,22.77,-0.027304485278335577,,,
2278,22.780000000000001,-0.026058752668448086,,,
2279,22.789999999999999,-0.024820417153764592,,,
2280,22.800000000000001,-0.024059280524834494,,,
2281,22.809999999999999,-0.023608737122370174,,,
2282,22.82,-0.023794463009082254,,,
2283,22.830000000000002,-0.023893908047568985,,,
2284,22.84,-0.024278712293776327,,,
2285,22.850000000000001,-0.024534223966080588,,,
2286,22.859999999999999,-0.024892003998558912,,,
2287,22.870000000000001,-0.025149791471589571,,,
2288,22.879999999999999,-0.025513833767315499,,,
2289,22.890000000000001,-0.025722819996523531,,,
2290,22.900000000000002,-0.02631547512186648,,,
2291,22.91,-0.027125012080752808,,,
2292,22.920000000000002,-0.028647727670836631,,,
2293,22.93,-0.030275047606278312,,,
2294,22.940000000000001,-0.032140372878374068,,,
2295,22.949999999999999,-0.033906492406279208,,,
2296,22.960000000000001,-0.035513180492275885,,,
2297,22.969999999999999,-0.036720783132594907,,,
2298,22.98,-0.037699385827428537,,,
2299,22.990000000000002,-0.038178530549246775,,,
2300,23,-0.038943638438786891,,,
2301,23.010000000000002,-0.039428525191131436,,,
2302,23.02,-0.040007166332978163,,,
2303,23.030000000000001,-0.040608831293143036,,,
2304,23.039999999999999,-0.041444847934764106,,,
2305,23.050000000000001,-0.041873918504254773,,,
2306,23.059999999999999,-0.042348679669749589,,,
2307,23.07,-0.042521313983309772,,,
2308,23.080000000000002,-0.042494214162565533,,,
2309,23.09,-0.042083695932022817,,,
2310,23.100000000000001,-0.041252625984135045,,,
2311,23.109999999999999,-0.040415671970656278,,,
2312,23.120000000000001,-0.039553321855792967,,,
2313,23.129999999999999,-0.038420890049692798,,,
2314,23.140000000000001,-0.037352899844506092,,,
2315,23.150000000000002,-0.036279786029002531,,,
2316,23.16,-0.035598096097418645,,,
2317,23.170000000000002,-0.03516501527795074,,,
2318,23.18,-0.035088787746167832,,,
2319,23.190000000000001,-0.035186001210543494,,,
2320,23.199999999999999,-0.034977099383485345,,,
2321,23.210000000000001,-0.034711308500085046,,,
2322,23.219999999999999,-0.03405928152350856,,,
2323,23.23,-0.03300362277350502,,,
2324,23.240000000000002,-0.031692019958324054,,,
2325,23.25,-0.030249482612288853,,,
2326,23.260000000000002,-0.028686689097048565,,,
2327,23.27,-0.027033896250144841,,,
2328,23.280000000000001,-0.025564878518494507,,,
2329,23.289999999999999,-0.024459033133955928,,,
2330,23.300000000000001,-0.022850234979404995,,,
2331,23.309999999999999,-0.021389459556651735,,,
2332,23.32,-0.020173760109554753,,,
2333,23.330000000000002,-0.018767785859967068,,,
2334,23.34,-0.017007056047367311,,,
2335,23.350000000000001,-0.015384273156694722,,,
2336,23.359999999999999,-0.013547392099274524,,,
2337,23.370000000000001,-0.01099087370516612,,,
2338,23.379999999999999,-0.0086900188448823888,,,
2339,23.390000000000001,-0.0064267697731397984,,,
2340,23.400000000000002,-0.0043769103838538874,,,
2341,23.41,-0.0023710372042918958,,,
2342,23.420000000000002,-6.4824573046711809e-05,,,
2343,23.43,0.0023170200035058375,,,
2344,23.440000000000001,0.0045743170633396396,,,
2345,23.449999999999999,0.0067121495997135606,,,
2346,23.460000000000001,0.0090536311079510382,,,
2347,23.469999999999999,0.011601819356437511,,,
2348,23.48,0.014482675586501617,,,
2349,23.490000000000002,0.017399384160840289,,,
2350,23.5,0.020434274345268785,,,
2351,23.510000000000002,0.02326995238614931,,,
2352,23.52,0.025930319985002569,,,
2353,23.530000000000001,0.028493667006577735,,,
2354,23.539999999999999,0.031111299639612282,,,
2355,23.550000000000001,0.033469106708737845,,,
2356,23.559999999999999,0.035651992200700131,,,
2357,23.57,0.037751097219471834,,,
2358,23.580000000000002,0.039626225897764267,,,
2359,23.59,0.041643941064828119,,,
2360,23.600000000000001,0.043665273605310917,,,
2361,23.609999999999999,0.045696813337808728,,,
2362,23.620000000000001,0.047805511458524692,,,
2363,23.629999999999999,0.049750434584269684,,,
2364,23.640000000000001,0.051855810949993419,,,
2365,23.650000000000002,0.053850093381130358,,,
2366,23.66,0.055892168798381589,,,
2367,23.670000000000002,0.057878237956755403,,,
2368,23.68,0.059609096171953771,,,
2369,23.690000000000001,0.061097751939485363,,,
2370,23.699999999999999,0.062623791100322207,,,
2371,23.710000000000001,0.064180050784083481,,,
2372,23.719999999999999,0.065686025994308464,,,
2373,23.73,0.067263988973821992,,,
2374,23.740000000000002,0.069012749568488352,,,
2375,23.75,0.0707567773171595,,,
2376,23.760000000000002,0.07233793422362976,,,
2377,23.77,0.073842265392626866,,,
2378,23.780000000000001,0.07523022266116744,,,
2379,23.789999999999999,0.076567169219079689,,,
2380,23.800000000000001,0.077580171096538905,,,
2381,23.809999999999999,0.078666023556931031,,,
2382,23.82,0.079672070470189274,,,
2383,23.830000000000002,0.080641474820192696,,,
2384,23.84,0.081559577613429385,,,
2385,23.850000000000001,0.082340186254440131,,,
2386,23.859999999999999,0.082963585844899101,,,
2387,23.870000000000001,0.083549770564282436,,,
2388,23.879999999999999,0.084881323484793381,,,
2389,23.890000000000001,0.086308654142193422,,,
2390,23.900000000000002,0.087493458428778384,,,
2391,23.91,0.088682205090798646,,,
2392,23.920000000000002,0.089593964619279723,,,
2393,23.93,0.090411217615543216,,,
2394,23.940000000000001,0.090855928043391015,,,
2395,23.949999999999999,0.091269593784113673,,,
2396,23.960000000000001,0.091419798416125977,,,
2397,23.969999999999999,0.091679675771233232,,,
2398,23.98,0.09177664845555554,,,
2399,23.990000000000002,0.09186262781545329,,,
2400,24,0.091927951481838244,,,
2401,24.010000000000002,0.0920880310489606,,,
2402,24.02,0.09222339483353445,,,
2403,24.030000000000001,0.092457847777963509,,,
2404,24.039999999999999,0.092604081905613783,,,
2405,24.050000000000001,0.092673334323692902,,,
2406,24.060000000000002,0.09272477832074047,,,
2407,24.07,0.092884586928037138,,,
2408,24.080000000000002,0.092959075574323299,,,
2409,24.09,0.093178396760005527,,,
2410,24.100000000000001,0.093174989594571225,,,
2411,24.109999999999999,0.093095157770754347,,,
2412,24.120000000000001,0.0929668794956615,,,
2413,24.129999999999999,0.092885358523310618,,,
2414,24.140000000000001,0.09278368348484925,,,
2415,24.150000000000002,0.092539155895148814,,,
2416,24.16,0.092361192622857496,,,
2417,24.170000000000002,0.092265305852398088,,,
2418,24.18,0.092076194440359319,,,
2419,24.190000000000001,0.091906952069331027,,,
2420,24.199999999999999,0.091658005325755743,,,
2421,24.210000000000001,0.091482319061697431,,,
2422,24.219999999999999,0.091232372394867631,,,
2423,24.23,0.091053645946723397,,,
2424,24.240000000000002,0.090880000322948962,,,
2425,24.25,0.090680950408973796,,,
2426,24.260000000000002,0.090434953448716049,,,
2427,24.27,0.090287092890790274,,,
2428,24.280000000000001,0.089982359092111955,,,
2429,24.289999999999999,0.089616339388585667,,,
2430,24.300000000000001,0.089309283091703634,,,
2431,24.310000000000002,0.089108505008532068,,,
2432,24.32,0.089014197650690643,,,
2433,24.330000000000002,0.089092855579787758,,,
2434,24.34,0.089240910431834686,,,
2435,24.350000000000001,0.089444126502970372,,,
2436,24.359999999999999,0.089692565081228637,,,
2437,24.370000000000001,0.089943293708122263,,,
2438,24.379999999999999,0.090121816862014759,,,
2439,24.390000000000001,0.090368612206435786,,,
2440,24.400000000000002,0.090603564788778318,,,
2441,24.41,0.090820255504300354,,,
2442,24.420000000000002,0.090929670167453056,,,
2443,24.43,0.091104478186529059,,,
2444,24.440000000000001,0.091251853617055081,,,
2445,24.449999999999999,0.091501330245407103,,,
2446,24.460000000000001,0.09175295103871059,,,
2447,24.469999999999999,0.091946054431122082,,,
2448,24.48,0.092045319951534213,,,
2449,24.490000000000002,0.092024240211560457,,,
2450,24.5,0.091890814149124034,,,
2451,24.510000000000002,0.091864190320132821,,,
2452,24.52,0.091888593225295204,,,
2453,24.530000000000001,0.091671268777047954,,,
2454,24.539999999999999,0.091220051503919056,,,
2455,24.550000000000001,0.090904233010604421,,,
2456,24.560000000000002,0.090670869375420043,,,
2457,24.57,0.090495284255720232,,,
2458,24.580000000000002,0.090397297079590391,,,
2459,24.59,0.090214699477069352,,,
2460,24.600000000000001,0.089986718470545402,,,
2461,24.609999999999999,0.089770294351410623,,,
2462,24.620000000000001,0.08941401660235361,,,
2463,24.629999999999999,0.089064161823270691,,,
2464,24.640000000000001,0.088601478931040839,,,
2465,24.650000000000002,0.08818890924330719,,,
2466,24.66,0.08770699146844943,,,
2467,24.670000000000002,0.087391004335391431,,,
2468,24.68,0.087135214937946848,,,
2469,24.690000000000001,0.086990157443414026,,,
2470,24.699999999999999,0.086927414318737323,,,
2471,24.710000000000001,0.086971743470313084,,,
2472,24.719999999999999,0.086989876205369146,,,
2473,24.73,0.086957318600670519,,,
2474,24.740000000000002,0.086927821721742904,,,
2475,24.75,0.086667300646398035,,,
2476,24.760000000000002,0.086611210352748005,,,
2477,24.77,0.086395580002312469,,,
2478,24.780000000000001,0.086136746862675945,,,
2479,24.789999999999999,0.085872155472501835,,,
2480,24.800000000000001,0.085692385335444141,,,
2481,24.810000000000002,0.085593883029105963,,,
2482,24.82,0.085349590079183787,,,
2483,24.830000000000002,0.084987658831973789,,,
2484,24.84,0.084461284961782956,,,
2485,24.850000000000001,0.084022153823283638,,,
2486,24.859999999999999,0.083639447849158874,,,
2487,24.870000000000001,0.083184661325752099,,,
2488,24.879999999999999,0.082695140732086628,,,
2489,24.890000000000001,0.082529214955234853,,,
2490,24.900000000000002,0.082622680538177132,,,
2491,24.91,0.082835736233230345,,,
2492,24.920000000000002,0.083167020858824395,,,
2493,24.93,0.083460727403953286,,,
2494,24.940000000000001,0.083669913912771565,,,
2495,24.949999999999999,0.08367868296578404,,,
2496,24.960000000000001,0.083630761239194551,,,
2497,24.969999999999999,0.083465155430599208,,,
2498,24.98,0.083313498109813519,,,
2499,24.990000000000002,0.083166926583234768,,,
2500,25,0.082988522154529412,,,
2501,25.010000000000002,0.082805636390532733,,,
2502,25.02,0.082649537749651239,,,
2503,25.030000000000001,0.082586562008441042,,,
2504,25.039999999999999,0.082441170329939945,,,
2505,25.050000000000001,0.082237771819763147,,,
2506,25.060000000000002,0.082040379030498836,,,
2507,25.07,0.081703220570540941,,,
2508,25.080000000000002,0.081478973864616777,,,
2509,25.09,0.081480683039902108,,,
2510,25.100000000000001,0.081299876882973271,,,
2511,25.109999999999999,0.081188490229777199,,,
2512,25.120000000000001,0.081144485955614076,,,
2513,25.129999999999999,0.081162054783490714,,,
2514,25.140000000000001,0.081183361549611754,,,
2515,25.150000000000002,0.081170720934159224,,,
2516,25.16,0.081156874264776607,,,
2517,25.170000000000002,0.081076099832624426,,,
2518,25.18,0.080984149237717601,,,
2519,25.190000000000001,0.080931974801726023,,,
2520,25.199999999999999,0.080845069758162663,,,
2521,25.210000000000001,0.080826446926097445,,,
2522,25.219999999999999,0.080803380176815889,,,
2523,25.23,0.080749632499749494,,,
2524,25.240000000000002,0.080743072289435822,,,
2525,25.25,0.08064322638307167,,,
2526,25.260000000000002,0.08058430452548912,,,
2527,25.27,0.080517057179999338,,,
2528,25.280000000000001,0.080434572215694611,,,
2529,25.289999999999999,0.080212692822925535,,,
2530,25.300000000000001,0.080011584132809788,,,
2531,25.310000000000002,0.079853640273324117,,,
2532,25.32,0.079739987852604471,,,
2533,25.330000000000002,0.079656816882476347,,,
2534,25.34,0.079535922148779872,,,
2535,25.350000000000001,0.07927273591261684,,,
2536,25.359999999999999,0.079000512923920449,,,
2537,25.370000000000001,0.078875063695793807,,,
2538,25.379999999999999,0.078772428081271495,,,
2539,25.390000000000001,0.078500253692390026,,,
2540,25.400000000000002,0.07819879704529567,,,
2541,25.41,0.077967994264832322,,,
2542,25.420000000000002,0.077805065255390854,,,
2543,25.43,0.077715995979351707,,,
2544,25.440000000000001,0.077591318977187601,,,
2545,25.449999999999999,0.07751395646535883,,,
2546,25.460000000000001,0.077379984960445472,,,
2547,25.469999999999999,0.077239236101079412,,,
2548,25.48,0.077133206254053746,,,
2549,25.490000000000002,0.077073557005017196,,,
2550,25.5,0.077001469917575602,,,
2551,25.510000000000002,0.076887611647203397,,,
2552,25.52,0.076840602642394493,,,
2553,25.530000000000001,0.076745845686899794,,,
2554,25.539999999999999,0.076632208388107997,,,
2555,25.550000000000001,0.076592764034826732,,,
2556,25.560000000000002,0.076521096274914699,,,
2557,25.57,0.076541043351310248,,,
2558,25.580000000000002,0.0765629203396887,,,
2559,25.59,0.076562097301328749,,,
2560,25.600000000000001,0.076677355949180973,,,
2561,25.609999999999999,0.076758058329591927,,,
2562,25.620000000000001,0.076873305775336048,,,
2563,25.629999999999999,0.076927688485877666,,,
2564,25.640000000000001,0.076983198893858365,,,
2565,25.650000000000002,0.076938125753738956,,,
2566,25.66,0.077005330235150993,,,
2567,25.670000000000002,0.07699855799991312,,,
2568,25.68,0.077063445999118518,,,
2569,25.690000000000001,0.077108293758449978,,,
2570,25.699999999999999,0.077094398047813692,,,
2571,25.710000000000001,0.077061156392901384,,,
2572,25.719999999999999,0.077082067413009242,,,
2573,25.73,0.077158562284717958,,,
2574,25.740000000000002,0.077269413119469513,,,
2575,25.75,0.077359482861098686,,,
2576,25.760000000000002,0.077380631326105939,,,
2577,25.77,0.077277779794009543,,,
2578,25.780000000000001,0.077032906059122511,,,
2579,25.789999999999999,0.076750968816188508,,,
2580,25.800000000000001,0.076627170104851247,,,
2581,25.810000000000002,0.076550847738399069,,,
2582,25.82,0.076436046462460661,,,
2583,25.830000000000002,0.076332240897915793,,,
2584,25.84,0.076137823193392754,,,
2585,25.850000000000001,0.076012781286740216,,,
2586,25.859999999999999,0.075923715990221977,,,
2587,25.870000000000001,0.075827394182245947,,,
2588,25.879999999999999,0.075630835625296516,,,
2589,25.890000000000001,0.07542052170668348,,,
2590,25.900000000000002,0.075178340121051193,,,
2591,25.91,0.074878470799788724,,,
2592,25.920000000000002,0.074475271105421764,,,
2593,25.93,0.074164134090768469,,,
2594,25.940000000000001,0.073728945314983529,,,
2595,25.949999999999999,0.07335261881570361,,,
2596,25.960000000000001,0.07303732353008241,,,
2597,25.969999999999999,0.072832610148859028,,,
2598,25.98,0.072594417875065903,,,
2599,25.990000000000002,0.072486871215126494,,,
2600,26,0.072238485456813814,,,
2601,26.010000000000002,0.072099995748385604,,,
2602,26.02,0.072062900715068531,,,
2603,26.030000000000001,0.071961177690813213,,,
2604,26.039999999999999,0.071790207281345525,,,
2605,26.050000000000001,0.07162679316256261,,,
2606,26.060000000000002,0.071409204390395095,,,
2607,26.07,0.071298969864653089,,,
2608,26.080000000000002,0.07131153202682379,,,
2609,26.09,0.071335162141426364,,,
2610,26.100000000000001,0.071418898781525367,,,
2611,26.109999999999999,0.071466710324242066,,,
2612,26.120000000000001,0.071466747333504499,,,
2613,26.129999999999999,0.071469759421202372,,,
2614,26.140000000000001,0.071445061587313022,,,
2615,26.150000000000002,0.071429061889091316,,,
2616,26.16,0.071385899387403459,,,
2617,26.170000000000002,0.071356688392523196,,,
2618,26.18,0.071371271672518111,,,
2619,26.190000000000001,0.071409261022249704,,,
2620,26.199999999999999,0.071428373421337149,,,
2621,26.210000000000001,0.07146240744821164,,,
2622,26.219999999999999,0.07151514223172202,,,
2623,26.23,0.071645469911059356,,,
2624,26.240000000000002,0.071774012594744932,,,
2625,26.25,0.071760009299682015,,,
2626,26.260000000000002,0.071705353491289522,,,
2627,26.27,0.071639510648926139,,,
2628,26.280000000000001,0.071700777585895575,,,
2629,26.289999999999999,0.071797299070791104,,,
2630,26.300000000000001,0.071910808288826081,,,
2631,26.310000000000002,0.071904543871537163,,,
2632,26.32,0.071855665774577901,,,
2633,26.330000000000002,0.071818980320644973,,,
2634,26.34,0.071927157697602717,,,
2635,26.350000000000001,0.072065052303311908,,,
2636,26.359999999999999,0.0721470192090682,,,
2637,26.370000000000001,0.072164700459451545,,,
2638,26.379999999999999,0.07218833054514609,,,
2639,26.390000000000001,0.072165651541770098,,,
2640,26.400000000000002,0.072098445137765393,,,
2641,26.41,0.071978303482549688,,,
2642,26.420000000000002,0.071840829797691144,,,
2643,26.43,0.071679449443431506,,,
2644,26.440000000000001,0.071547730667238754,,,
2645,26.449999999999999,0.0715121081305546,,,
2646,26.460000000000001,0.071546928174455668,,,
2647,26.469999999999999,0.071635309279809989,,,
2648,26.48,0.071729386931365852,,,
2649,26.490000000000002,0.071825255430295235,,,
2650,26.5,0.071903576954412754,,,
2651,26.510000000000002,0.071968477914879758,,,
2652,26.52,0.072026918839773413,,,
2653,26.530000000000001,0.072046280215641662,,,
2654,26.539999999999999,0.072084834461276864,,,
2655,26.550000000000001,0.072134608538833717,,,
2656,26.560000000000002,0.07218628773736234,,,
2657,26.57,0.072282962823355806,,,
2658,26.580000000000002,0.072384051410597644,,,
2659,26.59,0.072516697922586623,,,
2660,26.600000000000001,0.072667914047960219,,,
2661,26.609999999999999,0.072912037773951152,,,
2662,26.620000000000001,0.073133811921093111,,,
2663,26.629999999999999,0.07324172217354262,,,
2664,26.640000000000001,0.073293643134609177,,,
2665,26.650000000000002,0.073447729243791698,,,
2666,26.66,0.073550270327298703,,,
2667,26.670000000000002,0.073564744213359928,,,
2668,26.68,0.07362005680234289,,,
2669,26.690000000000001,0.073673823102038211,,,
2670,26.699999999999999,0.073767382801227341,,,
2671,26.710000000000001,0.073903947024976463,,,
2672,26.719999999999999,0.074012253103352924,,,
2673,26.73,0.074063814734211239,,,
2674,26.740000000000002,0.074101121950194637,,,
2675,26.75,0.074128789348560264,,,
2676,26.760000000000002,0.074154022889675236,,,
2677,26.77,0.074157423011374735,,,
2678,26.780000000000001,0.074217508527843298,,,
2679,26.789999999999999,0.074261604405325365,,,
2680,26.800000000000001,0.074332173184135333,,,
2681,26.810000000000002,0.074331301318453086,,,
2682,26.82,0.074320234216323652,,,
2683,26.830000000000002,0.074301121686678101,,,
2684,26.84,0.07432445770189583,,,
2685,26.850000000000001,0.0744015106538575,,,
2686,26.859999999999999,0.074632917654531339,,,
2687,26.870000000000001,0.074911520290699085,,,
2688,26.879999999999999,0.075234384932201734,,,
2689,26.890000000000001,0.075588897895477888,,,
2690,26.900000000000002,0.075876753736865615,,,
2691,26.91,0.076179140135387666,,,
2692,26.920000000000002,0.076399002934472049,,,
2693,26.93,0.076561909624790495,,,
2694,26.940000000000001,0.076659971027971591,,,
2695,26.949999999999999,0.076702466238352002,,,
2696,26.960000000000001,0.076727950077380716,,,
2697,26.969999999999999,0.076758589675220618,,,
2698,26.98,0.076781908497486409,,,
2699,26.990000000000002,0.076837394033137246,,,
2700,27,0.07691355748148844,,,
2701,27.010000000000002,0.077044987245574709,,,
2702,27.02,0.077216652662260493,,,
2703,27.030000000000001,0.077410353154796746,,,
2704,27.039999999999999,0.077570310177407939,,,
2705,27.050000000000001,0.07769210835745019,,,
2706,27.060000000000002,0.077709470427971314,,,
2707,27.07,0.077738942943456846,,,
2708,27.080000000000002,0.077785384225495718,,,
2709,27.09,0.077834382034057278,,,
2710,27.100000000000001,0.077836274895128704,,,
2711,27.109999999999999,0.077856194620880559,,,
2712,27.120000000000001,0.077894249223575435,,,
2713,27.129999999999999,0.077894241246822787,,,
2714,27.140000000000001,0.077877246769844866,,,
2715,27.150000000000002,0.077842694285840036,,,
2716,27.16,0.077849661347987084,,,
2717,27.170000000000002,0.077875316221192328,,,
2718,27.18,0.077969850866154003,,,
2719,27.190000000000001,0.078113464872009972,,,
2720,27.199999999999999,0.078291736470357434,,,
2721,27.210000000000001,0.078471715509892445,,,
2722,27.219999999999999,0.078681063001183216,,,
2723,27.23,0.078905122756157783,,,
2724,27.240000000000002,0.079140795267152356,,,
2725,27.25,0.079414337627814635,,,
2726,27.260000000000002,0.0795524200866876,,,
2727,27.27,0.07969970825754126,,,
2728,27.280000000000001,0.079736617849646502,,,
2729,27.289999999999999,0.079780923634069342,,,
2730,27.300000000000001,0.079784089562402793,,,
2731,27.310000000000002,0.079763439730013111,,,
2732,27.32,0.079740513542563035,,,
2733,27.330000000000002,0.079685131795878439,,,
2734,27.34,0.079613224632320484,,,
2735,27.350000000000001,0.079570661668116854,,,
2736,27.359999999999999,0.07950988246171814,,,
2737,27.370000000000001,0.079469487514298651,,,
2738,27.379999999999999,0.079451192078077201,,,
2739,27.390000000000001,0.079386231908495489,,,
2740,27.400000000000002,0.079306164565881895,,,
2741,27.41,0.079218539222101314,,,
2742,27.420000000000002,0.079245045913502898,,,
2743,27.43,0.079232140127607389,,,
2744,27.440000000000001,0.079272012495708963,,,
2745,27.449999999999999,0.079289460286216001,,,
2746,27.460000000000001,0.07938463848413331,,,
2747,27.469999999999999,0.079490893400259569,,,
2748,27.48,0.07957436650832693,,,
2749,27.490000000000002,0.079643704106909297,,,
2750,27.5,0.079572917312369387,,,
2751,27.510000000000002,0.079513473980081878,,,
2752,27.52,0.079656494091028249,,,
2753,27.530000000000001,0.079723114571764606,,,
2754,27.539999999999999,0.079685795437776943,,,
2755,27.550000000000001,0.079661490639203775,,,
2756,27.560000000000002,0.079676735697432444,,,
2757,27.57,0.079678246816649256,,,
2758,27.580000000000002,0.079598754857739484,,,
2759,27.59,0.079507939251135168,,,
2760,27.600000000000001,0.079461120358040413,,,
2761,27.609999999999999,0.079433914814224363,,,
2762,27.620000000000001,0.079437304270619583,,,
2763,27.629999999999999,0.079481558160224244,,,
2764,27.640000000000001,0.079533891698102474,,,
2765,27.650000000000002,0.079583450656309229,,,
2766,27.66,0.079607035745748192,,,
2767,27.670000000000002,0.079606276050097319,,,
2768,27.68,0.079636923504691648,,,
2769,27.690000000000001,0.079649124398845333,,,
2770,27.699999999999999,0.079665785277705264,,,
2771,27.710000000000001,0.079584017431132983,,,
2772,27.719999999999999,0.079634799399930109,,,
2773,27.73,0.079680879422260084,,,
2774,27.740000000000002,0.079697837575002067,,,
2775,27.75,0.07970519115363002,,,
2776,27.760000000000002,0.079703591193490742,,,
2777,27.77,0.079645732924598908,,,
2778,27.780000000000001,0.079635113056866116,,,
2779,27.789999999999999,0.079652360134377972,,,
2780,27.800000000000001,0.079671876689673904,,,
2781,27.810000000000002,0.07963753262267291,,,
2782,27.82,0.079654091273908434,,,
2783,27.830000000000002,0.079806088451885318,,,
2784,27.84,0.079971261488691547,,,
2785,27.850000000000001,0.080024247572252308,,,
2786,27.859999999999999,0.080098429500795626,,,
2787,27.870000000000001,0.080234108279463867,,,
2788,27.879999999999999,0.080278522227630933,,,
2789,27.890000000000001,0.080391750053992933,,,
2790,27.900000000000002,0.080460123625031521,,,
2791,27.91,0.080433330057857702,,,
2792,27.920000000000002,0.080365759510975021,,,
2793,27.93,0.080322515531997332,,,
2794,27.940000000000001,0.080223205939175882,,,
2795,27.949999999999999,0.080154743751571486,,,
2796,27.960000000000001,0.080123969678753598,,,
2797,27.969999999999999,0.080092278543412609,,,
2798,27.98,0.080060386062648925,,,
2799,27.990000000000002,0.080152414559713892,,,
2800,28,0.080244536380958853,,,
2801,28.010000000000002,0.080347206771384502,,,
2802,28.02,0.080309474107415152,,,
2803,28.030000000000001,0.080289373449328488,,,
2804,28.039999999999999,0.080194934046436475,,,
2805,28.050000000000001,0.080020836528436182,,,
2806,28.060000000000002,0.079883898868989764,,,
2807,28.07,0.079882954105514423,,,
2808,28.080000000000002,0.079870262716638718,,,
2809,28.09,0.079645821649497572,,,
2810,28.100000000000001,0.079404421702724937,,,
2811,28.109999999999999,0.079139613872810502,,,
2812,28.120000000000001,0.078865278363953212,,,
2813,28.129999999999999,0.078530731211760879,,,
2814,28.140000000000001,0.078233965011469606,,,
2815,28.150000000000002,0.077986318661171394,,,
2816,28.16,0.077781913496896046,,,
2817,28.170000000000002,0.07763375099598796,,,
2818,28.18,0.07754348505675375,,,
2819,28.190000000000001,0.077545162808622878,,,
2820,28.199999999999999,0.07752064371016576,,,
2821,28.210000000000001,0.077494315667393773,,,
2822,28.219999999999999,0.077479113340045952,,,
2823,28.23,0.077367515391445818,,,
2824,28.240000000000002,0.077327075328867678,,,
2825,28.25,0.077321760067260256,,,
2826,28.260000000000002,0.077296679859080605,,,
2827,28.27,0.077297839321418357,,,
2828,28.280000000000001,0.07722001964578909,,,
2829,28.289999999999999,0.077151916225718473,,,
2830,28.300000000000001,0.077017567061356082,,,
2831,28.310000000000002,0.076804440032045715,,,
2832,28.32,0.076628924525636702,,,
2833,28.330000000000002,0.076527559215852553,,,
2834,28.34,0.076484975814705924,,,
2835,28.350000000000001,0.076450697476347224,,,
2836,28.359999999999999,0.076436628004584756,,,
2837,28.370000000000001,0.076437208601799783,,,
2838,28.379999999999999,0.076431171621326718,,,
2839,28.390000000000001,0.076385481578503764,,,
2840,28.400000000000002,0.07635535390904373,,,
2841,28.41,0.076225850199448011,,,
2842,28.420000000000002,0.076135511459933664,,,
2843,28.43,0.076072956399442143,,,
2844,28.440000000000001,0.076005225757939346,,,
2845,28.449999999999999,0.076036896101647031,,,
2846,28.460000000000001,0.076021095423103147,,,
2847,28.469999999999999,0.075944458703474452,,,
2848,28.48,0.075882646753905575,,,
2849,28.490000000000002,0.075583571242675993,,,
2850,28.5,0.075352468720021118,,,
2851,28.510000000000002,0.075349145107869345,,,
2852,28.52,0.075215746694674498,,,
2853,28.530000000000001,0.074945846196183163,,,
2854,28.539999999999999,0.074742293827424394,,,
2855,28.550000000000001,0.074769482064044435,,,
2856,28.560000000000002,0.074827419597449388,,,
2857,28.57,0.07477483708148587,,,
2858,28.580000000000002,0.07466153570995776,,,
2859,28.59,0.074580153889027043,,,
2860,28.600000000000001,0.074470774394165523,,,
2861,28.609999999999999,0.074506706931891861,,,
2862,28.620000000000001,0.074586557152968719,,,
2863,28.629999999999999,0.074642345406076518,,,
2864,28.640000000000001,0.074730106869307894,,,
2865,28.650000000000002,0.07476562053871097,,,
2866,28.66,0.074800744638442065,,,
2867,28.670000000000002,0.074879046534191196,,,
2868,28.68,0.07488261789070931,,,
2869,28.690000000000001,0.074864394374736423,,,
2870,28.699999999999999,0.074759772197008384,,,
2871,28.710000000000001,0.074708316642628211,,,
2872,28.719999999999999,0.074665152494776149,,,
2873,28.73,0.07468843100222948,,,
2874,28.740000000000002,0.07462233671593356,,,
2875,28.75,0.074612446254586795,,,
2876,28.760000000000002,0.074551999555681744,,,
2877,28.77,0.074535395197653495,,,
2878,28.780000000000001,0.074634086580449358,,,
2879,28.789999999999999,0.074742852638379875,,,
2880,28.800000000000001,0.074765327978879872,,,
2881,28.810000000000002,0.07481211898247847,,,
2882,28.82,0.074921885138288055,,,
2883,28.830000000000002,0.075037706923891681,,,
2884,28.84,0.075092394635298321,,,
2885,28.850000000000001,0.075171537318215936,,,
2886,28.859999999999999,0.075291222779267281,,,
2887,28.870000000000001,0.07538065748248142,,,
2888,28.879999999999999,0.075535202828843406,,,
2889,28.890000000000001,0.075665915993195429,,,
2890,28.900000000000002,0.075812572811332787,,,
2891,28.91,0.076009268997289839,,,
2892,28.920000000000002,0.076112449506557836,,,
2893,28.93,0.076178392467877346,,,
2894,28.940000000000001,0.076469818372573509,,,
2895,28.949999999999999,0.076647060960798818,,,
2896,28.960000000000001,0.076828728746198005,,,
2897,28.969999999999999,0.076957407631145711,,,
2898,28.98,0.077196437320165248,,,
2899,28.990000000000002,0.077362349880172876,,,
2900,29,0.077525466467438298,,,
2901,29.010000000000002,0.077641984874083511,,,
2902,29.02,0.077852808651093633,,,
2903,29.030000000000001,0.078024403506209705,,,
2904,29.039999999999999,0.078174145438164297,,,
2905,29.050000000000001,0.078314239821139803,,,
2906,29.060000000000002,0.078475913245531687,,,
2907,29.07,0.078616354282952078,,,
2908,29.080000000000002,0.078741548929623817,,,
2909,29.09,0.078821312042859429,,,
2910,29.100000000000001,0.079118975265757133,,,
2911,29.109999999999999,0.079376474336673983,,,
2912,29.120000000000001,0.079657359990120996,,,
2913,29.129999999999999,0.079910515011815272,,,
2914,29.140000000000001,0.080170196765766602,,,
2915,29.150000000000002,0.080472309220129642,,,
2916,29.16,0.080867624239362806,,,
2917,29.170000000000002,0.081235619256694563,,,
2918,29.18,0.081539828972037695,,,
2919,29.190000000000001,0.081707751907463516,,,
2920,29.199999999999999,0.081969740026583277,,,
2921,29.210000000000001,0.082156661162098771,,,
2922,29.219999999999999,0.082454947249188296,,,
2923,29.23,0.08274502166903612,,,
2924,29.240000000000002,0.082931440125668707,,,
2925,29.25,0.083170914923755293,,,
2926,29.260000000000002,0.08345751932699863,,,
2927,29.27,0.083752377837939262,,,
2928,29.280000000000001,0.084296577269429171,,,
2929,29.289999999999999,0.084870097085892368,,,
2930,29.300000000000001,0.08533769439397354,,,
2931,29.310000000000002,0.085677612819016952,,,
2932,29.32,0.085997640402981357,,,
2933,29.330000000000002,0.086197036631791027,,,
2934,29.34,0.086861266809162854,,,
2935,29.350000000000001,0.087368043215191121,,,
2936,29.359999999999999,0.087662238280817595,,,
2937,29.370000000000001,0.087793216386993514,,,
2938,29.379999999999999,0.087906839169566736,,,
2939,29.390000000000001,0.08794284288800909,,,
2940,29.400000000000002,0.088144641855541633,,,
2941,29.41,0.088264872806987194,,,
2942,29.420000000000002,0.088502767533138155,,,
2943,29.43,0.08863327038134311,,,
2944,29.440000000000001,0.088864076096826505,,,
2945,29.449999999999999,0.088962869897443647,,,
2946,29.460000000000001,0.089147065881215404,,,
2947,29.469999999999999,0.089264404767328484,,,
2948,29.48,0.089311089915121239,,,
2949,29.490000000000002,0.089420080615938549,,,
2950,29.5,0.089581730507292665,,,
2951,29.510000000000002,0.089735746057523158,,,
2952,29.52,0.090069645698400161,,,
2953,29.530000000000001,0.090639617468469963,,,
2954,29.539999999999999,0.091123150695157668,,,
2955,29.550000000000001,0.091689025700138704,,,
2956,29.560000000000002,0.092153683459050839,,,
2957,29.57,0.092500918962966014,,,
2958,29.580000000000002,0.092886568630435803,,,
2959,29.59,0.093004536064493104,,,
2960,29.600000000000001,0.093114175122846352,,,
2961,29.609999999999999,0.093390634037349138,,,
2962,29.620000000000001,0.093582035893929855,,,
2963,29.629999999999999,0.093605809796465697,,,
2964,29.640000000000001,0.093739323247912024,,,
2965,29.650000000000002,0.094119489264962261,,,
2966,29.66,0.094412321194207838,,,
2967,29.670000000000002,0.094623066225929489,,,
2968,29.68,0.094819651830114635,,,
2969,29.690000000000001,0.095017864871420457,,,
2970,29.699999999999999,0.09518163836862191,,,
2971,29.710000000000001,0.095476914785023959,,,
2972,29.719999999999999,0.095750285902188828,,,
2973,29.73,0.096115039006602884,,,
2974,29.740000000000002,0.09653364241464496,,,
2975,29.75,0.097097018312778227,,,
2976,29.760000000000002,0.097537515396658489,,,
2977,29.77,0.097967170894521824,,,
2978,29.780000000000001,0.098346520736704898,,,
2979,29.789999999999999,0.098607981722737617,,,
2980,29.800000000000001,0.098812719634456467,,,
2981,29.810000000000002,0.098995487730824241,,,
2982,29.82,0.099087392971652755,,,
2983,29.830000000000002,0.099316684016512793,,,
2984,29.84,0.099536900412715248,,,
2985,29.850000000000001,0.099751887171073861,,,
2986,29.859999999999999,0.10000265096934426,,,
2987,29.870000000000001,0.10057289894588552,,,
2988,29.879999999999999,0.10107675296123438,,,
2989,29.890000000000001,0.10152651524284741,,,
2990,29.900000000000002,0.10197275794050528,,,
2991,29.91,0.10228554471685951,,,
2992,29.920000000000002,0.10258971337036384,,,
2993,29.93,0.10316502678309623,,,
2994,29.940000000000001,0.10357404539966841,,,
2995,29.949999999999999,0.1037279023593039,,,
2996,29.960000000000001,0.10392517382210514,,,
2997,29.969999999999999,0.10425898824527305,,,
2998,29.98,0.10466653981169391,,,
2999,29.990000000000002,0.10515560705334928,,,
3000,30,0.10576461086577676,,,
3001,30.010000000000002,0.10630462723483214,,,
3002,30.02,0.10674658291444049,,,
3003,30.030000000000001,0.10715573951552414,,,
3004,30.039999999999999,0.1074636872768293,,,
3005,30.050000000000001,0.1078815590864371,,,
3006,30.060000000000002,0.10818225808967379,,,
3007,30.07,0.10833612433288962,,,
3008,30.080000000000002,0.1086581152185442,,,
3009,30.09,0.10916297770769533,,,
3010,30.100000000000001,0.10975326903833023,,,
3011,30.109999999999999,0.11030048220394126,,,
3012,30.120000000000001,0.11119057395020458,,,
3013,30.129999999999999,0.11197237729465374,,,
3014,30.140000000000001,0.11266601515752651,,,
3015,30.150000000000002,0.1131855313251709,,,
3016,30.16,0.11376729446080636,,,
3017,30.170000000000002,0.11443315885129324,,,
3018,30.18,0.11522795543839065,,,
3019,30.190000000000001,0.11598031139293882,,,
3020,30.199999999999999,0.11680396769613631,,,
3021,30.210000000000001,0.1177913188199427,,,
3022,30.219999999999999,0.11890273653557973,,,
3023,30.23,0.12025181131439333,,,
3024,30.240000000000002,0.12160755131362531,,,
3025,30.25,0.12289935996987475,,,
3026,30.260000000000002,0.12408852646371245,,,
3027,30.27,0.12517833901186901,,,
3028,30.280000000000001,0.12623523713188492,,,
3029,30.289999999999999,0.1273085109714423,,,
3030,30.300000000000001,0.12830954362274843,,,
3031,30.310000000000002,0.12927137166368932,,,
3032,30.32,0.13023023021448929,,,
3033,30.330000000000002,0.13091329748008576,,,
3034,30.34,0.13165381073403165,,,
3035,30.350000000000001,0.13244151976615556,,,
3036,30.359999999999999,0.13341071882931008,,,
3037,30.370000000000001,0.13450454935538511,,,
3038,30.379999999999999,0.13559986170819288,,,
3039,30.390000000000001,0.13696611276816917,,,
3040,30.400000000000002,0.1382230567625036,,,
3041,30.41,0.13954349708821698,,,
3042,30.420000000000002,0.14104543318008358,,,
3043,30.43,0.14266615326076662,,,
3044,30.440000000000001,0.14441229714477646,,,
3045,30.449999999999999,0.14610931910698274,,,
3046,30.460000000000001,0.14786883828472788,,,
3047,30.469999999999999,0.14959237122068569,,,
3048,30.48,0.15130636607521203,,,
3049,30.490000000000002,0.15314345920589775,,,
3050,30.5,0.15494700078727702,,,
3051,30.510000000000002,0.15682940232315043,,,
3052,30.52,0.1587918711291918,,,
3053,30.530000000000001,0.16083689489474545,,,
3054,30.539999999999999,0.16300908005058154,,,
3055,30.550000000000001,0.16506919264302616,,,
3056,30.560000000000002,0.16711545196538924,,,
3057,30.57,0.16891343558086289,,,
3058,30.580000000000002,0.17051558458006691,,,
3059,30.59,0.17186518634387307,,,
3060,30.600000000000001,0.17319277527951341,,,
3061,30.609999999999999,0.17445670021589335,,,
3062,30.620000000000001,0.17574931633650326,,,
3063,30.629999999999999,0.17690970162302244,,,
3064,30.640000000000001,0.17822088365198854,,,
3065,30.650000000000002,0.17946142099233189,,,
3066,30.66,0.18075643526152829,,,
3067,30.670000000000002,0.18190455909142708,,,
3068,30.68,0.1829516668382711,,,
3069,30.690000000000001,0.18368964975299062,,,
3070,30.699999999999999,0.1841974783849393,,,
3071,30.710000000000001,0.18460209886980147,,,
3072,30.719999999999999,0.18491537485061002,,,
3073,30.73,0.18533568119325464,,,
3074,30.740000000000002,0.18592494703182025,,,
3075,30.75,0.18663735720142177,,,
3076,30.760000000000002,0.18750595323155755,,,
3077,30.77,0.18834992906017886,,,
3078,30.780000000000001,0.18921934164163609,,,
3079,30.789999999999999,0.18996248916992403,,,
3080,30.800000000000001,0.19062901131372093,,,
3081,30.810000000000002,0.19059325718001752,,,
3082,30.82,0.19158240381515268,,,
3083,30.830000000000002,0.19205841118107114,,,
3084,30.84,0.19254271434916131,,,
3085,30.850000000000001,0.19311557635283941,,,
3086,30.859999999999999,0.19356613261708092,,,
3087,30.870000000000001,0.19397825063136817,,,
3088,30.879999999999999,0.19432107559059367,,,
3089,30.890000000000001,0.19449273322714103,,,
3090,30.900000000000002,0.19459887259301939,,,
3091,30.91,0.19466744201111394,,,
3092,30.920000000000002,0.19481404796450416,,,
3093,30.93,0.19492997221893585,,,
3094,30.940000000000001,0.19543749391398302,,,
3095,30.949999999999999,0.19589058286138847,,,
3096,30.960000000000001,0.19686267048192971,,,
3097,30.970000000000002,0.19761669869145984,,,
3098,30.98,0.19853703560098421,,,
3099,30.990000000000002,0.19941513479238593,,,
3100,31,0.20026795970768788,,,
3101,31.010000000000002,0.20080612102858286,,,
3102,31.02,0.20130751662717103,,,
3103,31.030000000000001,0.20158556706252884,,,
3104,31.039999999999999,0.20192757810172995,,,
3105,31.050000000000001,0.2023907227871265,,,
3106,31.060000000000002,0.20314650077349383,,,
3107,31.07,0.20404538309735243,,,
3108,31.080000000000002,0.20507698089517354,,,
3109,31.09,0.20617903027528259,,,
3110,31.100000000000001,0.20756772039901053,,,
3111,31.109999999999999,0.20911181811472421,,,
3112,31.120000000000001,0.21087161194648193,,,
3113,31.129999999999999,0.21258896057004986,,,
3114,31.140000000000001,0.21406966038685207,,,
3115,31.150000000000002,0.21537524583483048,,,
3116,31.16,0.21664068103670728,,,
3117,31.170000000000002,0.21801576025141323,,,
3118,31.18,0.2196431530500017,,,
3119,31.190000000000001,0.2209676496353056,,,
3120,31.199999999999999,0.22230087038070853,,,
3121,31.210000000000001,0.22347204972413803,,,
3122,31.220000000000002,0.22458143035002298,,,
3123,31.23,0.22557214672237971,,,
3124,31.240000000000002,0.22658470026295613,,,
3125,31.25,0.22758684290467365,,,
3126,31.260000000000002,0.22847157008882726,,,
3127,31.27,0.2290003516888032,,,
3128,31.280000000000001,0.22926564857753173,,,
3129,31.289999999999999,0.22929008608514212,,,
3130,31.300000000000001,0.22940085660246401,,,
3131,31.310000000000002,0.22960228086989376,,,
3132,31.32,0.22989078121075723,,,
3133,31.330000000000002,0.23033454794588407,,,
3134,31.34,0.23081351657532043,,,
3135,31.350000000000001,0.23130639593431351,,,
3136,31.359999999999999,0.23183466624846358,,,
3137,31.370000000000001,0.23243303493330281,,,
3138,31.379999999999999,0.23307473597907261,,,
3139,31.390000000000001,0.2334703342616663,,,
3140,31.400000000000002,0.23389017150891714,,,
3141,31.41,0.23424582259744747,,,
3142,31.420000000000002,0.23464752199036104,,,
3143,31.43,0.23505564965946471,,,
3144,31.440000000000001,0.23553233423482753,,,
3145,31.449999999999999,0.23601848283813928,,,
3146,31.460000000000001,0.23652351708791419,,,
3147,31.470000000000002,0.23700359484106628,,,
3148,31.48,0.23737818286078596,,,
3149,31.490000000000002,0.23782413244156086,,,
3150,31.5,0.23818409454870529,,,
3151,31.510000000000002,0.23853766538642066,,,
3152,31.52,0.23870340219379577,,,
3153,31.530000000000001,0.23866163990106071,,,
3154,31.539999999999999,0.23829508425816581,,,
3155,31.550000000000001,0.2381100491121767,,,
3156,31.560000000000002,0.23769252808641775,,,
3157,31.57,0.23735471538819794,,,
3158,31.580000000000002,0.23703749422043127,,,
3159,31.59,0.23657166549498615,,,
3160,31.600000000000001,0.23583476236509746,,,
3161,31.609999999999999,0.23493705844435764,,,
3162,31.620000000000001,0.23422241541089067,,,
3163,31.629999999999999,0.23342665176380331,,,
3164,31.640000000000001,0.23262513990023417,,,
3165,31.650000000000002,0.231469030989646,,,
3166,31.66,0.23030849136870526,,,
3167,31.670000000000002,0.22864510092388871,,,
3168,31.68,0.22696743046206802,,,
3169,31.690000000000001,0.22531472170562725,,,
3170,31.699999999999999,0.22378599553986053,,,
3171,31.710000000000001,0.2222808154979922,,,
3172,31.720000000000002,0.22088439977088056,,,
3173,31.73,0.21945763478075825,,,
3174,31.740000000000002,0.21808481629107912,,,
3175,31.75,0.21686009694221162,,,
3176,31.760000000000002,0.21559385947610968,,,
3177,31.77,0.21458056753246632,,,
3178,31.780000000000001,0.21380898690388145,,,
3179,31.789999999999999,0.21325730825539671,,,
3180,31.800000000000001,0.21283771943988375,,,
3181,31.810000000000002,0.21248801226426167,,,
3182,31.82,0.21229243749274759,,,
3183,31.830000000000002,0.2122092168490467,,,
3184,31.84,0.21229461681287873,,,
3185,31.850000000000001,0.21260745211151266,,,
3186,31.859999999999999,0.21310461617268031,,,
3187,31.870000000000001,0.21383482915520285,,,
3188,31.879999999999999,0.21471493921630741,,,
3189,31.890000000000001,0.21561305236564013,,,
3190,31.900000000000002,0.21648032539086501,,,
3191,31.91,0.21722103052734296,,,
3192,31.920000000000002,0.21779281324881325,,,
3193,31.93,0.21831054574603576,,,
3194,31.940000000000001,0.21859674686045438,,,
3195,31.949999999999999,0.21883534187273637,,,
3196,31.960000000000001,0.21900664443905413,,,
3197,31.970000000000002,0.21922319096057788,,,
3198,31.98,0.21951706506186122,,,
3199,31.990000000000002,0.21982962325052308,,,
3200,32,0.22019168971413455,,,
3201,32.009999999999998,0.2206664282932993,,,
3202,32.020000000000003,0.22106221761507613,,,
3203,32.030000000000001,0.22118999911792761,,,
3204,32.039999999999999,0.22128241915515831,,,
3205,32.049999999999997,0.22125088844581975,,,
3206,32.060000000000002,0.22130912502267952,,,
3207,32.07,0.22125193161221782,,,
3208,32.079999999999998,0.22109778262380791,,,
3209,32.090000000000003,0.22087194361375775,,,
3210,32.100000000000001,0.22080139358167425,,,
3211,32.109999999999999,0.22065874709227454,,,
3212,32.119999999999997,0.22059447403833948,,,
3213,32.130000000000003,0.22049625401339151,,,
3214,32.140000000000001,0.22059941300197847,,,
3215,32.149999999999999,0.22068192162683342,,,
3216,32.160000000000004,0.22087017227022027,,,
3217,32.170000000000002,0.22099228240695212,,,
3218,32.18,0.22120377860316273,,,
3219,32.189999999999998,0.22123518695262856,,,
3220,32.200000000000003,0.22134041632683163,,,
3221,32.210000000000001,0.22124619282857308,,,
3222,32.219999999999999,0.22119871073851116,,,
3223,32.230000000000004,0.22097986992530688,,,
3224,32.240000000000002,0.22087114519307283,,,
3225,32.25,0.22056266134028527,,,
3226,32.259999999999998,0.22012184140321298,,,
3227,32.270000000000003,0.21954194657443424,,,
3228,32.280000000000001,0.21903285752260748,,,
3229,32.289999999999999,0.2184852604763115,,,
3230,32.299999999999997,0.21814657658810771,,,
3231,32.310000000000002,0.2177568946931554,,,
3232,32.32,0.21736641696184317,,,
3233,32.329999999999998,0.21709945426229874,,,
3234,32.340000000000003,0.2169501298114424,,,
3235,32.350000000000001,0.21681215754000613,,,
3236,32.359999999999999,0.21684561510217717,,,
3237,32.369999999999997,0.21702375538836635,,,
3238,32.380000000000003,0.2173269633505216,,,
3239,32.390000000000001,0.21754876746687765,,,
3240,32.399999999999999,0.21816831292828681,,,
3241,32.410000000000004,0.21877339830517795,,,
3242,32.420000000000002,0.21955398301471921,,,
3243,32.43,0.22042175820250851,,,
3244,32.439999999999998,0.22142588144671474,,,
3245,32.450000000000003,0.22271343348380937,,,
3246,32.460000000000001,0.22433729697578769,,,
3247,32.469999999999999,0.22604685834310331,,,
3248,32.480000000000004,0.2277911795653049,,,
3249,32.490000000000002,0.22930889029295715,,,
3250,32.5,0.23082964924017196,,,
3251,32.509999999999998,0.2321070616067285,,,
3252,32.520000000000003,0.23336968258251911,,,
3253,32.530000000000001,0.23440857406587917,,,
3254,32.539999999999999,0.23531984140717058,,,
3255,32.549999999999997,0.23657617843594989,,,
3256,32.560000000000002,0.2380912149108815,,,
3257,32.57,0.23966227602889256,,,
3258,32.579999999999998,0.24134955215465154,,,
3259,32.590000000000003,0.2428823946618047,,,
3260,32.600000000000001,0.24426985126588263,,,
3261,32.609999999999999,0.24551910041440242,,,
3262,32.619999999999997,0.24681710061310472,,,
3263,32.630000000000003,0.24808617291569215,,,
3264,32.640000000000001,0.24939195319074967,,,
3265,32.649999999999999,0.25079559554113068,,,
3266,32.660000000000004,0.2522034196370293,,,
3267,32.670000000000002,0.25355361560683554,,,
3268,32.68,0.25505930819354189,,,
3269,32.689999999999998,0.2562355445364573,,,
3270,32.700000000000003,0.25748943825581905,,,
3271,32.710000000000001,0.25900840144347859,,,
3272,32.719999999999999,0.26041283393238535,,,
3273,32.730000000000004,0.26159078019803911,,,
3274,32.740000000000002,0.26277697080853396,,,
3275,32.75,0.26388151055101056,,,
3276,32.759999999999998,0.26505710886107547,,,
3277,32.770000000000003,0.26607062238210127,,,
3278,32.780000000000001,0.26679431884442395,,,
3279,32.789999999999999,0.26701106236995997,,,
3280,32.799999999999997,0.26718283529648507,,,
3281,32.810000000000002,0.26756405531808047,,,
3282,32.82,0.26783998866227371,,,
3283,32.829999999999998,0.26804154877478564,,,
3284,32.840000000000003,0.26840270574989972,,,
3285,32.850000000000001,0.26890104142102816,,,
3286,32.859999999999999,0.26944336699453458,,,
3287,32.869999999999997,0.26999605123418613,,,
3288,32.880000000000003,0.2706287234040306,,,
3289,32.890000000000001,0.27131147476081974,,,
3290,32.899999999999999,0.27199686296941633,,,
3291,32.910000000000004,0.27272929907512627,,,
3292,32.920000000000002,0.27339808627841788,,,
3293,32.93,0.27418022922247115,,,
3294,32.939999999999998,0.27494467625504931,,,
3295,32.950000000000003,0.27579276373784067,,,
3296,32.960000000000001,0.27657605919924483,,,
3297,32.969999999999999,0.27729977817580354,,,
3298,32.980000000000004,0.27783823102965621,,,
3299,32.990000000000002,0.27834236149703423,,,
3300,33,0.27854969661666351,,,
3301,33.009999999999998,0.2787211887074309,,,
3302,33.020000000000003,0.27887470285209398,,,
3303,33.030000000000001,0.27894929692966958,,,
3304,33.039999999999999,0.27880699464743225,,,
3305,33.049999999999997,0.27883777013288347,,,
3306,33.060000000000002,0.27870831638619892,,,
3307,33.07,0.27860137910414456,,,
3308,33.079999999999998,0.27849588679295934,,,
3309,33.090000000000003,0.27843769586952011,,,
3310,33.100000000000001,0.27824321045129669,,,
3311,33.109999999999999,0.27808742990103458,,,
3312,33.119999999999997,0.2778573022794687,,,
3313,33.130000000000003,0.27762094356687644,,,
3314,33.140000000000001,0.27741138893220352,,,
3315,33.149999999999999,0.27714379994027954,,,
3316,33.160000000000004,0.27677760247197303,,,
3317,33.170000000000002,0.27639359495923005,,,
3318,33.18,0.27596122286624847,,,
3319,33.189999999999998,0.27551003950126046,,,
3320,33.200000000000003,0.27499643014926117,,,
3321,33.210000000000001,0.27452419383355464,,,
3322,33.219999999999999,0.27401355629042934,,,
3323,33.230000000000004,0.27354743382678331,,,
3324,33.240000000000002,0.27295750457613893,,,
3325,33.25,0.27234409154435174,,,
3326,33.259999999999998,0.27178982428698722,,,
3327,33.270000000000003,0.27145686976181016,,,
3328,33.280000000000001,0.27103067003253128,,,
3329,33.289999999999999,0.27072212524518613,,,
3330,33.299999999999997,0.27024774922850969,,,
3331,33.310000000000002,0.26968493552661671,,,
3332,33.32,0.26896773002702312,,,
3333,33.329999999999998,0.26825574120838791,,,
3334,33.340000000000003,0.26753037823288212,,,
3335,33.350000000000001,0.26677442149768504,,,
3336,33.359999999999999,0.26587795582663087,,,
3337,33.369999999999997,0.26506163483348755,,,
3338,33.380000000000003,0.26426765237968802,,,
3339,33.390000000000001,0.26365134761571773,,,
3340,33.399999999999999,0.26306883770612705,,,
3341,33.410000000000004,0.26267744695913059,,,
3342,33.420000000000002,0.26226393231522038,,,
3343,33.43,0.26206025085119605,,,
3344,33.439999999999998,0.26184873537576631,,,
3345,33.450000000000003,0.26177666408111311,,,
3346,33.460000000000001,0.26174787906460212,,,
3347,33.469999999999999,0.26158425130252089,,,
3348,33.480000000000004,0.26140937341269005,,,
3349,33.490000000000002,0.26128825139819811,,,
3350,33.5,0.26113327728078911,,,
3351,33.509999999999998,0.26090303823053007,,,
3352,33.520000000000003,0.26067218375868412,,,
3353,33.530000000000001,0.26054619286194858,,,
3354,33.539999999999999,0.26036544419544383,,,
3355,33.549999999999997,0.26027718687872675,,,
3356,33.560000000000002,0.26025159089530614,,,
3357,33.57,0.26017519983147674,,,
3358,33.579999999999998,0.26013444510053035,,,
3359,33.590000000000003,0.2601811273705919,,,
3360,33.600000000000001,0.26018533986195946,,,
3361,33.609999999999999,0.26024443029418831,,,
3362,33.619999999999997,0.26027195689765698,,,
3363,33.630000000000003,0.2601105993747147,,,
3364,33.640000000000001,0.25997723615497431,,,
3365,33.649999999999999,0.25963970756476512,,,
3366,33.660000000000004,0.25932860063638735,,,
3367,33.670000000000002,0.25902960910205552,,,
3368,33.68,0.25866745115400674,,,
3369,33.689999999999998,0.25816208126288964,,,
3370,33.700000000000003,0.25762979610022058,,,
3371,33.710000000000001,0.25713228070562449,,,
3372,33.719999999999999,0.25658466097907728,,,
3373,33.730000000000004,0.25601865885613739,,,
3374,33.740000000000002,0.25541439694029294,,,
3375,33.75,0.25467502537715131,,,
3376,33.759999999999998,0.25399040544367785,,,
3377,33.770000000000003,0.25347842947445415,,,
3378,33.780000000000001,0.25296329098423259,,,
3379,33.789999999999999,0.25242267174989758,,,
3380,33.799999999999997,0.25166004011253168,,,
3381,33.810000000000002,0.25045476228130231,,,
3382,33.82,0.24923608044506437,,,
3383,33.829999999999998,0.24806293822910566,,,
3384,33.840000000000003,0.2468164737202847,,,
3385,33.850000000000001,0.24552377411154327,,,
3386,33.859999999999999,0.24414781321254311,,,
3387,33.869999999999997,0.24264014273110057,,,
3388,33.880000000000003,0.24119534542967955,,,
3389,33.890000000000001,0.2397090750778666,,,
3390,33.899999999999999,0.23839100067722802,,,
3391,33.910000000000004,0.23721014772239116,,,
3392,33.920000000000002,0.23640748515348764,,,
3393,33.93,0.2357824691994006,,,
3394,33.939999999999998,0.23525598391532351,,,
3395,33.950000000000003,0.23481095960593318,,,
3396,33.960000000000001,0.23467301737179747,,,
3397,33.969999999999999,0.23446056990378397,,,
3398,33.980000000000004,0.23435677138996608,,,
3399,33.990000000000002,0.2343569737840813,,,
3400,34,0.23442228042395127,,,
3401,34.009999999999998,0.23461480594484416,,,
3402,34.020000000000003,0.23496989687602535,,,
3403,34.030000000000001,0.23521713485690282,,,
3404,34.039999999999999,0.23550718357758221,,,
3405,34.049999999999997,0.23570095014899375,,,
3406,34.060000000000002,0.23597978437409842,,,
3407,34.07,0.23606675054186096,,,
3408,34.079999999999998,0.23618233993924215,,,
3409,34.090000000000003,0.23634626872838768,,,
3410,34.100000000000001,0.23650004337345459,,,
3411,34.109999999999999,0.23661551852782203,,,
3412,34.119999999999997,0.23677788318018533,,,
3413,34.130000000000003,0.23702543700983417,,,
3414,34.140000000000001,0.23738440968389077,,,
3415,34.149999999999999,0.23779913309199668,,,
3416,34.160000000000004,0.23830928220014458,,,
3417,34.170000000000002,0.23882971511124507,,,
3418,34.18,0.23959292747288102,,,
3419,34.189999999999998,0.24030364420931316,,,
3420,34.200000000000003,0.24123420314169297,,,
3421,34.210000000000001,0.24208858509193176,,,
3422,34.219999999999999,0.24288016737895954,,,
3423,34.230000000000004,0.24356933299660663,,,
3424,34.240000000000002,0.24417857531054415,,,
3425,34.25,0.2446783198259925,,,
3426,34.259999999999998,0.24520201176873366,,,
3427,34.270000000000003,0.24550361192897943,,,
3428,34.280000000000001,0.24567522742403416,,,
3429,34.289999999999999,0.24596215716223049,,,
3430,34.300000000000004,0.24642139849227718,,,
3431,34.310000000000002,0.24695534569265579,,,
3432,34.32,0.24771633472323884,,,
3433,34.329999999999998,0.24837882826148974,,,
3434,34.340000000000003,0.24912582852239173,,,
3435,34.350000000000001,0.24996526255901472,,,
3436,34.359999999999999,0.25103151460968792,,,
3437,34.369999999999997,0.25222939901559738,,,
3438,34.380000000000003,0.25355419538220192,,,
3439,34.390000000000001,0.25503111684399737,,,
3440,34.399999999999999,0.25647931481641911,,,
3441,34.410000000000004,0.25790956640901697,,,
3442,34.420000000000002,0.25927034980433705,,,
3443,34.43,0.26069859653500854,,,
3444,34.439999999999998,0.26221066429592527,,,
3445,34.450000000000003,0.26378076063822692,,,
3446,34.460000000000001,0.26531758912224945,,,
3447,34.469999999999999,0.26656958038273471,,,
3448,34.480000000000004,0.26749913033889555,,,
3449,34.490000000000002,0.26829322116096438,,,
3450,34.5,0.268864454923607,,,
3451,34.509999999999998,0.26950873717334456,,,
3452,34.520000000000003,0.27011142522359449,,,
3453,34.530000000000001,0.27063586834252129,,,
3454,34.539999999999999,0.27118697420825938,,,
3455,34.550000000000004,0.27163091707268949,,,
3456,34.560000000000002,0.27232598524612472,,,
3457,34.57,0.27322031203333763,,,
3458,34.579999999999998,0.27420364472502223,,,
3459,34.590000000000003,0.27509607778147377,,,
3460,34.600000000000001,0.2759647072591408,,,
3461,34.609999999999999,0.27685185225821735,,,
3462,34.619999999999997,0.27777709303280657,,,
3463,34.630000000000003,0.27875839496517074,,,
3464,34.640000000000001,0.27980084431140922,,,
3465,34.649999999999999,0.2811247910053013,,,
3466,34.660000000000004,0.2824015000664416,,,
3467,34.670000000000002,0.28366805424381292,,,
3468,34.68,0.28480173131331432,,,
3469,34.689999999999998,0.28592074972661252,,,
3470,34.700000000000003,0.28703500721605069,,,
3471,34.710000000000001,0.28817807730462097,,,
3472,34.719999999999999,0.28932403541508983,,,
3473,34.730000000000004,0.29041564616232779,,,
3474,34.740000000000002,0.29135151851252278,,,
3475,34.75,0.29255476193776681,,,
3476,34.759999999999998,0.29379395058321844,,,
3477,34.770000000000003,0.29519120622633405,,,
3478,34.780000000000001,0.29651330557779382,,,
3479,34.789999999999999,0.29781541146216839,,,
3480,34.800000000000004,0.29902284708053445,,,
3481,34.810000000000002,0.30022308261756031,,,
3482,34.82,0.30138783075404862,,,
3483,34.829999999999998,0.30256569651090859,,,
3484,34.840000000000003,0.3025611548896891,,,
3485,34.850000000000001,0.30500072052909311,,,
3486,34.859999999999999,0.30620985067046047,,,
3487,34.869999999999997,0.30736461424814226,,,
3488,34.880000000000003,0.3084297539386518,,,
3489,34.890000000000001,0.30939997465361185,,,
3490,34.899999999999999,0.3101162444397349,,,
3491,34.910000000000004,0.31078503339226188,,,
3492,34.920000000000002,0.31138269267645896,,,
3493,34.93,0.3119174392064254,,,
3494,34.939999999999998,0.31248151585947481,,,
3495,34.950000000000003,0.31308336366482908,,,
3496,34.960000000000001,0.3136874111440584,,,
3497,34.969999999999999,0.31417790455850431,,,
3498,34.980000000000004,0.31465261020901353,,,
3499,34.990000000000002,0.31522841303443944,,,
3500,35,0.31566910837748258,,,
3501,35.009999999999998,0.31616446367855455,,,
3502,35.020000000000003,0.31655447180868218,,,
3503,35.030000000000001,0.31678390274687351,,,
3504,35.039999999999999,0.31694308294633938,,,
3505,35.050000000000004,0.31705710692929967,,,
3506,35.060000000000002,0.31714271976849318,,,
3507,35.07,0.31722822213790408,,,
3508,35.079999999999998,0.3173208411474619,,,
3509,35.090000000000003,0.317335699303813,,,
3510,35.100000000000001,0.31742917404723431,,,
3511,35.109999999999999,0.31752756414826033,,,
3512,35.119999999999997,0.31764208143979916,,,
3513,35.130000000000003,0.3178749852734496,,,
3514,35.140000000000001,0.31809314797428601,,,
3515,35.149999999999999,0.3182671498610285,,,
3516,35.160000000000004,0.318445934231121,,,
3517,35.170000000000002,0.31882194018187077,,,
3518,35.18,0.31914769771319978,,,
3519,35.189999999999998,0.31932315912024334,,,
3520,35.200000000000003,0.31934889427320928,,,
3521,35.210000000000001,0.31937112956763009,,,
3522,35.219999999999999,0.31930507488955179,,,
3523,35.230000000000004,0.31924501375074438,,,
3524,35.240000000000002,0.31912391620386438,,,
3525,35.25,0.31906813363200193,,,
3526,35.259999999999998,0.31894436712260293,,,
3527,35.270000000000003,0.31875894651539782,,,
3528,35.280000000000001,0.31854593897280475,,,
3529,35.289999999999999,0.31840841505129158,,,
3530,35.300000000000004,0.31829922641717967,,,
3531,35.310000000000002,0.3180963396451526,,,
3532,35.32,0.31794922527318997,,,
3533,35.329999999999998,0.31786891086469882,,,
3534,35.340000000000003,0.31785409601815012,,,
3535,35.350000000000001,0.31799009019567687,,,
3536,35.359999999999999,0.31805345896588544,,,
3537,35.369999999999997,0.31826499752766979,,,
3538,35.380000000000003,0.31848573352760473,,,
3539,35.390000000000001,0.31853246451429584,,,
3540,35.399999999999999,0.31856476838629638,,,
3541,35.410000000000004,0.31850975758986871,,,
3542,35.420000000000002,0.31838696938894717,,,
3543,35.43,0.31821007315538169,,,
3544,35.439999999999998,0.31811855372656167,,,
3545,35.450000000000003,0.3180001200331975,,,
3546,35.460000000000001,0.31768074776657618,,,
3547,35.469999999999999,0.31765911151046178,,,
3548,35.480000000000004,0.31748096162056677,,,
3549,35.490000000000002,0.31735410575128392,,,
3550,35.5,0.31712186110835033,,,
3551,35.509999999999998,0.31700227427802086,,,
3552,35.520000000000003,0.31664443844798162,,,
3553,35.530000000000001,0.31624363796281368,,,
3554,35.539999999999999,0.31569608462529514,,,
3555,35.550000000000004,0.31511794440733792,,,
3556,35.560000000000002,0.31448377204212841,,,
3557,35.57,0.31363999123082548,,,
3558,35.579999999999998,0.3128936316909367,,,
3559,35.590000000000003,0.31199204678910297,,,
3560,35.600000000000001,0.31114694693772366,,,
3561,35.609999999999999,0.31035265250734534,,,
3562,35.619999999999997,0.30973364367676864,,,
3563,35.630000000000003,0.30909770075956949,,,
3564,35.640000000000001,0.30840202122238647,,,
3565,35.649999999999999,0.30763813394356931,,,
3566,35.660000000000004,0.3069670175369863,,,
3567,35.670000000000002,0.30595996590119739,,,
3568,35.68,0.30497594659102079,,,
3569,35.689999999999998,0.30395940899563728,,,
3570,35.700000000000003,0.30284249005032882,,,
3571,35.710000000000001,0.30171092917754827,,,
3572,35.719999999999999,0.30064913882570493,,,
3573,35.730000000000004,0.299559287561868,,,
3574,35.740000000000002,0.29832956089053719,,,
3575,35.75,0.29717881065925167,,,
3576,35.759999999999998,0.29607849189104485,,,
3577,35.770000000000003,0.2948932714996324,,,
3578,35.780000000000001,0.2937502755551194,,,
3579,35.789999999999999,0.29258982213340023,,,
3580,35.800000000000004,0.29146506459215682,,,
3581,35.810000000000002,0.2903779525036092,,,
3582,35.82,0.28920265061382661,,,
3583,35.829999999999998,0.28782985979056652,,,
3584,35.840000000000003,0.28636431238167637,,,
3585,35.850000000000001,0.28461835741007452,,,
3586,35.859999999999999,0.28293119807627659,,,
3587,35.869999999999997,0.28125295818500212,,,
3588,35.880000000000003,0.27985261684695178,,,
3589,35.890000000000001,0.27844356929510083,,,
3590,35.899999999999999,0.27689943706306019,,,
3591,35.910000000000004,0.27525696341206607,,,
3592,35.920000000000002,0.2734304018523312,,,
3593,35.93,0.27151776325433941,,,
3594,35.939999999999998,0.26959205781601481,,,
3595,35.950000000000003,0.26769189309690705,,,
3596,35.960000000000001,0.26594749578184829,,,
3597,35.969999999999999,0.26433144554815441,,,
3598,35.980000000000004,0.2628666824180399,,,
3599,35.990000000000002,0.26137736396740535,,,
3600,36,0.25981954573372124,,,
3601,36.009999999999998,0.25810872251560402,,,
3602,36.020000000000003,0.25627492374612937,,,
3603,36.030000000000001,0.25428590896649078,,,
3604,36.039999999999999,0.2521678020697582,,,
3605,36.050000000000004,0.25020832134007198,,,
3606,36.060000000000002,0.2484061791343275,,,
3607,36.07,0.24668790801744708,,,
3608,36.079999999999998,0.24487186868458022,,,
3609,36.090000000000003,0.24320984052199732,,,
3610,36.100000000000001,0.24155515464113392,,,
3611,36.109999999999999,0.24009412991121959,,,
3612,36.119999999999997,0.23878758303240405,,,
3613,36.130000000000003,0.23761759071582478,,,
3614,36.140000000000001,0.23658702687503774,,,
3615,36.149999999999999,0.23563280386364277,,,
3616,36.160000000000004,0.23469182339831771,,,
3617,36.170000000000002,0.23382500850538093,,,
3618,36.18,0.23300791470905741,,,
3619,36.189999999999998,0.23230042243629734,,,
3620,36.200000000000003,0.23156113955155369,,,
3621,36.210000000000001,0.23094118601992206,,,
3622,36.219999999999999,0.23043912694571692,,,
3623,36.230000000000004,0.22999983390620976,,,
3624,36.240000000000002,0.22972798462889121,,,
3625,36.25,0.22943882177112077,,,
3626,36.259999999999998,0.22904429259678324,,,
3627,36.270000000000003,0.2286980728297732,,,
3628,36.280000000000001,0.22829238177890865,,,
3629,36.289999999999999,0.22796385698283875,,,
3630,36.300000000000004,0.22752521372307763,,,
3631,36.310000000000002,0.22713887148071887,,,
3632,36.32,0.22672620429484794,,,
3633,36.329999999999998,0.22638982978086414,,,
3634,36.340000000000003,0.22584495773124252,,,
3635,36.350000000000001,0.22560099897810376,,,
3636,36.359999999999999,0.22530230132711626,,,
3637,36.369999999999997,0.22495382187267327,,,
3638,36.380000000000003,0.22460554933917506,,,
3639,36.390000000000001,0.2242592982975235,,,
3640,36.399999999999999,0.2237332398573551,,,
3641,36.410000000000004,0.22337771427935008,,,
3642,36.420000000000002,0.22307175196158721,,,
3643,36.43,0.22286697480409112,,,
3644,36.439999999999998,0.22281670945582652,,,
3645,36.450000000000003,0.22272162212810587,,,
3646,36.460000000000001,0.22263355366120199,,,
3647,36.469999999999999,0.22266318376190239,,,
3648,36.480000000000004,0.22264185528283453,,,
3649,36.490000000000002,0.22242861342083947,,,
3650,36.5,0.22229207643727603,,,
3651,36.509999999999998,0.22238391215744169,,,
3652,36.520000000000003,0.22237801659677109,,,
3653,36.530000000000001,0.22220135526781096,,,
3654,36.539999999999999,0.22197598630743745,,,
3655,36.550000000000004,0.22178234176906869,,,
3656,36.560000000000002,0.2215517588582499,,,
3657,36.57,0.22129650311396681,,,
3658,36.579999999999998,0.2211477724613824,,,
3659,36.590000000000003,0.22098469505863283,,,
3660,36.600000000000001,0.22081995000096011,,,
3661,36.609999999999999,0.22071523889858535,,,
3662,36.619999999999997,0.22055745383284658,,,
3663,36.630000000000003,0.22046444625562331,,,
3664,36.640000000000001,0.2204131623644513,,,
3665,36.649999999999999,0.22033795818868535,,,
3666,36.660000000000004,0.22021159617400013,,,
3667,36.670000000000002,0.22006168799482925,,,
3668,36.68,0.2198654296286694,,,
3669,36.689999999999998,0.21961456856972869,,,
3670,36.700000000000003,0.21936353224097496,,,
3671,36.710000000000001,0.2191075351047081,,,
3672,36.719999999999999,0.21887258938372917,,,
3673,36.730000000000004,0.2188124309527292,,,
3674,36.740000000000002,0.2188161094301852,,,
3675,36.75,0.21875597561447407,,,
3676,36.759999999999998,0.21877615561309199,,,
3677,36.770000000000003,0.21887377207663467,,,
3678,36.780000000000001,0.21904136583020978,,,
3679,36.789999999999999,0.21924051265589123,,,
3680,36.800000000000004,0.21946433222716094,,,
3681,36.810000000000002,0.21956071597314053,,,
3682,36.82,0.2197300635246717,,,
3683,36.829999999999998,0.21996652809762085,,,
3684,36.840000000000003,0.22021433335851165,,,
3685,36.850000000000001,0.22044013160093992,,,
3686,36.859999999999999,0.2206449211607929,,,
3687,36.869999999999997,0.22081837894273479,,,
3688,36.880000000000003,0.22100491044416579,,,
3689,36.890000000000001,0.22115466386337879,,,
3690,36.899999999999999,0.22128433881936782,,,
3691,36.910000000000004,0.22144381712141731,,,
3692,36.920000000000002,0.22160905591710406,,,
3693,36.93,0.2218238845438969,,,
3694,36.939999999999998,0.22198582704385539,,,
3695,36.950000000000003,0.22206578847672556,,,
3696,36.960000000000001,0.22209434576702522,,,
3697,36.969999999999999,0.22214824496891381,,,
3698,36.980000000000004,0.22219662360444936,,,
3699,36.990000000000002,0.22228664257203648,,,
3700,37,0.22237383274017522,,,
3701,37.009999999999998,0.22250368490305708,,,
3702,37.020000000000003,0.22266851846063648,,,
3703,37.030000000000001,0.22281180425587194,,,
3704,37.039999999999999,0.22298436006013028,,,
3705,37.050000000000004,0.22315955358493172,,,
3706,37.060000000000002,0.22330784749291049,,,
3707,37.07,0.22342266165177704,,,
3708,37.079999999999998,0.22355858185072178,,,
3709,37.090000000000003,0.2238183625842278,,,
3710,37.100000000000001,0.2240411406859949,,,
3711,37.109999999999999,0.22415999929371361,,,
3712,37.119999999999997,0.22426737091311877,,,
3713,37.130000000000003,0.22434146006402239,,,
3714,37.140000000000001,0.2245397257048759,,,
3715,37.149999999999999,0.22486477615039829,,,
3716,37.160000000000004,0.22513154582849662,,,
3717,37.170000000000002,0.22548554120868822,,,
3718,37.18,0.22573674819024933,,,
3719,37.189999999999998,0.22601170038631671,,,
3720,37.200000000000003,0.22623846768848496,,,
3721,37.210000000000001,0.22630757540049778,,,
3722,37.219999999999999,0.22631806357403284,,,
3723,37.230000000000004,0.22629931097864814,,,
3724,37.240000000000002,0.22623617942727139,,,
3725,37.25,0.22614513603926725,,,
3726,37.259999999999998,0.22601781120739264,,,
3727,37.270000000000003,0.22590527067729432,,,
3728,37.280000000000001,0.22586662444967645,,,
3729,37.289999999999999,0.22581836341218545,,,
3730,37.300000000000004,0.22571866072558763,,,
3731,37.310000000000002,0.22563239179201569,,,
3732,37.32,0.22554625919962953,,,
3733,37.329999999999998,0.22550327603536924,,,
3734,37.340000000000003,0.22544766978853117,,,
3735,37.350000000000001,0.22549825502643905,,,
3736,37.359999999999999,0.22555055443617722,,,
3737,37.369999999999997,0.225714186006957,,,
3738,37.380000000000003,0.2258075905865897,,,
3739,37.390000000000001,0.22602139769125382,,,
3740,37.399999999999999,0.2261711285365432,,,
3741,37.410000000000004,0.22637990740326808,,,
3742,37.420000000000002,0.22658841686496142,,,
3743,37.43,0.2267578789557276,,,
3744,37.439999999999998,0.22681137311113139,,,
3745,37.450000000000003,0.22682042065368166,,,
3746,37.460000000000001,0.22688615188361055,,,
3747,37.469999999999999,0.22692859751759431,,,
3748,37.480000000000004,0.22679829293822248,,,
3749,37.490000000000002,0.22683949700246031,,,
3750,37.5,0.22691270720305823,,,
3751,37.509999999999998,0.22697664580638724,,,
3752,37.520000000000003,0.22684343570846233,,,
3753,37.530000000000001,0.22682940639240082,,,
3754,37.539999999999999,0.22685488347193761,,,
3755,37.550000000000004,0.22684589186282947,,,
3756,37.560000000000002,0.22680714737846641,,,
3757,37.57,0.22676158854938805,,,
3758,37.579999999999998,0.22664010296109832,,,
3759,37.590000000000003,0.22654460096720644,,,
3760,37.600000000000001,0.22653311966883302,,,
3761,37.609999999999999,0.22652215053323035,,,
3762,37.619999999999997,0.22650108619868548,,,
3763,37.630000000000003,0.22646766223015724,,,
3764,37.640000000000001,0.22631434394025635,,,
3765,37.649999999999999,0.22613687010281355,,,
3766,37.660000000000004,0.22581486209146737,,,
3767,37.670000000000002,0.22555690940208964,,,
3768,37.68,0.22523824178080776,,,
3769,37.689999999999998,0.2249296336980797,,,
3770,37.700000000000003,0.22465543933401597,,,
3771,37.710000000000001,0.22443417844782748,,,
3772,37.719999999999999,0.22419464055919763,,,
3773,37.730000000000004,0.22396913440094843,,,
3774,37.740000000000002,0.22358381399181471,,,
3775,37.75,0.22323522420718042,,,
3776,37.759999999999998,0.22290076451447355,,,
3777,37.770000000000003,0.22261653147173749,,,
3778,37.780000000000001,0.22246580534204485,,,
3779,37.789999999999999,0.22231707456515745,,,
3780,37.800000000000004,0.22203686249036139,,,
3781,37.810000000000002,0.2217614387255723,,,
3782,37.82,0.2214170925876241,,,
3783,37.829999999999998,0.22105303821466712,,,
3784,37.840000000000003,0.22073289510393163,,,
3785,37.850000000000001,0.22044792336580221,,,
3786,37.859999999999999,0.2202524514361113,,,
3787,37.869999999999997,0.21999488526609495,,,
3788,37.880000000000003,0.21956884506634486,,,
3789,37.890000000000001,0.21907733547598771,,,
3790,37.899999999999999,0.21856858578518348,,,
3791,37.910000000000004,0.21812636475789746,,,
3792,37.920000000000002,0.21778142133960318,,,
3793,37.93,0.21743841286326229,,,
3794,37.939999999999998,0.21708492197082774,,,
3795,37.950000000000003,0.21683402033096727,,,
3796,37.960000000000001,0.21661239053907319,,,
3797,37.969999999999999,0.21649863536371752,,,
3798,37.980000000000004,0.21633006896395149,,,
3799,37.990000000000002,0.21616663569940875,,,
3800,38,0.21598398768763757,,,
3801,38.009999999999998,0.21586449256231832,,,
3802,38.020000000000003,0.21575570082292467,,,
3803,38.030000000000001,0.21567939809233469,,,
3804,38.039999999999999,0.21560979636389838,,,
3805,38.050000000000004,0.21550362386629596,,,
3806,38.060000000000002,0.21543049875176476,,,
3807,38.07,0.21537717387465732,,,
3808,38.079999999999998,0.21531366522519127,,,
3809,38.090000000000003,0.21525234891863854,,,
3810,38.100000000000001,0.21521146172690378,,,
3811,38.109999999999999,0.21524848172783734,,,
3812,38.119999999999997,0.21524804030503195,,,
3813,38.130000000000003,0.21524336919527506,,,
3814,38.140000000000001,0.21524103511446421,,,
3815,38.149999999999999,0.21521555415361091,,,
3816,38.160000000000004,0.21520101424026558,,,
3817,38.170000000000002,0.21523892453497387,,,
3818,38.18,0.21530312325520112,,,
3819,38.189999999999998,0.21534862241431632,,,
3820,38.200000000000003,0.21541101390792466,,,
3821,38.210000000000001,0.21547298665628892,,,
3822,38.219999999999999,0.21556196821214721,,,
3823,38.230000000000004,0.21563624906566006,,,
3824,38.240000000000002,0.21570037209225651,,,
3825,38.25,0.2158116956438475,,,
3826,38.259999999999998,0.21590979058660412,,,
3827,38.270000000000003,0.21600061820827288,,,
3828,38.280000000000001,0.21607557997716195,,,
3829,38.289999999999999,0.21604388899694668,,,
3830,38.300000000000004,0.21595682871757282,,,
3831,38.310000000000002,0.21582028382119769,,,
3832,38.32,0.21569732692772017,,,
3833,38.329999999999998,0.21561959186800075,,,
3834,38.340000000000003,0.21567061892400916,,,
3835,38.350000000000001,0.2154343630496468,,,
3836,38.359999999999999,0.2152078368529573,,,
3837,38.369999999999997,0.21488116083636377,,,
3838,38.380000000000003,0.21459790194088679,,,
3839,38.390000000000001,0.21430587183234009,,,
3840,38.399999999999999,0.21404105441485449,,,
3841,38.410000000000004,0.21383289004531056,,,
3842,38.420000000000002,0.21356146063580519,,,
3843,38.43,0.21328714921126835,,,
3844,38.439999999999998,0.21304422450182051,,,
3845,38.450000000000003,0.21300358295793098,,,
3846,38.460000000000001,0.21294637600900254,,,
3847,38.469999999999999,0.21299982992368099,,,
3848,38.480000000000004,0.21287442712266985,,,
3849,38.490000000000002,0.212748222806045,,,
3850,38.5,0.2125132800796988,,,
3851,38.509999999999998,0.21226549144423462,,,
3852,38.520000000000003,0.21190920169680755,,,
3853,38.530000000000001,0.21150921719831561,,,
3854,38.539999999999999,0.21108468013492626,,,
3855,38.550000000000004,0.21076570512966944,,,
3856,38.560000000000002,0.21036711821668266,,,
3857,38.57,0.21013939744940108,,,
3858,38.579999999999998,0.20980897039870516,,,
3859,38.590000000000003,0.20948986321227575,,,
3860,38.600000000000001,0.20920684349985519,,,
3861,38.609999999999999,0.20904042503489062,,,
3862,38.619999999999997,0.20899128586592303,,,
3863,38.630000000000003,0.20901207145380693,,,
3864,38.640000000000001,0.20890111256795071,,,
3865,38.649999999999999,0.20899352579461822,,,
3866,38.660000000000004,0.20913200059161355,,,
3867,38.670000000000002,0.20924811913314867,,,
3868,38.68,0.20935796770975848,,,
3869,38.689999999999998,0.20945517979780184,,,
3870,38.700000000000003,0.20954574884073851,,,
3871,38.710000000000001,0.20962127349579915,,,
3872,38.719999999999999,0.2097025699829991,,,
3873,38.730000000000004,0.20979022737204867,,,
3874,38.740000000000002,0.20995324508929053,,,
3875,38.75,0.21018533570500464,,,
3876,38.759999999999998,0.21040256207440375,,,
3877,38.770000000000003,0.21061119331543357,,,
3878,38.780000000000001,0.21072653168028202,,,
3879,38.789999999999999,0.21085810531053936,,,
3880,38.800000000000004,0.21106110435899444,,,
3881,38.810000000000002,0.21132445991523949,,,
3882,38.82,0.21150074903153077,,,
3883,38.829999999999998,0.21180087821330337,,,
3884,38.840000000000003,0.21217628068343877,,,
3885,38.850000000000001,0.21256619474369987,,,
3886,38.859999999999999,0.2128433281386102,,,
3887,38.869999999999997,0.21329635100237199,,,
3888,38.880000000000003,0.21366853408318279,,,
3889,38.890000000000001,0.2140254051474986,,,
3890,38.899999999999999,0.21431169661845403,,,
3891,38.910000000000004,0.21459143727704585,,,
3892,38.920000000000002,0.21481115047343224,,,
3893,38.93,0.21501209682864347,,,
3894,38.939999999999998,0.21510072041343789,,,
3895,38.950000000000003,0.21524231455549572,,,
3896,38.960000000000001,0.21530581168683205,,,
3897,38.969999999999999,0.21540720464530652,,,
3898,38.980000000000004,0.2155088984944851,,,
3899,38.990000000000002,0.2156539074758082,,,
3900,39,0.21573505128568682,,,
3901,39.009999999999998,0.21583583976289764,,,
3902,39.020000000000003,0.21592647102258458,,,
3903,39.030000000000001,0.21601569821604499,,,
3904,39.039999999999999,0.21608667493155717,,,
3905,39.050000000000004,0.2161558132677823,,,
3906,39.060000000000002,0.21623937863050008,,,
3907,39.07,0.21630917123364729,,,
3908,39.079999999999998,0.21638965791012524,,,
3909,39.090000000000003,0.21647340697824258,,,
3910,39.100000000000001,0.21656655798485297,,,
3911,39.109999999999999,0.21665302458774233,,,
3912,39.119999999999997,0.21673361499857899,,,
3913,39.130000000000003,0.2167967817031185,,,
3914,39.140000000000001,0.21664422002972389,,,
3915,39.149999999999999,0.21643449692296082,,,
3916,39.160000000000004,0.21628208049097805,,,
3917,39.170000000000002,0.21613775266582744,,,
3918,39.18,0.21596667570779035,,,
3919,39.189999999999998,0.21581259767972291,,,
3920,39.200000000000003,0.21570995431989304,,,
3921,39.210000000000001,0.21558927070756434,,,
3922,39.219999999999999,0.21546766796067088,,,
3923,39.230000000000004,0.21536723825238321,,,
3924,39.240000000000002,0.21529734059129066,,,
3925,39.25,0.21522096648593436,,,
3926,39.259999999999998,0.21519011785971495,,,
3927,39.270000000000003,0.2151460455113805,,,
3928,39.280000000000001,0.21508434752986666,,,
3929,39.289999999999999,0.21501984370966593,,,
3930,39.300000000000004,0.21494694345240486,,,
3931,39.310000000000002,0.21486409301854653,,,
3932,39.32,0.21480099667652031,,,
3933,39.329999999999998,0.21479503510653611,,,
3934,39.340000000000003,0.21488706362329796,,,
3935,39.350000000000001,0.21495960598963731,,,
3936,39.359999999999999,0.21498842472224849,,,
3937,39.369999999999997,0.21502041532481916,,,
3938,39.380000000000003,0.2150082990075414,,,
3939,39.390000000000001,0.21490821422377779,,,
3940,39.399999999999999,0.21481985788585414,,,
3941,39.410000000000004,0.21473739707425341,,,
3942,39.420000000000002,0.21465496413200386,,,
3943,39.43,0.21457278800717133,,,
3944,39.439999999999998,0.21448084997824704,,,
3945,39.450000000000003,0.21453516679880136,,,
3946,39.460000000000001,0.2148081573776911,,,
3947,39.469999999999999,0.21509487226375357,,,
3948,39.480000000000004,0.21545315472379528,,,
3949,39.490000000000002,0.21581199467191722,,,
3950,39.5,0.21608154351937012,,,
3951,39.509999999999998,0.21638465493463704,,,
3952,39.520000000000003,0.21660625145753498,,,
3953,39.530000000000001,0.2167647289657299,,,
3954,39.539999999999999,0.21685218957093003,,,
3955,39.550000000000004,0.21694411625398341,,,
3956,39.560000000000002,0.21712750879994824,,,
3957,39.57,0.21731934439004771,,,
3958,39.579999999999998,0.2176099239810112,,,
3959,39.590000000000003,0.21786462746629628,,,
3960,39.600000000000001,0.21819686081833251,,,
3961,39.609999999999999,0.21846094193435089,,,
3962,39.619999999999997,0.21878001015620166,,,
3963,39.630000000000003,0.21900545926928891,,,
3964,39.640000000000001,0.2191637942646488,,,
3965,39.649999999999999,0.21915460617512356,,,
3966,39.660000000000004,0.21917958679867705,,,
3967,39.670000000000002,0.21925824827514842,,,
3968,39.68,0.21939344202059041,,,
3969,39.689999999999998,0.21937470639829418,,,
3970,39.700000000000003,0.21943688064506284,,,
3971,39.710000000000001,0.21941775786118398,,,
3972,39.719999999999999,0.21939180010422413,,,
3973,39.730000000000004,0.21945224103509295,,,
3974,39.740000000000002,0.21953281834361321,,,
3975,39.75,0.21948644889776256,,,
3976,39.759999999999998,0.21951519739037326,,,
3977,39.770000000000003,0.21951353426810111,,,
3978,39.780000000000001,0.21951561403963896,,,
3979,39.789999999999999,0.21951423187280711,,,
3980,39.800000000000004,0.2193001699479202,,,
3981,39.810000000000002,0.21914711853262972,,,
3982,39.82,0.2190010056037783,,,
3983,39.829999999999998,0.21884951855152884,,,
3984,39.840000000000003,0.21876222371775347,,,
3985,39.850000000000001,0.2186528320025532,,,
3986,39.859999999999999,0.21851699635137595,,,
3987,39.869999999999997,0.21836884529669717,,,
3988,39.880000000000003,0.21826831583060058,,,
3989,39.890000000000001,0.21815944202800674,,,
3990,39.899999999999999,0.21806933233482895,,,
3991,39.910000000000004,0.21798441896652657,,,
3992,39.920000000000002,0.21791443153589596,,,
3993,39.93,0.21783570943676214,,,
3994,39.939999999999998,0.21780810419195534,,,
3995,39.950000000000003,0.21775662106752891,,,
3996,39.960000000000001,0.21775680768875766,,,
3997,39.969999999999999,0.21774884608203232,,,
3998,39.980000000000004,0.21774814353195507,,,
3999,39.990000000000002,0.21773169388529429,,,
4000,40,0.21771910560801572,,,
4001,40.009999999999998,0.21772704434077852,,,
4002,40.020000000000003,0.21772397831094389,,,
4003,40.030000000000001,0.21768995000182353,,,
4004,40.039999999999999,0.21763853543457443,,,
4005,40.050000000000004,0.21759396801354547,,,
4006,40.060000000000002,0.21760318580156363,,,
4007,40.07,0.21762481433161981,,,
4008,40.079999999999998,0.21765306532335627,,,
4009,40.090000000000003,0.21769282128694786,,,
4010,40.100000000000001,0.21777584140588702,,,
4011,40.109999999999999,0.21786610924846339,,,
4012,40.119999999999997,0.21797257725951533,,,
4013,40.130000000000003,0.21810711835947758,,,
4014,40.140000000000001,0.21826054131077272,,,
4015,40.149999999999999,0.2184321450402944,,,
4016,40.160000000000004,0.21860758027736862,,,
4017,40.170000000000002,0.21876345953648202,,,
4018,40.18,0.2189298450596372,,,
4019,40.189999999999998,0.21901765107300153,,,
4020,40.200000000000003,0.21895260540925299,,,
4021,40.210000000000001,0.21895613609225684,,,
4022,40.219999999999999,0.21890818102462498,,,
4023,40.230000000000004,0.21899901637756197,,,
4024,40.240000000000002,0.21900086387386755,,,
4025,40.25,0.21893403170842535,,,
4026,40.259999999999998,0.21880672420667391,,,
4027,40.270000000000003,0.2186973142516889,,,
4028,40.280000000000001,0.21858000578703282,,,
4029,40.289999999999999,0.21851342207787455,,,
4030,40.300000000000004,0.21846547946832526,,,
4031,40.310000000000002,0.21842613298589442,,,
4032,40.32,0.21837679203682006,,,
4033,40.329999999999998,0.21841596242492081,,,
4034,40.340000000000003,0.21846494614028283,,,
4035,40.350000000000001,0.2185747769508195,,,
4036,40.359999999999999,0.21863479111253617,,,
4037,40.369999999999997,0.21868303107076692,,,
4038,40.380000000000003,0.21870236365882106,,,
4039,40.390000000000001,0.2187691661974337,,,
4040,40.399999999999999,0.21889426888307387,,,
4041,40.410000000000004,0.21906297018690304,,,
4042,40.420000000000002,0.21925108941721239,,,
4043,40.43,0.21938564402855651,,,
4044,40.439999999999998,0.21945988769598765,,,
4045,40.450000000000003,0.21948521831430751,,,
4046,40.460000000000001,0.21950585835037253,,,
4047,40.469999999999999,0.21952896683206097,,,
4048,40.480000000000004,0.21956932302056589,,,
4049,40.490000000000002,0.21961560380698331,,,
4050,40.5,0.21963067391442895,,,
4051,40.509999999999998,0.21962251092588375,,,
4052,40.520000000000003,0.21960715181248958,,,
4053,40.530000000000001,0.2196176477163915,,,
4054,40.539999999999999,0.21962027282970598,,,
4055,40.550000000000004,0.21951430940086672,,,
4056,40.560000000000002,0.21932933173884031,,,
4057,40.57,0.21909875633776243,,,
4058,40.579999999999998,0.21885468982672854,,,
4059,40.590000000000003,0.21868776658664352,,,
4060,40.600000000000001,0.21858210469836389,,,
4061,40.609999999999999,0.21863244747551913,,,
4062,40.619999999999997,0.21859187504424415,,,
4063,40.630000000000003,0.218644437214918,,,
4064,40.640000000000001,0.21872020194417691,,,
4065,40.649999999999999,0.21880539263834253,,,
4066,40.660000000000004,0.21886082797424566,,,
4067,40.670000000000002,0.21895758190340428,,,
4068,40.68,0.21905015054402818,,,
4069,40.689999999999998,0.2191354031950816,,,
4070,40.700000000000003,0.21923614943048508,,,
4071,40.710000000000001,0.2192539725830713,,,
4072,40.719999999999999,0.21926204144576333,,,
4073,40.730000000000004,0.21924034452881694,,,
4074,40.740000000000002,0.21912798490137711,,,
4075,40.75,0.21896703285392982,,,
4076,40.759999999999998,0.21879717214332681,,,
4077,40.770000000000003,0.21860700077763068,,,
4078,40.780000000000001,0.21825179341520046,,,
4079,40.789999999999999,0.21796018182323687,,,
4080,40.800000000000004,0.21748375287073465,,,
4081,40.810000000000002,0.21714669635483408,,,
4082,40.82,0.21679037185107997,,,
4083,40.829999999999998,0.21646477498010525,,,
4084,40.840000000000003,0.21645945217044363,,,
4085,40.850000000000001,0.2161306632422397,,,
4086,40.859999999999999,0.21607307050629015,,,
4087,40.869999999999997,0.21615089353063954,,,
4088,40.880000000000003,0.21626137511747373,,,
4089,40.890000000000001,0.21650844714212023,,,
4090,40.899999999999999,0.21680051462414815,,,
4091,40.910000000000004,0.21705789926291924,,,
4092,40.920000000000002,0.21721193139541853,,,
4093,40.93,0.21744661868658169,,,
4094,40.939999999999998,0.21776036761908363,,,
4095,40.950000000000003,0.21822840461053858,,,
4096,40.960000000000001,0.21873545322475912,,,
4097,40.969999999999999,0.21916622275300116,,,
4098,40.980000000000004,0.21941509041301197,,,
4099,40.990000000000002,0.21970155254318993,,,
4100,41,0.22008919465847013,,,
4101,41.009999999999998,0.22038823561466531,,,
4102,41.020000000000003,0.22059094928081796,,,
4103,41.030000000000001,0.2207953404511826,,,
4104,41.039999999999999,0.22111297473530028,,,
4105,41.050000000000004,0.22135629238694832,,,
4106,41.060000000000002,0.22143278168082836,,,
4107,41.07,0.2214494067925171,,,
4108,41.079999999999998,0.22151228732877629,,,
4109,41.090000000000003,0.22149977548226235,,,
4110,41.100000000000001,0.22145372799533519,,,
4111,41.109999999999999,0.22124669294695185,,,
4112,41.119999999999997,0.22102900321929322,,,
4113,41.130000000000003,0.22077349934111529,,,
4114,41.140000000000001,0.22054474920855502,,,
4115,41.149999999999999,0.22031066595457799,,,
4116,41.160000000000004,0.22004517466881013,,,
4117,41.170000000000002,0.21997006734728911,,,
4118,41.18,0.22009550195967012,,,
4119,41.189999999999998,0.22006483625606266,,,
4120,41.200000000000003,0.22012960802716844,,,
4121,41.210000000000001,0.22002840447485247,,,
4122,41.219999999999999,0.21979646969106542,,,
4123,41.230000000000004,0.21957146709063949,,,
4124,41.240000000000002,0.2193155422324479,,,
4125,41.25,0.21914929661133761,,,
4126,41.259999999999998,0.21895054857138294,,,
4127,41.270000000000003,0.21870604818804021,,,
4128,41.280000000000001,0.21843964415230255,,,
4129,41.289999999999999,0.21814217183342136,,,
4130,41.300000000000004,0.2179042255100587,,,
4131,41.310000000000002,0.21766593175760604,,,
4132,41.32,0.21746076781312135,,,
4133,41.329999999999998,0.21717344101437688,,,
4134,41.340000000000003,0.21688927870369792,,,
4135,41.350000000000001,0.21649714953821672,,,
4136,41.359999999999999,0.2161708357449218,,,
4137,41.369999999999997,0.21574807140470639,,,
4138,41.380000000000003,0.21532355710545156,,,
4139,41.390000000000001,0.21531873618353939,,,
4140,41.399999999999999,0.21458826790078311,,,
4141,41.410000000000004,0.21437790202610357,,,
4142,41.420000000000002,0.21428829389445705,,,
4143,41.43,0.21410511179675878,,,
4144,41.439999999999998,0.21387935520093909,,,
4145,41.450000000000003,0.21363664331842461,,,
4146,41.460000000000001,0.21332447516877748,,,
4147,41.469999999999999,0.21291090217159522,,,
4148,41.480000000000004,0.212475289269349,,,
4149,41.490000000000002,0.21246895077175415,,,
4150,41.5,0.21166130987607509,,,
4151,41.509999999999998,0.21126231328960018,,,
4152,41.520000000000003,0.21082039782894074,,,
4153,41.530000000000001,0.21036405850331799,,,
4154,41.539999999999999,0.20984030441073648,,,
4155,41.550000000000004,0.20923683414219965,,,
4156,41.560000000000002,0.20854839103761599,,,
4157,41.57,0.20780464315946998,,,
4158,41.579999999999998,0.20695057714310403,,,
4159,41.590000000000003,0.20603995495769681,,,
4160,41.600000000000001,0.20516959765789478,,,
4161,41.609999999999999,0.20433321705652541,,,
4162,41.619999999999997,0.20345120263808841,,,
4163,41.630000000000003,0.20269438745297866,,,
4164,41.640000000000001,0.20192940900461334,,,
4165,41.649999999999999,0.2011887544306884,,,
4166,41.660000000000004,0.2004880914917487,,,
4167,41.670000000000002,0.19975522132913362,,,
4168,41.68,0.19898681057723133,,,
4169,41.689999999999998,0.19823261462232053,,,
4170,41.700000000000003,0.19760269316846249,,,
4171,41.710000000000001,0.19702561744924046,,,
4172,41.719999999999999,0.19629542252560234,,,
4173,41.730000000000004,0.19583910884108052,,,
4174,41.740000000000002,0.19531273816337538,,,
4175,41.75,0.19476677718827523,,,
4176,41.759999999999998,0.19419330689473271,,,
4177,41.770000000000003,0.19362942340848621,,,
4178,41.780000000000001,0.19299888021214714,,,
4179,41.789999999999999,0.19237957320734506,,,
4180,41.800000000000004,0.19169660564212651,,,
4181,41.810000000000002,0.1909329188318766,,,
4182,41.82,0.19015064633761325,,,
4183,41.829999999999998,0.18935303586882571,,,
4184,41.840000000000003,0.18866510253008628,,,
4185,41.850000000000001,0.18801425646532235,,,
4186,41.859999999999999,0.18736997974155933,,,
4187,41.869999999999997,0.18676755516898999,,,
4188,41.880000000000003,0.18612366230828056,,,
4189,41.890000000000001,0.18553566883632835,,,
4190,41.899999999999999,0.18488386318063416,,,
4191,41.910000000000004,0.18415625705803182,,,
4192,41.920000000000002,0.18340350848990522,,,
4193,41.93,0.18254212477180903,,,
4194,41.939999999999998,0.18176808112981283,,,
4195,41.950000000000003,0.18111752176359197,,,
4196,41.960000000000001,0.18050123220324729,,,
4197,41.969999999999999,0.17999584641793329,,,
4198,41.980000000000004,0.1795388746573981,,,
4199,41.990000000000002,0.17920875744437545,,,
4200,42,0.17886600718211132,,,
4201,42.009999999999998,0.17851464487383792,,,
4202,42.020000000000003,0.17815491916720599,,,
4203,42.030000000000001,0.17783064600731233,,,
4204,42.039999999999999,0.17746049952514234,,,
4205,42.050000000000004,0.17719128496175052,,,
4206,42.060000000000002,0.17682054708263992,,,
4207,42.07,0.1763774845312146,,,
4208,42.079999999999998,0.17587404374618471,,,
4209,42.090000000000003,0.17538602579926374,,,
4210,42.100000000000001,0.1749316762701271,,,
4211,42.109999999999999,0.17449881146906812,,,
4212,42.119999999999997,0.17409576426644116,,,
4213,42.130000000000003,0.17372889606789949,,,
4214,42.140000000000001,0.1733141499096974,,,
4215,42.149999999999999,0.17301146470339385,,,
4216,42.160000000000004,0.17272861692435376,,,
4217,42.170000000000002,0.17245848927668511,,,
4218,42.18,0.17220125987686241,,,
4219,42.189999999999998,0.17193440665655194,,,
4220,42.200000000000003,0.17168323720298173,,,
4221,42.210000000000001,0.17147511338000043,,,
4222,42.219999999999999,0.17120841161563238,,,
4223,42.230000000000004,0.17082155154663389,,,
4224,42.240000000000002,0.17029178460960856,,,
4225,42.25,0.16978047818142702,,,
4226,42.259999999999998,0.1692421901357723,,,
4227,42.270000000000003,0.16876617667638241,,,
4228,42.280000000000001,0.16830438527731065,,,
4229,42.289999999999999,0.1678268202254603,,,
4230,42.300000000000004,0.16744069294179076,,,
4231,42.310000000000002,0.16694020871253232,,,
4232,42.32,0.16628002572234299,,,
4233,42.329999999999998,0.16598345797891981,,,
4234,42.340000000000003,0.16584522460298928,,,
4235,42.350000000000001,0.16592383283529089,,,
4236,42.359999999999999,0.16598620261013949,,,
4237,42.369999999999997,0.16584432698188187,,,
4238,42.380000000000003,0.16562901389811385,,,
4239,42.390000000000001,0.16527355551921369,,,
4240,42.399999999999999,0.16477338611786982,,,
4241,42.410000000000004,0.16423488989344481,,,
4242,42.420000000000002,0.16364912245721655,,,
4243,42.43,0.16315563778953288,,,
4244,42.439999999999998,0.16258274434278974,,,
4245,42.450000000000003,0.16199583682099797,,,
4246,42.460000000000001,0.16131390682132113,,,
4247,42.469999999999999,0.16072885456688235,,,
4248,42.480000000000004,0.16011932473760465,,,
4249,42.490000000000002,0.15953682689809848,,,
4250,42.5,0.15883828810150649,,,
4251,42.509999999999998,0.15794859539572317,,,
4252,42.520000000000003,0.15717710070502949,,,
4253,42.530000000000001,0.15633714955320441,,,
4254,42.539999999999999,0.15551127098631887,,,
4255,42.550000000000004,0.15465210005076829,,,
4256,42.560000000000002,0.15377653152537474,,,
4257,42.57,0.15283703249038508,,,
4258,42.579999999999998,0.15203135908193027,,,
4259,42.590000000000003,0.15129392268220176,,,
4260,42.600000000000001,0.15066413154534872,,,
4261,42.609999999999999,0.1501125076583828,,,
4262,42.619999999999997,0.14960317830636999,,,
4263,42.630000000000003,0.14898458697305297,,,
4264,42.640000000000001,0.14838435765779295,,,
4265,42.649999999999999,0.14777121573679186,,,
4266,42.660000000000004,0.14734566576211378,,,
4267,42.670000000000002,0.14688184293672329,,,
4268,42.68,0.14648992621989915,,,
4269,42.689999999999998,0.14622956889963992,,,
4270,42.700000000000003,0.14570896599940647,,,
4271,42.710000000000001,0.14523280637509753,,,
4272,42.719999999999999,0.14477089761879763,,,
4273,42.730000000000004,0.1443092256903751,,,
4274,42.740000000000002,0.14397286548163873,,,
4275,42.75,0.14363507735610789,,,
4276,42.759999999999998,0.14337328178875469,,,
4277,42.770000000000003,0.14319019814263637,,,
4278,42.780000000000001,0.14280066000090566,,,
4279,42.789999999999999,0.14229536070469462,,,
4280,42.800000000000004,0.14176662964645573,,,
4281,42.810000000000002,0.1411997923192701,,,
4282,42.82,0.14073969256570273,,,
4283,42.829999999999998,0.14023581424413228,,,
4284,42.840000000000003,0.13988804815407388,,,
4285,42.850000000000001,0.1394772435216366,,,
4286,42.859999999999999,0.13911564841816387,,,
4287,42.869999999999997,0.13871989191584927,,,
4288,42.880000000000003,0.1384035447562896,,,
4289,42.890000000000001,0.13812875112279252,,,
4290,42.899999999999999,0.13797878140992109,,,
4291,42.910000000000004,0.1378542852455123,,,
4292,42.920000000000002,0.13786083340599803,,,
4293,42.93,0.13789628173293852,,,
4294,42.939999999999998,0.13786729631901665,,,
4295,42.950000000000003,0.13773516384564169,,,
4296,42.960000000000001,0.13773679562274585,,,
4297,42.969999999999999,0.1376501576368821,,,
4298,42.980000000000004,0.13752469935221548,,,
4299,42.990000000000002,0.13724687125841253,,,
4300,43,0.13705209501692597,,,
4301,43.009999999999998,0.13677182350465003,,,
4302,43.020000000000003,0.13648763257377802,,,
4303,43.030000000000001,0.13619932739332319,,,
4304,43.039999999999999,0.13583861364841049,,,
4305,43.050000000000004,0.13542048293989981,,,
4306,43.060000000000002,0.13504387229167281,,,
4307,43.07,0.1346200043325409,,,
4308,43.079999999999998,0.13421080109640784,,,
4309,43.090000000000003,0.13378920536263647,,,
4310,43.100000000000001,0.13333891286269589,,,
4311,43.109999999999999,0.13285386818787814,,,
4312,43.119999999999997,0.13236611827182038,,,
4313,43.130000000000003,0.13205442861866712,,,
4314,43.140000000000001,0.13170911382523101,,,
4315,43.149999999999999,0.13151016843871968,,,
4316,43.160000000000004,0.13138124715331359,,,
4317,43.170000000000002,0.13133640652380876,,,
4318,43.18,0.13124851016890804,,,
4319,43.189999999999998,0.13105207087610343,,,
4320,43.200000000000003,0.13077140812521756,,,
4321,43.210000000000001,0.13043883867205885,,,
4322,43.219999999999999,0.1300575032724535,,,
4323,43.230000000000004,0.1297681490046968,,,
4324,43.240000000000002,0.12953338769841877,,,
4325,43.25,0.12923850975930878,,,
4326,43.259999999999998,0.12907119236863404,,,
4327,43.270000000000003,0.12885721347172921,,,
4328,43.280000000000001,0.12859109767704785,,,
4329,43.289999999999999,0.12828347873412563,,,
4330,43.300000000000004,0.12782443939792043,,,
4331,43.310000000000002,0.12740481600475459,,,
4332,43.32,0.12699266378363885,,,
4333,43.329999999999998,0.12648002151587315,,,
4334,43.340000000000003,0.12607143734756715,,,
4335,43.350000000000001,0.12551184270704374,,,
4336,43.359999999999999,0.12493763915881001,,,
4337,43.369999999999997,0.12424614809217738,,,
4338,43.380000000000003,0.12357598024544554,,,
4339,43.390000000000001,0.12284417450430245,,,
4340,43.399999999999999,0.12211014345181379,,,
4341,43.410000000000004,0.12138589733148249,,,
4342,43.420000000000002,0.12069781938577687,,,
4343,43.43,0.12006340235116165,,,
4344,43.439999999999998,0.11953982676172865,,,
4345,43.450000000000003,0.11908294576039345,,,
4346,43.460000000000001,0.11845916336703627,,,
4347,43.469999999999999,0.11772809415329939,,,
4348,43.480000000000004,0.11716894996623109,,,
4349,43.490000000000002,0.11641846699050729,,,
4350,43.5,0.11568043054218623,,,
4351,43.509999999999998,0.11499793299026667,,,
4352,43.520000000000003,0.11426449193076794,,,
4353,43.530000000000001,0.11356153881522196,,,
4354,43.539999999999999,0.11276636441821004,,,
4355,43.550000000000004,0.11198701936407345,,,
4356,43.560000000000002,0.11159294659610917,,,
4357,43.57,0.1112678951768399,,,
4358,43.579999999999998,0.11104244776089442,,,
4359,43.590000000000003,0.1107770127419327,,,
4360,43.600000000000001,0.1104207573906732,,,
4361,43.609999999999999,0.10999674599401445,,,
4362,43.619999999999997,0.10967882510750622,,,
4363,43.630000000000003,0.10932059592427548,,,
4364,43.640000000000001,0.10900967616472179,,,
4365,43.649999999999999,0.10866542990696246,,,
4366,43.660000000000004,0.10829098333978497,,,
4367,43.670000000000002,0.10774765921020549,,,
4368,43.68,0.10720691450283087,,,
4369,43.689999999999998,0.10662549175794636,,,
4370,43.700000000000003,0.10607928219705727,,,
4371,43.710000000000001,0.10576466826061244,,,
4372,43.719999999999999,0.10554819401751814,,,
4373,43.730000000000004,0.10532550212713178,,,
4374,43.740000000000002,0.10509108319223051,,,
4375,43.75,0.10470123419797801,,,
4376,43.759999999999998,0.10427048209912969,,,
4377,43.770000000000003,0.10371301851684388,,,
4378,43.780000000000001,0.10317836573987552,,,
4379,43.789999999999999,0.10260323989071522,,,
4380,43.800000000000004,0.10202238184536436,,,
4381,43.810000000000002,0.10141508730257683,,,
4382,43.82,0.10078172225128798,,,
4383,43.829999999999998,0.10009820747383312,,,
4384,43.840000000000003,0.099365281526456961,,,
4385,43.850000000000001,0.098778406591141982,,,
4386,43.859999999999999,0.098133887533177783,,,
4387,43.869999999999997,0.097453114838955676,,,
4388,43.880000000000003,0.09683074214887237,,,
4389,43.890000000000001,0.096283821700964473,,,
4390,43.899999999999999,0.0957316259566178,,,
4391,43.910000000000004,0.09505113788060969,,,
4392,43.920000000000002,0.094403671204974129,,,
4393,43.93,0.093691277896145356,,,
4394,43.939999999999998,0.09298584054659334,,,
4395,43.950000000000003,0.092270707886506612,,,
4396,43.960000000000001,0.091572120883818539,,,
4397,43.969999999999999,0.090891391430309262,,,
4398,43.980000000000004,0.090161332640779829,,,
4399,43.990000000000002,0.089363308903425198,,,
4400,44,0.088560917117988594,,,
4401,44.009999999999998,0.08789165234253675,,,
4402,44.020000000000003,0.087355554977602334,,,
4403,44.030000000000001,0.08673318454104241,,,
4404,44.039999999999999,0.086143461065327248,,,
4405,44.050000000000004,0.085484432536357499,,,
4406,44.060000000000002,0.084846504985979024,,,
4407,44.07,0.08435946184661916,,,
4408,44.079999999999998,0.083855776090220407,,,
4409,44.090000000000003,0.083522252021229162,,,
4410,44.100000000000001,0.083047420025739588,,,
4411,44.109999999999999,0.082498378317340984,,,
4412,44.119999999999997,0.082163670471823519,,,
4413,44.130000000000003,0.081997162679057919,,,
4414,44.140000000000001,0.081791330106784896,,,
4415,44.149999999999999,0.081655284624596466,,,
4416,44.160000000000004,0.081597305821201463,,,
4417,44.170000000000002,0.081446700614354162,,,
4418,44.18,0.081249723366229695,,,
4419,44.189999999999998,0.081084020177074626,,,
4420,44.200000000000003,0.081001190977358389,,,
4421,44.210000000000001,0.080984497925280188,,,
4422,44.219999999999999,0.080946377924158361,,,
4423,44.230000000000004,0.080881511910932471,,,
4424,44.240000000000002,0.080779831223706661,,,
4425,44.25,0.080721315091963827,,,
4426,44.259999999999998,0.080752760806362039,,,
4427,44.270000000000003,0.080834828502950526,,,
4428,44.280000000000001,0.080859539506800679,,,
4429,44.289999999999999,0.080831738266983588,,,
4430,44.300000000000004,0.0809061914127224,,,
4431,44.310000000000002,0.08096740967317527,,,
4432,44.32,0.081042459598672525,,,
4433,44.329999999999998,0.081066041314172513,,,
4434,44.340000000000003,0.081005828095288834,,,
4435,44.350000000000001,0.080844125060986094,,,
4436,44.359999999999999,0.080704264573219373,,,
4437,44.369999999999997,0.080496374983030611,,,
4438,44.380000000000003,0.080241633564750461,,,
4439,44.390000000000001,0.079927721514139266,,,
4440,44.399999999999999,0.079790220063981177,,,
4441,44.410000000000004,0.079800696269618429,,,
4442,44.420000000000002,0.079860909482402986,,,
4443,44.43,0.07989934638430711,,,
4444,44.439999999999998,0.080037802539302108,,,
4445,44.450000000000003,0.080056937412242943,,,
4446,44.460000000000001,0.080101086851201708,,,
4447,44.469999999999999,0.080135263702488441,,,
4448,44.480000000000004,0.080078585144901765,,,
4449,44.490000000000002,0.080182329764732954,,,
4450,44.5,0.080452996668252966,,,
4451,44.509999999999998,0.080719440514915086,,,
4452,44.520000000000003,0.080973627331759543,,,
4453,44.530000000000001,0.081168200706577931,,,
4454,44.539999999999999,0.081434783304675504,,,
4455,44.550000000000004,0.081688669843412415,,,
4456,44.560000000000002,0.081655854913075768,,,
4457,44.57,0.081635640477349142,,,
4458,44.579999999999998,0.081647446073393554,,,
4459,44.590000000000003,0.081637180584493887,,,
4460,44.600000000000001,0.081470149061704522,,,
4461,44.609999999999999,0.081369471016592268,,,
4462,44.619999999999997,0.081278583928958606,,,
4463,44.630000000000003,0.081239639364642305,,,
4464,44.640000000000001,0.08117816419382938,,,
4465,44.649999999999999,0.081148303346673029,,,
4466,44.660000000000004,0.081112156207798117,,,
4467,44.670000000000002,0.081084282123257634,,,
4468,44.68,0.080881679463109604,,,
4469,44.689999999999998,0.08065958720682774,,,
4470,44.700000000000003,0.08058165656419787,,,
4471,44.710000000000001,0.08043397604953241,,,
4472,44.719999999999999,0.080276848177779817,,,
4473,44.730000000000004,0.080238320738458546,,,
4474,44.740000000000002,0.080245297932364498,,,
4475,44.75,0.080257134418410259,,,
4476,44.759999999999998,0.08031735470817053,,,
4477,44.770000000000003,0.08037622223796459,,,
4478,44.780000000000001,0.080483661261889869,,,
4479,44.789999999999999,0.080573090779094025,,,
4480,44.800000000000004,0.080677045985034238,,,
4481,44.810000000000002,0.080731437412226298,,,
4482,44.82,0.080743595687547229,,,
4483,44.829999999999998,0.080664185157096738,,,
4484,44.840000000000003,0.080560142252181666,,,
4485,44.850000000000001,0.080382790532857323,,,
4486,44.859999999999999,0.080046685226688633,,,
4487,44.869999999999997,0.079560150618796163,,,
4488,44.880000000000003,0.078943947407009718,,,
4489,44.890000000000001,0.078274742131704933,,,
4490,44.899999999999999,0.077661388102618981,,,
4491,44.910000000000004,0.077183382463543768,,,
4492,44.920000000000002,0.076809408500372739,,,
4493,44.93,0.076526857471579793,,,
4494,44.939999999999998,0.076302228872219255,,,
4495,44.950000000000003,0.076115845751632064,,,
4496,44.960000000000001,0.075918753510586842,,,
4497,44.969999999999999,0.075714369957208566,,,
4498,44.980000000000004,0.075514812468757159,,,
4499,44.990000000000002,0.075338349446378905,,,
4500,45,0.075311011518434445,,,
4501,45.009999999999998,0.075229555676238527,,,
4502,45.020000000000003,0.075119810463942435,,,
4503,45.030000000000001,0.075042811788186864,,,
4504,45.039999999999999,0.074992319007109273,,,
4505,45.050000000000004,0.074994697973122942,,,
4506,45.060000000000002,0.075009888187566001,,,
4507,45.07,0.075085956919955274,,,
4508,45.079999999999998,0.075200832412763666,,,
4509,45.090000000000003,0.07538271892749776,,,
4510,45.100000000000001,0.07546931691889712,,,
4511,45.109999999999999,0.075600879498653364,,,
4512,45.119999999999997,0.07568737304810419,,,
4513,45.130000000000003,0.075836395806355317,,,
4514,45.140000000000001,0.076049302379359737,,,
4515,45.149999999999999,0.076270259073762406,,,
4516,45.160000000000004,0.076506519323717784,,,
4517,45.170000000000002,0.076509441443524728,,,
4518,45.18,0.076403656020646138,,,
4519,45.189999999999998,0.076165127224213106,,,
4520,45.200000000000003,0.075874013097439214,,,
4521,45.210000000000001,0.075530220212090299,,,
4522,45.219999999999999,0.0751221183719957,,,
4523,45.230000000000004,0.074618010835270809,,,
4524,45.240000000000002,0.074091334247900362,,,
4525,45.25,0.073550921767016414,,,
4526,45.259999999999998,0.073045508468713841,,,
4527,45.270000000000003,0.072553948951897471,,,
4528,45.280000000000001,0.072010942334032352,,,
4529,45.289999999999999,0.071604186362455136,,,
4530,45.300000000000004,0.071185930146459672,,,
4531,45.310000000000002,0.070814349136016849,,,
4532,45.32,0.070393453161544203,,,
4533,45.329999999999998,0.069988460807258443,,,
4534,45.340000000000003,0.069592803683244803,,,
4535,45.350000000000001,0.069118573258391644,,,
4536,45.359999999999999,0.068620055802218791,,,
4537,45.369999999999997,0.068107721279240155,,,
4538,45.380000000000003,0.067749589759242682,,,
4539,45.390000000000001,0.067282800411592611,,,
4540,45.399999999999999,0.066956519446308788,,,
4541,45.410000000000004,0.066742331781453598,,,
4542,45.420000000000002,0.066648934127536863,,,
4543,45.43,0.066687486402880955,,,
4544,45.439999999999998,0.066701877106241536,,,
4545,45.450000000000003,0.06652760838204512,,,
4546,45.460000000000001,0.066481104910592559,,,
4547,45.469999999999999,0.06654051869022222,,,
4548,45.480000000000004,0.066819652861065781,,,
4549,45.490000000000002,0.067221310785766306,,,
4550,45.5,0.067854093066198135,,,
4551,45.509999999999998,0.068365220787976716,,,
4552,45.520000000000003,0.068789532460663244,,,
4553,45.530000000000001,0.069138275873398436,,,
4554,45.539999999999999,0.069371519835239925,,,
4555,45.550000000000004,0.069447233672858974,,,
4556,45.560000000000002,0.069548087164635092,,,
4557,45.57,0.069861930207178541,,,
4558,45.579999999999998,0.070280936896949267,,,
4559,45.590000000000003,0.070474855619110932,,,
4560,45.600000000000001,0.070697835091321284,,,
4561,45.609999999999999,0.070799339018078347,,,
4562,45.619999999999997,0.070871819522079327,,,
4563,45.630000000000003,0.070826580311009218,,,
4564,45.640000000000001,0.070957962929082075,,,
4565,45.649999999999999,0.07095454671067479,,,
4566,45.660000000000004,0.070842825915994334,,,
4567,45.670000000000002,0.070679234067517374,,,
4568,45.68,0.070541958312695385,,,
4569,45.689999999999998,0.070502912498677503,,,
4570,45.700000000000003,0.070478899680306115,,,
4571,45.710000000000001,0.07032274903249601,,,
4572,45.719999999999999,0.070179848271830145,,,
4573,45.730000000000004,0.070100334500630385,,,
4574,45.740000000000002,0.070006558209610076,,,
4575,45.75,0.06985232013143261,,,
4576,45.759999999999998,0.069656866333398654,,,
4577,45.770000000000003,0.069490164231855805,,,
4578,45.780000000000001,0.069433860530724728,,,
4579,45.789999999999999,0.069476562513527559,,,
4580,45.800000000000004,0.069683120778563368,,,
4581,45.810000000000002,0.069735472680409888,,,
4582,45.82,0.069793604432293432,,,
4583,45.829999999999998,0.069855060843174305,,,
4584,45.840000000000003,0.069903822407410596,,,
4585,45.850000000000001,0.069947667043621736,,,
4586,45.859999999999999,0.069816590428871034,,,
4587,45.869999999999997,0.069565791909735511,,,
4588,45.880000000000003,0.069644378658800146,,,
4589,45.890000000000001,0.06936907194942793,,,
4590,45.899999999999999,0.068774129426190503,,,
4591,45.910000000000004,0.068057181688588653,,,
4592,45.920000000000002,0.067667851067441526,,,
4593,45.93,0.067095753023482904,,,
4594,45.939999999999998,0.066458621367259649,,,
4595,45.950000000000003,0.065673575474116994,,,
4596,45.960000000000001,0.064772206913862512,,,
4597,45.969999999999999,0.063813839138726652,,,
4598,45.980000000000004,0.062750775588972463,,,
4599,45.990000000000002,0.061663618587016272,,,
4600,46,0.060559929598236854,,,
4601,46.009999999999998,0.059419624022578686,,,
4602,46.020000000000003,0.058248718467462518,,,
4603,46.030000000000001,0.056951036370052825,,,
4604,46.039999999999999,0.055580379750338922,,,
4605,46.050000000000004,0.054013205755166278,,,
4606,46.060000000000002,0.052145333860111977,,,
4607,46.07,0.050105484764125387,,,
4608,46.079999999999998,0.047789884003506457,,,
4609,46.090000000000003,0.045536531896320016,,,
4610,46.100000000000001,0.043025995780466203,,,
4611,46.109999999999999,0.040372714412214385,,,
4612,46.119999999999997,0.037790975999160807,,,
4613,46.130000000000003,0.035256935235539862,,,
4614,46.140000000000001,0.032703034496010273,,,
4615,46.149999999999999,0.030095617307426166,,,
4616,46.160000000000004,0.027289131169014408,,,
4617,46.170000000000002,0.024213038233978395,,,
4618,46.18,0.020946683366980537,,,
4619,46.189999999999998,0.017375223466681355,,,
4620,46.200000000000003,0.013606662601156169,,,
4621,46.210000000000001,0.0096658067320009051,,,
4622,46.219999999999999,0.0056875609475436975,,,
4623,46.230000000000004,0.0016659576901784097,,,
4624,46.240000000000002,-0.0021986042217214015,,,
4625,46.25,-0.0062850911517832531,,,
4626,46.259999999999998,-0.010214630315972965,,,
4627,46.270000000000003,-0.01430489197635767,,,
4628,46.280000000000001,-0.018451533375827042,,,
4629,46.289999999999999,-0.022609003139700917,,,
4630,46.300000000000004,-0.026859975189963865,,,
4631,46.310000000000002,-0.031374371823452749,,,
4632,46.32,-0.035830489080183978,,,
4633,46.329999999999998,-0.040147957454725498,,,
4634,46.340000000000003,-0.044457700803640948,,,
4635,46.350000000000001,-0.048505977056999099,,,
4636,46.359999999999999,-0.05225304082557447,,,
4637,46.369999999999997,-0.055772648740461797,,,
4638,46.380000000000003,-0.058875979654204741,,,
4639,46.390000000000001,-0.058872044568019151,,,
4640,46.399999999999999,-0.064964555276993227,,,
4641,46.410000000000004,-0.068162342443650659,,,
4642,46.420000000000002,-0.071238638384517619,,,
4643,46.43,-0.074275278329508601,,,
4644,46.439999999999998,-0.077324623858514727,,,
4645,46.450000000000003,-0.079989973419417049,,,
4646,46.460000000000001,-0.081844285758482696,,,
4647,46.469999999999999,-0.083460218882988393,,,
4648,46.480000000000004,-0.085126682383396282,,,
4649,46.490000000000002,-0.086545988236186616,,,
4650,46.5,-0.087874765496676527,,,
4651,46.509999999999998,-0.089235509647866307,,,
4652,46.520000000000003,-0.090506165634024735,,,
4653,46.530000000000001,-0.091959890182246873,,,
4654,46.539999999999999,-0.093198790815555946,,,
4655,46.550000000000004,-0.094125960521071805,,,
4656,46.560000000000002,-0.094948416619832762,,,
4657,46.57,-0.095533617461508388,,,
4658,46.579999999999998,-0.096097901955936982,,,
4659,46.590000000000003,-0.096472719218503672,,,
4660,46.600000000000001,-0.096453899731259896,,,
4661,46.609999999999999,-0.096340172668996457,,,
4662,46.619999999999997,-0.095999428093009237,,,
4663,46.630000000000003,-0.095564951356334124,,,
4664,46.640000000000001,-0.095394496063721107,,,
4665,46.649999999999999,-0.09533315598015607,,,
4666,46.660000000000004,-0.095043087948203986,,,
4667,46.670000000000002,-0.094950374464378873,,,
4668,46.68,-0.094969489334790477,,,
4669,46.689999999999998,-0.095111420614608977,,,
4670,46.700000000000003,-0.095638659343855764,,,
4671,46.710000000000001,-0.096317906443935883,,,
4672,46.719999999999999,-0.097215780898339113,,,
4673,46.730000000000004,-0.098302401815919024,,,
4674,46.740000000000002,-0.099224720013783463,,,
4675,46.75,-0.10007830868386874,,,
4676,46.759999999999998,-0.10083291304415365,,,
4677,46.770000000000003,-0.10153040893264423,,,
4678,46.780000000000001,-0.10213977753437989,,,
4679,46.789999999999999,-0.10264028561694201,,,
4680,46.800000000000004,-0.10298802935650131,,,
4681,46.810000000000002,-0.10306228026225915,,,
4682,46.82,-0.10288014500539791,,,
4683,46.829999999999998,-0.10261821998120345,,,
4684,46.840000000000003,-0.1023555610187958,,,
4685,46.850000000000001,-0.10229544574989466,,,
4686,46.859999999999999,-0.10207653574834781,,,
4687,46.869999999999997,-0.10197651196010261,,,
4688,46.880000000000003,-0.10180940683734839,,,
4689,46.890000000000001,-0.10176875204213781,,,
4690,46.899999999999999,-0.10167678550400076,,,
4691,46.910000000000004,-0.10159232219900849,,,
4692,46.920000000000002,-0.10141318052886704,,,
4693,46.93,-0.10098818347327168,,,
4694,46.939999999999998,-0.10058410826070663,,,
4695,46.950000000000003,-0.10020654632019527,,,
4696,46.960000000000001,-0.099852467955236293,,,
4697,46.969999999999999,-0.099475298783829089,,,
4698,46.980000000000004,-0.099054261010312977,,,
4699,46.990000000000002,-0.098683541210302275,,,
4700,47,-0.098239208287204005,,,
4701,47.009999999999998,-0.097459430326952076,,,
4702,47.020000000000003,-0.096908365075517616,,,
4703,47.030000000000001,-0.096311129913997484,,,
4704,47.039999999999999,-0.095810961599247152,,,
4705,47.050000000000004,-0.094909395421902229,,,
4706,47.060000000000002,-0.093633718678842612,,,
4707,47.07,-0.09243245306648086,,,
4708,47.079999999999998,-0.091068108765850767,,,
4709,47.090000000000003,-0.089615732823607283,,,
4710,47.100000000000001,-0.088259345233026434,,,
4711,47.109999999999999,-0.087470000850041904,,,
4712,47.119999999999997,-0.086676273260070394,,,
4713,47.130000000000003,-0.085926594065652423,,,
4714,47.140000000000001,-0.085391051582271713,,,
4715,47.149999999999999,-0.084431869423433933,,,
4716,47.160000000000004,-0.083380692766403933,,,
4717,47.170000000000002,-0.082031437652181988,,,
4718,47.18,-0.080388430190151919,,,
4719,47.189999999999998,-0.078452789642566398,,,
4720,47.200000000000003,-0.076523162962746569,,,
4721,47.210000000000001,-0.074996137860528528,,,
4722,47.219999999999999,-0.073365051961568867,,,
4723,47.230000000000004,-0.071718759450452502,,,
4724,47.240000000000002,-0.070110007406101529,,,
4725,47.25,-0.068278006421673698,,,
4726,47.259999999999998,-0.066409294355741624,,,
4727,47.270000000000003,-0.064436776367802789,,,
4728,47.280000000000001,-0.062495080561761174,,,
4729,47.289999999999999,-0.060472283853149525,,,
4730,47.300000000000004,-0.058614905552763955,,,
4731,47.310000000000002,-0.056899959799534099,,,
4732,47.32,-0.055472832026444784,,,
4733,47.329999999999998,-0.054420236988819849,,,
4734,47.340000000000003,-0.053448186799406085,,,
4735,47.350000000000001,-0.052410813836220475,,,
4736,47.359999999999999,-0.05170984162478115,,,
4737,47.369999999999997,-0.051045504726843674,,,
4738,47.380000000000003,-0.05050713509626216,,,
4739,47.390000000000001,-0.049891355777704691,,,
4740,47.399999999999999,-0.049274293890588017,,,
4741,47.410000000000004,-0.048355040679869829,,,
4742,47.420000000000002,-0.047267747985557294,,,
4743,47.43,-0.046023907669260469,,,
4744,47.439999999999998,-0.044821167011962322,,,
4745,47.450000000000003,-0.043427143132844494,,,
4746,47.460000000000001,-0.04201424940391852,,,
4747,47.469999999999999,-0.040812165031318806,,,
4748,47.480000000000004,-0.039704883756490672,,,
4749,47.490000000000002,-0.038664967303115819,,,
4750,47.5,-0.037311628948848097,,,
4751,47.509999999999998,-0.03584649898471276,,,
4752,47.520000000000003,-0.034330440317983935,,,
4753,47.530000000000001,-0.0327360354108088,,,
4754,47.539999999999999,-0.031331518028705166,,,
4755,47.550000000000004,-0.029900516628955022,,,
4756,47.560000000000002,-0.028693778145248698,,,
4757,47.57,-0.02734437286482326,,,
4758,47.579999999999998,-0.025966287277472161,,,
4759,47.590000000000003,-0.02428784565027935,,,
4760,47.600000000000001,-0.022494943708313481,,,
4761,47.609999999999999,-0.020397714307754437,,,
4762,47.619999999999997,-0.018173332236831354,,,
4763,47.630000000000003,-0.015688244152622356,,,
4764,47.640000000000001,-0.013177620040819875,,,
4765,47.649999999999999,-0.010935187587513372,,,
4766,47.660000000000004,-0.0090692521016799508,,,
4767,47.670000000000002,-0.0077155855822621435,,,
4768,47.68,-0.0068540920828895164,,,
4769,47.689999999999998,-0.0068706484512825565,,,
4770,47.700000000000003,-0.0055711121684151902,,,
4771,47.710000000000001,-0.0047624288124087366,,,
4772,47.719999999999999,-0.0037640292891842507,,,
4773,47.730000000000004,-0.0025905692126782006,,,
4774,47.740000000000002,-0.0014625347927013045,,,
4775,47.75,-0.00038682503423884324,,,
4776,47.759999999999998,0.00067199936550727522,,,
4777,47.770000000000003,0.0017693910810280171,,,
4778,47.780000000000001,0.0031829426651919695,,,
4779,47.789999999999999,0.0049899337758189007,,,
4780,47.800000000000004,0.007031193368410505,,,
4781,47.810000000000002,0.0091555253842355439,,,
4782,47.82,0.011380954876545758,,,
4783,47.829999999999998,0.013634552213343969,,,
4784,47.840000000000003,0.015766512822640952,,,
4785,47.850000000000001,0.017695931547566299,,,
4786,47.859999999999999,0.019336578558176967,,,
4787,47.870000000000005,0.020513331048207205,,,
4788,47.880000000000003,0.021375900181531272,,,
4789,47.890000000000001,0.022108391173594387,,,
4790,47.899999999999999,0.02283523533856301,,,
4791,47.910000000000004,0.023647753139837049,,,
4792,47.920000000000002,0.024517995814742555,,,
4793,47.93,0.025284429324094825,,,
4794,47.939999999999998,0.026167892019904351,,,
4795,47.950000000000003,0.027128711786592766,,,
4796,47.960000000000001,0.028093091162716299,,,
4797,47.969999999999999,0.029070485397026589,,,
4798,47.980000000000004,0.030140709526505351,,,
4799,47.990000000000002,0.03147548015941723,,,
4800,48,0.033065842563225277,,,
4801,48.009999999999998,0.034958666180275655,,,
4802,48.020000000000003,0.036832819669576036,,,
4803,48.030000000000001,0.038786874838531882,,,
4804,48.039999999999999,0.040698290197006007,,,
4805,48.050000000000004,0.042488554360686673,,,
4806,48.060000000000002,0.044087285522369415,,,
4807,48.07,0.04540536590597706,,,
4808,48.079999999999998,0.046470105806374,,,
4809,48.090000000000003,0.047329867429830544,,,
4810,48.100000000000001,0.048090794700140882,,,
4811,48.109999999999999,0.048760210441930345,,,
4812,48.120000000000005,0.04931363368251656,,,
4813,48.130000000000003,0.04987502802328362,,,
4814,48.140000000000001,0.05049244642970066,,,
4815,48.149999999999999,0.051223826286421185,,,
4816,48.160000000000004,0.052201984630455937,,,
4817,48.170000000000002,0.053219976001572057,,,
4818,48.18,0.054227796369528278,,,
4819,48.189999999999998,0.055129446498031275,,,
4820,48.200000000000003,0.055817037257425442,,,
4821,48.210000000000001,0.056321138320068402,,,
4822,48.219999999999999,0.056502878831572435,,,
4823,48.230000000000004,0.056659288545525981,,,
4824,48.240000000000002,0.056911827393666438,,,
4825,48.25,0.057192069321733374,,,
4826,48.259999999999998,0.057550272526398841,,,
4827,48.270000000000003,0.057967835386349337,,,
4828,48.280000000000001,0.05841874962578935,,,
4829,48.289999999999999,0.058804270118941765,,,
4830,48.300000000000004,0.059062776816463027,,,
4831,48.310000000000002,0.05914660274289233,,,
4832,48.32,0.05909294736432634,,,
4833,48.329999999999998,0.058907117662652032,,,
4834,48.340000000000003,0.058492498363409369,,,
4835,48.350000000000001,0.05800342379810295,,,
4836,48.359999999999999,0.057489349618413954,,,
4837,48.370000000000005,0.057057009227245888,,,
4838,48.380000000000003,0.05656654215546119,,,
4839,48.390000000000001,0.056164750966547848,,,
4840,48.399999999999999,0.055885803531888399,,,
4841,48.410000000000004,0.055576271700760467,,,
4842,48.420000000000002,0.05527714880871154,,,
4843,48.43,0.054982713954549726,,,
4844,48.439999999999998,0.054672842213970035,,,
4845,48.450000000000003,0.054369636895612181,,,
4846,48.460000000000001,0.054215770735309844,,,
4847,48.469999999999999,0.054152037820594245,,,
4848,48.480000000000004,0.054007384324886137,,,
4849,48.490000000000002,0.05386065605919288,,,
4850,48.5,0.053765465433554677,,,
4851,48.509999999999998,0.0539293093098537,,,
4852,48.520000000000003,0.05395030638498978,,,
4853,48.530000000000001,0.054087506039623548,,,
4854,48.539999999999999,0.054068158611416416,,,
4855,48.550000000000004,0.054055232817834045,,,
4856,48.560000000000002,0.053939795516625887,,,
4857,48.57,0.053750295790052756,,,
4858,48.579999999999998,0.053600646797774563,,,
4859,48.590000000000003,0.053479314873105553,,,
4860,48.600000000000001,0.053321595849048886,,,
4861,48.609999999999999,0.053146275831390165,,,
4862,48.620000000000005,0.053000072894775367,,,
4863,48.630000000000003,0.052886272826229215,,,
4864,48.640000000000001,0.052664384015324597,,,
4865,48.649999999999999,0.052508174238771611,,,
4866,48.660000000000004,0.052359811414726849,,,
4867,48.670000000000002,0.052255820918440617,,,
4868,48.68,0.052149633737764038,,,
4869,48.689999999999998,0.052114670014553353,,,
4870,48.700000000000003,0.052089741690470384,,,
4871,48.710000000000001,0.051909441064196059,,,
4872,48.719999999999999,0.051738874758713936,,,
4873,48.730000000000004,0.051522588571420336,,,
4874,48.740000000000002,0.05135490839443798,,,
4875,48.75,0.051081573128433512,,,
4876,48.759999999999998,0.050706339302941938,,,
4877,48.770000000000003,0.050224290197372075,,,
4878,48.780000000000001,0.049731662408746359,,,
4879,48.789999999999999,0.049184046098573443,,,
4880,48.800000000000004,0.048650100991279026,,,
4881,48.810000000000002,0.048156818414880322,,,
4882,48.82,0.047788321926469743,,,
4883,48.829999999999998,0.047488867257711793,,,
4884,48.840000000000003,0.047297463972231918,,,
4885,48.850000000000001,0.047028914554164497,,,
4886,48.859999999999999,0.046800714545283104,,,
4887,48.870000000000005,0.046564558439227528,,,
4888,48.880000000000003,0.046352931646216809,,,
4889,48.890000000000001,0.046212056126283034,,,
4890,48.899999999999999,0.046057271888797588,,,
4891,48.910000000000004,0.04586828104016144,,,
4892,48.920000000000002,0.045832884656675468,,,
4893,48.93,0.045825750327664665,,,
4894,48.939999999999998,0.045899408911646462,,,
4895,48.950000000000003,0.045855086957317603,,,
4896,48.960000000000001,0.045819115051528976,,,
4897,48.969999999999999,0.045755729360422472,,,
4898,48.980000000000004,0.04568525775274393,,,
4899,48.990000000000002,0.04554968947738159,,,
4900,49,0.045434855996858411,,,
4901,49.009999999999998,0.045365976764142127,,,
4902,49.020000000000003,0.045330333061106357,,,
4903,49.030000000000001,0.045254387433684415,,,
4904,49.039999999999999,0.045203669117197684,,,
4905,49.050000000000004,0.045200693078339065,,,
4906,49.060000000000002,0.045286999315546257,,,
4907,49.07,0.045358027346159735,,,
4908,49.079999999999998,0.045528511376747849,,,
4909,49.090000000000003,0.045694485541319753,,,
4910,49.100000000000001,0.045910641945463231,,,
4911,49.109999999999999,0.046166170651321427,,,
4912,49.120000000000005,0.046393337571007116,,,
4913,49.130000000000003,0.04653666478758306,,,
4914,49.140000000000001,0.046591587014114283,,,
4915,49.149999999999999,0.046563471898178721,,,
4916,49.160000000000004,0.04656207239621174,,,
4917,49.170000000000002,0.046561182321212972,,,
4918,49.18,0.046559691755692197,,,
4919,49.189999999999998,0.046558889135958695,,,
4920,49.200000000000003,0.046557776627112184,,,
4921,49.210000000000001,0.046567372648162325,,,
4922,49.219999999999999,0.046604155219908523,,,
4923,49.230000000000004,0.046618362662728341,,,
4924,49.240000000000002,0.046617768708500283,,,
4925,49.25,0.046660349668322852,,,
4926,49.259999999999998,0.046694314786997246,,,
4927,49.270000000000003,0.046679157643748435,,,
4928,49.280000000000001,0.046650140571867865,,,
4929,49.289999999999999,0.046656316501345968,,,
4930,49.300000000000004,0.046690741896233276,,,
4931,49.310000000000002,0.046832242070613407,,,
4932,49.32,0.046989501916794171,,,
4933,49.329999999999998,0.047158606011780214,,,
4934,49.340000000000003,0.047351454893100428,,,
4935,49.350000000000001,0.047492513790994777,,,
4936,49.359999999999999,0.047659627310477112,,,
4937,49.370000000000005,0.047840430585604145,,,
4938,49.380000000000003,0.048038795041467457,,,
4939,49.390000000000001,0.048247936499961265,,,
4940,49.399999999999999,0.04843021109360398,,,
4941,49.410000000000004,0.048676004086259037,,,
4942,49.420000000000002,0.048884971092919616,,,
4943,49.43,0.049068930502350956,,,
4944,49.439999999999998,0.049316060388237153,,,
4945,49.450000000000003,0.049623143762332712,,,
4946,49.460000000000001,0.050028212414489438,,,
4947,49.469999999999999,0.050424139243841044,,,
4948,49.480000000000004,0.050828940195672377,,,
4949,49.490000000000002,0.05119919585055261,,,
4950,49.5,0.051491286789663832,,,
4951,49.509999999999998,0.051794293404838439,,,
4952,49.520000000000003,0.052052848105890004,,,
4953,49.530000000000001,0.052306139584052655,,,
4954,49.539999999999999,0.052532550416396526,,,
4955,49.550000000000004,0.052840053802776621,,,
4956,49.560000000000002,0.053188025769167653,,,
4957,49.57,0.053512086542057767,,,
4958,49.579999999999998,0.053740963565166021,,,
4959,49.590000000000003,0.053907605299899082,,,
4960,49.600000000000001,0.053917747063760027,,,
4961,49.609999999999999,0.054213285295369049,,,
4962,49.620000000000005,0.054352276690089595,,,
4963,49.630000000000003,0.054466667118676183,,,
4964,49.640000000000001,0.054574567321411367,,,
4965,49.649999999999999,0.05467341426678541,,,
4966,49.660000000000004,0.054647243921975203,,,
4967,49.670000000000002,0.054644752216176387,,,
4968,49.68,0.054673430881878544,,,
4969,49.689999999999998,0.054783808960494604,,,
4970,49.700000000000003,0.054947972033316188,,,
4971,49.710000000000001,0.055186965509827858,,,
4972,49.719999999999999,0.055444157352258917,,,
4973,49.730000000000004,0.05577414073514584,,,
4974,49.740000000000002,0.055954349524101388,,,
4975,49.75,0.056151973000422732,,,
4976,49.759999999999998,0.056456321949047227,,,
4977,49.770000000000003,0.056714411498894994,,,
4978,49.780000000000001,0.056805817313566702,,,
4979,49.789999999999999,0.056802320126984267,,,
4980,49.800000000000004,0.05717040820832401,,,
4981,49.810000000000002,0.05743924900487566,,,
4982,49.82,0.057695997435429712,,,
4983,49.829999999999998,0.057926572600289279,,,
4984,49.840000000000003,0.058094045173754182,,,
4985,49.850000000000001,0.058263852201737264,,,
4986,49.859999999999999,0.058465747948568528,,,
4987,49.870000000000005,0.058628808372316162,,,
4988,49.880000000000003,0.058647412789413003,,,
4989,49.890000000000001,0.058547502514297613,,,
4990,49.899999999999999,0.058463694373849004,,,
4991,49.910000000000004,0.058303492755030918,,,
4992,49.920000000000002,0.05803330929796275,,,
4993,49.93,0.05774762333652235,,,
4994,49.939999999999998,0.057400322939936278,,,
4995,49.950000000000003,0.057119954854322946,,,
4996,49.960000000000001,0.056921743615418061,,,
4997,49.969999999999999,0.056834880880394754,,,
4998,49.980000000000004,0.056838948973503244,,,
4999,49.990000000000002,0.056895537330657227,,,
5000,50,0.056901772054219223,,,
5001,50.009999999999998,0.05685031905888073,,,
5002,50.020000000000003,0.056791604115216172,,,
5003,50.030000000000001,0.056729377268256345,,,
5004,50.039999999999999,0.056683773884124711,,,
5005,50.050000000000004,0.056672347682748862,,,
5006,50.060000000000002,0.056637756873238208,,,
5007,50.07,0.056589793134887621,,,
5008,50.079999999999998,0.05661557024432793,,,
5009,50.090000000000003,0.056673981259136599,,,
5010,50.100000000000001,0.056722480577348737,,,
5011,50.109999999999999,0.056840550286162368,,,
5012,50.120000000000005,0.056894407405775962,,,
5013,50.130000000000003,0.056877940920431982,,,
5014,50.140000000000001,0.056862985420284715,,,
5015,50.149999999999999,0.05693346415645522,,,
5016,50.160000000000004,0.056913349887310984,,,
5017,50.170000000000002,0.056798267968645809,,,
5018,50.18,0.05667304691128941,,,
5019,50.189999999999998,0.05664663481677637,,,
5020,50.200000000000003,0.056647560500208104,,,
5021,50.210000000000001,0.056647539745437944,,,
5022,50.219999999999999,0.056649131443798614,,,
5023,50.230000000000004,0.056501248057222835,,,
5024,50.240000000000002,0.056336611312509548,,,
5025,50.25,0.056205082563147837,,,
5026,50.259999999999998,0.056098967017660706,,,
5027,50.270000000000003,0.055909262564454699,,,
5028,50.280000000000001,0.055818341505223794,,,
5029,50.289999999999999,0.055741523210432416,,,
5030,50.300000000000004,0.055594396588796474,,,
5031,50.310000000000002,0.055311639741195975,,,
5032,50.32,0.054949835376853572,,,
5033,50.329999999999998,0.054536491746049437,,,
5034,50.340000000000003,0.054101252376733924,,,
5035,50.350000000000001,0.05366014321924286,,,
5036,50.359999999999999,0.053295878803063731,,,
5037,50.370000000000005,0.05289941319852634,,,
5038,50.380000000000003,0.052561369997180134,,,
5039,50.390000000000001,0.05224362946639239,,,
5040,50.399999999999999,0.052004946538158188,,,
5041,50.410000000000004,0.051781541075720444,,,
5042,50.420000000000002,0.051489370005453033,,,
5043,50.43,0.051095413155590429,,,
5044,50.439999999999998,0.050771895259831598,,,
5045,50.450000000000003,0.050452152728982964,,,
5046,50.460000000000001,0.050339996571228056,,,
5047,50.469999999999999,0.050259236274249101,,,
5048,50.480000000000004,0.050262031282797139,,,
5049,50.490000000000002,0.050295038607142913,,,
5050,50.5,0.050343651493573914,,,
5051,50.509999999999998,0.050361089794120309,,,
5052,50.520000000000003,0.050411501681559265,,,
5053,50.530000000000001,0.050447774326384455,,,
5054,50.539999999999999,0.050582619351725137,,,
5055,50.550000000000004,0.050742140914839293,,,
5056,50.560000000000002,0.050894792647513461,,,
5057,50.57,0.050959227412326807,,,
5058,50.579999999999998,0.050967994360801669,,,
5059,50.590000000000003,0.05094354000128605,,,
5060,50.600000000000001,0.05086709089097833,,,
5061,50.609999999999999,0.050768689465432358,,,
5062,50.620000000000005,0.050699535592563592,,,
5063,50.630000000000003,0.050703244016350034,,,
5064,50.640000000000001,0.050705668828395806,,,
5065,50.649999999999999,0.050674539581832871,,,
5066,50.660000000000004,0.050595900753310531,,,
5067,50.670000000000002,0.050608181428054892,,,
5068,50.68,0.050615768772521885,,,
5069,50.689999999999998,0.050615285770025956,,,
5070,50.700000000000003,0.050557948980168008,,,
5071,50.710000000000001,0.050580359315172151,,,
5072,50.719999999999999,0.050617582022836026,,,
5073,50.730000000000004,0.050673163415598341,,,
5074,50.740000000000002,0.050737374572176371,,,
5075,50.75,0.050785916109807004,,,
5076,50.759999999999998,0.050843842841030128,,,
5077,50.770000000000003,0.050881683375245672,,,
5078,50.780000000000001,0.050881621290009095,,,
5079,50.789999999999999,0.050881397996893042,,,
5080,50.800000000000004,0.050785269003416067,,,
5081,50.810000000000002,0.050710902230374763,,,
5082,50.82,0.050610278385134273,,,
5083,50.829999999999998,0.050491283073716434,,,
5084,50.840000000000003,0.050346961650401194,,,
5085,50.850000000000001,0.050237128552608472,,,
5086,50.859999999999999,0.050120013170161008,,,
5087,50.870000000000005,0.05009022279209608,,,
5088,50.880000000000003,0.050095661081860657,,,
5089,50.890000000000001,0.050166211161371141,,,
5090,50.899999999999999,0.05029929593634918,,,
5091,50.910000000000004,0.050429087120028221,,,
5092,50.920000000000002,0.050591791261862813,,,
5093,50.93,0.05075102306670734,,,
5094,50.939999999999998,0.050890552692485699,,,
5095,50.950000000000003,0.051043340280703502,,,
5096,50.960000000000001,0.051227648898361504,,,
5097,50.969999999999999,0.051393340518839835,,,
5098,50.980000000000004,0.051360747106726626,,,
5099,50.990000000000002,0.051289826009830244,,,
5100,51,0.051190367974073246,,,
5101,51.009999999999998,0.051011963983815405,,,
5102,51.020000000000003,0.050800517380214447,,,
5103,51.030000000000001,0.050624702045504386,,,
5104,51.039999999999999,0.050380049860920234,,,
5105,51.050000000000004,0.050225066234363153,,,
5106,51.060000000000002,0.050000826795913778,,,
5107,51.07,0.04985859710549792,,,
5108,51.079999999999998,0.049860106669868412,,,
5109,51.090000000000003,0.049836638046278463,,,
5110,51.100000000000001,0.049744721536685584,,,
5111,51.109999999999999,0.049626974412262992,,,
5112,51.120000000000005,0.049529446118540855,,,
5113,51.130000000000003,0.049373040672443205,,,
5114,51.140000000000001,0.049192614213608127,,,
5115,51.149999999999999,0.049010191769513232,,,
5116,51.160000000000004,0.048823003684775115,,,
5117,51.170000000000002,0.048707188818924378,,,
5118,51.18,0.048741682028310529,,,
5119,51.189999999999998,0.048782826833166967,,,
5120,51.200000000000003,0.048790684325208972,,,
5121,51.210000000000001,0.048801199431077219,,,
5122,51.219999999999999,0.048866673522742564,,,
5123,51.230000000000004,0.048953347265159652,,,
5124,51.240000000000002,0.049070267107798958,,,
5125,51.25,0.049134047388550726,,,
5126,51.259999999999998,0.04921996167007963,,,
5127,51.270000000000003,0.049281113076025944,,,
5128,51.280000000000001,0.049317185727124548,,,
5129,51.289999999999999,0.049404757658747835,,,
5130,51.300000000000004,0.049606863288305318,,,
5131,51.310000000000002,0.049832845218118905,,,
5132,51.32,0.050100377160349874,,,
5133,51.329999999999998,0.050330180620520061,,,
5134,51.340000000000003,0.05056829054994251,,,
5135,51.350000000000001,0.050657629693602706,,,
5136,51.359999999999999,0.050834482923598205,,,
5137,51.370000000000005,0.050931924790364312,,,
5138,51.380000000000003,0.051052759871204716,,,
5139,51.390000000000001,0.051180821643751068,,,
5140,51.399999999999999,0.051221159338314434,,,
5141,51.410000000000004,0.051251693833536241,,,
5142,51.420000000000002,0.051227192080473626,,,
5143,51.43,0.051231752609457885,,,
5144,51.439999999999998,0.051321126284999963,,,
5145,51.450000000000003,0.051383129548339533,,,
5146,51.460000000000001,0.051442360860594963,,,
5147,51.469999999999999,0.051496970438010964,,,
5148,51.480000000000004,0.051577128903232336,,,
5149,51.490000000000002,0.05168441739967207,,,
5150,51.5,0.051763492158281924,,,
5151,51.509999999999998,0.051879048819924937,,,
5152,51.520000000000003,0.052062738678971411,,,
5153,51.530000000000001,0.052173784908267747,,,
5154,51.539999999999999,0.052238201197493381,,,
5155,51.550000000000004,0.05224158316414499,,,
5156,51.560000000000002,0.052283306244428403,,,
5157,51.57,0.052222979009931385,,,
5158,51.579999999999998,0.052076900178383768,,,
5159,51.590000000000003,0.051965015844466951,,,
5160,51.600000000000001,0.05187414665151404,,,
5161,51.609999999999999,0.051770290390120592,,,
5162,51.620000000000005,0.051675449339231495,,,
5163,51.630000000000003,0.051531735077811912,,,
5164,51.640000000000001,0.051335694773702999,,,
5165,51.649999999999999,0.051064447217780931,,,
5166,51.660000000000004,0.050829959111032504,,,
5167,51.670000000000002,0.050569370894343033,,,
5168,51.68,0.0503851777135799,,,
5169,51.689999999999998,0.050241543823503633,,,
5170,51.700000000000003,0.050201277634386421,,,
5171,51.710000000000001,0.050213212143284995,,,
5172,51.719999999999999,0.050275688405267346,,,
5173,51.730000000000004,0.050408215367945611,,,
5174,51.740000000000002,0.050508304485355711,,,
5175,51.75,0.050383593518404574,,,
5176,51.759999999999998,0.050090476247678359,,,
5177,51.770000000000003,0.049612581289107539,,,
5178,51.780000000000001,0.04897231198191565,,,
5179,51.789999999999999,0.048297241599813273,,,
5180,51.800000000000004,0.047710237479613643,,,
5181,51.810000000000002,0.047113308566620105,,,
5182,51.82,0.046596729557297198,,,
5183,51.829999999999998,0.046009760674523857,,,
5184,51.840000000000003,0.04568064154986741,,,
5185,51.850000000000001,0.045506272852800914,,,
5186,51.859999999999999,0.045417944594476671,,,
5187,51.870000000000005,0.045356898772010386,,,
5188,51.880000000000003,0.045370302594136373,,,
5189,51.890000000000001,0.045382540132507691,,,
5190,51.899999999999999,0.045338081741277118,,,
5191,51.910000000000004,0.045105879508933876,,,
5192,51.920000000000002,0.044684625011182352,,,
5193,51.93,0.044197387787847028,,,
5194,51.939999999999998,0.043768288221952292,,,
5195,51.950000000000003,0.043601858356672851,,,
5196,51.960000000000001,0.043580894815743662,,,
5197,51.969999999999999,0.043972604295344019,,,
5198,51.980000000000004,0.04447257664057512,,,
5199,51.990000000000002,0.04501755701013907,,,
5200,52,0.045541166837241812,,,
5201,52.009999999999998,0.04592689720955874,,,
5202,52.020000000000003,0.046196520771091799,,,
5203,52.030000000000001,0.046360275592564074,,,
5204,52.039999999999999,0.046472520998836253,,,
5205,52.050000000000004,0.04660710485336414,,,
5206,52.060000000000002,0.046845073614463495,,,
5207,52.07,0.04719151159523656,,,
5208,52.079999999999998,0.047675018936140977,,,
5209,52.090000000000003,0.048182020977991971,,,
5210,52.100000000000001,0.048720475225167245,,,
5211,52.109999999999999,0.049188935220621469,,,
5212,52.120000000000005,0.049591368069894212,,,
5213,52.130000000000003,0.04983490017044645,,,
5214,52.140000000000001,0.049970474365089494,,,
5215,52.149999999999999,0.049972863842211883,,,
5216,52.160000000000004,0.049800210372937796,,,
5217,52.170000000000002,0.049497018429807249,,,
5218,52.18,0.049174893852495877,,,
5219,52.189999999999998,0.049180282870145121,,,
5220,52.200000000000003,0.04821480838375939,,,
5221,52.210000000000001,0.047596633807816709,,,
5222,52.219999999999999,0.04718181985325224,,,
5223,52.230000000000004,0.046883926977571697,,,
5224,52.240000000000002,0.046648722139680431,,,
5225,52.25,0.046462832719138328,,,
5226,52.259999999999998,0.046374149152767156,,,
5227,52.270000000000003,0.046238445330322696,,,
5228,52.280000000000001,0.046096455261707303,,,
5229,52.289999999999999,0.045859339359931736,,,
5230,52.300000000000004,0.045636053086691913,,,
5231,52.310000000000002,0.045314318498678133,,,
5232,52.32,0.045014508081351309,,,
5233,52.329999999999998,0.044605109342573702,,,
5234,52.340000000000003,0.044215334880775795,,,
5235,52.350000000000001,0.043796647441151464,,,
5236,52.359999999999999,0.043404054990112573,,,
5237,52.370000000000005,0.042948845359652377,,,
5238,52.380000000000003,0.042553973027021449,,,
5239,52.390000000000001,0.042075894224606079,,,
5240,52.399999999999999,0.041587114928615457,,,
5241,52.410000000000004,0.041130817875181594,,,
5242,52.420000000000002,0.040674308909991491,,,
5243,52.43,0.040292647441885293,,,
5244,52.439999999999998,0.039918765304189953,,,
5245,52.450000000000003,0.039610990732239129,,,
5246,52.460000000000001,0.039373310261148167,,,
5247,52.469999999999999,0.039096932230274252,,,
5248,52.480000000000004,0.038868697731222854,,,
5249,52.490000000000002,0.038678277405309457,,,
5250,52.5,0.038446641222930462,,,
5251,52.509999999999998,0.038206550556065498,,,
5252,52.520000000000003,0.037853606127719375,,,
5253,52.530000000000001,0.037481244321492628,,,
5254,52.539999999999999,0.037198683202144672,,,
5255,52.550000000000004,0.036910342153460104,,,
5256,52.560000000000002,0.036645167204759667,,,
5257,52.57,0.036367568503411496,,,
5258,52.579999999999998,0.036103780467999551,,,
5259,52.590000000000003,0.035758519473034329,,,
5260,52.600000000000001,0.03543177441901111,,,
5261,52.609999999999999,0.035011176259275315,,,
5262,52.620000000000005,0.034548514905528939,,,
5263,52.630000000000003,0.03414762710992026,,,
5264,52.640000000000001,0.033764419259608582,,,
5265,52.649999999999999,0.033415674398257177,,,
5266,52.660000000000004,0.033093197770813002,,,
5267,52.670000000000002,0.032792574890463645,,,
5268,52.68,0.032533426012184667,,,
5269,52.689999999999998,0.032548934680883719,,,
5270,52.700000000000003,0.032138108716734538,,,
5271,52.710000000000001,0.031923724386441046,,,
5272,52.719999999999999,0.031685167121507089,,,
5273,52.730000000000004,0.031445632243840393,,,
5274,52.740000000000002,0.031047734532335444,,,
5275,52.75,0.030659172377483612,,,
5276,52.759999999999998,0.030158558393561886,,,
5277,52.770000000000003,0.029692602152951584,,,
5278,52.780000000000001,0.029219537258042837,,,
5279,52.789999999999999,0.028759961890164169,,,
5280,52.800000000000004,0.028202004581724317,,,
5281,52.810000000000002,0.027722491164308312,,,
5282,52.82,0.027161019498843409,,,
5283,52.829999999999998,0.026597795213170194,,,
5284,52.840000000000003,0.025991160994549133,,,
5285,52.850000000000001,0.025485870180049278,,,
5286,52.859999999999999,0.024904841794726861,,,
5287,52.870000000000005,0.024398387260143446,,,
5288,52.880000000000003,0.023803169027478269,,,
5289,52.890000000000001,0.023307418775140823,,,
5290,52.899999999999999,0.022838880723688337,,,
5291,52.910000000000004,0.022480566908054795,,,
5292,52.920000000000002,0.022114695903857146,,,
5293,52.93,0.021727850545137147,,,
5294,52.939999999999998,0.021373364928951952,,,
5295,52.950000000000003,0.021176820073516664,,,
5296,52.960000000000001,0.020963679574356863,,,
5297,52.969999999999999,0.020759323955245823,,,
5298,52.980000000000004,0.020468145459270032,,,
5299,52.990000000000002,0.020173411048048547,,,
5300,53,0.019772019495090758,,,
5301,53.009999999999998,0.019424410553037876,,,
5302,53.020000000000003,0.019119573570979466,,,
5303,53.030000000000001,0.019017028615285318,,,
5304,53.039999999999999,0.018855858186392682,,,
5305,53.050000000000004,0.018732708398265196,,,
5306,53.060000000000002,0.018584619067162456,,,
5307,53.07,0.018515004834386856,,,
5308,53.079999999999998,0.018375251487227729,,,
5309,53.090000000000003,0.018251651952319661,,,
5310,53.100000000000001,0.018066330615947753,,,
5311,53.109999999999999,0.017850191596633182,,,
5312,53.120000000000005,0.017640557728956098,,,
5313,53.130000000000003,0.017421729006388942,,,
5314,53.140000000000001,0.01728576489182064,,,
5315,53.149999999999999,0.017271323279654194,,,
5316,53.160000000000004,0.017299800517874171,,,
5317,53.170000000000002,0.017342275502179837,,,
5318,53.18,0.017446276764969133,,,
5319,53.189999999999998,0.017446907531897957,,,
5320,53.200000000000003,0.017541226079452115,,,
5321,53.210000000000001,0.017563225784320746,,,
5322,53.219999999999999,0.017599792715635106,,,
5323,53.230000000000004,0.017609230164223586,,,
5324,53.240000000000002,0.017810325498716074,,,
5325,53.25,0.017965854271871511,,,
5326,53.259999999999998,0.018167753803784777,,,
5327,53.270000000000003,0.018365789634257727,,,
5328,53.280000000000001,0.018505702220154737,,,
5329,53.289999999999999,0.018528752975777635,,,
5330,53.300000000000004,0.018550911429088868,,,
5331,53.310000000000002,0.018504624123405963,,,
5332,53.32,0.018500133235403973,,,
5333,53.329999999999998,0.018415834713147731,,,
5334,53.340000000000003,0.018343224628176613,,,
5335,53.350000000000001,0.018229213509159965,,,
5336,53.359999999999999,0.018204818801157846,,,
5337,53.370000000000005,0.018182614416806131,,,
5338,53.380000000000003,0.018183677670176337,,,
5339,53.390000000000001,0.018131064832470886,,,
5340,53.399999999999999,0.018068766949424993,,,
5341,53.410000000000004,0.01799794984172846,,,
5342,53.420000000000002,0.017974799127689706,,,
5343,53.43,0.017996647164157695,,,
5344,53.439999999999998,0.018152454920837661,,,
5345,53.450000000000003,0.01820704867661389,,,
5346,53.460000000000001,0.018282546104325923,,,
5347,53.469999999999999,0.018342297692621603,,,
5348,53.480000000000004,0.018465172241157624,,,
5349,53.490000000000002,0.018605777174842169,,,
5350,53.5,0.018906974542788262,,,
5351,53.509999999999998,0.019172239873217582,,,
5352,53.520000000000003,0.019507059493639404,,,
5353,53.530000000000001,0.019823368857455431,,,
5354,53.539999999999999,0.020215232461302465,,,
5355,53.550000000000004,0.020565886906787376,,,
5356,53.560000000000002,0.020909019126217617,,,
5357,53.57,0.021082970744020085,,,
5358,53.579999999999998,0.021149094467625331,,,
5359,53.590000000000003,0.021096491837837655,,,
5360,53.600000000000001,0.020973753217576226,,,
5361,53.609999999999999,0.020886225635769293,,,
5362,53.620000000000005,0.0209697675976077,,,
5363,53.630000000000003,0.020988201602346549,,,
5364,53.640000000000001,0.020942589924647703,,,
5365,53.649999999999999,0.020783613007126389,,,
5366,53.660000000000004,0.020612206875773562,,,
5367,53.670000000000002,0.0204087122388571,,,
5368,53.68,0.020241915048018051,,,
5369,53.689999999999998,0.020069383439567171,,,
5370,53.700000000000003,0.020007485834549921,,,
5371,53.710000000000001,0.019952711397305926,,,
5372,53.719999999999999,0.019985895421348408,,,
5373,53.730000000000004,0.01999313886637509,,,
5374,53.740000000000002,0.019974933770786935,,,
5375,53.75,0.019935371411679389,,,
5376,53.759999999999998,0.01991048613978616,,,
5377,53.770000000000003,0.019886986160638321,,,
5378,53.780000000000001,0.019916885383049452,,,
5379,53.789999999999999,0.01996096457067769,,,
5380,53.800000000000004,0.020062894253171849,,,
5381,53.810000000000002,0.020161385068060332,,,
5382,53.82,0.020282630046572568,,,
5383,53.829999999999998,0.020447210917004681,,,
5384,53.840000000000003,0.020687901799116334,,,
5385,53.850000000000001,0.020947249848550044,,,
5386,53.859999999999999,0.021182086273893414,,,
5387,53.870000000000005,0.021254630305020339,,,
5388,53.880000000000003,0.021318522583928572,,,
5389,53.890000000000001,0.021300949543626393,,,
5390,53.899999999999999,0.021347249299385807,,,
5391,53.910000000000004,0.021337494185561211,,,
5392,53.920000000000002,0.021319125516924588,,,
5393,53.93,0.021242518332781752,,,
5394,53.939999999999998,0.021196684883285036,,,
5395,53.950000000000003,0.021124439885891057,,,
5396,53.960000000000001,0.021065116169020234,,,
5397,53.969999999999999,0.020964285031640901,,,
5398,53.980000000000004,0.020886731708985216,,,
5399,53.990000000000002,0.020796436133542144,,,
5400,54,0.020661194869446356,,,
5401,54.009999999999998,0.020456606288091022,,,
5402,54.020000000000003,0.020245260367535774,,,
5403,54.030000000000001,0.020042966455193115,,,
5404,54.039999999999999,0.019848818209601871,,,
5405,54.050000000000004,0.01970349872989003,,,
5406,54.060000000000002,0.0195407009875068,,,
5407,54.07,0.019341500629239321,,,
5408,54.079999999999998,0.019130518084359033,,,
5409,54.090000000000003,0.018898278255554755,,,
5410,54.100000000000001,0.018672796770904304,,,
5411,54.109999999999999,0.018531931042769012,,,
5412,54.120000000000005,0.018402115377188232,,,
5413,54.130000000000003,0.018295161706512689,,,
5414,54.140000000000001,0.018195484858964984,,,
5415,54.149999999999999,0.018103627134049224,,,
5416,54.160000000000004,0.018007775559532091,,,
5417,54.170000000000002,0.017906166487030216,,,
5418,54.18,0.017793281777067807,,,
5419,54.189999999999998,0.017636484029651928,,,
5420,54.200000000000003,0.01747686150669683,,,
5421,54.210000000000001,0.017335560871628145,,,
5422,54.219999999999999,0.017177407519014296,,,
5423,54.230000000000004,0.017006965254648766,,,
5424,54.240000000000002,0.016811425329421519,,,
5425,54.25,0.016637906141543785,,,
5426,54.259999999999998,0.016469476901671443,,,
5427,54.270000000000003,0.01633832759482998,,,
5428,54.280000000000001,0.016152497811085725,,,
5429,54.289999999999999,0.015910671687885566,,,
5430,54.300000000000004,0.01569897201355034,,,
5431,54.310000000000002,0.015564011224336528,,,
5432,54.32,0.015386444142584669,,,
5433,54.329999999999998,0.015146994575692688,,,
5434,54.340000000000003,0.0150294769118105,,,
5435,54.350000000000001,0.014901558859388354,,,
5436,54.359999999999999,0.014682674071853761,,,
5437,54.370000000000005,0.014422699964746271,,,
5438,54.380000000000003,0.014144277490322115,,,
5439,54.390000000000001,0.013901461029959082,,,
5440,54.399999999999999,0.013709707970939124,,,
5441,54.410000000000004,0.013597188446421474,,,
5442,54.420000000000002,0.013459010830149507,,,
5443,54.43,0.013402699198394838,,,
5444,54.439999999999998,0.013279571669202348,,,
5445,54.450000000000003,0.013084857069279952,,,
5446,54.460000000000001,0.012877138977777078,,,
5447,54.469999999999999,0.012650527152302563,,,
5448,54.480000000000004,0.012418241538916313,,,
5449,54.490000000000002,0.012198748293399096,,,
5450,54.5,0.01202367680563176,,,
5451,54.509999999999998,0.01187875070003363,,,
5452,54.520000000000003,0.011715833082708972,,,
5453,54.530000000000001,0.011550105664906793,,,
5454,54.539999999999999,0.011403841841550378,,,
5455,54.550000000000004,0.011354058799982161,,,
5456,54.560000000000002,0.01126878631307658,,,
5457,54.57,0.011177108372356203,,,
5458,54.579999999999998,0.011050310588858747,,,
5459,54.590000000000003,0.01095274459255048,,,
5460,54.600000000000001,0.010798872764490233,,,
5461,54.609999999999999,0.010628849944244918,,,
5462,54.620000000000005,0.010456624956471908,,,
5463,54.630000000000003,0.010265384960678452,,,
5464,54.640000000000001,0.010102021920839872,,,
5465,54.649999999999999,0.0099196876608621323,,,
5466,54.660000000000004,0.0097985717272357359,,,
5467,54.670000000000002,0.0097118108439114177,,,
5468,54.68,0.0095901094935519418,,,
5469,54.689999999999998,0.0095055181794353547,,,
5470,54.700000000000003,0.0094295754710639144,,,
5471,54.710000000000001,0.0092552438493686776,,,
5472,54.719999999999999,0.0091715243407194721,,,
5473,54.730000000000004,0.0092650762734621823,,,
5474,54.740000000000002,0.0093926532028623892,,,
5475,54.75,0.0095078877508094541,,,
5476,54.759999999999998,0.0096705048036704998,,,
5477,54.770000000000003,0.0097409581646559513,,,
5478,54.780000000000001,0.0097034535995036159,,,
5479,54.789999999999999,0.0096593462825444679,,,
5480,54.800000000000004,0.0097156664445908082,,,
5481,54.810000000000002,0.0097486163867350779,,,
5482,54.82,0.0098312950294681973,,,
5483,54.829999999999998,0.0098693008204510588,,,
5484,54.840000000000003,0.0099835864773618263,,,
5485,54.850000000000001,0.010102865433322939,,,
5486,54.859999999999999,0.010219629843746176,,,
5487,54.870000000000005,0.010232571053442972,,,
5488,54.880000000000003,0.010292320877021982,,,
5489,54.890000000000001,0.010288345626391599,,,
5490,54.899999999999999,0.010347446585286954,,,
5491,54.910000000000004,0.010361929714886845,,,
5492,54.920000000000002,0.01041493409796034,,,
5493,54.93,0.010361356635557066,,,
5494,54.939999999999998,0.010371403818630668,,,
5495,54.950000000000003,0.010322277273134783,,,
5496,54.960000000000001,0.010342079878440411,,,
5497,54.969999999999999,0.010331064055758864,,,
5498,54.980000000000004,0.010406881493566838,,,
5499,54.990000000000002,0.010438430418521227,,,
5500,55,0.010415157619223436,,,
5501,55.009999999999998,0.010396710847282744,,,
5502,55.020000000000003,0.010434663953867631,,,
5503,55.030000000000001,0.010404546461296424,,,
5504,55.039999999999999,0.010349011957671468,,,
5505,55.050000000000004,0.010289688074487735,,,
5506,55.060000000000002,0.010339676699792941,,,
5507,55.07,0.010307073070605979,,,
5508,55.079999999999998,0.010395786082065721,,,
5509,55.090000000000003,0.010479518848788241,,,
5510,55.100000000000001,0.010633331219241813,,,
5511,55.109999999999999,0.01064355640236799,,,
5512,55.120000000000005,0.010756690337671964,,,
5513,55.130000000000003,0.010787019967433201,,,
5514,55.140000000000001,0.011006352114320663,,,
5515,55.149999999999999,0.011155626392262436,,,
5516,55.160000000000004,0.011331388991545659,,,
5517,55.170000000000002,0.011492916151676599,,,
5518,55.18,0.011549824768370682,,,
5519,55.189999999999998,0.011606396988049397,,,
5520,55.200000000000003,0.011550167436053095,,,
5521,55.210000000000001,0.011531905224094511,,,
5522,55.219999999999999,0.011434374624815932,,,
5523,55.230000000000004,0.011363331034658338,,,
5524,55.240000000000002,0.011307344421963683,,,
5525,55.25,0.011149844211906212,,,
5526,55.259999999999998,0.011015431339679849,,,
5527,55.270000000000003,0.010908761020748604,,,
5528,55.280000000000001,0.010823509747179116,,,
5529,55.289999999999999,0.010728697850288016,,,
5530,55.300000000000004,0.010662513750523283,,,
5531,55.310000000000002,0.010617230943024579,,,
5532,55.32,0.01062244066976312,,,
5533,55.329999999999998,0.010614456099676825,,,
5534,55.340000000000003,0.010584640735457406,,,
5535,55.350000000000001,0.010566864886898387,,,
5536,55.359999999999999,0.010546308829134226,,,
5537,55.370000000000005,0.010494190747131702,,,
5538,55.380000000000003,0.010458349508365144,,,
5539,55.390000000000001,0.010355844831970242,,,
5540,55.399999999999999,0.010283789624937503,,,
5541,55.410000000000004,0.010155951504982332,,,
5542,55.420000000000002,0.010117709456398798,,,
5543,55.43,0.010077108057454575,,,
5544,55.439999999999998,0.0099921183911373442,,,
5545,55.450000000000003,0.0099301036138633812,,,
5546,55.460000000000001,0.0098868898013698431,,,
5547,55.469999999999999,0.0098561500476543624,,,
5548,55.480000000000004,0.0098600153591153483,,,
5549,55.490000000000002,0.0098642912959636259,,,
5550,55.5,0.0098828228145998332,,,
5551,55.509999999999998,0.0099233169058160486,,,
5552,55.520000000000003,0.0099187079539429235,,,
5553,55.530000000000001,0.009917034214044107,,,
5554,55.539999999999999,0.0099162514323607436,,,
5555,55.550000000000004,0.0099175076629581735,,,
5556,55.560000000000002,0.0099163581732482058,,,
5557,55.57,0.009923810070852853,,,
5558,55.579999999999998,0.009977837000779843,,,
5559,55.590000000000003,0.010023591383922514,,,
5560,55.600000000000001,0.010165449280467708,,,
5561,55.609999999999999,0.010330891490188787,,,
5562,55.620000000000005,0.010462093441950581,,,
5563,55.630000000000003,0.010634983656364824,,,
5564,55.640000000000001,0.010809382892259634,,,
5565,55.649999999999999,0.011082524474071924,,,
5566,55.660000000000004,0.011290995685077375,,,
5567,55.670000000000002,0.011425967061989842,,,
5568,55.68,0.011561772742741342,,,
5569,55.689999999999998,0.011618719057649083,,,
5570,55.700000000000003,0.011695655982960412,,,
5571,55.710000000000001,0.011897579147874366,,,
5572,55.719999999999999,0.012099781510737113,,,
5573,55.730000000000004,0.012359530915371324,,,
5574,55.740000000000002,0.012668038690015343,,,
5575,55.75,0.01291866618780268,,,
5576,55.759999999999998,0.013135377951756334,,,
5577,55.770000000000003,0.013243635288407772,,,
5578,55.780000000000001,0.013364919174661871,,,
5579,55.789999999999999,0.013366371422271407,,,
5580,55.800000000000004,0.013466619828407545,,,
5581,55.810000000000002,0.013409550022866574,,,
5582,55.82,0.013334349083401481,,,
5583,55.829999999999998,0.013272407287517671,,,
5584,55.840000000000003,0.013198477430809997,,,
5585,55.850000000000001,0.013117383861475212,,,
5586,55.859999999999999,0.013080630625031644,,,
5587,55.870000000000005,0.012994635404710981,,,
5588,55.880000000000003,0.012914323278895398,,,
5589,55.890000000000001,0.012763268261712282,,,
5590,55.899999999999999,0.012626048223958722,,,
5591,55.910000000000004,0.01249494168039424,,,
5592,55.920000000000002,0.012438147389548045,,,
5593,55.93,0.012384576294610362,,,
5594,55.939999999999998,0.012330505358756082,,,
5595,55.950000000000003,0.012238085341680031,,,
5596,55.960000000000001,0.012156071507215286,,,
5597,55.969999999999999,0.012154200228744503,,,
5598,55.980000000000004,0.012127885398952388,,,
5599,55.990000000000002,0.012033067877018723,,,
5600,56,0.011914957771128231,,,
5601,56.009999999999998,0.011831495796285693,,,
5602,56.020000000000003,0.011754205835287601,,,
5603,56.030000000000001,0.011686656323792488,,,
5604,56.039999999999999,0.011610564512158189,,,
5605,56.050000000000004,0.011459655214418217,,,
5606,56.060000000000002,0.011366852798274613,,,
5607,56.07,0.011464070068650816,,,
5608,56.079999999999998,0.011659719271468159,,,
5609,56.090000000000003,0.012007242495921042,,,
5610,56.100000000000001,0.012329779556833178,,,
5611,56.109999999999999,0.012593625530217067,,,
5612,56.120000000000005,0.01278040630431399,,,
5613,56.130000000000003,0.012935139221007596,,,
5614,56.140000000000001,0.013092053078124256,,,
5615,56.149999999999999,0.013136433381758053,,,
5616,56.160000000000004,0.013197219614487858,,,
5617,56.170000000000002,0.013268581135850886,,,
5618,56.18,0.013335539421382858,,,
5619,56.189999999999998,0.013367087854342808,,,
5620,56.200000000000003,0.013377995511945667,,,
5621,56.210000000000001,0.013333339689166421,,,
5622,56.219999999999999,0.013284089926113872,,,
5623,56.230000000000004,0.013237212864637141,,,
5624,56.240000000000002,0.013198268310300141,,,
5625,56.25,0.013151235954551926,,,
5626,56.259999999999998,0.012998155849492292,,,
5627,56.270000000000003,0.012729458238146009,,,
5628,56.280000000000001,0.01232815503545991,,,
5629,56.289999999999999,0.011879107382953539,,,
5630,56.300000000000004,0.011447141742807197,,,
5631,56.310000000000002,0.011092179726365156,,,
5632,56.32,0.010782700494638765,,,
5633,56.329999999999998,0.010623525893570235,,,
5634,56.340000000000003,0.010529747475575004,,,
5635,56.350000000000001,0.010560953679400834,,,
5636,56.359999999999999,0.01058481785198912,,,
5637,56.370000000000005,0.010638570647173601,,,
5638,56.380000000000003,0.010707557786314877,,,
5639,56.390000000000001,0.010790967237009183,,,
5640,56.399999999999999,0.010895619562535357,,,
5641,56.410000000000004,0.010923322052391006,,,
5642,56.420000000000002,0.0109723870592394,,,
5643,56.43,0.010958222995378544,,,
5644,56.439999999999998,0.01096948797523066,,,
5645,56.450000000000003,0.01100337172896158,,,
5646,56.460000000000001,0.011078127060886053,,,
5647,56.469999999999999,0.011197498566662864,,,
5648,56.480000000000004,0.011378433517579349,,,
5649,56.490000000000002,0.011585114493100327,,,
5650,56.5,0.011759194290755925,,,
5651,56.509999999999998,0.011923604694498199,,,
5652,56.520000000000003,0.012095148191622924,,,
5653,56.530000000000001,0.012229332300175241,,,
5654,56.539999999999999,0.012431782064614018,,,
5655,56.550000000000004,0.012588137403182214,,,
5656,56.560000000000002,0.012830489662177648,,,
5657,56.57,0.013063143547645486,,,
5658,56.579999999999998,0.013329761029332187,,,
5659,56.590000000000003,0.013558801510777794,,,
5660,56.600000000000001,0.013739414068115441,,,
5661,56.609999999999999,0.013916677366421024,,,
5662,56.620000000000005,0.014125389072252836,,,
5663,56.630000000000003,0.01428165538850624,,,
5664,56.640000000000001,0.014228139419016237,,,
5665,56.649999999999999,0.014564875147987605,,,
5666,56.660000000000004,0.014688959942291724,,,
5667,56.670000000000002,0.014759175849828813,,,
5668,56.68,0.014900264599376666,,,
5669,56.689999999999998,0.015019438445073039,,,
5670,56.700000000000003,0.015134002353441312,,,
5671,56.710000000000001,0.015181515525728698,,,
5672,56.719999999999999,0.015227031977559251,,,
5673,56.730000000000004,0.015292501943710476,,,
5674,56.740000000000002,0.015373394061813473,,,
5675,56.75,0.015460178487722251,,,
5676,56.759999999999998,0.015663734959855971,,,
5677,56.770000000000003,0.015879657024462618,,,
5678,56.780000000000001,0.016151590488445711,,,
5679,56.789999999999999,0.016402477581606522,,,
5680,56.800000000000004,0.01661034406182291,,,
5681,56.810000000000002,0.016814525857875292,,,
5682,56.82,0.017004790093073281,,,
5683,56.829999999999998,0.017152030300653244,,,
5684,56.840000000000003,0.017263549470810095,,,
5685,56.850000000000001,0.017358514985350668,,,
5686,56.859999999999999,0.017430803436122456,,,
5687,56.870000000000005,0.017556964855887012,,,
5688,56.880000000000003,0.017682618259171865,,,
5689,56.890000000000001,0.017804691314379003,,,
5690,56.899999999999999,0.017848803893016619,,,
5691,56.910000000000004,0.017815325080827549,,,
5692,56.920000000000002,0.017670501420332232,,,
5693,56.93,0.017575214017742015,,,
5694,56.939999999999998,0.017509655701002269,,,
5695,56.950000000000003,0.017542155500890964,,,
5696,56.960000000000001,0.017622431635267537,,,
5697,56.969999999999999,0.017765343447901608,,,
5698,56.980000000000004,0.01799212846690245,,,
5699,56.990000000000002,0.01821968625394766,,,
5700,57,0.018451588845486224,,,
5701,57.009999999999998,0.018597748921833437,,,
5702,57.020000000000003,0.018743894864311494,,,
5703,57.030000000000001,0.018909679048080701,,,
5704,57.039999999999999,0.019013393735876301,,,
5705,57.050000000000004,0.019136058967422469,,,
5706,57.060000000000002,0.01928514068434229,,,
5707,57.07,0.019435438187557837,,,
5708,57.079999999999998,0.019602773503554483,,,
5709,57.090000000000003,0.019737910263826743,,,
5710,57.100000000000001,0.019938333471139904,,,
5711,57.109999999999999,0.020216050623517667,,,
5712,57.120000000000005,0.020461970478101305,,,
5713,57.130000000000003,0.020581177576750462,,,
5714,57.140000000000001,0.020641684660873166,,,
5715,57.149999999999999,0.020700420332983267,,,
5716,57.160000000000004,0.020736303871344109,,,
5717,57.170000000000002,0.020753553407296225,,,
5718,57.18,0.020837585657882202,,,
5719,57.189999999999998,0.020988029179931311,,,
5720,57.200000000000003,0.021172463170332532,,,
5721,57.210000000000001,0.021526001386463888,,,
5722,57.219999999999999,0.021851584602312128,,,
5723,57.230000000000004,0.022048091196690916,,,
5724,57.240000000000002,0.022259371915825769,,,
5725,57.25,0.022453887077792098,,,
5726,57.259999999999998,0.022670332969578124,,,
5727,57.270000000000003,0.022832877611305084,,,
5728,57.280000000000001,0.023028582071399375,,,
5729,57.289999999999999,0.023183642007705077,,,
5730,57.300000000000004,0.023386079654475672,,,
5731,57.310000000000002,0.02360378681296257,,,
5732,57.32,0.023810703360391514,,,
5733,57.329999999999998,0.023925501510860061,,,
5734,57.340000000000003,0.024033789465267932,,,
5735,57.350000000000001,0.024066155524210472,,,
5736,57.359999999999999,0.024089517219310758,,,
5737,57.370000000000005,0.024096108245717892,,,
5738,57.380000000000003,0.024100089239720665,,,
5739,57.390000000000001,0.024072087935713648,,,
5740,57.399999999999999,0.024075083834018161,,,
5741,57.410000000000004,0.024174639114720599,,,
5742,57.420000000000002,0.024293130966759186,,,
5743,57.43,0.02439840255212156,,,
5744,57.439999999999998,0.024519230712066308,,,
5745,57.450000000000003,0.024642020648716803,,,
5746,57.460000000000001,0.0248250324951029,,,
5747,57.469999999999999,0.025002860432173424,,,
5748,57.480000000000004,0.025218154778403008,,,
5749,57.490000000000002,0.025417922836510346,,,
5750,57.5,0.025569712309088444,,,
5751,57.509999999999998,0.025712299427231224,,,
5752,57.520000000000003,0.025796268331407819,,,
5753,57.530000000000001,0.025870625073545105,,,
5754,57.539999999999999,0.026000717582822422,,,
5755,57.550000000000004,0.026160826630247991,,,
5756,57.560000000000002,0.026432655779336255,,,
5757,57.57,0.026722704399879279,,,
5758,57.579999999999998,0.027053180007671426,,,
5759,57.590000000000003,0.027348481918239138,,,
5760,57.600000000000001,0.027582390228591391,,,
5761,57.609999999999999,0.027730508755433481,,,
5762,57.620000000000005,0.027785195910563072,,,
5763,57.630000000000003,0.027792865206612623,,,
5764,57.640000000000001,0.027796560104438404,,,
5765,57.649999999999999,0.027743999283302078,,,
5766,57.660000000000004,0.027708882298390639,,,
5767,57.670000000000002,0.027696014883927731,,,
5768,57.68,0.027794490487032045,,,
5769,57.689999999999998,0.028014628565460224,,,
5770,57.700000000000003,0.028257998668404217,,,
5771,57.710000000000001,0.02849527351854609,,,
5772,57.719999999999999,0.028721105810825182,,,
5773,57.730000000000004,0.028917058441310345,,,
5774,57.740000000000002,0.029071896935293041,,,
5775,57.75,0.02921914719057218,,,
5776,57.759999999999998,0.029353596787841992,,,
5777,57.770000000000003,0.029452411714029667,,,
5778,57.780000000000001,0.029557021873496066,,,
5779,57.789999999999999,0.029681810673785575,,,
5780,57.800000000000004,0.029779429773623897,,,
5781,57.810000000000002,0.029844188257498249,,,
5782,57.82,0.029939882926650081,,,
5783,57.829999999999998,0.030048941671882295,,,
5784,57.840000000000003,0.030186619482843527,,,
5785,57.850000000000001,0.030379405362672685,,,
5786,57.859999999999999,0.030596606581571664,,,
5787,57.870000000000005,0.030769800474331453,,,
5788,57.880000000000003,0.030784751037523067,,,
5789,57.890000000000001,0.030717043388769585,,,
5790,57.899999999999999,0.03057839998101201,,,
5791,57.910000000000004,0.030382103170462655,,,
5792,57.920000000000002,0.030109050012011838,,,
5793,57.93,0.029887137060428906,,,
5794,57.939999999999998,0.029681100134313177,,,
5795,57.950000000000003,0.02950775526206206,,,
5796,57.960000000000001,0.029356193200879167,,,
5797,57.969999999999999,0.029317807682119064,,,
5798,57.980000000000004,0.029293557211778704,,,
5799,57.990000000000002,0.029409259894975372,,,
5800,58,0.029487244566231044,,,
5801,58.009999999999998,0.029617586423920681,,,
5802,58.020000000000003,0.029693718827464369,,,
5803,58.030000000000001,0.02970461596154424,,,
5804,58.039999999999999,0.029694208413352095,,,
5805,58.050000000000004,0.029775727251864583,,,
5806,58.060000000000002,0.029909170652570212,,,
5807,58.07,0.03005270325662136,,,
5808,58.079999999999998,0.030206939767328155,,,
5809,58.090000000000003,0.030369030800849236,,,
5810,58.100000000000001,0.030560755392848929,,,
5811,58.109999999999999,0.030727758271549645,,,
5812,58.120000000000005,0.030923532857339175,,,
5813,58.130000000000003,0.03114590805301809,,,
5814,58.140000000000001,0.031417034544789987,,,
5815,58.149999999999999,0.031695003426111319,,,
5816,58.160000000000004,0.031962590327452731,,,
5817,58.170000000000002,0.032155354649369278,,,
5818,58.18,0.032339950423717199,,,
5819,58.189999999999998,0.032464055006535979,,,
5820,58.200000000000003,0.032588442350578159,,,
5821,58.210000000000001,0.03271193095576197,,,
5822,58.219999999999999,0.032903270029547536,,,
5823,58.230000000000004,0.033021798762032158,,,
5824,58.240000000000002,0.033270533639839374,,,
5825,58.25,0.033576265712024829,,,
5826,58.259999999999998,0.033906695274519713,,,
5827,58.270000000000003,0.034234407131933438,,,
5828,58.280000000000001,0.034522693604701359,,,
5829,58.289999999999999,0.034764562490666708,,,
5830,58.300000000000004,0.034949224032168477,,,
5831,58.310000000000002,0.035136928525117128,,,
5832,58.32,0.035356628440984084,,,
5833,58.329999999999998,0.035571272262690912,,,
5834,58.340000000000003,0.035792448150610084,,,
5835,58.350000000000001,0.035991617546046663,,,
5836,58.359999999999999,0.036176744075985881,,,
5837,58.370000000000005,0.036321192201015706,,,
5838,58.380000000000003,0.036412345407542249,,,
5839,58.390000000000001,0.036526271420965553,,,
5840,58.399999999999999,0.036618897312738458,,,
5841,58.410000000000004,0.036738134647531555,,,
5842,58.420000000000002,0.036903606829398555,,,
5843,58.43,0.036972909523492546,,,
5844,58.439999999999998,0.037035808806411941,,,
5845,58.450000000000003,0.037089204521769684,,,
5846,58.460000000000001,0.037164044401579548,,,
5847,58.469999999999999,0.037177344716095198,,,
5848,58.480000000000004,0.037246599419889476,,,
5849,58.490000000000002,0.037252878654468087,,,
5850,58.5,0.037237399647244603,,,
5851,58.509999999999998,0.037219774890983208,,,
5852,58.520000000000003,0.037197664678163468,,,
5853,58.530000000000001,0.037150838892595857,,,
5854,58.539999999999999,0.03711843893487278,,,
5855,58.550000000000004,0.037071395452152447,,,
5856,58.560000000000002,0.037012781563793444,,,
5857,58.57,0.036966988607058604,,,
5858,58.579999999999998,0.036944408384106397,,,
5859,58.590000000000003,0.03693076220257515,,,
5860,58.600000000000001,0.036939714690158901,,,
5861,58.609999999999999,0.036965829688224143,,,
5862,58.620000000000005,0.037051458780761541,,,
5863,58.630000000000003,0.037145158910282298,,,
5864,58.640000000000001,0.037275971735185043,,,
5865,58.649999999999999,0.037425746295516794,,,
5866,58.660000000000004,0.037537834518628667,,,
5867,58.670000000000002,0.037635433736562314,,,
5868,58.68,0.037706638517472961,,,
5869,58.689999999999998,0.037761286332363912,,,
5870,58.700000000000003,0.037807150642187211,,,
5871,58.710000000000001,0.037817138116839531,,,
5872,58.719999999999999,0.037843036280803759,,,
5873,58.730000000000004,0.037819471698612252,,,
5874,58.740000000000002,0.03784874620020777,,,
5875,58.75,0.037851987776108056,,,
5876,58.759999999999998,0.037951832932043655,,,
5877,58.770000000000003,0.038053365787318029,,,
5878,58.780000000000001,0.038218356657904684,,,
5879,58.789999999999999,0.038343746323091954,,,
5880,58.800000000000004,0.038528109095811655,,,
5881,58.810000000000002,0.038636257100709184,,,
5882,58.82,0.038756198352637133,,,
5883,58.829999999999998,0.038793843698626186,,,
5884,58.840000000000003,0.038920183740422699,,,
5885,58.850000000000001,0.039072632521562942,,,
5886,58.859999999999999,0.039301672315916421,,,
5887,58.870000000000005,0.039468860347853338,,,
5888,58.880000000000003,0.039592068129451034,,,
5889,58.890000000000001,0.039641616447830652,,,
5890,58.899999999999999,0.039639499983806593,,,
5891,58.910000000000004,0.039585054797275331,,,
5892,58.920000000000002,0.039521481081054292,,,
5893,58.93,0.039391704703004154,,,
5894,58.939999999999998,0.039275658235499125,,,
5895,58.950000000000003,0.039162506903085273,,,
5896,58.960000000000001,0.039057733876361883,,,
5897,58.969999999999999,0.038955483470972802,,,
5898,58.980000000000004,0.038881850023641293,,,
5899,58.990000000000002,0.038838929646020197,,,
5900,59,0.038791987255801998,,,
5901,59.009999999999998,0.038757031356047522,,,
5902,59.020000000000003,0.038725621686791091,,,
5903,59.030000000000001,0.038755680359411807,,,
5904,59.039999999999999,0.038753854895110455,,,
5905,59.050000000000004,0.038816261573728257,,,
5906,59.060000000000002,0.038824300609048616,,,
5907,59.07,0.038849760949960031,,,
5908,59.079999999999998,0.038829017881809584,,,
5909,59.090000000000003,0.038801838360460097,,,
5910,59.100000000000001,0.038778576628317518,,,
5911,59.109999999999999,0.038765685235127433,,,
5912,59.120000000000005,0.038756511615197435,,,
5913,59.130000000000003,0.038735031798336775,,,
5914,59.140000000000001,0.038706341598913022,,,
5915,59.149999999999999,0.038680313749663325,,,
5916,59.160000000000004,0.038630363634003954,,,
5917,59.170000000000002,0.038546510788940898,,,
5918,59.18,0.038421520568005976,,,
5919,59.189999999999998,0.038297459060243573,,,
5920,59.200000000000003,0.038155063702994568,,,
5921,59.210000000000001,0.038044618560905928,,,
5922,59.219999999999999,0.037996186781411638,,,
5923,59.230000000000004,0.037973893133519926,,,
5924,59.240000000000002,0.03795568176609828,,,
5925,59.25,0.037902982570303757,,,
5926,59.259999999999998,0.037742710949156343,,,
5927,59.270000000000003,0.03762547660950636,,,
5928,59.280000000000001,0.037483100039396616,,,
5929,59.289999999999999,0.037365407635356222,,,
5930,59.300000000000004,0.037238707617665873,,,
5931,59.310000000000002,0.037137624430423871,,,
5932,59.32,0.037024421712977824,,,
5933,59.329999999999998,0.036902095082640453,,,
5934,59.340000000000003,0.036769235988627642,,,
5935,59.350000000000001,0.036588582716350071,,,
5936,59.359999999999999,0.03641971779565964,,,
5937,59.370000000000005,0.03625246053793902,,,
5938,59.380000000000003,0.036088725316475972,,,
5939,59.390000000000001,0.035828094850974157,,,
5940,59.399999999999999,0.035606035078619293,,,
5941,59.410000000000004,0.035407966021813952,,,
5942,59.420000000000002,0.035217959471042809,,,
5943,59.43,0.034996671658063319,,,
5944,59.439999999999998,0.034812588464221514,,,
5945,59.450000000000003,0.034621053633929338,,,
5946,59.460000000000001,0.034442245824681479,,,
5947,59.469999999999999,0.034303764896120081,,,
5948,59.480000000000004,0.034132782817793278,,,
5949,59.490000000000002,0.033933013566012027,,,
5950,59.5,0.033719397992728842,,,
5951,59.509999999999998,0.033431255002965801,,,
5952,59.520000000000003,0.03314983889380746,,,
5953,59.530000000000001,0.032858008043313021,,,
5954,59.539999999999999,0.032594234609211722,,,
5955,59.550000000000004,0.032374396763547732,,,
5956,59.560000000000002,0.03221904242172266,,,
5957,59.57,0.032064951806041117,,,
5958,59.579999999999998,0.031900488135544046,,,
5959,59.590000000000003,0.031795121980793456,,,
5960,59.600000000000001,0.031703993233087507,,,
5961,59.609999999999999,0.031653367996792373,,,
5962,59.620000000000005,0.031599973721014814,,,
5963,59.630000000000003,0.031530402254083732,,,
5964,59.640000000000001,0.03139493667196272,,,
5965,59.649999999999999,0.031298774803828935,,,
5966,59.660000000000004,0.031182719637672971,,,
5967,59.670000000000002,0.031007965323295583,,,
5968,59.68,0.030940158972631759,,,
5969,59.689999999999998,0.030867191377229781,,,
5970,59.700000000000003,0.030780370848855015,,,
5971,59.710000000000001,0.030733993549688726,,,
5972,59.719999999999999,0.030624606108877843,,,
5973,59.730000000000004,0.030528391117540396,,,
5974,59.740000000000002,0.03045628911932417,,,
5975,59.75,0.030419515752246058,,,
5976,59.759999999999998,0.030345823022053419,,,
5977,59.770000000000003,0.030268850102125346,,,
5978,59.780000000000001,0.030238553469171463,,,
5979,59.789999999999999,0.03018368907640704,,,
5980,59.800000000000004,0.030102205074245676,,,
5981,59.810000000000002,0.029984803690436011,,,
5982,59.82,0.029899409850641358,,,
5983,59.829999999999998,0.029827285452590124,,,
5984,59.840000000000003,0.029783268375030276,,,
5985,59.850000000000001,0.029784749887477521,,,
5986,59.859999999999999,0.029825961856433495,,,
5987,59.870000000000005,0.029764074915140579,,,
5988,59.880000000000003,0.029690324347054386,,,
5989,59.890000000000001,0.029605882614307102,,,
5990,59.899999999999999,0.029558040487780542,,,
5991,59.910000000000004,0.029588549637118867,,,
5992,59.920000000000002,0.029594444734008751,,,
5993,59.93,0.029574856546381929,,,
5994,59.939999999999998,0.029512930100457409,,,
5995,59.950000000000003,0.029401930390839631,,,
5996,59.960000000000001,0.029324031064374322,,,
5997,59.969999999999999,0.029203760593339543,,,
5998,59.980000000000004,0.029131804748137979,,,
5999,59.990000000000002,0.029069398834743101,,,
6000,60,0.029015041723175605,,,
6001,60.009999999999998,0.029041494671311303,,,
6002,60.020000000000003,0.028852715061995722,,,
6003,60.030000000000001,0.028741437296787842,,,
6004,60.039999999999999,0.028675073124939596,,,
6005,60.050000000000004,0.028595985106859581,,,
6006,60.060000000000002,0.028557797848632428,,,
6007,60.07,0.028549478695553444,,,
6008,60.079999999999998,0.028554947924155145,,,
6009,60.090000000000003,0.028543243230507612,,,
6010,60.100000000000001,0.028554565387280659,,,
6011,60.109999999999999,0.028560286623636064,,,
6012,60.120000000000005,0.028527069910670402,,,
6013,60.130000000000003,0.028436688420897041,,,
6014,60.140000000000001,0.028268671539379286,,,
6015,60.149999999999999,0.028136562919352872,,,
6016,60.160000000000004,0.028047878451201005,,,
6017,60.170000000000002,0.027960754314360733,,,
6018,60.18,0.027931020012764183,,,
6019,60.189999999999998,0.027993359860729611,,,
6020,60.200000000000003,0.028035214652032972,,,
6021,60.210000000000001,0.028120927496561289,,,
6022,60.219999999999999,0.028152145615008693,,,
6023,60.230000000000004,0.028147731132122274,,,
6024,60.240000000000002,0.028117115796871598,,,
6025,60.25,0.02803051100923919,,,
6026,60.259999999999998,0.027985136744285294,,,
6027,60.270000000000003,0.028020067820099189,,,
6028,60.280000000000001,0.028092999107241699,,,
6029,60.289999999999999,0.028167315627434967,,,
6030,60.300000000000004,0.028244427160044983,,,
6031,60.310000000000002,0.028331557248564513,,,
6032,60.32,0.028427201815892662,,,
6033,60.329999999999998,0.028511422073487579,,,
6034,60.340000000000003,0.028603165752505939,,,
6035,60.350000000000001,0.028688389152689328,,,
6036,60.359999999999999,0.028765976188827435,,,
6037,60.370000000000005,0.02881465848424266,,,
6038,60.380000000000003,0.028869818747064045,,,
6039,60.390000000000001,0.0289598112918475,,,
6040,60.399999999999999,0.029107684105275491,,,
6041,60.410000000000004,0.02917978909362437,,,
6042,60.420000000000002,0.029231859036494605,,,
6043,60.43,0.029301226720555542,,,
6044,60.439999999999998,0.029317064178296433,,,
6045,60.450000000000003,0.029356879454349394,,,
6046,60.460000000000001,0.029359356036237339,,,
6047,60.469999999999999,0.029355020351268694,,,
6048,60.480000000000004,0.029451293018414797,,,
6049,60.490000000000002,0.029615785662469651,,,
6050,60.5,0.029798103894947019,,,
6051,60.509999999999998,0.029984546224360469,,,
6052,60.520000000000003,0.03019946622096268,,,
6053,60.530000000000001,0.030328188269753694,,,
6054,60.539999999999999,0.030517190125132293,,,
6055,60.550000000000004,0.030782370550984518,,,
6056,60.560000000000002,0.031052330504485259,,,
6057,60.57,0.031304095031040889,,,
6058,60.579999999999998,0.031540661440580174,,,
6059,60.590000000000003,0.031714199855672157,,,
6060,60.600000000000001,0.031902807510297469,,,
6061,60.609999999999999,0.032178098573487267,,,
6062,60.620000000000005,0.032505522942199917,,,
6063,60.630000000000003,0.032758508503582411,,,
6064,60.640000000000001,0.03304830738754997,,,
6065,60.649999999999999,0.033299302791249139,,,
6066,60.660000000000004,0.033540074565383736,,,
6067,60.670000000000002,0.033785316705443352,,,
6068,60.68,0.034000497977293924,,,
6069,60.689999999999998,0.034303330930098047,,,
6070,60.700000000000003,0.034619591702790893,,,
6071,60.710000000000001,0.03491669192771419,,,
6072,60.719999999999999,0.035211566290795707,,,
6073,60.730000000000004,0.035449093660289428,,,
6074,60.740000000000002,0.03563596987182896,,,
6075,60.75,0.035906596203171263,,,
6076,60.759999999999998,0.036144919700825832,,,
6077,60.770000000000003,0.036488702221056518,,,
6078,60.780000000000001,0.036788902908925204,,,
6079,60.789999999999999,0.036964393309351709,,,
6080,60.800000000000004,0.037085887203412118,,,
6081,60.810000000000002,0.037277381614059052,,,
6082,60.82,0.037494726081654071,,,
6083,60.829999999999998,0.037775675999368055,,,
6084,60.840000000000003,0.038031945801622884,,,
6085,60.850000000000001,0.038270545883254549,,,
6086,60.859999999999999,0.038454609750405669,,,
6087,60.870000000000005,0.038565942793574663,,,
6088,60.880000000000003,0.03859017310368968,,,
6089,60.890000000000001,0.038662624085099448,,,
6090,60.899999999999999,0.038719348171775685,,,
6091,60.910000000000004,0.038748847782947446,,,
6092,60.920000000000002,0.038733217979904686,,,
6093,60.93,0.038703014785017545,,,
6094,60.939999999999998,0.038702191734527887,,,
6095,60.950000000000003,0.0387508828753238,,,
6096,60.960000000000001,0.038815847967127934,,,
6097,60.969999999999999,0.038937081668981223,,,
6098,60.980000000000004,0.039111861308988839,,,
6099,60.990000000000002,0.039288892340164638,,,
6100,61,0.039514034826404337,,,
6101,61.009999999999998,0.039804114768450707,,,
6102,61.020000000000003,0.040102098362565869,,,
6103,61.030000000000001,0.040444850225397289,,,
6104,61.039999999999999,0.040704331293316791,,,
6105,61.050000000000004,0.040825944229360145,,,
6106,61.060000000000002,0.04094864700155873,,,
6107,61.07,0.041082031705228048,,,
6108,61.079999999999998,0.041186063590914535,,,
6109,61.090000000000003,0.041240878459915996,,,
6110,61.100000000000001,0.041297955131080012,,,
6111,61.109999999999999,0.041372087811526265,,,
6112,61.120000000000005,0.041473842916647935,,,
6113,61.130000000000003,0.04155699106790061,,,
6114,61.140000000000001,0.041594759904863061,,,
6115,61.149999999999999,0.041449172220468865,,,
6116,61.160000000000004,0.041272823257839264,,,
6117,61.170000000000002,0.041069598428144172,,,
6118,61.18,0.040893433790435155,,,
6119,61.189999999999998,0.040817917817644447,,,
6120,61.200000000000003,0.04078206448633475,,,
6121,61.210000000000001,0.040754951007094566,,,
6122,61.219999999999999,0.04073926211689162,,,
6123,61.230000000000004,0.040696282389519001,,,
6124,61.240000000000002,0.040621655535005248,,,
6125,61.25,0.040609644945030623,,,
6126,61.259999999999998,0.040569847078531673,,,
6127,61.270000000000003,0.040479714275695459,,,
6128,61.280000000000001,0.040318635260146694,,,
6129,61.289999999999999,0.040173310571226223,,,
6130,61.300000000000004,0.040015375435298303,,,
6131,61.310000000000002,0.039929582705424481,,,
6132,61.32,0.039812237846219782,,,
6133,61.329999999999998,0.039654805371455569,,,
6134,61.340000000000003,0.039462094825462889,,,
6135,61.350000000000001,0.039299473077906523,,,
6136,61.359999999999999,0.039214824986815895,,,
6137,61.370000000000005,0.039247246192093674,,,
6138,61.380000000000003,0.039424465010529673,,,
6139,61.390000000000001,0.039630292740702372,,,
6140,61.399999999999999,0.039859473030719794,,,
6141,61.410000000000004,0.04004623518553449,,,
6142,61.420000000000002,0.040199790561605699,,,
6143,61.43,0.040322079941677871,,,
6144,61.439999999999998,0.040461969192270193,,,
6145,61.450000000000003,0.04064749943963486,,,
6146,61.460000000000001,0.040835848479086646,,,
6147,61.469999999999999,0.040983709655535522,,,
6148,61.480000000000004,0.041142038334285466,,,
6149,61.490000000000002,0.04130501693400844,,,
6150,61.5,0.041460110968163058,,,
6151,61.509999999999998,0.041710243081570834,,,
6152,61.520000000000003,0.04198065409849841,,,
6153,61.530000000000001,0.042279170268962003,,,
6154,61.539999999999999,0.042588050740701676,,,
6155,61.550000000000004,0.042913064701302649,,,
6156,61.560000000000002,0.043170538911885332,,,
6157,61.57,0.043397634017576098,,,
6158,61.579999999999998,0.043576432378387146,,,
6159,61.590000000000003,0.043775321011600692,,,
6160,61.600000000000001,0.043988484126567827,,,
6161,61.609999999999999,0.044195069884361594,,,
6162,61.620000000000005,0.044441103288330785,,,
6163,61.630000000000003,0.044815327676259349,,,
6164,61.640000000000001,0.045214618223735799,,,
6165,61.649999999999999,0.045547242263895935,,,
6166,61.660000000000004,0.045928205594999501,,,
6167,61.670000000000002,0.046440105467084582,,,
6168,61.68,0.046926849324686395,,,
6169,61.690000000000005,0.047384480566395923,,,
6170,61.700000000000003,0.047831019717109742,,,
6171,61.710000000000001,0.048264853988242214,,,
6172,61.719999999999999,0.048652187880927983,,,
6173,61.730000000000004,0.048928483721224061,,,
6174,61.740000000000002,0.049191655893737044,,,
6175,61.75,0.049508334941361767,,,
6176,61.759999999999998,0.04985502299298436,,,
6177,61.770000000000003,0.050096720783668162,,,
6178,61.780000000000001,0.050343823968116604,,,
6179,61.789999999999999,0.050653067611706987,,,
6180,61.800000000000004,0.050913319851990942,,,
6181,61.810000000000002,0.051225279368093388,,,
6182,61.82,0.051537410009739486,,,
6183,61.829999999999998,0.051903935853438582,,,
6184,61.840000000000003,0.052224421566280661,,,
6185,61.850000000000001,0.052496314330489721,,,
6186,61.859999999999999,0.052698686459222918,,,
6187,61.870000000000005,0.052765016852126541,,,
6188,61.880000000000003,0.05273430509595383,,,
6189,61.890000000000001,0.052687526808774282,,,
6190,61.899999999999999,0.052644839504208001,,,
6191,61.910000000000004,0.052657868525322213,,,
6192,61.920000000000002,0.052666838359777014,,,
6193,61.93,0.052767259616355554,,,
6194,61.940000000000005,0.052884459616065291,,,
6195,61.950000000000003,0.053038978146448576,,,
6196,61.960000000000001,0.053197463246493534,,,
6197,61.969999999999999,0.053441386979943543,,,
6198,61.980000000000004,0.053696154470695888,,,
6199,61.990000000000002,0.053919121950344026,,,
6200,62,0.054111482901986807,,,
6201,62.009999999999998,0.054191046871406592,,,
6202,62.020000000000003,0.054256934016080414,,,
6203,62.030000000000001,0.054314049200064059,,,
6204,62.039999999999999,0.054346005363193194,,,
6205,62.050000000000004,0.054455121747198465,,,
6206,62.060000000000002,0.054668826120807056,,,
6207,62.07,0.054924522827444137,,,
6208,62.079999999999998,0.055163923016952866,,,
6209,62.090000000000003,0.055349786889525882,,,
6210,62.100000000000001,0.05552727631433408,,,
6211,62.109999999999999,0.055721686854565959,,,
6212,62.120000000000005,0.055857610556827621,,,
6213,62.130000000000003,0.055970880929744733,,,
6214,62.140000000000001,0.056051425923279753,,,
6215,62.149999999999999,0.056083957081865823,,,
6216,62.160000000000004,0.056281470912404978,,,
6217,62.170000000000002,0.056342084860853708,,,
6218,62.18,0.056402864887625255,,,
6219,62.190000000000005,0.056430668490028445,,,
6220,62.200000000000003,0.056353960193817845,,,
6221,62.210000000000001,0.056373600842002061,,,
6222,62.219999999999999,0.056384394982270193,,,
6223,62.230000000000004,0.056384678312260392,,,
6224,62.240000000000002,0.056395956549096911,,,
6225,62.25,0.056396978396017539,,,
6226,62.259999999999998,0.056464608667418842,,,
6227,62.270000000000003,0.056483584958130821,,,
6228,62.280000000000001,0.05650301238820072,,,
6229,62.289999999999999,0.056442165221240549,,,
6230,62.300000000000004,0.056468243302113204,,,
6231,62.310000000000002,0.056448179332645773,,,
6232,62.32,0.056495631941188076,,,
6233,62.329999999999998,0.056432611946408563,,,
6234,62.340000000000003,0.05640256785643203,,,
6235,62.350000000000001,0.056394324011834612,,,
6236,62.359999999999999,0.056357966805898572,,,
6237,62.370000000000005,0.056306859103232035,,,
6238,62.380000000000003,0.056297389119782243,,,
6239,62.390000000000001,0.056273228273344279,,,
6240,62.399999999999999,0.056274058998062246,,,
6241,62.410000000000004,0.056313388552036228,,,
6242,62.420000000000002,0.056451378677532776,,,
6243,62.43,0.056598077354764055,,,
6244,62.440000000000005,0.056725374301810128,,,
6245,62.450000000000003,0.05678746407003249,,,
6246,62.460000000000001,0.056794584841178442,,,
6247,62.469999999999999,0.056658732088947492,,,
6248,62.480000000000004,0.056418274811133727,,,
6249,62.490000000000002,0.056211834451508708,,,
6250,62.5,0.056094937578226624,,,
6251,62.509999999999998,0.055982728534768496,,,
6252,62.520000000000003,0.055916505981438248,,,
6253,62.530000000000001,0.055867085369059613,,,
6254,62.539999999999999,0.055862978841294701,,,
6255,62.550000000000004,0.055879498606613426,,,
6256,62.560000000000002,0.055954680500935799,,,
6257,62.57,0.056032502167621213,,,
6258,62.579999999999998,0.056075259042105627,,,
6259,62.590000000000003,0.056116590110673062,,,
6260,62.600000000000001,0.05619144716135302,,,
6261,62.609999999999999,0.056237394372674825,,,
6262,62.620000000000005,0.056323885203344658,,,
6263,62.630000000000003,0.056428172254747153,,,
6264,62.640000000000001,0.056468942136964725,,,
6265,62.649999999999999,0.056558021443070275,,,
6266,62.660000000000004,0.056592278044011603,,,
6267,62.670000000000002,0.056533218737469026,,,
6268,62.68,0.056494774903058494,,,
6269,62.690000000000005,0.056417116472097024,,,
6270,62.700000000000003,0.056367089986412745,,,
6271,62.710000000000001,0.056441346939415257,,,
6272,62.719999999999999,0.056482915806909111,,,
6273,62.730000000000004,0.056526451896413046,,,
6274,62.740000000000002,0.056551625944064592,,,
6275,62.75,0.056646572107832985,,,
6276,62.759999999999998,0.056707925682000365,,,
6277,62.770000000000003,0.056727051440189143,,,
6278,62.780000000000001,0.056739170894720581,,,
6279,62.789999999999999,0.056715046933448768,,,
6280,62.800000000000004,0.056724155735520219,,,
6281,62.810000000000002,0.056782389856430047,,,
6282,62.82,0.05685178473616731,,,
6283,62.829999999999998,0.056936428465852201,,,
6284,62.840000000000003,0.05700860649822042,,,
6285,62.850000000000001,0.057082155192287154,,,
6286,62.859999999999999,0.057138581537665205,,,
6287,62.870000000000005,0.057184600726712977,,,
6288,62.880000000000003,0.05720507288172625,,,
6289,62.890000000000001,0.057217645685929935,,,
6290,62.899999999999999,0.057193680180494887,,,
6291,62.910000000000004,0.057176917495502272,,,
6292,62.920000000000002,0.057099006413972565,,,
6293,62.93,0.057014981305202619,,,
6294,62.940000000000005,0.05688212115891525,,,
6295,62.950000000000003,0.056818672112471824,,,
6296,62.960000000000001,0.056692700578397974,,,
6297,62.969999999999999,0.056518856281247448,,,
6298,62.980000000000004,0.056346445827986077,,,
6299,62.990000000000002,0.056227381041399266,,,
6300,63,0.056108628632849503,,,
6301,63.009999999999998,0.056018876332123546,,,
6302,63.020000000000003,0.055939817848460735,,,
6303,63.030000000000001,0.055858461027658485,,,
6304,63.039999999999999,0.055757378449008771,,,
6305,63.050000000000004,0.055623503542894775,,,
6306,63.060000000000002,0.055512439707622867,,,
6307,63.07,0.055423314536661432,,,
6308,63.079999999999998,0.055364350040437368,,,
6309,63.090000000000003,0.055326236928633803,,,
6310,63.100000000000001,0.055280617812595606,,,
6311,63.109999999999999,0.055283062065113603,,,
6312,63.120000000000005,0.055250189958500201,,,
6313,63.130000000000003,0.05515923655898846,,,
6314,63.140000000000001,0.055060258961310782,,,
6315,63.149999999999999,0.054957358204227001,,,
6316,63.160000000000004,0.054840736707339494,,,
6317,63.170000000000002,0.054710682009825089,,,
6318,63.18,0.054634457503604593,,,
6319,63.190000000000005,0.054525287659405536,,,
6320,63.200000000000003,0.054366616354579872,,,
6321,63.210000000000001,0.054208161669543863,,,
6322,63.219999999999999,0.054040375522338251,,,
6323,63.230000000000004,0.053837335364696204,,,
6324,63.240000000000002,0.053676238865668552,,,
6325,63.25,0.053517368239243204,,,
6326,63.259999999999998,0.053296841105373,,,
6327,63.270000000000003,0.053067965776076066,,,
6328,63.280000000000001,0.052857216218298399,,,
6329,63.289999999999999,0.052661913702485172,,,
6330,63.300000000000004,0.052467374957387181,,,
6331,63.310000000000002,0.052267500173496045,,,
6332,63.32,0.052106516346985765,,,
6333,63.329999999999998,0.051981703115807569,,,
6334,63.340000000000003,0.051836117771414982,,,
6335,63.350000000000001,0.05175213422178937,,,
6336,63.359999999999999,0.051695803356048696,,,
6337,63.370000000000005,0.051648705350035413,,,
6338,63.380000000000003,0.051579961461158119,,,
6339,63.390000000000001,0.051503995819957495,,,
6340,63.399999999999999,0.051429919331732001,,,
6341,63.410000000000004,0.051376186148020836,,,
6342,63.420000000000002,0.051294537475304477,,,
6343,63.43,0.051284063185234367,,,
6344,63.440000000000005,0.051324871030327596,,,
6345,63.450000000000003,0.051460891523007778,,,
6346,63.460000000000001,0.051476602070452959,,,
6347,63.469999999999999,0.051545968746341687,,,
6348,63.480000000000004,0.051577808438813696,,,
6349,63.490000000000002,0.051573027037757603,,,
6350,63.5,0.051544894393754065,,,
6351,63.509999999999998,0.051567853604600145,,,
6352,63.520000000000003,0.051747232086147711,,,
6353,63.530000000000001,0.051886806520213019,,,
6354,63.539999999999999,0.052010513716245821,,,
6355,63.550000000000004,0.052153305450009506,,,
6356,63.560000000000002,0.05231546483777267,,,
6357,63.57,0.052455857148332397,,,
6358,63.579999999999998,0.052525957758211894,,,
6359,63.590000000000003,0.052615849579357055,,,
6360,63.600000000000001,0.052718778366445215,,,
6361,63.609999999999999,0.052880460136922706,,,
6362,63.620000000000005,0.053005102606993662,,,
6363,63.630000000000003,0.05313866914824987,,,
6364,63.640000000000001,0.053224953959641823,,,
6365,63.649999999999999,0.053237520313965538,,,
6366,63.660000000000004,0.053261734099593463,,,
6367,63.670000000000002,0.0533170904222737,,,
6368,63.68,0.053481722544877208,,,
6369,63.690000000000005,0.053732894826779329,,,
6370,63.700000000000003,0.054030149019507506,,,
6371,63.710000000000001,0.05430738115731739,,,
6372,63.719999999999999,0.054597194791657415,,,
6373,63.730000000000004,0.05484236201822406,,,
6374,63.740000000000002,0.055095287281878257,,,
6375,63.75,0.055328512950163909,,,
6376,63.759999999999998,0.055522625679619776,,,
6377,63.770000000000003,0.055659987598383732,,,
6378,63.780000000000001,0.055823345999571117,,,
6379,63.789999999999999,0.055919043995907206,,,
6380,63.800000000000004,0.055948239709757937,,,
6381,63.810000000000002,0.056010713535509876,,,
6382,63.82,0.056047029100510765,,,
6383,63.829999999999998,0.05610681296158037,,,
6384,63.840000000000003,0.056305381531071244,,,
6385,63.850000000000001,0.056453932430875091,,,
6386,63.859999999999999,0.056636744480066746,,,
6387,63.870000000000005,0.056738853248551852,,,
6388,63.880000000000003,0.056846058089957401,,,
6389,63.890000000000001,0.056844719574618348,,,
6390,63.899999999999999,0.056842225968541368,,,
6391,63.910000000000004,0.056839718760157192,,,
6392,63.920000000000002,0.056837846045425112,,,
6393,63.93,0.056836555417508816,,,
6394,63.940000000000005,0.056848930614607197,,,
6395,63.950000000000003,0.056875055761748297,,,
6396,63.960000000000001,0.056913703857725262,,,
6397,63.969999999999999,0.056927723545728046,,,
6398,63.980000000000004,0.056907988483882295,,,
6399,63.990000000000002,0.056876160432952974,,,
6400,64,0.056841739505409911,,,
6401,64.010000000000005,0.056834714674772205,,,
6402,64.019999999999996,0.056827025797374309,,,
6403,64.030000000000001,0.056806579377531273,,,
6404,64.040000000000006,0.056843531239218946,,,
6405,64.049999999999997,0.05689842442287707,,,
6406,64.060000000000002,0.05688758152672254,,,
6407,64.070000000000007,0.05690361658508844,,,
6408,64.079999999999998,0.056945214180020721,,,
6409,64.090000000000003,0.057042447379243327,,,
6410,64.099999999999994,0.057132575618151521,,,
6411,64.109999999999999,0.057259309524166004,,,
6412,64.120000000000005,0.057376318315570163,,,
6413,64.129999999999995,0.057488398788606891,,,
6414,64.140000000000001,0.057570461759868574,,,
6415,64.150000000000006,0.05765726974840369,,,
6416,64.159999999999997,0.057705459942499641,,,
6417,64.170000000000002,0.057825882655433182,,,
6418,64.180000000000007,0.058039827592712118,,,
6419,64.189999999999998,0.058165265214907176,,,
6420,64.200000000000003,0.058269918595575253,,,
6421,64.210000000000008,0.058390760020624669,,,
6422,64.219999999999999,0.058470215682575412,,,
6423,64.230000000000004,0.058635661808528569,,,
6424,64.239999999999995,0.058685335749310515,,,
6425,64.25,0.058659963324916908,,,
6426,64.260000000000005,0.058652505846687943,,,
6427,64.269999999999996,0.058683371207506101,,,
6428,64.280000000000001,0.058702298614405714,,,
6429,64.290000000000006,0.058724227372035767,,,
6430,64.299999999999997,0.058726062723373725,,,
6431,64.310000000000002,0.058691863573568676,,,
6432,64.320000000000007,0.058729591949394401,,,
6433,64.329999999999998,0.058764597488327269,,,
6434,64.340000000000003,0.058801647930319494,,,
6435,64.349999999999994,0.058885432384526634,,,
6436,64.359999999999999,0.058949257330319554,,,
6437,64.370000000000005,0.059030999239533942,,,
6438,64.379999999999995,0.059096754739146218,,,
6439,64.390000000000001,0.059154390923503185,,,
6440,64.400000000000006,0.059241238744630421,,,
6441,64.409999999999997,0.059392719589019274,,,
6442,64.420000000000002,0.059600855887239512,,,
6443,64.430000000000007,0.059830750983453279,,,
6444,64.439999999999998,0.060091215267961205,,,
6445,64.450000000000003,0.060407816666331313,,,
6446,64.460000000000008,0.060736004074629459,,,
6447,64.469999999999999,0.061107131425280854,,,
6448,64.480000000000004,0.06141530572594249,,,
6449,64.489999999999995,0.061878146086588329,,,
6450,64.5,0.062266965045585786,,,
6451,64.510000000000005,0.062608358165046715,,,
6452,64.519999999999996,0.062872967195181664,,,
6453,64.530000000000001,0.063033568977782159,,,
6454,64.540000000000006,0.063208357870199433,,,
6455,64.549999999999997,0.063330945082595735,,,
6456,64.560000000000002,0.063470202447920551,,,
6457,64.570000000000007,0.063607795603854253,,,
6458,64.579999999999998,0.063676588982626556,,,
6459,64.590000000000003,0.063813093185440373,,,
6460,64.599999999999994,0.063927503689084134,,,
6461,64.609999999999999,0.064069668025093451,,,
6462,64.620000000000005,0.064199757791090398,,,
6463,64.629999999999995,0.064328033912857782,,,
6464,64.640000000000001,0.064444801761605885,,,
6465,64.650000000000006,0.064578408835642601,,,
6466,64.659999999999997,0.064676322045702339,,,
6467,64.670000000000002,0.064806252540070192,,,
6468,64.680000000000007,0.064900380232336519,,,
6469,64.689999999999998,0.065023038868626939,,,
6470,64.700000000000003,0.065059004238805077,,,
6471,64.710000000000008,0.065097248217636502,,,
6472,64.719999999999999,0.065036293435373649,,,
6473,64.730000000000004,0.064974069633214671,,,
6474,64.739999999999995,0.0649494578480007,,,
6475,64.75,0.064998825727616172,,,
6476,64.760000000000005,0.065043530358870033,,,
6477,64.769999999999996,0.065041381930381351,,,
6478,64.780000000000001,0.065017263616369572,,,
6479,64.790000000000006,0.064983883719529525,,,
6480,64.799999999999997,0.064902646624389854,,,
6481,64.810000000000002,0.064940789186747255,,,
6482,64.820000000000007,0.064988395854538833,,,
6483,64.829999999999998,0.064937486760283727,,,
6484,64.840000000000003,0.064889782113113734,,,
6485,64.849999999999994,0.06479984164680172,,,
6486,64.859999999999999,0.064683021248428257,,,
6487,64.870000000000005,0.064832174643146057,,,
6488,64.879999999999995,0.064906087606285051,,,
6489,64.890000000000001,0.064927154436157819,,,
6490,64.900000000000006,0.064928106645958994,,,
6491,64.909999999999997,0.064914831099223413,,,
6492,64.920000000000002,0.064953788880454055,,,
6493,64.930000000000007,0.064953860519584183,,,
6494,64.939999999999998,0.06495352567097766,,,
6495,64.950000000000003,0.064952373584767797,,,
6496,64.960000000000008,0.064945699492346715,,,
6497,64.969999999999999,0.064944768160397598,,,
6498,64.980000000000004,0.065014466180540242,,,
6499,64.989999999999995,0.065160164618502409,,,
6500,65,0.065373819197191485,,,
6501,65.010000000000005,0.065554856429151889,,,
6502,65.019999999999996,0.065720797614903126,,,
6503,65.030000000000001,0.065874271085853336,,,
6504,65.040000000000006,0.065976212670888948,,,
6505,65.049999999999997,0.066042311695891115,,,
6506,65.060000000000002,0.066099081612616739,,,
6507,65.070000000000007,0.066151268698751126,,,
6508,65.079999999999998,0.06619122792117052,,,
6509,65.090000000000003,0.066229487501667683,,,
6510,65.099999999999994,0.066245678872216177,,,
6511,65.109999999999999,0.066278193027339033,,,
6512,65.120000000000005,0.066304306434464486,,,
6513,65.129999999999995,0.066275206970298012,,,
6514,65.140000000000001,0.066194055257834533,,,
6515,65.150000000000006,0.06602868421133809,,,
6516,65.159999999999997,0.065854993610524354,,,
6517,65.170000000000002,0.06573543891113412,,,
6518,65.180000000000007,0.065560726183645529,,,
6519,65.189999999999998,0.065446002678789986,,,
6520,65.200000000000003,0.065406453106028106,,,
6521,65.210000000000008,0.065365600308970831,,,
6522,65.219999999999999,0.065359135840189694,,,
6523,65.230000000000004,0.06538906678642635,,,
6524,65.239999999999995,0.065374756037990811,,,
6525,65.25,0.065356348593327576,,,
6526,65.260000000000005,0.065252266586006399,,,
6527,65.269999999999996,0.065161186266386228,,,
6528,65.280000000000001,0.065124006568163473,,,
6529,65.290000000000006,0.065109299695529504,,,
6530,65.299999999999997,0.065118840485298951,,,
6531,65.310000000000002,0.065153666624903267,,,
6532,65.320000000000007,0.065245675273498005,,,
6533,65.329999999999998,0.065319167783274137,,,
6534,65.340000000000003,0.065412367451757158,,,
6535,65.349999999999994,0.065462364865411848,,,
6536,65.359999999999999,0.065512961425170435,,,
6537,65.370000000000005,0.065545248661131192,,,
6538,65.379999999999995,0.065551194060392892,,,
6539,65.390000000000001,0.065519842998666283,,,
6540,65.400000000000006,0.065430505584901877,,,
6541,65.409999999999997,0.065272867974113816,,,
6542,65.420000000000002,0.065116364690379971,,,
6543,65.430000000000007,0.064935285788759359,,,
6544,65.439999999999998,0.06477852866461567,,,
6545,65.450000000000003,0.064643133725171401,,,
6546,65.460000000000008,0.064526095989850818,,,
6547,65.469999999999999,0.064332013144497865,,,
6548,65.480000000000004,0.064028155855472377,,,
6549,65.489999999999995,0.063629115771208014,,,
6550,65.5,0.063213536231128714,,,
6551,65.510000000000005,0.062870430298921823,,,
6552,65.519999999999996,0.062532065430314504,,,
6553,65.530000000000001,0.062308810663854249,,,
6554,65.540000000000006,0.062265215200701267,,,
6555,65.549999999999997,0.062241315192852344,,,
6556,65.560000000000002,0.062239855166611811,,,
6557,65.570000000000007,0.062216054469767162,,,
6558,65.579999999999998,0.062200659400192398,,,
6559,65.590000000000003,0.062129833225778447,,,
6560,65.599999999999994,0.061987275175505466,,,
6561,65.609999999999999,0.061742020271602964,,,
6562,65.620000000000005,0.061536658884265426,,,
6563,65.629999999999995,0.061192312148439572,,,
6564,65.640000000000001,0.060765464300748077,,,
6565,65.650000000000006,0.06033162941056254,,,
6566,65.659999999999997,0.059876953496570698,,,
6567,65.670000000000002,0.059326732198066799,,,
6568,65.680000000000007,0.05874760751793414,,,
6569,65.689999999999998,0.058180930730683957,,,
6570,65.700000000000003,0.057573761057531016,,,
6571,65.710000000000008,0.056903588794064833,,,
6572,65.719999999999999,0.056175795313886584,,,
6573,65.730000000000004,0.05542690529711114,,,
6574,65.739999999999995,0.054819376610314781,,,
6575,65.75,0.054210977974118148,,,
6576,65.760000000000005,0.053664770476194397,,,
6577,65.769999999999996,0.053170152630652001,,,
6578,65.780000000000001,0.052606408045606123,,,
6579,65.790000000000006,0.052103642177607011,,,
6580,65.799999999999997,0.051515307564887793,,,
6581,65.810000000000002,0.050956254067054028,,,
6582,65.820000000000007,0.050446041993016603,,,
6583,65.829999999999998,0.049970542091589229,,,
6584,65.840000000000003,0.049373249968719904,,,
6585,65.849999999999994,0.048654141259654018,,,
6586,65.859999999999999,0.047766438782825819,,,
6587,65.870000000000005,0.046818200478706481,,,
6588,65.879999999999995,0.045909010815344389,,,
6589,65.890000000000001,0.044984595314758985,,,
6590,65.900000000000006,0.044086825238270143,,,
6591,65.909999999999997,0.04323944276452743,,,
6592,65.920000000000002,0.042388444076069919,,,
6593,65.930000000000007,0.041853463808622815,,,
6594,65.939999999999998,0.041169916648410278,,,
6595,65.950000000000003,0.040501290431126782,,,
6596,65.960000000000008,0.03985342975707417,,,
6597,65.969999999999999,0.039291819596569515,,,
6598,65.980000000000004,0.038739616333436186,,,
6599,65.989999999999995,0.038241840405281211,,,
6600,66,0.037693088735290266,,,
6601,66.010000000000005,0.037276577874584792,,,
6602,66.019999999999996,0.036764780200355854,,,
6603,66.030000000000001,0.036878145122561372,,,
6604,66.040000000000006,0.036922132255557891,,,
6605,66.049999999999997,0.036921760780953265,,,
6606,66.060000000000002,0.036890396140630076,,,
6607,66.070000000000007,0.036525891293274909,,,
6608,66.079999999999998,0.036166601090065295,,,
6609,66.090000000000003,0.035872979116280471,,,
6610,66.099999999999994,0.035486265330787602,,,
6611,66.109999999999999,0.035058193613046629,,,
6612,66.120000000000005,0.034730059517723538,,,
6613,66.129999999999995,0.034338427341306432,,,
6614,66.140000000000001,0.033937593497362827,,,
6615,66.150000000000006,0.033487055314288132,,,
6616,66.159999999999997,0.033013544114102129,,,
6617,66.170000000000002,0.03255129671757033,,,
6618,66.180000000000007,0.03212368087920723,,,
6619,66.189999999999998,0.03161156488189118,,,
6620,66.200000000000003,0.031100034821219358,,,
6621,66.210000000000008,0.030606055313340527,,,
6622,66.219999999999999,0.030128762669976123,,,
6623,66.230000000000004,0.029804326207217791,,,
6624,66.239999999999995,0.02947904923103363,,,
6625,66.25,0.029207815417165637,,,
6626,66.260000000000005,0.02890986015310339,,,
6627,66.269999999999996,0.028683632412028339,,,
6628,66.280000000000001,0.028473342926505822,,,
6629,66.290000000000006,0.028259782308346974,,,
6630,66.299999999999997,0.028073862029968928,,,
6631,66.310000000000002,0.027952226337501468,,,
6632,66.320000000000007,0.027775154117801102,,,
6633,66.329999999999998,0.027384315591630248,,,
6634,66.340000000000003,0.027066995182944691,,,
6635,66.349999999999994,0.026672477749112411,,,
6636,66.359999999999999,0.026653814621541157,,,
6637,66.370000000000005,0.026209241012603059,,,
6638,66.379999999999995,0.026035114366782418,,,
6639,66.390000000000001,0.025766205628695752,,,
6640,66.400000000000006,0.025570812652292871,,,
6641,66.409999999999997,0.025331210419370202,,,
6642,66.420000000000002,0.025199457432056548,,,
6643,66.430000000000007,0.025065732507159825,,,
6644,66.439999999999998,0.025132731628019881,,,
6645,66.450000000000003,0.025233276047231877,,,
6646,66.460000000000008,0.025299206869922312,,,
6647,66.469999999999999,0.025308905934067656,,,
6648,66.480000000000004,0.025303244291071846,,,
6649,66.489999999999995,0.02536080849901803,,,
6650,66.5,0.025371870868866664,,,
6651,66.510000000000005,0.025369264924315293,,,
6652,66.519999999999996,0.025370142208007356,,,
6653,66.530000000000001,0.025392274450740941,,,
6654,66.540000000000006,0.025429635161519856,,,
6655,66.549999999999997,0.025555430561883009,,,
6656,66.560000000000002,0.025669076921019603,,,
6657,66.570000000000007,0.025805017903038335,,,
6658,66.579999999999998,0.025931736827194869,,,
6659,66.590000000000003,0.026031198035181644,,,
6660,66.599999999999994,0.026085779145701361,,,
6661,66.609999999999999,0.026117280829574832,,,
6662,66.620000000000005,0.026188058080714501,,,
6663,66.629999999999995,0.02627902304046744,,,
6664,66.640000000000001,0.026434839963072148,,,
6665,66.650000000000006,0.026604580263566546,,,
6666,66.659999999999997,0.026823854150675071,,,
6667,66.670000000000002,0.02704878055517871,,,
6668,66.680000000000007,0.027406339681416734,,,
6669,66.689999999999998,0.027644166189763543,,,
6670,66.700000000000003,0.027804627830277075,,,
6671,66.710000000000008,0.027891358606606468,,,
6672,66.719999999999999,0.027946041148379855,,,
6673,66.730000000000004,0.027982759171796403,,,
6674,66.739999999999995,0.027731900713439631,,,
6675,66.75,0.027574579371801033,,,
6676,66.760000000000005,0.027718954820940667,,,
6677,66.769999999999996,0.027818431188666948,,,
6678,66.780000000000001,0.028090872807374354,,,
6679,66.790000000000006,0.028293834644303982,,,
6680,66.799999999999997,0.028456544012987181,,,
6681,66.810000000000002,0.028604469893799611,,,
6682,66.820000000000007,0.028623900817763864,,,
6683,66.829999999999998,0.028565688311059378,,,
6684,66.840000000000003,0.028233277480092359,,,
6685,66.849999999999994,0.027931103133206014,,,
6686,66.859999999999999,0.027661596310712477,,,
6687,66.870000000000005,0.027483628780147925,,,
6688,66.879999999999995,0.027347190550219919,,,
6689,66.890000000000001,0.027188243768216974,,,
6690,66.900000000000006,0.026940828953753628,,,
6691,66.909999999999997,0.026590809504922635,,,
6692,66.920000000000002,0.026189345069254116,,,
6693,66.930000000000007,0.025671813345312051,,,
6694,66.939999999999998,0.024916281038874978,,,
6695,66.950000000000003,0.024034478895897302,,,
6696,66.960000000000008,0.022890625370948006,,,
6697,66.969999999999999,0.021511303722782302,,,
6698,66.980000000000004,0.020177225662686815,,,
6699,66.989999999999995,0.018917107591353521,,,
6700,67,0.017811870545583166,,,
6701,67.010000000000005,0.016717586907219615,,,
6702,67.019999999999996,0.01545647449976576,,,
6703,67.030000000000001,0.013983041995412025,,,
6704,67.040000000000006,0.012193291153776563,,,
6705,67.049999999999997,0.010149119408262972,,,
6706,67.060000000000002,0.0077019261987959246,,,
6707,67.070000000000007,0.0048400908629656824,,,
6708,67.079999999999998,0.0014054168722354976,,,
6709,67.090000000000003,-0.0024062853092100666,,,
6710,67.099999999999994,-0.0064811681284387976,,,
6711,67.109999999999999,-0.010685153879484169,,,
6712,67.120000000000005,-0.015077537992846328,,,
6713,67.129999999999995,-0.019399631240579189,,,
6714,67.140000000000001,-0.024045413007223876,,,
6715,67.150000000000006,-0.028793965045213626,,,
6716,67.159999999999997,-0.033642354217178191,,,
6717,67.170000000000002,-0.03867945994374071,,,
6718,67.180000000000007,-0.038739877143134475,,,
6719,67.189999999999998,-0.049351476665374969,,,
6720,67.200000000000003,-0.054840630534270247,,,
6721,67.210000000000008,-0.060420516130095039,,,
6722,67.219999999999999,-0.066588710726607311,,,
6723,67.230000000000004,-0.072930981144009713,,,
6724,67.239999999999995,-0.079456377768345965,,,
6725,67.25,-0.085839669976294872,,,
6726,67.260000000000005,-0.092043954562084487,,,
6727,67.269999999999996,-0.097896817180132711,,,
6728,67.280000000000001,-0.10375856753569294,,,
6729,67.290000000000006,-0.10942969723948361,,,
6730,67.299999999999997,-0.11469811191071397,,,
6731,67.310000000000002,-0.11972162245484169,,,
6732,67.320000000000007,-0.12535783395128686,,,
6733,67.329999999999998,-0.13078848666859447,,,
6734,67.340000000000003,-0.13640316334124583,,,
6735,67.349999999999994,-0.1420260354720809,,,
6736,67.359999999999999,-0.14802529611979706,,,
6737,67.370000000000005,-0.15447349493701784,,,
6738,67.379999999999995,-0.16101652579580317,,,
6739,67.390000000000001,-0.16735844789714566,,,
6740,67.400000000000006,-0.17345972947958518,,,
6741,67.409999999999997,-0.17920335439650456,,,
6742,67.420000000000002,-0.18489109592250716,,,
6743,67.430000000000007,-0.19077189614722925,,,
6744,67.439999999999998,-0.19654315668065064,,,
6745,67.450000000000003,-0.20233903513057105,,,
6746,67.460000000000008,-0.20819525198530872,,,
6747,67.469999999999999,-0.21373359555762877,,,
6748,67.480000000000004,-0.21955060886801903,,,
6749,67.489999999999995,-0.22487441500633029,,,
6750,67.5,-0.23024925035460503,,,
6751,67.510000000000005,-0.23532746388449516,,,
6752,67.519999999999996,-0.24029614016695744,,,
6753,67.530000000000001,-0.2448896839220765,,,
6754,67.540000000000006,-0.24935930338073803,,,
6755,67.549999999999997,-0.25353265249772372,,,
6756,67.560000000000002,-0.25810661338414892,,,
6757,67.570000000000007,-0.26275797499885223,,,
6758,67.579999999999998,-0.26757393615923664,,,
6759,67.590000000000003,-0.27235112349871365,,,
6760,67.599999999999994,-0.27716355635719442,,,
6761,67.609999999999999,-0.2816902792718331,,,
6762,67.620000000000005,-0.28624731815522469,,,
6763,67.629999999999995,-0.29037974806847677,,,
6764,67.640000000000001,-0.29439204790775919,,,
6765,67.650000000000006,-0.29778455538617926,,,
6766,67.659999999999997,-0.30091826860963139,,,
6767,67.670000000000002,-0.30362541375409019,,,
6768,67.680000000000007,-0.30632691770983922,,,
6769,67.689999999999998,-0.30876410529014797,,,
6770,67.700000000000003,-0.31125952823531972,,,
6771,67.710000000000008,-0.31336434965230947,,,
6772,67.719999999999999,-0.31541703539902233,,,
6773,67.730000000000004,-0.31722603126395243,,,
6774,67.739999999999995,-0.31864714417739559,,,
6775,67.75,-0.3198683816670902,,,
6776,67.760000000000005,-0.32077749129053484,,,
6777,67.769999999999996,-0.3214775333795315,,,
6778,67.780000000000001,-0.32196268715868531,,,
6779,67.790000000000006,-0.32230402683783366,,,
6780,67.799999999999997,-0.32262228052949371,,,
6781,67.810000000000002,-0.32290736432252798,,,
6782,67.820000000000007,-0.32311257622982237,,,
6783,67.829999999999998,-0.32330377961651102,,,
6784,67.840000000000003,-0.32331783946927622,,,
6785,67.849999999999994,-0.32304027349415904,,,
6786,67.859999999999999,-0.32222360845753889,,,
6787,67.870000000000005,-0.32097437137712381,,,
6788,67.879999999999995,-0.31963367970626411,,,
6789,67.890000000000001,-0.31820171364405098,,,
6790,67.900000000000006,-0.31662745659314145,,,
6791,67.909999999999997,-0.31512681462210451,,,
6792,67.920000000000002,-0.31325324228433638,,,
6793,67.930000000000007,-0.31146069115401781,,,
6794,67.939999999999998,-0.30938636128041352,,,
6795,67.950000000000003,-0.30735740069834844,,,
6796,67.960000000000008,-0.30522729514466646,,,
6797,67.969999999999999,-0.30319224862862959,,,
6798,67.980000000000004,-0.30123382887094791,,,
6799,67.989999999999995,-0.29944992538475801,,,
6800,68,-0.29756773824570487,,,
6801,68.010000000000005,-0.29576111876144101,,,
6802,68.019999999999996,-0.29402241472954671,,,
6803,68.030000000000001,-0.2923255105476561,,,
6804,68.040000000000006,-0.29072504250410186,,,
6805,68.049999999999997,-0.28920568909841893,,,
6806,68.060000000000002,-0.28747005081120885,,,
6807,68.070000000000007,-0.28552195551508047,,,
6808,68.079999999999998,-0.2830897194667788,,,
6809,68.090000000000003,-0.28040826411940767,,,
6810,68.099999999999994,-0.27768973018986243,,,
6811,68.109999999999999,-0.27472000590637391,,,
6812,68.120000000000005,-0.27141473041015701,,,
6813,68.129999999999995,-0.26817275109490651,,,
6814,68.140000000000001,-0.26522360799658734,,,
6815,68.150000000000006,-0.26234885451953344,,,
6816,68.159999999999997,-0.25935456842021559,,,
6817,68.170000000000002,-0.25633095455647786,,,
6818,68.180000000000007,-0.25303940036752159,,,
6819,68.189999999999998,-0.24997071812243818,,,
6820,68.200000000000003,-0.24666714745509025,,,
6821,68.210000000000008,-0.24356223225230433,,,
6822,68.219999999999999,-0.2404715895729802,,,
6823,68.230000000000004,-0.23753407848633926,,,
6824,68.239999999999995,-0.23431762956530486,,,
6825,68.25,-0.23127807614466084,,,
6826,68.260000000000005,-0.2280929471510644,,,
6827,68.269999999999996,-0.22490340555060948,,,
6828,68.280000000000001,-0.22150440954605508,,,
6829,68.290000000000006,-0.21819607297649385,,,
6830,68.299999999999997,-0.21455408783747629,,,
6831,68.310000000000002,-0.21088891622481684,,,
6832,68.320000000000007,-0.2069776210166499,,,
6833,68.329999999999998,-0.20322258283405567,,,
6834,68.340000000000003,-0.19937941875677195,,,
6835,68.350000000000009,-0.19569116104183837,,,
6836,68.359999999999999,-0.19212275978158455,,,
6837,68.370000000000005,-0.18858352539440792,,,
6838,68.379999999999995,-0.18504521631207804,,,
6839,68.390000000000001,-0.1814955914017386,,,
6840,68.400000000000006,-0.17793042936336589,,,
6841,68.409999999999997,-0.17417234107015561,,,
6842,68.420000000000002,-0.17027670709374695,,,
6843,68.430000000000007,-0.16624677496289028,,,
6844,68.439999999999998,-0.16224639384840631,,,
6845,68.450000000000003,-0.15809047172227456,,,
6846,68.460000000000008,-0.15396827951017181,,,
6847,68.469999999999999,-0.14960983714949067,,,
6848,68.480000000000004,-0.14525573156888114,,,
6849,68.489999999999995,-0.14038342363707856,,,
6850,68.5,-0.13504380837965102,,,
6851,68.510000000000005,-0.12914944056629638,,,
6852,68.519999999999996,-0.12281889547255487,,,
6853,68.530000000000001,-0.11599591884555864,,,
6854,68.540000000000006,-0.10891331133034729,,,
6855,68.549999999999997,-0.10169605223365105,,,
6856,68.560000000000002,-0.094726285837661073,,,
6857,68.570000000000007,-0.087932399679705564,,,
6858,68.579999999999998,-0.081546843431519078,,,
6859,68.590000000000003,-0.075600678379660044,,,
6860,68.600000000000009,-0.06990874956482597,,,
6861,68.609999999999999,-0.064389551969742484,,,
6862,68.620000000000005,-0.058955078123061069,,,
6863,68.629999999999995,-0.053577410960344352,,,
6864,68.640000000000001,-0.048425920537306232,,,
6865,68.650000000000006,-0.043358330282673586,,,
6866,68.659999999999997,-0.038350575459193452,,,
6867,68.670000000000002,-0.033406419085458779,,,
6868,68.680000000000007,-0.028401499809240571,,,
6869,68.689999999999998,-0.023209866847718905,,,
6870,68.700000000000003,-0.017936205136843256,,,
6871,68.710000000000008,-0.012324503102731595,,,
6872,68.719999999999999,-0.0066661287717690015,,,
6873,68.730000000000004,-0.00089010340991310861,,,
6874,68.739999999999995,0.0046840396969673641,,,
6875,68.75,0.010041366929730008,,,
6876,68.760000000000005,0.015101903481070369,,,
6877,68.769999999999996,0.019830438883075081,,,
6878,68.780000000000001,0.024307705134017223,,,
6879,68.790000000000006,0.028360979466221754,,,
6880,68.799999999999997,0.03199650140648902,,,
6881,68.810000000000002,0.035300470231045891,,,
6882,68.820000000000007,0.038175305263028134,,,
6883,68.829999999999998,0.040995374698974359,,,
6884,68.840000000000003,0.043890012472152712,,,
6885,68.850000000000009,0.047039628629407984,,,
6886,68.859999999999999,0.050307498261339408,,,
6887,68.870000000000005,0.053345401790133452,,,
6888,68.879999999999995,0.05613473947190864,,,
6889,68.890000000000001,0.058820451779294618,,,
6890,68.900000000000006,0.061457731442536939,,,
6891,68.909999999999997,0.064008392060839761,,,
6892,68.920000000000002,0.066180131393933042,,,
6893,68.930000000000007,0.068337716976687432,,,
6894,68.939999999999998,0.070179572737118168,,,
6895,68.950000000000003,0.071964826878246388,,,
6896,68.960000000000008,0.073396890908042745,,,
6897,68.969999999999999,0.074963658642833456,,,
6898,68.980000000000004,0.076320427578277214,,,
6899,68.989999999999995,0.077752374441370592,,,
6900,69,0.079016417738708503,,,
6901,69.010000000000005,0.080276802242862405,,,
6902,69.019999999999996,0.081334094697167694,,,
6903,69.030000000000001,0.082214866045731277,,,
6904,69.040000000000006,0.08282702834562003,,,
6905,69.049999999999997,0.083356400050861451,,,
6906,69.060000000000002,0.083658473538719372,,,
6907,69.070000000000007,0.084007376427810504,,,
6908,69.079999999999998,0.084519231799431674,,,
6909,69.090000000000003,0.085050174164985143,,,
6910,69.100000000000009,0.085628673995034446,,,
6911,69.109999999999999,0.086282025684138869,,,
6912,69.120000000000005,0.086885183605905747,,,
6913,69.129999999999995,0.087396506569473523,,,
6914,69.140000000000001,0.087923324947927081,,,
6915,69.150000000000006,0.088400600987510014,,,
6916,69.159999999999997,0.088875886589742589,,,
6917,69.170000000000002,0.089324982359991506,,,
6918,69.180000000000007,0.089330907406689114,,,
6919,69.189999999999998,0.090309856496706559,,,
6920,69.200000000000003,0.090934103205471198,,,
6921,69.210000000000008,0.091375535869891306,,,
6922,69.219999999999999,0.091987684991985896,,,
6923,69.230000000000004,0.09261845795588862,,,
6924,69.239999999999995,0.093379306562450956,,,
6925,69.25,0.09409676540512045,,,
6926,69.260000000000005,0.094654577058854619,,,
6927,69.269999999999996,0.095040923791192791,,,
6928,69.280000000000001,0.09520710320461484,,,
6929,69.290000000000006,0.095212381066465998,,,
6930,69.299999999999997,0.094914085048023109,,,
6931,69.310000000000002,0.094181125903593982,,,
6932,69.320000000000007,0.093158340863034414,,,
6933,69.329999999999998,0.09174299446693393,,,
6934,69.340000000000003,0.089962719452557252,,,
6935,69.350000000000009,0.087926576500270304,,,
6936,69.359999999999999,0.085422077588306722,,,
6937,69.370000000000005,0.082543262338842543,,,
6938,69.379999999999995,0.07935403623689867,,,
6939,69.390000000000001,0.075975693909464265,,,
6940,69.400000000000006,0.07253244599493143,,,
6941,69.409999999999997,0.069087055340558243,,,
6942,69.420000000000002,0.06539389716916981,,,
6943,69.430000000000007,0.061678013221517905,,,
6944,69.439999999999998,0.057973999904045032,,,
6945,69.450000000000003,0.053992923518079154,,,
6946,69.460000000000008,0.049463056945259841,,,
6947,69.469999999999999,0.044551165261800058,,,
6948,69.480000000000004,0.03916729759143029,,,
6949,69.489999999999995,0.034489428152928617,,,
6950,69.5,0.030320656737543198,,,
6951,69.510000000000005,0.026614670729328067,,,
6952,69.519999999999996,0.023363760109351449,,,
6953,69.530000000000001,0.020518749992010529,,,
6954,69.540000000000006,0.017507767012722483,,,
6955,69.549999999999997,0.01424987805683106,,,
6956,69.560000000000002,0.010350494795235723,,,
6957,69.570000000000007,0.0055445089125901901,,,
6958,69.579999999999998,0.0054091096302618892,,,
6959,69.590000000000003,-0.0052448546597268272,,,
6960,69.600000000000009,-0.010084206574222158,,,
6961,69.609999999999999,-0.014387479376675831,,,
6962,69.620000000000005,-0.018311916031058213,,,
6963,69.629999999999995,-0.021833938680483892,,,
6964,69.640000000000001,-0.02511810970007524,,,
6965,69.650000000000006,-0.02836825310676418,,,
6966,69.659999999999997,-0.031178540513331403,,,
6967,69.670000000000002,-0.033513478559744458,,,
6968,69.680000000000007,-0.035760314734979065,,,
6969,69.689999999999998,-0.03810120054957962,,,
6970,69.700000000000003,-0.040386690363976997,,,
6971,69.710000000000008,-0.042515057157976578,,,
6972,69.719999999999999,-0.044771819150540751,,,
6973,69.730000000000004,-0.046611912636071055,,,
6974,69.739999999999995,-0.047867103820396995,,,
6975,69.75,-0.048861639859404025,,,
6976,69.760000000000005,-0.049452894306438393,,,
6977,69.769999999999996,-0.049740652124118788,,,
6978,69.780000000000001,-0.049725696667328949,,,
6979,69.790000000000006,-0.049253242451831047,,,
6980,69.799999999999997,-0.048750179670024957,,,
6981,69.810000000000002,-0.048058705125637195,,,
6982,69.820000000000007,-0.047720993087339646,,,
6983,69.829999999999998,-0.047393362663646729,,,
6984,69.840000000000003,-0.047361916223211856,,,
6985,69.850000000000009,-0.047740990856868996,,,
6986,69.859999999999999,-0.048350978237975246,,,
6987,69.870000000000005,-0.048951129045254706,,,
6988,69.879999999999995,-0.049279747374036786,,,
6989,69.890000000000001,-0.049810409966487057,,,
6990,69.900000000000006,-0.050393144878494098,,,
6991,69.909999999999997,-0.051045663409539088,,,
6992,69.920000000000002,-0.051679797711778726,,,
6993,69.930000000000007,-0.052335235746918472,,,
6994,69.939999999999998,-0.052692981973240259,,,
6995,69.950000000000003,-0.05327212505698907,,,
6996,69.960000000000008,-0.053694656548373534,,,
6997,69.969999999999999,-0.054351516175848068,,,
6998,69.980000000000004,-0.055049385323306145,,,
6999,69.989999999999995,-0.055730220849825263,,,
7000,70,-0.056570780713745716,,,
7001,70.010000000000005,-0.057354669947521211,,,
7002,70.019999999999996,-0.058247542167856055,,,
7003,70.030000000000001,-0.058961582501533667,,,
7004,70.040000000000006,-0.059775148848670127,,,
7005,70.049999999999997,-0.060435399185167334,,,
7006,70.060000000000002,-0.061372079576310641,,,
7007,70.070000000000007,-0.062331343918978349,,,
7008,70.079999999999998,-0.063496567999015319,,,
7009,70.090000000000003,-0.064713244021218655,,,
7010,70.100000000000009,-0.065987898289472602,,,
7011,70.109999999999999,-0.067226361133246856,,,
7012,70.120000000000005,-0.068547966416897532,,,
7013,70.129999999999995,-0.069787382031499881,,,
7014,70.140000000000001,-0.07096930325200454,,,
7015,70.150000000000006,-0.072113374634315178,,,
7016,70.159999999999997,-0.07411791943442321,,,
7017,70.170000000000002,-0.076332317661693794,,,
7018,70.180000000000007,-0.078497679512008825,,,
7019,70.189999999999998,-0.080668068136310403,,,
7020,70.200000000000003,-0.082830223896881328,,,
7021,70.210000000000008,-0.085615363545318998,,,
7022,70.219999999999999,-0.087985757398410733,,,
7023,70.230000000000004,-0.087988065164833373,,,
7024,70.239999999999995,-0.092565821737332118,,,
7025,70.25,-0.094740370555024281,,,
7026,70.260000000000005,-0.096606082972583537,,,
7027,70.269999999999996,-0.098495393454558544,,,
7028,70.280000000000001,-0.1003716338005082,,,
7029,70.290000000000006,-0.10227221839601147,,,
7030,70.299999999999997,-0.10425857326973917,,,
7031,70.310000000000002,-0.10620490557992732,,,
7032,70.320000000000007,-0.10810551698802501,,,
7033,70.329999999999998,-0.10982418298554825,,,
7034,70.340000000000003,-0.11160027844010349,,,
7035,70.350000000000009,-0.11324349272621813,,,
7036,70.359999999999999,-0.11480519855955726,,,
7037,70.370000000000005,-0.1168201406976475,,,
7038,70.379999999999995,-0.11870200979430033,,,
7039,70.390000000000001,-0.12033032957292961,,,
7040,70.400000000000006,-0.12200639475345118,,,
7041,70.409999999999997,-0.12350310925753324,,,
7042,70.420000000000002,-0.12479019801473194,,,
7043,70.430000000000007,-0.12569186464164456,,,
7044,70.439999999999998,-0.12646411350626996,,,
7045,70.450000000000003,-0.1267487870085631,,,
7046,70.460000000000008,-0.12715412330982323,,,
7047,70.469999999999999,-0.12830858293615244,,,
7048,70.480000000000004,-0.1292833044106369,,,
7049,70.489999999999995,-0.12970163538590535,,,
7050,70.5,-0.13004003343249637,,,
7051,70.510000000000005,-0.13021852222560223,,,
7052,70.519999999999996,-0.13052008636138235,,,
7053,70.530000000000001,-0.13040211513267508,,,
7054,70.540000000000006,-0.13016920626036579,,,
7055,70.549999999999997,-0.13019627039172191,,,
7056,70.560000000000002,-0.12991642989694324,,,
7057,70.570000000000007,-0.12925008801950605,,,
7058,70.579999999999998,-0.12888955001839084,,,
7059,70.590000000000003,-0.12881843294505518,,,
7060,70.600000000000009,-0.12887933824879716,,,
7061,70.609999999999999,-0.12925259529506272,,,
7062,70.620000000000005,-0.12957735515076796,,,
7063,70.629999999999995,-0.12984224060476729,,,
7064,70.640000000000001,-0.12977398605292695,,,
7065,70.650000000000006,-0.12973856745936493,,,
7066,70.659999999999997,-0.1297352662496315,,,
7067,70.670000000000002,-0.12975927866725978,,,
7068,70.680000000000007,-0.12980186545053088,,,
7069,70.689999999999998,-0.12975436969296264,,,
7070,70.700000000000003,-0.12966598328270224,,,
7071,70.710000000000008,-0.1294188594780542,,,
7072,70.719999999999999,-0.12924378129901584,,,
7073,70.730000000000004,-0.12898710562812815,,,
7074,70.739999999999995,-0.12878690876502966,,,
7075,70.75,-0.12861472134313517,,,
7076,70.760000000000005,-0.12862194197440252,,,
7077,70.769999999999996,-0.12850902031438424,,,
7078,70.780000000000001,-0.12820775126600817,,,
7079,70.790000000000006,-0.12795912082744706,,,
7080,70.799999999999997,-0.12794011178925441,,,
7081,70.810000000000002,-0.127979709926765,,,
7082,70.820000000000007,-0.12797037833644989,,,
7083,70.829999999999998,-0.12801801195858931,,,
7084,70.840000000000003,-0.12799202358536943,,,
7085,70.850000000000009,-0.12797874083871141,,,
7086,70.859999999999999,-0.12769715775709656,,,
7087,70.870000000000005,-0.12757980542229533,,,
7088,70.879999999999995,-0.12762500407528676,,,
7089,70.890000000000001,-0.12768946140460027,,,
7090,70.900000000000006,-0.12774767304025197,,,
7091,70.909999999999997,-0.12777902417865494,,,
7092,70.920000000000002,-0.12782573839241262,,,
7093,70.930000000000007,-0.12790380863257267,,,
7094,70.939999999999998,-0.12788368504287442,,,
7095,70.950000000000003,-0.12789849206295667,,,
7096,70.960000000000008,-0.12821645458556086,,,
7097,70.969999999999999,-0.12852007576307403,,,
7098,70.980000000000004,-0.12845236564328918,,,
7099,70.989999999999995,-0.12840705976613451,,,
7100,71,-0.12827180047018652,,,
7101,71.010000000000005,-0.12807168032178198,,,
7102,71.019999999999996,-0.12852801536867844,,,
7103,71.030000000000001,-0.12876282144920675,,,
7104,71.040000000000006,-0.12864003217988207,,,
7105,71.049999999999997,-0.12850982461837371,,,
7106,71.060000000000002,-0.12840722082313627,,,
7107,71.070000000000007,-0.1282037458137984,,,
7108,71.079999999999998,-0.12749929676055394,,,
7109,71.090000000000003,-0.12691153757463944,,,
7110,71.100000000000009,-0.12632438077777372,,,
7111,71.109999999999999,-0.12598506928758657,,,
7112,71.120000000000005,-0.12549626105772049,,,
7113,71.129999999999995,-0.12516042113619988,,,
7114,71.140000000000001,-0.1246767045587964,,,
7115,71.150000000000006,-0.12446227571009065,,,
7116,71.159999999999997,-0.12468969408361444,,,
7117,71.170000000000002,-0.12480192818421065,,,
7118,71.180000000000007,-0.12481250532778757,,,
7119,71.189999999999998,-0.12483855675955506,,,
7120,71.200000000000003,-0.12481736838809061,,,
7121,71.210000000000008,-0.12477174134580234,,,
7122,71.219999999999999,-0.1247088119833334,,,
7123,71.230000000000004,-0.12462128876219765,,,
7124,71.239999999999995,-0.12455432684300791,,,
7125,71.25,-0.12454230310514877,,,
7126,71.260000000000005,-0.12453390319827508,,,
7127,71.269999999999996,-0.1245735153528829,,,
7128,71.280000000000001,-0.12458347144632759,,,
7129,71.290000000000006,-0.12470112904786926,,,
7130,71.299999999999997,-0.12480798041617358,,,
7131,71.310000000000002,-0.12493925173464351,,,
7132,71.320000000000007,-0.12510077231301522,,,
7133,71.329999999999998,-0.1252956045267781,,,
7134,71.340000000000003,-0.12512679570472654,,,
7135,71.350000000000009,-0.12510908038251217,,,
7136,71.359999999999999,-0.12512884245807482,,,
7137,71.370000000000005,-0.12536470236914266,,,
7138,71.379999999999995,-0.12583624042699162,,,
7139,71.390000000000001,-0.12620581957340021,,,
7140,71.400000000000006,-0.12626514291158358,,,
7141,71.409999999999997,-0.1262730892482804,,,
7142,71.420000000000002,-0.12642716272293228,,,
7143,71.430000000000007,-0.12642626663342441,,,
7144,71.439999999999998,-0.12640335939898376,,,
7145,71.450000000000003,-0.12636880085730812,,,
7146,71.460000000000008,-0.126393022404578,,,
7147,71.469999999999999,-0.12592137140221524,,,
7148,71.480000000000004,-0.12538796623016585,,,
7149,71.489999999999995,-0.12488113215715851,,,
7150,71.5,-0.12430822493264178,,,
7151,71.510000000000005,-0.12379509510163129,,,
7152,71.519999999999996,-0.12335424825475878,,,
7153,71.530000000000001,-0.12325928128017384,,,
7154,71.540000000000006,-0.12327621080823652,,,
7155,71.549999999999997,-0.12324485014726601,,,
7156,71.560000000000002,-0.12327904393704914,,,
7157,71.570000000000007,-0.12261834008413043,,,
7158,71.579999999999998,-0.122250123267613,,,
7159,71.590000000000003,-0.12240165664574619,,,
7160,71.600000000000009,-0.12230829869493917,,,
7161,71.609999999999999,-0.12203281542723116,,,
7162,71.620000000000005,-0.12179576061139499,,,
7163,71.629999999999995,-0.12158672352687666,,,
7164,71.640000000000001,-0.12151473513412345,,,
7165,71.650000000000006,-0.12139523264596898,,,
7166,71.659999999999997,-0.12138646980389421,,,
7167,71.670000000000002,-0.12158518782635507,,,
7168,71.680000000000007,-0.12169526298384387,,,
7169,71.689999999999998,-0.12184735784917072,,,
7170,71.700000000000003,-0.12212292253152543,,,
7171,71.710000000000008,-0.12238330353691244,,,
7172,71.719999999999999,-0.12254773454178255,,,
7173,71.730000000000004,-0.12282077513265729,,,
7174,71.739999999999995,-0.12299476562518058,,,
7175,71.75,-0.12308222402109029,,,
7176,71.760000000000005,-0.12314921690169174,,,
7177,71.769999999999996,-0.12338803141308539,,,
7178,71.780000000000001,-0.12350954582902153,,,
7179,71.790000000000006,-0.12341488306672441,,,
7180,71.799999999999997,-0.12328453214107156,,,
7181,71.810000000000002,-0.12338783202931916,,,
7182,71.820000000000007,-0.12343929238031422,,,
7183,71.829999999999998,-0.12351908278073156,,,
7184,71.840000000000003,-0.12355333822126051,,,
7185,71.850000000000009,-0.12354493851612973,,,
7186,71.859999999999999,-0.12355778235389735,,,
7187,71.870000000000005,-0.12365790932927237,,,
7188,71.879999999999995,-0.12369027718367202,,,
7189,71.890000000000001,-0.12380831148244008,,,
7190,71.900000000000006,-0.12383133709407372,,,
7191,71.909999999999997,-0.12386482902704082,,,
7192,71.920000000000002,-0.12382799995137073,,,
7193,71.930000000000007,-0.1232326653293272,,,
7194,71.939999999999998,-0.12270103030961796,,,
7195,71.950000000000003,-0.12277441923979891,,,
7196,71.960000000000008,-0.12257987727629996,,,
7197,71.969999999999999,-0.12256252722536996,,,
7198,71.980000000000004,-0.12233325246507588,,,
7199,71.989999999999995,-0.12228754510114057,,,
7200,72,-0.12214734332478222,,,
7201,72.010000000000005,-0.12197767718260098,,,
7202,72.019999999999996,-0.12180324940434943,,,
7203,72.030000000000001,-0.12180524486246032,,,
7204,72.040000000000006,-0.12157926032569706,,,
7205,72.049999999999997,-0.12156387948704368,,,
7206,72.060000000000002,-0.12129139438998503,,,
7207,72.070000000000007,-0.12118559638157007,,,
7208,72.079999999999998,-0.12103982929841121,,,
7209,72.090000000000003,-0.12114848563878415,,,
7210,72.100000000000009,-0.12137147669787783,,,
7211,72.109999999999999,-0.12169881498835618,,,
7212,72.120000000000005,-0.12213516293454531,,,
7213,72.129999999999995,-0.12262342444773093,,,
7214,72.140000000000001,-0.12254098175110949,,,
7215,72.150000000000006,-0.12254629171606614,,,
7216,72.159999999999997,-0.12253133600072021,,,
7217,72.170000000000002,-0.12260649761207593,,,
7218,72.180000000000007,-0.12229216061413418,,,
7219,72.189999999999998,-0.12222264732125075,,,
7220,72.200000000000003,-0.12207514670213172,,,
7221,72.210000000000008,-0.12195729016046807,,,
7222,72.219999999999999,-0.12210660633427368,,,
7223,72.230000000000004,-0.12215900240328104,,,
7224,72.239999999999995,-0.12206216324299375,,,
7225,72.25,-0.12203886633264389,,,
7226,72.260000000000005,-0.12204800606761176,,,
7227,72.269999999999996,-0.12208453089919434,,,
7228,72.280000000000001,-0.12214628211153902,,,
7229,72.290000000000006,-0.12218869300864808,,,
7230,72.299999999999997,-0.12214273610149126,,,
7231,72.310000000000002,-0.12214804620073215,,,
7232,72.320000000000007,-0.1221573002411914,,,
7233,72.329999999999998,-0.12214716857166753,,,
7234,72.340000000000003,-0.12234548276057707,,,
7235,72.350000000000009,-0.1225014121531469,,,
7236,72.359999999999999,-0.12252482319867931,,,
7237,72.370000000000005,-0.12255100770910576,,,
7238,72.379999999999995,-0.12283455446579855,,,
7239,72.390000000000001,-0.12342201150428331,,,
7240,72.400000000000006,-0.12394724332830415,,,
7241,72.409999999999997,-0.12465910922943547,,,
7242,72.420000000000002,-0.12574395715613579,,,
7243,72.430000000000007,-0.12704212270363485,,,
7244,72.439999999999998,-0.12847794368847526,,,
7245,72.450000000000003,-0.13031685693064488,,,
7246,72.460000000000008,-0.13210345143596236,,,
7247,72.469999999999999,-0.13457144781857749,,,
7248,72.480000000000004,-0.13728252423225445,,,
7249,72.489999999999995,-0.14049545507588571,,,
7250,72.5,-0.14360072318336609,,,
7251,72.510000000000005,-0.14635223457347279,,,
7252,72.519999999999996,-0.14872594225914657,,,
7253,72.530000000000001,-0.15039311807239258,,,
7254,72.540000000000006,-0.15203995072947349,,,
7255,72.549999999999997,-0.15310901681961739,,,
7256,72.560000000000002,-0.15358364018319229,,,
7257,72.570000000000007,-0.15434558906985651,,,
7258,72.579999999999998,-0.15512758849229721,,,
7259,72.590000000000003,-0.15569694917782148,,,
7260,72.600000000000009,-0.15619241534213532,,,
7261,72.609999999999999,-0.15647802842201211,,,
7262,72.620000000000005,-0.15648673419853798,,,
7263,72.629999999999995,-0.15551342937834131,,,
7264,72.640000000000001,-0.1558978648852673,,,
7265,72.650000000000006,-0.15278122659865717,,,
7266,72.659999999999997,-0.1507879604065894,,,
7267,72.670000000000002,-0.14849039871490785,,,
7268,72.680000000000007,-0.14585873238436883,,,
7269,72.689999999999998,-0.14320897331934507,,,
7270,72.700000000000003,-0.14038282149924053,,,
7271,72.710000000000008,-0.13767346370126188,,,
7272,72.719999999999999,-0.13472290232165346,,,
7273,72.730000000000004,-0.13141532794334385,,,
7274,72.739999999999995,-0.12829267102083844,,,
7275,72.75,-0.12513887082746361,,,
7276,72.760000000000005,-0.12182614661416484,,,
7277,72.769999999999996,-0.11823057043696027,,,
7278,72.780000000000001,-0.11448008436141408,,,
7279,72.790000000000006,-0.11049429355457072,,,
7280,72.799999999999997,-0.10680509234888252,,,
7281,72.810000000000002,-0.10302075562211818,,,
7282,72.820000000000007,-0.099256836078455299,,,
7283,72.829999999999998,-0.095639954117277243,,,
7284,72.840000000000003,-0.092057872347609163,,,
7285,72.850000000000009,-0.088358565696175395,,,
7286,72.859999999999999,-0.084630293844604604,,,
7287,72.870000000000005,-0.081005561943202367,,,
7288,72.879999999999995,-0.077177230811699124,,,
7289,72.890000000000001,-0.073369726081216807,,,
7290,72.900000000000006,-0.06954812576255491,,,
7291,72.909999999999997,-0.065781956721855175,,,
7292,72.920000000000002,-0.062011015041620182,,,
7293,72.930000000000007,-0.058055490005975929,,,
7294,72.939999999999998,-0.053792703928301613,,,
7295,72.950000000000003,-0.049489062383197037,,,
7296,72.960000000000008,-0.04511121413128652,,,
7297,72.969999999999999,-0.041147791883148301,,,
7298,72.980000000000004,-0.037508663171951402,,,
7299,72.989999999999995,-0.034218380248448046,,,
7300,73,-0.031091243463822946,,,
7301,73.010000000000005,-0.028191243587685731,,,
7302,73.019999999999996,-0.025240320375661728,,,
7303,73.030000000000001,-0.022292122080507154,,,
7304,73.040000000000006,-0.019135247140154681,,,
7305,73.049999999999997,-0.016068005153922489,,,
7306,73.060000000000002,-0.013004225236536082,,,
7307,73.070000000000007,-0.01003947057802528,,,
7308,73.079999999999998,-0.0072067180531177376,,,
7309,73.090000000000003,-0.0048129877103592006,,,
7310,73.100000000000009,-0.0027359276991873916,,,
7311,73.109999999999999,-0.00096403790792337152,,,
7312,73.120000000000005,0.00066511753729558423,,,
7313,73.129999999999995,0.0021912210753933007,,,
7314,73.140000000000001,0.0037787597908054112,,,
7315,73.150000000000006,0.005226336928235902,,,
7316,73.159999999999997,0.0066931372810808427,,,
7317,73.170000000000002,0.0081155954522514982,,,
7318,73.180000000000007,0.0096648062895085644,,,
7319,73.189999999999998,0.011496933120128663,,,
7320,73.200000000000003,0.013674839868593426,,,
7321,73.210000000000008,0.01624517295116731,,,
7322,73.219999999999999,0.019226235523583834,,,
7323,73.230000000000004,0.022282850520446103,,,
7324,73.239999999999995,0.025284057289314182,,,
7325,73.25,0.028097670978546877,,,
7326,73.260000000000005,0.03087776998712306,,,
7327,73.269999999999996,0.033108340914462304,,,
7328,73.280000000000001,0.035242552202907867,,,
7329,73.290000000000006,0.037425174135169319,,,
7330,73.299999999999997,0.039385028831092975,,,
7331,73.310000000000002,0.041036050674925044,,,
7332,73.320000000000007,0.042278441544219565,,,
7333,73.329999999999998,0.043419782601488391,,,
7334,73.340000000000003,0.044531007569866263,,,
7335,73.350000000000009,0.045775648759932001,,,
7336,73.359999999999999,0.047241891582779034,,,
7337,73.370000000000005,0.049040106736063731,,,
7338,73.379999999999995,0.051023522778056905,,,
7339,73.390000000000001,0.053167647855380404,,,
7340,73.400000000000006,0.055105760186216497,,,
7341,73.409999999999997,0.056918667188978943,,,
7342,73.420000000000002,0.058104243145117994,,,
7343,73.430000000000007,0.058750787268083214,,,
7344,73.439999999999998,0.05890537958469428,,,
7345,73.450000000000003,0.05887477279564144,,,
7346,73.460000000000008,0.05848426032679431,,,
7347,73.469999999999999,0.057961342331384835,,,
7348,73.480000000000004,0.057405173831320329,,,
7349,73.489999999999995,0.056885518853219894,,,
7350,73.5,0.056646212803046353,,,
7351,73.510000000000005,0.056353752902674095,,,
7352,73.519999999999996,0.056265457441870594,,,
7353,73.530000000000001,0.056199637987807333,,,
7354,73.540000000000006,0.055951933984486391,,,
7355,73.549999999999997,0.055754904419847102,,,
7356,73.560000000000002,0.055218559781769844,,,
7357,73.570000000000007,0.054523297986623712,,,
7358,73.579999999999998,0.053678423671180496,,,
7359,73.590000000000003,0.052854983304342261,,,
7360,73.600000000000009,0.051968543260797653,,,
7361,73.609999999999999,0.051178534888631597,,,
7362,73.620000000000005,0.050347193221752969,,,
7363,73.629999999999995,0.049771167451391853,,,
7364,73.640000000000001,0.049527960688866959,,,
7365,73.650000000000006,0.049503944474061826,,,
7366,73.659999999999997,0.049570913369067715,,,
7367,73.670000000000002,0.049721946888690839,,,
7368,73.680000000000007,0.049587719160557438,,,
7369,73.689999999999998,0.049461765414299357,,,
7370,73.700000000000003,0.049266640006416368,,,
7371,73.710000000000008,0.049122698415683889,,,
7372,73.719999999999999,0.049119508186999443,,,
7373,73.730000000000004,0.049402818963695978,,,
7374,73.739999999999995,0.049908231215709635,,,
7375,73.75,0.050533480332449227,,,
7376,73.760000000000005,0.051002603184527484,,,
7377,73.769999999999996,0.05146249429261969,,,
7378,73.780000000000001,0.051762051747234979,,,
7379,73.790000000000006,0.051830985435478212,,,
7380,73.799999999999997,0.051520858401405308,,,
7381,73.810000000000002,0.05100259821919028,,,
7382,73.820000000000007,0.050252144032501944,,,
7383,73.829999999999998,0.049635723869834572,,,
7384,73.840000000000003,0.049135031904223428,,,
7385,73.850000000000009,0.048923610259483864,,,
7386,73.859999999999999,0.04920466045127405,,,
7387,73.870000000000005,0.049499590086227577,,,
7388,73.879999999999995,0.049860559230652385,,,
7389,73.890000000000001,0.050232409517545859,,,
7390,73.900000000000006,0.050548206084391631,,,
7391,73.909999999999997,0.050790489024684041,,,
7392,73.920000000000002,0.050911490149634447,,,
7393,73.930000000000007,0.050917626984303757,,,
7394,73.939999999999998,0.050764581447230173,,,
7395,73.950000000000003,0.050556281010655069,,,
7396,73.960000000000008,0.050227791626644355,,,
7397,73.969999999999999,0.049810685557549431,,,
7398,73.980000000000004,0.049190391107070366,,,
7399,73.989999999999995,0.048572492850855034,,,
7400,74,0.047949043197483943,,,
7401,74.010000000000005,0.047447986404503983,,,
7402,74.019999999999996,0.047170216671276924,,,
7403,74.030000000000001,0.047001443100766031,,,
7404,74.040000000000006,0.046854016505966434,,,
7405,74.049999999999997,0.04665349861077165,,,
7406,74.060000000000002,0.046397393821014848,,,
7407,74.070000000000007,0.046114407002846289,,,
7408,74.079999999999998,0.04584902911406994,,,
7409,74.090000000000003,0.045683205854026986,,,
7410,74.100000000000009,0.045607359609471432,,,
7411,74.109999999999999,0.045598453817452908,,,
7412,74.120000000000005,0.04557473134246702,,,
7413,74.129999999999995,0.045546151549436101,,,
7414,74.140000000000001,0.045522316519324722,,,
7415,74.150000000000006,0.045460381786166612,,,
7416,74.159999999999997,0.045372238634188551,,,
7417,74.170000000000002,0.045207460679407063,,,
7418,74.180000000000007,0.044964317458916686,,,
7419,74.189999999999998,0.044687155899056863,,,
7420,74.200000000000003,0.044351944654362888,,,
7421,74.210000000000008,0.04400560701699776,,,
7422,74.219999999999999,0.043592377946312454,,,
7423,74.230000000000004,0.043199364369704306,,,
7424,74.239999999999995,0.042733826687490255,,,
7425,74.25,0.042367190974728811,,,
7426,74.260000000000005,0.042100641412345791,,,
7427,74.269999999999996,0.041876994804356055,,,
7428,74.280000000000001,0.04172369781665082,,,
7429,74.290000000000006,0.041514491720981997,,,
7430,74.299999999999997,0.041267414736205765,,,
7431,74.310000000000002,0.040859859928511183,,,
7432,74.320000000000007,0.040454638190598018,,,
7433,74.329999999999998,0.040006546330455431,,,
7434,74.340000000000003,0.039568140347373014,,,
7435,74.350000000000009,0.039070669032633995,,,
7436,74.359999999999999,0.038581285960683179,,,
7437,74.370000000000005,0.038159800599854354,,,
7438,74.379999999999995,0.037860032079773565,,,
7439,74.390000000000001,0.037550244325261543,,,
7440,74.400000000000006,0.037090550832150182,,,
7441,74.409999999999997,0.036491342193624134,,,
7442,74.420000000000002,0.035832153924255747,,,
7443,74.430000000000007,0.035092064074195656,,,
7444,74.439999999999998,0.0343607756971646,,,
7445,74.450000000000003,0.033662095304291928,,,
7446,74.460000000000008,0.033028160338874374,,,
7447,74.469999999999999,0.032396572980980802,,,
7448,74.480000000000004,0.031728551673205756,,,
7449,74.489999999999995,0.031050152556924487,,,
7450,74.5,0.030455378978178769,,,
7451,74.510000000000005,0.029805367752523876,,,
7452,74.519999999999996,0.029227285098652276,,,
7453,74.530000000000001,0.028610360598624898,,,
7454,74.540000000000006,0.028155030846630159,,,
7455,74.549999999999997,0.027621059921990713,,,
7456,74.560000000000002,0.027123994457928988,,,
7457,74.570000000000007,0.026527204246820049,,,
7458,74.579999999999998,0.025868283899882369,,,
7459,74.590000000000003,0.025199734743017781,,,
7460,74.600000000000009,0.02444508275742717,,,
7461,74.609999999999999,0.023511290248328737,,,
7462,74.620000000000005,0.022774514745158635,,,
7463,74.629999999999995,0.02191771763330904,,,
7464,74.640000000000001,0.021193829190708911,,,
7465,74.650000000000006,0.020557867957727703,,,
7466,74.659999999999997,0.019881962869750192,,,
7467,74.670000000000002,0.019094927655840799,,,
7468,74.680000000000007,0.018326718499178583,,,
7469,74.689999999999998,0.017595514105472689,,,
7470,74.700000000000003,0.016951725854362679,,,
7471,74.710000000000008,0.016325239055838409,,,
7472,74.719999999999999,0.015853757749615519,,,
7473,74.730000000000004,0.015520899109204621,,,
7474,74.739999999999995,0.015374209704115091,,,
7475,74.75,0.015255063820686195,,,
7476,74.760000000000005,0.015185481982305427,,,
7477,74.769999999999996,0.015032909001622524,,,
7478,74.780000000000001,0.014836217345660601,,,
7479,74.790000000000006,0.014611481794395207,,,
7480,74.799999999999997,0.014373218644655643,,,
7481,74.810000000000002,0.014002467188662705,,,
7482,74.820000000000007,0.013684883347270865,,,
7483,74.829999999999998,0.013412061376755106,,,
7484,74.840000000000003,0.01327160880738607,,,
7485,74.850000000000009,0.013238366134176583,,,
7486,74.859999999999999,0.013273728682266077,,,
7487,74.870000000000005,0.0133293293579477,,,
7488,74.879999999999995,0.013429671560691078,,,
7489,74.890000000000001,0.013418999803640091,,,
7490,74.900000000000006,0.013736413683678804,,,
7491,74.909999999999997,0.013899815519563864,,,
7492,74.920000000000002,0.014052730721629944,,,
7493,74.930000000000007,0.014195579871318618,,,
7494,74.939999999999998,0.014421573087878239,,,
7495,74.950000000000003,0.014746304295869145,,,
7496,74.960000000000008,0.015061119026320414,,,
7497,74.969999999999999,0.015312925223498497,,,
7498,74.980000000000004,0.015507079887110475,,,
7499,74.989999999999995,0.015670181851171881,,,
7500,75,0.015841468478604043,,,
7501,75.010000000000005,0.015948994683761326,,,
7502,75.019999999999996,0.016101686351230951,,,
7503,75.030000000000001,0.016348086142693063,,,
7504,75.040000000000006,0.016600153420113919,,,
7505,75.049999999999997,0.016892018137273361,,,
7506,75.060000000000002,0.017194440989233294,,,
7507,75.070000000000007,0.017438355560272425,,,
7508,75.079999999999998,0.017674962663469788,,,
7509,75.090000000000003,0.017894389476225056,,,
7510,75.100000000000009,0.018124777382069617,,,
7511,75.109999999999999,0.018381416556970374,,,
7512,75.120000000000005,0.018674324911864229,,,
7513,75.129999999999995,0.018956460521409212,,,
7514,75.140000000000001,0.019276303650962088,,,
7515,75.150000000000006,0.019504233349389648,,,
7516,75.159999999999997,0.019746671629716682,,,
7517,75.170000000000002,0.019982495860368338,,,
7518,75.180000000000007,0.020273041028196385,,,
7519,75.189999999999998,0.020629042107814025,,,
7520,75.200000000000003,0.021053426343830551,,,
7521,75.210000000000008,0.021476267703149199,,,
7522,75.219999999999999,0.021880658967537235,,,
7523,75.230000000000004,0.022292385052236293,,,
7524,75.239999999999995,0.022628656036510965,,,
7525,75.25,0.022930004129546228,,,
7526,75.260000000000005,0.023132583882297303,,,
7527,75.269999999999996,0.023370244547466917,,,
7528,75.280000000000001,0.023569033210370023,,,
7529,75.290000000000006,0.023762455591790972,,,
7530,75.299999999999997,0.02404338255265898,,,
7531,75.310000000000002,0.024440234857389557,,,
7532,75.320000000000007,0.024873904220111015,,,
7533,75.329999999999998,0.025397136245022569,,,
7534,75.340000000000003,0.025898911246951647,,,
7535,75.350000000000009,0.026466937657617613,,,
7536,75.359999999999999,0.027016377170541794,,,
7537,75.370000000000005,0.027553098058447203,,,
7538,75.379999999999995,0.028130895325694388,,,
7539,75.390000000000001,0.028640906521214052,,,
7540,75.400000000000006,0.029125880930871609,,,
7541,75.409999999999997,0.029652058965522043,,,
7542,75.420000000000002,0.030202372285076062,,,
7543,75.430000000000007,0.030830176490500367,,,
7544,75.439999999999998,0.031594651117890359,,,
7545,75.450000000000003,0.032268354117874938,,,
7546,75.460000000000008,0.032896876216107256,,,
7547,75.469999999999999,0.033499222858273239,,,
7548,75.480000000000004,0.03409105933821116,,,
7549,75.489999999999995,0.034663452932646784,,,
7550,75.5,0.035134264536515317,,,
7551,75.510000000000005,0.035570759274805561,,,
7552,75.519999999999996,0.035924424305869729,,,
7553,75.530000000000001,0.036342878308497042,,,
7554,75.540000000000006,0.036730086503314219,,,
7555,75.549999999999997,0.037095101129350161,,,
7556,75.560000000000002,0.037465539040943928,,,
7557,75.570000000000007,0.03779117476751491,,,
7558,75.579999999999998,0.038052403152523076,,,
7559,75.590000000000003,0.038322131481847252,,,
7560,75.600000000000009,0.038577911140549384,,,
7561,75.609999999999999,0.038768152386079946,,,
7562,75.620000000000005,0.038917941530524837,,,
7563,75.629999999999995,0.039053880696753418,,,
7564,75.640000000000001,0.039245239691320551,,,
7565,75.650000000000006,0.039451535621887898,,,
7566,75.659999999999997,0.039645128756178816,,,
7567,75.670000000000002,0.039845122969611228,,,
7568,75.680000000000007,0.040083672409228804,,,
7569,75.689999999999998,0.040461840014274497,,,
7570,75.700000000000003,0.040801805969049046,,,
7571,75.710000000000008,0.041206633479997007,,,
7572,75.719999999999999,0.041620986942934604,,,
7573,75.730000000000004,0.042054427077644972,,,
7574,75.739999999999995,0.043343927106136833,,,
7575,75.75,0.044134874470474532,,,
7576,75.760000000000005,0.044755315214765397,,,
7577,75.769999999999996,0.045313396328214982,,,
7578,75.780000000000001,0.045709679048308201,,,
7579,75.790000000000006,0.046161092879318431,,,
7580,75.799999999999997,0.046399466709052352,,,
7581,75.810000000000002,0.046656552219871715,,,
7582,75.820000000000007,0.046835370565406105,,,
7583,75.829999999999998,0.047036633105442857,,,
7584,75.840000000000003,0.047194693745342117,,,
7585,75.850000000000009,0.047341824531943785,,,
7586,75.859999999999999,0.0473838854440835,,,
7587,75.870000000000005,0.047418507615972244,,,
7588,75.879999999999995,0.047491438826754995,,,
7589,75.890000000000001,0.047561003850551065,,,
7590,75.900000000000006,0.047628967145656634,,,
7591,75.909999999999997,0.047671126579924249,,,
7592,75.920000000000002,0.047733519173156692,,,
7593,75.930000000000007,0.047813639648930158,,,
7594,75.939999999999998,0.04787531659822384,,,
7595,75.950000000000003,0.047924255644917549,,,
7596,75.960000000000008,0.047868129878704278,,,
7597,75.969999999999999,0.047823264275288137,,,
7598,75.980000000000004,0.047705622439638336,,,
7599,75.989999999999995,0.047648124150977349,,,
7600,76,0.047538352356932344,,,
7601,76.010000000000005,0.047468941922881411,,,
7602,76.019999999999996,0.047376508750182754,,,
7603,76.030000000000001,0.047238254002766628,,,
7604,76.040000000000006,0.047101761871990236,,,
7605,76.049999999999997,0.046991117219463592,,,
7606,76.060000000000002,0.046832071753045913,,,
7607,76.070000000000007,0.046733149079543394,,,
7608,76.079999999999998,0.046657574336949954,,,
7609,76.090000000000003,0.046530911491953111,,,
7610,76.100000000000009,0.046450129500841118,,,
7611,76.109999999999999,0.046406688966417087,,,
7612,76.120000000000005,0.046334904635181619,,,
7613,76.129999999999995,0.0462700056046133,,,
7614,76.140000000000001,0.046230913140262814,,,
7615,76.150000000000006,0.046239893068091412,,,
7616,76.159999999999997,0.046270394993575208,,,
7617,76.170000000000002,0.046312099436815572,,,
7618,76.180000000000007,0.046347424203429903,,,
7619,76.189999999999998,0.046350445200160982,,,
7620,76.200000000000003,0.046350851594797425,,,
7621,76.210000000000008,0.046450360772927746,,,
7622,76.219999999999999,0.046567171399002016,,,
7623,76.230000000000004,0.046689458600454647,,,
7624,76.239999999999995,0.046754816648421876,,,
7625,76.25,0.046762360133723452,,,
7626,76.260000000000005,0.046719726797876136,,,
7627,76.269999999999996,0.046565979553402151,,,
7628,76.280000000000001,0.04640652707105862,,,
7629,76.290000000000006,0.04614026736657393,,,
7630,76.299999999999997,0.04590248914995991,,,
7631,76.310000000000002,0.045709917932046484,,,
7632,76.320000000000007,0.045439551496094695,,,
7633,76.329999999999998,0.045176082846820884,,,
7634,76.340000000000003,0.044965047470868942,,,
7635,76.350000000000009,0.044817156598040864,,,
7636,76.359999999999999,0.044735505004049138,,,
7637,76.370000000000005,0.044686235042245698,,,
7638,76.379999999999995,0.044705099440695208,,,
7639,76.390000000000001,0.044601558937382053,,,
7640,76.400000000000006,0.0445622823810587,,,
7641,76.409999999999997,0.04449989593933646,,,
7642,76.420000000000002,0.044441880363665885,,,
7643,76.430000000000007,0.044356945086762557,,,
7644,76.439999999999998,0.044249989729831178,,,
7645,76.450000000000003,0.044102889592260851,,,
7646,76.460000000000008,0.043985373174075824,,,
7647,76.469999999999999,0.04386253345229376,,,
7648,76.480000000000004,0.043793026910001434,,,
7649,76.489999999999995,0.043712317036952081,,,
7650,76.5,0.043612663383415552,,,
7651,76.510000000000005,0.043489775816732856,,,
7652,76.519999999999996,0.043337432218816377,,,
7653,76.530000000000001,0.043152689244327989,,,
7654,76.540000000000006,0.043029866462080263,,,
7655,76.549999999999997,0.042887432507427853,,,
7656,76.560000000000002,0.042802654082884542,,,
7657,76.570000000000007,0.042730297058429102,,,
7658,76.579999999999998,0.042729160153221195,,,
7659,76.590000000000003,0.042636665100273648,,,
7660,76.600000000000009,0.042648684585618983,,,
7661,76.609999999999999,0.042628155462740333,,,
7662,76.620000000000005,0.042688898330822282,,,
7663,76.629999999999995,0.042752796240671916,,,
7664,76.640000000000001,0.042751960525174076,,,
7665,76.650000000000006,0.042751737294953948,,,
7666,76.659999999999997,0.042751701300947,,,
7667,76.670000000000002,0.042751694336077957,,,
7668,76.680000000000007,0.042751693078434211,,,
7669,76.689999999999998,0.042751692845050676,,,
7670,76.700000000000003,0.042751692802167875,,,
7671,76.710000000000008,0.042751692794253754,,,
7672,76.719999999999999,0.042751692792794498,,,
