dataset,label,method_id,sample_index,time_s,reference_position_rad,tracked_position_rad,tracking_error_rad
current_csv,Current CSV,p,0,0.0,0.00687296895407743,0.00687296895407743,0.0
current_csv,Current CSV,p,1,0.01,0.0068736500561803505,0.00687296895407743,-6.811021029205083e-07
current_csv,Current CSV,p,2,0.02,0.006873667153563199,0.00687365005618035,-1.7097382848905995e-08
current_csv,Current CSV,p,3,0.03,0.006873667581336671,0.0068736671535631995,-4.2777347115940945e-10
current_csv,Current CSV,p,4,0.04,0.006873667592028332,0.006873667581336671,-1.0691661098127803e-11
current_csv,Current CSV,p,5,0.05,0.00686539548748776,0.006873667592028331,8.272104540570785e-06
current_csv,Current CSV,p,6,0.06,0.006838700296778365,0.00686539548748776,2.6695190709394648e-05
current_csv,Current CSV,p,7,0.07,0.006822757906504136,0.006838700296778365,1.5942390274229293e-05
current_csv,Current CSV,p,8,0.08,0.006796027580986424,0.006822757906504135,2.673032551771086e-05
current_csv,Current CSV,p,9,0.09,0.006778586922372229,0.0067960275809864235,1.7440658614194943e-05
current_csv,Current CSV,p,10,0.1,0.006766693356847336,0.006778586922372229,1.189356552489234e-05
current_csv,Current CSV,p,11,0.11,0.0067636662657124865,0.0067666933568473345,3.0270911348479965e-06
current_csv,Current CSV,p,12,0.12,0.006748091623552404,0.006763666265712487,1.557464216008376e-05
current_csv,Current CSV,p,13,0.13,0.006722838120226335,0.0067480916235524045,2.5253503326069446e-05
current_csv,Current CSV,p,14,0.14,0.006705296098950948,0.006722838120226335,1.7542021275387433e-05
current_csv,Current CSV,p,15,0.15,0.006690608185655752,0.006705296098950947,1.4687913295194886e-05
current_csv,Current CSV,p,16,0.16,0.006692334397258987,0.006690608185655753,-1.7262116032345717e-06
current_csv,Current CSV,p,17,0.17,0.00657870036572732,0.006692335138139964,0.00011363477241264387
current_csv,Current CSV,p,18,0.18,0.006612627214240276,0.006578700365727321,-3.3926848512955306e-05
current_csv,Current CSV,p,19,0.19,0.006537780183104047,0.006612627214240276,7.484703113622929e-05
current_csv,Current CSV,p,20,0.2,0.006410523195455815,0.0065377801831040475,0.00012725698764823237
current_csv,Current CSV,p,21,0.21,0.0063020713638209285,0.006410527855049947,0.00010845649122901823
current_csv,Current CSV,p,22,0.22,0.006131743349591806,0.006302071363820929,0.00017032801422912306
current_csv,Current CSV,p,23,0.23,0.006063225293555219,0.006133544899592147,7.031960603692735e-05
current_csv,Current CSV,p,24,0.24,0.005963987225289414,0.006063225293555219,9.923806826580509e-05
current_csv,Current CSV,p,25,0.25,0.005914091680803482,0.005963987225289415,4.9895544485933224e-05
current_csv,Current CSV,p,26,0.26,0.005914066349450112,0.005914091680803481,2.533135336907355e-08
current_csv,Current CSV,p,27,0.27,0.00588553519601862,0.005914066349450111,2.8531153431491513e-05
current_csv,Current CSV,p,28,0.28,0.0057155409118054435,0.00588553519601862,0.00016999428421317613
current_csv,Current CSV,p,29,0.29,0.005521066414782013,0.005717308851850095,0.0001962424370680815
current_csv,Current CSV,p,30,0.3,0.005155797682554123,0.0055453851871482465,0.0003895875045941237
current_csv,Current CSV,p,31,0.31,0.004824895023998213,0.005263829442566529,0.0004389344185683156
current_csv,Current CSV,p,32,0.32,0.004421853765136862,0.004855408899661436,0.00043355513452457417
current_csv,Current CSV,p,33,0.33,0.004042863412952563,0.004547760548237359,0.0005048971352847962
current_csv,Current CSV,p,34,0.34,0.0035393858138426924,0.004091533615464838,0.0005521478016221452
current_csv,Current CSV,p,35,0.35000000000000003,0.003545068874845405,0.003719524961549814,0.00017445608670440876
current_csv,Current CSV,p,36,0.36,0.0034613653430060815,0.003545068874845405,8.370353183932353e-05
current_csv,Current CSV,p,37,0.37,0.0034663443716974364,0.0034613653430060815,-4.979028691354855e-06
current_csv,Current CSV,p,38,0.38,0.0034118527800872343,0.0034663504609546737,5.449768086743939e-05
current_csv,Current CSV,p,39,0.39,0.003383401287297121,0.003411852780087234,2.8451492790113053e-05
current_csv,Current CSV,p,40,0.4,0.0033833794782737814,0.003383401287297121,2.1809023339428718e-08
current_csv,Current CSV,p,41,0.41000000000000003,0.003353915218099853,0.0033833794782737814,2.9464260173928288e-05
current_csv,Current CSV,p,42,0.42,0.0033037137216653414,0.0033539152180998536,5.020149643451214e-05
current_csv,Current CSV,p,43,0.43,0.0032659199421034937,0.0033037137216653414,3.779377956184774e-05
current_csv,Current CSV,p,44,0.44,0.0032161126423695045,0.003265919942103494,4.98072997339896e-05
current_csv,Current CSV,p,45,0.45,0.003133368978810742,0.0032161126423695045,8.274366355876233e-05
current_csv,Current CSV,p,46,0.46,0.003063938587901302,0.0031333689788107418,6.94303909094399e-05
current_csv,Current CSV,p,47,0.47000000000000003,0.0028750970697171883,0.0030639385879013014,0.00018884151818411316
current_csv,Current CSV,p,48,0.48,0.002874947568414634,0.0028794167346471774,4.469166232543356e-06
current_csv,Current CSV,p,49,0.49,0.0028231681980939853,0.0028749475658445675,5.177936775058222e-05
current_csv,Current CSV,p,50,0.5,0.0027275335164694634,0.002823168198093985,9.56346816245214e-05
current_csv,Current CSV,p,51,0.51,0.0026763509284225104,0.0027275335164694634,5.118258804695302e-05
current_csv,Current CSV,p,52,0.52,0.002633260692853984,0.0026763509284225104,4.309023556852646e-05
current_csv,Current CSV,p,53,0.53,0.0026332267248437946,0.0026332606928539835,3.396801018891102e-08
current_csv,Current CSV,p,54,0.54,0.0026332258832002207,0.0026332267247718985,8.415716777968041e-10
current_csv,Current CSV,p,55,0.55,0.002545094719444415,0.0026332258832002207,8.813116375580576e-05
current_csv,Current CSV,p,56,0.56,0.0025048720597647296,0.0025450947194444145,4.0222659679684924e-05
current_csv,Current CSV,p,57,0.5700000000000001,0.0025069391494951573,0.0025048720597647296,-2.067089730427643e-06
current_csv,Current CSV,p,58,0.58,0.0025006779264964054,0.002506939149495157,6.261222998751436e-06
current_csv,Current CSV,p,59,0.59,0.0025112814574962217,0.0025006779264964054,-1.0603530999816254e-05
current_csv,Current CSV,p,60,0.6,0.002488317127137736,0.0025112814574962225,2.2964330358486544e-05
current_csv,Current CSV,p,61,0.61,0.00248717401793291,0.002488317127137736,1.1431092048260622e-06
current_csv,Current CSV,p,62,0.62,0.0024818563585262813,0.0024871736924088894,5.317333882608102e-06
current_csv,Current CSV,p,63,0.63,0.0024555069665188143,0.0024818563585262817,2.634939200746745e-05
current_csv,Current CSV,p,64,0.64,0.0024354189181844976,0.002455506966518814,2.0088048334316287e-05
current_csv,Current CSV,p,65,0.65,0.0023851766770136814,0.0024354189181844976,5.024224117081621e-05
current_csv,Current CSV,p,66,0.66,0.002345170949629811,0.002385176677013682,4.000572738387066e-05
current_csv,Current CSV,p,67,0.67,0.0022898439492512004,0.002345170949629811,5.532700037861075e-05
current_csv,Current CSV,p,68,0.68,0.0022415786612725703,0.002289843949251201,4.826528797863055e-05
current_csv,Current CSV,p,69,0.6900000000000001,0.0022040649332744225,0.0022415786612725703,3.7513727998147745e-05
current_csv,Current CSV,p,70,0.7000000000000001,0.002173283384558203,0.0022040649332744225,3.078154871621972e-05
current_csv,Current CSV,p,71,0.71,0.0021664586712380547,0.0021732833845582032,6.824713320148501e-06
current_csv,Current CSV,p,72,0.72,0.0021664558320769584,0.0021664586712380547,2.8391610963282576e-09
current_csv,Current CSV,p,73,0.73,0.0021520520677467576,0.0021664558320764558,1.440376432969813e-05
current_csv,Current CSV,p,74,0.74,0.0021502552499160542,0.0021520520677467576,1.7968178307034219e-06
current_csv,Current CSV,p,75,0.75,0.0021513338975694845,0.0021502544473819,-1.0794501875844437e-06
current_csv,Current CSV,p,76,0.76,0.002155218606440453,0.0021513338975694845,-3.88470887096844e-06
current_csv,Current CSV,p,77,0.77,0.002164430961727465,0.002155218606440453,-9.212355287012246e-06
current_csv,Current CSV,p,78,0.78,0.0021713402127201326,0.0021644309617274648,-6.909250992667877e-06
current_csv,Current CSV,p,79,0.79,0.002192675261525645,0.002171340212720132,-2.1335048805512947e-05
current_csv,Current CSV,p,80,0.8,0.002211698642939862,0.002192675261525645,-1.9023381414217007e-05
current_csv,Current CSV,p,81,0.81,0.0022419296320412524,0.002211698642939862,-3.0230989101390215e-05
current_csv,Current CSV,p,82,0.8200000000000001,0.0022631545846134153,0.002241929632041253,-2.122495257216245e-05
current_csv,Current CSV,p,83,0.8300000000000001,0.0023024393491100402,0.0022631545846134153,-3.928476449662497e-05
current_csv,Current CSV,p,84,0.84,0.0023350770751378947,0.0023024393491100407,-3.263772602785401e-05
current_csv,Current CSV,p,85,0.85,0.0023674241121882187,0.0023350770751378947,-3.2347037050324025e-05
current_csv,Current CSV,p,86,0.86,0.0023866339531685805,0.0023674241121882187,-1.9209840980361804e-05
current_csv,Current CSV,p,87,0.87,0.0024072949175791797,0.00238663395316858,-2.0660964410599593e-05
current_csv,Current CSV,p,88,0.88,0.0024335245744522573,0.0024072949175791797,-2.6229656873077642e-05
current_csv,Current CSV,p,89,0.89,0.0024449878071148893,0.0024335245744522573,-1.1463232662631967e-05
current_csv,Current CSV,p,90,0.9,0.0024590544676235475,0.0024449878071148897,-1.406666050865783e-05
current_csv,Current CSV,p,91,0.91,0.0024711417765813865,0.002459054467623548,-1.2087308957838515e-05
current_csv,Current CSV,p,92,0.92,0.0024809080474970935,0.002471141776581387,-9.766270915706563e-06
current_csv,Current CSV,p,93,0.93,0.002485596243126995,0.002480908047497094,-4.688195629901255e-06
current_csv,Current CSV,p,94,0.9400000000000001,0.0024906427960485296,0.002485596243126995,-5.046552921534383e-06
current_csv,Current CSV,p,95,0.9500000000000001,0.002544851492243928,0.0024906427960485296,-5.420869619539824e-05
current_csv,Current CSV,p,96,0.96,0.0025739733378166837,0.0025448514922439282,-2.9121845572755486e-05
current_csv,Current CSV,p,97,0.97,0.0026716768330239285,0.0025739733378166837,-9.770349520724477e-05
current_csv,Current CSV,p,98,0.98,0.0027585267113801144,0.0026716768330239285,-8.684987835618592e-05
current_csv,Current CSV,p,99,0.99,0.002832929483719732,0.0027585267113801144,-7.44027723396175e-05
current_csv,Current CSV,p,100,1.0,0.0029064937678500023,0.002832929483719732,-7.356428413027045e-05
current_csv,Current CSV,p,101,1.01,0.0029465104737229695,0.0029064937678500023,-4.0016705872967205e-05
current_csv,Current CSV,p,102,1.02,0.0029877238319511823,0.0029465104737229695,-4.121335822821273e-05
current_csv,Current CSV,p,103,1.03,0.002989813216292145,0.002987723831951182,-2.089384340962959e-06
current_csv,Current CSV,p,104,1.04,0.003000587178481521,0.002989813216292145,-1.0773962189376297e-05
current_csv,Current CSV,p,105,1.05,0.003005683742914571,0.003000587178481521,-5.096564433049785e-06
current_csv,Current CSV,p,106,1.06,0.0030179302340641936,0.003005683742914571,-1.2246491149622753e-05
current_csv,Current CSV,p,107,1.07,0.003017942300647175,0.0030179302340641936,-1.2066582981504897e-08
current_csv,Current CSV,p,108,1.08,0.0030390602068709987,0.0030179423006471756,-2.1117906223823164e-05
current_csv,Current CSV,p,109,1.09,0.00308661256647652,0.0030390602068709983,-4.755235960552176e-05
current_csv,Current CSV,p,110,1.1,0.003156195054731097,0.0030866125664765196,-6.958248825457728e-05
current_csv,Current CSV,p,111,1.11,0.003253092305853063,0.003156195054731097,-9.689725112196597e-05
current_csv,Current CSV,p,112,1.12,0.003391957046269097,0.003253092305853063,-0.0001388647404160343
current_csv,Current CSV,p,113,1.1300000000000001,0.0035172852246493336,0.003391856764701248,-0.0001254284599480856
current_csv,Current CSV,p,114,1.1400000000000001,0.0037396464456514867,0.003517089143163476,-0.00022255730248801073
current_csv,Current CSV,p,115,1.1500000000000001,0.003992237334643833,0.003716432668487507,-0.00027580466615632557
current_csv,Current CSV,p,116,1.16,0.004355854924625828,0.003956149018520617,-0.000399705906105211
current_csv,Current CSV,p,117,1.17,0.004782457823141537,0.004266873349364541,-0.0005155844737769963
current_csv,Current CSV,p,118,1.18,0.0047825796989446195,0.00468680549200942,-9.577420693519974e-05
current_csv,Current CSV,p,119,1.19,0.004959991023799035,0.0047825796989446195,-0.00017741132485441565
current_csv,Current CSV,p,120,1.2,0.004766411690565424,0.004957381420439054,0.00019096972987362945
current_csv,Current CSV,p,121,1.21,0.004424234447613933,0.004769300420057524,0.00034506597244359123
current_csv,Current CSV,p,122,1.22,0.0038420519783958942,0.00455930197249392,0.0007172499940980254
current_csv,Current CSV,p,123,1.23,0.0033455067130604816,0.003984421957988935,0.0006389152449284533
current_csv,Current CSV,p,124,1.24,0.0031293847731602557,0.0034740661392488148,0.0003446813660885591
current_csv,Current CSV,p,125,1.25,0.0032031375333323236,0.0031342422623127043,-6.889527101961931e-05
current_csv,Current CSV,p,126,1.26,0.00359772019565311,0.003203137533332324,-0.000394582662320786
current_csv,Current CSV,p,127,1.27,0.004171962490129613,0.003491752252937686,-0.0006802102371919268
current_csv,Current CSV,p,128,1.28,0.005025943178973711,0.003985464605647316,-0.0010404785733263942
current_csv,Current CSV,p,129,1.29,0.005829231628274433,0.0046288364533956985,-0.0012003951748787347
current_csv,Current CSV,p,130,1.3,0.006624323420789592,0.005490855136431116,-0.0011334682843584763
current_csv,Current CSV,p,131,1.31,0.007261357460764177,0.006274698383937616,-0.0009866590768265616
current_csv,Current CSV,p,132,1.32,0.007777058944474153,0.007022925710110583,-0.0007541332343635699
current_csv,Current CSV,p,133,1.33,0.008147600411673452,0.007634857385551305,-0.0005127430261221465
current_csv,Current CSV,p,134,1.34,0.008410903391986982,0.008090259014446004,-0.0003206443775409778
current_csv,Current CSV,p,135,1.35,0.008151945789786286,0.008389495393692107,0.00023754960390582128
current_csv,Current CSV,p,136,1.36,0.007649607093745781,0.008207459648161983,0.0005578525544162015
current_csv,Current CSV,p,137,1.37,0.0062614794861954514,0.007820923303805436,0.0015594438176099847
current_csv,Current CSV,p,138,1.3800000000000001,0.004569403529447507,0.007117501212284484,0.002548097682836977
current_csv,Current CSV,p,139,1.3900000000000001,0.0023304518284534546,0.005765613600039245,0.0034351617715857904
current_csv,Current CSV,p,140,1.4000000000000001,0.000397082374712006,0.004259045284445269,0.0038619629097332627
current_csv,Current CSV,p,141,1.41,-0.0019508771263802589,0.0023692247526781248,0.004320101879058383
current_csv,Current CSV,p,142,1.42,-0.0038280510990238706,0.0004874919756852285,0.004315543074709099
current_csv,Current CSV,p,143,1.43,-0.005346102627079221,-0.001549496672458618,0.0037966059546206033
current_csv,Current CSV,p,144,1.44,-0.006835657997048804,-0.0034584893758963613,0.0033771686211524427
current_csv,Current CSV,p,145,1.45,-0.008031197954197324,-0.0052116066618459285,0.0028195912923513955
current_csv,Current CSV,p,146,1.46,-0.009133986723657578,-0.006803392099322546,0.0023305946243350325
current_csv,Current CSV,p,147,1.47,-0.00967739189562966,-0.008196027785142302,0.0014813641104873577
current_csv,Current CSV,p,148,1.48,-0.010258024202085572,-0.009287564173232378,0.0009704600288531935
current_csv,Current CSV,p,149,1.49,-0.010819747494739712,-0.01004680811104609,0.0007729393836936223
current_csv,Current CSV,p,150,1.5,-0.011128534468479782,-0.01065070647229104,0.000477827996188741
current_csv,Current CSV,p,151,1.51,-0.011405814953360231,-0.01109682624964161,0.0003089887037186212
current_csv,Current CSV,p,152,1.52,-0.01177310900788557,-0.011365253773970279,0.0004078552339152903
current_csv,Current CSV,p,153,1.53,-0.012810720010796322,-0.011686546370042579,0.0011241736407537426
current_csv,Current CSV,p,154,1.54,-0.01233461927778741,-0.012179304209528953,0.0001553150682584558
current_csv,Current CSV,p,155,1.55,-0.012429189625156921,-0.012781717312524811,-0.0003525276873678901
current_csv,Current CSV,p,156,1.56,-0.012389701061826124,-0.01259551813963914,-0.00020581707781301695
current_csv,Current CSV,p,157,1.57,-0.012217581231681688,-0.012389701061826122,-0.0001721198301444342
current_csv,Current CSV,p,158,1.58,-0.012619218603438821,-0.01221956996542617,0.0003996486380126521
current_csv,Current CSV,p,159,1.59,-0.012044486121520846,-0.012525050520064319,-0.00048056439854347356
current_csv,Current CSV,p,160,1.6,-0.012194940975940666,-0.012505025975575113,-0.0003100849996344468
current_csv,Current CSV,p,161,1.61,-0.012225838644722991,-0.012192700871395255,3.313777332773597e-05
current_csv,Current CSV,p,162,1.62,-0.011645164730280376,-0.012225838644722991,-0.0005806739144426157
current_csv,Current CSV,p,163,1.6300000000000001,-0.010395469481831931,-0.011905169668780684,-0.0015097001869487526
current_csv,Current CSV,p,164,1.6400000000000001,-0.009617436143039823,-0.011041219081351902,-0.0014237829383120792
current_csv,Current CSV,p,165,1.6500000000000001,-0.00937847132573362,-0.010029015956404722,-0.0006505446306711016
current_csv,Current CSV,p,166,1.6600000000000001,-0.0076777248205091055,-0.00942253494785972,-0.0017448101273506138
current_csv,Current CSV,p,167,1.67,-0.007200127199341338,-0.009038383493050434,-0.001838256293709096
current_csv,Current CSV,p,168,1.68,-0.0061643239562225215,-0.007955192197413306,-0.0017908682411907845
current_csv,Current CSV,p,169,1.69,-0.005575585439286777,-0.006828444391558519,-0.0012528589522717414
current_csv,Current CSV,p,170,1.7,-0.004789981426485005,-0.0058806876030464035,-0.0010907061765613986
current_csv,Current CSV,p,171,1.71,-0.004007995782357696,-0.005127629375339575,-0.001119633592981879
current_csv,Current CSV,p,172,1.72,-0.00296526600912344,-0.004347554279034624,-0.0013822882699111843
current_csv,Current CSV,p,173,1.73,-0.0026337171315728054,-0.0035180805087858917,-0.0008843633772130863
current_csv,Current CSV,p,174,1.74,-0.0017812631071334867,-0.002749367085443459,-0.0009681039783099724
current_csv,Current CSV,p,175,1.75,-0.0009944026937542094,-0.002207662818027061,-0.0012132601242728516
current_csv,Current CSV,p,176,1.76,-0.00038828798442121324,-0.0013135903925495015,-0.0009253024081282882
current_csv,Current CSV,p,177,1.77,2.664874099948238e-05,-0.0006000355985462928,-0.0006266843395457751
current_csv,Current CSV,p,178,1.78,0.0002819633809406059,-5.605416199021088e-05,-0.0003380175429308168
current_csv,Current CSV,p,179,1.79,0.00016798314940940894,0.00026737976646241983,9.93966170530109e-05
current_csv,Current CSV,p,180,1.8,-0.0008332802798636441,0.0001680934385452018,0.001001373718408846
current_csv,Current CSV,p,181,1.81,-0.0016617176255686202,-0.00012454506505268236,0.0015371725605159378
current_csv,Current CSV,p,182,1.82,-0.0028129493081215993,-0.0011162098245438641,0.0016967394835777352
current_csv,Current CSV,p,183,1.83,-0.004260391539217803,-0.0021275029017708835,0.0021328886374469194
current_csv,Current CSV,p,184,1.84,-0.0060304495957525526,-0.0032725507934136047,0.002757898802338948
current_csv,Current CSV,p,185,1.85,-0.008195168691804753,-0.004668135308198706,0.0035270333836060477
current_csv,Current CSV,p,186,1.86,-0.010173828256153561,-0.0062684658543950295,0.0039053624017585317
current_csv,Current CSV,p,187,1.87,-0.012358664833451388,-0.008144462363435013,0.004214202470016375
current_csv,Current CSV,p,188,1.8800000000000001,-0.014733961674816049,-0.010037541027759686,0.004696420647056363
current_csv,Current CSV,p,189,1.8900000000000001,-0.015201595835516874,-0.012060803210887545,0.003140792624629329
current_csv,Current CSV,p,190,1.9000000000000001,-0.019342506781291895,-0.013893178141002369,0.005449328640289526
current_csv,Current CSV,p,191,1.9100000000000001,-0.021551143121011765,-0.015476978143528466,0.006074164977483299
current_csv,Current CSV,p,192,1.92,-0.023706533465005095,-0.017798175290255486,0.00590835817474961
current_csv,Current CSV,p,193,1.93,-0.028037832818108916,-0.020295995664819235,0.007741837153289681
current_csv,Current CSV,p,194,1.94,-0.028037877518100753,-0.02277804538630937,0.005259832131791382
current_csv,Current CSV,p,195,1.95,-0.030521177337114493,-0.025296138890542805,0.005225038446571687
current_csv,Current CSV,p,196,1.96,-0.03275757216735645,-0.02748218722038465,0.005275384946971797
current_csv,Current CSV,p,197,1.97,-0.03743109981402709,-0.02974782245989058,0.0076832773541365106
current_csv,Current CSV,p,198,1.98,-0.039639341532614135,-0.03208869073052025,0.007550650802093883
current_csv,Current CSV,p,199,1.99,-0.040632530832405186,-0.03500762230077317,0.005624908531632014
current_csv,Current CSV,p,200,2.0,-0.043375753028127975,-0.03757330505029846,0.005802447977829514
current_csv,Current CSV,p,201,2.0100000000000002,-0.043375539033651093,-0.039887368408071,0.0034881706255800934
current_csv,Current CSV,p,202,2.02,-0.04503942372757325,-0.04186872700432895,0.0031706967232442984
current_csv,Current CSV,p,203,2.0300000000000002,-0.04639698122513495,-0.04348416243344307,0.0029128187916918763
current_csv,Current CSV,p,204,2.04,-0.04781910393599044,-0.04507571743853726,0.0027433864974531763
current_csv,Current CSV,p,205,2.05,-0.04912262716680094,-0.04657110607342135,0.00255152109337959
current_csv,Current CSV,p,206,2.06,-0.05048800803186316,-0.04801191278338697,0.0024760952484761886
current_csv,Current CSV,p,207,2.07,-0.05164689073076784,-0.0493944701549959,0.002252420575771942
current_csv,Current CSV,p,208,2.08,-0.05371786405779994,-0.05073196165961016,0.0029859023981897853
current_csv,Current CSV,p,209,2.09,-0.053717536383044516,-0.05206621050602512,0.0016513258770193967
current_csv,Current CSV,p,210,2.1,-0.05459570605115359,-0.053299732682468216,0.0012959733686853728
current_csv,Current CSV,p,211,2.11,-0.055404173331867285,-0.054166487680613336,0.0012376856512539489
current_csv,Current CSV,p,212,2.12,-0.05614830466304345,-0.055025224566743365,0.0011230800963000845
current_csv,Current CSV,p,213,2.13,-0.056932503898640296,-0.05582868218420588,0.0011038217144344192
current_csv,Current CSV,p,214,2.14,-0.05760595529578283,-0.0565940404893988,0.0010119148063840316
current_csv,Current CSV,p,215,2.15,-0.0581889230000506,-0.05734500189145332,0.0008439211085972814
current_csv,Current CSV,p,216,2.16,-0.05898267214258731,-0.0580016333421031,0.0009810388004842102
current_csv,Current CSV,p,217,2.17,-0.05944098523647749,-0.0586372727763384,0.0008037124601390916
current_csv,Current CSV,p,218,2.18,-0.05998139927936321,-0.05932055975699532,0.0006608395223678884
current_csv,Current CSV,p,219,2.19,-0.06059552740994249,-0.059818913758711775,0.0007766136512307176
current_csv,Current CSV,p,220,2.2,-0.06118097426982918,-0.06038818394130548,0.0007927903285236959
current_csv,Current CSV,p,221,2.21,-0.061754817407818054,-0.06099619910560003,0.000758618302218024
current_csv,Current CSV,p,222,2.22,-0.06175143148237407,-0.061577894125410676,0.0001735373569633908
current_csv,Current CSV,p,223,2.23,-0.06280497072661642,-0.06175143148237407,0.0010535392442423547
current_csv,Current CSV,p,224,2.24,-0.0634237370470095,-0.062083124899040734,0.0013406121479687672
current_csv,Current CSV,p,225,2.25,-0.06401800277139953,-0.06303970987874842,0.0009782928926511114
current_csv,Current CSV,p,226,2.2600000000000002,-0.06433102600281844,-0.0637995534880852,0.0005314725147332333
current_csv,Current CSV,p,227,2.27,-0.06488447392965208,-0.06429346960147445,0.00059100432817763
current_csv,Current CSV,p,228,2.2800000000000002,-0.06560118709507073,-0.06464417672196125,0.000957010373109482
current_csv,Current CSV,p,229,2.29,-0.066059168701676,-0.06537092861801252,0.0006882400836634717
current_csv,Current CSV,p,230,2.3000000000000003,-0.06681242385944555,-0.06595143840390728,0.0008609854555382684
current_csv,Current CSV,p,231,2.31,-0.06782749251908185,-0.06647095217075652,0.0013565403483253302
current_csv,Current CSV,p,232,2.32,-0.06862196411698314,-0.06735884870378556,0.0012631154131975825
current_csv,Current CSV,p,233,2.33,-0.06945603559029422,-0.06824270673599744,0.0012133288542967718
current_csv,Current CSV,p,234,2.34,-0.07038137802832752,-0.06906909938901153,0.001312278639315989
current_csv,Current CSV,p,235,2.35,-0.0706644262031849,-0.06992091290584501,0.00074351329733989
current_csv,Current CSV,p,236,2.36,-0.07102406704339194,-0.07059224448530711,0.0004318225580848267
current_csv,Current CSV,p,237,2.37,-0.07215844383614613,-0.07096206154246895,0.0011963822936771756
current_csv,Current CSV,p,238,2.38,-0.07267300720789223,-0.0713969821942802,0.0012760250136120282
current_csv,Current CSV,p,239,2.39,-0.07400779480087019,-0.07235091079823223,0.0016568840026379567
current_csv,Current CSV,p,240,2.4,-0.07454361822072725,-0.0731873037396607,0.001356314481066545
current_csv,Current CSV,p,241,2.41,-0.07491548130077447,-0.07422491349248596,0.0006905678082885086
current_csv,Current CSV,p,242,2.42,-0.07638095676639209,-0.0748371678810798,0.001543788885312286
current_csv,Current CSV,p,243,2.43,-0.0772518183133088,-0.07531199155474844,0.001939826758560359
current_csv,Current CSV,p,244,2.44,-0.07808107932432679,-0.07646555284927502,0.0016155264750517678
current_csv,Current CSV,p,245,2.45,-0.07840152265859139,-0.07756094275239574,0.0008405799061956543
current_csv,Current CSV,p,246,2.46,-0.08070261333725355,-0.07829667256043717,0.0024059407768163843
current_csv,Current CSV,p,247,2.47,-0.08128123861970318,-0.07882824432255005,0.0024529942971531354
current_csv,Current CSV,p,248,2.48,-0.08096785997552909,-0.08009126353222418,0.0008765964433049139
current_csv,Current CSV,p,249,2.49,-0.08292955437670183,-0.0810774023252231,0.0018521520514787199
current_csv,Current CSV,p,250,2.5,-0.08416243382663681,-0.0817732891573881,0.002389144669248708
current_csv,Current CSV,p,251,2.5100000000000002,-0.08533716260707241,-0.08312944061088401,0.0022077219961884054
current_csv,Current CSV,p,252,2.52,-0.08718155075278636,-0.08443875855892839,0.0027427921938579652
current_csv,Current CSV,p,253,2.5300000000000002,-0.0882967584249023,-0.08575222406594302,0.00254453435895928
current_csv,Current CSV,p,254,2.54,-0.08955977563574391,-0.08727302247048757,0.002286753165256339
current_csv,Current CSV,p,255,2.5500000000000003,-0.0907703960585064,-0.088593452064066,0.0021769439944403918
current_csv,Current CSV,p,256,2.56,-0.09154908975612099,-0.08987394735083769,0.0016751424052832975
current_csv,Current CSV,p,257,2.57,-0.09296297222135799,-0.09101748748200406,0.0019454847393539365
current_csv,Current CSV,p,258,2.58,-0.09376298535968569,-0.0920474699782306,0.0017155153814550905
current_csv,Current CSV,p,259,2.59,-0.09419250065998949,-0.0932303301966269,0.0009621704633625966
current_csv,Current CSV,p,260,2.6,-0.09448689063061459,-0.09402864869137632,0.0004582419392382686
current_csv,Current CSV,p,261,2.61,-0.09437227698445523,-0.09446062997014315,-8.835298568792005e-05
current_csv,Current CSV,p,262,2.62,-0.09390275538773032,-0.09437354445226448,-0.00047078906453415503
current_csv,Current CSV,p,263,2.63,-0.09291000781759427,-0.09413208926901176,-0.0012220814514174866
current_csv,Current CSV,p,264,2.64,-0.09153212378664745,-0.09333536438283258,-0.0018032405961851267
current_csv,Current CSV,p,265,2.65,-0.08983369524042606,-0.09239681365555592,-0.002563118415129864
current_csv,Current CSV,p,266,2.66,-0.08787296334457352,-0.0910369796609748,-0.0031640163164012858
current_csv,Current CSV,p,267,2.67,-0.08538726809016382,-0.0895413518168282,-0.00415408372666437
current_csv,Current CSV,p,268,2.68,-0.08282601676108359,-0.08773207278609214,-0.004906056025008557
current_csv,Current CSV,p,269,2.69,-0.079966189697709,-0.08565077200131561,-0.0056845823036066195
current_csv,Current CSV,p,270,2.7,-0.07729305782181506,-0.08341111986682515,-0.0061180620450100864
current_csv,Current CSV,p,271,2.71,-0.07462275029106971,-0.08094317289719989,-0.00632042260613018
current_csv,Current CSV,p,272,2.72,-0.07214074590603822,-0.0784443099647569,-0.00630356405871868
current_csv,Current CSV,p,273,2.73,-0.06981111021754657,-0.07590961276572637,-0.006098502548179799
current_csv,Current CSV,p,274,2.74,-0.06832724989149058,-0.0734052764870684,-0.0050780265955778225
current_csv,Current CSV,p,275,2.75,-0.06435975128446228,-0.07106037806989286,-0.006700626785430583
current_csv,Current CSV,p,276,2.7600000000000002,-0.06350406892839319,-0.06882579474961972,-0.005321725821226531
current_csv,Current CSV,p,277,2.77,-0.0603984133073066,-0.06633284800578133,-0.005934434698474732
current_csv,Current CSV,p,278,2.7800000000000002,-0.05959114448159787,-0.06408056127343405,-0.004489416791836176
current_csv,Current CSV,p,279,2.79,-0.0577570354030394,-0.06181751263064901,-0.0040604772276096116
current_csv,Current CSV,p,280,2.8000000000000003,-0.05610805792904618,-0.059883742230887244,-0.0037756843018410605
current_csv,Current CSV,p,281,2.81,-0.05377092010905636,-0.05801256016985181,-0.00424164006079545
current_csv,Current CSV,p,282,2.82,-0.0522718624400126,-0.0561600992141768,-0.0038882367741642013
current_csv,Current CSV,p,283,2.83,-0.05114180692856471,-0.05419579892272252,-0.0030539919941578106
current_csv,Current CSV,p,284,2.84,-0.05036263952907649,-0.05249227485023533,-0.0021296353211588404
current_csv,Current CSV,p,285,2.85,-0.05000221230846451,-0.05111837698058186,-0.0011161646721173507
current_csv,Current CSV,p,286,2.86,-0.0489754363286148,-0.05020703471455403,-0.0012315983859392324
current_csv,Current CSV,p,287,2.87,-0.048185743864821697,-0.049523455121973495,-0.0013377112571517982
current_csv,Current CSV,p,288,2.88,-0.04745003143367703,-0.04855001419024631,-0.0010999827565692788
current_csv,Current CSV,p,289,2.89,-0.046643143256712455,-0.04776038949439917,-0.0011172462376867129
current_csv,Current CSV,p,290,2.9,-0.045921009970166286,-0.04699787723148855,-0.0010768672613222646
current_csv,Current CSV,p,291,2.91,-0.04532763894482641,-0.04621961109512651,-0.0008919721503001035
current_csv,Current CSV,p,292,2.92,-0.04501308183897401,-0.04552732488795393,-0.0005142430489799149
current_csv,Current CSV,p,293,2.93,-0.04480806992225852,-0.045049289356896165,-0.00024121943463764617
current_csv,Current CSV,p,294,2.94,-0.04444074000069308,-0.04481682030968095,-0.00037608030898787087
current_csv,Current CSV,p,295,2.95,-0.044450041453758596,-0.04459866244088639,-0.00014862098712779132
current_csv,Current CSV,p,296,2.96,-0.04389677487370943,-0.04445004145375859,-0.0005532665800491582
current_csv,Current CSV,p,297,2.97,-0.043551770455429635,-0.04413217014366513,-0.0005803996882354917
current_csv,Current CSV,p,298,2.98,-0.04357451558090826,-0.04359141578787461,-1.6900206966347087e-05
current_csv,Current CSV,p,299,2.99,-0.04344751310183323,-0.04357451558090827,-0.00012700247907503764
current_csv,Current CSV,p,300,3.0,-0.04322739502344382,-0.04344751722565462,-0.00022012220221079987
current_csv,Current CSV,p,301,3.0100000000000002,-0.04295537240236555,-0.04324169867585968,-0.00028632627349413353
current_csv,Current CSV,p,302,3.02,-0.04261432260779646,-0.043017931314393916,-0.0004036087065974539
current_csv,Current CSV,p,303,3.0300000000000002,-0.04227791221653861,-0.04266421614103906,-0.0003863039245004529
current_csv,Current CSV,p,304,3.04,-0.042033968824845835,-0.04233761048410241,-0.00030364165925657327
current_csv,Current CSV,p,305,3.0500000000000003,-0.04166075689357301,-0.042048217745185315,-0.00038746085161230764
current_csv,Current CSV,p,306,3.06,-0.04175661536201776,-0.041800896892676735,-4.428153065897528e-05
current_csv,Current CSV,p,307,3.0700000000000003,-0.040733551700663034,-0.04172093642795704,-0.0009873847272940037
current_csv,Current CSV,p,308,3.08,-0.040654217653846116,-0.04155287490435008,-0.000898657250503962
current_csv,Current CSV,p,309,3.09,-0.04049198621916018,-0.040816094445442756,-0.0003241082262825795
current_csv,Current CSV,p,310,3.1,-0.04041518265501483,-0.040492609441893306,-7.742678687847754e-05
current_csv,Current CSV,p,311,3.11,-0.04056504929920182,-0.040415182655014835,0.00014986664418698697
current_csv,Current CSV,p,312,3.12,-0.04018761962186163,-0.040564650614693804,-0.00037703099283217106
current_csv,Current CSV,p,313,3.13,-0.040242329223915206,-0.04026379126200723,-2.1462038092022462e-05
current_csv,Current CSV,p,314,3.14,-0.03994114230072964,-0.04024192763704146,-0.00030078533631181653
current_csv,Current CSV,p,315,3.15,-0.038864253936186255,-0.03997568526688053,-0.0011114313306942736
current_csv,Current CSV,p,316,3.16,-0.03964992167081527,-0.03962292363429899,2.6998036516276414e-05
current_csv,Current CSV,p,317,3.17,-0.039271364790015625,-0.039025856668384123,0.00024550812163150193
current_csv,Current CSV,p,318,3.18,-0.038801343112867245,-0.039179421879527436,-0.00037807876666019063
current_csv,Current CSV,p,319,3.19,-0.03959579367882029,-0.03915511143957104,0.00044068223924925015
current_csv,Current CSV,p,320,3.2,-0.038854376789849585,-0.0388409224942922,1.3454295557387141e-05
current_csv,Current CSV,p,321,3.21,-0.037062741079368834,-0.03885437954526244,-0.0017916384658936066
current_csv,Current CSV,p,322,3.22,-0.03649582894790058,-0.038534388443323866,-0.002038559495423288
current_csv,Current CSV,p,323,3.23,-0.03530044170356939,-0.03744035767571573,-0.002139915972146335
current_csv,Current CSV,p,324,3.24,-0.03569077784079939,-0.03616146160298,-0.0004706837621806098
current_csv,Current CSV,p,325,3.25,-0.0350668192745372,-0.035384146213456195,-0.0003173269389189978
current_csv,Current CSV,p,326,3.2600000000000002,-0.034710779910820236,-0.03507552890992192,-0.0003647489991016814
current_csv,Current CSV,p,327,3.27,-0.03425179090382758,-0.03485901866260913,-0.0006072277587815533
current_csv,Current CSV,p,328,3.2800000000000002,-0.03378307108201809,-0.0343255285880937,-0.0005424575060756082
current_csv,Current CSV,p,329,3.29,-0.033410385254208946,-0.03391403901407384,-0.000503653759864893
current_csv,Current CSV,p,330,3.3000000000000003,-0.03296034420350372,-0.033469076535357314,-0.0005087323318535911
current_csv,Current CSV,p,331,3.31,-0.031519159986454666,-0.03308847820939988,-0.001569318222945211
current_csv,Current CSV,p,332,3.3200000000000003,-0.032046169803852255,-0.03251146531354696,-0.00046529550969470757
current_csv,Current CSV,p,333,3.33,-0.031130823634712625,-0.03168977803286965,-0.0005589543981570286
current_csv,Current CSV,p,334,3.34,-0.030745130110909537,-0.03122012136525528,-0.0004749912543457434
current_csv,Current CSV,p,335,3.35,-0.030010026014186623,-0.03081633750246673,-0.0008063114882801078
current_csv,Current CSV,p,336,3.36,-0.029333176428017943,-0.030367335254799125,-0.001034158826781182
current_csv,Current CSV,p,337,3.37,-0.02857033463616728,-0.029562011273764746,-0.0009916766375974648
current_csv,Current CSV,p,338,3.38,-0.027979175260188432,-0.028886246107720122,-0.0009070708475316901
current_csv,Current CSV,p,339,3.39,-0.027153229316183778,-0.028180570758118702,-0.0010273414419349237
current_csv,Current CSV,p,340,3.4,-0.026226718736009395,-0.02752333387619629,-0.0012966151401868943
current_csv,Current CSV,p,341,3.41,-0.02457388506324552,-0.0266629748349764,-0.0020890897717308794
current_csv,Current CSV,p,342,3.42,-0.024690233138011053,-0.025702849448742144,-0.001012616310731091
current_csv,Current CSV,p,343,3.43,-0.02375513867011667,-0.0247561249004826,-0.00100098623036593
current_csv,Current CSV,p,344,3.44,-0.022244073075863124,-0.02412279751142346,-0.001878724435560336
current_csv,Current CSV,p,345,3.45,-0.021938722415128682,-0.023182019087211854,-0.0012432966720831717
current_csv,Current CSV,p,346,3.46,-0.02103650825463792,-0.022181677401367943,-0.001145169146730022
current_csv,Current CSV,p,347,3.47,-0.020109560465690953,-0.021466965258220536,-0.0013574047925295832
current_csv,Current CSV,p,348,3.48,-0.019172361242669515,-0.020558386219075186,-0.0013860249764056712
current_csv,Current CSV,p,349,3.49,-0.018176061614099556,-0.019655673659425717,-0.0014796120453261612
current_csv,Current CSV,p,350,3.5,-0.017169271074602442,-0.01871567788837648,-0.001546406813774038
current_csv,Current CSV,p,351,3.5100000000000002,-0.016194331685159106,-0.01773323610754187,-0.0015389044223827648
current_csv,Current CSV,p,352,3.52,-0.01519197280206577,-0.016740446359748338,-0.0015484735576825684
current_csv,Current CSV,p,353,3.5300000000000002,-0.014144199556518335,-0.015754344494148177,-0.0016101449376298427
current_csv,Current CSV,p,354,3.54,-0.013096366326742902,-0.014748341536201448,-0.001651975209458546
current_csv,Current CSV,p,355,3.5500000000000003,-0.012077869727733054,-0.013714009837552282,-0.0016361401098192278
current_csv,Current CSV,p,356,3.56,-0.011727606151835367,-0.012676515151315822,-0.000948908999480455
current_csv,Current CSV,p,357,3.5700000000000003,-0.011158426837911649,-0.011871252738334087,-0.0007128259004224383
current_csv,Current CSV,p,358,3.58,-0.00979816147791127,-0.011336171003147063,-0.001538009525235794
current_csv,Current CSV,p,359,3.59,-0.00902239026352344,-0.010679127919310884,-0.0016567376557874436
current_csv,Current CSV,p,360,3.6,-0.008175210449645384,-0.009533828615155412,-0.0013586181655100282
current_csv,Current CSV,p,361,3.61,-0.007169106354473412,-0.008606270552603127,-0.0014371641981297152
current_csv,Current CSV,p,362,3.62,-0.006073920916399851,-0.007704395260841309,-0.0016304743444414578
current_csv,Current CSV,p,363,3.63,-0.005016711812760227,-0.006709205715003714,-0.0016924939022434872
current_csv,Current CSV,p,364,3.64,-0.003998464539274072,-0.005652598316090362,-0.0016541337768162905
current_csv,Current CSV,p,365,3.65,-0.0030830586078617567,-0.004603300399441347,-0.00152024179157959
current_csv,Current CSV,p,366,3.66,-0.0023317967343644067,-0.003596605521484568,-0.0012648087871201612
current_csv,Current CSV,p,367,3.67,-0.001935724544031496,-0.002693513314884718,-0.0007577887708532219
current_csv,Current CSV,p,368,3.68,-0.0016639674600694787,-0.002034916741433076,-0.0003709492813635971
current_csv,Current CSV,p,369,3.69,-0.0013117045106877502,-0.0016824559847923002,-0.00037075147410455
current_csv,Current CSV,p,370,3.7,-0.0010111049056303494,-0.0014224996392176838,-0.00041139473358733436
current_csv,Current CSV,p,371,3.71,-0.0005087536708858378,-0.0010292124690916124,-0.0005204587982057746
current_csv,Current CSV,p,372,3.72,0.00016558816764693403,-0.0007506402504335695,-0.0009162284180805035
current_csv,Current CSV,p,373,3.73,0.00017430803810626182,-3.5124914814872006e-05,-0.00020943295292113383
current_csv,Current CSV,p,374,3.74,0.00030685441543520405,0.0001743080381062619,-0.00013254637732894214
current_csv,Current CSV,p,375,3.75,0.00042131035240374224,0.0003068262833108094,-0.00011448406909293286
current_csv,Current CSV,p,376,3.7600000000000002,0.0005684764615105267,0.00042130826258234374,-0.00014716819892818294
current_csv,Current CSV,p,377,3.77,0.0006781077215549252,0.0005679680525913232,-0.00011013966896360205
current_csv,Current CSV,p,378,3.7800000000000002,0.0007914343793952373,0.0006779916218263812,-0.00011344275756885612
current_csv,Current CSV,p,379,3.79,0.000957745484673542,0.0007914123263784489,-0.00016633315829509313
current_csv,Current CSV,p,380,3.8000000000000003,0.0006427449039348582,0.0009549714407885448,0.0003122265368536866
current_csv,Current CSV,p,381,3.81,0.00047223471399652047,0.0006875504625733572,0.00021531574857683674
current_csv,Current CSV,p,382,3.8200000000000003,0.00024225991409501343,0.00047365605841369026,0.00023139614431867683
current_csv,Current CSV,p,383,3.83,-0.00038139207786213404,0.000283103314717533,0.0006644953925796671
current_csv,Current CSV,p,384,3.84,-0.0008647513180776185,-8.310529675176906e-05,0.0007816460213258494
current_csv,Current CSV,p,385,3.85,-0.0013257186197342538,-0.0007562513795947069,0.0005694672401395469
current_csv,Current CSV,p,386,3.86,-0.0019242139126887676,-0.0012140080459060601,0.0007102058667827075
current_csv,Current CSV,p,387,3.87,-0.002387209858027953,-0.0017152091080714432,0.0006720007499565097
current_csv,Current CSV,p,388,3.88,-0.0028392327062824784,-0.002281089963000462,0.0005581427432820164
current_csv,Current CSV,p,389,3.89,-0.0032500064220274028,-0.002732621330168666,0.0005173850918587367
current_csv,Current CSV,p,390,3.9,-0.004239845469998434,-0.0031684228087746113,0.001071422661223823
current_csv,Current CSV,p,391,3.91,-0.00498715715613832,-0.0036497542845303752,0.0013374028716079448
current_csv,Current CSV,p,392,3.92,-0.0059470836358541165,-0.004625755160642814,0.0013213284752113027
current_csv,Current CSV,p,393,3.93,-0.006938059883170525,-0.005462420132985464,0.0014756397501850616
current_csv,Current CSV,p,394,3.94,-0.007877517368409746,-0.006402409275602857,0.001475108092806889
current_csv,Current CSV,p,395,3.95,-0.009090376241326274,-0.007368246984576169,0.0017221292567501049
current_csv,Current CSV,p,396,3.96,-0.010345148274157188,-0.008360985283412238,0.0019841629907449507
current_csv,Current CSV,p,397,3.97,-0.01176669287835904,-0.009525061499183118,0.0022416313791759224
current_csv,Current CSV,p,398,3.98,-0.013115833727275827,-0.010753708186443507,0.0023621255408323195
current_csv,Current CSV,p,399,3.99,-0.014673165989830227,-0.012082380393558134,0.0025907855962720924
current_csv,Current CSV,p,400,4.0,-0.016300629895968186,-0.0134500293209874,0.002850600574980785
current_csv,Current CSV,p,401,4.01,-0.017882277435338836,-0.014925409876429725,0.002956867558909112
current_csv,Current CSV,p,402,4.0200000000000005,-0.019542797231742067,-0.01646923689919983,0.0030735603325422363
current_csv,Current CSV,p,403,4.03,-0.021177735098031565,-0.01804089391871975,0.0031368411793118167
current_csv,Current CSV,p,404,4.04,-0.022639059675735446,-0.019650338042613666,0.0029887216331217804
current_csv,Current CSV,p,405,4.05,-0.024389611169447593,-0.021246531533654602,0.003143079635792991
current_csv,Current CSV,p,406,4.0600000000000005,-0.025903667386763977,-0.02281885762789806,0.0030848097588659154
current_csv,Current CSV,p,407,4.07,-0.027553430496940333,-0.024442255514955446,0.003111174981984887
current_csv,Current CSV,p,408,4.08,-0.0293596595046494,-0.02603507253712972,0.00332458696751968
current_csv,Current CSV,p,409,4.09,-0.031203257230630693,-0.02767224424727947,0.0035310129833512234
current_csv,Current CSV,p,410,4.1,-0.03328113788866914,-0.02938894902499993,0.0038921888636692104
current_csv,Current CSV,p,411,4.11,-0.035855897373758626,-0.031183304321046466,0.00467259305271216
current_csv,Current CSV,p,412,4.12,-0.040885364273582,-0.03313063569248411,0.0077547285810978875
current_csv,Current CSV,p,413,4.13,-0.041029194944133145,-0.035437908462970846,0.005591286481162298
current_csv,Current CSV,p,414,4.14,-0.04344178906838055,-0.038019812124358364,0.005421976944022189
current_csv,Current CSV,p,415,4.15,-0.044288445976242916,-0.04029206603542442,0.003996379940818494
current_csv,Current CSV,p,416,4.16,-0.04844357068629969,-0.04238128808600356,0.0060622826002961275
current_csv,Current CSV,p,417,4.17,-0.05049130543809235,-0.04426891101992626,0.006222394418166084
current_csv,Current CSV,p,418,4.18,-0.052977371090026634,-0.04680445908900444,0.006172912001022192
current_csv,Current CSV,p,419,4.19,-0.055468164518692194,-0.049298992666312255,0.0061691718523799385
current_csv,Current CSV,p,420,4.2,-0.057461250513613144,-0.051791379287119854,0.005669871226493289
current_csv,Current CSV,p,421,4.21,-0.06170255552021552,-0.054230776344788484,0.007471779175427039
current_csv,Current CSV,p,422,4.22,-0.0634806697694797,-0.05664967015017013,0.006830999619309573
current_csv,Current CSV,p,423,4.23,-0.06607882298871776,-0.05947137290763307,0.006607450081084688
current_csv,Current CSV,p,424,4.24,-0.06880519772800543,-0.06207182135936044,0.006733376368644989
current_csv,Current CSV,p,425,4.25,-0.07181796335362348,-0.06468220743018681,0.007135755923436668
current_csv,Current CSV,p,426,4.26,-0.07698986204798061,-0.06734716619949493,0.009642695848485677
current_csv,Current CSV,p,427,4.2700000000000005,-0.07877045496305049,-0.07017338702461613,0.008597067938434358
current_csv,Current CSV,p,428,4.28,-0.08742643490802719,-0.07341162897469433,0.01401480593333286
current_csv,Current CSV,p,429,4.29,-0.0866385285434267,-0.07649551527576699,0.010143013267659706
current_csv,Current CSV,p,430,4.3,-0.08842094225495152,-0.08004866110886083,0.00837228114609069
current_csv,Current CSV,p,431,4.3100000000000005,-0.0958750819597394,-0.08322555846342479,0.01264952349631461
current_csv,Current CSV,p,432,4.32,-0.10573134683043418,-0.08626387986936113,0.019467466961073057
current_csv,Current CSV,p,433,4.33,-0.10727196657954953,-0.09007625394196414,0.01719571263758539
current_csv,Current CSV,p,434,4.34,-0.11340937296614546,-0.09462444659289719,0.018784926373248273
current_csv,Current CSV,p,435,4.3500000000000005,-0.12035924698601749,-0.09927184584076137,0.02108740114525612
current_csv,Current CSV,p,436,4.36,-0.12780180406780456,-0.10425023001055306,0.0235515740572515
current_csv,Current CSV,p,437,4.37,-0.13541261700317186,-0.10954086724690301,0.025871749756268853
current_csv,Current CSV,p,438,4.38,-0.14397492547969035,-0.11517025095831676,0.028804674521373586
current_csv,Current CSV,p,439,4.39,-0.15212109240307592,-0.12106846468129316,0.031052627721782758
current_csv,Current CSV,p,440,4.4,-0.16117186581058518,-0.1273660480180886,0.033805817792496584
current_csv,Current CSV,p,441,4.41,-0.1800129444190063,-0.13383880859667657,0.04617413582232974
current_csv,Current CSV,p,442,4.42,-0.18000533632917262,-0.1407562171581438,0.03924911917102883
current_csv,Current CSV,p,443,4.43,-0.188085451041762,-0.1482121689955052,0.039873282046256786
current_csv,Current CSV,p,444,4.44,-0.19676855806403018,-0.15549387053509695,0.041274687528933235
current_csv,Current CSV,p,445,4.45,-0.20594227801918494,-0.162877792699562,0.043064485319622925
current_csv,Current CSV,p,446,4.46,-0.2155250375691176,-0.17041267072558353,0.04511236684353406
current_csv,Current CSV,p,447,4.47,-0.22406433480549404,-0.1781467179994917,0.04591761680600234
current_csv,Current CSV,p,448,4.48,-0.24006670173469424,-0.18604143059315797,0.05402527114153627
current_csv,Current CSV,p,449,4.49,-0.24091488601580477,-0.19405770655823357,0.0468571794575712
current_csv,Current CSV,p,450,4.5,-0.24923873688471604,-0.20236082345766476,0.046877913427051277
current_csv,Current CSV,p,451,4.51,-0.263448630889857,-0.21035877146793344,0.05308985942192354
current_csv,Current CSV,p,452,4.5200000000000005,-0.263728852347152,-0.21846206505122212,0.04526678729592987
current_csv,Current CSV,p,453,4.53,-0.2708869024468658,-0.22665126569311986,0.04423563675374595
current_csv,Current CSV,p,454,4.54,-0.2771592877212681,-0.23446405473772497,0.04269523298354311
current_csv,Current CSV,p,455,4.55,-0.28263065283169725,-0.24217674937766848,0.04045390345402877
current_csv,Current CSV,p,456,4.5600000000000005,-0.2873534038511484,-0.24970600955973155,0.037647394291416836
current_csv,Current CSV,p,457,4.57,-0.29176725897926287,-0.2569809028381128,0.034786356141150054
current_csv,Current CSV,p,458,4.58,-0.2968370197889367,-0.26395886554259157,0.032878154246345104
current_csv,Current CSV,p,459,4.59,-0.300690778094163,-0.2706765076582267,0.030014270435936297
current_csv,Current CSV,p,460,4.6000000000000005,-0.3053258263201174,-0.27713281072251417,0.028193015597603233
current_csv,Current CSV,p,461,4.61,-0.30961386954613224,-0.2833113290807171,0.026302540465415136
current_csv,Current CSV,p,462,4.62,-0.31485244561542497,-0.28927200051469093,0.02558044510073404
current_csv,Current CSV,p,463,4.63,-0.3207366414464256,-0.29505953922810374,0.025677102218321868
current_csv,Current CSV,p,464,4.64,-0.3271027091029747,-0.30079961019617224,0.026303098906802436
current_csv,Current CSV,p,465,4.65,-0.33487949278812607,-0.3065769920135041,0.028302500774621986
current_csv,Current CSV,p,466,4.66,-0.34295866220740157,-0.3124719298874482,0.030486732319953358
current_csv,Current CSV,p,467,4.67,-0.351236428521117,-0.31868317975238397,0.032553248768733
current_csv,Current CSV,p,468,4.68,-0.35123863180301373,-0.3250867409080813,0.026151890894932417
current_csv,Current CSV,p,469,4.69,-0.36744206522514755,-0.3312254498807659,0.03621661534438164
current_csv,Current CSV,p,470,4.7,-0.38348404548695686,-0.3370740071735632,0.04641003831339369
current_csv,Current CSV,p,471,4.71,-0.3915926626046452,-0.3436966171330271,0.047896045471618076
current_csv,Current CSV,p,472,4.72,-0.3916498572043928,-0.35113921745948207,0.04051063974491076
current_csv,Current CSV,p,473,4.73,-0.399519829685278,-0.3588445751553053,0.04067525452997267
current_csv,Current CSV,p,474,4.74,-0.4141590204309605,-0.3662312067417396,0.04792781368922089
current_csv,Current CSV,p,475,4.75,-0.4214072250006993,-0.3737394866791726,0.04766773832152671
current_csv,Current CSV,p,476,4.76,-0.4214046758807613,-0.3818813646850831,0.0395233111956782
current_csv,Current CSV,p,477,4.7700000000000005,-0.42878946957930736,-0.38952245505327404,0.03926701452603332
current_csv,Current CSV,p,478,4.78,-0.43405095433571084,-0.3967940943907075,0.03725685994500333
current_csv,Current CSV,p,479,4.79,-0.4406676796436324,-0.4039941291496274,0.036673550494005
current_csv,Current CSV,p,480,4.8,-0.45055940502654473,-0.41103630330921,0.03952310171733475
current_csv,Current CSV,p,481,4.8100000000000005,-0.45056132096654744,-0.4181085083694452,0.032452812597102254
current_csv,Current CSV,p,482,4.82,-0.45471388861189904,-0.4249929803799876,0.029720908231911425
current_csv,Current CSV,p,483,4.83,-0.4610153777524866,-0.431394745818875,0.029620631933611585
current_csv,Current CSV,p,484,4.84,-0.46101746716268865,-0.43761858256314307,0.02339888459954559
current_csv,Current CSV,p,485,4.8500000000000005,-0.4635308214539314,-0.4434030794094264,0.02012774204450496
current_csv,Current CSV,p,486,4.86,-0.4663778199715852,-0.4486346834750849,0.017743136496500278
current_csv,Current CSV,p,487,4.87,-0.4679889250647959,-0.4534792002624688,0.014509724802327095
current_csv,Current CSV,p,488,4.88,-0.4679879209127578,-0.45788140074312134,0.01010652016963648
current_csv,Current CSV,p,489,4.89,-0.469244527130848,-0.46154251669414914,0.007702010436698881
current_csv,Current CSV,p,490,4.9,-0.4701985945395975,-0.4646153065267487,0.005583288012848797
current_csv,Current CSV,p,491,4.91,-0.47117886541857584,-0.46717332073055934,0.004005544688016505
current_csv,Current CSV,p,492,4.92,-0.47250032380414414,-0.4692485946387902,0.0032517291653539337
current_csv,Current CSV,p,493,4.93,-0.47395835343280596,-0.4709906676590956,0.0029676857737103712
current_csv,Current CSV,p,494,4.94,-0.47512006015659664,-0.4725784360716035,0.0025416240849931437
current_csv,Current CSV,p,495,4.95,-0.4768019544805194,-0.4740548943500201,0.0027470601304993014
current_csv,Current CSV,p,496,4.96,-0.47711227016459984,-0.47545311159132997,0.00165915857326987
current_csv,Current CSV,p,497,4.97,-0.47660516089134847,-0.47667352686515374,-6.836597380527332e-05
current_csv,Current CSV,p,498,4.98,-0.4737537806912477,-0.47711039415715306,-0.003356613465905378
current_csv,Current CSV,p,499,4.99,-0.47094857561728215,-0.4767272614491524,-0.005778685831870245
current_csv,Current CSV,p,500,5.0,-0.47106773870971996,-0.47552412874115174,-0.004456390031431778
current_csv,Current CSV,p,501,5.01,-0.4590801151860394,-0.47356384459243067,-0.014483729406391255
current_csv,Current CSV,p,502,5.0200000000000005,-0.45916160248933513,-0.47142141121158226,-0.012259808722247134
current_csv,Current CSV,p,503,5.03,-0.4591628713826752,-0.46850492516406717,-0.009342053781391968
current_csv,Current CSV,p,504,5.04,-0.4455697766760959,-0.4651009912232268,-0.019531214547130915
current_csv,Current CSV,p,505,5.05,-0.4403054015626707,-0.46186096157291134,-0.02155556001024067
current_csv,Current CSV,p,506,5.0600000000000005,-0.43566274038884134,-0.4578468792559292,-0.022184138867087866
current_csv,Current CSV,p,507,5.07,-0.42984948397193923,-0.4530149952681376,-0.02316551129619837
current_csv,Current CSV,p,508,5.08,-0.42341426552551,-0.4475634394436519,-0.02414917391814192
current_csv,Current CSV,p,509,5.09,-0.4163644808058251,-0.44210031529101296,-0.025735834485187847
current_csv,Current CSV,p,510,5.1000000000000005,-0.4079141363249455,-0.4364796546220703,-0.02856551829712478
current_csv,Current CSV,p,511,5.11,-0.3992255786250361,-0.4305941635212633,-0.03136858489622718
current_csv,Current CSV,p,512,5.12,-0.39179459328879035,-0.4243187441960775,-0.032524150907287164
current_csv,Current CSV,p,513,5.13,-0.3823745891939453,-0.41781066996004823,-0.03543608076610294
current_csv,Current CSV,p,514,5.14,-0.37451537570975446,-0.41117577575187464,-0.03666040004212018
current_csv,Current CSV,p,515,5.15,-0.37512082665557367,-0.40416911397530675,-0.02904828731973308
current_csv,Current CSV,p,516,5.16,-0.3608613678037358,-0.39760560869068323,-0.036744240886947444
current_csv,Current CSV,p,517,5.17,-0.3520399060443982,-0.3913323560727263,-0.039292450028328096
current_csv,Current CSV,p,518,5.18,-0.34546338520147707,-0.3843062063300165,-0.03884282112853943
current_csv,Current CSV,p,519,5.19,-0.345311282847981,-0.37697438930486044,-0.03166310645687942
current_csv,Current CSV,p,520,5.2,-0.3292366760687615,-0.3701795015865669,-0.04094282551780537
current_csv,Current CSV,p,521,5.21,-0.3206153712715256,-0.3636737129183808,-0.04305834164685518
current_csv,Current CSV,p,522,5.22,-0.3100692479804567,-0.35640121285006604,-0.04633196486960933
current_csv,Current CSV,p,523,5.23,-0.30061141671810476,-0.34854489186404725,-0.047933475145942483
current_csv,Current CSV,p,524,5.24,-0.29026585405803446,-0.3405277360518882,-0.05026188199385373
current_csv,Current CSV,p,525,5.25,-0.27911716575553863,-0.3323503912297378,-0.053233225474199175
current_csv,Current CSV,p,526,5.26,-0.2679868011015324,-0.32390955042673353,-0.05592274932520114
current_csv,Current CSV,p,527,5.2700000000000005,-0.25744438949827886,-0.31521942725799873,-0.05777503775971987
current_csv,Current CSV,p,528,5.28,-0.2475645890988784,-0.30632498008283704,-0.05876039098395863
current_csv,Current CSV,p,529,5.29,-0.23798110532750172,-0.2973133252831615,-0.05933221995565979
current_csv,Current CSV,p,530,5.3,-0.2203493565222285,-0.2882311874957354,-0.06788183097350689
current_csv,Current CSV,p,531,5.3100000000000005,-0.2202806792543619,-0.27903366028035687,-0.058752981025994966
current_csv,Current CSV,p,532,5.32,-0.21201682030480282,-0.2696567479643263,-0.0576399276595235
current_csv,Current CSV,p,533,5.33,-0.212015874533739,-0.260642942415851,-0.04862706788211202
current_csv,Current CSV,p,534,5.34,-0.19718892322306286,-0.2521228791485519,-0.05493395592548905
current_csv,Current CSV,p,535,5.3500000000000005,-0.18972732353559793,-0.24389389984983126,-0.05416657631423333
current_csv,Current CSV,p,536,5.36,-0.18301408483402054,-0.23511405081824222,-0.052099965984221674
current_csv,Current CSV,p,537,5.37,-0.1765034160779218,-0.22651318678737226,-0.05000977070945045
current_csv,Current CSV,p,538,5.38,-0.17000296261662676,-0.21809599320925524,-0.04809303059262848
current_csv,Current CSV,p,539,5.39,-0.16442932197877244,-0.209860730152296,-0.04543140817352356
current_csv,Current CSV,p,540,5.4,-0.15824603270697143,-0.20183234808874395,-0.04358631538177252
current_csv,Current CSV,p,541,5.41,-0.15384373960432082,-0.19402330869064083,-0.040179569086320005
current_csv,Current CSV,p,542,5.42,-0.14896211147302404,-0.18646265029811374,-0.03750053882508969
current_csv,Current CSV,p,543,5.43,-0.14358583539305925,-0.179212950328809,-0.03562711493574974
current_csv,Current CSV,p,544,5.44,-0.14356804457014424,-0.17220085982069158,-0.02863281525054734
current_csv,Current CSV,p,545,5.45,-0.1337848639022829,-0.16575849767062353,-0.03197363376834064
current_csv,Current CSV,p,546,5.46,-0.12868145387561666,-0.15961247361837555,-0.030931019742758886
current_csv,Current CSV,p,547,5.47,-0.12378991610849742,-0.15307989939688657,-0.02928998328838915
current_csv,Current CSV,p,548,5.48,-0.11846219393231834,-0.14678245640494408,-0.028320262472625743
current_csv,Current CSV,p,549,5.49,-0.11413469078278098,-0.14064108937474443,-0.02650639859196345
current_csv,Current CSV,p,550,5.5,-0.11411339619636347,-0.13465669725140536,-0.020543301055041888
current_csv,Current CSV,p,551,5.51,-0.10778583975575774,-0.12926257532342275,-0.02147673556766501
current_csv,Current CSV,p,552,5.5200000000000005,-0.10634150127050153,-0.12419412052337768,-0.01785261925287615
current_csv,Current CSV,p,553,5.53,-0.10632575303042485,-0.1192351601275408,-0.012909407097115952
current_csv,Current CSV,p,554,5.54,-0.10629383412887894,-0.11504423561619302,-0.008750401487314083
current_csv,Current CSV,p,555,5.55,-0.10822583367499271,-0.1116665485583441,-0.0034407148833513895
current_csv,Current CSV,p,556,5.5600000000000005,-0.11096230693728089,-0.10910856997629713,0.0018537369609837595
current_csv,Current CSV,p,557,5.57,-0.11829283862753812,-0.10737059139425016,0.010922247233287954
current_csv,Current CSV,p,558,5.58,-0.11828029914337809,-0.1064526128122032,0.011827686331174897
current_csv,Current CSV,p,559,5.59,-0.12227829267375775,-0.10635463423015623,0.015923658443601524
current_csv,Current CSV,p,560,5.6000000000000005,-0.12578598390334825,-0.10707665564810927,0.01870932825523898
current_csv,Current CSV,p,561,5.61,-0.12913822059878474,-0.10861867706606229,0.02051954353272245
current_csv,Current CSV,p,562,5.62,-0.13202987830168048,-0.11098069848401532,0.02104917981766516
current_csv,Current CSV,p,563,5.63,-0.13406866330057063,-0.11416271990196834,0.019905943398602285
current_csv,Current CSV,p,564,5.64,-0.13543912879766018,-0.11816474131992137,0.01727438747773881
current_csv,Current CSV,p,565,5.65,-0.1362903123768378,-0.12283211580570956,0.013458196571128248
current_csv,Current CSV,p,566,5.66,-0.13653924424287475,-0.12709436040149366,0.009444883841381091
current_csv,Current CSV,p,567,5.67,-0.1363717134646571,-0.13061484645187482,0.005756867012782274
current_csv,Current CSV,p,568,5.68,-0.13509070074819868,-0.13332152057285804,0.00176918017534064
current_csv,Current CSV,p,569,5.69,-0.13238571380127764,-0.13520819469384127,-0.0028224808925636224
current_csv,Current CSV,p,570,5.7,-0.12893250530368613,-0.13627486881482448,-0.0073423635111383445
current_csv,Current CSV,p,571,5.71,-0.12401907276013234,-0.1365215429358077,-0.012502470175675365
current_csv,Current CSV,p,572,5.72,-0.11722520010188292,-0.13594821705679092,-0.018723016954907995
current_csv,Current CSV,p,573,5.73,-0.11722054574322627,-0.13455489117777414,-0.01733434543454787
current_csv,Current CSV,p,574,5.74,-0.10153947463213267,-0.13234156529875735,-0.030802090666624676
current_csv,Current CSV,p,575,5.75,-0.09248153153539579,-0.12930823941974057,-0.03682670788434478
current_csv,Current CSV,p,576,5.76,-0.08288592402126438,-0.1254549135407238,-0.04256898951945942
current_csv,Current CSV,p,577,5.7700000000000005,-0.07352501003094157,-0.12078158766170702,-0.04725657763076545
current_csv,Current CSV,p,578,5.78,-0.07352354133374688,-0.11528826178269024,-0.04176472044894336
current_csv,Current CSV,p,579,5.79,-0.06292603752178187,-0.10897493590367345,-0.04604889838189158
current_csv,Current CSV,p,580,5.8,-0.04828528539842843,-0.10184161002465668,-0.053556324626228245
current_csv,Current CSV,p,581,5.8100000000000005,-0.041638623503307236,-0.09388830098160528,-0.05224967747829804
current_csv,Current CSV,p,582,5.82,-0.03509561063434456,-0.08528761600955992,-0.05019200537521536
current_csv,Current CSV,p,583,5.83,-0.028571985576071914,-0.07685507158818827,-0.04828308601211636
current_csv,Current CSV,p,584,5.84,-0.02335470429946121,-0.06860286434003975,-0.045248160040578536
current_csv,Current CSV,p,585,5.8500000000000005,-0.018389842736478167,-0.06057333189415503,-0.04218348915767686
current_csv,Current CSV,p,586,5.86,-0.01806265087886975,-0.05283667470964875,-0.034774023830779
current_csv,Current CSV,p,587,5.87,-0.010476173126170158,-0.04569809169530747,-0.03522191856913731
current_csv,Current CSV,p,588,5.88,-0.006750431869940911,-0.038903732112578325,-0.03215330024263741
current_csv,Current CSV,p,589,5.89,-0.006750698218314572,-0.03218649749035282,-0.02543579927203825
current_csv,Current CSV,p,590,5.9,-0.0038941987512991117,-0.026137953318742458,-0.022243754567443347
current_csv,Current CSV,p,591,5.91,0.0007442406860218674,-0.020625748037510744,-0.021369988723532612
current_csv,Current CSV,p,592,5.92,0.0025301093579911077,-0.015381788710639211,-0.01791189806863032
current_csv,Current CSV,p,593,5.93,0.0036792077254984685,-0.010438041793864648,-0.014117249519363117
current_csv,Current CSV,p,594,5.94,0.005064150477208502,-0.006075979804574988,-0.01114013028178349
current_csv,Current CSV,p,595,5.95,0.006660373078693045,-0.0022748812595363922,-0.008935254338229438
current_csv,Current CSV,p,596,5.96,0.007798107494176275,0.0010491982388007675,-0.006748909255375507
current_csv,Current CSV,p,597,5.97,0.00840712881092462,0.0038990192720278873,-0.004508109538896733
current_csv,Current CSV,p,598,5.98,0.008396561790476969,0.00617538120682253,-0.0022211805836544387
current_csv,Current CSV,p,599,5.99,0.004542559890581301,0.007677895591054475,0.0031353357004731738
current_csv,Current CSV,p,600,6.0,0.004619779094165751,0.00836040997528642,0.0037406308811206695
current_csv,Current CSV,p,601,6.01,0.00021827185254056315,0.008222924359518366,0.008004652506977803
current_csv,Current CSV,p,602,6.0200000000000005,-0.005039461356587969,0.007265438743750311,0.01230490010033828
current_csv,Current CSV,p,603,6.03,-0.01817289173304027,0.005487953127982256,0.023660844861022528
current_csv,Current CSV,p,604,6.04,-0.018056904957203284,0.0028904675122142015,0.020947372469417486
current_csv,Current CSV,p,605,6.05,-0.026219174681237033,-0.0005270181035538531,0.02569215657768318
current_csv,Current CSV,p,606,6.0600000000000005,-0.032842079088500765,-0.004764503719321907,0.028077575369178858
current_csv,Current CSV,p,607,6.07,-0.04063899143986209,-0.009821989335089962,0.030817002104772128
current_csv,Current CSV,p,608,6.08,-0.04813499369455407,-0.015697717478987044,0.032437276215567024
current_csv,Current CSV,p,609,6.09,-0.05714216137039055,-0.02222884419570408,0.03491331717468647
current_csv,Current CSV,p,610,6.1000000000000005,-0.06837765065305706,-0.028844584783125744,0.03953306586993132
current_csv,Current CSV,p,611,6.11,-0.07945644769123815,-0.03585406613499645,0.0436023815562417
current_csv,Current CSV,p,612,6.12,-0.0908725950949343,-0.04336574491618426,0.04750685017875004
current_csv,Current CSV,p,613,6.13,-0.10348586803432035,-0.05121915044088335,0.052266717593437
current_csv,Current CSV,p,614,6.140000000000001,-0.11462808266632973,-0.05947358848796972,0.05515449417836001
current_csv,Current CSV,p,615,6.15,-0.1256815758179287,-0.06813529641275429,0.0575462794051744
current_csv,Current CSV,p,616,6.16,-0.13574742681084542,-0.07695221135522919,0.05879521545561624
current_csv,Current CSV,p,617,6.17,-0.14331429559436676,-0.08598321631258508,0.057331079281781674
current_csv,Current CSV,p,618,6.18,-0.1473392393755873,-0.0950092049099916,0.0523300344655957
current_csv,Current CSV,p,619,6.19,-0.14865496778373982,-0.1037590207470791,0.04489594703666072
current_csv,Current CSV,p,620,6.2,-0.14748544902649996,-0.111908714449995,0.035576734576504954
current_csv,Current CSV,p,621,6.21,-0.14373710787172486,-0.11926154258582979,0.024475565285895076
current_csv,Current CSV,p,622,6.22,-0.13782924132508512,-0.12579437072166458,0.012034870603420539
current_csv,Current CSV,p,623,6.23,-0.13219625755887005,-0.13150719885749937,0.0006890587013706762
current_csv,Current CSV,p,624,6.24,-0.1248314570661991,-0.13640002699333414,-0.01156856992713505
current_csv,Current CSV,p,625,6.25,-0.11769602484643105,-0.14047285512916893,-0.022776830282737887
current_csv,Current CSV,p,626,6.26,-0.11006161587165797,-0.1437256832650037,-0.03366406739334574
current_csv,Current CSV,p,627,6.2700000000000005,-0.1011015310395518,-0.1461585114008385,-0.04505698036128669
current_csv,Current CSV,p,628,6.28,-0.09203680265348058,-0.1477713395366733,-0.055734536883192715
current_csv,Current CSV,p,629,6.29,-0.08246164822236927,-0.14856416767250807,-0.0661025194501388
current_csv,Current CSV,p,630,6.3,-0.07196315030851634,-0.14853699580834287,-0.07657384549982653
current_csv,Current CSV,p,631,6.3100000000000005,-0.061404806997937426,-0.14768982394417765,-0.08628501694624022
current_csv,Current CSV,p,632,6.32,-0.049964267836115545,-0.14602265208001244,-0.0960583842438969
current_csv,Current CSV,p,633,6.33,-0.03671390675160225,-0.14353548021584722,-0.10682157346424498
current_csv,Current CSV,p,634,6.34,-0.028021161364701917,-0.140228308351682,-0.11220714698698009
current_csv,Current CSV,p,635,6.3500000000000005,-0.018432515180674243,-0.1361011364875168,-0.11766862130684255
current_csv,Current CSV,p,636,6.36,-0.009972293437853419,-0.13115396462335158,-0.12118167118549816
current_csv,Current CSV,p,637,6.37,-0.003176715469640531,-0.12538679275918635,-0.12221007728954582
current_csv,Current CSV,p,638,6.38,0.002127954625985478,-0.11879962089502114,-0.12092757552100661
current_csv,Current CSV,p,639,6.390000000000001,0.005786691361700442,-0.11139244903085592,-0.11717914039255636
current_csv,Current CSV,p,640,6.4,0.008507536748653805,-0.1031652771666907,-0.1116728139153445
current_csv,Current CSV,p,641,6.41,0.009829747257702201,-0.09411810530252548,-0.10394785256022769
current_csv,Current CSV,p,642,6.42,0.010304465139369145,-0.08425093343836026,-0.0945553985777294
current_csv,Current CSV,p,643,6.43,0.010069112109386665,-0.07356376157419506,-0.08363287368358172
current_csv,Current CSV,p,644,6.44,0.009175954053755153,-0.06238324463073708,-0.07155919868449223
current_csv,Current CSV,p,645,6.45,0.00783624146609559,-0.05189280838933051,-0.0597290498554261
current_csv,Current CSV,p,646,6.46,0.005719634575722483,-0.042222372147923945,-0.04794200672364643
current_csv,Current CSV,p,647,6.47,0.002734401024000129,-0.03337193590651738,-0.03610633693051751
current_csv,Current CSV,p,648,6.48,-0.001457538473831814,-0.025341499665110817,-0.023883961191279002
current_csv,Current CSV,p,649,6.49,-0.006233699272787093,-0.01813106342370425,-0.011897364150917158
current_csv,Current CSV,p,650,6.5,-0.012297547244989002,-0.011740627182297687,0.0005569200626913146
current_csv,Current CSV,p,651,6.51,-0.01980577471310747,-0.006170190940891123,0.013635583772216348
current_csv,Current CSV,p,652,6.5200000000000005,-0.019589519089239178,-0.0014197546994845571,0.018169764389754622
current_csv,Current CSV,p,653,6.53,-0.03798977804543056,0.002510681541922008,0.040500459587352565
current_csv,Current CSV,p,654,6.54,-0.04891167624046021,0.005621117783328573,0.05453279402378878
current_csv,Current CSV,p,655,6.55,-0.05984525697524105,0.007911554024735137,0.06775681099997619
current_csv,Current CSV,p,656,6.5600000000000005,-0.059581886959763276,0.009381990266141702,0.06896387722590498
current_csv,Current CSV,p,657,6.57,-0.08603875836908936,0.010032426507548268,0.09607118487663763
current_csv,Current CSV,p,658,6.58,-0.10052030098832976,0.009862862748954832,0.11038316373728459
current_csv,Current CSV,p,659,6.59,-0.11518548179789434,0.008873298990361397,0.12405878078825573
current_csv,Current CSV,p,660,6.6000000000000005,-0.13055247072836434,0.007063735231767962,0.1376162059601323
current_csv,Current CSV,p,661,6.61,-0.1441546681411938,0.004434171473174528,0.1485888396143683
current_csv,Current CSV,p,662,6.62,-0.15700601093537722,0.0009846077145810933,0.1579906186499583
current_csv,Current CSV,p,663,6.63,-0.16907992576067374,-0.003284956044012342,0.16579496971666138
current_csv,Current CSV,p,664,6.640000000000001,-0.1829086539692686,-0.008374519802605777,0.1745341341666628
current_csv,Current CSV,p,665,6.65,-0.1927008984632399,-0.014284083561199213,0.1784168149020407
current_csv,Current CSV,p,666,6.66,-0.20377852483179104,-0.02101364731979265,0.18276487751199838
current_csv,Current CSV,p,667,6.67,-0.21309163956809335,-0.028563211078386087,0.18452842848970727
current_csv,Current CSV,p,668,6.68,-0.21366756793404348,-0.03693277483697952,0.17673479309706397
current_csv,Current CSV,p,669,6.69,-0.22945314478530934,-0.04612233859557296,0.18333080618973638
current_csv,Current CSV,p,670,6.7,-0.23729913984593756,-0.056131902354166395,0.18116723749177116
current_csv,Current CSV,p,671,6.71,-0.24384009107132343,-0.06696146611275983,0.1768786249585636
current_csv,Current CSV,p,672,6.72,-0.249594968712765,-0.07861102987135327,0.17098393884141172
current_csv,Current CSV,p,673,6.73,-0.25488221087349505,-0.0910805936299467,0.16380161724354836
current_csv,Current CSV,p,674,6.74,-0.25943734818099373,-0.10437015738854012,0.15506719079245362
current_csv,Current CSV,p,675,6.75,-0.2635599367534812,-0.11847972114713355,0.14508021560634765
current_csv,Current CSV,p,676,6.76,-0.2674540881486467,-0.13323961896216396,0.13421446918648272
current_csv,Current CSV,p,677,6.7700000000000005,-0.27111722232540403,-0.14761707180682238,0.12350015051858165
current_csv,Current CSV,p,678,6.78,-0.2745192030144761,-0.16139150322915896,0.11312769978531712
current_csv,Current CSV,p,679,6.79,-0.2779084296739429,-0.17455735696983846,0.10335107270410446
current_csv,Current CSV,p,680,6.8,-0.28072264044687273,-0.1871184799168321,0.09360416053004064
current_csv,Current CSV,p,681,6.8100000000000005,-0.28387776996354047,-0.19905953452137987,0.0848182354421606
current_csv,Current CSV,p,682,6.82,-0.2874105156278322,-0.2103938757062663,0.0770166399215659
current_csv,Current CSV,p,683,6.83,-0.2874293244993694,-0.22115890886063705,0.06627041563873237
current_csv,Current CSV,p,684,6.84,-0.29033883619134665,-0.23117390665310908,0.05916492953823757
current_csv,Current CSV,p,685,6.8500000000000005,-0.2967829999991952,-0.24055673027243693,0.05622626972675829
current_csv,Current CSV,p,686,6.86,-0.3006830085974082,-0.24954401501921866,0.051138993578189545
current_csv,Current CSV,p,687,6.87,-0.30482571261936037,-0.2581910090198399,0.04663470359952049
current_csv,Current CSV,p,688,6.88,-0.30939648255954594,-0.26640734863150134,0.0429891339280446
current_csv,Current CSV,p,689,6.890000000000001,-0.31428909980400144,-0.2742461015312306,0.04004299827277086
current_csv,Current CSV,p,690,6.9,-0.3192169870038627,-0.28176589981061806,0.03745108719324464
current_csv,Current CSV,p,691,6.91,-0.3253889152473356,-0.28900748311816316,0.03638143212917244
current_csv,Current CSV,p,692,6.92,-0.3301111289165018,-0.29604963065301637,0.034061498263485424
current_csv,Current CSV,p,693,6.93,-0.33556042674064207,-0.30292670509658604,0.032633721644056035
current_csv,Current CSV,p,694,6.94,-0.3412729338696843,-0.30958906628754895,0.03168386758213537
current_csv,Current CSV,p,695,6.95,-0.3465755136586625,-0.3161183407158898,0.030457172942772726
current_csv,Current CSV,p,696,6.96,-0.35187312171897733,-0.32252948076596766,0.029343640953009675
current_csv,Current CSV,p,697,6.97,-0.3618057260701054,-0.32880292800779015,0.033002798062315264
current_csv,Current CSV,p,698,6.98,-0.366766038728862,-0.335067121175638,0.03169891755322396
current_csv,Current CSV,p,699,6.99,-0.3667670373441588,-0.34169929443985214,0.025067742904306634
current_csv,Current CSV,p,700,7.0,-0.37020879667812706,-0.3477009038698453,0.02250789280828175
current_csv,Current CSV,p,701,7.01,-0.374022649982331,-0.3532095700306201,0.02081307995171089
current_csv,Current CSV,p,702,7.0200000000000005,-0.3770361359694381,-0.3584446666427649,0.01859146932667316
current_csv,Current CSV,p,703,7.03,-0.3794440622335518,-0.36340882155466625,0.016035240678885565
current_csv,Current CSV,p,704,7.04,-0.3819408445389883,-0.36801127597836036,0.013929568560627936
current_csv,Current CSV,p,705,7.05,-0.38193765663808055,-0.37224375115376007,0.009693905484320475
current_csv,Current CSV,p,706,7.0600000000000005,-0.3856313390160158,-0.3758213416983046,0.009809997317711205
current_csv,Current CSV,p,707,7.07,-0.3876782504607643,-0.37905592770182645,0.008622322758937873
current_csv,Current CSV,p,708,7.08,-0.3895351062419779,-0.38226050587948174,0.007274600362496164
current_csv,Current CSV,p,709,7.09,-0.39140341316541327,-0.38516211031759157,0.006241302847821706
current_csv,Current CSV,p,710,7.1000000000000005,-0.39280957657278,-0.3877875750086522,0.005022001564127798
current_csv,Current CSV,p,711,7.11,-0.3949215708399923,-0.3901270400102903,0.004794530829701993
current_csv,Current CSV,p,712,7.12,-0.39706759496731503,-0.3922585682890471,0.004809026678267936
current_csv,Current CSV,p,713,7.13,-0.3996363467923002,-0.39438676499638753,0.005249581795912672
current_csv,Current CSV,p,714,7.140000000000001,-0.402552467318587,-0.39655736391877394,0.005995103399813073
current_csv,Current CSV,p,715,7.15,-0.4053909190669829,-0.3988900360983846,0.006500882968598298
current_csv,Current CSV,p,716,7.16,-0.40864536769588655,-0.4014299708424261,0.007215396853460454
current_csv,Current CSV,p,717,7.17,-0.41267818636536036,-0.40406078022923103,0.008617406136129324
current_csv,Current CSV,p,718,7.18,-0.4172092050655364,-0.406932876907965,0.010276328157571402
current_csv,Current CSV,p,719,7.19,-0.4216918712732276,-0.4101753971429197,0.01151647413030793
current_csv,Current CSV,p,720,7.2,-0.4216945642361172,-0.41369779315873234,0.007996771077384834
current_csv,Current CSV,p,721,7.21,-0.4304353132381743,-0.41690888614902827,0.013526427089146031
current_csv,Current CSV,p,722,7.22,-0.43468370465136397,-0.419829732777637,0.014853971873726945
current_csv,Current CSV,p,723,7.23,-0.4382867692321521,-0.4235240200039784,0.014762749228173722
current_csv,Current CSV,p,724,7.24,-0.44179037147368605,-0.4278212619313602,0.01396910954232583
current_csv,Current CSV,p,725,7.25,-0.4445014746579903,-0.4319582491303302,0.012543225527660073
current_csv,Current CSV,p,726,7.26,-0.4468865502129691,-0.4359128645935049,0.010973685619464157
current_csv,Current CSV,p,727,7.2700000000000005,-0.4488965422231332,-0.4395908372688079,0.009305704954325311
current_csv,Current CSV,p,728,7.28,-0.45085627861841415,-0.4429545128065635,0.007901765811850647
current_csv,Current CSV,p,729,7.29,-0.45287936798577577,-0.44599868440220203,0.0068806835835737434
current_csv,Current CSV,p,730,7.3,-0.45492489837334277,-0.4487749803573036,0.0061499180160391465
current_csv,Current CSV,p,731,7.3100000000000005,-0.4565128423007848,-0.45134621517260365,0.005166627128181167
current_csv,Current CSV,p,732,7.32,-0.45891322017050373,-0.45370190283448036,0.005211317336023369
current_csv,Current CSV,p,733,7.33,-0.4615231269959701,-0.4559054700289403,0.005617656967029816
current_csv,Current CSV,p,734,7.34,-0.4643189171194766,-0.45819293765831365,0.006125979461162945
current_csv,Current CSV,p,735,7.3500000000000005,-0.4690931755314278,-0.46060008448133277,0.008493091050095047
current_csv,Current CSV,p,736,7.36,-0.46920544528402625,-0.4631881703420648,0.00601727494196147
current_csv,Current CSV,p,737,7.37,-0.47181929770428926,-0.4659015663746779,0.005917731329611375
current_csv,Current CSV,p,738,7.38,-0.4746257198104796,-0.46828712376768494,0.006338596042794631
current_csv,Current CSV,p,739,7.390000000000001,-0.4770335385362636,-0.47075940562425284,0.006274132912010788
current_csv,Current CSV,p,740,7.4,-0.4801676765277813,-0.47330042877778494,0.0068672477499963636
current_csv,Current CSV,p,741,7.41,-0.48208495467357676,-0.47585534293290654,0.006229611740670216
current_csv,Current CSV,p,742,7.42,-0.48478933827862986,-0.47848079656575715,0.006308541712872706
current_csv,Current CSV,p,743,7.43,-0.48661557966361285,-0.48096812736902933,0.0056474522945835215
current_csv,Current CSV,p,744,7.44,-0.48914968230818046,-0.4834296424433761,0.005720039864804349
current_csv,Current CSV,p,745,7.45,-0.4904649864339767,-0.48577056459049783,0.0046944218434788465
current_csv,Current CSV,p,746,7.46,-0.4912214484323243,-0.48802183762857754,0.003199610803746755
current_csv,Current CSV,p,747,7.47,-0.4919950956767753,-0.48984329393278425,0.002151801743991044
current_csv,Current CSV,p,748,7.48,-0.4920799597314103,-0.4912286898718552,0.0008512698595550816
current_csv,Current CSV,p,749,7.49,-0.4921988579431059,-0.49199662307542325,0.0002022348676826713
current_csv,Current CSV,p,750,7.5,-0.4901844921533788,-0.4921988579431059,-0.002014365789727135
current_csv,Current CSV,p,751,7.51,-0.49032039866280874,-0.49186716452643925,-0.001546765863630506
current_csv,Current CSV,p,752,7.5200000000000005,-0.48933095285549366,-0.49085141679414024,-0.0015204639386465768
current_csv,Current CSV,p,753,7.53,-0.48758762822048174,-0.4898784049751964,-0.002290776754714674
current_csv,Current CSV,p,754,7.54,-0.4862323725951318,-0.4888184783590106,-0.0025861057638787988
current_csv,Current CSV,p,755,7.55,-0.484097735786532,-0.4873247147703615,-0.0032269789838295093
current_csv,Current CSV,p,756,7.5600000000000005,-0.4818411432101877,-0.48588092906272073,-0.004039785852533062
current_csv,Current CSV,p,757,7.57,-0.48014245900486535,-0.48400927380634184,-0.0038668148014764925
current_csv,Current CSV,p,758,7.58,-0.47796212171796154,-0.48211529193515,-0.004153170217188473
current_csv,Current CSV,p,759,7.59,-0.4758768217702261,-0.4802457173215785,-0.004368895551352392
current_csv,Current CSV,p,760,7.6000000000000005,-0.4746774759941678,-0.4782621710683451,-0.003584695074177302
current_csv,Current CSV,p,761,7.61,-0.47326578197746577,-0.47636829016317606,-0.0031025081857102843
current_csv,Current CSV,p,762,7.62,-0.4723085735134749,-0.47470916193399054,-0.002400588420515659
current_csv,Current CSV,p,763,7.63,-0.47147690060792835,-0.4732477840958028,-0.001770883487874464
current_csv,Current CSV,p,764,7.640000000000001,-0.4711963666608035,-0.47206635504162514,-0.0008699883808216402
current_csv,Current CSV,p,765,7.65,-0.47051436218891374,-0.47130378823610614,-0.0007894260471923986
current_csv,Current CSV,p,766,7.66,-0.47073166849620723,-0.470793864463322,-6.219596711476427e-05
current_csv,Current CSV,p,767,7.67,-0.46878337130397163,-0.47052852103342624,-0.0017451497294546092
current_csv,Current CSV,p,768,7.68,-0.467703762548478,-0.4705532233597229,-0.002849460811244875
current_csv,Current CSV,p,769,7.69,-0.46665711089020395,-0.46980387301935284,-0.0031467621291488834
current_csv,Current CSV,p,770,7.7,-0.46550673170511336,-0.4682827737375304,-0.0027760420324170476
current_csv,Current CSV,p,771,7.71,-0.4655097521733199,-0.4666991857238362,-0.0011894335505162612
current_csv,Current CSV,p,772,7.72,-0.46422357431328326,-0.4657115914372594,-0.0014880171239761153
current_csv,Current CSV,p,773,7.73,-0.4622282870204496,-0.4650166122145015,-0.0027883251940519216
current_csv,Current CSV,p,774,7.74,-0.46125471145497016,-0.46366677451248345,-0.0024120630575132918
current_csv,Current CSV,p,775,7.75,-0.45945297067877966,-0.4621875183346351,-0.002734547655855457
current_csv,Current CSV,p,776,7.76,-0.4582111799125017,-0.4608556417269713,-0.0026444618144695897
current_csv,Current CSV,p,777,7.7700000000000005,-0.4582088379996641,-0.45932195065950415,-0.0011131126598400432
current_csv,Current CSV,p,778,7.78,-0.45820882888677344,-0.4583817206793296,-0.00017289179255614018
current_csv,Current CSV,p,779,7.79,-0.4573376035408624,-0.4582088288867734,-0.0008712253459109975
current_csv,Current CSV,p,780,7.8,-0.4571414529321769,-0.4578773328916237,-0.0007358799594467946
current_csv,Current CSV,p,781,7.8100000000000005,-0.4570060631266753,-0.45720794019906846,-0.000201877072393164
current_csv,Current CSV,p,782,7.82,-0.45697167045917214,-0.4570060631500585,-3.4392690886342336e-05
current_csv,Current CSV,p,783,7.83,-0.4568745105248924,-0.45697167045917214,-9.715993427972247e-05
current_csv,Current CSV,p,784,7.84,-0.4568764974309256,-0.4568745105248924,1.9869060332022848e-06
current_csv,Current CSV,p,785,7.8500000000000005,-0.4568816102536679,-0.45687649841160066,5.111842067251349e-06
current_csv,Current CSV,p,786,7.86,-0.456880154407229,-0.4568816102536679,-1.4558464389025083e-06
current_csv,Current CSV,p,787,7.87,-0.4558174010603238,-0.45688015387976993,-0.0010627528194461222
current_csv,Current CSV,p,788,7.88,-0.45581917405171163,-0.45654846046310327,-0.0007292864113916386
current_csv,Current CSV,p,789,7.890000000000001,-0.4532307192950981,-0.4558819177205706,-0.0026511984254724563
current_csv,Current CSV,p,790,7.9,-0.45028424526085037,-0.4554450823614537,-0.005160837100603333
current_csv,Current CSV,p,791,7.91,-0.4456389530679031,-0.45423419433567014,-0.008595241267767062
current_csv,Current CSV,p,792,7.92,-0.4398214637308613,-0.4522033063098866,-0.012381842579025304
current_csv,Current CSV,p,793,7.930000000000001,-0.4320373027787753,-0.449352418284103,-0.017315115505327716
current_csv,Current CSV,p,794,7.94,-0.42327784357325127,-0.4456815302583194,-0.022403686685068147
current_csv,Current CSV,p,795,7.95,-0.4127941584641826,-0.44119064223253585,-0.028396483768353242
current_csv,Current CSV,p,796,7.96,-0.4022543777208999,-0.4358797542067523,-0.0336253764858524
current_csv,Current CSV,p,797,7.97,-0.3933776286623441,-0.4297494820167168,-0.03637185335437271
current_csv,Current CSV,p,798,7.98,-0.3832978660891994,-0.4228883088632889,-0.03959044277408946
current_csv,Current CSV,p,799,7.99,-0.37280332829689417,-0.4158278557654108,-0.04302452746851665
current_csv,Current CSV,p,800,8.0,-0.3633316501422642,-0.4083316906403032,-0.04500004049803902
current_csv,Current CSV,p,801,8.01,-0.34655957408231053,-0.4005945753476314,-0.05403500126532085
current_csv,Current CSV,p,802,8.02,-0.33960132361540174,-0.3926576135144926,-0.053056289899090836
current_csv,Current CSV,p,803,8.03,-0.3396033814682613,-0.3840614090485106,-0.044458027580249304
current_csv,Current CSV,p,804,8.040000000000001,-0.3352029761974604,-0.37593254581565194,-0.04072956961819152
current_csv,Current CSV,p,805,8.05,-0.33140621833544104,-0.36831476309407507,-0.03690854475863403
current_csv,Current CSV,p,806,8.06,-0.32852063650130386,-0.3610690424525677,-0.03254840595126385
current_csv,Current CSV,p,807,8.07,-0.32521876910735853,-0.3542621166388194,-0.029043347531460872
current_csv,Current CSV,p,808,8.08,-0.32522192311861553,-0.34789084139354387,-0.02266891827492834
current_csv,Current CSV,p,809,8.09,-0.3240834930861336,-0.3422033137184521,-0.018119820632318484
current_csv,Current CSV,p,810,8.1,-0.3229981699451721,-0.33719448411252645,-0.01419631416735434
current_csv,Current CSV,p,811,8.11,-0.32216345615923425,-0.3328154593050035,-0.010652003145769251
current_csv,Current CSV,p,812,8.120000000000001,-0.32117346370356203,-0.3290753512412442,-0.007901887537682173
current_csv,Current CSV,p,813,8.13,-0.31980563960861513,-0.32593323572307836,-0.00612759611446323
current_csv,Current CSV,p,814,8.14,-0.3182915852191592,-0.32327101951609194,-0.004979434296932761
current_csv,Current CSV,p,815,8.15,-0.31675359301163125,-0.3209612153147437,-0.004207622303112446
current_csv,Current CSV,p,816,8.16,-0.3150668762680344,-0.318908621788411,-0.0038417455203765827
current_csv,Current CSV,p,817,8.17,-0.3125617009657163,-0.3170212933332906,-0.0044595923675743165
current_csv,Current CSV,p,818,8.18,-0.310260612221708,-0.31513768705755973,-0.004877074835851758
current_csv,Current CSV,p,819,8.19,-0.3074368486387194,-0.312981306926043,-0.005544458287323584
current_csv,Current CSV,p,820,8.2,-0.3006921307637047,-0.3107808912624523,-0.010088760498747573
current_csv,Current CSV,p,821,8.21,-0.2999242629969158,-0.30826261954741,-0.008338356550494197
current_csv,Current CSV,p,822,8.22,-0.2952822965115642,-0.30515638979526133,-0.00987409328369715
current_csv,Current CSV,p,823,8.23,-0.2896104641336709,-0.3021174652872292,-0.012507001153558295
current_csv,Current CSV,p,824,8.24,-0.28326556553969423,-0.2985427718860479,-0.015277206346353656
current_csv,Current CSV,p,825,8.25,-0.26935629516478865,-0.29451247241760403,-0.02515617725281538
current_csv,Current CSV,p,826,8.26,-0.26131946863251315,-0.2899896573054316,-0.02867018867291843
current_csv,Current CSV,p,827,8.27,-0.26037222704288426,-0.28466347163058436,-0.0242912445877001
current_csv,Current CSV,p,828,8.28,-0.2524437437168204,-0.2788645002549957,-0.026420756538175327
current_csv,Current CSV,p,829,8.290000000000001,-0.24425601956011675,-0.2732551544578504,-0.028999134897733675
current_csv,Current CSV,p,830,8.3,-0.236086981321082,-0.26723008824109173,-0.03114310692000974
current_csv,Current CSV,p,831,8.31,-0.227109258652137,-0.2609916766084799,-0.03388241795634289
current_csv,Current CSV,p,832,8.32,-0.22052432867319716,-0.25444971496717617,-0.03392538629397901
current_csv,Current CSV,p,833,8.33,-0.21233327749795425,-0.24769121198618393,-0.035357934488229686
current_csv,Current CSV,p,834,8.34,-0.203449953272036,-0.24093747405237734,-0.037487520780341343
current_csv,Current CSV,p,835,8.35,-0.1941874428115374,-0.23398409743635892,-0.039796654624821515
current_csv,Current CSV,p,836,8.36,-0.18547592135968824,-0.22678714522308344,-0.0413112238633952
current_csv,Current CSV,p,837,8.370000000000001,-0.1650800460265138,-0.2193814038047532,-0.05430135777823941
current_csv,Current CSV,p,838,8.38,-0.16453102586801627,-0.21180493893559532,-0.047273913067579054
current_csv,Current CSV,p,839,8.39,-0.15495383486219855,-0.20363839316281412,-0.04868455830061558
current_csv,Current CSV,p,840,8.4,-0.14194572694068586,-0.19555543160783936,-0.05360970466715351
current_csv,Current CSV,p,841,8.41,-0.13282817373222644,-0.18727974611033507,-0.05445157237810863
current_csv,Current CSV,p,842,8.42,-0.12084009825787169,-0.1785359893614231,-0.0576958911035514
current_csv,Current CSV,p,843,8.43,-0.11037289524656682,-0.16977952836931515,-0.059406633122748326
current_csv,Current CSV,p,844,8.44,-0.09891065542687563,-0.160688379684564,-0.06177772425768838
current_csv,Current CSV,p,845,8.45,-0.08792020241253543,-0.15152004952912768,-0.06359984711659225
current_csv,Current CSV,p,846,8.46,-0.0776220111327645,-0.14212947893904793,-0.06450746780628343
current_csv,Current CSV,p,847,8.47,-0.06678479068831525,-0.1326445798122341,-0.06585978912391885
current_csv,Current CSV,p,848,8.48,-0.05583899106362825,-0.12307990384253356,-0.06724091277890532
current_csv,Current CSV,p,849,8.49,-0.04377979871878031,-0.1134062935082951,-0.0696264947895148
current_csv,Current CSV,p,850,8.5,-0.03380002593874251,-0.10360814283620122,-0.06980811689745871
current_csv,Current CSV,p,851,8.51,-0.011232770238002197,-0.09364646061614378,-0.08241369037814159
current_csv,Current CSV,p,852,8.52,-0.01097923725472696,-0.08361985716847706,-0.07264061991375009
current_csv,Current CSV,p,853,8.53,-0.0005252549436275155,-0.07320547684940795,-0.07268022190578044
current_csv,Current CSV,p,854,8.540000000000001,0.010382790629160064,-0.06305948630489402,-0.07344227693405408
current_csv,Current CSV,p,855,8.55,0.019712053124472294,-0.052879416496677024,-0.07259146962114932
current_csv,Current CSV,p,856,8.56,0.02910088621745703,-0.042679124132927584,-0.07178001035038462
current_csv,Current CSV,p,857,8.57,0.044903456672898835,-0.03254590178961328,-0.07744935846251211
current_csv,Current CSV,p,858,8.58,0.04564736823337986,-0.02237904821986113,-0.06802641645324099
current_csv,Current CSV,p,859,8.59,0.05287593524472203,-0.012237128884261143,-0.06511306412898318
current_csv,Current CSV,p,860,8.6,0.05994659906490202,-0.0025325066157673845,-0.0624791056806694
current_csv,Current CSV,p,861,8.61,0.0662534499774813,0.006961400474446626,-0.05929204950303467
current_csv,Current CSV,p,862,8.620000000000001,0.07209853892591238,0.016221965818682665,-0.05587657310722971
current_csv,Current CSV,p,863,8.63,0.07758855310692882,0.02520764120351734,-0.05238091190341147
current_csv,Current CSV,p,864,8.64,0.08226676520436038,0.033897281404777754,-0.04836948379958263
current_csv,Current CSV,p,865,8.65,0.08702355350946234,0.0422539423902631,-0.044769611119199235
current_csv,Current CSV,p,866,8.66,0.09092023105620106,0.05026016708442683,-0.040660063971774234
current_csv,Current CSV,p,867,8.67,0.09479119764817343,0.05789589647900645,-0.03689530116916698
current_csv,Current CSV,p,868,8.68,0.09823187870141477,0.06513635098731389,-0.033095527714100875
current_csv,Current CSV,p,869,8.69,0.10171613083173739,0.07197766195379472,-0.029738468877942667
current_csv,Current CSV,p,870,8.700000000000001,0.10509196270031856,0.07842278244269861,-0.026669180257619954
current_csv,Current CSV,p,871,8.71,0.10795528485496501,0.08449311638555906,-0.02346216846940595
current_csv,Current CSV,p,872,8.72,0.11125662981949681,0.09017286754717573,-0.021083762272321088
current_csv,Current CSV,p,873,8.73,0.11305160690523566,0.09548848099673313,-0.017563125908502536
current_csv,Current CSV,p,874,8.74,0.11514422589451852,0.1003776786602067,-0.014766547234311811
current_csv,Current CSV,p,875,8.75,0.11645996223098817,0.10479025592210295,-0.011669706308885225
current_csv,Current CSV,p,876,8.76,0.11782073643710672,0.10869867881804447,-0.009122057619062249
current_csv,Current CSV,p,877,8.77,0.1187358744259677,0.11208510166145373,-0.006650772764513965
current_csv,Current CSV,p,878,8.78,0.11949760387907704,0.11492999046314628,-0.00456761341593076
current_csv,Current CSV,p,879,8.790000000000001,0.11931411169674885,0.11721048128135303,-0.002103630415395824
current_csv,Current CSV,p,880,8.8,0.1203885064859897,0.1187365923988858,-0.0016519140871038979
current_csv,Current CSV,p,881,8.81,0.12076781125688024,0.11983336529755281,-0.000934445959327429
current_csv,Current CSV,p,882,8.82,0.12077051478690409,0.12062344502097574,-0.0001470697659283482
current_csv,Current CSV,p,883,8.83,0.12060271531334313,0.1207705147869041,0.00016779947356097835
current_csv,Current CSV,p,884,8.84,0.12028626360645434,0.1206042718529373,0.00031800824648296755
current_csv,Current CSV,p,885,8.85,0.11955003159675448,0.12038769209936466,0.0008376605026101797
current_csv,Current CSV,p,886,8.86,0.1184370381193474,0.11982814902557491,0.0013911109062275107
current_csv,Current CSV,p,887,8.870000000000001,0.11661679292575429,0.11903728951522481,0.002420496589470522
current_csv,Current CSV,p,888,8.88,0.11377708258324029,0.11785497534879942,0.00407789276555913
current_csv,Current CSV,p,889,8.89,0.11039851797323734,0.11621746715285167,0.005818949179614327
current_csv,Current CSV,p,890,8.9,0.10591691442371949,0.1139945062059515,0.00807759178223201
current_csv,Current CSV,p,891,8.91,0.1007321258622213,0.11137883161936664,0.010646705757145339
current_csv,Current CSV,p,892,8.92,0.09443182975824449,0.10815493738790628,0.013723107629661793
current_csv,Current CSV,p,893,8.93,0.08754067419247563,0.10445127936514716,0.016910605172671525
current_csv,Current CSV,p,894,8.94,0.08754054655373941,0.10016790176186378,0.012627355208124372
current_csv,Current CSV,p,895,8.950000000000001,0.07150271314842871,0.09602824172812649,0.02452552857969778
current_csv,Current CSV,p,896,8.96,0.061678831523928106,0.09217788247646642,0.03049905095253832
current_csv,Current CSV,p,897,8.97,0.05059118238761721,0.0875534705581397,0.03696228817052249
current_csv,Current CSV,p,898,8.98,0.03995480412911744,0.08210905863981297,0.04215425451069552
current_csv,Current CSV,p,899,8.99,0.02926501984530207,0.07584464672148623,0.046579626876184166
current_csv,Current CSV,p,900,9.0,0.017919006610591287,0.0687602348031595,0.050841228192568214
current_csv,Current CSV,p,901,9.01,0.008081658209804065,0.060858418503071825,0.05277676029326776
current_csv,Current CSV,p,902,9.02,-0.001623562915867064,0.05232355161338378,0.05394711452925084
current_csv,Current CSV,p,903,9.03,-0.009014550223603866,0.04374060965386951,0.052755159877473375
current_csv,Current CSV,p,904,9.040000000000001,-0.015192803082321689,0.03511749716973436,0.05031030025205605
current_csv,Current CSV,p,905,9.05,-0.021063040990356517,0.02665391902965712,0.04771696002001363
current_csv,Current CSV,p,906,9.06,-0.024926341772497893,0.018419571365743778,0.04334591313824167
current_csv,Current CSV,p,907,9.07,-0.027857742230666616,0.01051114591301857,0.038368888143685186
current_csv,Current CSV,p,908,9.08,-0.029255072369564622,0.003069291425298392,0.03232436379486302
current_csv,Current CSV,p,909,9.09,-0.03050997987908056,-0.00377232907341074,0.02673765080566982
current_csv,Current CSV,p,910,9.1,-0.03118544765682531,-0.009955690448517285,0.021229757208308025
current_csv,Current CSV,p,911,9.11,-0.032141341159925965,-0.015433116952154035,0.016708224207771932
current_csv,Current CSV,p,912,9.120000000000001,-0.03376532737911225,-0.020231348037154307,0.013533979341957946
current_csv,Current CSV,p,913,9.13,-0.035450481053380105,-0.02446225282327413,0.010988228230105975
current_csv,Current CSV,p,914,9.14,-0.037600628321322896,-0.028209910739413833,0.009390717581909062
current_csv,Current CSV,p,915,9.15,-0.03934296441482255,-0.0315767122541484,0.007766252160674156
current_csv,Current CSV,p,916,9.16,-0.04118865881094623,-0.03461426300533223,0.006574395805614003
current_csv,Current CSV,p,917,9.17,-0.04195691005655774,-0.0373343868034319,0.004622523253125836
current_csv,Current CSV,p,918,9.18,-0.041542500379399404,-0.03963102888838547,0.0019114714910139358
current_csv,Current CSV,p,919,9.19,-0.03903650585848646,-0.04117348639495742,-0.0021369805364709615
current_csv,Current CSV,p,920,9.200000000000001,-0.03361428245056328,-0.041895943901529384,-0.0082816614509661
current_csv,Current CSV,p,921,9.21,-0.02618665107388396,-0.04179840140810134,-0.015611750334217384
current_csv,Current CSV,p,922,9.22,-0.017264962135884736,-0.0408808589146733,-0.023615896778788566
current_csv,Current CSV,p,923,9.23,-0.0006995404913141312,-0.03914331642124526,-0.038443775929931125
current_csv,Current CSV,p,924,9.24,-0.000711895754896046,-0.036585773927817214,-0.03587387817292117
current_csv,Current CSV,p,925,9.25,0.008054668931226796,-0.033208231434389175,-0.04126290036561597
current_csv,Current CSV,p,926,9.26,0.015921447833045298,-0.029010688940961135,-0.04493213677400643
current_csv,Current CSV,p,927,9.27,0.031216173529184682,-0.023993146447533094,-0.055209319976717776
current_csv,Current CSV,p,928,9.28,0.03767983320958207,-0.01815560395410505,-0.05583543716368712
current_csv,Current CSV,p,929,9.290000000000001,0.03766940377386489,-0.011498061460677009,-0.0491674652345419
current_csv,Current CSV,p,930,9.3,0.04435034240183191,-0.004020518967248968,-0.04837086136908088
current_csv,Current CSV,p,931,9.31,0.04983057660263,0.004159756458813996,-0.04567082014381601
current_csv,Current CSV,p,932,9.32,0.055651327056043934,0.012216723121885672,-0.04343460393415826
current_csv,Current CSV,p,933,9.33,0.060766022185487156,0.02003200327447618,-0.04073401891101097
current_csv,Current CSV,p,934,9.34,0.0656432634169126,0.027611290032780764,-0.038031973384131834
current_csv,Current CSV,p,935,9.35,0.07033962599231688,0.03491864400681639,-0.03542098198550049
current_csv,Current CSV,p,936,9.36,0.07411005356968384,0.041950715219123795,-0.03215933835056004
current_csv,Current CSV,p,937,9.370000000000001,0.07751879388157377,0.048666100158560745,-0.02885269372301303
current_csv,Current CSV,p,938,9.38,0.07983100005357442,0.0550078391080585,-0.02482316094551592
current_csv,Current CSV,p,939,9.39,0.08135374280708156,0.06090074276054121,-0.020453000046540354
current_csv,Current CSV,p,940,9.4,0.08241965579846469,0.06623560217890345,-0.01618405361956124
current_csv,Current CSV,p,941,9.41,0.08304848167995665,0.07094552812168246,-0.01210295355827419
current_csv,Current CSV,p,942,9.42,0.08347947113017155,0.07497325895650848,-0.00850621217366307
current_csv,Current CSV,p,943,9.43,0.08381790593471605,0.0782857279944659,-0.005532177940250155
current_csv,Current CSV,p,944,9.44,0.08418997727413065,0.08087631672745753,-0.0033136605466731195
current_csv,Current CSV,p,945,9.450000000000001,0.08450317318008017,0.08277918155226281,-0.0017239916278173617
current_csv,Current CSV,p,946,9.46,0.08486375690732646,0.08403049253335275,-0.0008332643739737133
current_csv,Current CSV,p,947,9.47,0.08486505389834954,0.08475347068330095,-0.00011158321504858848
current_csv,Current CSV,p,948,9.48,0.08512004496513532,0.08486505389834954,-0.0002549910667857813
current_csv,Current CSV,p,949,9.49,0.08539488914991719,0.08509568305641665,-0.00029920609350053695
current_csv,Current CSV,p,950,9.5,0.08565021606867464,0.08534795372973392,-0.0003022623389407203
current_csv,Current CSV,p,951,9.51,0.08573900920881984,0.0856285860437458,-0.00011042316507403616
current_csv,Current CSV,p,952,9.52,0.08573865640558763,0.08573900920881984,3.528032322119845e-07
current_csv,Current CSV,p,953,9.53,0.08581825586889501,0.08573865639789052,-7.959947100448506e-05
current_csv,Current CSV,p,954,9.540000000000001,0.08605418855914403,0.08581825586889502,-0.00023593269024900498
current_csv,Current CSV,p,955,9.55,0.08652598055094451,0.08603720926747545,-0.0004887712834690666
current_csv,Current CSV,p,956,9.56,0.08713884279656836,0.08630838649591131,-0.0008304563006570481
current_csv,Current CSV,p,957,9.57,0.08817005121737462,0.08697838085712752,-0.0011916703602471018
current_csv,Current CSV,p,958,9.58,0.0892822201666768,0.08760161314409609,-0.0016806070225807157
current_csv,Current CSV,p,959,9.59,0.09063466312294179,0.0886850863396805,-0.0019495767832612837
current_csv,Current CSV,p,960,9.6,0.09205260298497481,0.0897587892937125,-0.002293813691262303
current_csv,Current CSV,p,961,9.61,0.09359143795055172,0.09104630898988444,-0.0025451289606672756
current_csv,Current CSV,p,962,9.620000000000001,0.09495543562626084,0.09239685830911334,-0.002558577317147495
current_csv,Current CSV,p,963,9.63,0.09630444746770774,0.09382156712221552,-0.002482880345492211
current_csv,Current CSV,p,964,9.64,0.09749507381148376,0.09521337822757879,-0.0022816955839049663
current_csv,Current CSV,p,965,9.65,0.09876274077345076,0.0965557365482433,-0.0022070042252074623
current_csv,Current CSV,p,966,9.66,0.0997430436313529,0.09783130824661238,-0.0019117353847405288
current_csv,Current CSV,p,967,9.67,0.10092572718369627,0.09904561081024246,-0.0018801163734538107
current_csv,Current CSV,p,968,9.68,0.10195687572348958,0.10016434835542103,-0.00179252736806855
current_csv,Current CSV,p,969,9.69,0.10276693894675859,0.10129387094809135,-0.0014730679986672407
current_csv,Current CSV,p,970,9.700000000000001,0.10356409436657424,0.10231040910450742,-0.001253685262066817
current_csv,Current CSV,p,971,9.71,0.10403546854685526,0.10318627526386029,-0.0008491932829949728
current_csv,Current CSV,p,972,9.72,0.10427031080417797,0.10389259201522828,-0.00037771878894968247
current_csv,Current CSV,p,973,9.73,0.10429085546212953,0.10426170308439989,-2.915237772964374e-05
current_csv,Current CSV,p,974,9.74,0.10408517282340611,0.10429085546212952,0.0002056826387234062
current_csv,Current CSV,p,975,9.75,0.10383249098422498,0.10409300734579563,0.0002605163615706507
current_csv,Current CSV,p,976,9.76,0.10329231699001741,0.10390168402902068,0.0006093670390032724
current_csv,Current CSV,p,977,9.77,0.10254929146404604,0.10344770003562441,0.0008984085715783713
current_csv,Current CSV,p,978,9.78,0.10158996504775698,0.10285985919440903,0.0012698941466520453
current_csv,Current CSV,p,979,9.790000000000001,0.10051308462267941,0.10204183456196445,0.0015287499392850346
current_csv,Current CSV,p,980,9.8,0.09882275419832989,0.10111214246299786,0.0022893882646679714
current_csv,Current CSV,p,981,9.81,0.09700580757110672,0.10001297665618182,0.0030071690850751037
current_csv,Current CSV,p,982,9.82,0.09473850410863204,0.09845845957425872,0.003719955465626687
current_csv,Current CSV,p,983,9.83,0.09241072876428717,0.09681686203477623,0.004406133270489054
current_csv,Current CSV,p,984,9.84,0.08962227270461802,0.09483199425734923,0.0052097215527312085
current_csv,Current CSV,p,985,9.85,0.08421955399631426,0.09274520100989124,0.008525647013576984
current_csv,Current CSV,p,986,9.86,0.08180050026022705,0.0902831797750349,0.008482679514807856
current_csv,Current CSV,p,987,9.870000000000001,0.08180080632355263,0.08718553220144525,0.005384725877892613
current_csv,Current CSV,p,988,9.88,0.07934940869516513,0.08462415245749387,0.00527474376232874
current_csv,Current CSV,p,989,9.89,0.07801488414557477,0.08241198096738397,0.004397096821809207
current_csv,Current CSV,p,990,9.9,0.07610942568638303,0.08025939371230013,0.004149968025917106
current_csv,Current CSV,p,991,9.91,0.07502547359148329,0.07831017012433458,0.0032846965328512945
current_csv,Current CSV,p,992,9.92,0.07415160209551855,0.07650766967519201,0.0023560675796734654
current_csv,Current CSV,p,993,9.93,0.07217067301885115,0.07504867805667048,0.002878005037819334
current_csv,Current CSV,p,994,9.94,0.07217658039045062,0.07372922869876193,0.0015526483083113107
current_csv,Current CSV,p,995,9.950000000000001,0.07088981867105336,0.07254221759497984,0.0016523989239264764
current_csv,Current CSV,p,996,9.96,0.07023499180016193,0.07165964928163646,0.0014246574814745228
current_csv,Current CSV,p,997,9.97,0.06883872932060803,0.07060398198388304,0.0017652526632750132
current_csv,Current CSV,p,998,9.98,0.06816252032973238,0.06971714855461987,0.001554628224887486
current_csv,Current CSV,p,999,9.99,0.06694504767073273,0.06859175260243656,0.001646704931703838
current_csv,Current CSV,p,1000,10.0,0.06576323890194473,0.06766291373347487,0.0018996748315301404
current_csv,Current CSV,p,1001,10.01,0.06497991614618737,0.06649783486328442,0.0015179187170970554
current_csv,Current CSV,p,1002,10.02,0.06381516221179415,0.06544541997031604,0.0016302577585218941
current_csv,Current CSV,p,1003,10.03,0.06250591563643654,0.06449277491446109,0.0019868592780245553
current_csv,Current CSV,p,1004,10.040000000000001,0.0612008542493173,0.06335299076157955,0.0021521365122622454
current_csv,Current CSV,p,1005,10.05,0.060379244097714585,0.062123978906949026,0.0017447348092344411
current_csv,Current CSV,p,1006,10.06,0.057853383591951274,0.06095397338204769,0.0031005897900964127
current_csv,Current CSV,p,1007,10.07,0.05791593539580748,0.05986458630867017,0.0019486509128626914
current_csv,Current CSV,p,1008,10.08,0.05685103179961426,0.05851489653997199,0.0016638647403577275
current_csv,Current CSV,p,1009,10.09,0.05581179370145882,0.05748082992841881,0.0016690362269599912
current_csv,Current CSV,p,1010,10.1,0.05495657677439868,0.05643127696739526,0.0014747001929965795
current_csv,Current CSV,p,1011,10.11,0.05421371361168457,0.05542997927102092,0.0012162656593363505
current_csv,Current CSV,p,1012,10.120000000000001,0.05373788247452599,0.0545571283441338,0.0008192458696078125
current_csv,Current CSV,p,1013,10.13,0.05348816699234092,0.0538752117032828,0.00038704471094187787
current_csv,Current CSV,p,1014,10.14,0.053436997627067356,0.053500031431004264,6.303380393690716e-05
current_csv,Current CSV,p,1015,10.15,0.05321114076693225,0.053436997627067356,0.00022585686013510547
current_csv,Current CSV,p,1016,10.16,0.05275617864597285,0.0532247018105059,0.0004685231645330454
current_csv,Current CSV,p,1017,10.17,0.05191152807775302,0.05297117105952176,0.0010596429817687422
current_csv,Current CSV,p,1018,10.18,0.05046189211603352,0.05222382148960806,0.0017619293735745417
current_csv,Current CSV,p,1019,10.19,0.04806851866061215,0.05139387619500299,0.003325357534390838
current_csv,Current CSV,p,1020,10.200000000000001,0.045499314888103,0.049926879090188024,0.004427564202085024
current_csv,Current CSV,p,1021,10.21,0.042643676122591546,0.048000684725639425,0.005357008603047879
current_csv,Current CSV,p,1022,10.22,0.039103129384769245,0.04588009739811831,0.006776968013349066
current_csv,Current CSV,p,1023,10.23,0.03553753952923543,0.043401961310233085,0.007864421780997652
current_csv,Current CSV,p,1024,10.24,0.0318773950733154,0.040607470387688534,0.008730075314373135
current_csv,Current CSV,p,1025,10.25,0.027731461106838183,0.0376421730542064,0.009910711947368214
current_csv,Current CSV,p,1026,10.26,0.023686144498539945,0.03445089451451559,0.010764750015975648
current_csv,Current CSV,p,1027,10.27,0.019055419631129368,0.031027541783303456,0.011972122152174088
current_csv,Current CSV,p,1028,10.28,0.015083962777392552,0.02746710482888666,0.012383142051494107
current_csv,Current CSV,p,1029,10.290000000000001,0.003967944136851798,0.02366470856692699,0.019696764430075193
current_csv,Current CSV,p,1030,10.3,0.004215931351462873,0.019793952263462665,0.015578020911999793
current_csv,Current CSV,p,1031,10.31,-0.0025353977089682435,0.015347284288218263,0.017882681997186504
current_csv,Current CSV,p,1032,10.32,-0.010165500034003768,0.010963922983913873,0.02112942301791764
current_csv,Current CSV,p,1033,10.33,-0.018119116555913695,0.006034740648699911,0.024153857204613605
current_csv,Current CSV,p,1034,10.34,-0.027283923699363468,0.0006967487068065166,0.027980672406169985
current_csv,Current CSV,p,1035,10.35,-0.034992642080912614,-0.005053587597897128,0.02993905448301549
current_csv,Current CSV,p,1036,10.36,-0.04331528792639547,-0.011259647212434925,0.03205564071396054
current_csv,Current CSV,p,1037,10.370000000000001,-0.05261412432016294,-0.017590921283829115,0.03502320303633383
current_csv,Current CSV,p,1038,10.38,-0.061836466803282385,-0.024247703348473013,0.03758876345480937
current_csv,Current CSV,p,1039,10.39,-0.07934668164882927,-0.03121016061442145,0.048136521034407825
current_csv,Current CSV,p,1040,10.4,-0.07986919085984995,-0.03844917677380865,0.0414200140860413
current_csv,Current CSV,p,1041,10.41,-0.08980618868660796,-0.04615669312300659,0.04364949556360137
current_csv,Current CSV,p,1042,10.42,-0.09935831044910644,-0.0536855082422911,0.04567280220681534
current_csv,Current CSV,p,1043,10.43,-0.10939923326806558,-0.06151696377481336,0.04788226949325222
current_csv,Current CSV,p,1044,10.44,-0.11693676717709195,-0.06948062149778042,0.04745614567931153
current_csv,Current CSV,p,1045,10.450000000000001,-0.12694295035522205,-0.07761579768968864,0.049327152665533405
current_csv,Current CSV,p,1046,10.46,-0.13599332949074722,-0.08572814861536972,0.0502651808753775
current_csv,Current CSV,p,1047,10.47,-0.1554464744179342,-0.09402832145627527,0.06141815296165892
current_csv,Current CSV,p,1048,10.48,-0.16275157789625586,-0.10244386642309151,0.06030771147316434
current_csv,Current CSV,p,1049,10.49,-0.16370160095811406,-0.11156364810850537,0.05213795284960869
current_csv,Current CSV,p,1050,10.5,-0.1733690404350182,-0.12038903798163367,0.05298000245338452
current_csv,Current CSV,p,1051,10.51,-0.18155518638392246,-0.12888340848060975,0.052671777903312705
current_csv,Current CSV,p,1052,10.52,-0.19018199367708655,-0.13745040595207558,0.052731587725010964
current_csv,Current CSV,p,1053,10.53,-0.19862622935060195,-0.14599431751499195,0.05263191183561
current_csv,Current CSV,p,1054,10.540000000000001,-0.19942688939968511,-0.1545409398302428,0.04488594956944231
current_csv,Current CSV,p,1055,10.55,-0.21398455459669397,-0.162700768544863,0.051283786051830954
current_csv,Current CSV,p,1056,10.56,-0.2223436463459831,-0.17058078714977254,0.05176285919621057
current_csv,Current CSV,p,1057,10.57,-0.22909073555775397,-0.17908037125841306,0.050010364299340915
current_csv,Current CSV,p,1058,10.58,-0.23673538619855578,-0.18748430263602783,0.04925108356252794
current_csv,Current CSV,p,1059,10.59,-0.24359674883344712,-0.19576166889852895,0.04783507993491817
current_csv,Current CSV,p,1060,10.6,-0.2509871486159399,-0.20395082308381748,0.04703632553212242
current_csv,Current CSV,p,1061,10.61,-0.2590256136271604,-0.21202881111011437,0.04699680251704605
current_csv,Current CSV,p,1062,10.620000000000001,-0.2669997871604553,-0.22005903957343495,0.046940747587020354
current_csv,Current CSV,p,1063,10.63,-0.2752419438069918,-0.2280881900140022,0.04715375379298958
current_csv,Current CSV,p,1064,10.64,-0.2768698741198106,-0.2361196037423889,0.04075027037742171
current_csv,Current CSV,p,1065,10.65,-0.29198498563523023,-0.2438533542892998,0.04813163134593043
current_csv,Current CSV,p,1066,10.66,-0.3009781283357499,-0.2513314123145319,0.04964671602121801
current_csv,Current CSV,p,1067,10.67,-0.30958140000321605,-0.2595190700349474,0.05006232996826865
current_csv,Current CSV,p,1068,10.68,-0.31887725785167764,-0.2678104459406277,0.05106681191104995
current_csv,Current CSV,p,1069,10.69,-0.3280415123853222,-0.2761490480002416,0.051892464385080606
current_csv,Current CSV,p,1070,10.700000000000001,-0.33814582624612904,-0.28457647150593274,0.05356935474019631
current_csv,Current CSV,p,1071,10.71,-0.3463293837236409,-0.29309408131537446,0.05323530240826646
current_csv,Current CSV,p,1072,10.72,-0.35581161474101014,-0.30171597856401,0.05409563617700014
current_csv,Current CSV,p,1073,10.73,-0.3649912988160834,-0.3103288233537333,0.05466247546235009
current_csv,Current CSV,p,1074,10.74,-0.3742052532890508,-0.31901535094222344,0.05518990234682736
current_csv,Current CSV,p,1075,10.75,-0.3838362469842464,-0.3277482063274998,0.05608804065674661
current_csv,Current CSV,p,1076,10.76,-0.39333800887110915,-0.3365350240410422,0.05680298483006696
current_csv,Current CSV,p,1077,10.77,-0.3998727823467059,-0.3453958665613151,0.05447691578539082
current_csv,Current CSV,p,1078,10.78,-0.4143912654190854,-0.35422270661022903,0.060168558808856354
current_csv,Current CSV,p,1079,10.790000000000001,-0.41554803633049253,-0.3629911352563672,0.052556901074125306
current_csv,Current CSV,p,1080,10.8,-0.4229819700156677,-0.3718425993554884,0.05113937066017926
current_csv,Current CSV,p,1081,10.81,-0.4296986064922161,-0.3803126911437954,0.049385915348420684
current_csv,Current CSV,p,1082,10.82,-0.4354082369230227,-0.38865920129944237,0.04674903562358035
current_csv,Current CSV,p,1083,10.83,-0.44137461094823416,-0.3968088551377985,0.04456575581043565
current_csv,Current CSV,p,1084,10.84,-0.4465800950090144,-0.40472928469110975,0.04185081031790466
current_csv,Current CSV,p,1085,10.85,-0.4507187659559044,-0.4124186732184971,0.038300092737407254
current_csv,Current CSV,p,1086,10.86,-0.45434263823329557,-0.4197957110255393,0.03454692720775626
current_csv,Current CSV,p,1087,10.870000000000001,-0.45726588650029304,-0.4267911058727339,0.03047478062755915
current_csv,Current CSV,p,1088,10.88,-0.4600667596896704,-0.43335495425281556,0.026711805436854863
current_csv,Current CSV,p,1089,10.89,-0.46123040751450334,-0.4394646533172416,0.021765754197261733
current_csv,Current CSV,p,1090,10.9,-0.46270645732850085,-0.4449997278139627,0.017706729514538166
current_csv,Current CSV,p,1091,10.91,-0.4636305524336642,-0.44992896129282217,0.013701591140842018
current_csv,Current CSV,p,1092,10.92,-0.46363770413782274,-0.4542303902578902,0.009407313879932544
current_csv,Current CSV,p,1093,10.93,-0.46358941222326633,-0.4577479161359184,0.005841496087347908
current_csv,Current CSV,p,1094,10.94,-0.4633845484628801,-0.46044547104650163,0.002939077416378444
current_csv,Current CSV,p,1095,10.950000000000001,-0.46249933965370504,-0.46232302595708485,0.00017631369662018948
current_csv,Current CSV,p,1096,10.96,-0.4609809743021629,-0.46338058086766803,-0.0023996065655051413
current_csv,Current CSV,p,1097,10.97,-0.4599264847360993,-0.46361813577825123,-0.003691651042151911
current_csv,Current CSV,p,1098,10.98,-0.4590767111136187,-0.46303569068883443,-0.0039589795752157375
current_csv,Current CSV,p,1099,10.99,-0.45792457643014456,-0.4616333543744782,-0.0037087779443336633
current_csv,Current CSV,p,1100,11.0,-0.4579254701102477,-0.4596916346040923,-0.0017661644938445908
current_csv,Current CSV,p,1101,11.01,-0.4561652384216166,-0.45839998228812384,-0.0022347438665072383
current_csv,Current CSV,p,1102,11.02,-0.45402405765070597,-0.4574016563560558,-0.0033775987053498158
current_csv,Current CSV,p,1103,11.03,-0.4517149521337321,-0.45578816351983115,-0.004073211386099063
current_csv,Current CSV,p,1104,11.040000000000001,-0.44528230373501015,-0.4539985348918324,-0.00871623115682224
current_csv,Current CSV,p,1105,11.05,-0.4453303418226261,-0.4518841209505381,-0.006553779127911996
current_csv,Current CSV,p,1106,11.06,-0.44133374605530273,-0.4491865393599563,-0.00785279330465355
current_csv,Current CSV,p,1107,11.07,-0.43649925862358596,-0.44656255363929287,-0.010063295015706908
current_csv,Current CSV,p,1108,11.08,-0.43281349072640724,-0.4434131262372498,-0.010599635510842587
current_csv,Current CSV,p,1109,11.09,-0.42793947762952067,-0.43994268802838205,-0.012003210398861375
current_csv,Current CSV,p,1110,11.1,-0.42192508258238826,-0.4364238722295633,-0.014498789647175048
current_csv,Current CSV,p,1111,11.11,-0.4154648228678859,-0.4324964658505244,-0.01703164298263854
current_csv,Current CSV,p,1112,11.120000000000001,-0.4089190114917398,-0.4281406690544534,-0.0192216575627136
current_csv,Current CSV,p,1113,11.13,-0.4010121405377076,-0.42341468601441384,-0.022402545476706226
current_csv,Current CSV,p,1114,11.14,-0.3923484690199122,-0.41838257559898817,-0.026034106579075955
current_csv,Current CSV,p,1115,11.15,-0.3826920887089988,-0.41282348249443085,-0.03013139378543206
current_csv,Current CSV,p,1116,11.16,-0.371395932852634,-0.4068292753197503,-0.035433342467116324
current_csv,Current CSV,p,1117,11.17,-0.36010982204253356,-0.400306991271576,-0.04019716922904243
current_csv,Current CSV,p,1118,11.18,-0.348117358477561,-0.393192983156067,-0.04507562467850601
current_csv,Current CSV,p,1119,11.19,-0.31967314981778383,-0.3856240160993705,-0.0659508662815867
current_csv,Current CSV,p,1120,11.200000000000001,-0.31923804324399907,-0.37754965803725915,-0.05831161479326008
current_csv,Current CSV,p,1121,11.21,-0.3061206635454377,-0.3687064984245486,-0.0625858348791109
current_csv,Current CSV,p,1122,11.22,-0.29250221087912226,-0.35956074443458474,-0.06705853355546249
current_csv,Current CSV,p,1123,11.23,-0.2773927486683155,-0.35001530792886176,-0.07262255926054628
current_csv,Current CSV,p,1124,11.24,-0.262402989982129,-0.34014116027217955,-0.07773817029005053
current_csv,Current CSV,p,1125,11.25,-0.2478978387127962,-0.3297950501697308,-0.08189721145693463
current_csv,Current CSV,p,1126,11.26,-0.22139556594155094,-0.31914037392896305,-0.09774480798741211
current_csv,Current CSV,p,1127,11.27,-0.21996158772093236,-0.30815469826941555,-0.0881931105484832
current_csv,Current CSV,p,1128,11.28,-0.20693356360355802,-0.2966773222931342,-0.08974375868957618
current_csv,Current CSV,p,1129,11.290000000000001,-0.19449844320635273,-0.2853913822520724,-0.09089293904571966
current_csv,Current CSV,p,1130,11.3,-0.18342075532124125,-0.2739909710043875,-0.09057021568314627
current_csv,Current CSV,p,1131,11.31,-0.17336402912050725,-0.26254434461638854,-0.08918031549588129
current_csv,Current CSV,p,1132,11.32,-0.15701689190990928,-0.2511476430052956,-0.0941307510953863
current_csv,Current CSV,p,1133,11.33,-0.1561036636073223,-0.23974883925546006,-0.08364517564813775
current_csv,Current CSV,p,1134,11.34,-0.14913905171829056,-0.22845417112119937,-0.0793151194029088
current_csv,Current CSV,p,1135,11.35,-0.14226151364983963,-0.2176361649751233,-0.07537465132528368
current_csv,Current CSV,p,1136,11.36,-0.1362270497583335,-0.20710866912118328,-0.07088161936284978
current_csv,Current CSV,p,1137,11.370000000000001,-0.13066529022389,-0.19689157969114168,-0.06622628946725168
current_csv,Current CSV,p,1138,11.38,-0.11910393645100217,-0.18702349935374382,-0.06791956290274165
current_csv,Current CSV,p,1139,11.39,-0.11744113247911904,-0.17733373645383624,-0.0598926039747172
current_csv,Current CSV,p,1140,11.4,-0.11618054037213792,-0.16785645276998387,-0.051675912397845955
current_csv,Current CSV,p,1141,11.41,-0.10427125044913087,-0.15907838139120867,-0.0548071309420778
current_csv,Current CSV,p,1142,11.42,-0.09864374101645636,-0.1505891337238299,-0.05194539270737354
current_csv,Current CSV,p,1143,11.43,-0.08469766479735603,-0.1419118422025873,-0.057214177405231256
current_csv,Current CSV,p,1144,11.44,-0.07775746226785125,-0.13337291331723672,-0.055615451049385464
current_csv,Current CSV,p,1145,11.450000000000001,-0.07081921413527897,-0.12441828495347525,-0.05359907081819627
current_csv,Current CSV,p,1146,11.46,-0.05836967458467433,-0.11569234683531875,-0.05732267225064441
current_csv,Current CSV,p,1147,11.47,-0.05766447586707078,-0.1070095631111697,-0.04934508724409892
current_csv,Current CSV,p,1148,11.48,-0.049862211457444315,-0.09843122232238292,-0.04856901086493861
current_csv,Current CSV,p,1149,11.49,-0.033624756192551904,-0.09023014291426537,-0.05660538672171347
current_csv,Current CSV,p,1150,11.5,-0.029844851734929675,-0.08197400989152524,-0.052129158156595565
current_csv,Current CSV,p,1151,11.51,-0.022919062237980597,-0.07326275009915377,-0.05034368786117317
current_csv,Current CSV,p,1152,11.52,-0.019423173083846494,-0.064837609734418,-0.04541443665057151
current_csv,Current CSV,p,1153,11.53,-0.014707238262461906,-0.0567107205558726,-0.04200348229341069
current_csv,Current CSV,p,1154,11.540000000000001,-0.010246538913824956,-0.04897906532056085,-0.0387325264067359
current_csv,Current CSV,p,1155,11.55,-0.00636091110618848,-0.04157336355073641,-0.03521245244454793
current_csv,Current CSV,p,1156,11.56,0.0004002437781269655,-0.03451790826479954,-0.03491815204292651
current_csv,Current CSV,p,1157,11.57,0.001982059497346375,-0.02768824174982872,-0.029670301247175093
current_csv,Current CSV,p,1158,11.58,0.006001643954804868,-0.021160346479302854,-0.027161990434107722
current_csv,Current CSV,p,1159,11.59,0.009918228016138491,-0.015069286151657634,-0.024987514167796127
current_csv,Current CSV,p,1160,11.6,0.013511869041519986,-0.009255375033517733,-0.022767244075037718
current_csv,Current CSV,p,1161,11.61,0.0204261636165835,-0.0037215376296428297,-0.02414770124622633
current_csv,Current CSV,p,1162,11.620000000000001,0.02051702025666574,0.0016829088377728733,-0.01883411141889287
current_csv,Current CSV,p,1163,11.63,0.023843909985854943,0.006829789575313957,-0.017014120410540984
current_csv,Current CSV,p,1164,11.64,0.026098502822182998,0.011515910349514144,-0.014582592472668854
current_csv,Current CSV,p,1165,11.65,0.02835205749548926,0.015884136728577972,-0.012467920766911288
current_csv,Current CSV,p,1166,11.66,0.029748108846273002,0.019869227760973766,-0.009878881085299236
current_csv,Current CSV,p,1167,11.67,0.03139452343009102,0.02341424956939135,-0.007980273860699667
current_csv,Current CSV,p,1168,11.68,0.0315166923351262,0.026513908151999444,-0.005002784183126753
current_csv,Current CSV,p,1169,11.69,0.03171469175150988,0.028965402514011626,-0.002749289237498252
current_csv,Current CSV,p,1170,11.700000000000001,0.03182083049973932,0.03067097549602352,-0.0011498550037158002
current_csv,Current CSV,p,1171,11.71,0.0316568016422288,0.03162956654390129,-2.7235098327513252e-05
current_csv,Current CSV,p,1172,11.72,0.03121671889800741,0.03177771458823,0.000560995690222589
current_csv,Current CSV,p,1173,11.73,0.030184272685457907,0.031291447095106235,0.0011071744096483281
current_csv,Current CSV,p,1174,11.74,0.029604441391827843,0.030825280540954843,0.0012208391491270003
current_csv,Current CSV,p,1175,11.75,0.028504617078608442,0.029890542617204505,0.0013859255385960632
current_csv,Current CSV,p,1176,11.76,0.027796431571473632,0.029107525023540075,0.0013110934520664426
current_csv,Current CSV,p,1177,11.77,0.02663679638426473,0.028133023530046937,0.0014962271457822085
current_csv,Current CSV,p,1178,11.78,0.02606448255839843,0.02729366167838999,0.0012291791199915587
current_csv,Current CSV,p,1179,11.790000000000001,0.02505864936369285,0.02633951278452699,0.001280863420834142
current_csv,Current CSV,p,1180,11.8,0.024666538127818542,0.025577669318247415,0.0009111311904288731
current_csv,Current CSV,p,1181,11.81,0.02374914905023889,0.024797828870115897,0.0010486798198770068
current_csv,Current CSV,p,1182,11.82,0.023520233249215622,0.024225957056436546,0.0007057238072209239
current_csv,Current CSV,p,1183,11.83,0.02254263962726577,0.023572114332257938,0.0010294747049921678
current_csv,Current CSV,p,1184,11.84,0.02292476530854192,0.023164796053121967,0.00024003074458004564
current_csv,Current CSV,p,1185,11.85,0.02317399885816876,0.022572295670107115,-0.0006017031880616447
current_csv,Current CSV,p,1186,11.86,0.023025531336423426,0.022767026827055836,-0.00025850450936758945
current_csv,Current CSV,p,1187,11.870000000000001,0.023520316354135123,0.023172212865350816,-0.0003481034887843071
current_csv,Current CSV,p,1188,11.88,0.024234174385726483,0.02331362815617141,-0.0009205462295550741
current_csv,Current CSV,p,1189,11.89,0.024146159366079716,0.024009447862281437,-0.00013671150379827857
current_csv,Current CSV,p,1190,11.9,0.0246362582278066,0.02420585289107974,-0.00043040533672685996
current_csv,Current CSV,p,1191,11.91,0.025181534511506756,0.024283368773618547,-0.0008981657378882082
current_csv,Current CSV,p,1192,11.92,0.02536765255045762,0.02498982986911483,-0.0003778226813427911
current_csv,Current CSV,p,1193,11.93,0.025306281550067606,0.025364559547628927,5.827799756132068e-05
current_csv,Current CSV,p,1194,11.94,0.025152710720316832,0.025306281550067606,0.00015357082975077374
current_csv,Current CSV,p,1195,11.950000000000001,0.024770037864801912,0.025153272731405107,0.0003832348666031951
current_csv,Current CSV,p,1196,11.96,0.024252536312926083,0.024908168366242225,0.0006556320533161429
current_csv,Current CSV,p,1197,11.97,0.023609454959746166,0.024362713522867736,0.0007532585631215699
current_csv,Current CSV,p,1198,11.98,0.022767859766313108,0.023854912835203232,0.0010870530688901238
current_csv,Current CSV,p,1199,11.99,0.021911439632276593,0.023121016112336166,0.0012095764800595724
current_csv,Current CSV,p,1200,12.0,0.020935385730415958,0.022311019609251206,0.0013756338788352487
current_csv,Current CSV,p,1201,12.01,0.020003366333634743,0.02143961046737461,0.0014362441337398661
current_csv,Current CSV,p,1202,12.02,0.018866603777326123,0.020497403788238267,0.0016308000109121444
current_csv,Current CSV,p,1203,12.030000000000001,0.017866336047310093,0.019526320411740728,0.0016599843644306347
current_csv,Current CSV,p,1204,12.040000000000001,0.01696455294781021,0.01846554691717237,0.001500993969362159
current_csv,Current CSV,p,1205,12.05,0.015872244085111085,0.017465734859740328,0.0015934907746292422
current_csv,Current CSV,p,1206,12.06,0.015038167414364294,0.016495937810800686,0.0014577703964363913
current_csv,Current CSV,p,1207,12.07,0.013906639417823542,0.015497497760527593,0.0015908583427040515
current_csv,Current CSV,p,1208,12.08,0.013145438481404748,0.0145540927505096,0.0014086542691048518
current_csv,Current CSV,p,1209,12.09,0.012157443550053737,0.013557155315347626,0.0013997117652938887
current_csv,Current CSV,p,1210,12.1,0.011382674478042434,0.012673829009818833,0.0012911545317763982
current_csv,Current CSV,p,1211,12.11,0.010592864064152835,0.011762077496222165,0.0011692134320693305
current_csv,Current CSV,p,1212,12.120000000000001,0.009780397420183475,0.01094623487504476,0.0011658374548612852
current_csv,Current CSV,p,1213,12.13,0.008219209937113888,0.010145851644336016,0.0019266417072221279
current_csv,Current CSV,p,1214,12.14,0.008218718917250777,0.009256894557211306,0.0010381756399605296
current_csv,Current CSV,p,1215,12.15,0.006169354420201038,0.00836628448654723,0.0021969300663461913
current_csv,Current CSV,p,1216,12.16,0.004265786000244881,0.0077569937610484545,0.0034912077608035734
current_csv,Current CSV,p,1217,12.17,0.0028910531827553323,0.006376468293251093,0.003485415110495761
current_csv,Current CSV,p,1218,12.18,0.0007436296035813638,0.004519843812945851,0.0037762142093644875
current_csv,Current CSV,p,1219,12.19,-0.0005666534863261866,0.0028019332582408887,0.0033685867445670753
current_csv,Current CSV,p,1220,12.200000000000001,-0.002966017193518452,0.0009971617299857829,0.003963178923504235
current_csv,Current CSV,p,1221,12.21,-0.0041363135797373735,-0.000704938817280563,0.0034313747624568104
current_csv,Current CSV,p,1222,12.22,-0.006258006172877849,-0.002573553055894925,0.003684453116982924
current_csv,Current CSV,p,1223,12.23,-0.007521941315172744,-0.0042591320742526185,0.003262809240920125
current_csv,Current CSV,p,1224,12.24,-0.009552187270329875,-0.00603326908162839,0.003518918188701485
current_csv,Current CSV,p,1225,12.25,-0.010738487651120572,-0.00767718301953785,0.003061304631582722
current_csv,Current CSV,p,1226,12.26,-0.010737808293546026,-0.009382712447765883,0.0013550958457801427
current_csv,Current CSV,p,1227,12.27,-0.014038680284627254,-0.01046305352707235,0.0035756267575549044
current_csv,Current CSV,p,1228,12.280000000000001,-0.015181701350702919,-0.011253141939712148,0.003928559410990771
current_csv,Current CSV,p,1229,12.290000000000001,-0.0169366231532226,-0.012811499221815348,0.004125123931407251
current_csv,Current CSV,p,1230,12.3,-0.01766688296712804,-0.014839623728331036,0.0028272592387970034
current_csv,Current CSV,p,1231,12.31,-0.01811793883626721,-0.01652187482542018,0.0015960640108470293
current_csv,Current CSV,p,1232,12.32,-0.01811922108652472,-0.017690877217315274,0.00042834386920944517
current_csv,Current CSV,p,1233,12.33,-0.01885983733140617,-0.018117982365869718,0.000741854965536453
current_csv,Current CSV,p,1234,12.34,-0.018522730581775965,-0.01836662568874056,0.0001561048930354067
current_csv,Current CSV,p,1235,12.35,-0.01887235843705398,-0.018850685013190528,2.1673423863451113e-05
current_csv,Current CSV,p,1236,12.36,-0.018343766526518,-0.01887235843705398,-0.0005285919105359783
current_csv,Current CSV,p,1237,12.370000000000001,-0.017887118576859727,-0.018557451136943254,-0.0006703325600835273
current_csv,Current CSV,p,1238,12.38,-0.017525651845487558,-0.01796927184633855,-0.0004436200008509916
current_csv,Current CSV,p,1239,12.39,-0.017178481454473957,-0.017585479682266637,-0.00040699822779267925
current_csv,Current CSV,p,1240,12.4,-0.017669948650472576,-0.017238767171364664,0.0004311814791079123
current_csv,Current CSV,p,1241,12.41,-0.017667952973861627,-0.017338038924819284,0.0003299140490423437
current_csv,Current CSV,p,1242,12.42,-0.01733748350280124,-0.01766919059363294,-0.00033170709083170033
current_csv,Current CSV,p,1243,12.43,-0.01754476391376194,-0.01738492293625426,0.00015984097750768034
current_csv,Current CSV,p,1244,12.44,-0.01674244024088329,-0.017489937278973876,-0.000747497038090586
current_csv,Current CSV,p,1245,12.450000000000001,-0.017696860588160297,-0.017376020649677568,0.0003208399384827289
current_csv,Current CSV,p,1246,12.46,-0.017022671200559038,-0.016971951075814277,5.0720124744760287e-05
current_csv,Current CSV,p,1247,12.47,-0.017428568560866466,-0.017022671200559038,0.00040589736030742854
current_csv,Current CSV,p,1248,12.48,-0.01798736368469701,-0.01731435668615928,0.0006730069985377285
current_csv,Current CSV,p,1249,12.49,-0.018400015528662255,-0.017821152113218882,0.000578863415443373
current_csv,Current CSV,p,1250,12.5,-0.01894357540004374,-0.01832135030198914,0.0006222250980545997
current_csv,Current CSV,p,1251,12.51,-0.019988917082938203,-0.01875945994599056,0.001229457136947644
current_csv,Current CSV,p,1252,12.52,-0.020449674490633403,-0.019444152988614655,0.0010055215020187483
current_csv,Current CSV,p,1253,12.530000000000001,-0.020875452115242454,-0.020279355303954225,0.0005960968112882284
current_csv,Current CSV,p,1254,12.540000000000001,-0.021260229148654806,-0.02078970710258132,0.0004705220460734863
current_csv,Current CSV,p,1255,12.55,-0.021720731628222016,-0.021188556485578797,0.0005321751426432195
current_csv,Current CSV,p,1256,12.56,-0.02194181894181159,-0.02159435369177671,0.0003474652500348799
current_csv,Current CSV,p,1257,12.57,-0.02229138560302268,-0.021936193937466382,0.0003551916655562988
current_csv,Current CSV,p,1258,12.58,-0.022579133551548086,-0.022131691189580395,0.0004474423619676912
current_csv,Current CSV,p,1259,12.59,-0.022706190890062646,-0.022565303664676913,0.00014088722538573364
current_csv,Current CSV,p,1260,12.6,-0.0227069997741295,-0.022704780912239243,2.218861890255358e-06
current_csv,Current CSV,p,1261,12.61,-0.022798160499818584,-0.022707000020199743,9.116047961884102e-05
current_csv,Current CSV,p,1262,12.620000000000001,-0.022682322156742173,-0.02279816049981858,-0.00011583834307640761
current_csv,Current CSV,p,1263,12.63,-0.022394676236025524,-0.022682322156742173,-0.0002876459207166483
current_csv,Current CSV,p,1264,12.64,-0.022136860464054876,-0.02243416602019934,-0.000297305556144465
current_csv,Current CSV,p,1265,12.65,-0.021887421160569284,-0.02216277883899823,-0.00027535767842894535
current_csv,Current CSV,p,1266,12.66,-0.0215909490872021,-0.02191908318075033,-0.00032813409354822895
current_csv,Current CSV,p,1267,12.67,-0.021507827821568813,-0.021642151920019326,-0.00013432409845051327
current_csv,Current CSV,p,1268,12.68,-0.021390610046447853,-0.021507827821568813,-0.0001172177751209598
current_csv,Current CSV,p,1269,12.69,-0.021245690075142265,-0.02139061004644785,-0.00014491997130558487
current_csv,Current CSV,p,1270,12.700000000000001,-0.021376551037079868,-0.02124592288205521,0.000130628155024657
current_csv,Current CSV,p,1271,12.71,-0.021570647110370614,-0.021376551037079864,0.0001940960732907497
current_csv,Current CSV,p,1272,12.72,-0.021851435314461366,-0.0215653614830945,0.0002860738313668655
current_csv,Current CSV,p,1273,12.73,-0.022264683141506907,-0.02175222019392175,0.0005124629475851579
current_csv,Current CSV,p,1274,12.74,-0.02281068627727648,-0.02220773365428278,0.0006029526229936986
current_csv,Current CSV,p,1275,12.75,-0.02327478982267209,-0.022605069396809844,0.0006697204258622469
current_csv,Current CSV,p,1276,12.76,-0.024356521641168558,-0.023185796025226246,0.001170725615942312
current_csv,Current CSV,p,1277,12.77,-0.024361926662131758,-0.0236841396391889,0.0006777870229428586
current_csv,Current CSV,p,1278,12.780000000000001,-0.025497589488750142,-0.024321687191227327,0.001175902297522815
current_csv,Current CSV,p,1279,12.790000000000001,-0.02550318309509633,-0.02469370012160063,0.0008094829734956975
current_csv,Current CSV,p,1280,12.8,-0.026166019713877803,-0.025410891451426523,0.0007551282624512802
current_csv,Current CSV,p,1281,12.81,-0.02654620664958489,-0.025893076844710552,0.0006531298048743361
current_csv,Current CSV,p,1282,12.82,-0.026939243332154087,-0.02648436285844784,0.0004548804737062456
current_csv,Current CSV,p,1283,12.83,-0.02762972936445127,-0.02685245712984632,0.000777272234604949
current_csv,Current CSV,p,1284,12.84,-0.02724300998116536,-0.02732836407542208,-8.535409425671978e-05
current_csv,Current CSV,p,1285,12.85,-0.027107699592130954,-0.027619858677011423,-0.0005121590848804689
current_csv,Current CSV,p,1286,12.86,-0.026792805519559492,-0.027197960564544255,-0.00040515504498476324
current_csv,Current CSV,p,1287,12.870000000000001,-0.026461337347966876,-0.026828472447847584,-0.00036713509988070894
current_csv,Current CSV,p,1288,12.88,-0.02662832654336627,-0.026529582452594912,9.874409077135701e-05
current_csv,Current CSV,p,1289,12.89,-0.025857879838617197,-0.026582700857230912,-0.0007248210186137152
current_csv,Current CSV,p,1290,12.9,-0.02552309222265667,-0.026442402050121744,-0.0009193098274650723
current_csv,Current CSV,p,1291,12.91,-0.025082655309240545,-0.02570321516419814,-0.000620559854957594
current_csv,Current CSV,p,1292,12.92,-0.024666709228272406,-0.025176707373378588,-0.0005099981451061816
current_csv,Current CSV,p,1293,12.93,-0.024211590309539843,-0.02475425022385945,-0.000542659914319607
current_csv,Current CSV,p,1294,12.94,-0.02398272168852003,-0.024326237038836858,-0.00034351535031682673
current_csv,Current CSV,p,1295,12.950000000000001,-0.02455932373840214,-0.023989659367632865,0.0005696643707692739
current_csv,Current CSV,p,1296,12.96,-0.024469476730587688,-0.024294942038325343,0.00017453469226234516
current_csv,Current CSV,p,1297,12.97,-0.02522110023886517,-0.02454246613208668,0.0006786341067784897
current_csv,Current CSV,p,1298,12.98,-0.025840898289735143,-0.024574040494564187,0.0012668577951709566
current_csv,Current CSV,p,1299,12.99,-0.026610874994529264,-0.025349603706748533,0.0012612712877807311
current_csv,Current CSV,p,1300,13.0,-0.02650905009660824,-0.026243109475259555,0.000265940621348687
current_csv,Current CSV,p,1301,13.01,-0.02735700184122117,-0.026608209888605454,0.0007487919526157176
current_csv,Current CSV,p,1302,13.02,-0.02826517292467773,-0.02668305763528469,0.0015821152893930393
current_csv,Current CSV,p,1303,13.030000000000001,-0.028977192340831442,-0.027514611856352653,0.0014625804844787885
current_csv,Current CSV,p,1304,13.040000000000001,-0.029865409376279545,-0.028579812131148952,0.0012855972451305923
current_csv,Current CSV,p,1305,13.05,-0.03053746535325629,-0.029432570075597908,0.0011048952776583805
current_csv,Current CSV,p,1306,13.06,-0.030537173206287037,-0.03025481688200825,0.00028235632427878535
current_csv,Current CSV,p,1307,13.07,-0.031354291184039255,-0.03053717320628704,0.0008171179777522151
current_csv,Current CSV,p,1308,13.08,-0.03232436535782993,-0.030868219555136786,0.001456145802693147
current_csv,Current CSV,p,1309,13.09,-0.03305998947828838,-0.03184320700548729,0.0012167824728010895
current_csv,Current CSV,p,1310,13.1,-0.03398623487930779,-0.03271937509024616,0.0012668597890616307
current_csv,Current CSV,p,1311,13.11,-0.034936644509517764,-0.03353216214780607,0.0014044823617116939
current_csv,Current CSV,p,1312,13.120000000000001,-0.03588312776033591,-0.034441483895128605,0.001441643865207308
current_csv,Current CSV,p,1313,13.13,-0.03685609929225286,-0.03538026865632407,0.0014758306359287862
current_csv,Current CSV,p,1314,13.14,-0.03765371193077176,-0.03632999412597248,0.0013237178047992779
current_csv,Current CSV,p,1315,13.15,-0.038486202712833546,-0.037254674745372966,0.00123152796746058
current_csv,Current CSV,p,1316,13.16,-0.03914376080908167,-0.038096301602268644,0.0010474592068130256
current_csv,Current CSV,p,1317,13.17,-0.03982721914812034,-0.03888218773902552,0.0009450314090948195
current_csv,Current CSV,p,1318,13.18,-0.04041624923290657,-0.0395704532770903,0.0008457959558162698
current_csv,Current CSV,p,1319,13.19,-0.04113913731750673,-0.04022548073959585,0.0009136565779108777
current_csv,Current CSV,p,1320,13.200000000000001,-0.04190584573092355,-0.040852173633597916,0.0010536720973256322
current_csv,Current CSV,p,1321,13.21,-0.04277675484226727,-0.04158464785923211,0.0011921069830351586
current_csv,Current CSV,p,1322,13.22,-0.04393259600126088,-0.04237005163548693,0.001562544365773945
current_csv,Current CSV,p,1323,13.23,-0.04500955906141852,-0.04327301062243787,0.001736548438980648
current_csv,Current CSV,p,1324,13.24,-0.046173030685055315,-0.04437448532060267,0.0017985453644526472
current_csv,Current CSV,p,1325,13.25,-0.04734605786686019,-0.04544961841504652,0.0018964394518136696
current_csv,Current CSV,p,1326,13.26,-0.048833319404001346,-0.04658307133612629,0.002250248067875056
current_csv,Current CSV,p,1327,13.27,-0.05003156714061639,-0.04778327298495893,0.002248294155657464
current_csv,Current CSV,p,1328,13.280000000000001,-0.051557105671055876,-0.049121000752728274,0.002436104918327603
current_csv,Current CSV,p,1329,13.290000000000001,-0.053132381966534414,-0.05041559328726611,0.002716788679268306
current_csv,Current CSV,p,1330,13.3,-0.054723726223014905,-0.05184298317744747,0.002880743045567437
current_csv,Current CSV,p,1331,13.31,-0.05645490196089002,-0.05334684718683029,0.003108054774059732
current_csv,Current CSV,p,1332,13.32,-0.058167266118908025,-0.05490957067892105,0.0032576954399869754
current_csv,Current CSV,p,1333,13.33,-0.05995089203474705,-0.05654832451779382,0.0034025675169532324
current_csv,Current CSV,p,1334,13.34,-0.06191297948746461,-0.05822829047719463,0.0036846890102699772
current_csv,Current CSV,p,1335,13.35,-0.06391374095017988,-0.05997247616718294,0.003941264782996938
current_csv,Current CSV,p,1336,13.36,-0.06603238461159446,-0.06181242928239088,0.0042199553292035785
current_csv,Current CSV,p,1337,13.370000000000001,-0.06814082238803233,-0.06372853851350274,0.004412283874529591
current_csv,Current CSV,p,1338,13.38,-0.07056176911256064,-0.06572205222398636,0.0048397168885742775
current_csv,Current CSV,p,1339,13.39,-0.072909992586788,-0.06778579106236145,0.005124201524426553
current_csv,Current CSV,p,1340,13.4,-0.07679488058712115,-0.06997271618664803,0.0068221644004731186
current_csv,Current CSV,p,1341,13.41,-0.0780324216129988,-0.07228296191962731,0.005749459693371484
current_csv,Current CSV,p,1342,13.42,-0.08012938531268814,-0.07487147400980254,0.005257911302885596
current_csv,Current CSV,p,1343,13.43,-0.08419608382337165,-0.07716223320329621,0.007033850620075444
current_csv,Current CSV,p,1344,13.44,-0.0854018009395908,-0.0794852152826389,0.005916585656951898
current_csv,Current CSV,p,1345,13.450000000000001,-0.08737923000575182,-0.08211777288381963,0.005261457121932184
current_csv,Current CSV,p,1346,13.46,-0.08951041769747257,-0.08443400301930179,0.005076414678170785
current_csv,Current CSV,p,1347,13.47,-0.09144119030362573,-0.0866575190566441,0.004783671246981633
current_csv,Current CSV,p,1348,13.48,-0.09248649492408731,-0.08882702047070555,0.0036594744533817586
current_csv,Current CSV,p,1349,13.49,-0.09551285095578939,-0.09077365088503099,0.004739200070758398
current_csv,Current CSV,p,1350,13.5,-0.09607934183927562,-0.092564880396363,0.0035144614429126197
current_csv,Current CSV,p,1351,13.51,-0.09900188586195127,-0.0945224147413729,0.0044794711205783655
current_csv,Current CSV,p,1352,13.52,-0.1006672327753171,-0.09623586874723311,0.004431364028083987
current_csv,Current CSV,p,1353,13.530000000000001,-0.10196222492981281,-0.09838087603172103,0.0035813488980917796
current_csv,Current CSV,p,1354,13.540000000000001,-0.10376982842108935,-0.10025558924489407,0.003514239176195283
current_csv,Current CSV,p,1355,13.55,-0.10423968779209454,-0.10197660536649221,0.0022630824256023307
current_csv,Current CSV,p,1356,13.56,-0.10539622238720495,-0.10345945242729855,0.0019367699599063953
current_csv,Current CSV,p,1357,13.57,-0.10637449795503319,-0.10462463145974904,0.0017498664952841497
current_csv,Current CSV,p,1358,13.58,-0.10730483639464161,-0.10574857779007073,0.0015562586045708843
current_csv,Current CSV,p,1359,13.59,-0.10833675525710862,-0.10677235241890007,0.0015644028382085506
current_csv,Current CSV,p,1360,13.6,-0.10955857208638889,-0.10775453075084555,0.0018040413355433355
current_csv,Current CSV,p,1361,13.61,-0.11023118496364069,-0.10880204956161868,0.001429135402022011
current_csv,Current CSV,p,1362,13.620000000000001,-0.1110548383085675,-0.10983403838929097,0.0012207999192765245
current_csv,Current CSV,p,1363,13.63,-0.11195975141876086,-0.1106720916158029,0.0012876598029579606
current_csv,Current CSV,p,1364,13.64,-0.11257453500948185,-0.11151649669401673,0.0010580383154651235
current_csv,Current CSV,p,1365,13.65,-0.11321477001712377,-0.112327029131983,0.0008877408851407642
current_csv,Current CSV,p,1366,13.66,-0.11379277874923964,-0.1129900322670199,0.0008027464822197433
current_csv,Current CSV,p,1367,13.67,-0.11398411678747312,-0.11361223406433972,0.0003718827231334043
current_csv,Current CSV,p,1368,13.68,-0.11417455001074703,-0.11398089986747995,0.0001936501432670823
current_csv,Current CSV,p,1369,13.69,-0.11412577144356097,-0.11414606352452265,-2.0292080961686887e-05
current_csv,Current CSV,p,1370,13.700000000000001,-0.11412655444998733,-0.11412577144356098,7.830064263497638e-07
current_csv,Current CSV,p,1371,13.71,-0.11410417366436347,-0.11412655460289961,-2.2380938536140094e-05
current_csv,Current CSV,p,1372,13.72,-0.11349879038325783,-0.11410417366436347,-0.0006053832811056398
current_csv,Current CSV,p,1373,13.73,-0.11425515497619924,-0.11378137519619383,0.000473779780005415
current_csv,Current CSV,p,1374,13.74,-0.11442413405490157,-0.11351164158890192,0.0009124924659996425
current_csv,Current CSV,p,1375,13.75,-0.11585085382146107,-0.11403962007839376,0.0018112337430673114
current_csv,Current CSV,p,1376,13.76,-0.11778165550842497,-0.11502478058392664,0.0027568749244983315
current_csv,Current CSV,p,1377,13.77,-0.11916655658460214,-0.11634881791881209,0.0028177386657900483
current_csv,Current CSV,p,1378,13.780000000000001,-0.1219075658980693,-0.11792711387065953,0.003980452027409764
current_csv,Current CSV,p,1379,13.790000000000001,-0.12398076968007697,-0.11946964347741112,0.004511126202665847
current_csv,Current CSV,p,1380,13.8,-0.12643375891946465,-0.12156312172820836,0.004870637191256286
current_csv,Current CSV,p,1381,13.81,-0.12961611478812823,-0.12362877158014639,0.005987343207981846
current_csv,Current CSV,p,1382,13.82,-0.1322192236066604,-0.12587920935695196,0.006340014249708453
current_csv,Current CSV,p,1383,13.83,-0.1346634125089866,-0.12845414482534612,0.006209267683640496
current_csv,Current CSV,p,1384,13.84,-0.13688963120654116,-0.13096844755362594,0.005921183652915218
current_csv,Current CSV,p,1385,13.85,-0.1399848485090458,-0.13343990067459247,0.006544947834453335
current_csv,Current CSV,p,1386,13.86,-0.14199701888586702,-0.1359031976322015,0.006093821253665532
current_csv,Current CSV,p,1387,13.870000000000001,-0.1439353980784936,-0.13848194625155358,0.0054534518269400145
current_csv,Current CSV,p,1388,13.88,-0.14589107510531243,-0.14086543908752208,0.0050256360177903525
current_csv,Current CSV,p,1389,13.89,-0.1475840603298474,-0.14311012708491566,0.004473933244931727
current_csv,Current CSV,p,1390,13.9,-0.1501371022836254,-0.1452238484320995,0.004913253851525884
current_csv,Current CSV,p,1391,13.91,-0.1517242122220025,-0.14727429958719165,0.004449912634810843
current_csv,Current CSV,p,1392,13.92,-0.15333986584256393,-0.14941462810523143,0.003925237737332499
current_csv,Current CSV,p,1393,13.93,-0.15469019773796053,-0.15134994960416712,0.003340248133793411
current_csv,Current CSV,p,1394,13.94,-0.15685745420798855,-0.15312077971211366,0.003736674495874892
current_csv,Current CSV,p,1395,13.950000000000001,-0.15796815352269147,-0.1548126088131873,0.00315554470950416
current_csv,Current CSV,p,1396,13.96,-0.15890878521811624,-0.1565759003197807,0.002332884898335552
current_csv,Current CSV,p,1397,13.97,-0.1598727275422203,-0.1580099933563616,0.0018627341858586943
current_csv,Current CSV,p,1398,13.98,-0.1599501906733246,-0.15920268025003248,0.0007475104232921304
current_csv,Current CSV,p,1399,13.99,-0.16090408448898025,-0.15989666011448045,0.001007424374499799
current_csv,Current CSV,p,1400,14.0,-0.1608882801192743,-0.16030853932137748,0.0005797407978968272
current_csv,Current CSV,p,1401,14.01,-0.16093952421018523,-0.16088061447201027,5.890973817496148e-05
current_csv,Current CSV,p,1402,14.02,-0.16096299874687184,-0.16093952421018523,2.3474536686607372e-05
current_csv,Current CSV,p,1403,14.030000000000001,-0.16162404459680144,-0.16096299874687184,0.0006610458499295979
current_csv,Current CSV,p,1404,14.040000000000001,-0.16183040279960467,-0.1612894536446235,0.0005409491549811796
current_csv,Current CSV,p,1405,14.05,-0.1625267370574249,-0.16181218196267497,0.0007145550947499357
current_csv,Current CSV,p,1406,14.06,-0.16374626300050948,-0.1620975525142611,0.0016487104862483726
current_csv,Current CSV,p,1407,14.07,-0.16497096941812997,-0.16307469179774342,0.0018962776203865495
current_csv,Current CSV,p,1408,14.08,-0.16729248936792696,-0.16418333103357644,0.0031091583343505202
current_csv,Current CSV,p,1409,14.09,-0.16759540285086963,-0.1654372884499688,0.002158114400900829
current_csv,Current CSV,p,1410,14.1,-0.1690384124761404,-0.1668833626011172,0.0021550498750232128
current_csv,Current CSV,p,1411,14.11,-0.17055746621257528,-0.16804581932082027,0.0025116468917550094
current_csv,Current CSV,p,1412,14.120000000000001,-0.17213723420181778,-0.1694077373813969,0.002729496820420896
current_csv,Current CSV,p,1413,14.13,-0.17357200271907916,-0.17083993252614055,0.0027320701929386126
current_csv,Current CSV,p,1414,14.14,-0.17511074712449934,-0.17232582092161822,0.0027849262028811217
current_csv,Current CSV,p,1415,14.15,-0.1767999672207065,-0.173801627188778,0.0029983400319285036
current_csv,Current CSV,p,1416,14.16,-0.17842868584487634,-0.17532684229671677,0.0031018435481595663
current_csv,Current CSV,p,1417,14.17,-0.18127023087391078,-0.1769223576992826,0.004347873174628175
current_csv,Current CSV,p,1418,14.18,-0.18171417175927077,-0.1786090439689035,0.003105127790367257
current_csv,Current CSV,p,1419,14.19,-0.1833522338059678,-0.1804296926190124,0.0029225411869553963
current_csv,Current CSV,p,1420,14.200000000000001,-0.18467559425080446,-0.18193688159699775,0.0027387126538067075
current_csv,Current CSV,p,1421,14.21,-0.18633314549054336,-0.18345984145654243,0.002873304034000934
current_csv,Current CSV,p,1422,14.22,-0.1877794418206387,-0.1849349305102956,0.0028445113103430786
current_csv,Current CSV,p,1423,14.23,-0.18920426420655603,-0.18647016279410475,0.002734101412451284
current_csv,Current CSV,p,1424,14.24,-0.19051646560753954,-0.1879602604412573,0.002556205166282244
current_csv,Current CSV,p,1425,14.25,-0.19188098338328946,-0.18940062701932509,0.0024803563639643755
current_csv,Current CSV,p,1426,14.26,-0.19322484293986703,-0.19078568243977015,0.0024391605000968763
current_csv,Current CSV,p,1427,14.27,-0.19432760289939738,-0.19215690294689636,0.0021706999525010207
current_csv,Current CSV,p,1428,14.280000000000001,-0.19559797954640187,-0.1934699784585077,0.0021280010878941824
current_csv,Current CSV,p,1429,14.290000000000001,-0.19850772739003172,-0.1946997958506549,0.0038079315393768354
current_csv,Current CSV,p,1430,14.3,-0.1985628233275112,-0.19603225356169252,0.0025305697658186965
current_csv,Current CSV,p,1431,14.31,-0.20047265975980322,-0.19762821877322595,0.002844440986577268
current_csv,Current CSV,p,1432,14.32,-0.20215080665941265,-0.19896767742010127,0.003183129239311383
current_csv,Current CSV,p,1433,14.33,-0.20206253833418386,-0.20063759984984228,0.0014249384843415813
current_csv,Current CSV,p,1434,14.34,-0.2067757387391115,-0.2018021805454124,0.004973558193699101
current_csv,Current CSV,p,1435,14.35,-0.20925135474014492,-0.20267650857431585,0.006574846165829068
current_csv,Current CSV,p,1436,14.36,-0.21228109931756936,-0.20432488926988598,0.007956210047683376
current_csv,Current CSV,p,1437,14.370000000000001,-0.2159062775833153,-0.2067918599809438,0.0091144176023715
current_csv,Current CSV,p,1438,14.38,-0.21880231689882193,-0.20992756649703687,0.008874750401785064
current_csv,Current CSV,p,1439,14.39,-0.22157533985721722,-0.2130744641127825,0.008500875744434727
current_csv,Current CSV,p,1440,14.4,-0.22455501111395904,-0.21614966716076783,0.008405343953191202
current_csv,Current CSV,p,1441,14.41,-0.22776435316272203,-0.219166121643918,0.00859823151880404
current_csv,Current CSV,p,1442,14.42,-0.23586671914865406,-0.22218967021831726,0.013677048930336805
current_csv,Current CSV,p,1443,14.43,-0.23513221138653537,-0.22533268155401467,0.009799529832520693
current_csv,Current CSV,p,1444,14.44,-0.23870785774276326,-0.22885633327788216,0.009851524464881106
current_csv,Current CSV,p,1445,14.450000000000001,-0.24271773548199244,-0.23212225883838825,0.01059547664360419
current_csv,Current CSV,p,1446,14.46,-0.24645241236685633,-0.2354841733031416,0.010968239063714746
current_csv,Current CSV,p,1447,14.47,-0.25153784200237367,-0.2389857093257387,0.012552132676634964
current_csv,Current CSV,p,1448,14.48,-0.2577258548688529,-0.24258692708646493,0.015138927782387984
current_csv,Current CSV,p,1449,14.49,-0.26181905630019614,-0.24662247185416572,0.01519658444603042
current_csv,Current CSV,p,1450,14.5,-0.26181705428299157,-0.2509627553371017,0.010854298945889851
current_csv,Current CSV,p,1451,14.51,-0.2739026237394504,-0.25477199446028986,0.019130629279160538
current_csv,Current CSV,p,1452,14.52,-0.28807392046593083,-0.2582909809168113,0.029782939549119536
current_csv,Current CSV,p,1453,14.530000000000001,-0.28665281058931313,-0.2625840200399994,0.024068790549313712
current_csv,Current CSV,p,1454,14.540000000000001,-0.2924769981275144,-0.26769366906296255,0.02478332906455183
current_csv,Current CSV,p,1455,14.55,-0.29865566533802074,-0.2733798581183421,0.025275807219678648
current_csv,Current CSV,p,1456,14.56,-0.30390825671695754,-0.27903366832609167,0.02487458839086587
current_csv,Current CSV,p,1457,14.57,-0.30941994148918833,-0.2847231441129194,0.024696797376268953
current_csv,Current CSV,p,1458,14.58,-0.3152094481390783,-0.29036341238771096,0.024846035751367346
current_csv,Current CSV,p,1459,14.59,-0.3204598244358062,-0.2959970847938035,0.024462739642002684
current_csv,Current CSV,p,1460,14.6,-0.32467029881715165,-0.3016294923375785,0.023040806479573128
current_csv,Current CSV,p,1461,14.61,-0.3296302872119658,-0.3071534160924253,0.022476871119540498
current_csv,Current CSV,p,1462,14.620000000000001,-0.3361876314918967,-0.31252976111517095,0.02365787037672573
current_csv,Current CSV,p,1463,14.63,-0.33966757703573136,-0.317905392882747,0.021762184152984365
current_csv,Current CSV,p,1464,14.64,-0.3445636936235335,-0.32331425437688255,0.02124943924665096
current_csv,Current CSV,p,1465,14.65,-0.348760161100308,-0.3285146805050408,0.020245480595267207
current_csv,Current CSV,p,1466,14.66,-0.3523093489662149,-0.33363089656663086,0.018678452399584045
current_csv,Current CSV,p,1467,14.67,-0.3562680614229181,-0.33856384254635413,0.017704218876563982
current_csv,Current CSV,p,1468,14.68,-0.35489593308125705,-0.3433023946971961,0.011593538384060964
current_csv,Current CSV,p,1469,14.69,-0.3622472386457832,-0.3475033966088581,0.014743842036925081
current_csv,Current CSV,p,1470,14.700000000000001,-0.36534599803657986,-0.35140491267346846,0.013941085363111394
current_csv,Current CSV,p,1471,14.71,-0.3690013787028167,-0.3556251409307417,0.013376237772074973
current_csv,Current CSV,p,1472,14.72,-0.37670468708489274,-0.3596314446420589,0.01707324244283387
current_csv,Current CSV,p,1473,14.73,-0.3760503407830644,-0.36367071714552096,0.012379623637543413
current_csv,Current CSV,p,1474,14.74,-0.38489432312420757,-0.367861952569321,0.017032370554886545
current_csv,Current CSV,p,1475,14.75,-0.38938691771541484,-0.3717895509770406,0.017597366738374254
current_csv,Current CSV,p,1476,14.76,-0.38938690075666665,-0.37640421919471445,0.012982681561952203
current_csv,Current CSV,p,1477,14.77,-0.39472552308135517,-0.38060824897063866,0.014117274110716505
current_csv,Current CSV,p,1478,14.780000000000001,-0.39963321997883594,-0.3845008628789966,0.015132357099839344
current_csv,Current CSV,p,1479,14.790000000000001,-0.4053209016502901,-0.3887304127201385,0.016590488930151637
current_csv,Current CSV,p,1480,14.8,-0.4109559914614433,-0.3930514914433304,0.01790450001811289
current_csv,Current CSV,p,1481,14.81,-0.4176077693592346,-0.397670785379915,0.01993698397931959
current_csv,Current CSV,p,1482,14.82,-0.42380333056251795,-0.4024391276496593,0.021364202912858676
current_csv,Current CSV,p,1483,14.83,-0.43682496700832246,-0.4075767522125931,0.029248214795729366
current_csv,Current CSV,p,1484,14.84,-0.4367746879009847,-0.41285491341969066,0.023919774481294065
current_csv,Current CSV,p,1485,14.85,-0.44277051614492474,-0.41858991818352626,0.024180597961398487
current_csv,Current CSV,p,1486,14.86,-0.4550134603605384,-0.42410715682520345,0.030906303535334967
current_csv,Current CSV,p,1487,14.870000000000001,-0.4542118721885843,-0.4297591328670691,0.02445273932151515
current_csv,Current CSV,p,1488,14.88,-0.45986206000531893,-0.43565541424226817,0.02420664576305076
current_csv,Current CSV,p,1489,14.89,-0.45971019738058205,-0.4412234560413717,0.018486741339210355
current_csv,Current CSV,p,1490,14.9,-0.4702487158787248,-0.4463420142349734,0.023906701643751416
current_csv,Current CSV,p,1491,14.91,-0.47408133186454654,-0.4511703197619084,0.02291101210263813
current_csv,Current CSV,p,1492,14.92,-0.4781594122535331,-0.45662741899778725,0.02153199325574584
current_csv,Current CSV,p,1493,14.93,-0.4819469165992079,-0.4619458862603545,0.02000103033885342
current_csv,Current CSV,p,1494,14.94,-0.4854213725362479,-0.46706162688451125,0.018359745651736648
current_csv,Current CSV,p,1495,14.950000000000001,-0.4883504869456559,-0.4719510637581739,0.016399423187482
current_csv,Current CSV,p,1496,14.96,-0.4917590519739544,-0.47657119481401544,0.015187857159938978
current_csv,Current CSV,p,1497,14.97,-0.49517431029759823,-0.48093904181512787,0.014235268482470365
current_csv,Current CSV,p,1498,14.98,-0.49845723049758395,-0.48513513315013734,0.013322097347446604
current_csv,Current CSV,p,1499,14.99,-0.5017241577664425,-0.4891758624981021,0.012548295268340448
current_csv,Current CSV,p,1500,15.0,-0.5062481107262827,-0.4930689553819458,0.013179155344336946
current_csv,Current CSV,p,1501,15.01,-0.5089704263082241,-0.4969096556532791,0.012060770654944986
current_csv,Current CSV,p,1502,15.02,-0.5125168437058835,-0.500769331849991,0.011747511855892512
current_csv,Current CSV,p,1503,15.030000000000001,-0.5158101306540117,-0.5044632016501452,0.011346929003866468
current_csv,Current CSV,p,1504,15.040000000000001,-0.5188055657096768,-0.5081084020807825,0.01069716362889439
current_csv,Current CSV,p,1505,15.05,-0.5216433623201814,-0.5116555769985806,0.009987785321600828
current_csv,Current CSV,p,1506,15.06,-0.5241547985915742,-0.51506890396922,0.009085894622354207
current_csv,Current CSV,p,1507,15.07,-0.5269016276261446,-0.5183218385826012,0.008579789043543395
current_csv,Current CSV,p,1508,15.08,-0.5293698838675834,-0.5214205696944876,0.007949314173095856
current_csv,Current CSV,p,1509,15.09,-0.5316833812071473,-0.5244060522100019,0.007277328997145394
current_csv,Current CSV,p,1510,15.1,-0.5341088299102668,-0.5272428366792271,0.0068659932310396465
current_csv,Current CSV,p,1511,15.11,-0.5366663308355152,-0.5299499374350286,0.0067163934004865755
current_csv,Current CSV,p,1512,15.120000000000001,-0.5392947690993168,-0.5325901068469363,0.006704662252380533
current_csv,Current CSV,p,1513,15.13,-0.5398435827793842,-0.5352126407737421,0.004630942005642069
current_csv,Current CSV,p,1514,15.14,-0.5441642426167113,-0.537531272052575,0.0066329705641362535
current_csv,Current CSV,p,1515,15.15,-0.5469970731366026,-0.5395977683204589,0.007399304816143704
current_csv,Current CSV,p,1516,15.16,-0.5500536527633929,-0.5423529387436827,0.007700714019710175
current_csv,Current CSV,p,1517,15.17,-0.557413843249453,-0.5451685262047729,0.012245317044680126
current_csv,Current CSV,p,1518,15.18,-0.5580837868601307,-0.5481183358616785,0.009965450998452252
current_csv,Current CSV,p,1519,15.19,-0.5627233534520708,-0.5515983931319616,0.011124960320109234
current_csv,Current CSV,p,1520,15.200000000000001,-0.5678197035873356,-0.5549587118805488,0.012860991706786784
current_csv,Current CSV,p,1521,15.21,-0.5734742706700139,-0.5587026634219345,0.014771607248079355
current_csv,Current CSV,p,1522,15.22,-0.5791922066063336,-0.5626908704645781,0.01650133614175553
current_csv,Current CSV,p,1523,15.23,-0.5913698270011831,-0.5670640169939088,0.024305810007274276
current_csv,Current CSV,p,1524,15.24,-0.5922958480507049,-0.5716433468372474,0.02065250121345752
current_csv,Current CSV,p,1525,15.25,-0.598991826811164,-0.5768243581179446,0.022167468693219394
current_csv,Current CSV,p,1526,15.26,-0.613091065827217,-0.5819529259951355,0.03113813983208147
current_csv,Current CSV,p,1527,15.27,-0.6127980055151845,-0.58742698441504,0.025371021100144442
current_csv,Current CSV,p,1528,15.280000000000001,-0.6196167924632979,-0.5933581218460334,0.0262586706172645
current_csv,Current CSV,p,1529,15.290000000000001,-0.6339078627618104,-0.5990799998391596,0.03482786292265083
current_csv,Current CSV,p,1530,15.3,-0.6337453856361225,-0.6050104817455346,0.02873490389058786
current_csv,Current CSV,p,1531,15.31,-0.6402394144663015,-0.6113640809373571,0.028875333528944447
current_csv,Current CSV,p,1532,15.32,-0.6469646026711589,-0.6174737435331967,0.029490859137962122
current_csv,Current CSV,p,1533,15.33,-0.651777070880806,-0.6236410113165975,0.028136059564208504
current_csv,Current CSV,p,1534,15.34,-0.6569323044181156,-0.6297991084056802,0.027133196012435357
current_csv,Current CSV,p,1535,15.35,-0.66161717084123,-0.6358008653561195,0.02581630548511049
current_csv,Current CSV,p,1536,15.36,-0.665457278111828,-0.6416667701925829,0.023790507919245085
current_csv,Current CSV,p,1537,15.370000000000001,-0.6684299460778952,-0.6473240868053585,0.02110585927253672
current_csv,Current CSV,p,1538,15.38,-0.6706248764922945,-0.65266679433201,0.017958082160284494
current_csv,Current CSV,p,1539,15.39,-0.6724276895989768,-0.6575922784375368,0.014835411161440049
current_csv,Current CSV,p,1540,15.4,-0.6748826591620011,-0.6620374064243503,0.012845252737650803
current_csv,Current CSV,p,1541,15.41,-0.6781206643121075,-0.6660748388727105,0.012045825439397029
current_csv,Current CSV,p,1542,15.42,-0.68073663925528,-0.6698713569807708,0.010865282274509225
current_csv,Current CSV,p,1543,15.43,-0.6830613042854476,-0.6735011404559106,0.00956016382953706
current_csv,Current CSV,p,1544,15.44,-0.6828855620872905,-0.6768850589760965,0.006000503111193933
current_csv,Current CSV,p,1545,15.450000000000001,-0.6821212984864885,-0.679657304646453,0.0024639938400354833
current_csv,Current CSV,p,1546,15.46,-0.6794996644683445,-0.6816095503168095,-0.002109885848464943
current_csv,Current CSV,p,1547,15.47,-0.6759739964558987,-0.6827417959871659,-0.00676779953126716
current_csv,Current CSV,p,1548,15.48,-0.6705049321393063,-0.6830540416575224,-0.012549109518216084
current_csv,Current CSV,p,1549,15.49,-0.6646509075885558,-0.6825462873278788,-0.01789537973932298
current_csv,Current CSV,p,1550,15.5,-0.6570599679892904,-0.6812185329982353,-0.024158565008944866
current_csv,Current CSV,p,1551,15.51,-0.6477502719033076,-0.6790707786685918,-0.031320506765284195
current_csv,Current CSV,p,1552,15.52,-0.6379637927275578,-0.6761030243389482,-0.038139231611390434
current_csv,Current CSV,p,1553,15.530000000000001,-0.6182474878235132,-0.6723152700093047,-0.054067782185791446
current_csv,Current CSV,p,1554,15.540000000000001,-0.6169564030031007,-0.6677075156796611,-0.050751112676560406
current_csv,Current CSV,p,1555,15.55,-0.605198839445825,-0.6622797613500176,-0.05708092190419267
current_csv,Current CSV,p,1556,15.56,-0.5924029711129168,-0.6560320070203741,-0.06362903590745728
current_csv,Current CSV,p,1557,15.57,-0.5788351714453602,-0.6489642526907305,-0.07012908124537032
current_csv,Current CSV,p,1558,15.58,-0.5666622396648903,-0.641076498361087,-0.07441425869619678
current_csv,Current CSV,p,1559,15.59,-0.553133969033585,-0.6323687440314435,-0.07923477499785847
current_csv,Current CSV,p,1560,15.6,-0.5372993350956237,-0.6228409897018,-0.08554165460617635
current_csv,Current CSV,p,1561,15.610000000000001,-0.524720157495517,-0.6124932353721565,-0.08777307787663946
current_csv,Current CSV,p,1562,15.620000000000001,-0.5095717837754059,-0.6013776832906603,-0.09180589951525442
current_csv,Current CSV,p,1563,15.63,-0.49507797564370093,-0.5900697585017038,-0.09499178285800292
current_csv,Current CSV,p,1564,15.64,-0.47941721245100394,-0.5784342746091069,-0.09901706215810296
current_csv,Current CSV,p,1565,15.65,-0.4632808563556714,-0.5666478957235894,-0.10336703936791802
current_csv,Current CSV,p,1566,15.66,-0.4480443514751959,-0.5545297990232159,-0.10648544754801997
current_csv,Current CSV,p,1567,15.67,-0.4315771293051122,-0.5421993129801203,-0.11062218367500803
current_csv,Current CSV,p,1568,15.68,-0.4141205968679544,-0.5296670596664352,-0.11554646279848085
current_csv,Current CSV,p,1569,15.69,-0.3961437459351283,-0.5168356997247877,-0.12069195378965941
current_csv,Current CSV,p,1570,15.700000000000001,-0.37809155861276733,-0.503716286987589,-0.12562472837482164
current_csv,Current CSV,p,1571,15.71,-0.36029719102813473,-0.49028665081142503,-0.1299894597832903
current_csv,Current CSV,p,1572,15.72,-0.3418001487066402,-0.4765989793237004,-0.13479883061706016
current_csv,Current CSV,p,1573,15.73,-0.3222501651307457,-0.46266532135169885,-0.14041515622095313
current_csv,Current CSV,p,1574,15.74,-0.3029281019249831,-0.44844252777744975,-0.14551442585246666
current_csv,Current CSV,p,1575,15.75,-0.28476371072958273,-0.4339116154682596,-0.1491479047386769
current_csv,Current CSV,p,1576,15.76,-0.2659606396746805,-0.4191487680884851,-0.15318812841380464
current_csv,Current CSV,p,1577,15.77,-0.24744006200796265,-0.4042170623484469,-0.15677700034048425
current_csv,Current CSV,p,1578,15.780000000000001,-0.227466486600801,-0.38904452692524094,-0.16157804032443995
current_csv,Current CSV,p,1579,15.790000000000001,-0.20828249355586215,-0.373714029415085,-0.16543153585922288
current_csv,Current CSV,p,1580,15.8,-0.1913518621238502,-0.35809558163933686,-0.16674371951548667
current_csv,Current CSV,p,1581,15.81,-0.17422143774516524,-0.34236683390387856,-0.16814539615871332
current_csv,Current CSV,p,1582,15.82,-0.15677237877065855,-0.3265736115635757,-0.16980123279291717
current_csv,Current CSV,p,1583,15.83,-0.14141919665067326,-0.31070778219614387,-0.1692885855454706
current_csv,Current CSV,p,1584,15.84,-0.1250503187402544,-0.29479100015285664,-0.16974068141260223
current_csv,Current CSV,p,1585,15.85,-0.1138922466043352,-0.2788875671222063,-0.1649953205178711
current_csv,Current CSV,p,1586,15.860000000000001,-0.10023088118784328,-0.2630561050881496,-0.1628252239003063
current_csv,Current CSV,p,1587,15.870000000000001,-0.0868303422291815,-0.2474127394786431,-0.1605823972494616
current_csv,Current CSV,p,1588,15.88,-0.06722940935133037,-0.23187683295439254,-0.16464742360306217
current_csv,Current CSV,p,1589,15.89,-0.06668314008637488,-0.21636722607225076,-0.14968408598587588
current_csv,Current CSV,p,1590,15.9,-0.057301836148318054,-0.2011112675341706,-0.14380943138585256
current_csv,Current CSV,p,1591,15.91,-0.05630404717891517,-0.1863411666220239,-0.13003711944310875
current_csv,Current CSV,p,1592,15.92,-0.040494917990833185,-0.17215413297448234,-0.13165921498364916
current_csv,Current CSV,p,1593,15.93,-0.0329755299364774,-0.15830336123277564,-0.12532783129629824
current_csv,Current CSV,p,1594,15.94,-0.025492311028805073,-0.144516906636604,-0.11902459560779892
current_csv,Current CSV,p,1595,15.950000000000001,-0.01951002621759861,-0.1311001975324643,-0.11159017131486569
current_csv,Current CSV,p,1596,15.96,-0.013063417295045036,-0.11808991521585262,-0.10502649792080758
current_csv,Current CSV,p,1597,15.97,-0.007943988919368913,-0.1055023496544389,-0.09755836073506999
current_csv,Current CSV,p,1598,15.98,-0.002736895551259976,-0.09335737557446211,-0.09062048002320214
current_csv,Current CSV,p,1599,15.99,0.0015421809002630856,-0.08167849658578498,-0.08322067748604807
current_csv,Current CSV,p,1600,16.0,0.006006191878383479,-0.07048644302723141,-0.07649263490561489
current_csv,Current CSV,p,1601,16.01,0.010334635333892556,-0.05978764311672008,-0.07012227845061264
current_csv,Current CSV,p,1602,16.02,0.014354348685776067,-0.04956707589391005,-0.06392142457968612
current_csv,Current CSV,p,1603,16.03,0.017689230744530566,-0.03982763778855471,-0.05751686853308527
current_csv,Current CSV,p,1604,16.04,0.021535145587026697,-0.03059791618603846,-0.05213306177306516
current_csv,Current CSV,p,1605,16.05,0.024006861388020658,-0.021858741511734406,-0.04586560289975507
current_csv,Current CSV,p,1606,16.06,0.026841434273226376,-0.013650046473474219,-0.040491480746700594
current_csv,Current CSV,p,1607,16.07,0.02837024452535763,-0.005984586587985149,-0.03435483111334278
current_csv,Current CSV,p,1608,16.080000000000002,0.030317138189096232,0.0010793774919845918,-0.02923776069711164
current_csv,Current CSV,p,1609,16.09,0.031918500570225855,0.007541463143981213,-0.02437703742624464
current_csv,Current CSV,p,1610,16.1,0.03252348981240171,0.013409884992629267,-0.019113604819772444
current_csv,Current CSV,p,1611,16.11,0.03313953357104621,0.018586670201090807,-0.014552863369955402
current_csv,Current CSV,p,1612,16.12,0.03401320633313646,0.023047122283444563,-0.010966084049691897
current_csv,Current CSV,p,1613,16.13,0.03429508701448507,0.026846884366411184,-0.007448202648073884
current_csv,Current CSV,p,1614,16.14,0.03508617962526331,0.029924629738141376,-0.005161549887121933
current_csv,Current CSV,p,1615,16.15,0.03535949346367185,0.032378798362215015,-0.0029806951014568345
current_csv,Current CSV,p,1616,16.16,0.036416713753184615,0.034167638705085455,-0.0022490750480991598
current_csv,Current CSV,p,1617,16.17,0.03695499905989341,0.035533070753930404,-0.0014219283059630078
current_csv,Current CSV,p,1618,16.18,0.03761972626236555,0.036592409546506784,-0.0010273167158587684
current_csv,Current CSV,p,1619,16.19,0.03826443616418921,0.03735971257075077,-0.0009047235934384404
current_csv,Current CSV,p,1620,16.2,0.03934342706031678,0.03803543453672984,-0.0013079925235869386
current_csv,Current CSV,p,1621,16.21,0.03983953089228583,0.03875265047989922,-0.0010868804123866094
current_csv,Current CSV,p,1622,16.22,0.0405178145366995,0.03963480366631616,-0.0008830108703833384
current_csv,Current CSV,p,1623,16.23,0.041041597795207316,0.040266440406447716,-0.0007751573887595994
current_csv,Current CSV,p,1624,16.240000000000002,0.04130894809212267,0.04089291737792545,-0.00041603071419722
current_csv,Current CSV,p,1625,16.25,0.041473707651831664,0.04129197604289407,-0.00018173160893759227
current_csv,Current CSV,p,1626,16.26,0.04155021666291957,0.04146712206861712,-8.309459430244637e-05
current_csv,Current CSV,p,1627,16.27,0.041482155451190446,0.041550177161432396,6.802171024195003e-05
current_csv,Current CSV,p,1628,16.28,0.04111146155602779,0.041482155451190446,0.0003706938951626576
current_csv,Current CSV,p,1629,16.29,0.04063895940270806,0.04120069490444609,0.0005617355017380338
current_csv,Current CSV,p,1630,16.3,0.04007337859950979,0.04076467611995824,0.0006912975204484487
current_csv,Current CSV,p,1631,16.31,0.03947004669438293,0.04025259280154538,0.0007825461071624545
current_csv,Current CSV,p,1632,16.32,0.03854567795383975,0.039667845210924035,0.0011221672570842847
current_csv,Current CSV,p,1633,16.330000000000002,0.03754978500419176,0.039002244414609664,0.0014524594104179042
current_csv,Current CSV,p,1634,16.34,0.03613046322391377,0.03803729659612687,0.0019068333722130973
current_csv,Current CSV,p,1635,16.35,0.03448859427342679,0.03704250961555097,0.00255391534212418
current_csv,Current CSV,p,1636,16.36,0.03255590744680952,0.0356683992741324,0.003112491827322879
current_csv,Current CSV,p,1637,16.37,0.028643635992497172,0.0341872523809174,0.005543616388420231
current_csv,Current CSV,p,1638,16.38,0.028638045051857994,0.0323665148088779,0.0037284697570199067
current_csv,Current CSV,p,1639,16.39,0.02625989928838992,0.030328130151718313,0.004068230863328394
current_csv,Current CSV,p,1640,16.4,0.02415543281378965,0.028567910592573104,0.004412477778783452
current_csv,Current CSV,p,1641,16.41,0.021735027501387522,0.026526996800116956,0.004791969298729434
current_csv,Current CSV,p,1642,16.42,0.018688048257088936,0.024481142078727938,0.0057930938216390025
current_csv,Current CSV,p,1643,16.43,0.015281173059908462,0.022259589455332456,0.006978416395423993
current_csv,Current CSV,p,1644,16.44,0.011866521475890218,0.01967440821696289,0.007807886741072672
current_csv,Current CSV,p,1645,16.45,0.00844706799192362,0.01690800642439466,0.008460938432471041
current_csv,Current CSV,p,1646,16.46,0.003994696098284129,0.013941031610632648,0.009946335512348518
current_csv,Current CSV,p,1647,16.47,0.0004059353040318908,0.010835865193018665,0.010429929888986774
current_csv,Current CSV,p,1648,16.48,-0.003578360907042934,0.007374888923996829,0.010953249831039763
current_csv,Current CSV,p,1649,16.490000000000002,-0.007789401164533185,0.003925042188031117,0.011714443352564302
current_csv,Current CSV,p,1650,16.5,-0.011863335130976696,0.000344309767548051,0.012207644898524746
current_csv,Current CSV,p,1651,16.51,-0.01584762914081408,-0.0033663802589257823,0.012481248881888299
current_csv,Current CSV,p,1652,16.52,-0.019782771650204905,-0.007148365578233827,0.012634406071971077
current_csv,Current CSV,p,1653,16.53,-0.02363448669056099,-0.010969205089596139,0.012665281600964851
current_csv,Current CSV,p,1654,16.54,-0.02727663421749529,-0.01480846018150511,0.01246817403599018
current_csv,Current CSV,p,1655,16.55,-0.03108390391206778,-0.018637185907350196,0.012446718004717583
current_csv,Current CSV,p,1656,16.56,-0.03419705082445705,-0.022438300782977746,0.011758750041479304
current_csv,Current CSV,p,1657,16.57,-0.03730660482068086,-0.02619223193347754,0.011114372887203315
current_csv,Current CSV,p,1658,16.580000000000002,-0.040096139220895805,-0.029813126752578484,0.01028301246831732
current_csv,Current CSV,p,1659,16.59,-0.04295968465707766,-0.033297735782624224,0.009661948874453437
current_csv,Current CSV,p,1660,16.6,-0.04558263588654052,-0.03663420670610795,0.008948429180432566
current_csv,Current CSV,p,1661,16.61,-0.04826780800003616,-0.03983972652640909,0.008428081473627072
current_csv,Current CSV,p,1662,16.62,-0.0504964655829306,-0.04291086635057538,0.007585599232355217
current_csv,Current CSV,p,1663,16.63,-0.05215410811247047,-0.04584012720688583,0.006313980905584639
current_csv,Current CSV,p,1664,16.64,-0.0537872629829787,-0.04851595090852557,0.005271312074453131
current_csv,Current CSV,p,1665,16.65,-0.05516610234007646,-0.050896270144707975,0.0042698321953684865
current_csv,Current CSV,p,1666,16.66,-0.05658847250091874,-0.05299916380831618,0.003589308692602558
current_csv,Current CSV,p,1667,16.67,-0.05813302009690031,-0.054850784479547034,0.003282235617353274
current_csv,Current CSV,p,1668,16.68,-0.05963403038702679,-0.056550537984259436,0.0030834924027673544
current_csv,Current CSV,p,1669,16.69,-0.06107401700788703,-0.058177135590608324,0.0028968814172787086
current_csv,Current CSV,p,1670,16.7,-0.06245729128875697,-0.05973830873606206,0.0027189825526949055
current_csv,Current CSV,p,1671,16.71,-0.06381660850328377,-0.06123437140028928,0.002582237102994496
current_csv,Current CSV,p,1672,16.72,-0.06512829857701251,-0.06267231277582215,0.002455985801190358
current_csv,Current CSV,p,1673,16.73,-0.06638486485490167,-0.06406328685967878,0.0023215779952228816
current_csv,Current CSV,p,1674,16.740000000000002,-0.06735587153767601,-0.06540424442063852,0.0019516271170374883
current_csv,Current CSV,p,1675,16.75,-0.06825213314800406,-0.06664271992210942,0.0016094132258946403
current_csv,Current CSV,p,1676,16.76,-0.0690780156507314,-0.06771241289443239,0.001365602756299017
current_csv,Current CSV,p,1677,16.77,-0.06962426546603205,-0.06865384854469839,0.0009704169213336639
current_csv,Current CSV,p,1678,16.78,-0.07034691279708676,-0.06942537619138334,0.0009215366057034186
current_csv,Current CSV,p,1679,16.79,-0.0706301890315245,-0.07006099636812754,0.0005691926633969585
current_csv,Current CSV,p,1680,16.8,-0.07011418265006016,-0.07059420795917058,-0.00048002530911042673
current_csv,Current CSV,p,1681,16.81,-0.07029366796899597,-0.0704232396781873,-0.00012957170919132566
current_csv,Current CSV,p,1682,16.82,-0.07025732118418024,-0.07012057970188539,0.0001367414822948526
current_csv,Current CSV,p,1683,16.830000000000002,-0.07009858940533592,-0.07025732118418024,-0.00015873177884431766
current_csv,Current CSV,p,1684,16.84,-0.06950144387805283,-0.07009944111528225,-0.0005979972372294196
current_csv,Current CSV,p,1685,16.85,-0.06950451124459413,-0.06984354696611715,-0.0003390357215230233
current_csv,Current CSV,p,1686,16.86,-0.06897072678699835,-0.06950256846340733,-0.0005318416764089756
current_csv,Current CSV,p,1687,16.87,-0.06915605943463456,-0.06923267277937303,-7.661334473847703e-05
current_csv,Current CSV,p,1688,16.88,-0.06885118982755736,-0.06898779510287087,-0.00013660527531350608
current_csv,Current CSV,p,1689,16.89,-0.06942307154797564,-0.06902823144577357,0.00039484010220207366
current_csv,Current CSV,p,1690,16.9,-0.06934801649518742,-0.06888673026296672,0.0004612862322206923
current_csv,Current CSV,p,1691,16.91,-0.06985835536539615,-0.0693140219083938,0.0005443334570023606
current_csv,Current CSV,p,1692,16.92,-0.06968397518905661,-0.06964954733600213,3.442785305447782e-05
current_csv,Current CSV,p,1693,16.93,-0.06946877177225651,-0.06982326107923086,-0.0003544893069743482
current_csv,Current CSV,p,1694,16.94,-0.06903857497143384,-0.06947500989018508,-0.0004364349187512412
current_csv,Current CSV,p,1695,16.95,-0.06917359981726844,-0.069269937881557,-9.633806428856195e-05
current_csv,Current CSV,p,1696,16.96,-0.06862913715778521,-0.06906297857793169,-0.0004338414201464774
current_csv,Current CSV,p,1697,16.97,-0.06796746858600689,-0.06910667608622324,-0.0011392075002163576
current_csv,Current CSV,p,1698,16.98,-0.06717652365534811,-0.06840775621054501,-0.0012312325551969011
current_csv,Current CSV,p,1699,16.990000000000002,-0.06539040343031084,-0.06753417946609115,-0.0021437760357803093
current_csv,Current CSV,p,1700,17.0,-0.06535318785534636,-0.06665046743404338,-0.0012972795786970193
current_csv,Current CSV,p,1701,17.01,-0.0642289598846882,-0.06561477772027821,-0.0013858178355900114
current_csv,Current CSV,p,1702,17.02,-0.06313775168027136,-0.06485643376048288,-0.0017186820802115171
current_csv,Current CSV,p,1703,17.03,-0.06202437672004763,-0.06374653561929704,-0.0017221588992494055
current_csv,Current CSV,p,1704,17.04,-0.060513433716879145,-0.06269726760633489,-0.0021838338894557413
current_csv,Current CSV,p,1705,17.05,-0.05970382442650054,-0.06155513169295242,-0.0018513072664518779
current_csv,Current CSV,p,1706,17.06,-0.05854179836066103,-0.06030705941136881,-0.0017652610507077823
current_csv,Current CSV,p,1707,17.07,-0.05740263901623104,-0.05925361286366003,-0.001850973847428987
current_csv,Current CSV,p,1708,17.080000000000002,-0.05646428103045149,-0.05813323171942787,-0.0016689506889763853
current_csv,Current CSV,p,1709,17.09,-0.05616965957625163,-0.05704283333984836,-0.0008731737635967324
current_csv,Current CSV,p,1710,17.1,-0.05477467785368006,-0.05628012271784172,-0.0015054448641616605
current_csv,Current CSV,p,1711,17.11,-0.053991673651964986,-0.055737522276000935,-0.0017458486240359491
current_csv,Current CSV,p,1712,17.12,-0.05343265397241666,-0.054595890656376635,-0.001163236683959977
current_csv,Current CSV,p,1713,17.13,-0.05299351098329719,-0.05369685289431259,-0.0007033419110154052
current_csv,Current CSV,p,1714,17.14,-0.052643721780440036,-0.05309562170221211,-0.000451899921772074
current_csv,Current CSV,p,1715,17.150000000000002,-0.052477803091764044,-0.052693711344457654,-0.00021590825269360986
current_csv,Current CSV,p,1716,17.16,-0.05245646071691249,-0.05247862059466404,-2.215987775154582e-05
current_csv,Current CSV,p,1717,17.17,-0.05275907791894255,-0.052456460716912484,0.00030261720203006437
current_csv,Current CSV,p,1718,17.18,-0.05330103507563577,-0.05271172447853544,0.0005893105971003301
current_csv,Current CSV,p,1719,17.19,-0.05379172653853045,-0.053086710591027576,0.0007050159475028711
current_csv,Current CSV,p,1720,17.2,-0.054570215342887196,-0.05369168752184137,0.0008785278210458256
current_csv,Current CSV,p,1721,17.21,-0.055358808890826415,-0.054200428406543766,0.0011583804842826492
current_csv,Current CSV,p,1722,17.22,-0.05621349709851127,-0.055053358974015795,0.0011601381244954745
current_csv,Current CSV,p,1723,17.23,-0.057071850845833945,-0.055821461189685034,0.0012503896561489106
current_csv,Current CSV,p,1724,17.240000000000002,-0.05789365730195396,-0.05666351808037085,0.0012301392215831111
current_csv,Current CSV,p,1725,17.25,-0.05870972181041966,-0.0575097691019614,0.0011999527084582615
current_csv,Current CSV,p,1726,17.26,-0.05943802526567186,-0.05833560651863796,0.0011024187470339009
current_csv,Current CSV,p,1727,17.27,-0.060120644886732674,-0.05913088841731052,0.0009897564694221553
current_csv,Current CSV,p,1728,17.28,-0.06096986796277309,-0.0598588340849233,0.0011110338778497902
current_csv,Current CSV,p,1729,17.29,-0.06120140506946116,-0.060584525230157255,0.0006168798393039049
current_csv,Current CSV,p,1730,17.3,-0.061631823529716315,-0.06116513150869725,0.00046669202101906615
current_csv,Current CSV,p,1731,17.31,-0.061914132664275895,-0.06149361081534819,0.000420521848927706
current_csv,Current CSV,p,1732,17.32,-0.062130292583343946,-0.06189916797187602,0.00023112461146792412
current_csv,Current CSV,p,1733,17.330000000000002,-0.062133763951687467,-0.06210193054168782,3.183340999964729e-05
current_csv,Current CSV,p,1734,17.34,-0.061793248622665595,-0.062133763951687467,-0.0003405153290218718
current_csv,Current CSV,p,1735,17.35,-0.06093451142087525,-0.061862773990129155,-0.000928262569253907
current_csv,Current CSV,p,1736,17.36,-0.05927588859452842,-0.06141155707435246,-0.002135668479824042
current_csv,Current CSV,p,1737,17.37,-0.057657190189704034,-0.06031054178469783,-0.0026533515949937955
current_csv,Current CSV,p,1738,17.38,-0.05569238698498917,-0.058893463035716374,-0.0032010760507272043
current_csv,Current CSV,p,1739,17.39,-0.053299696839636375,-0.0573801358870849,-0.0040804390474485225
current_csv,Current CSV,p,1740,17.400000000000002,-0.05151288857710026,-0.05557238919453535,-0.00405950061743509
current_csv,Current CSV,p,1741,17.41,-0.04914202455115482,-0.05361277487517818,-0.004470750324023359
current_csv,Current CSV,p,1742,17.42,-0.046688342311583385,-0.05167693193276501,-0.004988589621181629
current_csv,Current CSV,p,1743,17.43,-0.04495669641784924,-0.04954989097637838,-0.0045931945585291414
current_csv,Current CSV,p,1744,17.44,-0.04006349999593897,-0.047403458540622584,-0.007339958544683611
current_csv,Current CSV,p,1745,17.45,-0.04051187574059226,-0.045281129103974894,-0.0047692533633826376
current_csv,Current CSV,p,1746,17.46,-0.038497662054113396,-0.04291449433399387,-0.0044168322798804754
current_csv,Current CSV,p,1747,17.47,-0.03702470389302754,-0.04088271155893268,-0.00385800766590514
current_csv,Current CSV,p,1748,17.48,-0.03464377475176952,-0.03894160914373475,-0.0042978343919652315
current_csv,Current CSV,p,1749,17.490000000000002,-0.03268620435434967,-0.03708109131924166,-0.004394886964891986
current_csv,Current CSV,p,1750,17.5,-0.030119464815379773,-0.03502633025556722,-0.004906865440187449
current_csv,Current CSV,p,1751,17.51,-0.028051677614902275,-0.03298279109804655,-0.004931113483144272
current_csv,Current CSV,p,1752,17.52,-0.02582715853736927,-0.030771839482814013,-0.004944680945444743
current_csv,Current CSV,p,1753,17.53,-0.0232694457920582,-0.028615791227573857,-0.005346345435515657
current_csv,Current CSV,p,1754,17.54,-0.019019713700389445,-0.02640767651505944,-0.007387962814669996
current_csv,Current CSV,p,1755,17.55,-0.019046309875604545,-0.02402143445898695,-0.004975124583382406
current_csv,Current CSV,p,1756,17.56,-0.016298545953723532,-0.021577746802439873,-0.0052792008487163415
current_csv,Current CSV,p,1757,17.57,-0.01476836413243417,-0.019442585574822934,-0.004674221442388764
current_csv,Current CSV,p,1758,17.580000000000002,-0.012926350550151277,-0.017214484375105633,-0.004288133824954356
current_csv,Current CSV,p,1759,17.59,-0.011009649030956033,-0.015198303815155115,-0.004188654784199082
current_csv,Current CSV,p,1760,17.6,-0.009248483113588153,-0.013237404432974125,-0.003988921319385972
current_csv,Current CSV,p,1761,17.61,-0.007329615958451174,-0.01131240470124003,-0.003982788742788856
current_csv,Current CSV,p,1762,17.62,-0.005664047798413918,-0.009431473203884112,-0.0037674254054701943
current_csv,Current CSV,p,1763,17.63,-0.0021602009254167893,-0.007567539600423316,-0.005407338675006527
current_csv,Current CSV,p,1764,17.64,-0.002174849431772317,-0.005682455557666334,-0.0035076061258940165
current_csv,Current CSV,p,1765,17.650000000000002,-0.0005170192941974411,-0.003701626678324064,-0.0031846073841266228
current_csv,Current CSV,p,1766,17.66,0.0010148986843926619,-0.0020732829141820886,-0.0030881815985747503
current_csv,Current CSV,p,1767,17.67,0.002330059850808429,-0.0004536533386422109,-0.0027837131894506402
current_csv,Current CSV,p,1768,17.68,0.0035146046204086313,0.0010919973995174384,-0.0024226072208911927
current_csv,Current CSV,p,1769,17.69,0.004981876055389513,0.0025061158569084268,-0.002475760198481086
current_csv,Current CSV,p,1770,17.7,0.00613399465940328,0.00384906124273063,-0.00228493341667265
current_csv,Current CSV,p,1771,17.71,0.007828413542452076,0.005205053047736535,-0.002623360494715541
current_csv,Current CSV,p,1772,17.72,0.00782691882176423,0.006526623588455163,-0.0013002952333090673
current_csv,Current CSV,p,1773,17.73,0.008393357497245789,0.007576926182468674,-0.0008164313147771144
current_csv,Current CSV,p,1774,17.740000000000002,0.008993461300848488,0.00821889988491521,-0.0007745614159332774
current_csv,Current CSV,p,1775,17.75,0.009064793721209677,0.008797608227718275,-0.0002671854934914019
current_csv,Current CSV,p,1776,17.76,0.009180511839845773,0.009064793721209677,-0.0001157181186360965
current_csv,Current CSV,p,1777,17.77,0.00913404254451599,0.009180511839845773,4.646929532978357e-05
current_csv,Current CSV,p,1778,17.78,0.008954326214663588,0.00913404254451599,0.00017971632985240224
current_csv,Current CSV,p,1779,17.79,0.008742973386012851,0.00895723913121637,0.00021426574520351863
current_csv,Current CSV,p,1780,17.8,0.008262147068844873,0.008781765069338119,0.0005196180004932455
current_csv,Current CSV,p,1781,17.81,0.007767544117186645,0.008437387737970623,0.0006698436207839779
current_csv,Current CSV,p,1782,17.82,0.007107866792058801,0.007867890253788703,0.0007600234617299011
current_csv,Current CSV,p,1783,17.830000000000002,0.006360620026478605,0.0073726886474330565,0.0010120686209544516
current_csv,Current CSV,p,1784,17.84,0.005499707149047008,0.006632853094958247,0.0011331459459112394
current_csv,Current CSV,p,1785,17.85,0.004466325759351066,0.00589482485912566,0.0014284990997745946
current_csv,Current CSV,p,1786,17.86,0.00351858690378723,0.005017787444309356,0.0014992005405221258
current_csv,Current CSV,p,1787,17.87,0.0021740952944966437,0.004039294990053087,0.0018651996955564433
current_csv,Current CSV,p,1788,17.88,0.0009294088173512537,0.0030237313361157698,0.002094322518764516
current_csv,Current CSV,p,1789,17.89,-0.0006778359805199692,0.001767254780171193,0.0024450907606911624
current_csv,Current CSV,p,1790,17.900000000000002,-0.0020297588554699614,0.0005084920994649955,0.0025382509549349568
current_csv,Current CSV,p,1791,17.91,-0.0037348845311770376,-0.000935033069994195,0.0027998514611828427
current_csv,Current CSV,p,1792,17.92,-0.005314227042362466,-0.00235160273352839,0.0029626243088340764
current_csv,Current CSV,p,1793,17.93,-0.006751533784216782,-0.003906869333676924,0.0028446644505398582
current_csv,Current CSV,p,1794,17.94,-0.007494076381960354,-0.005444939178175452,0.0020491372037849016
current_csv,Current CSV,p,1795,17.95,-0.008787293779322925,-0.0067879866262172085,0.001999307153105717
current_csv,Current CSV,p,1796,17.96,-0.0098499740374563,-0.007928782686494223,0.0019211913509620763
current_csv,Current CSV,p,1797,17.97,-0.01093195414071911,-0.009121079275879565,0.001810874864839546
current_csv,Current CSV,p,1798,17.98,-0.012005075307164194,-0.010241379048349635,0.0017636962588145587
current_csv,Current CSV,p,1799,17.990000000000002,-0.012991554418601389,-0.011336295491492116,0.0016552589271092728
current_csv,Current CSV,p,1800,18.0,-0.013084642044416178,-0.012399812188151607,0.000684829856264571
current_csv,Current CSV,p,1801,18.01,-0.013788327778493984,-0.013045681089683523,0.0007426466888104614
current_csv,Current CSV,p,1802,18.02,-0.014438811983008384,-0.013410451343913166,0.0010283606390952185
current_csv,Current CSV,p,1803,18.03,-0.014439082243821946,-0.014217750005818638,0.00022133223800330747
current_csv,Current CSV,p,1804,18.04,-0.015338166655524395,-0.014439082243821944,0.0008990844117024513
current_csv,Current CSV,p,1805,18.05,-0.014952913541287824,-0.014770690398589708,0.00018222314269811593
current_csv,Current CSV,p,1806,18.06,-0.015167530717392182,-0.015319207757003789,-0.00015167703961160676
current_csv,Current CSV,p,1807,18.07,-0.015167452330243412,-0.01517721351502706,-9.761184783647209e-06
current_csv,Current CSV,p,1808,18.080000000000002,-0.015583742008330978,-0.01516745233024341,0.00041628967808756724
current_csv,Current CSV,p,1809,18.09,-0.015583683937220125,-0.015461792232060808,0.00012189170515931706
current_csv,Current CSV,p,1810,18.1,-0.015958989216408797,-0.015583683937220125,0.00037530527918867157
current_csv,Current CSV,p,1811,18.11,-0.015428044388438233,-0.015866599933789124,-0.0004385555453508914
current_csv,Current CSV,p,1812,18.12,-0.01545513021090291,-0.01584281700055719,-0.00038768678965427766
current_csv,Current CSV,p,1813,18.13,-0.015492843279062802,-0.015457593401368779,3.524987769402271e-05
current_csv,Current CSV,p,1814,18.14,-0.01491419422080087,-0.015492843279062803,-0.000578649058261934
current_csv,Current CSV,p,1815,18.150000000000002,-0.014913919148889194,-0.015172364620156366,-0.00025844547126717236
current_csv,Current CSV,p,1816,18.16,-0.013721692927254595,-0.014913919148889194,-0.001192226221634599
current_csv,Current CSV,p,1817,18.17,-0.012984737508435608,-0.014582225732222526,-0.0015974882237869189
current_csv,Current CSV,p,1818,18.18,-0.012488782511280447,-0.013554176600956936,-0.0010653940896764892
current_csv,Current CSV,p,1819,18.19,-0.01137533023698082,-0.012702504154676808,-0.0013271739176959878
current_csv,Current CSV,p,1820,18.2,-0.01032239604078404,-0.012002016184695468,-0.0016796201439114276
current_csv,Current CSV,p,1821,18.21,-0.009723624878580684,-0.010898013656333696,-0.0011743887777530115
current_csv,Current CSV,p,1822,18.22,-0.009149706654061633,-0.010002957937282841,-0.000853251283221208
current_csv,Current CSV,p,1823,18.23,-0.008594786853448649,-0.009333694345494763,-0.0007389074920461144
current_csv,Current CSV,p,1824,18.240000000000002,-0.008038078812336119,-0.008758939672606197,-0.0007208608602700776
current_csv,Current CSV,p,1825,18.25,-0.007494612490633611,-0.008204434436172962,-0.000709821945539351
current_csv,Current CSV,p,1826,18.26,-0.006901383943458053,-0.007651839892769754,-0.000750455949311701
current_csv,Current CSV,p,1827,18.27,-0.006900881626954465,-0.00709422158305225,-0.00019333995609778498
current_csv,Current CSV,p,1828,18.28,-0.005166561430565133,-0.006900881626954465,-0.001734320196389332
current_csv,Current CSV,p,1829,18.29,-0.004612223360172008,-0.006569188210287799,-0.0019569648501157905
current_csv,Current CSV,p,1830,18.3,-0.004082091073285645,-0.0054757650953375986,-0.0013936740220519533
current_csv,Current CSV,p,1831,18.31,-0.003554660797077275,-0.004430815051694483,-0.000876154254617208
current_csv,Current CSV,p,1832,18.32,-0.0030317658732005354,-0.003723215903822737,-0.0006914500306222015
current_csv,Current CSV,p,1833,18.330000000000002,-0.002524260343258065,-0.0031753196917761514,-0.0006510593485180862
current_csv,Current CSV,p,1834,18.34,-0.002025517703148415,-0.002659783567198456,-0.0006342658640500409
current_csv,Current CSV,p,1835,18.35,-0.001483404595458467,-0.0021563873643273643,-0.0006729827688688973
current_csv,Current CSV,p,1836,18.36,-0.00027362201165282774,-0.001644508847640398,-0.0013708868359875704
current_csv,Current CSV,p,1837,18.37,-0.000272284557136666,-0.0010146523581655758,-0.0007423678010289097
current_csv,Current CSV,p,1838,18.38,0.0008361147195762758,-0.00032599615477480674,-0.0011621108743510825
current_csv,Current CSV,p,1839,18.39,0.0008371155209377033,8.655182625797697e-05,-0.0007505636946797263
current_csv,Current CSV,p,1840,18.400000000000002,0.0021407700641012935,0.0007703967532932831,-0.0013703733108080102
current_csv,Current CSV,p,1841,18.41,0.002952258372930626,0.001217350410073331,-0.0017349079628572951
current_csv,Current CSV,p,1842,18.42,0.0044103781504930654,0.0023138280367250505,-0.002096550113768015
current_csv,Current CSV,p,1843,18.43,0.005357108709285661,0.003427214068128188,-0.0019298946411574727
current_csv,Current CSV,p,1844,18.44,0.006294536903547164,0.0046829533283734,-0.0016115835751737643
current_csv,Current CSV,p,1845,18.45,0.006295431099968858,0.005738769606738665,-0.0005566614932301928
current_csv,Current CSV,p,1846,18.46,0.0082252739258395,0.006283006021225295,-0.0019422679046142057
current_csv,Current CSV,p,1847,18.47,0.008930759463725306,0.006537000620102884,-0.002393758843622422
current_csv,Current CSV,p,1848,18.48,0.010146140836639912,0.007562024226594237,-0.0025841166100456746
current_csv,Current CSV,p,1849,18.490000000000002,0.010473954848010308,0.009082644318151005,-0.0013913105298593038
current_csv,Current CSV,p,1850,18.5,0.010559450424190148,0.010159032454489547,-0.0004004179697006012
current_csv,Current CSV,p,1851,18.51,0.010125054956143022,0.010558530281633878,0.00043347532549085563
current_csv,Current CSV,p,1852,18.52,0.00971723791582319,0.010238823745070388,0.0005215858292471984
current_csv,Current CSV,p,1853,18.53,0.009269247024522644,0.00979594578655643,0.0005266987620337858
current_csv,Current CSV,p,1854,18.54,0.008973478415144842,0.00938306729520846,0.0004095888800636181
current_csv,Current CSV,p,1855,18.55,0.009413921673344542,0.008999579879515886,-0.00041434179382865595
current_csv,Current CSV,p,1856,18.56,0.009602002528601033,0.00920138410461376,-0.00040061842398727253
current_csv,Current CSV,p,1857,18.57,0.010048147599229692,0.009599220189867,-0.00044892740936269306
current_csv,Current CSV,p,1858,18.580000000000002,0.01069165185467475,0.009820753051078799,-0.0008708988035959504
current_csv,Current CSV,p,1859,18.59,0.011687666169246316,0.010511767048148995,-0.0011758991210973208
current_csv,Current CSV,p,1860,18.6,0.012872565281116678,0.011160434167802064,-0.0017121311133146133
current_csv,Current CSV,p,1861,18.61,0.014353188714126105,0.012230022361220314,-0.0021231663529057906
current_csv,Current CSV,p,1862,18.62,0.015622369148983153,0.013348269552519224,-0.0022740995964639285
current_csv,Current CSV,p,1863,18.63,0.017287402918506584,0.014693236029410285,-0.0025941668890962985
current_csv,Current CSV,p,1864,18.64,0.01886656183940217,0.016012433661388038,-0.002854128178014132
current_csv,Current CSV,p,1865,18.650000000000002,0.020526543286416447,0.01753302503602247,-0.002993518250393977
current_csv,Current CSV,p,1866,18.66,0.022278155800105115,0.01906674681019491,-0.003211408989910205
current_csv,Current CSV,p,1867,18.67,0.02413791409436667,0.020670897617323294,-0.003467016477043377
current_csv,Current CSV,p,1868,18.68,0.027803150222448243,0.022353964448647283,-0.0054491857738009596
current_csv,Current CSV,p,1869,18.69,0.027807271528187356,0.024183396753387817,-0.0036238747747995396
current_csv,Current CSV,p,1870,18.7,0.029570863789186483,0.026190082278552185,-0.003380781510634298
current_csv,Current CSV,p,1871,18.71,0.031156226060016227,0.02786696425395507,-0.003289261806061157
current_csv,Current CSV,p,1872,18.72,0.0323742632421524,0.029558355611627642,-0.0028159076305247603
current_csv,Current CSV,p,1873,18.73,0.033306829709956534,0.031143158164110597,-0.002163671545845937
current_csv,Current CSV,p,1874,18.740000000000002,0.03375972885941452,0.032499197811303455,-0.001260531048111066
current_csv,Current CSV,p,1875,18.75,0.03399109147604344,0.03348186443644861,-0.0005092270395948284
current_csv,Current CSV,p,1876,18.76,0.033977970925715084,0.03397222348659742,-5.747439117666231e-06
current_csv,Current CSV,p,1877,18.77,0.03380199877013135,0.03397797092571509,0.00017597215558374374
current_csv,Current CSV,p,1878,18.78,0.03376285175021373,0.03380442923584585,4.157748563211883e-05
current_csv,Current CSV,p,1879,18.79,0.03371272586973749,0.033762851750213714,5.012588047622474e-05
current_csv,Current CSV,p,1880,18.8,0.033797654702853244,0.033712725869737496,-8.4928833115748e-05
current_csv,Current CSV,p,1881,18.81,0.03366760767941783,0.03379765470285325,0.00013004702343542146
current_csv,Current CSV,p,1882,18.82,0.033927649156930244,0.033667621447197434,-0.0002600277097328102
current_csv,Current CSV,p,1883,18.830000000000002,0.0344205379542707,0.03390563955456044,-0.0005148983997102577
current_csv,Current CSV,p,1884,18.84,0.034554489564278125,0.03419945128263137,-0.0003550382816467565
current_csv,Current CSV,p,1885,18.85,0.035896073050117445,0.03455416671107484,-0.0013419063390426034
current_csv,Current CSV,p,1886,18.86,0.03671435946246559,0.03483091770373475,-0.0018834417587308416
current_csv,Current CSV,p,1887,18.87,0.03772037071848579,0.03587051321972634,-0.0018498574987594468
current_csv,Current CSV,p,1888,18.88,0.03864489396186328,0.037048573271596795,-0.001596320690266488
current_csv,Current CSV,p,1889,18.89,0.039530292556477845,0.03809988913277575,-0.001430403423702098
current_csv,Current CSV,p,1890,18.900000000000002,0.04036499393315996,0.03905979301162758,-0.0013052009215323776
current_csv,Current CSV,p,1891,18.91,0.041147823231107085,0.03995534745337878,-0.0011924757777283038
current_csv,Current CSV,p,1892,18.92,0.041869737764597126,0.04079276076585045,-0.001076976998746676
current_csv,Current CSV,p,1893,18.93,0.04321907492080962,0.04157122718209127,-0.0016478477387183513
current_csv,Current CSV,p,1894,18.94,0.04322340670312939,0.04238281200744379,-0.0008405946956855995
current_csv,Current CSV,p,1895,18.95,0.043848334157211205,0.043144221294002465,-0.0007041128632087404
current_csv,Current CSV,p,1896,18.96,0.04444869368854559,0.04359761995581347,-0.0008510737327321258
current_csv,Current CSV,p,1897,18.97,0.04509325781689145,0.04427906945295886,-0.0008141883639325859
current_csv,Current CSV,p,1898,18.98,0.045643152916389616,0.04486422073544672,-0.0007789321809428956
current_csv,Current CSV,p,1899,18.990000000000002,0.04629316514686223,0.04548061307974,-0.0008125520671222256
current_csv,Current CSV,p,1900,19.0,0.04693727067770526,0.04605889284543207,-0.0008783778322731944
current_csv,Current CSV,p,1901,19.01,0.04746395764897255,0.04671067283305523,-0.0007532848159173197
current_csv,Current CSV,p,1902,19.02,0.047992039741555005,0.04731623763132091,-0.0006758021102340958
current_csv,Current CSV,p,1903,19.03,0.04844306283914501,0.04784339493905134,-0.0005996679000936714
current_csv,Current CSV,p,1904,19.04,0.048778687012258,0.04834294975868696,-0.00043573725357104465
current_csv,Current CSV,p,1905,19.05,0.04901655968748046,0.0487350996708178,-0.00028146001666266157
current_csv,Current CSV,p,1906,19.06,0.049130236054308815,0.04900014975374546,-0.00013008630056335346
current_csv,Current CSV,p,1907,19.07,0.04916321982414816,0.04913004260018958,-3.3177223958583135e-05
current_csv,Current CSV,p,1908,19.080000000000002,0.04858031233386792,0.04916321982414817,0.0005829074902802475
current_csv,Current CSV,p,1909,19.09,0.048581637569382045,0.048842343796752626,0.00026070622737058013
current_csv,Current CSV,p,1910,19.1,0.04802169372118069,0.04858163735148747,0.0005599436303067792
current_csv,Current CSV,p,1911,19.11,0.046967654994243664,0.0482591313772594,0.001291476383015737
current_csv,Current CSV,p,1912,19.12,0.04565753949243847,0.04745169128761601,0.0017941517951775426
current_csv,Current CSV,p,1913,19.13,0.044350849917400556,0.0464684590632488,0.0021176091458482427
current_csv,Current CSV,p,1914,19.14,0.042633538109098236,0.04522055412464042,0.002587016015542183
current_csv,Current CSV,p,1915,19.150000000000002,0.04126387300055466,0.04393320885005501,0.002669335849500347
current_csv,Current CSV,p,1916,19.16,0.03977825851286035,0.04242241204010914,0.0026441535272487895
current_csv,Current CSV,p,1917,19.17,0.03862599705429196,0.04099778045657923,0.0023717834022872683
current_csv,Current CSV,p,1918,19.18,0.0375526493491236,0.039599022278764266,0.0020463729296406677
current_csv,Current CSV,p,1919,19.19,0.03665115413886135,0.038341737609739045,0.0016905834708776935
current_csv,Current CSV,p,1920,19.2,0.03592958105538032,0.03722596386415127,0.0012963828087709517
current_csv,Current CSV,p,1921,19.21,0.03567144863487655,0.03629093315995749,0.0006194845250809405
current_csv,Current CSV,p,1922,19.22,0.03561646428144703,0.03571195626060308,9.549197915604407e-05
current_csv,Current CSV,p,1923,19.23,0.035616625871088256,0.03561646428144703,-1.615896412232587e-07
current_csv,Current CSV,p,1924,19.240000000000002,0.03561663820236348,0.03561662587108826,-1.2331275216215243e-08
current_csv,Current CSV,p,1925,19.25,0.03561663873323089,0.035616638202363486,-5.30867405590385e-10
current_csv,Current CSV,p,1926,19.26,0.03561663875483487,0.0356166387332309,-2.1603968614059e-11
current_csv,Current CSV,p,1927,19.27,0.03561663875571089,0.03561663875483487,-8.760214775804798e-13
current_csv,Current CSV,p,1928,19.28,0.03561663875574732,0.03561663875483487,-9.124506705759927e-13
current_csv,Current CSV,p,1929,19.29,0.035616638755748796,0.03561663875483487,-9.13928654977525e-13
current_csv,Current CSV,p,1930,19.3,0.035616638755748144,0.03561663875483487,-9.132763989505577e-13
current_csv,Current CSV,p,1931,19.31,0.03561096636658529,0.03561663875483487,5.672388249576554e-06
current_csv,Current CSV,p,1932,19.32,0.035599571303598004,0.03561096636658529,1.1395062987286375e-05
current_csv,Current CSV,p,1933,19.330000000000002,0.03557709857711794,0.035599571303598004,2.2472726480066152e-05
current_csv,Current CSV,p,1934,19.34,0.0355567055198884,0.035577098577117945,2.0393057229547984e-05
current_csv,Current CSV,p,1935,19.35,0.03552148680519796,0.0355567055198884,3.521871469043536e-05
new_csv,New simplified CSV,p,0,0.0,0.001635742175396747,0.001635742175396747,0.0
new_csv,New simplified CSV,p,1,0.01,0.0016357052121149095,0.001635742175396747,3.696328183745885e-08
new_csv,New simplified CSV,p,2,0.02,0.0016357044200345748,0.0016357052121149095,7.920803346984223e-10
new_csv,New simplified CSV,p,3,0.03,0.0016357044029898281,0.0016357044200345356,1.704470744233466e-11
new_csv,New simplified CSV,p,4,0.04,0.0016357044026268734,0.001635704402989828,3.6295445815515137e-13
new_csv,New simplified CSV,p,5,0.05,0.0016357044026186003,0.001635704402989828,3.7122757125251926e-13
new_csv,New simplified CSV,p,6,0.06,0.0016357044026180988,0.001635704402989828,3.7172912317751106e-13
new_csv,New simplified CSV,p,7,0.07,0.0016357044026187367,0.001635704402989828,3.710911786192206e-13
new_csv,New simplified CSV,p,8,0.08,0.001635704402618352,0.001635704402989828,3.7147585355001844e-13
new_csv,New simplified CSV,p,9,0.09,0.0016357044026187608,0.001635704402989828,3.710671093309914e-13
new_csv,New simplified CSV,p,10,0.1,0.0016357044026189852,0.001635704402989828,3.708426794812869e-13
new_csv,New simplified CSV,p,11,0.11,0.0016357044026182304,0.001635704402989828,3.715975010337713e-13
new_csv,New simplified CSV,p,12,0.12,0.001635704402618868,0.001635704402989828,3.7095999015634984e-13
new_csv,New simplified CSV,p,13,0.13,0.001635704402618091,0.001635704402989828,3.7173692943315295e-13
new_csv,New simplified CSV,p,14,0.14,0.001635704402619015,0.001635704402989828,3.708129723417608e-13
new_csv,New simplified CSV,p,15,0.15,0.0016357044026183072,0.001635704402989828,3.7152073951995934e-13
new_csv,New simplified CSV,p,16,0.16,0.001635704402618941,0.001635704402989828,3.708869149299243e-13
new_csv,New simplified CSV,p,17,0.17,0.001641549031958744,0.001635704402989828,-5.844628968916087e-06
new_csv,New simplified CSV,p,18,0.18,0.0016566602171959749,0.001641549031958744,-1.511118523723088e-05
new_csv,New simplified CSV,p,19,0.19,0.0016828460761081129,0.0016566602171959747,-2.618585891213821e-05
new_csv,New simplified CSV,p,20,0.2,0.0017078930007127743,0.0016828460761081126,-2.5046924604661637e-05
new_csv,New simplified CSV,p,21,0.21,0.0017577503618019668,0.001707893000712774,-4.9857361089192774e-05
new_csv,New simplified CSV,p,22,0.22,0.001825980975830265,0.0017577503618019666,-6.823061402829833e-05
new_csv,New simplified CSV,p,23,0.23,0.0019229791990405885,0.0018259809758302647,-9.699822321032375e-05
new_csv,New simplified CSV,p,24,0.24,0.002039862945424933,0.0019229791990405885,-0.00011688374638434466
new_csv,New simplified CSV,p,25,0.25,0.0021852594261401763,0.002039862945424933,-0.0001453964807152431
new_csv,New simplified CSV,p,26,0.26,0.0024464545092710743,0.0021850130549976323,-0.00026144145427344206
new_csv,New simplified CSV,p,27,0.27,0.0027706542524353985,0.0024026410504627634,-0.00036801320197263516
new_csv,New simplified CSV,p,28,0.28,0.0031692875825922538,0.0027138552521147985,-0.00045543233047745527
new_csv,New simplified CSV,p,29,0.29,0.0035936593553763394,0.0030755937439311395,-0.0005180656114451999
new_csv,New simplified CSV,p,30,0.3,0.003942682020016148,0.003500891961476713,-0.0004417900585394351
new_csv,New simplified CSV,p,31,0.31,0.004361581287282896,0.003891631661878928,-0.0004699496254039681
new_csv,New simplified CSV,p,32,0.32,0.004733571400718034,0.0042493282311567085,-0.00048424316956132557
new_csv,New simplified CSV,p,33,0.33,0.005092845135074431,0.004673824522391885,-0.0004190206126825462
new_csv,New simplified CSV,p,34,0.34,0.0054965864884650075,0.0050255650790420325,-0.000471021409422975
new_csv,New simplified CSV,p,35,0.35000000000000003,0.005954070466192177,0.005406034030233851,-0.0005480364359583267
new_csv,New simplified CSV,p,36,0.36,0.006542198625541562,0.005839039762701277,-0.0007031588628402851
new_csv,New simplified CSV,p,37,0.37,0.007246605202167862,0.006342568959076565,-0.0009040362430912966
new_csv,New simplified CSV,p,38,0.38,0.008117479045613408,0.00697498956709804,-0.001142489478515367
new_csv,New simplified CSV,p,39,0.39,0.009316157262080679,0.007714154522317832,-0.0016020027397628464
new_csv,New simplified CSV,p,40,0.4,0.010550184353248247,0.008618732100449777,-0.0019314522527984698
new_csv,New simplified CSV,p,41,0.41000000000000003,0.011965475956574764,0.009784259914030542,-0.0021812160425442213
new_csv,New simplified CSV,p,42,0.42,0.013346975075198005,0.010978582610286853,-0.0023683924649111517
new_csv,New simplified CSV,p,43,0.43,0.01517113779469134,0.012299690890679373,-0.0028714469040119674
new_csv,New simplified CSV,p,44,0.44,0.017269032185092775,0.013700043964948342,-0.0035689882201444326
new_csv,New simplified CSV,p,45,0.45,0.019570425010875924,0.015385930434661622,-0.004184494576214302
new_csv,New simplified CSV,p,46,0.46,0.022349331251560953,0.017226891607530884,-0.005122439644030068
new_csv,New simplified CSV,p,47,0.47000000000000003,0.026130965188258977,0.019314315176423565,-0.006816650011835412
new_csv,New simplified CSV,p,48,0.48,0.03041067152700431,0.02170444216131606,-0.00870622936568825
new_csv,New simplified CSV,p,49,0.49,0.0363541464517917,0.024610902125910376,-0.011743244325881322
new_csv,New simplified CSV,p,50,0.5,0.042635305272194834,0.02787044118014913,-0.014764864092045703
new_csv,New simplified CSV,p,51,0.51,0.049769156692173536,0.03181604882417051,-0.017953107868003026
new_csv,New simplified CSV,p,52,0.52,0.05877349058376791,0.03623677320798391,-0.022536717375784
new_csv,New simplified CSV,p,53,0.53,0.06724373193234291,0.041179458597244756,-0.026064273335098156
new_csv,New simplified CSV,p,54,0.54,0.0767828027930482,0.04676971384669135,-0.03001308894635684
new_csv,New simplified CSV,p,55,0.55,0.0866837275929973,0.05274382328992405,-0.033939904303073254
new_csv,New simplified CSV,p,56,0.56,0.0948074302397925,0.05923975053335268,-0.03556767970643982
new_csv,New simplified CSV,p,57,0.5700000000000001,0.10599039110440302,0.06608105654770155,-0.03990933455670147
new_csv,New simplified CSV,p,58,0.58,0.11629985305271494,0.0730587599125003,-0.04324109314021464
new_csv,New simplified CSV,p,59,0.59,0.12852936145210733,0.08060681934480562,-0.04792254210730171
new_csv,New simplified CSV,p,60,0.6,0.13893313037867913,0.08837057204431818,-0.05056255833436095
new_csv,New simplified CSV,p,61,0.61,0.15172299857065144,0.09666362835961646,-0.05505937021103498
new_csv,New simplified CSV,p,62,0.62,0.1633748524776522,0.10509944171545595,-0.058275410762196264
new_csv,New simplified CSV,p,63,0.63,0.17619974455173582,0.11403034240451661,-0.06216940214721921
new_csv,New simplified CSV,p,64,0.64,0.18748297302413341,0.1231284008884821,-0.06435457213565131
new_csv,New simplified CSV,p,65,0.65,0.1986693397508114,0.13260714490872189,-0.06606219484208953
new_csv,New simplified CSV,p,66,0.66,0.20874433102465642,0.142165816449847,-0.06657851457480943
new_csv,New simplified CSV,p,67,0.67,0.21773103335030192,0.1518386326371987,-0.0658924007131032
new_csv,New simplified CSV,p,68,0.68,0.2248941964812363,0.1615174719679798,-0.06337672451325649
new_csv,New simplified CSV,p,69,0.6900000000000001,0.23148701183994375,0.17108182474278852,-0.06040518709715523
new_csv,New simplified CSV,p,70,0.7000000000000001,0.23696092257371643,0.18042377353567263,-0.0565371490380438
new_csv,New simplified CSV,p,71,0.71,0.24194597898151837,0.18948460042116957,-0.0524613785603488
new_csv,New simplified CSV,p,72,0.72,0.24678353966417324,0.19820518351035196,-0.04857835615382128
new_csv,New simplified CSV,p,73,0.73,0.2517459848153593,0.20657402674648095,-0.04517195806887836
new_csv,New simplified CSV,p,74,0.74,0.2570997487666993,0.21460932925617207,-0.042490419510527205
new_csv,New simplified CSV,p,75,0.75,0.26305004924720005,0.22235568587752935,-0.040694363369670694
new_csv,New simplified CSV,p,76,0.76,0.26893048759859983,0.22988082087536738,-0.03904966672323246
new_csv,New simplified CSV,p,77,0.77,0.2757034781918514,0.23723576198416513,-0.0384677162076863
new_csv,New simplified CSV,p,78,0.78,0.2832137627040634,0.2444659430655174,-0.03874781963854601
new_csv,New simplified CSV,p,79,0.79,0.2901249010688327,0.25167010886533797,-0.038454792203494736
new_csv,New simplified CSV,p,80,0.8,0.29837106038039723,0.2588885750642371,-0.03948248531616011
new_csv,New simplified CSV,p,81,0.81,0.3066946855192915,0.26611280374243396,-0.040581881776857565
new_csv,New simplified CSV,p,82,0.8200000000000001,0.314221147017018,0.27345182379065963,-0.040769323226358345
new_csv,New simplified CSV,p,83,0.8300000000000001,0.3233045045097171,0.280875538707514,-0.04242896580220307
new_csv,New simplified CSV,p,84,0.84,0.33152374319237793,0.28834987122536876,-0.04317387196700917
new_csv,New simplified CSV,p,85,0.85,0.340846080396559,0.2959897855655803,-0.044856294830978694
new_csv,New simplified CSV,p,86,0.86,0.3508887941222017,0.30370192428137205,-0.04718686984082965
new_csv,New simplified CSV,p,87,0.87,0.35900416462691165,0.31160815993382607,-0.04739600469308558
new_csv,New simplified CSV,p,88,0.88,0.3691783012337002,0.3196949865676952,-0.04948331466600503
new_csv,New simplified CSV,p,89,0.89,0.3789602587157891,0.3278090319834997,-0.05115122673228939
new_csv,New simplified CSV,p,90,0.9,0.3903480195913417,0.33614960561884544,-0.05419841397249625
new_csv,New simplified CSV,p,91,0.91,0.40220392283122913,0.3446245755605,-0.05757934727072911
new_csv,New simplified CSV,p,92,0.92,0.41331788809912534,0.3534476904502165,-0.05987019764890883
new_csv,New simplified CSV,p,93,0.93,0.42552032724016114,0.3624877081864152,-0.06303261905374596
new_csv,New simplified CSV,p,94,0.9400000000000001,0.4341740243318726,0.371720023889847,-0.06245400044202559
new_csv,New simplified CSV,p,95,0.9500000000000001,0.44455282655771206,0.3811653168127764,-0.06338750974493568
new_csv,New simplified CSV,p,96,0.96,0.45321753046032615,0.3905493234945467,-0.06266820696577946
new_csv,New simplified CSV,p,97,0.97,0.4620075250508285,0.3999760259509478,-0.062031499099880705
new_csv,New simplified CSV,p,98,0.98,0.4679038110878363,0.4093413896611868,-0.05856242142664947
new_csv,New simplified CSV,p,99,0.99,0.4745480548755434,0.4185584731965631,-0.05598958167898033
new_csv,New simplified CSV,p,100,1.0,0.47903306807538354,0.42751467919625163,-0.051518388879131904
new_csv,New simplified CSV,p,101,1.01,0.4845143851598525,0.4361718145257575,-0.04834257063409503
new_csv,New simplified CSV,p,102,1.02,0.48996364322784614,0.44448649010783164,-0.04547715312001449
new_csv,New simplified CSV,p,103,1.03,0.4936757685564241,0.45252613178689943,-0.041149636769524656
new_csv,New simplified CSV,p,104,1.04,0.4969765527600899,0.46022066717950794,-0.03675588558058196
new_csv,New simplified CSV,p,105,1.05,0.4997580252749898,0.4674744157784559,-0.032283609496533916
new_csv,New simplified CSV,p,106,1.06,0.5010952592799828,0.4742560014191415,-0.026839257860841292
new_csv,New simplified CSV,p,107,1.07,0.5027494999459833,0.48044910504039,-0.022300394905593268
new_csv,New simplified CSV,p,108,1.08,0.5036800274468284,0.4860367539674014,-0.017643273479426957
new_csv,New simplified CSV,p,109,1.09,0.504412560946317,0.4909814985351645,-0.01343106241115255
new_csv,New simplified CSV,p,110,1.1,0.5049610838782269,0.4952442749746851,-0.009716808903541818
new_csv,New simplified CSV,p,111,1.11,0.5054720695791546,0.49880970775117267,-0.006662361827981911
new_csv,New simplified CSV,p,112,1.12,0.5055239482829027,0.5016860886576933,-0.003837859625209439
new_csv,New simplified CSV,p,113,1.1300000000000001,0.5050457632607804,0.5037836498076028,-0.0012621134531776157
new_csv,New simplified CSV,p,114,1.1400000000000001,0.5040935614780756,0.5050623578044627,0.0009687963263871335
new_csv,New simplified CSV,p,115,1.1500000000000001,0.5027070441460971,0.5055210658013226,0.002814021655225485
new_csv,New simplified CSV,p,116,1.16,0.5006158689318834,0.5051597737981824,0.0045439048662990755
new_csv,New simplified CSV,p,117,1.17,0.4981752985050499,0.5039784817950423,0.005803183289992464
new_csv,New simplified CSV,p,118,1.18,0.49554559239625134,0.5019794499105632,0.006433857514311858
new_csv,New simplified CSV,p,119,1.19,0.49261530085619437,0.4993801167190906,0.006764815862896234
new_csv,New simplified CSV,p,120,1.2,0.4898272470808451,0.49680630711512763,0.006979060034282558
new_csv,New simplified CSV,p,121,1.21,0.4862258960166703,0.49413764642204966,0.007911750405379336
new_csv,New simplified CSV,p,122,1.22,0.4826498604982635,0.4913874486441356,0.008737588145872055
new_csv,New simplified CSV,p,123,1.23,0.478061419937215,0.4883550551988582,0.010293635261643175
new_csv,New simplified CSV,p,124,1.24,0.47287418162540173,0.48519145681878434,0.012317275193382604
new_csv,New simplified CSV,p,125,1.25,0.4673992255191237,0.4815718904320465,0.014172664912922794
new_csv,New simplified CSV,p,126,1.26,0.46036090970174914,0.47765544916818886,0.017294539466439718
new_csv,New simplified CSV,p,127,1.27,0.4528196449032984,0.47336664666767847,0.02054700176438007
new_csv,New simplified CSV,p,128,1.28,0.44530106942193814,0.46852448441565897,0.023223414993720826
new_csv,New simplified CSV,p,129,1.29,0.4358556121640506,0.4632688748217715,0.02741326265772087
new_csv,New simplified CSV,p,130,1.3,0.42742549098858107,0.4576647522041236,0.030239261215542546
new_csv,New simplified CSV,p,131,1.31,0.4175728423847197,0.4514848235415976,0.03391198115687788
new_csv,New simplified CSV,p,132,1.32,0.4078700601551234,0.4450922514398891,0.03722219128476573
new_csv,New simplified CSV,p,133,1.33,0.397222959679923,0.438169131983924,0.040946172304000994
new_csv,New simplified CSV,p,134,1.34,0.38647345798885147,0.43099952250903056,0.0445260645201791
new_csv,New simplified CSV,p,135,1.35,0.3751780774297565,0.4233578585688214,0.0481797811390649
new_csv,New simplified CSV,p,136,1.36,0.3650836773805642,0.4154528562496596,0.05036917886909542
new_csv,New simplified CSV,p,137,1.37,0.3534681106148673,0.4071741377360085,0.0537060271211412
new_csv,New simplified CSV,p,138,1.3800000000000001,0.3424985103685113,0.3987661525137373,0.056267642145226004
new_csv,New simplified CSV,p,139,1.3900000000000001,0.33077959037630755,0.389990341239132,0.05921075086282446
new_csv,New simplified CSV,p,140,1.4000000000000001,0.3194110054304399,0.3810724252102403,0.06166141977980044
new_csv,New simplified CSV,p,141,1.41,0.30752907144465413,0.37185473727836743,0.0643256658337133
new_csv,New simplified CSV,p,142,1.42,0.29489382329058156,0.3624936817031801,0.06759985841259852
new_csv,New simplified CSV,p,143,1.43,0.28129174157397,0.35286579252976263,0.07157405095579261
new_csv,New simplified CSV,p,144,1.44,0.2667104130346832,0.34298850250124024,0.07627808946655706
new_csv,New simplified CSV,p,145,1.45,0.25420340071393405,0.33275982024920253,0.07855641953526848
new_csv,New simplified CSV,p,146,1.46,0.23898112904285676,0.3222277573433385,0.08324662830048171
new_csv,New simplified CSV,p,147,1.47,0.22506516624060452,0.3115618107317872,0.08649664449118266
new_csv,New simplified CSV,p,148,1.48,0.21011435916509716,0.300484797737209,0.09037043857211183
new_csv,New simplified CSV,p,149,1.49,0.1945705844383277,0.2892685030102,0.09469791857187232
new_csv,New simplified CSV,p,150,1.5,0.178881062472261,0.277714183559582,0.09883312108732101
new_csv,New simplified CSV,p,151,1.51,0.16101150162199188,0.26592118131786213,0.10490967969587026
new_csv,New simplified CSV,p,152,1.52,0.14591004227105628,0.25381189787508895,0.10790185560403268
new_csv,New simplified CSV,p,153,1.53,0.1276431264742899,0.24132701490646233,0.11368388843217242
new_csv,New simplified CSV,p,154,1.54,0.1096180203464397,0.2287122228406979,0.11909420249425819
new_csv,New simplified CSV,p,155,1.55,0.09321528206343584,0.2156450066326756,0.12242972456923977
new_csv,New simplified CSV,p,156,1.56,0.07273232075152436,0.20236592304137696,0.1296336022898526
new_csv,New simplified CSV,p,157,1.57,0.05545404132529086,0.18885688090842395,0.1334028395831331
new_csv,New simplified CSV,p,158,1.58,0.03375495612415056,0.17488695054758485,0.1411319944234343
new_csv,New simplified CSV,p,159,1.59,0.010593540892621786,0.16078034310156988,0.1501868022089481
new_csv,New simplified CSV,p,160,1.6,-0.008599347855995202,0.1461196970614607,0.1547190449174559
new_csv,New simplified CSV,p,161,1.61,-0.029533226140766318,0.1310502005583333,0.1605834266990996
new_csv,New simplified CSV,p,162,1.62,-0.05196556475497512,0.11581749194449367,0.1677830566994688
new_csv,New simplified CSV,p,163,1.6300000000000001,-0.0707795046854199,0.10019282558910003,0.1709723302745199
new_csv,New simplified CSV,p,164,1.6400000000000001,-0.08963174998864348,0.08427816587860941,0.1739099158672529
new_csv,New simplified CSV,p,165,1.6500000000000001,-0.11037164614276945,0.06825836027557154,0.17863000641834098
new_csv,New simplified CSV,p,166,1.6600000000000001,-0.1305918663878013,0.05207801094227079,0.1826698773300721
new_csv,New simplified CSV,p,167,1.67,-0.14921879957806886,0.03563103116901257,0.18484983074708142
new_csv,New simplified CSV,p,168,1.68,-0.16984711136756417,0.01905660114390173,0.1889037125114659
new_csv,New simplified CSV,p,169,1.69,-0.18772017836801302,0.002361777498210604,0.19008195586622362
new_csv,New simplified CSV,p,170,1.7,-0.2089083944114564,-0.014515951280410253,0.19439244313104614
new_csv,New simplified CSV,p,171,1.71,-0.2282670154972453,-0.031454489244104565,0.19681252625314072
new_csv,New simplified CSV,p,172,1.72,-0.24740576325983202,-0.04860752030179164,0.19879824295804038
new_csv,New simplified CSV,p,173,1.73,-0.2661611092684035,-0.06583382696433239,0.2003272823040711
new_csv,New simplified CSV,p,174,1.74,-0.2863765581351397,-0.08314566966051691,0.20323088847462278
new_csv,New simplified CSV,p,175,1.75,-0.30589810827537667,-0.10054103951994665,0.20535706875543003
new_csv,New simplified CSV,p,176,1.76,-0.3216364185787147,-0.11806052773678806,0.20357589084192668
new_csv,New simplified CSV,p,177,1.77,-0.3388718078497893,-0.13562141530399396,0.20325039254579536
new_csv,New simplified CSV,p,178,1.78,-0.35536549029284104,-0.15312064441660042,0.20224484587624061
new_csv,New simplified CSV,p,179,1.79,-0.3687580582713347,-0.1705968970522306,0.19816116121910407
new_csv,New simplified CSV,p,180,1.8,-0.3783647789715021,-0.1879747921567895,0.19038998681471261
new_csv,New simplified CSV,p,181,1.81,-0.3893509650141216,-0.2050868601626068,0.1842641048515148
new_csv,New simplified CSV,p,182,1.82,-0.39813850318894467,-0.22187383879207676,0.17626466439686791
new_csv,New simplified CSV,p,183,1.83,-0.4031558868246992,-0.23832885721628755,0.16482702960841167
new_csv,New simplified CSV,p,184,1.84,-0.40720685476660956,-0.2542987703634509,0.15290808440315867
new_csv,New simplified CSV,p,185,1.85,-0.40862516298924595,-0.269677543978201,0.13894761901104496
new_csv,New simplified CSV,p,186,1.86,-0.40790610315987086,-0.284352698075455,0.12355340508441587
new_csv,New simplified CSV,p,187,1.87,-0.4052506211988799,-0.29821870899089575,0.10703191220798414
new_csv,New simplified CSV,p,188,1.8800000000000001,-0.40102379263776833,-0.31126471990633653,0.0897590727314318
new_csv,New simplified CSV,p,189,1.8900000000000001,-0.3944797025749332,-0.3234907308217773,0.07098897175315588
new_csv,New simplified CSV,p,190,1.9000000000000001,-0.38615195546329084,-0.33489674173721806,0.05125521372607278
new_csv,New simplified CSV,p,191,1.9100000000000001,-0.3768768322223497,-0.3454827526526588,0.03139407956969087
new_csv,New simplified CSV,p,192,1.92,-0.3676841696222902,-0.3552487635680996,0.012435406054190634
new_csv,New simplified CSV,p,193,1.93,-0.3575654285268062,-0.3641947744835404,-0.006629345956734201
new_csv,New simplified CSV,p,194,1.94,-0.3467391078085959,-0.3723207853989811,-0.02558167759038521
new_csv,New simplified CSV,p,195,1.95,-0.3363314001890614,-0.37962679631442187,-0.043295396125360486
new_csv,New simplified CSV,p,196,1.96,-0.32579084747473963,-0.38611280722986263,-0.060321959755123
new_csv,New simplified CSV,p,197,1.97,-0.31341621933057867,-0.3917788181453034,-0.07836259881472474
new_csv,New simplified CSV,p,198,1.98,-0.29994963037354927,-0.3966248290607442,-0.09667519868719493
new_csv,New simplified CSV,p,199,1.99,-0.28532369450047884,-0.40065083997618495,-0.1153271454757061
new_csv,New simplified CSV,p,200,2.0,-0.2746072229318829,-0.4038568508916257,-0.12924962795974282
new_csv,New simplified CSV,p,201,2.0100000000000002,-0.25973511621414797,-0.4062428618070665,-0.14650774559291851
new_csv,New simplified CSV,p,202,2.02,-0.24708621672834305,-0.40780887272250727,-0.16072265599416422
new_csv,New simplified CSV,p,203,2.0300000000000002,-0.23659495976016653,-0.408554883637948,-0.17195992387778147
new_csv,New simplified CSV,p,204,2.04,-0.22442487531015348,-0.40848089455338876,-0.18405601924323528
new_csv,New simplified CSV,p,205,2.05,-0.21214556369524254,-0.40758690546882953,-0.195441341773587
new_csv,New simplified CSV,p,206,2.06,-0.20099099797116116,-0.4058729163842703,-0.20488191841310915
new_csv,New simplified CSV,p,207,2.07,-0.1889023559225348,-0.40333892729971105,-0.21443657137717625
new_csv,New simplified CSV,p,208,2.08,-0.18015699521751963,-0.3999849382151518,-0.21982794299763217
new_csv,New simplified CSV,p,209,2.09,-0.16877793426204846,-0.39581094913059256,-0.2270330148685441
new_csv,New simplified CSV,p,210,2.1,-0.15721675271989713,-0.39081696004603333,-0.2336002073261362
new_csv,New simplified CSV,p,211,2.11,-0.14811698679900503,-0.3850029709614741,-0.2368859841624691
new_csv,New simplified CSV,p,212,2.12,-0.13809575743302058,-0.37836898187691487,-0.2402732244438943
new_csv,New simplified CSV,p,213,2.13,-0.12874938630924715,-0.3709149927923556,-0.24216560648310848
new_csv,New simplified CSV,p,214,2.14,-0.1210212565222306,-0.3626410037077964,-0.24161974718556578
new_csv,New simplified CSV,p,215,2.15,-0.11275379763957492,-0.3535470146232372,-0.24079321698366224
new_csv,New simplified CSV,p,216,2.16,-0.10441751008423085,-0.3436330255386779,-0.23921551545444708
new_csv,New simplified CSV,p,217,2.17,-0.0955630382075919,-0.33289903645411867,-0.23733599824652676
new_csv,New simplified CSV,p,218,2.18,-0.08810252205699785,-0.32134504736955943,-0.23324252531256157
new_csv,New simplified CSV,p,219,2.19,-0.08088427520856646,-0.3089710582850002,-0.22808678307643376
new_csv,New simplified CSV,p,220,2.2,-0.07306548558059088,-0.295777069200441,-0.2227115836198501
new_csv,New simplified CSV,p,221,2.21,-0.06603202199709272,-0.28176308011588175,-0.215731058118789
new_csv,New simplified CSV,p,222,2.22,-0.0595403108558819,-0.2669290910313225,-0.2073887801754406
new_csv,New simplified CSV,p,223,2.23,-0.053212342349241715,-0.2512751019467633,-0.19806275959752156
new_csv,New simplified CSV,p,224,2.24,-0.04628275101897676,-0.23480111286220404,-0.1885183618432273
new_csv,New simplified CSV,p,225,2.25,-0.04222804318537861,-0.2177841088163994,-0.17555606563102077
new_csv,New simplified CSV,p,226,2.2600000000000002,-0.03671423123474919,-0.20126852896932754,-0.16455429773457836
new_csv,New simplified CSV,p,227,2.27,-0.03140650965220562,-0.18532178168671642,-0.1539152720345108
new_csv,New simplified CSV,p,228,2.2800000000000002,-0.026103429092074467,-0.16991441510855015,-0.14381098601647568
new_csv,New simplified CSV,p,229,2.29,-0.02115054838720042,-0.15504099276590227,-0.13389044437870185
new_csv,New simplified CSV,p,230,2.3000000000000003,-0.016283959567798933,-0.14070310340708458,-0.12441914383928565
new_csv,New simplified CSV,p,231,2.31,-0.011150250520213015,-0.1269009657609143,-0.1157507152407013
new_csv,New simplified CSV,p,232,2.32,-0.006052268331135555,-0.11361596508337844,-0.1075636967522429
new_csv,New simplified CSV,p,233,2.33,-0.000728257323052216,-0.10083094602057814,-0.10010268869752592
new_csv,New simplified CSV,p,234,2.34,0.004471244287765224,-0.08852598352924654,-0.09299722781701177
new_csv,New simplified CSV,p,235,2.35,0.009706980106218626,-0.07668606064505518,-0.0863930407512738
new_csv,New simplified CSV,p,236,2.36,0.013399692092560388,-0.06529960056026014,-0.07869929265282052
new_csv,New simplified CSV,p,237,2.37,0.01786831195291945,-0.054415825768911956,-0.0722841377218314
new_csv,New simplified CSV,p,238,2.38,0.02146235210874743,-0.04403366608149202,-0.06549601819023945
new_csv,New simplified CSV,p,239,2.39,0.02477655097452579,-0.03415339707729378,-0.05892994805181957
new_csv,New simplified CSV,p,240,2.4,0.027638176880438493,-0.02480310286172238,-0.052441279742160875
new_csv,New simplified CSV,p,241,2.41,0.030264580558756835,-0.01600072241044114,-0.04626530296919798
new_csv,New simplified CSV,p,242,2.42,0.0318821873647371,-0.007759235850225505,-0.039641423214962605
new_csv,New simplified CSV,p,243,2.43,0.033315414430687654,-0.00013780652034797473,-0.03345322095103563
new_csv,New simplified CSV,p,244,2.44,0.03489388122848192,0.006829454460980561,-0.02806442676750136
new_csv,New simplified CSV,p,245,2.45,0.036579167655231316,0.01316450457531788,-0.023414663079913436
new_csv,New simplified CSV,p,246,2.46,0.03805621671913102,0.01890175964652524,-0.019154457072605782
new_csv,New simplified CSV,p,247,2.47,0.04012538340534708,0.024049702368002777,-0.016075681037344306
new_csv,New simplified CSV,p,248,2.48,0.04134774302112177,0.028683674696795725,-0.012664068324326046
new_csv,New simplified CSV,p,249,2.49,0.04346741780861187,0.03278375739141011,-0.010683660417201764
new_csv,New simplified CSV,p,250,2.5,0.044921260605937596,0.036429805926844444,-0.008491454679093152
new_csv,New simplified CSV,p,251,2.5100000000000002,0.046579866530946534,0.03966762775345866,-0.006912238777487874
new_csv,New simplified CSV,p,252,2.52,0.04787741771723802,0.042501790744778285,-0.005375626972459732
new_csv,New simplified CSV,p,253,2.5300000000000002,0.04954772969726638,0.04496164286037865,-0.004586086836887729
new_csv,New simplified CSV,p,254,2.54,0.0509072077121276,0.04711764066746577,-0.0037895670446618304
new_csv,New simplified CSV,p,255,2.5500000000000003,0.05219431228277334,0.04905638927920905,-0.0031379230035642885
new_csv,New simplified CSV,p,256,2.56,0.05318073440104606,0.050760247394610485,-0.0024204870064355732
new_csv,New simplified CSV,p,257,2.57,0.05456041660187408,0.052224107945140416,-0.0023363086567336627
new_csv,New simplified CSV,p,258,2.58,0.055238522370518774,0.053526506679688626,-0.0017120156908301473
new_csv,New simplified CSV,p,259,2.59,0.055861887683885225,0.05471421558688434,-0.001147672097000882
new_csv,New simplified CSV,p,260,2.6,0.05591831721666997,0.05558393315463347,-0.000334384062036501
new_csv,New simplified CSV,p,261,2.61,0.05559521987828445,0.055918313266832574,0.00032309338854812075
new_csv,New simplified CSV,p,262,2.62,0.05510473667216982,0.05564928096626231,0.0005445442940924874
new_csv,New simplified CSV,p,263,2.63,0.05451153062474917,0.05526812698716189,0.0007565963624127162
new_csv,New simplified CSV,p,264,2.64,0.054088925095366086,0.054681020974597185,0.0005920958792310985
new_csv,New simplified CSV,p,265,2.65,0.053589693187860506,0.05417294553191846,0.0005832523440579551
new_csv,New simplified CSV,p,266,2.66,0.05313633045604641,0.05373683545218485,0.0006005049961384373
new_csv,New simplified CSV,p,267,2.67,0.05267058938291571,0.05323789550408747,0.0005673061211717567
new_csv,New simplified CSV,p,268,2.68,0.05225215134911512,0.05278730565120517,0.0005351543020900504
new_csv,New simplified CSV,p,269,2.69,0.05175113929391786,0.05233645045906543,0.0005853111651475743
new_csv,New simplified CSV,p,270,2.7,0.05156582831150171,0.05189943164943265,0.00033360333793094193
new_csv,New simplified CSV,p,271,2.71,0.050927484167863614,0.05156756452349157,0.0006400803556279588
new_csv,New simplified CSV,p,272,2.72,0.05010436369792137,0.05132792867176266,0.0012235649738412888
new_csv,New simplified CSV,p,273,2.73,0.04906238419429823,0.05046089590855424,0.0013985117142560066
new_csv,New simplified CSV,p,274,2.74,0.047953896984217065,0.04961607511189817,0.001662178127681102
new_csv,New simplified CSV,p,275,2.75,0.046892290226997674,0.04858862431608235,0.0016963340890846779
new_csv,New simplified CSV,p,276,2.7600000000000002,0.04567948245981388,0.04753154040088039,0.0018520579410665067
new_csv,New simplified CSV,p,277,2.77,0.044651727296575044,0.04644604324105665,0.0017943159444816087
new_csv,New simplified CSV,p,278,2.7800000000000002,0.04359562624441549,0.04531417098657628,0.0017185447421607866
new_csv,New simplified CSV,p,279,2.79,0.04249462769785701,0.04424030772349007,0.0017456800256330646
new_csv,New simplified CSV,p,280,2.8000000000000003,0.04140079340162583,0.04316946511157725,0.0017686717099514235
new_csv,New simplified CSV,p,281,2.81,0.04022504788199854,0.04208054605284549,0.0018554981708469517
new_csv,New simplified CSV,p,282,2.82,0.03904257308748478,0.040974232820957995,0.001931659733473215
new_csv,New simplified CSV,p,283,2.83,0.03783202493452762,0.03982329057358411,0.0019912656390564873
new_csv,New simplified CSV,p,284,2.84,0.03662079174961711,0.038648524467734535,0.002027732718117424
new_csv,New simplified CSV,p,285,2.85,0.03551650677777097,0.03745236106411766,0.0019358542863466902
new_csv,New simplified CSV,p,286,2.86,0.03433997068549819,0.03626695518607567,0.0019269845005774819
new_csv,New simplified CSV,p,287,2.87,0.03327454270717486,0.035116251103036046,0.0018417083958611885
new_csv,New simplified CSV,p,288,2.88,0.032415457284943244,0.033970806243527926,0.001555348958584682
new_csv,New simplified CSV,p,289,2.89,0.03149642032034006,0.03292079852293169,0.0014243782025916349
new_csv,New simplified CSV,p,290,2.9,0.030576229822220524,0.031980627525837635,0.0014043977036171107
new_csv,New simplified CSV,p,291,2.91,0.029778051735730244,0.031055326745645692,0.0012772750099154483
new_csv,New simplified CSV,p,292,2.92,0.02910386871317436,0.030163052510134018,0.0010591837969596563
new_csv,New simplified CSV,p,293,2.93,0.028419141420246555,0.029375553881530587,0.000956412461284032
new_csv,New simplified CSV,p,294,2.94,0.028347707555071554,0.028677790406664294,0.0003300828515927397
new_csv,New simplified CSV,p,295,2.95,0.02817565053808643,0.02834771289184858,0.00017206235376215212
new_csv,New simplified CSV,p,296,2.96,0.02810352573262028,0.028178580140989427,7.505440836914554e-05
new_csv,New simplified CSV,p,297,2.97,0.028143411480295397,0.02810352573262028,-3.9885747675116184e-05
new_csv,New simplified CSV,p,298,2.98,0.028333815289494097,0.0281434114802954,-0.00019040380919869634
new_csv,New simplified CSV,p,299,2.99,0.0287699355811679,0.02832922063533097,-0.0004407149458369279
new_csv,New simplified CSV,p,300,3.0,0.02917054988357188,0.02853668411845636,-0.0006338657651155204
new_csv,New simplified CSV,p,301,3.0100000000000002,0.029548815293556317,0.029110495720302162,-0.00043831957325415546
new_csv,New simplified CSV,p,302,3.02,0.029944216326066246,0.029470261977051146,-0.0004739543490151002
new_csv,New simplified CSV,p,303,3.0300000000000002,0.03050583864889955,0.029863947590254757,-0.0006418910586447925
new_csv,New simplified CSV,p,304,3.04,0.031313754941283516,0.030308496004153328,-0.0010052589371301879
new_csv,New simplified CSV,p,305,3.0500000000000003,0.03220244621430247,0.030984650578168176,-0.0012177956361342918
new_csv,New simplified CSV,p,306,3.06,0.03306033623256694,0.031780457125280534,-0.0012798791072864066
new_csv,New simplified CSV,p,307,3.0700000000000003,0.03377608777948782,0.032645681476450666,-0.0011304063030371514
new_csv,New simplified CSV,p,308,3.08,0.034320672678949365,0.03346812875088246,-0.0008525439280669053
new_csv,New simplified CSV,p,309,3.09,0.035119486609600445,0.03415016391933844,-0.000969322690262002
new_csv,New simplified CSV,p,310,3.1,0.03582983821277961,0.03476597715840779,-0.0010638610543718188
new_csv,New simplified CSV,p,311,3.11,0.0365633512834837,0.0355618424375451,-0.001001508845938602
new_csv,New simplified CSV,p,312,3.12,0.03736557349060435,0.03626902002447717,-0.0010965534661271786
new_csv,New simplified CSV,p,313,3.13,0.03822885513122398,0.03701619396114082,-0.0012126611700831597
new_csv,New simplified CSV,p,314,3.14,0.03908630637371881,0.03782445618933155,-0.0012618501843872573
new_csv,New simplified CSV,p,315,3.15,0.03998748601756304,0.03867602285312769,-0.001311463164435346
new_csv,New simplified CSV,p,316,3.16,0.04091552831684344,0.0395416761728149,-0.0013738521440285409
new_csv,New simplified CSV,p,317,3.17,0.04191658215644612,0.040440240533176575,-0.0014763416232695462
new_csv,New simplified CSV,p,318,3.18,0.04300546974743811,0.04137515874105208,-0.001630311006386026
new_csv,New simplified CSV,p,319,3.19,0.04423629820163685,0.042373692421041734,-0.0018626057805951196
new_csv,New simplified CSV,p,320,3.2,0.04523756915617654,0.043456753017727834,-0.0017808161384487084
new_csv,New simplified CSV,p,321,3.21,0.04646581724492215,0.04459051519737785,-0.0018753020475443041
new_csv,New simplified CSV,p,322,3.22,0.04756020547632365,0.045683479174472755,-0.0018767263018508937
new_csv,New simplified CSV,p,323,3.23,0.048517775770660014,0.0468382711485365,-0.0016795046221235108
new_csv,New simplified CSV,p,324,3.24,0.04974662500550865,0.04792796176106326,-0.0018186632444453926
new_csv,New simplified CSV,p,325,3.25,0.05079669753359059,0.04898178497579566,-0.0018149125577949302
new_csv,New simplified CSV,p,326,3.2600000000000002,0.05184434571779892,0.05011731443371505,-0.0017270312840838645
new_csv,New simplified CSV,p,327,3.27,0.05301041398373065,0.05120021821368594,-0.001810195770044709
new_csv,New simplified CSV,p,328,3.2800000000000002,0.05428820055821822,0.05228176522023163,-0.002006435337986591
new_csv,New simplified CSV,p,329,3.29,0.0556229386245274,0.053434811263078516,-0.0021881273614488828
new_csv,New simplified CSV,p,330,3.3000000000000003,0.05693566800756419,0.054671867836347435,-0.0022638001712167524
new_csv,New simplified CSV,p,331,3.31,0.05832352409760561,0.05596116890806693,-0.00236235518953868
new_csv,New simplified CSV,p,332,3.3200000000000003,0.059343380567336866,0.05727462699946832,-0.0020687535678685434
new_csv,New simplified CSV,p,333,3.33,0.06052298290868976,0.05855999561618295,-0.00196298729250681
new_csv,New simplified CSV,p,334,3.34,0.06128475739492146,0.05973111981142478,-0.0015536375834966781
new_csv,New simplified CSV,p,335,3.35,0.06259413444542646,0.060810875981578305,-0.0017832584638481502
new_csv,New simplified CSV,p,336,3.36,0.06337891346847821,0.06178575870389211,-0.0015931547645861022
new_csv,New simplified CSV,p,337,3.37,0.064194051588445,0.06290310266262429,-0.0012909489258207119
new_csv,New simplified CSV,p,338,3.38,0.06529642145392969,0.06379749374042346,-0.0014989277135062373
new_csv,New simplified CSV,p,339,3.39,0.06635915875583172,0.06468531850955764,-0.0016738402462740803
new_csv,New simplified CSV,p,340,3.4,0.06747683902709699,0.0657444939855957,-0.0017323450415012848
new_csv,New simplified CSV,p,341,3.41,0.06873614328103005,0.06679844308325875,-0.0019377001977712999
new_csv,New simplified CSV,p,342,3.42,0.06989823766752361,0.06791655089706937,-0.0019816867704542385
new_csv,New simplified CSV,p,343,3.43,0.07089961626854041,0.06910593807475984,-0.001793678193780568
new_csv,New simplified CSV,p,344,3.44,0.07244276108848688,0.07024715886885134,-0.002195602219635537
new_csv,New simplified CSV,p,345,3.45,0.07345518998751656,0.07137741856916993,-0.0020777714183466273
new_csv,New simplified CSV,p,346,3.46,0.07470532917153436,0.0726982412348726,-0.0020070879366617528
new_csv,New simplified CSV,p,347,3.47,0.07616145602140376,0.07386484625115565,-0.0022966097702481064
new_csv,New simplified CSV,p,348,3.48,0.07731862901374252,0.07510995784748485,-0.0022086711662576697
new_csv,New simplified CSV,p,349,3.49,0.07927380347257282,0.07642552163516764,-0.002848281837405181
new_csv,New simplified CSV,p,350,3.5,0.08117709927355392,0.07774133462891383,-0.0034357646446400852
new_csv,New simplified CSV,p,351,3.5100000000000002,0.08336518504593783,0.07946295711661065,-0.003902227929327179
new_csv,New simplified CSV,p,352,3.52,0.08550099096426876,0.08122230591035769,-0.004278685053911074
new_csv,New simplified CSV,p,353,3.5300000000000002,0.0876589485320058,0.08317894496048872,-0.00448000357151708
new_csv,New simplified CSV,p,354,3.54,0.0896493576710846,0.08518411656284748,-0.004465241108237122
new_csv,New simplified CSV,p,355,3.5500000000000003,0.09169095158317923,0.08722840450657968,-0.004462547076599557
new_csv,New simplified CSV,p,356,3.56,0.0938956676043711,0.08925865929574194,-0.004637008308629162
new_csv,New simplified CSV,p,357,3.5700000000000003,0.09621337461508706,0.09130939438241842,-0.004903980232668637
new_csv,New simplified CSV,p,358,3.58,0.09809169210724832,0.0934264672035593,-0.004665224903689022
new_csv,New simplified CSV,p,359,3.59,0.10047467833856484,0.09556703960022782,-0.004907638738337022
new_csv,New simplified CSV,p,360,3.6,0.10291426662241004,0.09766715370108064,-0.0052471129213294
new_csv,New simplified CSV,p,361,3.61,0.1042696417753343,0.09987278901876549,-0.004396852756568814
new_csv,New simplified CSV,p,362,3.62,0.10650571135235173,0.10202191202971705,-0.0044837993226346795
new_csv,New simplified CSV,p,363,3.63,0.1091905290201021,0.10400575531247792,-0.005184773707624171
new_csv,New simplified CSV,p,364,3.64,0.1112555968723774,0.10611715494242861,-0.005138441929948792
new_csv,New simplified CSV,p,365,3.65,0.1140836550455229,0.10840051657391432,-0.005683138471608576
new_csv,New simplified CSV,p,366,3.66,0.11661739869662402,0.11064919617870098,-0.005968202517923044
new_csv,New simplified CSV,p,367,3.67,0.1196918049751444,0.11309559707584825,-0.006596207899296144
new_csv,New simplified CSV,p,368,3.68,0.12343874020060829,0.11558092727455178,-0.007857812926056501
new_csv,New simplified CSV,p,369,3.69,0.1269695494013288,0.11830441114904282,-0.008665138252285973
new_csv,New simplified CSV,p,370,3.7,0.13117160028475627,0.12133072558614962,-0.009840874698606658
new_csv,New simplified CSV,p,371,3.71,0.1368516408953407,0.12446663857147423,-0.012385002323866454
new_csv,New simplified CSV,p,372,3.72,0.13984928904408314,0.12797257065833964,-0.011876718385743501
new_csv,New simplified CSV,p,373,3.73,0.14522933463808954,0.13181117077585966,-0.013418163862229882
new_csv,New simplified CSV,p,374,3.74,0.15174747475462436,0.13554612766053328,-0.016201347094091073
new_csv,New simplified CSV,p,375,3.75,0.1574832420379075,0.13974321977373153,-0.01774002226417598
new_csv,New simplified CSV,p,376,3.7600000000000002,0.16568243621904946,0.1443362716672145,-0.021346164551834967
new_csv,New simplified CSV,p,377,3.77,0.17070215026539184,0.14909689767040016,-0.021605252594991686
new_csv,New simplified CSV,p,378,3.7800000000000002,0.17757105261498757,0.15439141922324676,-0.02317963339174081
new_csv,New simplified CSV,p,379,3.79,0.18467059744853198,0.15965474627826498,-0.025015851170267
new_csv,New simplified CSV,p,380,3.8000000000000003,0.1913964508099722,0.16521588371768217,-0.026180567092290025
new_csv,New simplified CSV,p,381,3.81,0.19882711580611723,0.17093724756559134,-0.02788986824052589
new_csv,New simplified CSV,p,382,3.8200000000000003,0.20492373036900485,0.1768159416325967,-0.02810778873640815
new_csv,New simplified CSV,p,383,3.83,0.21103444979095423,0.18289121467256209,-0.028143235118392146
new_csv,New simplified CSV,p,384,3.84,0.21653836463573917,0.18894143143903805,-0.027596933196701118
new_csv,New simplified CSV,p,385,3.85,0.2219135969339097,0.19497448613883236,-0.026939110795077326
new_csv,New simplified CSV,p,386,3.86,0.22706196095683603,0.20093216693404253,-0.0261297940227935
new_csv,New simplified CSV,p,387,3.87,0.23209703843714757,0.20680167859024212,-0.025295359846905452
new_csv,New simplified CSV,p,388,3.88,0.23652052778122318,0.21256830302556035,-0.023952224755662832
new_csv,New simplified CSV,p,389,3.89,0.24064321675942055,0.21820207519620832,-0.022441141563212225
new_csv,New simplified CSV,p,390,3.9,0.24515632950287566,0.22364814953937376,-0.021508179963501906
new_csv,New simplified CSV,p,391,3.91,0.24893160792919755,0.22892445597406683,-0.020007151955130725
new_csv,New simplified CSV,p,392,3.92,0.25336842303268314,0.23404218222052986,-0.019326240812153284
new_csv,New simplified CSV,p,393,3.93,0.2578809272677091,0.23899274166679144,-0.01888818560091768
new_csv,New simplified CSV,p,394,3.94,0.2627386331723459,0.24386570640863856,-0.01887292676370736
new_csv,New simplified CSV,p,395,3.95,0.2667980148732425,0.24869790497049982,-0.01810010990274269
new_csv,New simplified CSV,p,396,3.96,0.27179310896575193,0.2534907900162538,-0.01830231894949813
new_csv,New simplified CSV,p,397,3.97,0.2767079109722251,0.25821243126058285,-0.018495479711642226
new_csv,New simplified CSV,p,398,3.98,0.2816205614698829,0.26297596001569157,-0.018644601454191334
new_csv,New simplified CSV,p,399,3.99,0.2864138136327234,0.2677643579927663,-0.01864945563995707
new_csv,New simplified CSV,p,400,4.0,0.2914778848481962,0.27256749623744025,-0.018910388610755946
new_csv,New simplified CSV,p,401,4.01,0.2965052513186707,0.27738151400170274,-0.01912373731696798
new_csv,New simplified CSV,p,402,4.0200000000000005,0.30048508759716824,0.2822347587748132,-0.018250328822355055
new_csv,New simplified CSV,p,403,4.03,0.30481001976993666,0.28705978360506995,-0.017750236164866706
new_csv,New simplified CSV,p,404,4.04,0.30932120937461116,0.2917674545580862,-0.017553754816524936
new_csv,New simplified CSV,p,405,4.05,0.31302730294020686,0.29642133130672516,-0.01660597163348171
new_csv,New simplified CSV,p,406,4.0600000000000005,0.31626505104824215,0.30100297691985967,-0.015262074128382486
new_csv,New simplified CSV,p,407,4.07,0.32002130867160977,0.30540115522732725,-0.014620153444282524
new_csv,New simplified CSV,p,408,4.08,0.32371747872058443,0.30962883740632663,-0.0140886413142578
new_csv,New simplified CSV,p,409,4.09,0.3274467235954713,0.3137653800484454,-0.013681343547025882
new_csv,New simplified CSV,p,410,4.1,0.3311159081408503,0.3178209083085317,-0.013294999832318577
new_csv,New simplified CSV,p,411,4.11,0.33490321705824266,0.32180973810664437,-0.013093478951598292
new_csv,New simplified CSV,p,412,4.12,0.3388018253779509,0.32574361017346415,-0.013058215204486745
new_csv,New simplified CSV,p,413,4.13,0.34263552620317334,0.32965518535457905,-0.012980340848594285
new_csv,New simplified CSV,p,414,4.14,0.34625082578938915,0.33356028921193825,-0.012690536577450895
new_csv,New simplified CSV,p,415,4.15,0.34958715389745454,0.3374372951371443,-0.012149858760310217
new_csv,New simplified CSV,p,416,4.16,0.35297705959822895,0.3412423188438716,-0.011734740754357376
new_csv,New simplified CSV,p,417,4.17,0.3563803731311869,0.3449553609115955,-0.011425012219591413
new_csv,New simplified CSV,p,418,4.18,0.3596323260612988,0.34860172815194806,-0.011030597909350737
new_csv,New simplified CSV,p,419,4.19,0.3629313784000918,0.35218546393729117,-0.010745914462800654
new_csv,New simplified CSV,p,420,4.2,0.36617264527189064,0.35570083397853886,-0.010471811293351785
new_csv,New simplified CSV,p,421,4.21,0.369000135777241,0.3591643471610739,-0.009835788616167074
new_csv,New simplified CSV,p,422,4.22,0.3715628135612923,0.3625451388538842,-0.009017674707408108
new_csv,New simplified CSV,p,423,4.23,0.3738726198209547,0.3657752777420136,-0.008097342078941083
new_csv,New simplified CSV,p,424,4.24,0.3764493635429766,0.3688206333135077,-0.007628730229468916
new_csv,New simplified CSV,p,425,4.25,0.3785876049089286,0.37170668492014464,-0.0068809199887839845
new_csv,New simplified CSV,p,426,4.26,0.3802669232939914,0.3744655837936022,-0.0058013395003892465
new_csv,New simplified CSV,p,427,4.2700000000000005,0.38162267965393276,0.3769950983050037,-0.004627581348929044
new_csv,New simplified CSV,p,428,4.28,0.3831822414622845,0.3792190087120223,-0.0039632327502622244
new_csv,New simplified CSV,p,429,4.29,0.3841353116304756,0.3811804159643613,-0.0029548956661142878
new_csv,New simplified CSV,p,430,4.3,0.38536151439614746,0.3828777576017825,-0.0024837567943649663
new_csv,New simplified CSV,p,431,4.3100000000000005,0.3862574401039393,0.38430922690556824,-0.0019482131983710738
new_csv,New simplified CSV,p,432,4.32,0.38727575327969804,0.38556694963007176,-0.0017088036496262782
new_csv,New simplified CSV,p,433,4.33,0.38826323331322493,0.38665078660475877,-0.0016124467084661642
new_csv,New simplified CSV,p,434,4.34,0.38902505167538554,0.3876866285358546,-0.0013384231395309198
new_csv,New simplified CSV,p,435,4.3500000000000005,0.3898271996201821,0.3886347749051263,-0.001192424715055762
new_csv,New simplified CSV,p,436,4.36,0.39061330544110284,0.3894622282496315,-0.0011510771914713391
new_csv,New simplified CSV,p,437,4.37,0.391049868077775,0.39026566526246337,-0.0007842028153116076
new_csv,New simplified CSV,p,438,4.38,0.39134931203813733,0.3909330754770473,-0.00041623656109002205
new_csv,New simplified CSV,p,439,4.39,0.3914464940040318,0.3913219552413877,-0.0001245387626441219
new_csv,New simplified CSV,p,440,4.4,0.3913925480615687,0.3914464940040318,5.3945942463107244e-05
new_csv,New simplified CSV,p,441,4.41,0.3912306214702024,0.39139254806156865,0.0001619265913662682
new_csv,New simplified CSV,p,442,4.42,0.3906028036972133,0.3912316917178537,0.0006288880206404279
new_csv,New simplified CSV,p,443,4.43,0.38974482403422905,0.3909802393089081,0.0012354152746790192
new_csv,New simplified CSV,p,444,4.44,0.38836091499643705,0.3901107605316981,0.0017498455352610298
new_csv,New simplified CSV,p,445,4.45,0.38644588054735163,0.38922751555474155,0.0027816350073899265
new_csv,New simplified CSV,p,446,4.46,0.3838883580509539,0.38783366398299224,0.0039453059320383455
new_csv,New simplified CSV,p,447,4.47,0.3805730596709023,0.38621049759370196,0.005637437922799637
new_csv,New simplified CSV,p,448,4.48,0.3763281183979661,0.384036515856914,0.007708397458947913
new_csv,New simplified CSV,p,449,4.49,0.37235654173970645,0.3814664175164529,0.009109875776746434
new_csv,New simplified CSV,p,450,4.5,0.3670583550357981,0.3783792201841585,0.011320865148360393
new_csv,New simplified CSV,p,451,4.51,0.3612417104273549,0.3751222229395918,0.013880512512236876
new_csv,New simplified CSV,p,452,4.5200000000000005,0.3562958697863292,0.3712658300830939,0.014969960296764673
new_csv,New simplified CSV,p,453,4.53,0.3499209330994305,0.36708818890682954,0.01716725580739903
new_csv,New simplified CSV,p,454,4.54,0.34347785086617566,0.36277413651346613,0.019296285647290468
new_csv,New simplified CSV,p,455,4.55,0.3369918520880169,0.35799192021150744,0.021000068123490534
new_csv,New simplified CSV,p,456,4.5600000000000005,0.3294489014337588,0.35302178832229997,0.023572886888541145
new_csv,New simplified CSV,p,457,4.57,0.32277106966533753,0.34773306801909143,0.0249619983537539
new_csv,New simplified CSV,p,458,4.58,0.31505612948966877,0.34212737271156174,0.02707124322189297
new_csv,New simplified CSV,p,459,4.59,0.306419742370301,0.33639717548125464,0.029977433110953633
new_csv,New simplified CSV,p,460,4.6000000000000005,0.29941180831824393,0.330306678864488,0.03089487054624407
new_csv,New simplified CSV,p,461,4.61,0.29245708579079355,0.32394800767120285,0.031490921880409306
new_csv,New simplified CSV,p,462,4.62,0.28494755513944403,0.3175483459122387,0.03260079077279465
new_csv,New simplified CSV,p,463,4.63,0.27753479705885287,0.3110636955620437,0.03352889850319085
new_csv,New simplified CSV,p,464,4.64,0.26903824673766064,0.3044559996892225,0.035417752951561854
new_csv,New simplified CSV,p,465,4.65,0.26219391220317806,0.2977253801573948,0.035531467954216744
new_csv,New simplified CSV,p,466,4.66,0.25293270041213295,0.2908037064446509,0.03787100603251797
new_csv,New simplified CSV,p,467,4.67,0.2428507715371368,0.2838591846863666,0.041008413149229817
new_csv,New simplified CSV,p,468,4.68,0.23220335886024418,0.2765712561276302,0.04436789726738605
new_csv,New simplified CSV,p,469,4.69,0.22119582497063503,0.26899294326678336,0.04779711829614833
new_csv,New simplified CSV,p,470,4.7,0.2092232339523743,0.26105876049563365,0.05183552654325935
new_csv,New simplified CSV,p,471,4.71,0.19692160152777002,0.2528246293666181,0.05590302783884807
new_csv,New simplified CSV,p,472,4.72,0.18545790393408176,0.24418384731483994,0.05872594338075818
new_csv,New simplified CSV,p,473,4.73,0.17206888699558603,0.23524841969821955,0.06317953270263352
new_csv,New simplified CSV,p,474,4.74,0.15645378999713672,0.22609453712971722,0.0696407471325805
new_csv,New simplified CSV,p,475,4.75,0.14417514279562835,0.2164621423191255,0.07228699952349715
new_csv,New simplified CSV,p,476,4.76,0.13239289225378278,0.20638065312949633,0.07398776087571354
new_csv,New simplified CSV,p,477,4.7700000000000005,0.1158107483683467,0.19621031766175195,0.08039956929340525
new_csv,New simplified CSV,p,478,4.78,0.10028046017340696,0.18586580222884183,0.08558534205543487
new_csv,New simplified CSV,p,479,4.79,0.08329414585280519,0.1749393863701152,0.09164524051731
new_csv,New simplified CSV,p,480,4.8,0.06642504761684237,0.16374316372471487,0.0973181161078725
new_csv,New simplified CSV,p,481,4.8100000000000005,0.04861740856159881,0.15205015484113696,0.10343274627953815
new_csv,New simplified CSV,p,482,4.82,0.031526378574688874,0.1400533715535847,0.10852699297889581
new_csv,New simplified CSV,p,483,4.83,0.012452596475550122,0.12762115693108383,0.11516856045553371
new_csv,New simplified CSV,p,484,4.84,-0.007816943448333894,0.11494237031745849,0.12275931376579238
new_csv,New simplified CSV,p,485,4.8500000000000005,-0.029322395100667042,0.10176001143915638,0.13108240653982342
new_csv,New simplified CSV,p,486,4.86,-0.04986201705911176,0.08816213022369508,0.13802414728280685
new_csv,New simplified CSV,p,487,4.87,-0.069339969362737,0.07407734257688246,0.14341731193961946
new_csv,New simplified CSV,p,488,4.88,-0.09383419013487236,0.059677044332991966,0.15351123446786433
new_csv,New simplified CSV,p,489,4.89,-0.112438823128206,0.044967448969505656,0.15740627209771166
new_csv,New simplified CSV,p,490,4.9,-0.13436879015746808,0.029711003760036006,0.1640797939175041
new_csv,New simplified CSV,p,491,4.91,-0.1587718710019376,0.01433874323419656,0.17311061423613416
new_csv,New simplified CSV,p,492,4.92,-0.17801170174028236,-0.0014875066430226206,0.17652419509725975
new_csv,New simplified CSV,p,493,4.93,-0.19984745677136828,-0.017689463325880624,0.18215799344548766
new_csv,New simplified CSV,p,494,4.94,-0.221350547706932,-0.03400001768566068,0.1873505300212713
new_csv,New simplified CSV,p,495,4.95,-0.24019546337300712,-0.050646065237420275,0.18954939813558686
new_csv,New simplified CSV,p,496,4.96,-0.25797233863838276,-0.0674412485837286,0.19053109005465416
new_csv,New simplified CSV,p,497,4.97,-0.2752302028599662,-0.08432237657452764,0.19090782628543856
new_csv,New simplified CSV,p,498,4.98,-0.2881484310806266,-0.1012396056072715,0.1869088254733551
new_csv,New simplified CSV,p,499,4.99,-0.30041191849043325,-0.11810064684438167,0.1823112716460516
new_csv,New simplified CSV,p,500,5.0,-0.3097858941761932,-0.13475901437013338,0.1750268798060598
new_csv,New simplified CSV,p,501,5.01,-0.316239476307745,-0.15113914317966215,0.16510033312808287
new_csv,New simplified CSV,p,502,5.0200000000000005,-0.3208370024810015,-0.16709412953327926,0.15374287294772224
new_csv,New simplified CSV,p,503,5.03,-0.32423024875844225,-0.18250636239036155,0.1417238863680807
new_csv,New simplified CSV,p,504,5.04,-0.32577895293901826,-0.19730396650903798,0.1284749864299803
new_csv,New simplified CSV,p,505,5.05,-0.32658400418154765,-0.2113969392980608,0.11518706488348684
new_csv,New simplified CSV,p,506,5.0600000000000005,-0.3265300375418338,-0.2247261787315062,0.10180385881032761
new_csv,New simplified CSV,p,507,5.07,-0.3256196663851489,-0.23724074754200175,0.08837891884314714
new_csv,New simplified CSV,p,508,5.08,-0.32368778293801104,-0.2489353163524973,0.07475246658551374
new_csv,New simplified CSV,p,509,5.09,-0.3207883099033131,-0.25980988516299286,0.060978424740320225
new_csv,New simplified CSV,p,510,5.1000000000000005,-0.3172554323235208,-0.2698644539734884,0.04739097835003242
new_csv,New simplified CSV,p,511,5.11,-0.31174286896210035,-0.27909902278398396,0.03264384617811639
new_csv,New simplified CSV,p,512,5.12,-0.30592060621084244,-0.28751359159447953,0.018407014616362904
new_csv,New simplified CSV,p,513,5.13,-0.29937116850014533,-0.2951081604049751,0.004263008095170218
new_csv,New simplified CSV,p,514,5.14,-0.29081495868784935,-0.30188272921547066,-0.011067770527621312
new_csv,New simplified CSV,p,515,5.15,-0.28391303464130835,-0.3078372980259662,-0.023924263384657862
new_csv,New simplified CSV,p,516,5.16,-0.27465603967551516,-0.3129718668364618,-0.038315827160946614
new_csv,New simplified CSV,p,517,5.17,-0.26404280014744225,-0.31728643564695735,-0.05324363549951511
new_csv,New simplified CSV,p,518,5.18,-0.25524553898347024,-0.3207810044574529,-0.06553546547398265
new_csv,New simplified CSV,p,519,5.19,-0.24685676614801658,-0.32345557326794844,-0.07659880711993186
new_csv,New simplified CSV,p,520,5.2,-0.23783172628304772,-0.325310142078444,-0.08747841579539628
new_csv,New simplified CSV,p,521,5.21,-0.22843535685027153,-0.32634471088893957,-0.09790935403866804
new_csv,New simplified CSV,p,522,5.22,-0.21885045006815104,-0.32655927969943516,-0.10770882963128411
new_csv,New simplified CSV,p,523,5.23,-0.2103266974218042,-0.3259538485099307,-0.11562715108812649
new_csv,New simplified CSV,p,524,5.24,-0.20208910799120972,-0.32452841732042625,-0.12243930932921654
new_csv,New simplified CSV,p,525,5.25,-0.193973898701763,-0.3222829861309218,-0.12830908742915884
new_csv,New simplified CSV,p,526,5.26,-0.18600665160356464,-0.3192175549414174,-0.13321090333785277
new_csv,New simplified CSV,p,527,5.2700000000000005,-0.1784494547938261,-0.31533212375191294,-0.13688266895808684
new_csv,New simplified CSV,p,528,5.28,-0.17223875613820455,-0.3106266925624085,-0.13838793642420394
new_csv,New simplified CSV,p,529,5.29,-0.1661040640668345,-0.30510126137290405,-0.13899719730606955
new_csv,New simplified CSV,p,530,5.3,-0.16138535266295118,-0.29875583018339963,-0.13737047752044845
new_csv,New simplified CSV,p,531,5.3100000000000005,-0.15611957601396895,-0.29159039899389516,-0.13547082297992621
new_csv,New simplified CSV,p,532,5.32,-0.15123669610210405,-0.2836049678043907,-0.13236827170228666
new_csv,New simplified CSV,p,533,5.33,-0.14777576229411452,-0.27479953661488626,-0.12702377432077175
new_csv,New simplified CSV,p,534,5.34,-0.14332385719555024,-0.26517410542538183,-0.12185024822983159
new_csv,New simplified CSV,p,535,5.3500000000000005,-0.13929295619554719,-0.2547286742358774,-0.11543571804033023
new_csv,New simplified CSV,p,536,5.36,-0.13548990062113755,-0.24346324304637298,-0.10797334242523543
new_csv,New simplified CSV,p,537,5.37,-0.13262575495914894,-0.23138152668032655,-0.09875577172117761
new_csv,New simplified CSV,p,538,5.38,-0.13137147811616956,-0.21910548275328917,-0.08773400463711961
new_csv,New simplified CSV,p,539,5.39,-0.13188503878952942,-0.20753236382377663,-0.0756473250342472
new_csv,New simplified CSV,p,540,5.4,-0.12704936165195696,-0.1967664299585624,-0.06971706830660543
new_csv,New simplified CSV,p,541,5.41,-0.13267054819066862,-0.1865770924597067,-0.05390654426903807
new_csv,New simplified CSV,p,542,5.42,-0.1221174302519275,-0.1771066509855682,-0.05498922073364068
new_csv,New simplified CSV,p,543,5.43,-0.1261755327444311,-0.16815771787460781,-0.04198218513017671
new_csv,New simplified CSV,p,544,5.44,-0.12154967754173068,-0.15987843039516725,-0.038328752853436565
new_csv,New simplified CSV,p,545,5.45,-0.11797107399418927,-0.1523667406113928,-0.03439566661720353
new_csv,New simplified CSV,p,546,5.46,-0.11344586076478433,-0.1453858710089316,-0.03194001024414728
new_csv,New simplified CSV,p,547,5.47,-0.10508174253075035,-0.1387422217901407,-0.03366047925939035
new_csv,New simplified CSV,p,548,5.48,-0.09775561450780408,-0.13221281111738872,-0.03445719660958464
new_csv,New simplified CSV,p,549,5.49,-0.09152047233580887,-0.12544944464308172,-0.03392897230727285
new_csv,New simplified CSV,p,550,5.5,-0.08733740760387845,-0.11869346085431068,-0.031356053250432225
new_csv,New simplified CSV,p,551,5.51,-0.08762207630825326,-0.11209705890741907,-0.024474982599165807
new_csv,New simplified CSV,p,552,5.5200000000000005,-0.08758604079624845,-0.10613497342957327,-0.018548932633324827
new_csv,New simplified CSV,p,553,5.53,-0.08770840709029726,-0.10099288795172748,-0.01328448086143022
new_csv,New simplified CSV,p,554,5.54,-0.08782125707356898,-0.09667080247388168,-0.0088495454003127
new_csv,New simplified CSV,p,555,5.55,-0.08840306166183008,-0.09316871699603589,-0.0047656553342058094
new_csv,New simplified CSV,p,556,5.5600000000000005,-0.0890053052064789,-0.0904866315181901,-0.0014813263117112035
new_csv,New simplified CSV,p,557,5.57,-0.08945469791577502,-0.08862454604034431,0.0008301518754307152
new_csv,New simplified CSV,p,558,5.58,-0.08954300953586503,-0.08758246056249851,0.001960548973366519
new_csv,New simplified CSV,p,559,5.59,-0.08956437912813593,-0.0873603750846527,0.0022040040434832264
new_csv,New simplified CSV,p,560,5.6000000000000005,-0.08882559784007034,-0.0879582896068069,0.0008673082332634335
new_csv,New simplified CSV,p,561,5.61,-0.08806430799400294,-0.08884645679562778,-0.0007821488016248324
new_csv,New simplified CSV,p,562,5.62,-0.08736515643545739,-0.08896057131778198,-0.0015954148823245917
new_csv,New simplified CSV,p,563,5.63,-0.08616832510030055,-0.08825665660018894,-0.0020883314998883934
new_csv,New simplified CSV,p,564,5.64,-0.08428504706641876,-0.08697417312360775,-0.0026891260571889897
new_csv,New simplified CSV,p,565,5.65,-0.08225677856801761,-0.08571829718098785,-0.0034615186129702408
new_csv,New simplified CSV,p,566,5.66,-0.0803539490021278,-0.08402365926915063,-0.003669710267022827
new_csv,New simplified CSV,p,567,5.67,-0.0787752092644585,-0.08226635449224236,-0.0034911452277838623
new_csv,New simplified CSV,p,568,5.68,-0.07769326553436075,-0.08048964314476316,-0.002796377610402412
new_csv,New simplified CSV,p,569,5.69,-0.07570942552051149,-0.0788822062064168,-0.003172780685905305
new_csv,New simplified CSV,p,570,5.7,-0.07469979612378123,-0.0773927117271094,-0.0026929156033281693
new_csv,New simplified CSV,p,571,5.71,-0.07323996173634864,-0.07579373980365109,-0.002553778067302448
new_csv,New simplified CSV,p,572,5.72,-0.0718812864652587,-0.07440603985144187,-0.0025247533861831734
new_csv,New simplified CSV,p,573,5.73,-0.07050270562699391,-0.0729964107614451,-0.002493705134451185
new_csv,New simplified CSV,p,574,5.74,-0.0686468492437997,-0.07160954277794104,-0.0029626935341413446
new_csv,New simplified CSV,p,575,5.75,-0.0672369093173636,-0.07017359192490003,-0.00293668260753642
new_csv,New simplified CSV,p,576,5.76,-0.06572753616646787,-0.06855983902201256,-0.0028323028555446855
new_csv,New simplified CSV,p,577,5.7700000000000005,-0.06381185310903457,-0.06705073633836059,-0.0032388832293260145
new_csv,New simplified CSV,p,578,5.78,-0.06188963561806996,-0.06549661304785288,-0.003606977429782922
new_csv,New simplified CSV,p,579,5.79,-0.059951343042218705,-0.06375388983021373,-0.0038025467879950203
new_csv,New simplified CSV,p,580,5.8,-0.058631559389281794,-0.06195181017352605,-0.0033202507842442566
new_csv,New simplified CSV,p,581,5.8100000000000005,-0.05748246018625765,-0.060182169703990825,-0.0026997095177331773
new_csv,New simplified CSV,p,582,5.82,-0.05669478274798442,-0.058631476272296194,-0.0019366935243117778
new_csv,New simplified CSV,p,583,5.83,-0.056050236080613186,-0.057353015867283724,-0.0013027797866705382
new_csv,New simplified CSV,p,584,5.84,-0.05562628117602184,-0.056389621693042936,-0.0007633405170210938
new_csv,New simplified CSV,p,585,5.8500000000000005,-0.055368227785548396,-0.05573463048993058,-0.0003664027043821863
new_csv,New simplified CSV,p,586,5.86,-0.055179277647050606,-0.055382206326650904,-0.0002029286796002977
new_csv,New simplified CSV,p,587,5.87,-0.05509517196884348,-0.0551966309525304,-0.00010145898368691536
new_csv,New simplified CSV,p,588,5.88,-0.0551042574754491,-0.05509517196884349,9.085506605610583e-06
new_csv,New simplified CSV,p,589,5.89,-0.0551296915069442,-0.055104257475449094,2.5434031495109866e-05
new_csv,New simplified CSV,p,590,5.9,-0.05512624231315107,-0.055129691506944196,-3.4491937931230288e-06
new_csv,New simplified CSV,p,591,5.91,-0.05497743183257841,-0.05512624231315107,-0.00014881048057266422
new_csv,New simplified CSV,p,592,5.92,-0.054653393413495226,-0.05497779028971615,-0.0003243968762209268
new_csv,New simplified CSV,p,593,5.93,-0.05425549336819766,-0.05474069669667564,-0.0004852033284779775
new_csv,New simplified CSV,p,594,5.94,-0.053814579076405765,-0.054323848139312195,-0.0005092690629064298
new_csv,New simplified CSV,p,595,5.95,-0.05328788442430885,-0.05392928242243286,-0.0006413979981240089
new_csv,New simplified CSV,p,596,5.96,-0.052650355407843005,-0.05344226965086889,-0.0007919142430258819
new_csv,New simplified CSV,p,597,5.97,-0.05205448459116778,-0.05287660479332085,-0.0008221202021530677
new_csv,New simplified CSV,p,598,5.98,-0.05134299152255037,-0.05224711739925166,-0.0009041258767012936
new_csv,New simplified CSV,p,599,5.99,-0.05082795357179551,-0.05162075834222948,-0.0007928047704339677
new_csv,New simplified CSV,p,600,6.0,-0.05030521283435602,-0.050975227430447745,-0.0006700145960917281
new_csv,New simplified CSV,p,601,6.01,-0.04981192688881367,-0.050450341755189115,-0.0006384148663754474
new_csv,New simplified CSV,p,602,6.0200000000000005,-0.04911982938393497,-0.049938107494389206,-0.0008182781104542347
new_csv,New simplified CSV,p,603,6.03,-0.048483351179327526,-0.04939838709992286,-0.0009150359205953307
new_csv,New simplified CSV,p,604,6.04,-0.0477548621230439,-0.04868990574846649,-0.0009350436254225922
new_csv,New simplified CSV,p,605,6.05,-0.04699736933330702,-0.0480447519379659,-0.001047382604658885
new_csv,New simplified CSV,p,606,6.0600000000000005,-0.046439632095514716,-0.047311838411480754,-0.0008722063159660384
new_csv,New simplified CSV,p,607,6.07,-0.04592837479865026,-0.04661953836043008,-0.0006911635617798187
new_csv,New simplified CSV,p,608,6.08,-0.04553329902764386,-0.04606425939027435,-0.0005309603626304921
new_csv,New simplified CSV,p,609,6.09,-0.04560214628674607,-0.045603083589342924,-9.373025968567594e-07
new_csv,New simplified CSV,p,610,6.1000000000000005,-0.04571362510175846,-0.045600828462973315,0.00011279663878514118
new_csv,New simplified CSV,p,611,6.11,-0.04589510106724924,-0.04571303724512143,0.0001820638221278134
new_csv,New simplified CSV,p,612,6.12,-0.04617173252417687,-0.04588299219033551,0.00028874033384135994
new_csv,New simplified CSV,p,613,6.13,-0.04652014207530559,-0.04610019848782705,0.00041994358747853705
new_csv,New simplified CSV,p,614,6.140000000000001,-0.04683788021503328,-0.046476093319150306,0.0003617868958829748
new_csv,New simplified CSV,p,615,6.15,-0.047225480679475185,-0.046784913019327815,0.00044056766014737014
new_csv,New simplified CSV,p,616,6.16,-0.04764467054824535,-0.04713628266586027,0.0005083878823850807
new_csv,New simplified CSV,p,617,6.17,-0.04811154817963674,-0.04755369002798408,0.0005578581516526571
new_csv,New simplified CSV,p,618,6.18,-0.048639007642848925,-0.047990382775571966,0.000648624867276959
new_csv,New simplified CSV,p,619,6.19,-0.04923563754718478,-0.04848587795159425,0.0007497595955905309
new_csv,New simplified CSV,p,620,6.2,-0.04985565259864323,-0.0490396990100195,0.0008159535886237343
new_csv,New simplified CSV,p,621,6.21,-0.05053027269701057,-0.04964674605397334,0.0008835266430372302
new_csv,New simplified CSV,p,622,6.22,-0.05119372234488394,-0.05028179036490822,0.0009119319799757164
new_csv,New simplified CSV,p,623,6.23,-0.05186091378740496,-0.05095243001682445,0.0009084837705805107
new_csv,New simplified CSV,p,624,6.24,-0.05250822724602567,-0.05161737838796483,0.0008908488580608373
new_csv,New simplified CSV,p,625,6.25,-0.053137533570477034,-0.05227879206070058,0.0008587415097764534
new_csv,New simplified CSV,p,626,6.26,-0.05373314614624695,-0.05292163899230633,0.0008115071539406202
new_csv,New simplified CSV,p,627,6.2700000000000005,-0.054295107653467414,-0.0535411867513534,0.0007539209021140136
new_csv,New simplified CSV,p,628,6.28,-0.05489499257194453,-0.05412633246622678,0.0007686601057177514
new_csv,New simplified CSV,p,629,6.29,-0.05543541387019871,-0.0546987711191418,0.0007366427510569068
new_csv,New simplified CSV,p,630,6.3,-0.055791904040491974,-0.055280763963731314,0.0005111400767606605
new_csv,New simplified CSV,p,631,6.3100000000000005,-0.055904692450733165,-0.055741065020015114,0.00016362743071805103
new_csv,New simplified CSV,p,632,6.32,-0.05590427800053866,-0.05590469245073317,-4.14450194510807e-07
new_csv,New simplified CSV,p,633,6.33,-0.055305828889396384,-0.05590427795764878,-0.0005984490682523977
new_csv,New simplified CSV,p,634,6.34,-0.054613631541307425,-0.05558204226618251,-0.0009684107248750864
new_csv,New simplified CSV,p,635,6.3500000000000005,-0.05385331139400988,-0.05483250846482673,-0.0009791970708168465
new_csv,New simplified CSV,p,636,6.36,-0.05317420736728861,-0.05416762286131801,-0.0009934154940293982
new_csv,New simplified CSV,p,637,6.37,-0.052393968760921464,-0.05343470148600521,-0.0010407327250837456
new_csv,New simplified CSV,p,638,6.38,-0.05158727799522884,-0.052723828784212265,-0.0011365507889834273
new_csv,New simplified CSV,p,639,6.390000000000001,-0.05075180071825481,-0.051944468987546524,-0.0011926682692917148
new_csv,New simplified CSV,p,640,6.4,-0.049807124471560105,-0.05113567977669643,-0.001328555305136328
new_csv,New simplified CSV,p,641,6.41,-0.04881612856790857,-0.05028275910606403,-0.0014666305381554612
new_csv,New simplified CSV,p,642,6.42,-0.04799894226073562,-0.04934945152383691,-0.0013505092631012836
new_csv,New simplified CSV,p,643,6.43,-0.047204140856593135,-0.04841462575402894,-0.001210484897435804
new_csv,New simplified CSV,p,644,6.44,-0.046221382712163764,-0.04756953785564341,-0.0013481551434796485
new_csv,New simplified CSV,p,645,6.45,-0.045242106828355354,-0.04672566729842571,-0.0014835604700703595
new_csv,New simplified CSV,p,646,6.46,-0.04443070563606544,-0.04577366400874965,-0.001342958372684215
new_csv,New simplified CSV,p,647,6.47,-0.043401057474960494,-0.044841571267434946,-0.0014405137924744515
new_csv,New simplified CSV,p,648,6.48,-0.04261387295349304,-0.043952058802368944,-0.0013381858488759057
new_csv,New simplified CSV,p,649,6.49,-0.041463870624785834,-0.04301353700564594,-0.0015496663808601055
new_csv,New simplified CSV,p,650,6.5,-0.04002847882306244,-0.04211732524195566,-0.002088846418893224
new_csv,New simplified CSV,p,651,6.51,-0.03855471093567695,-0.04095803600765218,-0.002403325071975229
new_csv,New simplified CSV,p,652,6.5200000000000005,-0.0372179354998566,-0.0396584520543401,-0.0024405165544834975
new_csv,New simplified CSV,p,653,6.53,-0.035726314488044315,-0.03828401339257919,-0.0025576989045348747
new_csv,New simplified CSV,p,654,6.54,-0.034175350133338715,-0.03690679557722295,-0.002731445443884234
new_csv,New simplified CSV,p,655,6.55,-0.03274694480886206,-0.0354623638932885,-0.0027154190844264417
new_csv,New simplified CSV,p,656,6.5600000000000005,-0.03138215779756364,-0.03398239149283478,-0.0026002336952711397
new_csv,New simplified CSV,p,657,6.57,-0.02998582602526272,-0.03253743096126252,-0.002551604935999801
new_csv,New simplified CSV,p,658,6.58,-0.028695106513551873,-0.031127367052593172,-0.0024322605390412998
new_csv,New simplified CSV,p,659,6.59,-0.02737361749111735,-0.029741339171263842,-0.002367721680146491
new_csv,New simplified CSV,p,660,6.6000000000000005,-0.026096981952375864,-0.028399310181501956,-0.0023023282291260924
new_csv,New simplified CSV,p,661,6.61,-0.0247332008679239,-0.027075527460281756,-0.002342326592357856
new_csv,New simplified CSV,p,662,6.62,-0.023852020519570773,-0.02576334337392524,-0.0019113228543544657
new_csv,New simplified CSV,p,663,6.63,-0.022509240934318157,-0.024520814223628562,-0.0020115732893104046
new_csv,New simplified CSV,p,664,6.640000000000001,-0.0211082066207919,-0.02339828287161399,-0.0022900762508220873
new_csv,New simplified CSV,p,665,6.65,-0.020039549794646262,-0.022125361684841163,-0.0020858118901949003
new_csv,New simplified CSV,p,666,6.66,-0.019140735544477046,-0.02084577322264608,-0.0017050376781690343
new_csv,New simplified CSV,p,667,6.67,-0.017633642752075504,-0.019720810911791207,-0.002087168159715703
new_csv,New simplified CSV,p,668,6.68,-0.01672628882884478,-0.018646471519987183,-0.0019201826911424032
new_csv,New simplified CSV,p,669,6.69,-0.015707471567324778,-0.017378433634869656,-0.0016709620675448775
new_csv,New simplified CSV,p,670,6.7,-0.014836812600273894,-0.016318594150268068,-0.0014817815499941732
new_csv,New simplified CSV,p,671,6.71,-0.013729493084770483,-0.015318713662599924,-0.001589220577829441
new_csv,New simplified CSV,p,672,6.72,-0.01262849682916291,-0.014361163502753195,-0.001732666673590285
new_csv,New simplified CSV,p,673,6.73,-0.011426844267279232,-0.01329883423623197,-0.0018719899689527385
new_csv,New simplified CSV,p,674,6.74,-0.010199234530491933,-0.012194496208354468,-0.001995261677862535
new_csv,New simplified CSV,p,675,6.75,-0.008975371274547313,-0.011024862747502272,-0.0020494914729549587
new_csv,New simplified CSV,p,676,6.76,-0.007580580383594324,-0.009821225440024594,-0.0022406450564302705
new_csv,New simplified CSV,p,677,6.7700000000000005,-0.00610134077122371,-0.008580424160012638,-0.002479083388788928
new_csv,New simplified CSV,p,678,6.78,-0.004431567813856881,-0.007240688761105236,-0.0028091209472483544
new_csv,New simplified CSV,p,679,6.79,-0.0029812381865515,-0.005803804183773327,-0.0028225659972218272
new_csv,New simplified CSV,p,680,6.8,-0.0012369097850565578,-0.004280047900661475,-0.003043138115604917
new_csv,New simplified CSV,p,681,6.8100000000000005,0.000624544053848104,-0.00275394167731976,-0.0033784857311678637
new_csv,New simplified CSV,p,682,6.82,0.0026486767939971926,-0.0011116741461546823,-0.0037603509401518747
new_csv,New simplified CSV,p,683,6.83,0.0037534516814250792,0.0006442197884096504,-0.0031092318930154286
new_csv,New simplified CSV,p,684,6.84,0.005567479768740613,0.0023747663172368834,-0.0031927134515037296
new_csv,New simplified CSV,p,685,6.8500000000000005,0.0071940255829387205,0.003947017403514471,-0.0032470081794242498
new_csv,New simplified CSV,p,686,6.86,0.00887005491417578,0.005608142514327688,-0.0032619123998480926
new_csv,New simplified CSV,p,687,6.87,0.010124360319048358,0.007260519261173234,-0.0028638410578751237
new_csv,New simplified CSV,p,688,6.88,0.011419299911941024,0.008857202939068227,-0.002562096972872796
new_csv,New simplified CSV,p,689,6.890000000000001,0.012994400502751621,0.010305752676550825,-0.002688647826200796
new_csv,New simplified CSV,p,690,6.9,0.014852497291761501,0.011718485091411657,-0.0031340122003498446
new_csv,New simplified CSV,p,691,6.91,0.01725782321977341,0.013243927139818035,-0.004013896079955375
new_csv,New simplified CSV,p,692,6.92,0.01900262881811082,0.014985922491881607,-0.004016706326229212
new_csv,New simplified CSV,p,693,6.93,0.02116049458748671,0.016961963803601862,-0.004198530783884848
new_csv,New simplified CSV,p,694,6.94,0.024122814489643114,0.01885731714234439,-0.005265497347298722
new_csv,New simplified CSV,p,695,6.95,0.026984058964564708,0.02090470720181847,-0.006079351762746238
new_csv,New simplified CSV,p,696,6.96,0.030120695673010185,0.02335135696577841,-0.006769338707231776
new_csv,New simplified CSV,p,697,6.97,0.03362924942336031,0.0258750658615812,-0.007754183561779111
new_csv,New simplified CSV,p,698,6.98,0.037020231924603464,0.028630110965344083,-0.008390120959259381
new_csv,New simplified CSV,p,699,6.99,0.040309794400676606,0.0315783194324544,-0.008731474968222207
new_csv,New simplified CSV,p,700,7.0,0.04408940809723773,0.03462067893976936,-0.009468729157468367
new_csv,New simplified CSV,p,701,7.01,0.04771773049455724,0.0377528975259948,-0.009964832968562445
new_csv,New simplified CSV,p,702,7.0200000000000005,0.05167064102375159,0.04104704114070645,-0.010623599883045134
new_csv,New simplified CSV,p,703,7.03,0.05462910256992351,0.0444263182587171,-0.010202784311206407
new_csv,New simplified CSV,p,704,7.04,0.05819655224043972,0.047870790863084246,-0.010325761377355476
new_csv,New simplified CSV,p,705,7.05,0.06126488404626291,0.05124951585003134,-0.01001536819623157
new_csv,New simplified CSV,p,706,7.0600000000000005,0.06452449916885142,0.054636464874412906,-0.009888034294438512
new_csv,New simplified CSV,p,707,7.07,0.06755993190290953,0.05796491433775418,-0.00959501756515535
new_csv,New simplified CSV,p,708,7.08,0.07141719082616152,0.06126064017979572,-0.010156550646365801
new_csv,New simplified CSV,p,709,7.09,0.07300802123473445,0.06454717481956378,-0.00846084641517067
new_csv,New simplified CSV,p,710,7.1000000000000005,0.07586428637841774,0.06776470388733515,-0.0080995824910826
new_csv,New simplified CSV,p,711,7.11,0.07758652804257157,0.07072474993649516,-0.0068617781060764105
new_csv,New simplified CSV,p,712,7.12,0.0802395947572413,0.07353775870470654,-0.006701836052534757
new_csv,New simplified CSV,p,713,7.13,0.08253462795096848,0.07615439042175054,-0.006380237529217944
new_csv,New simplified CSV,p,714,7.140000000000001,0.08514030830611352,0.07874795391990781,-0.006392354386205709
new_csv,New simplified CSV,p,715,7.15,0.0874405801882311,0.08128305549032533,-0.006157524697905772
new_csv,New simplified CSV,p,716,7.16,0.09020149725355918,0.08381068972827187,-0.006390807525287312
new_csv,New simplified CSV,p,717,7.17,0.09273768384969328,0.08631018768453033,-0.006427496165162944
new_csv,New simplified CSV,p,718,7.18,0.09642879824283286,0.0888705006618765,-0.007558297580956358
new_csv,New simplified CSV,p,719,7.19,0.10017613775314327,0.0914901364982233,-0.008686001254919973
new_csv,New simplified CSV,p,720,7.2,0.10423310748246566,0.0944969330947644,-0.00973617438770126
new_csv,New simplified CSV,p,721,7.21,0.10904162922215531,0.09763819815638887,-0.01140343106576644
new_csv,New simplified CSV,p,722,7.22,0.1146865984509317,0.10107942463037964,-0.013607173820552057
new_csv,New simplified CSV,p,723,7.23,0.1198989091254085,0.10486055250469035,-0.015038356620718146
new_csv,New simplified CSV,p,724,7.24,0.12529365944527926,0.10903302709770364,-0.016260632347575618
new_csv,New simplified CSV,p,725,7.25,0.13135679109855825,0.11333897049879448,-0.01801782059976377
new_csv,New simplified CSV,p,726,7.26,0.13654600739699763,0.11789582091553476,-0.01865018648146287
new_csv,New simplified CSV,p,727,7.2700000000000005,0.1423303303024714,0.1226825970890619,-0.019647733213409485
new_csv,New simplified CSV,p,728,7.28,0.14782595515629274,0.1275266849866118,-0.020299270169680944
new_csv,New simplified CSV,p,729,7.29,0.1543421955403544,0.13251916705444322,-0.021823028485911167
new_csv,New simplified CSV,p,730,7.3,0.15850947652772276,0.13761745710140544,-0.020892019426317326
new_csv,New simplified CSV,p,731,7.3100000000000005,0.16418094126182517,0.14285820715921763,-0.021322734102607543
new_csv,New simplified CSV,p,732,7.32,0.17073557130145733,0.14798470922947088,-0.022750862071986455
new_csv,New simplified CSV,p,733,7.33,0.17686645976823873,0.15322295079949644,-0.02364350896874229
new_csv,New simplified CSV,p,734,7.34,0.183372468014944,0.15867477208238545,-0.02469769593255855
new_csv,New simplified CSV,p,735,7.3500000000000005,0.18997347183336838,0.16420967794557614,-0.025763793887792236
new_csv,New simplified CSV,p,736,7.36,0.19590759873770858,0.16988631948901545,-0.02602127924869313
new_csv,New simplified CSV,p,737,7.37,0.20255626579265784,0.1756688427105103,-0.026887423082147532
new_csv,New simplified CSV,p,738,7.38,0.2083518603512544,0.18149679063208393,-0.026855069719170455
new_csv,New simplified CSV,p,739,7.390000000000001,0.21399184622662826,0.18740561172174208,-0.026586234504886175
new_csv,New simplified CSV,p,740,7.4,0.2197343201044404,0.1932927574937237,-0.0264415626107167
new_csv,New simplified CSV,p,741,7.41,0.22453247656294148,0.19915092694976277,-0.025381549613178706
new_csv,New simplified CSV,p,742,7.42,0.2289569807202408,0.204949290059608,-0.024007690660632797
new_csv,New simplified CSV,p,743,7.43,0.23335783460912152,0.21059065642779828,-0.022767178181323233
new_csv,New simplified CSV,p,744,7.44,0.2376284995797404,0.2160598012663087,-0.021568698313431695
new_csv,New simplified CSV,p,745,7.45,0.2413332164020865,0.22136692379269104,-0.019966292609395447
new_csv,New simplified CSV,p,746,7.46,0.24531708593557103,0.2264845352600109,-0.01883255067556014
new_csv,New simplified CSV,p,747,7.47,0.249167186775279,0.23140188228521877,-0.017765304490060224
new_csv,New simplified CSV,p,748,7.48,0.25289958640014026,0.23616117299588343,-0.01673841340425683
new_csv,New simplified CSV,p,749,7.49,0.2559979623955467,0.24076244341902345,-0.015235518976523227
new_csv,New simplified CSV,p,750,7.5,0.25937712930524404,0.2451696165410259,-0.014207512764218139
new_csv,New simplified CSV,p,751,7.51,0.262432766958773,0.2493645964602021,-0.013068170498570897
new_csv,New simplified CSV,p,752,7.5200000000000005,0.2654526198461421,0.25338257469003866,-0.012070045156103437
new_csv,New simplified CSV,p,753,7.53,0.26902401272849685,0.2572104321607513,-0.011813580567745563
new_csv,New simplified CSV,p,754,7.54,0.2711616924378862,0.2609145467391489,-0.010247145698737303
new_csv,New simplified CSV,p,755,7.55,0.2743315912929584,0.2644678637967123,-0.009863727496246144
new_csv,New simplified CSV,p,756,7.5600000000000005,0.2774984791140458,0.2678048882152769,-0.009693590898768867
new_csv,New simplified CSV,p,757,7.57,0.28092207166711536,0.27110300694624045,-0.009819064720874904
new_csv,New simplified CSV,p,758,7.58,0.2841504454581685,0.2743880717933904,-0.009762373664778057
new_csv,New simplified CSV,p,759,7.59,0.2882149702719917,0.2776923672999558,-0.010522602972035944
new_csv,New simplified CSV,p,760,7.6000000000000005,0.2913637831546261,0.2810263943191749,-0.010337388835451156
new_csv,New simplified CSV,p,761,7.61,0.29463472810569374,0.28448602107349824,-0.010148707032195503
new_csv,New simplified CSV,p,762,7.62,0.29835764777590756,0.2878724715000222,-0.010485176275885355
new_csv,New simplified CSV,p,763,7.63,0.30244789841287417,0.291261169594777,-0.01118672881809718
new_csv,New simplified CSV,p,764,7.640000000000001,0.3062580569824207,0.29474510986339153,-0.011512947119029171
new_csv,New simplified CSV,p,765,7.65,0.3103086954329097,0.29834916721477417,-0.011959528218135507
new_csv,New simplified CSV,p,766,7.66,0.3142829969615563,0.30201069683957255,-0.01227230012198377
new_csv,New simplified CSV,p,767,7.67,0.31820986437265497,0.30575071860950215,-0.012459145763152824
new_csv,New simplified CSV,p,768,7.68,0.3220976390632476,0.3095367970250614,-0.012560842038186193
new_csv,New simplified CSV,p,769,7.69,0.32545067121647914,0.3133495550285083,-0.012101116187970828
new_csv,New simplified CSV,p,770,7.7,0.3289550869837218,0.31714256661722984,-0.011812520366491941
new_csv,New simplified CSV,p,771,7.71,0.3329013848299512,0.32085594495905867,-0.012045439870892516
new_csv,New simplified CSV,p,772,7.72,0.33555694818443615,0.32455255171894776,-0.011004396465488397
new_csv,New simplified CSV,p,773,7.73,0.33915376052449864,0.32820662491275265,-0.010947135611745984
new_csv,New simplified CSV,p,774,7.74,0.3430099054199653,0.3317207772325881,-0.011289128187377206
new_csv,New simplified CSV,p,775,7.75,0.34646586241280325,0.3352683649761336,-0.011197497436669646
new_csv,New simplified CSV,p,776,7.76,0.3502228247602922,0.3388586432816436,-0.011364181478648594
new_csv,New simplified CSV,p,777,7.7700000000000005,0.3536322248105784,0.3424388543669903,-0.011193370443588091
new_csv,New simplified CSV,p,778,7.78,0.3569049805668267,0.346035046623857,-0.0108699339429697
new_csv,New simplified CSV,p,779,7.79,0.35956843726234694,0.34958123168911887,-0.009987205573228075
new_csv,New simplified CSV,p,780,7.8,0.362140137164793,0.353017383328583,-0.009122753836209974
new_csv,New simplified CSV,p,781,7.8100000000000005,0.36410615175216876,0.3562706929174795,-0.00783545883468928
new_csv,New simplified CSV,p,782,7.82,0.36511523638134563,0.3592979105776124,-0.005817325803733231
new_csv,New simplified CSV,p,783,7.83,0.36586091345009303,0.3619150430579314,-0.0039458703921616545
new_csv,New simplified CSV,p,784,7.84,0.36614388261029024,0.36399912979034454,-0.0021447528199456944
new_csv,New simplified CSV,p,785,7.8500000000000005,0.36598273650442736,0.3654492818441139,-0.0005334546603134593
new_csv,New simplified CSV,p,786,7.86,0.3650957405023209,0.36610548560310924,0.0010097451007883285
new_csv,New simplified CSV,p,787,7.87,0.3634871721657578,0.3659416893621046,0.0024545171963467616
new_csv,New simplified CSV,p,788,7.88,0.36141908201935735,0.36495859780353085,0.003539515784173497
new_csv,New simplified CSV,p,789,7.890000000000001,0.3585323140027887,0.36326434643915634,0.004732032436367661
new_csv,New simplified CSV,p,790,7.9,0.3546754023814468,0.36141423270037215,0.0067388303189253596
new_csv,New simplified CSV,p,791,7.91,0.3500636265307686,0.35901048555431525,0.008946859023546638
new_csv,New simplified CSV,p,792,7.92,0.34427594727564653,0.3561358551003519,0.011859907824705362
new_csv,New simplified CSV,p,793,7.930000000000001,0.3400807605945559,0.3527558697121802,0.012675109117624317
new_csv,New simplified CSV,p,794,7.94,0.3332329525272314,0.34889235954680325,0.015659407019571858
new_csv,New simplified CSV,p,795,7.95,0.3249991628994616,0.3449733353260501,0.0199741724265885
new_csv,New simplified CSV,p,796,7.96,0.31501924939911674,0.34036192952814875,0.025342680129032014
new_csv,New simplified CSV,p,797,7.97,0.3080406975857682,0.33509686453860227,0.027056166952834082
new_csv,New simplified CSV,p,798,7.98,0.29599749055008623,0.3292050333132709,0.03320754276318466
new_csv,New simplified CSV,p,799,7.99,0.285798765271586,0.3231940113538608,0.03739524608227479
new_csv,New simplified CSV,p,800,8.0,0.27365677641946556,0.31642325037883007,0.042766473959364504
new_csv,New simplified CSV,p,801,8.01,0.2595662951156713,0.3091105144871193,0.049544219371447984
new_csv,New simplified CSV,p,802,8.02,0.2464032264569378,0.30125040496623967,0.054847178509301875
new_csv,New simplified CSV,p,803,8.03,0.2280826199322259,0.2927579799570229,0.06467536002479701
new_csv,New simplified CSV,p,804,8.040000000000001,0.21723859033227222,0.2838341009892612,0.06659551065698899
new_csv,New simplified CSV,p,805,8.05,0.20113928672193065,0.2741983098199695,0.07305902309803886
new_csv,New simplified CSV,p,806,8.06,0.1853833917247105,0.2644175700132533,0.07903417828854278
new_csv,New simplified CSV,p,807,8.07,0.16849039104588204,0.2540135196525686,0.08552312860668654
new_csv,New simplified CSV,p,808,8.08,0.1514761631750769,0.24322653358171728,0.09175037040664039
new_csv,New simplified CSV,p,809,8.09,0.13219600806526977,0.23194427233217804,0.09974826426690828
new_csv,New simplified CSV,p,810,8.1,0.11631810633315273,0.2202677315419972,0.10394962520884446
new_csv,New simplified CSV,p,811,8.11,0.09596579056301754,0.20806290714234102,0.11209711657932347
new_csv,New simplified CSV,p,812,8.120000000000001,0.07712883984356982,0.19568097209655874,0.11855213225298893
new_csv,New simplified CSV,p,813,8.13,0.054546392559532086,0.18268440471569697,0.12813801215616488
new_csv,New simplified CSV,p,814,8.14,0.036388069507467834,0.16937161557519098,0.13298354606772314
new_csv,New simplified CSV,p,815,8.15,0.013372828706873098,0.15546389788545362,0.14209106917858053
new_csv,New simplified CSV,p,816,8.16,-0.006650971018097422,0.1413741177987091,0.1480250888168065
new_csv,New simplified CSV,p,817,8.17,-0.027412624851593285,0.12668952750511486,0.15410215235670816
new_csv,New simplified CSV,p,818,8.18,-0.05012224363120523,0.11180072536192634,0.16192296899313158
new_csv,New simplified CSV,p,819,8.19,-0.07260391775187441,0.09649464803336813,0.16909856578524254
new_csv,New simplified CSV,p,820,8.2,-0.09569136841210284,0.0808174202775474,0.17650878868965025
new_csv,New simplified CSV,p,821,8.21,-0.12214408860658311,0.06478796534886329,0.1869320539554464
new_csv,New simplified CSV,p,822,8.22,-0.14284586678343789,0.04837763793178697,0.19122350471522487
new_csv,New simplified CSV,p,823,8.23,-0.16536817718990798,0.03148678039367641,0.1968549575835844
new_csv,New simplified CSV,p,824,8.24,-0.1943435300119267,0.014484114466496605,0.2088276444784233
new_csv,New simplified CSV,p,825,8.25,-0.21347323745864974,-0.0028792715414560515,0.21059396591719368
new_csv,New simplified CSV,p,826,8.26,-0.24178230259790984,-0.020729259614796842,0.22105304298311299
new_csv,New simplified CSV,p,827,8.27,-0.2630604033763911,-0.038621903322953344,0.22443850005343774
new_csv,New simplified CSV,p,828,8.28,-0.2825437834506228,-0.05702836319725336,0.22551542025336946
new_csv,New simplified CSV,p,829,8.290000000000001,-0.30616512389613293,-0.07546020410246318,0.23070491979366975
new_csv,New simplified CSV,p,830,8.3,-0.3231351652438828,-0.09397687464444228,0.22915829059944054
new_csv,New simplified CSV,p,831,8.31,-0.3435791748186824,-0.11267377294359013,0.23090540187509226
new_csv,New simplified CSV,p,832,8.32,-0.36350044722882663,-0.1313105517535198,0.23218989547530683
new_csv,New simplified CSV,p,833,8.33,-0.3768512114172824,-0.15002020163359217,0.22683100978369022
new_csv,New simplified CSV,p,834,8.34,-0.3940143410347651,-0.16868289801504002,0.2253314430197251
new_csv,New simplified CSV,p,835,8.35,-0.4085538241849332,-0.18717810317728045,0.22137572100765274
new_csv,New simplified CSV,p,836,8.36,-0.4187688127088126,-0.2055727398523674,0.2131960728564452
new_csv,New simplified CSV,p,837,8.370000000000001,-0.43260209695421287,-0.22371207810964616,0.2088900188445667
new_csv,New simplified CSV,p,838,8.38,-0.44187608200436346,-0.24156937880722956,0.2003067031971339
new_csv,New simplified CSV,p,839,8.39,-0.45058826594984347,-0.25914891231962134,0.19143935363022213
new_csv,New simplified CSV,p,840,8.4,-0.4599462665130866,-0.2763307304185014,0.1836155360945852
new_csv,New simplified CSV,p,841,8.41,-0.4677626149408405,-0.2931274215963418,0.17463519334449867
new_csv,New simplified CSV,p,842,8.42,-0.47726053205145635,-0.30952535234772455,0.1677351797037318
new_csv,New simplified CSV,p,843,8.43,-0.4826742388305799,-0.3255405715464682,0.1571336672841117
new_csv,New simplified CSV,p,844,8.44,-0.4905300466682163,-0.3411121556419741,0.1494178910262422
new_csv,New simplified CSV,p,845,8.45,-0.4945983233444981,-0.3562250478907451,0.138373275453753
new_csv,New simplified CSV,p,846,8.46,-0.5011541742756684,-0.37082843263008763,0.1303257416455808
new_csv,New simplified CSV,p,847,8.47,-0.5059826535349283,-0.38492788447638576,0.12105476905854257
new_csv,New simplified CSV,p,848,8.48,-0.5104990546534687,-0.39853493998135536,0.11196411467211331
new_csv,New simplified CSV,p,849,8.49,-0.5131896058029728,-0.4116057128007116,0.10158389300226117
new_csv,New simplified CSV,p,850,8.5,-0.51473532286744,-0.42406878999253184,0.09066653287490811
new_csv,New simplified CSV,p,851,8.51,-0.5148083764826042,-0.43583668048931307,0.07897169599329118
new_csv,New simplified CSV,p,852,8.52,-0.5137805091138367,-0.44680680247282856,0.0669737066410081
new_csv,New simplified CSV,p,853,8.53,-0.5115790357292445,-0.4569571162264629,0.05462191950278156
new_csv,New simplified CSV,p,854,8.540000000000001,-0.507981840893514,-0.46628742998009726,0.04169441091341669
new_csv,New simplified CSV,p,855,8.55,-0.5036618208663171,-0.4747977437337316,0.02886407713258543
new_csv,New simplified CSV,p,856,8.56,-0.4977291586005662,-0.48248805748736595,0.015241101113200262
new_csv,New simplified CSV,p,857,8.57,-0.48991188534206487,-0.4893583712410003,0.0005535141010645783
new_csv,New simplified CSV,p,858,8.58,-0.48040648722570933,-0.49540868499463464,-0.015002197768925307
new_csv,New simplified CSV,p,859,8.59,-0.46856317779187434,-0.500638998748269,-0.03207582095639466
new_csv,New simplified CSV,p,860,8.6,-0.4553593985144685,-0.5050493125019033,-0.04968991398743483
new_csv,New simplified CSV,p,861,8.61,-0.4396126352478719,-0.5086396262555377,-0.0690269910076658
new_csv,New simplified CSV,p,862,8.620000000000001,-0.4201127303194143,-0.5114099400091721,-0.09129720968975774
new_csv,New simplified CSV,p,863,8.63,-0.40227154546129223,-0.5133602537628064,-0.11108870830151413
new_csv,New simplified CSV,p,864,8.64,-0.37608042142736614,-0.5144905675164407,-0.1384101460890746
new_csv,New simplified CSV,p,865,8.65,-0.35514721967338386,-0.5148008812700751,-0.1596536615966912
new_csv,New simplified CSV,p,866,8.66,-0.32935223596406726,-0.5142911950237095,-0.1849389590596422
new_csv,New simplified CSV,p,867,8.67,-0.3017577689880681,-0.5129615087773438,-0.2112037397892757
new_csv,New simplified CSV,p,868,8.68,-0.2760658381195434,-0.5108118225309781,-0.23474598441143474
new_csv,New simplified CSV,p,869,8.69,-0.2477854093208118,-0.5078421362846125,-0.26005672696380067
new_csv,New simplified CSV,p,870,8.700000000000001,-0.22020566032768876,-0.5040524500382468,-0.2838467897105581
new_csv,New simplified CSV,p,871,8.71,-0.18880855194546742,-0.4994427637918812,-0.31063421184641377
new_csv,New simplified CSV,p,872,8.72,-0.157215285575886,-0.49401307754551554,-0.33679779196962956
new_csv,New simplified CSV,p,873,8.73,-0.13021638271152322,-0.4877633912991499,-0.35754700858762667
new_csv,New simplified CSV,p,874,8.74,-0.09729459610205297,-0.48069370505278425,-0.38339910895073126
new_csv,New simplified CSV,p,875,8.75,-0.07154729807043636,-0.4728040188064186,-0.40125672073598223
new_csv,New simplified CSV,p,876,8.76,-0.040811264456516304,-0.46409433256005295,-0.42328306810353666
new_csv,New simplified CSV,p,877,8.77,-0.012286351570899492,-0.4545646463136873,-0.44227829474278785
new_csv,New simplified CSV,p,878,8.78,0.016062673379127982,-0.44421496006732164,-0.4602776334464496
new_csv,New simplified CSV,p,879,8.790000000000001,0.040367265348004285,-0.433045273820956,-0.47341253916896026
new_csv,New simplified CSV,p,880,8.8,0.06670603121328818,-0.42105558757459033,-0.4877616187878785
new_csv,New simplified CSV,p,881,8.81,0.08791410907070087,-0.4082459013282247,-0.49616001039892554
new_csv,New simplified CSV,p,882,8.82,0.10834109952780101,-0.39461621508185907,-0.5029573146096601
new_csv,New simplified CSV,p,883,8.83,0.12848300209978558,-0.3801665288354934,-0.508649530935279
new_csv,New simplified CSV,p,884,8.84,0.14760205674322954,-0.36489684258912775,-0.5124988993323573
new_csv,New simplified CSV,p,885,8.85,0.16402417953538084,-0.3488071563427621,-0.5128313358781429
new_csv,New simplified CSV,p,886,8.86,0.17951338400611458,-0.3318974700963965,-0.5114108541025111
new_csv,New simplified CSV,p,887,8.870000000000001,0.1960766485919366,-0.3141677838500308,-0.5102444324419674
new_csv,New simplified CSV,p,888,8.88,0.2050130237740534,-0.29561809760366514,-0.5006311213777186
new_csv,New simplified CSV,p,889,8.89,0.21664765405406486,-0.2762484113572995,-0.4928960654113643
new_csv,New simplified CSV,p,890,8.9,0.2252494615510032,-0.25605872511093386,-0.4813081866619371
new_csv,New simplified CSV,p,891,8.91,0.23347375262111794,-0.2350490388645682,-0.46852279148568615
new_csv,New simplified CSV,p,892,8.92,0.2393730469793513,-0.21321935261820255,-0.4525923995975538
new_csv,New simplified CSV,p,893,8.93,0.2452404315047523,-0.1905696663718369,-0.4358100978765892
new_csv,New simplified CSV,p,894,8.94,0.2494919076113988,-0.16709998012547125,-0.41659188773687006
new_csv,New simplified CSV,p,895,8.950000000000001,0.2542000821518257,-0.1428102938791056,-0.3970103760309313
new_csv,New simplified CSV,p,896,8.96,0.257678791472312,-0.11791515454264763,-0.3755939460149596
new_csv,New simplified CSV,p,897,8.97,0.2610701018176727,-0.0935254423250186,-0.3545955441426913
new_csv,New simplified CSV,p,898,8.98,0.26461592356756974,-0.06983956785475481,-0.33445549142232456
new_csv,New simplified CSV,p,899,8.99,0.26602420246498387,-0.04685078042891503,-0.3128749828938989
new_csv,New simplified CSV,p,900,9.0,0.2684653693616635,-0.024614381799660124,-0.2930797511613236
new_csv,New simplified CSV,p,901,9.01,0.27025227166768284,-0.003114120714666133,-0.273366392382349
new_csv,New simplified CSV,p,902,9.02,0.2720123011075677,0.01764057395414291,-0.25437172715342476
new_csv,New simplified CSV,p,903,9.03,0.2732814598405295,0.037646136124206545,-0.23563532371632295
new_csv,New simplified CSV,p,904,9.040000000000001,0.2747848808504537,0.056888311800135136,-0.21789656905031857
new_csv,New simplified CSV,p,905,9.05,0.27630684247741066,0.07537390909574428,-0.2009329333816664
new_csv,New simplified CSV,p,906,9.06,0.2778688266782848,0.09310809759895734,-0.18476072907932745
new_csv,New simplified CSV,p,907,9.07,0.27930162238454026,0.11009551086847462,-0.16920611151606563
new_csv,New simplified CSV,p,908,9.08,0.2808930305431516,0.1263346906245599,-0.15455833991859172
new_csv,New simplified CSV,p,909,9.09,0.28222402936787705,0.14183423877836682,-0.14038979058951023
new_csv,New simplified CSV,p,910,9.1,0.28364710490368716,0.1565885402436453,-0.12705856466004187
new_csv,New simplified CSV,p,911,9.11,0.2844538888998209,0.17060267586742406,-0.11385121303239681
new_csv,New simplified CSV,p,912,9.120000000000001,0.2851476700772972,0.18385192503765024,-0.10129574503964694
new_csv,New simplified CSV,p,913,9.13,0.2855111998812964,0.1963263862538736,-0.08918481362742281
new_csv,New simplified CSV,p,914,9.14,0.28588423944209773,0.2080083958712996,-0.07787584357079813
new_csv,New simplified CSV,p,915,9.15,0.2860686080138577,0.21889737153801583,-0.06717123647584186
new_csv,New simplified CSV,p,916,9.16,0.28612297742637877,0.22898220887221066,-0.05714076855416811
new_csv,New simplified CSV,p,917,9.17,0.2860833646517348,0.23825238053230965,-0.04783098411942513
new_csv,New simplified CSV,p,918,9.18,0.28602152254519403,0.24670270920033546,-0.039318813344858566
new_csv,New simplified CSV,p,919,9.19,0.28600715638301877,0.25433303786836126,-0.03167411851465751
new_csv,New simplified CSV,p,920,9.200000000000001,0.28604755546287974,0.2611433665363871,-0.024904188926492654
new_csv,New simplified CSV,p,921,9.21,0.285987428490439,0.2671336952044129,-0.01885373328602613
new_csv,New simplified CSV,p,922,9.22,0.2856644248120356,0.2723040238724387,-0.013360400939596895
new_csv,New simplified CSV,p,923,9.23,0.2853595682958893,0.2766543525404645,-0.008705215755424822
new_csv,New simplified CSV,p,924,9.24,0.2850453722904722,0.2801846812084903,-0.004860691081981894
new_csv,New simplified CSV,p,925,9.25,0.2847873965031183,0.2828950098765161,-0.0018923866266021827
new_csv,New simplified CSV,p,926,9.26,0.28457757659669414,0.2847853385445419,0.00020776194784777324
new_csv,New simplified CSV,p,927,9.27,0.2843949395596225,0.2858556672125677,0.0014607276529452484
new_csv,New simplified CSV,p,928,9.28,0.2843112728108687,0.28610599588059354,0.001794723069724835
new_csv,New simplified CSV,p,929,9.290000000000001,0.2843129613461037,0.2855363245486193,0.0012233632025156482
new_csv,New simplified CSV,p,930,9.3,0.28433135183657426,0.2845662542502793,0.0002349024137050515
new_csv,New simplified CSV,p,931,9.31,0.2842115845384072,0.2843247314553795,0.0001131469169722843
new_csv,New simplified CSV,p,932,9.32,0.2838488689539653,0.2842116660922023,0.0003627971382369477
new_csv,New simplified CSV,p,933,9.33,0.28328734301398795,0.2839519735109413,0.0006646304969533667
new_csv,New simplified CSV,p,934,9.34,0.28265841973514894,0.28345266237088634,0.0007942426357374077
new_csv,New simplified CSV,p,935,9.35,0.28162334746476025,0.2828763265540787,0.001252979089318429
new_csv,New simplified CSV,p,936,9.36,0.2806743468185202,0.28217584791785016,0.0015015010993299494
new_csv,New simplified CSV,p,937,9.370000000000001,0.2796832600136931,0.28115081907071954,0.0014675590570264463
new_csv,New simplified CSV,p,938,9.38,0.27833369239886313,0.2802168713495034,0.001883178950640274
new_csv,New simplified CSV,p,939,9.39,0.27706511061902866,0.2791908175616594,0.002125706942630756
new_csv,New simplified CSV,p,940,9.4,0.2759358941300205,0.2779269809185821,0.00199108678856158
new_csv,New simplified CSV,p,941,9.41,0.2746872994840071,0.2767194422610568,0.002032142777049717
new_csv,New simplified CSV,p,942,9.42,0.27308007236219345,0.27553685088899077,0.0024567785267973208
new_csv,New simplified CSV,p,943,9.43,0.2715777487184185,0.27427083054864826,0.00269308183022976
new_csv,New simplified CSV,p,944,9.44,0.2695654520157551,0.2728011071343618,0.003235655118606684
new_csv,New simplified CSV,p,945,9.450000000000001,0.2680373278027654,0.2712914137354844,0.0032540859327189753
new_csv,New simplified CSV,p,946,9.46,0.26620048792323336,0.26956530737366274,0.0033648194504293794
new_csv,New simplified CSV,p,947,9.47,0.26390151388998023,0.2679205057665612,0.004018991876580946
new_csv,New simplified CSV,p,948,9.48,0.2617640672636379,0.26615120126880515,0.00438713400516727
new_csv,New simplified CSV,p,949,9.49,0.25945927990764867,0.2641385669860694,0.004679287078420746
new_csv,New simplified CSV,p,950,9.5,0.25747986050583244,0.26210060285041703,0.004620742344584594
new_csv,New simplified CSV,p,951,9.51,0.2550577535464523,0.2599981822220501,0.004940428675597797
new_csv,New simplified CSV,p,952,9.52,0.253331588051502,0.2578973305613168,0.004565742509814785
new_csv,New simplified CSV,p,953,9.53,0.2511778597037839,0.25575906702101425,0.004581207317230329
new_csv,New simplified CSV,p,954,9.540000000000001,0.2494615745762159,0.25371495525793913,0.0042533806817232345
new_csv,New simplified CSV,p,955,9.55,0.24764705850798094,0.25168278784990394,0.004035729341923006
new_csv,New simplified CSV,p,956,9.56,0.24578767073872773,0.24975341362185738,0.003965742883129647
new_csv,New simplified CSV,p,957,9.57,0.2439490100027742,0.247862693000269,0.003913682997494811
new_csv,New simplified CSV,p,958,9.58,0.24195510276692014,0.24598670296063865,0.00403160019371851
new_csv,New simplified CSV,p,959,9.59,0.23983602275230687,0.24410812191656375,0.004272099164256887
new_csv,New simplified CSV,p,960,9.6,0.23802827696490705,0.24217159427041565,0.004143317305508598
new_csv,New simplified CSV,p,961,9.61,0.23587905786905472,0.24020025124528943,0.004321193376234711
new_csv,New simplified CSV,p,962,9.620000000000001,0.23408265294897646,0.23825351407177123,0.004170861122794772
new_csv,New simplified CSV,p,963,9.63,0.23230647756268266,0.2362693005047213,0.003962822942038646
new_csv,New simplified CSV,p,964,9.64,0.2305536035038958,0.2343579492766868,0.0038043457727909846
new_csv,New simplified CSV,p,965,9.65,0.22885191492511822,0.23250190935269074,0.0036499944275725227
new_csv,New simplified CSV,p,966,9.66,0.22727990183864427,0.23069354599747743,0.0034136441588331623
new_csv,New simplified CSV,p,967,9.67,0.2250252737619824,0.2289465832762784,0.003921309514296006
new_csv,New simplified CSV,p,968,9.68,0.2239909426621128,0.227204180308042,0.003213237645929179
new_csv,New simplified CSV,p,969,9.69,0.22233895053367153,0.2254050086742203,0.0030660581405487775
new_csv,New simplified CSV,p,970,9.700000000000001,0.22126384780661082,0.22383391795470547,0.0025700701480946553
new_csv,New simplified CSV,p,971,9.71,0.21990980797107013,0.22232312938380752,0.002413321412737396
new_csv,New simplified CSV,p,972,9.72,0.21859611083493494,0.22096908645681668,0.00237297562188174
new_csv,New simplified CSV,p,973,9.73,0.21755658647161133,0.21962146437421032,0.0020648779025989883
new_csv,New simplified CSV,p,974,9.74,0.21670427442643647,0.21834392698229074,0.0016396525558542707
new_csv,New simplified CSV,p,975,9.75,0.21570982000820552,0.21724177514460422,0.0015319551363986994
new_csv,New simplified CSV,p,976,9.76,0.2146403439188098,0.21626323063994904,0.0016228867211392495
new_csv,New simplified CSV,p,977,9.77,0.2138415843587176,0.21525955732572913,0.001417972967011516
new_csv,New simplified CSV,p,978,9.78,0.2127858282729487,0.21427355435852405,0.0014877260855753471
new_csv,New simplified CSV,p,979,9.790000000000001,0.21173435734766918,0.21336288812608903,0.0016285307784198455
new_csv,New simplified CSV,p,980,9.8,0.21098774133719478,0.21234611994339392,0.0013583786061991399
new_csv,New simplified CSV,p,981,9.81,0.21010676515229373,0.2113797851609207,0.0012730200086269738
new_csv,New simplified CSV,p,982,9.82,0.20921925754132822,0.21053280597355256,0.0013135484322243374
new_csv,New simplified CSV,p,983,9.83,0.2083724650769794,0.2096578597887371,0.0012853947117577036
new_csv,New simplified CSV,p,984,9.84,0.2076688775267268,0.20878270537193397,0.001113827845207166
new_csv,New simplified CSV,p,985,9.85,0.2069471125010403,0.207967179052973,0.0010200665519326801
new_csv,New simplified CSV,p,986,9.86,0.20640587013446812,0.207235892419484,0.0008300222850158856
new_csv,New simplified CSV,p,987,9.870000000000001,0.20580505679805391,0.2065708701077131,0.0007658133096591913
new_csv,New simplified CSV,p,988,9.88,0.20533621601640217,0.20600236389537485,0.0006661478789726782
new_csv,New simplified CSV,p,989,9.89,0.20477433469555445,0.2054471297982473,0.000672795102692858
new_csv,New simplified CSV,p,990,9.9,0.20472670099704599,0.20495563039148895,0.00022892939444296712
new_csv,New simplified CSV,p,991,9.91,0.20438705134907095,0.20472670099704596,0.0003396496479750044
new_csv,New simplified CSV,p,992,9.92,0.20477214976924132,0.20445603680188165,-0.00031611296735967187
new_csv,New simplified CSV,p,993,9.93,0.20470893797715828,0.20453240044177953,-0.00017653753537874572
new_csv,New simplified CSV,p,994,9.94,0.20508898110365928,0.204754006587305,-0.00033497451635428055
new_csv,New simplified CSV,p,995,9.950000000000001,0.2051852155080286,0.20486451721347895,-0.0003206982945496428
new_csv,New simplified CSV,p,996,9.96,0.20566602133097867,0.20518517371366837,-0.0004808476173102927
new_csv,New simplified CSV,p,997,9.97,0.20590415350221244,0.205472025156847,-0.00043212834536543454
new_csv,New simplified CSV,p,998,9.98,0.20619425230102603,0.20589673940281764,-0.0002975128982083963
new_csv,New simplified CSV,p,999,9.99,0.20676454926206933,0.2060946618949138,-0.0006698873671555361
new_csv,New simplified CSV,p,1000,10.0,0.20705870253622333,0.20661804216266688,-0.00044066037355644516
new_csv,New simplified CSV,p,1001,10.01,0.20742382804163187,0.2070332332913693,-0.0003905947502625684
new_csv,New simplified CSV,p,1002,10.02,0.20770054079336583,0.20731807338295213,-0.00038246741041370047
new_csv,New simplified CSV,p,1003,10.03,0.20807327696632183,0.2076866281403941,-0.0003866488259277323
new_csv,New simplified CSV,p,1004,10.040000000000001,0.20838484745366,0.2079323848059721,-0.0004524626476879179
new_csv,New simplified CSV,p,1005,10.05,0.20874362255931989,0.20836557199848832,-0.0003780505608315665
new_csv,New simplified CSV,p,1006,10.06,0.20908607312304983,0.20862966944375955,-0.0004564036792902848
new_csv,New simplified CSV,p,1007,10.07,0.2093740806307564,0.20905435595123917,-0.0003197246795172415
new_csv,New simplified CSV,p,1008,10.08,0.2096009073321857,0.20932771858271332,-0.0002731887494723806
new_csv,New simplified CSV,p,1009,10.09,0.20989027354093742,0.2095888910798944,-0.000301382461043026
new_csv,New simplified CSV,p,1010,10.1,0.2100767229953023,0.20980927474011793,-0.0002674482551843771
new_csv,New simplified CSV,p,1011,10.11,0.21020172976663196,0.21007629096908825,-0.00012543879754370324
new_csv,New simplified CSV,p,1012,10.120000000000001,0.21027785018088177,0.2102010851172352,-7.676506364656666e-05
new_csv,New simplified CSV,p,1013,10.13,0.21032108361531016,0.21027785018088177,-4.3233434428385786e-05
new_csv,New simplified CSV,p,1014,10.14,0.21039434860879525,0.21032108361531016,-7.32649934850893e-05
new_csv,New simplified CSV,p,1015,10.15,0.21054093554538028,0.21039434860879525,-0.00014658693658503585
new_csv,New simplified CSV,p,1016,10.16,0.2108651309785119,0.21054065310912917,-0.00032447786938272216
new_csv,New simplified CSV,p,1017,10.17,0.21146348050716474,0.2107800250889429,-0.0006834554182218455
new_csv,New simplified CSV,p,1018,10.18,0.21225903434117632,0.21125524231712928,-0.0010037920240470455
new_csv,New simplified CSV,p,1019,10.19,0.213326705437325,0.2119304912261405,-0.0013962142111844933
new_csv,New simplified CSV,p,1020,10.200000000000001,0.214806793538358,0.21275267582462706,-0.0020541177137309297
new_csv,New simplified CSV,p,1021,10.21,0.21638079626599332,0.2138659688955072,-0.0025148273704861113
new_csv,New simplified CSV,p,1022,10.22,0.218070984567152,0.2152059049364066,-0.002865079630745393
new_csv,New simplified CSV,p,1023,10.23,0.22023417155310954,0.21666352547387135,-0.0035706460792381822
new_csv,New simplified CSV,p,1024,10.24,0.22284689567700225,0.21827698728732195,-0.0045699083896802994
new_csv,New simplified CSV,p,1025,10.25,0.22567779693109719,0.22022854807917655,-0.005449248851920635
new_csv,New simplified CSV,p,1026,10.26,0.22830186391662666,0.22240985016799875,-0.005892013748627911
new_csv,New simplified CSV,p,1027,10.27,0.23167411813067965,0.22481338881645158,-0.00686072931422807
new_csv,New simplified CSV,p,1028,10.28,0.23484171505361986,0.22730153370938752,-0.007540181344232344
new_csv,New simplified CSV,p,1029,10.290000000000001,0.2383506595378195,0.2301029811528603,-0.008247678384959212
new_csv,New simplified CSV,p,1030,10.3,0.24176282930838097,0.23297091202615577,-0.008791917282225198
new_csv,New simplified CSV,p,1031,10.31,0.24452591846832036,0.23602196755634391,-0.008503950911976449
new_csv,New simplified CSV,p,1032,10.32,0.2476472688912519,0.23909951540173258,-0.008547753489519333
new_csv,New simplified CSV,p,1033,10.33,0.24883811624132635,0.24212659932278882,-0.0067115169185375245
new_csv,New simplified CSV,p,1034,10.34,0.2500138953004335,0.24496171306858805,-0.005052182231845448
new_csv,New simplified CSV,p,1035,10.35,0.25073833330743023,0.2473418449834155,-0.0033964883240147348
new_csv,New simplified CSV,p,1036,10.36,0.2505858833211256,0.24923919717295528,-0.0013466861481702952
new_csv,New simplified CSV,p,1037,10.370000000000001,0.24956109128748674,0.2503964331027711,0.0008353418152843572
new_csv,New simplified CSV,p,1038,10.38,0.24799971277944957,0.25073366903258687,0.0027339562531372985
new_csv,New simplified CSV,p,1039,10.39,0.24555346149258708,0.25025090496240265,0.004697443469815571
new_csv,New simplified CSV,p,1040,10.4,0.24214167662492886,0.24894814089221845,0.006806464267289591
new_csv,New simplified CSV,p,1041,10.41,0.23833896226517132,0.24682548329912027,0.008486521033948952
new_csv,New simplified CSV,p,1042,10.42,0.23383078249231848,0.24393551220904094,0.010104729716722466
new_csv,New simplified CSV,p,1043,10.43,0.22852352666268674,0.2407862615254936,0.012262734862806851
new_csv,New simplified CSV,p,1044,10.44,0.22415662461072744,0.23721198872167387,0.013055364110946432
new_csv,New simplified CSV,p,1045,10.450000000000001,0.21873235777876113,0.2333216380060994,0.01458928022733827
new_csv,New simplified CSV,p,1046,10.46,0.21344429042527127,0.2293470691944092,0.015902778769137926
new_csv,New simplified CSV,p,1047,10.47,0.20765388336824564,0.22502748449822765,0.017373601129982014
new_csv,New simplified CSV,p,1048,10.48,0.20389981116974754,0.2205781833377722,0.016678372168024674
new_csv,New simplified CSV,p,1049,10.49,0.20002135337846716,0.21595976562037952,0.015938412241912364
new_csv,New simplified CSV,p,1050,10.5,0.19660637077139573,0.21151071856130713,0.014904347789911399
new_csv,New simplified CSV,p,1051,10.51,0.1937354670826283,0.2071937502634158,0.013458283180787511
new_csv,New simplified CSV,p,1052,10.52,0.19259366195794822,0.20308297051830634,0.010489308560358124
new_csv,New simplified CSV,p,1053,10.53,0.1916125117913408,0.19939408499950528,0.007781573208164472
new_csv,New simplified CSV,p,1054,10.540000000000001,0.19024823080726377,0.19627933070092266,0.006031099893658881
new_csv,New simplified CSV,p,1055,10.55,0.1881216028740136,0.19364298013319767,0.005521377259184057
new_csv,New simplified CSV,p,1056,10.56,0.1862162452583379,0.19127453658437382,0.005058291326035913
new_csv,New simplified CSV,p,1057,10.57,0.18337797600903802,0.18900914132993094,0.005631165320892917
new_csv,New simplified CSV,p,1058,10.58,0.18133548239912964,0.18678198511788952,0.005446502718759877
new_csv,New simplified CSV,p,1059,10.59,0.17896619683562462,0.18439648785932486,0.00543029102370024
new_csv,New simplified CSV,p,1060,10.6,0.17651659756201366,0.18211087423435182,0.0055942766723381665
new_csv,New simplified CSV,p,1061,10.61,0.17409376631828563,0.17979054716299633,0.005696780844710703
new_csv,New simplified CSV,p,1062,10.620000000000001,0.17105192289545804,0.17743059989274831,0.006378676997290278
new_csv,New simplified CSV,p,1063,10.63,0.16819971714321552,0.17500676983532953,0.006807052692114013
new_csv,New simplified CSV,p,1064,10.64,0.16538316554677893,0.1723756825310019,0.006992516984222985
new_csv,New simplified CSV,p,1065,10.65,0.16174738856763876,0.16970916644024436,0.007961777872605602
new_csv,New simplified CSV,p,1066,10.66,0.15887542643603222,0.1669530571071781,0.008077630671145863
new_csv,New simplified CSV,p,1067,10.67,0.15547868946586113,0.16396323769739982,0.008484548231538686
new_csv,New simplified CSV,p,1068,10.68,0.1525417096019225,0.16100661315469322,0.008464903552770714
new_csv,New simplified CSV,p,1069,10.69,0.1501381688444609,0.1579676301064822,0.007829461262021303
new_csv,New simplified CSV,p,1070,10.700000000000001,0.1477683665179301,0.15500253519182824,0.007234168673898145
new_csv,New simplified CSV,p,1071,10.71,0.14543045033044524,0.15218614543337589,0.006755695102930642
new_csv,New simplified CSV,p,1072,10.72,0.14386626079871812,0.14949418508883994,0.005627924290121822
new_csv,New simplified CSV,p,1073,10.73,0.14217864868781582,0.1469977145434104,0.004819065855594579
new_csv,New simplified CSV,p,1074,10.74,0.14033129564838112,0.14476835561022935,0.004437059961848233
new_csv,New simplified CSV,p,1075,10.75,0.13908028904117153,0.14270014425735117,0.003619855216179635
new_csv,New simplified CSV,p,1076,10.76,0.13750478166342475,0.14080281274126719,0.0032980310778424338
new_csv,New simplified CSV,p,1077,10.77,0.1359285921341264,0.1391049308476378,0.0031763387135114174
new_csv,New simplified CSV,p,1078,10.78,0.13453086494141794,0.13745962681194943,0.002928761870531482
new_csv,New simplified CSV,p,1079,10.790000000000001,0.1327633267057789,0.1358719989877666,0.0031086722819877177
new_csv,New simplified CSV,p,1080,10.8,0.13153045850949607,0.1343226801586412,0.002792221649145138
new_csv,New simplified CSV,p,1081,10.81,0.13013793919231428,0.13275183895050968,0.002613899758195398
new_csv,New simplified CSV,p,1082,10.82,0.1286831767081326,0.13130936773580465,0.002626191027672059
new_csv,New simplified CSV,p,1083,10.83,0.1273491722237722,0.12988250347018473,0.002533331246412529
new_csv,New simplified CSV,p,1084,10.84,0.12607588619747231,0.12846033218158096,0.0023844459841086407
new_csv,New simplified CSV,p,1085,10.85,0.12486843353831122,0.12709271531820684,0.002224281779895629
new_csv,New simplified CSV,p,1086,10.86,0.12397453437604346,0.12578578220325884,0.0018112478272153815
new_csv,New simplified CSV,p,1087,10.870000000000001,0.12323403791540992,0.12460002985217998,0.0013659919367700613
new_csv,New simplified CSV,p,1088,10.88,0.1227879676438147,0.12362680731042344,0.0008388396666087483
new_csv,New simplified CSV,p,1089,10.89,0.12286598394710335,0.12292062923093576,5.4645283832407965e-05
new_csv,New simplified CSV,p,1090,10.9,0.12282234635936982,0.12284603814364439,2.3691784274568195e-05
new_csv,New simplified CSV,p,1091,10.91,0.12329313317908093,0.12282234635936982,-0.00047078681971110536
new_csv,New simplified CSV,p,1092,10.92,0.12337502857433574,0.12312832312455257,-0.0002467054497831689
new_csv,New simplified CSV,p,1093,10.93,0.1239384306068056,0.12337502857433574,-0.0005634020324698508
new_csv,New simplified CSV,p,1094,10.94,0.12412571566547287,0.12369399168296931,-0.0004317239825035596
new_csv,New simplified CSV,p,1095,10.950000000000001,0.12492005408515339,0.12412138641607208,-0.0007986676690813072
new_csv,New simplified CSV,p,1096,10.96,0.1253958506759331,0.12433437612088113,-0.0010614745550519555
new_csv,New simplified CSV,p,1097,10.97,0.12636159987052056,0.12514071429735396,-0.0012208855731666024
new_csv,New simplified CSV,p,1098,10.98,0.12700404939257975,0.12587682546976645,-0.0011272239228133085
new_csv,New simplified CSV,p,1099,10.99,0.12825409948158578,0.12674395565290753,-0.0015101438286782565
new_csv,New simplified CSV,p,1100,11.0,0.12918302152008512,0.1275077954818363,-0.0016752260382488227
new_csv,New simplified CSV,p,1101,11.01,0.13051711988863804,0.1286465839311145,-0.0018705359575235392
new_csv,New simplified CSV,p,1102,11.02,0.13145689552973527,0.12967334539161113,-0.0017835501381241459
new_csv,New simplified CSV,p,1103,11.03,0.13258864084932184,0.1308514072540997,-0.001737233595222154
new_csv,New simplified CSV,p,1104,11.040000000000001,0.1332568365125244,0.13190153475528343,-0.0013553017572409676
new_csv,New simplified CSV,p,1105,11.05,0.1344421748303737,0.13289047928187325,-0.001551695548500459
new_csv,New simplified CSV,p,1106,11.06,0.13547732367073154,0.13376042538291313,-0.0017168982878184025
new_csv,New simplified CSV,p,1107,11.07,0.1364106282647221,0.13487853969057395,-0.0015320885741481605
new_csv,New simplified CSV,p,1108,11.08,0.13674093254428796,0.13588542916844326,-0.0008555033758446962
new_csv,New simplified CSV,p,1109,11.09,0.13762030644887346,0.1366299861430771,-0.0009903203057963772
new_csv,New simplified CSV,p,1110,11.1,0.13851796996510732,0.13716537758283928,-0.0013525923822680364
new_csv,New simplified CSV,p,1111,11.11,0.13950109373545222,0.13811595749997063,-0.0013851362354815877
new_csv,New simplified CSV,p,1112,11.120000000000001,0.1402802281169235,0.1389905769593744,-0.0012896511575491154
new_csv,New simplified CSV,p,1113,11.13,0.14140117566733237,0.13989953734417118,-0.0015016383231611918
new_csv,New simplified CSV,p,1114,11.14,0.14257321625326214,0.1407757781711132,-0.0017974380821489389
new_csv,New simplified CSV,p,1115,11.15,0.14316652207590186,0.14187467554671682,-0.0012918465291850423
new_csv,New simplified CSV,p,1116,11.16,0.1441815597279242,0.14284523526583792,-0.0013363244620862857
new_csv,New simplified CSV,p,1117,11.17,0.14501543738300152,0.14365402556319604,-0.0013614118198054803
new_csv,New simplified CSV,p,1118,11.18,0.1453732159058534,0.1446053313438668,-0.0007678845619865926
new_csv,New simplified CSV,p,1119,11.19,0.14600266654596472,0.1452808693016445,-0.000721797244320227
new_csv,New simplified CSV,p,1120,11.200000000000001,0.14611595849390438,0.14575808892848371,-0.0003578695654206654
new_csv,New simplified CSV,p,1121,11.21,0.1466305029806786,0.14611574313180695,-0.0005147598488716432
new_csv,New simplified CSV,p,1122,11.22,0.14667657856636587,0.14639041791212964,-0.0002861606542362283
new_csv,New simplified CSV,p,1123,11.23,0.14717616818599563,0.14667657856636585,-0.0004995896196297867
new_csv,New simplified CSV,p,1124,11.24,0.14727503284247379,0.1469873849954545,-0.00028764784701929
new_csv,New simplified CSV,p,1125,11.25,0.14783171307871926,0.14727503284247379,-0.0005566802362454715
new_csv,New simplified CSV,p,1126,11.26,0.1478882023376748,0.14759327967343283,-0.00029492266424197
new_csv,New simplified CSV,p,1127,11.27,0.14792534559118736,0.14788820233767483,-3.714325351253378e-05
new_csv,New simplified CSV,p,1128,11.28,0.14839289297391892,0.14792534559118733,-0.00046754738273158125
new_csv,New simplified CSV,p,1129,11.290000000000001,0.1484201747838756,0.14823072695860276,-0.00018944782527283155
new_csv,New simplified CSV,p,1130,11.3,0.14840706881406995,0.1484201747838756,1.310596980563794e-05
new_csv,New simplified CSV,p,1131,11.31,0.14841930384785984,0.14840706881406995,-1.2235033789886884e-05
new_csv,New simplified CSV,p,1132,11.32,0.1487593907186014,0.1484193038478598,-0.0003400868707415794
new_csv,New simplified CSV,p,1133,11.33,0.1487281420190771,0.14869013276016177,-3.800925891533913e-05
new_csv,New simplified CSV,p,1134,11.34,0.1486472576384498,0.14872814201907714,8.088438062733849e-05
new_csv,New simplified CSV,p,1135,11.35,0.1486193101350245,0.14864725763844977,2.794750342527408e-05
new_csv,New simplified CSV,p,1136,11.36,0.14845949548491208,0.1486193101350245,0.00015981465011241647
new_csv,New simplified CSV,p,1137,11.370000000000001,0.1488447901307603,0.1484604177844907,-0.00038437234626959027
new_csv,New simplified CSV,p,1138,11.38,0.1486745172814258,0.14876409029901122,8.95730175854148e-05
new_csv,New simplified CSV,p,1139,11.39,0.14859446678664115,0.14873232045295026,0.00013785366630911233
new_csv,New simplified CSV,p,1140,11.4,0.14830933506874494,0.14859446678664112,0.00028513171789618097
new_csv,New simplified CSV,p,1141,11.41,0.1480680255148775,0.1483475585336935,0.0002795330188160028
new_csv,New simplified CSV,p,1142,11.42,0.14761367882491533,0.14808784712918222,0.0004741683042668865
new_csv,New simplified CSV,p,1143,11.43,0.14724140947202996,0.1478064946608099,0.0005650851887799291
new_csv,New simplified CSV,p,1144,11.44,0.14688192110114875,0.14728407602640198,0.00040215492525322305
new_csv,New simplified CSV,p,1145,11.450000000000001,0.14660409459212193,0.14696128578175996,0.0003571911896380342
new_csv,New simplified CSV,p,1146,11.46,0.1461733338598824,0.14662654537122832,0.00045321151134591897
new_csv,New simplified CSV,p,1147,11.47,0.14587728633887023,0.1463384930017545,0.00046120666288426704
new_csv,New simplified CSV,p,1148,11.48,0.14600869842143172,0.1458943569285402,-0.00011434149289152318
new_csv,New simplified CSV,p,1149,11.49,0.1457551340588959,0.14600741956802635,0.000252285509130451
new_csv,New simplified CSV,p,1150,11.5,0.1455253543263374,0.14577084127177617,0.00024548694543877203
new_csv,New simplified CSV,p,1151,11.51,0.14539827777625908,0.14555957717282214,0.0001612993965630638
new_csv,New simplified CSV,p,1152,11.52,0.14537748480481177,0.14539829230449736,2.0807499685582265e-05
new_csv,New simplified CSV,p,1153,11.53,0.14542328617765263,0.14537748480481177,-4.5801372840853505e-05
new_csv,New simplified CSV,p,1154,11.540000000000001,0.14559678509922117,0.1454232861776526,-0.0001734989215685656
new_csv,New simplified CSV,p,1155,11.55,0.14581442799265665,0.14559464446590137,-0.00021978352675527946
new_csv,New simplified CSV,p,1156,11.56,0.14661761902890083,0.1457759445616175,-0.0008416744672833376
new_csv,New simplified CSV,p,1157,11.57,0.14696977900313446,0.14614149041765095,-0.0008282885854835054
new_csv,New simplified CSV,p,1158,11.58,0.14722912890709186,0.1468640009242486,-0.00036512798284327186
new_csv,New simplified CSV,p,1159,11.59,0.14748296299859248,0.14721471313818207,-0.00026824986041040777
new_csv,New simplified CSV,p,1160,11.6,0.1476815666620851,0.14743240392557522,-0.0002491627365098781
new_csv,New simplified CSV,p,1161,11.61,0.14783585924393067,0.1476770236446038,-0.00015883559932686198
new_csv,New simplified CSV,p,1162,11.620000000000001,0.1483417946336228,0.14782061293930931,-0.0005211816943134773
new_csv,New simplified CSV,p,1163,11.63,0.14837706741942439,0.1480860825599924,-0.0002909848594319919
new_csv,New simplified CSV,p,1164,11.64,0.14834971743772313,0.14837706741942439,2.7349981701257908e-05
new_csv,New simplified CSV,p,1165,11.65,0.14823373055571917,0.14834971743772316,0.00011598688200398222
new_csv,New simplified CSV,p,1166,11.66,0.14809117416351628,0.14823373055571915,0.00014255639220286942
new_csv,New simplified CSV,p,1167,11.67,0.14794039708776008,0.14809134674646957,0.00015094965870948718
new_csv,New simplified CSV,p,1168,11.68,0.14818215316266517,0.1479426699081455,-0.0002394832545196679
new_csv,New simplified CSV,p,1169,11.69,0.14804597159892316,0.14816899706758746,0.00012302546866430064
new_csv,New simplified CSV,p,1170,11.700000000000001,0.147912027472161,0.1480469083538855,0.00013488088172450285
new_csv,New simplified CSV,p,1171,11.71,0.14784128535211505,0.14791431905772293,7.303370560787781e-05
new_csv,New simplified CSV,p,1172,11.72,0.1477642581124629,0.14784128535211505,7.702723965213876e-05
new_csv,New simplified CSV,p,1173,11.73,0.1477107883762245,0.1477642581124629,5.346973623840401e-05
new_csv,New simplified CSV,p,1174,11.74,0.14767916691157001,0.1477107883762245,3.1621464654491005e-05
new_csv,New simplified CSV,p,1175,11.75,0.14764219714350746,0.14767916691157001,3.696976806255581e-05
new_csv,New simplified CSV,p,1176,11.76,0.14803552637898107,0.14764219714350746,-0.00039332923547361065
new_csv,New simplified CSV,p,1177,11.77,0.1480036309480492,0.14793045961112924,-7.317133691994715e-05
new_csv,New simplified CSV,p,1178,11.78,0.14797430256956548,0.14800367973578554,2.937716622006259e-05
new_csv,New simplified CSV,p,1179,11.790000000000001,0.14794586403518092,0.14797430256956548,2.8438534384556124e-05
new_csv,New simplified CSV,p,1180,11.8,0.14792200778559614,0.14794586403518092,2.385624958478605e-05
new_csv,New simplified CSV,p,1181,11.81,0.14789794277759416,0.14792200778559614,2.406500800197775e-05
new_csv,New simplified CSV,p,1182,11.82,0.14787103293498996,0.1478979427775942,2.6909842604228018e-05
new_csv,New simplified CSV,p,1183,11.83,0.14784517916021142,0.14787103293498993,2.5853774778511474e-05
new_csv,New simplified CSV,p,1184,11.84,0.14781469072796877,0.14784517916021145,3.0488432242681274e-05
new_csv,New simplified CSV,p,1185,11.85,0.14819657038386458,0.14781469072796874,-0.0003818796558958393
new_csv,New simplified CSV,p,1186,11.86,0.14815647232355172,0.14809961908063404,-5.685324291768157e-05
new_csv,New simplified CSV,p,1187,11.870000000000001,0.14811163608447794,0.1481566871034606,4.5051018982666946e-05
new_csv,New simplified CSV,p,1188,11.88,0.14805446928439128,0.14811163608447792,5.716680008663322e-05
new_csv,New simplified CSV,p,1189,11.89,0.1479977995959661,0.14805446928439134,5.666968842524267e-05
new_csv,New simplified CSV,p,1190,11.9,0.14794498357930871,0.1479977995959661,5.2816016657381004e-05
new_csv,New simplified CSV,p,1191,11.91,0.14783737594867338,0.14794498357930874,0.00010760763063535905
new_csv,New simplified CSV,p,1192,11.92,0.1475381426509521,0.14783737594867336,0.0002992332977212464
new_csv,New simplified CSV,p,1193,11.93,0.14704829352931784,0.14758367141723214,0.0005353778879143012
new_csv,New simplified CSV,p,1194,11.94,0.14644018137038417,0.14722129133514777,0.0007811099647636044
new_csv,New simplified CSV,p,1195,11.950000000000001,0.14621836767012103,0.146610658113738,0.0003922904436169661
new_csv,New simplified CSV,p,1196,11.96,0.14551151321433692,0.14622556223843797,0.0007140490241010489
new_csv,New simplified CSV,p,1197,11.97,0.1445797486618593,0.14600863316193036,0.0014288845000710593
new_csv,New simplified CSV,p,1198,11.98,0.14390995547307758,0.145099176024602,0.001189220551524428
new_csv,New simplified CSV,p,1199,11.99,0.1432018365047823,0.14421716991595382,0.0010153334111715207
new_csv,New simplified CSV,p,1200,12.0,0.14264832058719648,0.1434819182947447,0.000833597707548206
new_csv,New simplified CSV,p,1201,12.01,0.14211382273462503,0.1428195015446939,0.0007056788100688605
new_csv,New simplified CSV,p,1202,12.02,0.1416898840456791,0.14226483850141022,0.0005749544557311359
new_csv,New simplified CSV,p,1203,12.030000000000001,0.1413066117386103,0.14177457626504597,0.0004679645264356602
new_csv,New simplified CSV,p,1204,12.040000000000001,0.141003970718103,0.14137773879081467,0.00037376807271166657
new_csv,New simplified CSV,p,1205,12.05,0.14066468471377933,0.14103790150927012,0.0003732167954907939
new_csv,New simplified CSV,p,1206,12.06,0.14044858015477904,0.14073984138170323,0.00029126122692418877
new_csv,New simplified CSV,p,1207,12.07,0.14014360021849545,0.14045412740414354,0.0003105271856480851
new_csv,New simplified CSV,p,1208,12.08,0.1399988914536222,0.14026404634795553,0.0002651548943333193
new_csv,New simplified CSV,p,1209,12.09,0.1397445916434293,0.1399988914536222,0.0002542998101928984
new_csv,New simplified CSV,p,1210,12.1,0.13946666879258812,0.13976866597275658,0.0003019971801684618
new_csv,New simplified CSV,p,1211,12.11,0.13907179596301258,0.13951575662150079,0.00044396065848820165
new_csv,New simplified CSV,p,1212,12.120000000000001,0.13803736920399928,0.1391690122084366,0.0011316430044373271
new_csv,New simplified CSV,p,1213,12.13,0.13803531658599302,0.1386541186783962,0.0006188020924031701
new_csv,New simplified CSV,p,1214,12.14,0.13757815956227346,0.13806100680861497,0.0004828472463415112
new_csv,New simplified CSV,p,1215,12.15,0.13695257290600585,0.1377581743406799,0.0008056014346740636
new_csv,New simplified CSV,p,1216,12.16,0.13636117474203724,0.13712257418938478,0.0007613994473475438
new_csv,New simplified CSV,p,1217,12.17,0.13603072749428874,0.1365512130798834,0.0005204855855946711
new_csv,New simplified CSV,p,1218,12.18,0.13572386434919317,0.13607232433154393,0.0003484599823507517
new_csv,New simplified CSV,p,1219,12.19,0.1354356306309314,0.13577253259495714,0.0003369019640257487
new_csv,New simplified CSV,p,1220,12.200000000000001,0.13508292933883115,0.13547070490560675,0.00038777556677560554
new_csv,New simplified CSV,p,1221,12.21,0.1348565432161462,0.13516567014599434,0.00030912692984813583
new_csv,New simplified CSV,p,1222,12.22,0.13452616205732792,0.13486370044960067,0.0003375383922727404
new_csv,New simplified CSV,p,1223,12.23,0.13422930102357442,0.13466057167814222,0.0004312706545678002
new_csv,New simplified CSV,p,1224,12.24,0.13400783144838804,0.13424374659105837,0.0002359151426703232
new_csv,New simplified CSV,p,1225,12.25,0.13384709313598117,0.13403974586878592,0.00019265273280474893
new_csv,New simplified CSV,p,1226,12.26,0.1336623268443242,0.1338487381823214,0.000186411337997211
new_csv,New simplified CSV,p,1227,12.27,0.13353667745380401,0.13368165137126928,0.0001449739174652631
new_csv,New simplified CSV,p,1228,12.280000000000001,0.1333302985265414,0.1335371050002478,0.0002068064737063835
new_csv,New simplified CSV,p,1229,12.290000000000001,0.13328086875447634,0.1333503046389266,6.94358844502696e-05
new_csv,New simplified CSV,p,1230,12.3,0.13318768095702826,0.13328086875447634,9.318779744807437e-05
new_csv,New simplified CSV,p,1231,12.31,0.13324290485642037,0.13318768095702826,-5.522389939210948e-05
new_csv,New simplified CSV,p,1232,12.32,0.13330255433898097,0.13324290485642037,-5.9649482560597544e-05
new_csv,New simplified CSV,p,1233,12.33,0.1333480387712702,0.13330255433898097,-4.5484432289216725e-05
new_csv,New simplified CSV,p,1234,12.34,0.13336043211563342,0.1333480387712702,-1.2393344363231806e-05
new_csv,New simplified CSV,p,1235,12.35,0.13332718971198634,0.13336043211563342,3.324240364707687e-05
new_csv,New simplified CSV,p,1236,12.36,0.13321456772636542,0.13332718971198637,0.00011262198562095316
new_csv,New simplified CSV,p,1237,12.370000000000001,0.13302922221783478,0.13321456772636542,0.0001853455085306377
new_csv,New simplified CSV,p,1238,12.38,0.13283075779557937,0.13303296320858424,0.0002022054130048634
new_csv,New simplified CSV,p,1239,12.39,0.13259200729131937,0.13286555701633956,0.0002735497250201946
new_csv,New simplified CSV,p,1240,12.4,0.13244084767119388,0.13261253582215374,0.0001716881509598589
new_csv,New simplified CSV,p,1241,12.41,0.13228016327635173,0.1324433628462164,0.00016319956986468598
new_csv,New simplified CSV,p,1242,12.42,0.13223855106366028,0.13229302526320372,5.447419954343613e-05
new_csv,New simplified CSV,p,1243,12.43,0.13224285958685097,0.1322385510636603,-4.3085231906658805e-06
new_csv,New simplified CSV,p,1244,12.44,0.13227314982723817,0.13224285958685095,-3.0290240387226275e-05
new_csv,New simplified CSV,p,1245,12.450000000000001,0.1322784291869755,0.13227314982723817,-5.279359737320188e-06
new_csv,New simplified CSV,p,1246,12.46,0.1322894002985122,0.1322784291869755,-1.0971111536695055e-05
new_csv,New simplified CSV,p,1247,12.47,0.13224142887302964,0.13228940029851216,4.797142548251809e-05
new_csv,New simplified CSV,p,1248,12.48,0.13211990339670765,0.13224142887302964,0.00012152547632199306
new_csv,New simplified CSV,p,1249,12.49,0.13198449402076087,0.1321199034003644,0.0001354093796035183
new_csv,New simplified CSV,p,1250,12.5,0.13170682672633022,0.13198455457346528,0.00027772784713506193
new_csv,New simplified CSV,p,1251,12.51,0.1313777473795196,0.1317526918744923,0.0003749444949726899
new_csv,New simplified CSV,p,1252,12.52,0.13075441374024066,0.13143589595923402,0.0006814822189933623
new_csv,New simplified CSV,p,1253,12.530000000000001,0.13019804910689875,0.13102568641559614,0.0008276373086973932
new_csv,New simplified CSV,p,1254,12.540000000000001,0.1293973080312272,0.13033955327738958,0.0009422452461623765
new_csv,New simplified CSV,p,1255,12.55,0.1285099717627203,0.1297625618730932,0.0012525901103729031
new_csv,New simplified CSV,p,1256,12.56,0.1279739494792708,0.12889336409249672,0.0009194146132259218
new_csv,New simplified CSV,p,1257,12.57,0.12797233815154607,0.12815591900038886,0.00018358084884279036
new_csv,New simplified CSV,p,1258,12.58,0.1279722734362059,0.12797233815154607,6.471534017005176e-08
new_csv,New simplified CSV,p,1259,12.59,0.12797226693602287,0.1279722734362059,6.500183030722084e-09
new_csv,New simplified CSV,p,1260,12.6,0.1279722668253946,0.1279722669360203,1.1062570304254393e-10
new_csv,New simplified CSV,p,1261,12.61,0.12797226679966972,0.1279722668253946,2.572486668128704e-11
new_csv,New simplified CSV,p,1262,12.620000000000001,0.12797226679982007,0.12797226679966972,-1.5035195310986182e-13
new_csv,New simplified CSV,p,1263,12.63,0.1279722667997124,0.12797226679966972,-4.268807529683727e-14
new_csv,New simplified CSV,p,1264,12.64,0.12797226679971596,0.12797226679966972,-4.624078897563777e-14
new_csv,New simplified CSV,p,1265,12.65,0.12797226679971518,0.12797226679966972,-4.546363285840016e-14
new_csv,New simplified CSV,p,1266,12.66,0.12797226679971502,0.12797226679966972,-4.529709940470639e-14
new_csv,New simplified CSV,p,1267,12.67,0.12797226679971538,0.12797226679966972,-4.565792188770956e-14
new_csv,New simplified CSV,p,1268,12.68,0.12797226679971538,0.12797226679966972,-4.565792188770956e-14
new_csv,New simplified CSV,p,1269,12.69,0.1279722667997154,0.12797226679966972,-4.568567746332519e-14
new_csv,New simplified CSV,p,1270,12.700000000000001,0.12797226679971543,0.12797226679966972,-4.571343303894082e-14
new_csv,New simplified CSV,p,1271,12.71,0.12797226679971566,0.12797226679966972,-4.593547764386585e-14
new_csv,New simplified CSV,p,1272,12.72,0.12797226679971538,0.12797226679966972,-4.565792188770956e-14
new_csv,New simplified CSV,p,1273,12.73,0.12797226679971538,0.12797226679966972,-4.565792188770956e-14
new_csv,New simplified CSV,p,1274,12.74,0.12797226679971532,0.12797226679966972,-4.5602410736478305e-14
