run_id,dataset_id,session_id,trajectory_id,split,seed,scenario_id,method_id,n_samples,n_joints,output_field,chirp_metadata_kind,chirp_start_hz,chirp_end_hz,chirp_duration_s,chirp_observed_truth_duration_s,frequency_band_index,frequency_band_count,frequency_low_hz,frequency_high_hz,frequency_center_hz,window_start_time_s,window_end_time_s,window_duration_s,window_truth_sample_denominator,evaluated_sample_count,evaluated_sample_fraction,evaluated_start_time_s,evaluated_end_time_s,evaluated_time_coverage_fraction,projection_weight_denominator_s,trajectory_sample_count_denominator,truth_aligned_sample_count,future_tail_excluded_sample_count,joint_index,joint_id,reference_projection_magnitude,reference_projection_normalized,gain,phase_rad,phase_delay_s,group_delay_s,local_delay_samples,local_delay_s,local_delay_aligned_rmse,local_delay_overlap_count,local_delay_overlap_denominator,local_delay_overlap_fraction,local_delay_candidate_count,max_local_lag_s,minimum_lag_overlap_fraction
paper-evidence-v3-locked-test::deployed_p_only,synthetic-feasible-v3,synthetic,oscillatory__v3__test__000,test,3028318613495693642,clean,deployed_p_only,375,1,command_p,linear_chirp,0.2606824396084501,1.237962077868985,3.742402242758711,3.74,0,6,0.2606824396084501,0.42356237931853924,0.3421224094634947,0.0,0.6237337071264517,0.6237337071264517,63,62,0.9841269841269841,0.01,0.62,0.9940139404303594,0.3050000000000001,375,374,1,0,joint_0,0.00014059641326534783,0.2122297206178479,1.0738151412865713,-0.09978300639926892,0.04641893739120415,-1.289689650740773,5,0.04999999999999999,0.0047891748574808695,57,62,0.9193548387096774,11,0.05,0.5
paper-evidence-v3-locked-test::deployed_p_only,synthetic-feasible-v3,synthetic,oscillatory__v3__test__000,test,3028318613495693642,clean,deployed_p_only,375,1,command_p,linear_chirp,0.2606824396084501,1.237962077868985,3.742402242758711,3.74,1,6,0.42356237931853924,0.5864423190286284,0.5050023491735838,0.6237337071264517,1.2474674142529036,0.6237337071264519,62,62,1.0,0.63,1.24,0.9940139404303591,0.30500000000000005,375,374,1,0,joint_0,0.0009423230224640148,0.33288764336631155,0.3150228025600545,-0.15369471682708502,0.04843794083368045,1.3950471947133205,5,0.050000000000000044,0.021935127571986984,57,62,0.9193548387096774,11,0.05,0.5
paper-evidence-v3-locked-test::deployed_p_only,synthetic-feasible-v3,synthetic,oscillatory__v3__test__000,test,3028318613495693642,clean,deployed_p_only,375,1,command_p,linear_chirp,0.2606824396084501,1.237962077868985,3.742402242758711,3.74,2,6,0.5864423190286284,0.7493222587387176,0.6678822888836731,1.2474674142529036,1.8712011213793556,0.6237337071264519,63,63,1.0,1.25,1.87,1.0,0.31,375,374,1,0,joint_0,0.0008092458813155768,0.38838307633068847,2.884647622012849,-2.9551791198135584,0.7042129615780292,1.292412852996295,5,0.050000000000000044,0.03944367838831489,58,63,0.9206349206349206,11,0.05,0.5
paper-evidence-v3-locked-test::deployed_p_only,synthetic-feasible-v3,synthetic,oscillatory__v3__test__000,test,3028318613495693642,clean,deployed_p_only,375,1,command_p,linear_chirp,0.2606824396084501,1.237962077868985,3.742402242758711,3.74,3,6,0.7493222587387176,0.9122021984488067,0.8307622285937621,1.8712011213793556,2.494934828505807,0.6237337071264513,62,62,1.0,1.8800000000000001,2.4899999999999998,0.9940139404303595,0.3049999999999999,375,374,1,0,joint_0,0.0007247675283505879,0.36567288254866165,7.232904438550259,-2.7990178652892093,0.5362274712673997,0.04722053089912359,5,0.04999999999999982,0.055558160572244754,57,62,0.9193548387096774,11,0.05,0.5
paper-evidence-v3-locked-test::deployed_p_only,synthetic-feasible-v3,synthetic,oscillatory__v3__test__000,test,3028318613495693642,clean,deployed_p_only,375,1,command_p,linear_chirp,0.2606824396084501,1.237962077868985,3.742402242758711,3.74,4,6,0.9122021984488067,1.075082138158896,0.9936421683038513,2.494934828505807,3.1186685356322594,0.6237337071264526,62,62,1.0,2.5,3.11,0.9940139404303578,0.305,375,374,1,0,joint_0,0.0019141345761439486,0.5261727487912008,2.7186266278492424,-3.0518305599323456,0.4888217656072849,0.46234236084490665,5,0.04999999999999982,0.0879535220708797,57,62,0.9193548387096774,11,0.05,0.5
paper-evidence-v3-locked-test::deployed_p_only,synthetic-feasible-v3,synthetic,oscillatory__v3__test__000,test,3028318613495693642,clean,deployed_p_only,375,1,command_p,linear_chirp,0.2606824396084501,1.237962077868985,3.742402242758711,3.74,5,6,1.075082138158896,1.237962077868985,1.1565221080139405,3.1186685356322594,3.7424022427587107,0.6237337071264513,63,63,1.0,3.1199999999999997,3.7399999999999998,1.0,0.31,375,374,1,0,joint_0,0.003426841462181297,0.6270537407526952,0.4264235015954819,-3.745344688658524,0.5154161054531218,0.8929651360426716,-5,-0.04999999999999982,0.07306469176891153,58,63,0.9206349206349206,11,0.05,0.5
paper-evidence-v3-locked-test::deployed_p_only,synthetic-feasible-v3,synthetic,oscillatory__v3__test__003,test,8307138079948390478,clean,deployed_p_only,391,1,command_p,linear_chirp,0.28229618020039354,1.9761210369123376,3.90188521291582,3.9,0,6,0.28229618020039354,0.5646003229857175,0.42344825159305555,0.0,0.6503142021526366,0.6503142021526366,66,65,0.9848484848484849,0.01,0.65,0.9995168456238592,0.32000000000000006,391,390,1,0,joint_0,0.0002805985199306203,0.21636907457494978,1.7067955372283714,-0.2195402468776353,0.08251519605226709,-0.41678745590561894,5,0.04999999999999999,0.00992605626390426,60,65,0.9230769230769231,11,0.05,0.5
paper-evidence-v3-locked-test::deployed_p_only,synthetic-feasible-v3,synthetic,oscillatory__v3__test__003,test,8307138079948390478,clean,deployed_p_only,391,1,command_p,linear_chirp,0.28229618020039354,1.9761210369123376,3.90188521291582,3.9,1,6,0.5646003229857175,0.8469044657710416,0.7057523943783796,0.6503142021526366,1.3006284043052734,0.6503142021526368,65,65,1.0,0.66,1.3,0.9995168456238589,0.32,391,390,1,0,joint_0,0.0030617169059266413,0.4559265576167148,0.8345635702242068,-0.17358668202567107,0.03914570991096727,0.36497286383676814,5,0.050000000000000044,0.050076398727198386,60,65,0.9230769230769231,11,0.05,0.5
paper-evidence-v3-locked-test::deployed_p_only,synthetic-feasible-v3,synthetic,oscillatory__v3__test__003,test,8307138079948390478,clean,deployed_p_only,391,1,command_p,linear_chirp,0.28229618020039354,1.9761210369123376,3.90188521291582,3.9,2,6,0.8469044657710416,1.1292086085563655,0.9880565371637036,1.3006284043052734,1.9509426064579098,0.6503142021526365,65,65,1.0,1.31,1.95,0.9995168456238592,0.31999999999999995,391,390,1,0,joint_0,0.003805121755294622,0.5339282666897226,0.3429275421665141,-1.5142955270306695,0.2439208783747434,-0.2851278996278926,5,0.050000000000000044,0.11685583778703139,60,65,0.9230769230769231,11,0.05,0.5
paper-evidence-v3-locked-test::deployed_p_only,synthetic-feasible-v3,synthetic,oscillatory__v3__test__003,test,8307138079948390478,clean,deployed_p_only,391,1,command_p,linear_chirp,0.28229618020039354,1.9761210369123376,3.90188521291582,3.9,3,6,1.1292086085563655,1.4115127513416896,1.2703606799490275,1.9509426064579098,2.6012568086105468,0.6503142021526369,65,65,1.0,1.96,2.5999999999999996,0.9995168456238582,0.31999999999999984,391,390,1,0,joint_0,0.0055032966534253585,0.6077595559923703,0.6498173917605168,0.8379155148260591,-0.10497679767867858,0.15433987142624073,-5,-0.04999999999999982,0.09921102345542536,60,65,0.9230769230769231,11,0.05,0.5
paper-evidence-v3-locked-test::deployed_p_only,synthetic-feasible-v3,synthetic,oscillatory__v3__test__003,test,8307138079948390478,clean,deployed_p_only,391,1,command_p,linear_chirp,0.28229618020039354,1.9761210369123376,3.90188521291582,3.9,4,6,1.4115127513416896,1.6938168941270135,1.5526648227343516,2.6012568086105468,3.251571010763183,0.6503142021526362,65,65,1.0,2.61,3.25,0.9995168456238599,0.32000000000000006,391,390,1,0,joint_0,0.004513691001263545,0.5262158804858961,1.9493357126803499,-2.061822160563184,0.21134579970205578,0.10691754028158598,5,0.04999999999999982,0.07353543220609918,60,65,0.9230769230769231,11,0.05,0.5
paper-evidence-v3-locked-test::deployed_p_only,synthetic-feasible-v3,synthetic,oscillatory__v3__test__003,test,8307138079948390478,clean,deployed_p_only,391,1,command_p,linear_chirp,0.28229618020039354,1.9761210369123376,3.90188521291582,3.9,5,6,1.6938168941270135,1.9761210369123376,1.8349689655196757,3.251571010763183,3.90188521291582,0.6503142021526371,65,65,1.0,3.26,3.9,0.9995168456238586,0.32000000000000006,391,390,1,0,joint_0,0.0075830270283844285,0.6786163069740975,0.9394397595112323,0.4586214260401266,-0.03977825692625186,-2.948824510787698,-5,-0.04999999999999982,0.06028794363886977,60,65,0.9230769230769231,11,0.05,0.5
paper-evidence-v3-locked-test::deployed_p_only,synthetic-feasible-v3,synthetic,oscillatory__v3__test__004,test,399051331059600695,clean,deployed_p_only,392,1,command_p,linear_chirp,0.26158962151558107,1.0307092527839867,3.9154229986852602,3.91,0,6,0.26158962151558107,0.389776226726982,0.3256829241212815,0.0,0.6525704997808766,0.6525704997808766,66,65,0.9848484848484849,0.01,0.65,0.9960609623301395,0.32000000000000006,392,391,1,0,joint_0,0.00033833357591218184,0.2256578834206036,0.159557179838003,-0.0539464627866994,0.02636259250616682,-0.4540144425547384,5,0.04999999999999999,0.006614945912477119,60,65,0.9230769230769231,11,0.05,0.5
paper-evidence-v3-locked-test::deployed_p_only,synthetic-feasible-v3,synthetic,oscillatory__v3__test__004,test,399051331059600695,clean,deployed_p_only,392,1,command_p,linear_chirp,0.26158962151558107,1.0307092527839867,3.9154229986852602,3.91,1,6,0.389776226726982,0.5179628319383829,0.45386952933268243,0.6525704997808766,1.3051409995617531,0.6525704997808766,65,65,1.0,0.66,1.3,0.9960609623301395,0.32,392,391,1,0,joint_0,0.0010688581275665457,0.3139597771500332,1.4804557339155562,-0.041377828820692984,0.014509645538236771,0.4228043138473951,5,0.050000000000000044,0.013800904469366613,60,65,0.9230769230769231,11,0.05,0.5
paper-evidence-v3-locked-test::deployed_p_only,synthetic-feasible-v3,synthetic,oscillatory__v3__test__004,test,399051331059600695,clean,deployed_p_only,392,1,command_p,linear_chirp,0.26158962151558107,1.0307092527839867,3.9154229986852602,3.91,2,6,0.5179628319383829,0.6461494371497839,0.5820561345440833,1.3051409995617531,1.9577114993426301,0.652570499780877,65,65,1.0,1.31,1.95,0.9960609623301387,0.31999999999999995,392,391,1,0,joint_0,0.0017251141571955903,0.39075169521746445,0.16921661339041333,-0.735016728126051,0.20097983440741984,1.8004428763584146,5,0.050000000000000044,0.05416207864101042,60,65,0.9230769230769231,11,0.05,0.5
paper-evidence-v3-locked-test::deployed_p_only,synthetic-feasible-v3,synthetic,oscillatory__v3__test__004,test,399051331059600695,clean,deployed_p_only,392,1,command_p,linear_chirp,0.26158962151558107,1.0307092527839867,3.9154229986852602,3.91,3,6,0.6461494371497839,0.7743360423611848,0.7102427397554844,1.9577114993426301,2.6102819991235067,0.6525704997808766,66,66,1.0,1.96,2.61,1.0,0.325,392,391,1,0,joint_0,0.0016266859502520933,0.43279006553186433,3.3432935070731085,-2.9416039319355263,0.6591701402639775,1.38666372188254,5,0.04999999999999982,0.08061390639899069,61,66,0.9242424242424242,11,0.05,0.5
paper-evidence-v3-locked-test::deployed_p_only,synthetic-feasible-v3,synthetic,oscillatory__v3__test__004,test,399051331059600695,clean,deployed_p_only,392,1,command_p,linear_chirp,0.26158962151558107,1.0307092527839867,3.9154229986852602,3.91,4,6,0.7743360423611848,0.9025226475725857,0.8384293449668853,2.6102819991235067,3.2628524989043832,0.6525704997808766,65,65,1.0,2.6199999999999997,3.26,0.9960609623301397,0.32000000000000006,392,391,1,0,joint_0,0.002149822301925269,0.4820975861388561,4.9159125970208475,-2.968710657133284,0.5635358286642655,0.11774787529237685,5,0.04999999999999982,0.1031401368242366,60,65,0.9230769230769231,11,0.05,0.5
paper-evidence-v3-locked-test::deployed_p_only,synthetic-feasible-v3,synthetic,oscillatory__v3__test__004,test,399051331059600695,clean,deployed_p_only,392,1,command_p,linear_chirp,0.26158962151558107,1.0307092527839867,3.9154229986852602,3.91,5,6,0.9025226475725857,1.0307092527839867,0.9666159501782863,3.2628524989043832,3.9154229986852602,0.652570499780877,65,65,1.0,3.27,3.9099999999999997,0.9960609623301384,0.31999999999999984,392,391,1,0,joint_0,0.003928035226999296,0.5729783547020808,2.863758293123006,-3.1312769651616468,0.5155700225134353,0.2859328596837054,5,0.04999999999999982,0.13314599348875522,60,65,0.9230769230769231,11,0.05,0.5
paper-evidence-v3-locked-test::deployed_p_only,synthetic-feasible-v3,synthetic,oscillatory__v3__test__008,test,8475040092451367165,clean,deployed_p_only,262,1,command_p,linear_chirp,0.34672951640188643,1.1802521571669644,2.6125520475115667,2.61,0,6,0.34672951640188643,0.48564995652939946,0.41618973646564295,0.0,0.4354253412519279,0.4354253412519279,44,43,0.9772727272727273,0.01,0.43,0.9875401343515537,0.21000000000000002,262,261,1,0,joint_0,0.0002004134844811899,0.1947088114782252,0.3408707361397488,-0.05140529308706929,0.019657876634279037,6.930726185817718,5,0.04999999999999999,0.011396625288181954,38,43,0.8837209302325582,11,0.05,0.5
paper-evidence-v3-locked-test::deployed_p_only,synthetic-feasible-v3,synthetic,oscillatory__v3__test__008,test,8475040092451367165,clean,deployed_p_only,262,1,command_p,linear_chirp,0.34672951640188643,1.1802521571669644,2.6125520475115667,2.61,1,6,0.48564995652939946,0.6245703966569125,0.555110176593156,0.4354253412519279,0.8708506825038558,0.4354253412519279,44,44,1.0,0.44,0.87,1.0,0.21499999999999997,262,261,1,0,joint_0,0.000245389949946952,0.2532861140597621,1.4459922084079866,-3.082877037138458,0.8838878119949991,0.015317354878411717,5,0.050000000000000044,0.015664054857012,39,44,0.8863636363636364,11,0.05,0.5
paper-evidence-v3-locked-test::deployed_p_only,synthetic-feasible-v3,synthetic,oscillatory__v3__test__008,test,8475040092451367165,clean,deployed_p_only,262,1,command_p,linear_chirp,0.34672951640188643,1.1802521571669644,2.6125520475115667,2.61,2,6,0.6245703966569125,0.7634908367844254,0.6940306167206689,0.8708506825038558,1.3062760237557833,0.43542534125192756,43,43,1.0,0.88,1.3,0.9875401343515546,0.21000000000000002,262,261,1,0,joint_0,0.0005733628626495425,0.3138500392325829,1.0801986813298379,-0.07814519371421635,0.01792023803972458,-0.0018649093413358742,5,0.050000000000000044,0.04661060818312027,38,43,0.8837209302325582,11,0.05,0.5
paper-evidence-v3-locked-test::deployed_p_only,synthetic-feasible-v3,synthetic,oscillatory__v3__test__008,test,8475040092451367165,clean,deployed_p_only,262,1,command_p,linear_chirp,0.34672951640188643,1.1802521571669644,2.6125520475115667,2.61,3,6,0.7634908367844254,0.9024112769119385,0.8329510568481819,1.3062760237557833,1.741701365007711,0.4354253412519278,44,44,1.0,1.31,1.74,1.0,0.21499999999999994,262,261,1,0,joint_0,0.0009699603120345592,0.3790188430774843,1.4642071420878253,-3.0796214169049514,0.5884342991372477,1.6928133685809033,5,0.050000000000000044,0.061013771461384786,39,44,0.8863636363636364,11,0.05,0.5
paper-evidence-v3-locked-test::deployed_p_only,synthetic-feasible-v3,synthetic,oscillatory__v3__test__008,test,8475040092451367165,clean,deployed_p_only,262,1,command_p,linear_chirp,0.34672951640188643,1.1802521571669644,2.6125520475115667,2.61,4,6,0.9024112769119385,1.0413317170394514,0.971871496975695,1.741701365007711,2.1771267062596387,0.43542534125192756,43,43,1.0,1.75,2.17,0.9875401343515543,0.20999999999999996,262,261,1,0,joint_0,0.0006071366795625948,0.3803042189259734,3.424930909484631,-3.033333058425562,0.4967425753248102,1.4248841091100122,5,0.050000000000000044,0.07754813768319929,38,43,0.8837209302325582,11,0.05,0.5
paper-evidence-v3-locked-test::deployed_p_only,synthetic-feasible-v3,synthetic,oscillatory__v3__test__008,test,8475040092451367165,clean,deployed_p_only,262,1,command_p,linear_chirp,0.34672951640188643,1.1802521571669644,2.6125520475115667,2.61,5,6,1.0413317170394514,1.1802521571669644,1.1107919371032078,2.1771267062596387,2.6125520475115667,0.435425341251928,44,44,1.0,2.1799999999999997,2.61,1.0,0.21500000000000008,262,261,1,0,joint_0,0.0003669431111406947,0.2796747964059743,2.6088727297315226,-5.5670782777825805,0.7976543553235111,4.38071333682356,-5,-0.04999999999999982,0.10154120228017993,39,44,0.8863636363636364,11,0.05,0.5
paper-evidence-v3-locked-test::deployed_p_only,synthetic-feasible-v3,synthetic,oscillatory__v3__test__009,test,7163919590177205794,clean,deployed_p_only,392,1,command_p,linear_chirp,0.16412072016643378,1.1051599812148352,3.912233169450274,3.91,0,6,0.16412072016643378,0.320960597007834,0.24254065858713392,0.0,0.6520388615750456,0.6520388615750456,66,65,0.9848484848484849,0.01,0.65,0.9968730980694608,0.32000000000000006,392,391,1,0,joint_0,1.1014964544490822e-05,0.018479188904782187,12.714748937332216,-1.5778178288905802,1.0353625170694545,-3.664554372389668,5,0.04999999999999999,0.005369142189255963,60,65,0.9230769230769231,11,0.05,0.5
paper-evidence-v3-locked-test::deployed_p_only,synthetic-feasible-v3,synthetic,oscillatory__v3__test__009,test,7163919590177205794,clean,deployed_p_only,392,1,command_p,linear_chirp,0.16412072016643378,1.1051599812148352,3.912233169450274,3.91,1,6,0.320960597007834,0.4778004738492343,0.39938053542853413,0.6520388615750456,1.3040777231500915,0.6520388615750459,65,65,1.0,0.66,1.3,0.9968730980694605,0.32,392,391,1,0,joint_0,0.0024665419842833667,0.280905109946025,0.6200511617862131,-0.04339080474425616,0.01729143122203906,0.5504018924865309,5,0.050000000000000044,0.04451606618580914,60,65,0.9230769230769231,11,0.05,0.5
paper-evidence-v3-locked-test::deployed_p_only,synthetic-feasible-v3,synthetic,oscillatory__v3__test__009,test,7163919590177205794,clean,deployed_p_only,392,1,command_p,linear_chirp,0.16412072016643378,1.1051599812148352,3.912233169450274,3.91,2,6,0.4778004738492343,0.6346403506906345,0.5562204122699344,1.3040777231500915,1.9561165847251372,0.6520388615750456,65,65,1.0,1.31,1.95,0.9968730980694606,0.31999999999999995,392,391,1,0,joint_0,0.000630502270925182,0.1909141571876037,9.01109249816045,-2.6626093327399762,0.7618696248467156,0.10089626434641152,5,0.050000000000000044,0.09103602571142774,60,65,0.9230769230769231,11,0.05,0.5
paper-evidence-v3-locked-test::deployed_p_only,synthetic-feasible-v3,synthetic,oscillatory__v3__test__009,test,7163919590177205794,clean,deployed_p_only,392,1,command_p,linear_chirp,0.16412072016643378,1.1051599812148352,3.912233169450274,3.91,3,6,0.6346403506906345,0.7914802275320347,0.7130602891113347,1.9561165847251372,2.6081554463001826,0.6520388615750454,65,65,1.0,1.96,2.5999999999999996,0.9968730980694606,0.31999999999999984,392,391,1,0,joint_0,0.0029728419939586293,0.39312061663959297,5.0019851800451365,-0.242248061282134,0.05406972873994975,-1.044562708474989,5,0.04999999999999982,0.13904026281944692,60,65,0.9230769230769231,11,0.05,0.5
paper-evidence-v3-locked-test::deployed_p_only,synthetic-feasible-v3,synthetic,oscillatory__v3__test__009,test,7163919590177205794,clean,deployed_p_only,392,1,command_p,linear_chirp,0.16412072016643378,1.1051599812148352,3.912233169450274,3.91,4,6,0.7914802275320347,0.948320104373435,0.8699001659527348,2.6081554463001826,3.2601943078752282,0.6520388615750456,66,66,1.0,2.61,3.26,1.0,0.325,392,391,1,0,joint_0,0.0033329469072301663,0.38569135785455516,4.584012348932168,-0.6038723137365128,0.1104830962093734,1.6646394717140396,5,0.04999999999999982,0.2909852014979557,61,66,0.9242424242424242,11,0.05,0.5
paper-evidence-v3-locked-test::deployed_p_only,synthetic-feasible-v3,synthetic,oscillatory__v3__test__009,test,7163919590177205794,clean,deployed_p_only,392,1,command_p,linear_chirp,0.16412072016643378,1.1051599812148352,3.912233169450274,3.91,5,6,0.948320104373435,1.1051599812148352,1.026740042794135,3.2601943078752282,3.912233169450274,0.6520388615750456,65,65,1.0,3.27,3.9099999999999997,0.9968730980694602,0.31999999999999984,392,391,1,0,joint_0,0.005503526652561406,0.47482759800611984,1.031209856642007,-3.5230993456587254,0.5461155233991728,4.259994256578471,0,0.0,0.3549703035606971,65,65,1.0,11,0.05,0.5
paper-evidence-v3-locked-test::deployed_p_only,synthetic-feasible-v3,synthetic,oscillatory__v3__test__014,test,2538550119372057008,clean,deployed_p_only,356,1,command_p,linear_chirp,0.18010742364176516,1.1952329035694962,3.5566745513624474,3.5500000000000003,0,6,0.18010742364176516,0.3492950036297203,0.2647012136357427,0.0,0.5927790918937412,0.5927790918937412,60,59,0.9833333333333333,0.01,0.59,0.9953117579014756,0.29,356,355,1,0,joint_0,0.0009222668787234665,0.1730509189117292,0.48171661895578766,-0.036198590446859885,0.021764859040294463,5.479400952134054,5,0.04999999999999999,0.031128291346066653,54,59,0.9152542372881356,11,0.05,0.5
paper-evidence-v3-locked-test::deployed_p_only,synthetic-feasible-v3,synthetic,oscillatory__v3__test__014,test,2538550119372057008,clean,deployed_p_only,356,1,command_p,linear_chirp,0.18010742364176516,1.1952329035694962,3.5566745513624474,3.5500000000000003,1,6,0.3492950036297203,0.5184825836176755,0.4338887936236979,0.5927790918937412,1.1855581837874827,0.5927790918937414,59,59,1.0,0.6,1.18,0.9953117579014753,0.29,356,355,1,0,joint_0,0.0004663776417337323,0.20289335310522658,4.9623023153388015,-2.9575402919114864,1.0848566816394756,0.01681776890544261,5,0.050000000000000044,0.05789652551694654,54,59,0.9152542372881356,11,0.05,0.5
paper-evidence-v3-locked-test::deployed_p_only,synthetic-feasible-v3,synthetic,oscillatory__v3__test__014,test,2538550119372057008,clean,deployed_p_only,356,1,command_p,linear_chirp,0.18010742364176516,1.1952329035694962,3.5566745513624474,3.5500000000000003,2,6,0.5184825836176755,0.6876701636056306,0.6030763736116531,1.1855581837874827,1.7783372756812237,0.592779091893741,59,59,1.0,1.19,1.77,0.9953117579014762,0.29000000000000004,356,355,1,0,joint_0,0.004103728745725457,0.36956036659110064,1.6753718468335381,-0.07195440885415397,0.018989136944317135,-0.1701886585938206,5,0.050000000000000044,0.11573480070334011,54,59,0.9152542372881356,11,0.05,0.5
paper-evidence-v3-locked-test::deployed_p_only,synthetic-feasible-v3,synthetic,oscillatory__v3__test__014,test,2538550119372057008,clean,deployed_p_only,356,1,command_p,linear_chirp,0.18010742364176516,1.1952329035694962,3.5566745513624474,3.5500000000000003,3,6,0.6876701636056306,0.8568577435935858,0.7722639535996082,1.7783372756812237,2.371116367574965,0.5927790918937412,60,60,1.0,1.78,2.3699999999999997,1.0,0.29499999999999976,356,355,1,0,joint_0,0.007515953882492891,0.4654898879838397,0.3131873159175262,-2.5957066381209213,0.5349460380065573,1.412800726039943,5,0.04999999999999982,0.28519386384445483,55,60,0.9166666666666666,11,0.05,0.5
paper-evidence-v3-locked-test::deployed_p_only,synthetic-feasible-v3,synthetic,oscillatory__v3__test__014,test,2538550119372057008,clean,deployed_p_only,356,1,command_p,linear_chirp,0.18010742364176516,1.1952329035694962,3.5566745513624474,3.5500000000000003,4,6,0.8568577435935858,1.026045323581541,0.9414515335875634,2.371116367574965,2.963895459468706,0.5927790918937412,59,59,1.0,2.38,2.96,0.9953117579014759,0.29000000000000004,356,355,1,0,joint_0,0.009708698417315621,0.5334042300835387,2.090520706630115,-3.075673064402414,0.519950899297901,0.32824365114031817,-5,-0.04999999999999982,0.3456973859571437,54,59,0.9152542372881356,11,0.05,0.5
paper-evidence-v3-locked-test::deployed_p_only,synthetic-feasible-v3,synthetic,oscillatory__v3__test__014,test,2538550119372057008,clean,deployed_p_only,356,1,command_p,linear_chirp,0.18010742364176516,1.1952329035694962,3.5566745513624474,3.5500000000000003,5,6,1.026045323581541,1.1952329035694962,1.1106391135755187,2.963895459468706,3.5566745513624474,0.5927790918937412,59,59,1.0,2.9699999999999998,3.55,0.9953117579014759,0.2900000000000001,356,355,1,0,joint_0,0.009490675554489583,0.565853138766414,2.855078894011139,-3.2935768758147077,0.4719706282912479,0.08172106030362603,-5,-0.04999999999999982,0.284518378000794,54,59,0.9152542372881356,11,0.05,0.5
paper-evidence-v3-locked-test::jerk_qp_pva_direct,synthetic-feasible-v3,synthetic,oscillatory__v3__test__000,test,3028318613495693642,clean,jerk_qp_pva_direct,375,1,command_p,linear_chirp,0.2606824396084501,1.237962077868985,3.742402242758711,3.74,0,6,0.2606824396084501,0.42356237931853924,0.3421224094634947,0.0,0.6237337071264517,0.6237337071264517,63,62,0.9841269841269841,0.01,0.62,0.9940139404303594,0.3050000000000001,375,374,1,0,joint_0,0.00014059641326534783,0.2122297206178479,0.4913492664191493,0.001248276222437735,-0.0005806966326952701,-0.002277086699706372,5,0.04999999999999999,0.005873004349550262,57,62,0.9193548387096774,11,0.05,0.5
paper-evidence-v3-locked-test::jerk_qp_pva_direct,synthetic-feasible-v3,synthetic,oscillatory__v3__test__000,test,3028318613495693642,clean,jerk_qp_pva_direct,375,1,command_p,linear_chirp,0.2606824396084501,1.237962077868985,3.742402242758711,3.74,1,6,0.42356237931853924,0.5864423190286284,0.5050023491735838,0.6237337071264517,1.2474674142529036,0.6237337071264519,62,62,1.0,0.63,1.24,0.9940139404303591,0.30500000000000005,375,374,1,0,joint_0,0.0009423230224640148,0.33288764336631155,0.9790501019596229,-0.001825904265594987,0.0005754462131860915,0.008284837212113478,-5,-0.050000000000000044,0.0031850816806803014,57,62,0.9193548387096774,11,0.05,0.5
paper-evidence-v3-locked-test::jerk_qp_pva_direct,synthetic-feasible-v3,synthetic,oscillatory__v3__test__000,test,3028318613495693642,clean,jerk_qp_pva_direct,375,1,command_p,linear_chirp,0.2606824396084501,1.237962077868985,3.742402242758711,3.74,2,6,0.5864423190286284,0.7493222587387176,0.6678822888836731,1.2474674142529036,1.8712011213793556,0.6237337071264519,63,63,1.0,1.25,1.87,1.0,0.31,375,374,1,0,joint_0,0.0008092458813155768,0.38838307633068847,0.9376881432550548,-0.015709208847162544,0.0037434713896483036,0.07169756796336414,5,0.050000000000000044,0.006186366279195452,58,63,0.9206349206349206,11,0.05,0.5
paper-evidence-v3-locked-test::jerk_qp_pva_direct,synthetic-feasible-v3,synthetic,oscillatory__v3__test__000,test,3028318613495693642,clean,jerk_qp_pva_direct,375,1,command_p,linear_chirp,0.2606824396084501,1.237962077868985,3.742402242758711,3.74,3,6,0.7493222587387176,0.9122021984488067,0.8307622285937621,1.8712011213793556,2.494934828505807,0.6237337071264513,62,62,1.0,1.8800000000000001,2.4899999999999998,0.9940139404303595,0.3049999999999999,375,374,1,0,joint_0,0.0007247675283505879,0.36567288254866165,0.7546122455074834,-0.14857718098201936,0.028463971964607298,0.012576434018309674,1,0.010000000000000009,0.004911895471134498,61,62,0.9838709677419355,11,0.05,0.5
paper-evidence-v3-locked-test::jerk_qp_pva_direct,synthetic-feasible-v3,synthetic,oscillatory__v3__test__000,test,3028318613495693642,clean,jerk_qp_pva_direct,375,1,command_p,linear_chirp,0.2606824396084501,1.237962077868985,3.742402242758711,3.74,4,6,0.9122021984488067,1.075082138158896,0.9936421683038513,2.494934828505807,3.1186685356322594,0.6237337071264526,62,62,1.0,2.5,3.11,0.9940139404303578,0.305,375,374,1,0,joint_0,0.0019141345761439486,0.5261727487912008,0.9204315456961556,-0.04145077583685273,0.0066393074688954265,-0.05636151689636347,3,0.029999999999999805,0.004558582604639608,59,62,0.9516129032258065,11,0.05,0.5
paper-evidence-v3-locked-test::jerk_qp_pva_direct,synthetic-feasible-v3,synthetic,oscillatory__v3__test__000,test,3028318613495693642,clean,jerk_qp_pva_direct,375,1,command_p,linear_chirp,0.2606824396084501,1.237962077868985,3.742402242758711,3.74,5,6,1.075082138158896,1.237962077868985,1.1565221080139405,3.1186685356322594,3.7424022427587107,0.6237337071264513,63,63,1.0,3.1199999999999997,3.7399999999999998,1.0,0.31,375,374,1,0,joint_0,0.003426841462181297,0.6270537407526952,1.043667982863615,-0.03321588216583027,0.004571008024159704,0.04026838675508057,0,0.0,0.00333370199621133,63,63,1.0,11,0.05,0.5
paper-evidence-v3-locked-test::jerk_qp_pva_direct,synthetic-feasible-v3,synthetic,oscillatory__v3__test__003,test,8307138079948390478,clean,jerk_qp_pva_direct,391,1,command_p,linear_chirp,0.28229618020039354,1.9761210369123376,3.90188521291582,3.9,0,6,0.28229618020039354,0.5646003229857175,0.42344825159305555,0.0,0.6503142021526366,0.6503142021526366,66,65,0.9848484848484849,0.01,0.65,0.9995168456238592,0.32000000000000006,391,390,1,0,joint_0,0.0002805985199306203,0.21636907457494978,0.3893993588952712,0.11803064323691187,-0.04436235180284443,0.09586242213643141,-2,-0.020000000000000018,0.01233926245433903,63,65,0.9692307692307692,11,0.05,0.5
paper-evidence-v3-locked-test::jerk_qp_pva_direct,synthetic-feasible-v3,synthetic,oscillatory__v3__test__003,test,8307138079948390478,clean,jerk_qp_pva_direct,391,1,command_p,linear_chirp,0.28229618020039354,1.9761210369123376,3.90188521291582,3.9,1,6,0.5646003229857175,0.8469044657710416,0.7057523943783796,0.6503142021526366,1.3006284043052734,0.6503142021526368,65,65,1.0,0.66,1.3,0.9995168456238589,0.32,391,390,1,0,joint_0,0.0030617169059266413,0.4559265576167148,1.0350981495052018,-0.008496834309655093,0.0019161297811897977,0.04680267154445241,-5,-0.050000000000000044,0.009386731574517776,60,65,0.9230769230769231,11,0.05,0.5
paper-evidence-v3-locked-test::jerk_qp_pva_direct,synthetic-feasible-v3,synthetic,oscillatory__v3__test__003,test,8307138079948390478,clean,jerk_qp_pva_direct,391,1,command_p,linear_chirp,0.28229618020039354,1.9761210369123376,3.90188521291582,3.9,2,6,0.8469044657710416,1.1292086085563655,0.9880565371637036,1.3006284043052734,1.9509426064579098,0.6503142021526365,65,65,1.0,1.31,1.95,0.9995168456238592,0.31999999999999995,391,390,1,0,joint_0,0.003805121755294622,0.5339282666897226,1.1606779637072524,-0.04800363523084302,0.007732367072131529,0.022493063999869736,5,0.050000000000000044,0.010961570480009841,60,65,0.9230769230769231,11,0.05,0.5
paper-evidence-v3-locked-test::jerk_qp_pva_direct,synthetic-feasible-v3,synthetic,oscillatory__v3__test__003,test,8307138079948390478,clean,jerk_qp_pva_direct,391,1,command_p,linear_chirp,0.28229618020039354,1.9761210369123376,3.90188521291582,3.9,3,6,1.1292086085563655,1.4115127513416896,1.2703606799490275,1.9509426064579098,2.6012568086105468,0.6503142021526369,65,65,1.0,1.96,2.5999999999999996,0.9995168456238582,0.31999999999999984,391,390,1,0,joint_0,0.0055032966534253585,0.6077595559923703,0.9177296072875711,-0.08829184447697691,0.011061491200889157,0.07651640350199686,2,0.020000000000000018,0.011416009002867766,63,65,0.9692307692307692,11,0.05,0.5
paper-evidence-v3-locked-test::jerk_qp_pva_direct,synthetic-feasible-v3,synthetic,oscillatory__v3__test__003,test,8307138079948390478,clean,jerk_qp_pva_direct,391,1,command_p,linear_chirp,0.28229618020039354,1.9761210369123376,3.90188521291582,3.9,4,6,1.4115127513416896,1.6938168941270135,1.5526648227343516,2.6012568086105468,3.251571010763183,0.6503142021526362,65,65,1.0,2.61,3.25,0.9995168456238599,0.32000000000000006,391,390,1,0,joint_0,0.004513691001263545,0.5262158804858961,0.9522034059264529,-0.31944852132746815,0.03274487222755992,0.03123482519647643,2,0.020000000000000018,0.00915043053148426,63,65,0.9692307692307692,11,0.05,0.5
paper-evidence-v3-locked-test::jerk_qp_pva_direct,synthetic-feasible-v3,synthetic,oscillatory__v3__test__003,test,8307138079948390478,clean,jerk_qp_pva_direct,391,1,command_p,linear_chirp,0.28229618020039354,1.9761210369123376,3.90188521291582,3.9,5,6,1.6938168941270135,1.9761210369123376,1.8349689655196757,3.251571010763183,3.90188521291582,0.6503142021526371,65,65,1.0,3.26,3.9,0.9995168456238586,0.32000000000000006,391,390,1,0,joint_0,0.0075830270283844285,0.6786163069740975,0.9609835746305598,-0.19909858890902918,0.017268697827006074,-0.16693447491600485,2,0.020000000000000018,0.00732826351142327,63,65,0.9692307692307692,11,0.05,0.5
paper-evidence-v3-locked-test::jerk_qp_pva_direct,synthetic-feasible-v3,synthetic,oscillatory__v3__test__004,test,399051331059600695,clean,jerk_qp_pva_direct,392,1,command_p,linear_chirp,0.26158962151558107,1.0307092527839867,3.9154229986852602,3.91,0,6,0.26158962151558107,0.389776226726982,0.3256829241212815,0.0,0.6525704997808766,0.6525704997808766,66,65,0.9848484848484849,0.01,0.65,0.9960609623301395,0.32000000000000006,392,391,1,0,joint_0,0.00033833357591218184,0.2256578834206036,0.9896538001623564,0.0014637240936991435,-0.000715293641702171,0.005649778018042427,-1,-0.010000000000000009,0.0003424631877039972,64,65,0.9846153846153847,11,0.05,0.5
paper-evidence-v3-locked-test::jerk_qp_pva_direct,synthetic-feasible-v3,synthetic,oscillatory__v3__test__004,test,399051331059600695,clean,jerk_qp_pva_direct,392,1,command_p,linear_chirp,0.26158962151558107,1.0307092527839867,3.9154229986852602,3.91,1,6,0.389776226726982,0.5179628319383829,0.45386952933268243,0.6525704997808766,1.3051409995617531,0.6525704997808766,65,65,1.0,0.66,1.3,0.9960609623301395,0.32,392,391,1,0,joint_0,0.0010688581275665457,0.3139597771500332,1.0265269428678712,-0.0022476858705130737,0.0007881787467335183,0.0035663056854107456,0,0.0,0.000754488155549951,65,65,1.0,11,0.05,0.5
paper-evidence-v3-locked-test::jerk_qp_pva_direct,synthetic-feasible-v3,synthetic,oscillatory__v3__test__004,test,399051331059600695,clean,jerk_qp_pva_direct,392,1,command_p,linear_chirp,0.26158962151558107,1.0307092527839867,3.9154229986852602,3.91,2,6,0.5179628319383829,0.6461494371497839,0.5820561345440833,1.3051409995617531,1.9577114993426301,0.652570499780877,65,65,1.0,1.31,1.95,0.9960609623301387,0.31999999999999995,392,391,1,0,joint_0,0.0017251141571955903,0.39075169521746445,0.9866778957365276,-0.004281025143463587,0.0011705852282041657,0.012766065909781982,2,0.020000000000000018,0.001047528686371684,63,65,0.9692307692307692,11,0.05,0.5
paper-evidence-v3-locked-test::jerk_qp_pva_direct,synthetic-feasible-v3,synthetic,oscillatory__v3__test__004,test,399051331059600695,clean,jerk_qp_pva_direct,392,1,command_p,linear_chirp,0.26158962151558107,1.0307092527839867,3.9154229986852602,3.91,3,6,0.6461494371497839,0.7743360423611848,0.7102427397554844,1.9577114993426301,2.6102819991235067,0.6525704997808766,66,66,1.0,1.96,2.61,1.0,0.325,392,391,1,0,joint_0,0.0016266859502520933,0.43279006553186433,0.9157418909913039,-0.02281178044513242,0.005111784204678773,0.01783591287379314,1,0.010000000000000009,0.00041763131040321286,65,66,0.9848484848484849,11,0.05,0.5
paper-evidence-v3-locked-test::jerk_qp_pva_direct,synthetic-feasible-v3,synthetic,oscillatory__v3__test__004,test,399051331059600695,clean,jerk_qp_pva_direct,392,1,command_p,linear_chirp,0.26158962151558107,1.0307092527839867,3.9154229986852602,3.91,4,6,0.7743360423611848,0.9025226475725857,0.8384293449668853,2.6102819991235067,3.2628524989043832,0.6525704997808766,65,65,1.0,2.6199999999999997,3.26,0.9960609623301397,0.32000000000000006,392,391,1,0,joint_0,0.002149822301925269,0.4820975861388561,0.91380196290761,-0.03301183397316801,0.006266475033225566,-0.00022516684220646836,2,0.020000000000000018,0.0013977011157777514,63,65,0.9692307692307692,11,0.05,0.5
paper-evidence-v3-locked-test::jerk_qp_pva_direct,synthetic-feasible-v3,synthetic,oscillatory__v3__test__004,test,399051331059600695,clean,jerk_qp_pva_direct,392,1,command_p,linear_chirp,0.26158962151558107,1.0307092527839867,3.9154229986852602,3.91,5,6,0.9025226475725857,1.0307092527839867,0.9666159501782863,3.2628524989043832,3.9154229986852602,0.652570499780877,65,65,1.0,3.27,3.9099999999999997,0.9960609623301384,0.31999999999999984,392,391,1,0,joint_0,0.003928035226999296,0.5729783547020808,0.9816632019406356,-0.022449072601468993,0.003696277587488215,-0.02600402742085385,1,0.009999999999999787,0.0009631417968422256,64,65,0.9846153846153847,11,0.05,0.5
paper-evidence-v3-locked-test::jerk_qp_pva_direct,synthetic-feasible-v3,synthetic,oscillatory__v3__test__008,test,8475040092451367165,clean,jerk_qp_pva_direct,262,1,command_p,linear_chirp,0.34672951640188643,1.1802521571669644,2.6125520475115667,2.61,0,6,0.34672951640188643,0.48564995652939946,0.41618973646564295,0.0,0.4354253412519279,0.4354253412519279,44,43,0.9772727272727273,0.01,0.43,0.9875401343515537,0.21000000000000002,262,261,1,0,joint_0,0.0002004134844811899,0.1947088114782252,0.5401414327184861,-0.015569591787228434,0.005953961084922004,-0.0278772817890016,5,0.04999999999999999,0.008516249937820476,38,43,0.8837209302325582,11,0.05,0.5
paper-evidence-v3-locked-test::jerk_qp_pva_direct,synthetic-feasible-v3,synthetic,oscillatory__v3__test__008,test,8475040092451367165,clean,jerk_qp_pva_direct,262,1,command_p,linear_chirp,0.34672951640188643,1.1802521571669644,2.6125520475115667,2.61,1,6,0.48564995652939946,0.6245703966569125,0.555110176593156,0.4354253412519279,0.8708506825038558,0.4354253412519279,44,44,1.0,0.44,0.87,1.0,0.21499999999999997,262,261,1,0,joint_0,0.000245389949946952,0.2532861140597621,0.9427809888836829,-0.0003525819903749777,0.00010108834062050345,-0.006989615062520528,-5,-0.050000000000000044,0.011853977206454229,39,44,0.8863636363636364,11,0.05,0.5
paper-evidence-v3-locked-test::jerk_qp_pva_direct,synthetic-feasible-v3,synthetic,oscillatory__v3__test__008,test,8475040092451367165,clean,jerk_qp_pva_direct,262,1,command_p,linear_chirp,0.34672951640188643,1.1802521571669644,2.6125520475115667,2.61,2,6,0.6245703966569125,0.7634908367844254,0.6940306167206689,0.8708506825038558,1.3062760237557833,0.43542534125192756,43,43,1.0,0.88,1.3,0.9875401343515546,0.21000000000000002,262,261,1,0,joint_0,0.0005733628626495425,0.3138500392325829,1.0314092742315142,-0.00336764088399328,0.000772266641172703,0.002757346049414556,-5,-0.050000000000000044,0.008720821255561397,38,43,0.8837209302325582,11,0.05,0.5
paper-evidence-v3-locked-test::jerk_qp_pva_direct,synthetic-feasible-v3,synthetic,oscillatory__v3__test__008,test,8475040092451367165,clean,jerk_qp_pva_direct,262,1,command_p,linear_chirp,0.34672951640188643,1.1802521571669644,2.6125520475115667,2.61,3,6,0.7634908367844254,0.9024112769119385,0.8329510568481819,1.3062760237557833,1.741701365007711,0.4354253412519278,44,44,1.0,1.31,1.74,1.0,0.21499999999999994,262,261,1,0,joint_0,0.0009699603120345592,0.3790188430774843,1.0047802192928228,-0.005166151953418564,0.0009871151652794858,0.029057233528582388,5,0.050000000000000044,0.009158632233813755,39,44,0.8863636363636364,11,0.05,0.5
paper-evidence-v3-locked-test::jerk_qp_pva_direct,synthetic-feasible-v3,synthetic,oscillatory__v3__test__008,test,8475040092451367165,clean,jerk_qp_pva_direct,262,1,command_p,linear_chirp,0.34672951640188643,1.1802521571669644,2.6125520475115667,2.61,4,6,0.9024112769119385,1.0413317170394514,0.971871496975695,1.741701365007711,2.1771267062596387,0.43542534125192756,43,43,1.0,1.75,2.17,0.9875401343515543,0.20999999999999996,262,261,1,0,joint_0,0.0006071366795625948,0.3803042189259734,0.7835205455097728,-0.05409360128784769,0.008858438653045898,0.22684161685383677,-3,-0.030000000000000027,0.009422437679298028,40,43,0.9302325581395349,11,0.05,0.5
paper-evidence-v3-locked-test::jerk_qp_pva_direct,synthetic-feasible-v3,synthetic,oscillatory__v3__test__008,test,8475040092451367165,clean,jerk_qp_pva_direct,262,1,command_p,linear_chirp,0.34672951640188643,1.1802521571669644,2.6125520475115667,2.61,5,6,1.0413317170394514,1.1802521571669644,1.1107919371032078,2.1771267062596387,2.6125520475115667,0.435425341251928,44,44,1.0,2.1799999999999997,2.61,1.0,0.21500000000000008,262,261,1,0,joint_0,0.0003669431111406947,0.2796747964059743,0.640135239751732,-0.40116940061627926,0.05747979526372933,0.5684168640433988,3,0.029999999999999805,0.010704704408918637,41,44,0.9318181818181818,11,0.05,0.5
paper-evidence-v3-locked-test::jerk_qp_pva_direct,synthetic-feasible-v3,synthetic,oscillatory__v3__test__009,test,7163919590177205794,clean,jerk_qp_pva_direct,392,1,command_p,linear_chirp,0.16412072016643378,1.1051599812148352,3.912233169450274,3.91,0,6,0.16412072016643378,0.320960597007834,0.24254065858713392,0.0,0.6520388615750456,0.6520388615750456,66,65,0.9848484848484849,0.01,0.65,0.9968730980694608,0.32000000000000006,392,391,1,0,joint_0,1.1014964544490822e-05,0.018479188904782187,5.1812641643288755,1.4500682042135682,-0.9515333382261205,2.115149000715521,-5,-0.04999999999999999,0.006495620537913444,60,65,0.9230769230769231,11,0.05,0.5
paper-evidence-v3-locked-test::jerk_qp_pva_direct,synthetic-feasible-v3,synthetic,oscillatory__v3__test__009,test,7163919590177205794,clean,jerk_qp_pva_direct,392,1,command_p,linear_chirp,0.16412072016643378,1.1051599812148352,3.912233169450274,3.91,1,6,0.320960597007834,0.4778004738492343,0.39938053542853413,0.6520388615750456,1.3040777231500915,0.6520388615750459,65,65,1.0,0.66,1.3,0.9968730980694605,0.32,392,391,1,0,joint_0,0.0024665419842833667,0.280905109946025,0.9834159365895112,-0.0011537258957827546,0.0004597649684903279,0.8301369603774618,-3,-0.030000000000000027,0.002254939088575925,62,65,0.9538461538461539,11,0.05,0.5
paper-evidence-v3-locked-test::jerk_qp_pva_direct,synthetic-feasible-v3,synthetic,oscillatory__v3__test__009,test,7163919590177205794,clean,jerk_qp_pva_direct,392,1,command_p,linear_chirp,0.16412072016643378,1.1051599812148352,3.912233169450274,3.91,2,6,0.4778004738492343,0.6346403506906345,0.5562204122699344,1.3040777231500915,1.9561165847251372,0.6520388615750456,65,65,1.0,1.31,1.95,0.9968730980694606,0.31999999999999995,392,391,1,0,joint_0,0.000630502270925182,0.1909141571876037,0.7330040816201608,-0.18605538827729615,0.053237231284570335,0.017649535909261653,2,0.020000000000000018,0.009337347177120304,63,65,0.9692307692307692,11,0.05,0.5
paper-evidence-v3-locked-test::jerk_qp_pva_direct,synthetic-feasible-v3,synthetic,oscillatory__v3__test__009,test,7163919590177205794,clean,jerk_qp_pva_direct,392,1,command_p,linear_chirp,0.16412072016643378,1.1051599812148352,3.912233169450274,3.91,3,6,0.6346403506906345,0.7914802275320347,0.7130602891113347,1.9561165847251372,2.6081554463001826,0.6520388615750454,65,65,1.0,1.96,2.5999999999999996,0.9968730980694606,0.31999999999999984,392,391,1,0,joint_0,0.0029728419939586293,0.39312061663959297,1.1739728665675604,-0.03593933775979037,0.008021654470547515,-0.045823039877493026,3,0.029999999999999805,0.004256823216688875,62,65,0.9538461538461539,11,0.05,0.5
paper-evidence-v3-locked-test::jerk_qp_pva_direct,synthetic-feasible-v3,synthetic,oscillatory__v3__test__009,test,7163919590177205794,clean,jerk_qp_pva_direct,392,1,command_p,linear_chirp,0.16412072016643378,1.1051599812148352,3.912233169450274,3.91,4,6,0.7914802275320347,0.948320104373435,0.8699001659527348,2.6081554463001826,3.2601943078752282,0.6520388615750456,66,66,1.0,2.61,3.26,1.0,0.325,392,391,1,0,joint_0,0.0033329469072301663,0.38569135785455516,1.2411467850225832,-0.09574239150490006,0.01751680878777102,0.04719139687883646,1,0.009999999999999787,0.006878537750978163,65,66,0.9848484848484849,11,0.05,0.5
paper-evidence-v3-locked-test::jerk_qp_pva_direct,synthetic-feasible-v3,synthetic,oscillatory__v3__test__009,test,7163919590177205794,clean,jerk_qp_pva_direct,392,1,command_p,linear_chirp,0.16412072016643378,1.1051599812148352,3.912233169450274,3.91,5,6,0.948320104373435,1.1051599812148352,1.026740042794135,3.2601943078752282,3.912233169450274,0.6520388615750456,65,65,1.0,3.27,3.9099999999999997,0.9968730980694602,0.31999999999999984,392,391,1,0,joint_0,0.005503526652561406,0.47482759800611984,0.8324815272590133,-0.12894924031967198,0.01998841785596497,0.020202613366664124,1,0.009999999999999787,0.0039302436849683485,64,65,0.9846153846153847,11,0.05,0.5
paper-evidence-v3-locked-test::jerk_qp_pva_direct,synthetic-feasible-v3,synthetic,oscillatory__v3__test__014,test,2538550119372057008,clean,jerk_qp_pva_direct,356,1,command_p,linear_chirp,0.18010742364176516,1.1952329035694962,3.5566745513624474,3.5500000000000003,0,6,0.18010742364176516,0.3492950036297203,0.2647012136357427,0.0,0.5927790918937412,0.5927790918937412,60,59,0.9833333333333333,0.01,0.59,0.9953117579014756,0.29,356,355,1,0,joint_0,0.0009222668787234665,0.1730509189117292,0.7648954473055499,-0.010491041374891734,0.006307870938942128,0.0971431357721814,5,0.04999999999999999,0.016248960405373082,54,59,0.9152542372881356,11,0.05,0.5
paper-evidence-v3-locked-test::jerk_qp_pva_direct,synthetic-feasible-v3,synthetic,oscillatory__v3__test__014,test,2538550119372057008,clean,jerk_qp_pva_direct,356,1,command_p,linear_chirp,0.18010742364176516,1.1952329035694962,3.5566745513624474,3.5500000000000003,1,6,0.3492950036297203,0.5184825836176755,0.4338887936236979,0.5927790918937412,1.1855581837874827,0.5927790918937414,59,59,1.0,0.6,1.18,0.9953117579014753,0.29,356,355,1,0,joint_0,0.0004663776417337323,0.20289335310522658,0.7153779105062852,-0.06054702133439672,0.022209280065474752,-0.002967704662743807,-5,-0.050000000000000044,0.02548572403143114,54,59,0.9152542372881356,11,0.05,0.5
paper-evidence-v3-locked-test::jerk_qp_pva_direct,synthetic-feasible-v3,synthetic,oscillatory__v3__test__014,test,2538550119372057008,clean,jerk_qp_pva_direct,356,1,command_p,linear_chirp,0.18010742364176516,1.1952329035694962,3.5566745513624474,3.5500000000000003,2,6,0.5184825836176755,0.6876701636056306,0.6030763736116531,1.1855581837874827,1.7783372756812237,0.592779091893741,59,59,1.0,1.19,1.77,0.9953117579014762,0.29000000000000004,356,355,1,0,joint_0,0.004103728745725457,0.36956036659110064,1.021378445722234,-0.004181482145949835,0.0011035145498950831,-0.02499636631154131,-5,-0.050000000000000044,0.009060899082868805,54,59,0.9152542372881356,11,0.05,0.5
paper-evidence-v3-locked-test::jerk_qp_pva_direct,synthetic-feasible-v3,synthetic,oscillatory__v3__test__014,test,2538550119372057008,clean,jerk_qp_pva_direct,356,1,command_p,linear_chirp,0.18010742364176516,1.1952329035694962,3.5566745513624474,3.5500000000000003,3,6,0.6876701636056306,0.8568577435935858,0.7722639535996082,1.7783372756812237,2.371116367574965,0.5927790918937412,60,60,1.0,1.78,2.3699999999999997,1.0,0.29499999999999976,356,355,1,0,joint_0,0.007515953882492891,0.4654898879838397,1.025377748723392,-0.007402900987468174,0.0015256549006122493,0.004840714076279017,5,0.04999999999999982,0.008675648301163243,55,60,0.9166666666666666,11,0.05,0.5
paper-evidence-v3-locked-test::jerk_qp_pva_direct,synthetic-feasible-v3,synthetic,oscillatory__v3__test__014,test,2538550119372057008,clean,jerk_qp_pva_direct,356,1,command_p,linear_chirp,0.18010742364176516,1.1952329035694962,3.5566745513624474,3.5500000000000003,4,6,0.8568577435935858,1.026045323581541,0.9414515335875634,2.371116367574965,2.963895459468706,0.5927790918937412,59,59,1.0,2.38,2.96,0.9953117579014759,0.29000000000000004,356,355,1,0,joint_0,0.009708698417315621,0.5334042300835387,1.0124957162459642,-0.014473197678861639,0.002446733443790956,0.014291647322734632,-1,-0.009999999999999787,0.009170328765229224,58,59,0.9830508474576272,11,0.05,0.5
paper-evidence-v3-locked-test::jerk_qp_pva_direct,synthetic-feasible-v3,synthetic,oscillatory__v3__test__014,test,2538550119372057008,clean,jerk_qp_pva_direct,356,1,command_p,linear_chirp,0.18010742364176516,1.1952329035694962,3.5566745513624474,3.5500000000000003,5,6,1.026045323581541,1.1952329035694962,1.1106391135755187,2.963895459468706,3.5566745513624474,0.5927790918937412,59,59,1.0,2.9699999999999998,3.55,0.9953117579014759,0.2900000000000001,356,355,1,0,joint_0,0.009490675554489583,0.565853138766414,1.1249767191985638,-0.03778799839758994,0.005415032354806513,0.029572870177335422,3,0.029999999999999805,0.010149710270462653,56,59,0.9491525423728814,11,0.05,0.5
paper-evidence-v3-locked-test::jerk_qp_pva_ruckig,synthetic-feasible-v3,synthetic,oscillatory__v3__test__000,test,3028318613495693642,clean,jerk_qp_pva_ruckig,375,1,command_p,linear_chirp,0.2606824396084501,1.237962077868985,3.742402242758711,3.74,0,6,0.2606824396084501,0.42356237931853924,0.3421224094634947,0.0,0.6237337071264517,0.6237337071264517,63,62,0.9841269841269841,0.01,0.62,0.9940139404303594,0.3050000000000001,375,374,1,0,joint_0,0.00014059641326534783,0.2122297206178479,0.4913492665185706,0.0012482762316496033,-0.0005806966369806205,-0.002277086678327155,5,0.04999999999999999,0.005873004348957343,57,62,0.9193548387096774,11,0.05,0.5
paper-evidence-v3-locked-test::jerk_qp_pva_ruckig,synthetic-feasible-v3,synthetic,oscillatory__v3__test__000,test,3028318613495693642,clean,jerk_qp_pva_ruckig,375,1,command_p,linear_chirp,0.2606824396084501,1.237962077868985,3.742402242758711,3.74,1,6,0.42356237931853924,0.5864423190286284,0.5050023491735838,0.6237337071264517,1.2474674142529036,0.6237337071264519,62,62,1.0,0.63,1.24,0.9940139404303591,0.30500000000000005,375,374,1,0,joint_0,0.0009423230224640148,0.33288764336631155,0.9790501019857317,-0.001825904269578929,0.0005754462144416581,0.008284837216522315,-5,-0.050000000000000044,0.003185081680219219,57,62,0.9193548387096774,11,0.05,0.5
paper-evidence-v3-locked-test::jerk_qp_pva_ruckig,synthetic-feasible-v3,synthetic,oscillatory__v3__test__000,test,3028318613495693642,clean,jerk_qp_pva_ruckig,375,1,command_p,linear_chirp,0.2606824396084501,1.237962077868985,3.742402242758711,3.74,2,6,0.5864423190286284,0.7493222587387176,0.6678822888836731,1.2474674142529036,1.8712011213793556,0.6237337071264519,63,63,1.0,1.25,1.87,1.0,0.31,375,374,1,0,joint_0,0.0008092458813155768,0.38838307633068847,0.9376881432564796,-0.01570920884697473,0.0037434713896035473,0.07169756796222568,5,0.050000000000000044,0.006186366279564668,58,63,0.9206349206349206,11,0.05,0.5
paper-evidence-v3-locked-test::jerk_qp_pva_ruckig,synthetic-feasible-v3,synthetic,oscillatory__v3__test__000,test,3028318613495693642,clean,jerk_qp_pva_ruckig,375,1,command_p,linear_chirp,0.2606824396084501,1.237962077868985,3.742402242758711,3.74,3,6,0.7493222587387176,0.9122021984488067,0.8307622285937621,1.8712011213793556,2.494934828505807,0.6237337071264513,62,62,1.0,1.8800000000000001,2.4899999999999998,0.9940139404303595,0.3049999999999999,375,374,1,0,joint_0,0.0007247675283505879,0.36567288254866165,0.7546122455053046,-0.1485771809836731,0.028463971964924114,0.012576434018388974,1,0.010000000000000009,0.004911895471479917,61,62,0.9838709677419355,11,0.05,0.5
paper-evidence-v3-locked-test::jerk_qp_pva_ruckig,synthetic-feasible-v3,synthetic,oscillatory__v3__test__000,test,3028318613495693642,clean,jerk_qp_pva_ruckig,375,1,command_p,linear_chirp,0.2606824396084501,1.237962077868985,3.742402242758711,3.74,4,6,0.9122021984488067,1.075082138158896,0.9936421683038513,2.494934828505807,3.1186685356322594,0.6237337071264526,62,62,1.0,2.5,3.11,0.9940139404303578,0.305,375,374,1,0,joint_0,0.0019141345761439486,0.5261727487912008,0.9204315456979807,-0.04145077583682723,0.006639307468891342,-0.056361516981059845,3,0.029999999999999805,0.004558582604893587,59,62,0.9516129032258065,11,0.05,0.5
paper-evidence-v3-locked-test::jerk_qp_pva_ruckig,synthetic-feasible-v3,synthetic,oscillatory__v3__test__000,test,3028318613495693642,clean,jerk_qp_pva_ruckig,375,1,command_p,linear_chirp,0.2606824396084501,1.237962077868985,3.742402242758711,3.74,5,6,1.075082138158896,1.237962077868985,1.1565221080139405,3.1186685356322594,3.7424022427587107,0.6237337071264513,63,63,1.0,3.1199999999999997,3.7399999999999998,1.0,0.31,375,374,1,0,joint_0,0.003426841462181297,0.6270537407526952,1.0436680110089134,-0.033215881994126624,0.0045710080005306845,0.04026838650427308,0,0.0,0.003333702580588977,63,63,1.0,11,0.05,0.5
paper-evidence-v3-locked-test::jerk_qp_pva_ruckig,synthetic-feasible-v3,synthetic,oscillatory__v3__test__003,test,8307138079948390478,clean,jerk_qp_pva_ruckig,391,1,command_p,linear_chirp,0.28229618020039354,1.9761210369123376,3.90188521291582,3.9,0,6,0.28229618020039354,0.5646003229857175,0.42344825159305555,0.0,0.6503142021526366,0.6503142021526366,66,65,0.9848484848484849,0.01,0.65,0.9995168456238592,0.32000000000000006,391,390,1,0,joint_0,0.0002805985199306203,0.21636907457494978,0.38939935890648314,0.11803064323336948,-0.04436235180151301,0.09586242004292808,-2,-0.020000000000000018,0.012339262454223022,63,65,0.9692307692307692,11,0.05,0.5
paper-evidence-v3-locked-test::jerk_qp_pva_ruckig,synthetic-feasible-v3,synthetic,oscillatory__v3__test__003,test,8307138079948390478,clean,jerk_qp_pva_ruckig,391,1,command_p,linear_chirp,0.28229618020039354,1.9761210369123376,3.90188521291582,3.9,1,6,0.5646003229857175,0.8469044657710416,0.7057523943783796,0.6503142021526366,1.3006284043052734,0.6503142021526368,65,65,1.0,0.66,1.3,0.9995168456238589,0.32,391,390,1,0,joint_0,0.0030617169059266413,0.4559265576167148,1.0350981669997397,-0.008496832510863354,0.0019161293755424358,0.04680267160574764,-5,-0.050000000000000044,0.009386732200252284,60,65,0.9230769230769231,11,0.05,0.5
paper-evidence-v3-locked-test::jerk_qp_pva_ruckig,synthetic-feasible-v3,synthetic,oscillatory__v3__test__003,test,8307138079948390478,clean,jerk_qp_pva_ruckig,391,1,command_p,linear_chirp,0.28229618020039354,1.9761210369123376,3.90188521291582,3.9,2,6,0.8469044657710416,1.1292086085563655,0.9880565371637036,1.3006284043052734,1.9509426064579098,0.6503142021526365,65,65,1.0,1.31,1.95,0.9995168456238592,0.31999999999999995,391,390,1,0,joint_0,0.003805121755294622,0.5339282666897226,1.1606779651839756,-0.04800363545183257,0.0077323671077282555,0.02249306439289687,5,0.050000000000000044,0.010961571209879572,60,65,0.9230769230769231,11,0.05,0.5
paper-evidence-v3-locked-test::jerk_qp_pva_ruckig,synthetic-feasible-v3,synthetic,oscillatory__v3__test__003,test,8307138079948390478,clean,jerk_qp_pva_ruckig,391,1,command_p,linear_chirp,0.28229618020039354,1.9761210369123376,3.90188521291582,3.9,3,6,1.1292086085563655,1.4115127513416896,1.2703606799490275,1.9509426064579098,2.6012568086105468,0.6503142021526369,65,65,1.0,1.96,2.5999999999999996,0.9995168456238582,0.31999999999999984,391,390,1,0,joint_0,0.0055032966534253585,0.6077595559923703,0.9177296090902355,-0.08829184407246406,0.011061491150210464,0.07651640317010236,2,0.020000000000000018,0.011416009703680556,63,65,0.9692307692307692,11,0.05,0.5
paper-evidence-v3-locked-test::jerk_qp_pva_ruckig,synthetic-feasible-v3,synthetic,oscillatory__v3__test__003,test,8307138079948390478,clean,jerk_qp_pva_ruckig,391,1,command_p,linear_chirp,0.28229618020039354,1.9761210369123376,3.90188521291582,3.9,4,6,1.4115127513416896,1.6938168941270135,1.5526648227343516,2.6012568086105468,3.251571010763183,0.6503142021526362,65,65,1.0,2.61,3.25,0.9995168456238599,0.32000000000000006,391,390,1,0,joint_0,0.004513691001263545,0.5262158804858961,0.9522034060605394,-0.31944852037104926,0.03274487212952279,0.031234825232061,2,0.020000000000000018,0.00915043103323103,63,65,0.9692307692307692,11,0.05,0.5
paper-evidence-v3-locked-test::jerk_qp_pva_ruckig,synthetic-feasible-v3,synthetic,oscillatory__v3__test__003,test,8307138079948390478,clean,jerk_qp_pva_ruckig,391,1,command_p,linear_chirp,0.28229618020039354,1.9761210369123376,3.90188521291582,3.9,5,6,1.6938168941270135,1.9761210369123376,1.8349689655196757,3.251571010763183,3.90188521291582,0.6503142021526371,65,65,1.0,3.26,3.9,0.9995168456238586,0.32000000000000006,391,390,1,0,joint_0,0.0075830270283844285,0.6786163069740975,0.9609835749352822,-0.19909858863075397,0.017268697802870037,-0.16693447418695373,2,0.020000000000000018,0.007328263913524975,63,65,0.9692307692307692,11,0.05,0.5
paper-evidence-v3-locked-test::jerk_qp_pva_ruckig,synthetic-feasible-v3,synthetic,oscillatory__v3__test__004,test,399051331059600695,clean,jerk_qp_pva_ruckig,392,1,command_p,linear_chirp,0.26158962151558107,1.0307092527839867,3.9154229986852602,3.91,0,6,0.26158962151558107,0.389776226726982,0.3256829241212815,0.0,0.6525704997808766,0.6525704997808766,66,65,0.9848484848484849,0.01,0.65,0.9960609623301395,0.32000000000000006,392,391,1,0,joint_0,0.00033833357591218184,0.2256578834206036,0.9896538001623572,0.0014637240936987085,-0.0007152936417019584,0.005649778018022217,-1,-0.010000000000000009,0.0003424631877039932,64,65,0.9846153846153847,11,0.05,0.5
paper-evidence-v3-locked-test::jerk_qp_pva_ruckig,synthetic-feasible-v3,synthetic,oscillatory__v3__test__004,test,399051331059600695,clean,jerk_qp_pva_ruckig,392,1,command_p,linear_chirp,0.26158962151558107,1.0307092527839867,3.9154229986852602,3.91,1,6,0.389776226726982,0.5179628319383829,0.45386952933268243,0.6525704997808766,1.3051409995617531,0.6525704997808766,65,65,1.0,0.66,1.3,0.9960609623301395,0.32,392,391,1,0,joint_0,0.0010688581275665457,0.3139597771500332,1.0265269428679202,-0.0022476858705052613,0.0007881787467307788,0.0035663056854104763,0,0.0,0.0007544881555513847,65,65,1.0,11,0.05,0.5
paper-evidence-v3-locked-test::jerk_qp_pva_ruckig,synthetic-feasible-v3,synthetic,oscillatory__v3__test__004,test,399051331059600695,clean,jerk_qp_pva_ruckig,392,1,command_p,linear_chirp,0.26158962151558107,1.0307092527839867,3.9154229986852602,3.91,2,6,0.5179628319383829,0.6461494371497839,0.5820561345440833,1.3051409995617531,1.9577114993426301,0.652570499780877,65,65,1.0,1.31,1.95,0.9960609623301387,0.31999999999999995,392,391,1,0,joint_0,0.0017251141571955903,0.39075169521746445,0.986677895736532,-0.004281025143463588,0.0011705852282041659,0.012766065909896868,2,0.020000000000000018,0.0010475286863731626,63,65,0.9692307692307692,11,0.05,0.5
paper-evidence-v3-locked-test::jerk_qp_pva_ruckig,synthetic-feasible-v3,synthetic,oscillatory__v3__test__004,test,399051331059600695,clean,jerk_qp_pva_ruckig,392,1,command_p,linear_chirp,0.26158962151558107,1.0307092527839867,3.9154229986852602,3.91,3,6,0.6461494371497839,0.7743360423611848,0.7102427397554844,1.9577114993426301,2.6102819991235067,0.6525704997808766,66,66,1.0,1.96,2.61,1.0,0.325,392,391,1,0,joint_0,0.0016266859502520933,0.43279006553186433,0.9157418909917815,-0.02281178044530967,0.0051117842047184925,0.017835912873747473,1,0.010000000000000009,0.0004176313104081028,65,66,0.9848484848484849,11,0.05,0.5
paper-evidence-v3-locked-test::jerk_qp_pva_ruckig,synthetic-feasible-v3,synthetic,oscillatory__v3__test__004,test,399051331059600695,clean,jerk_qp_pva_ruckig,392,1,command_p,linear_chirp,0.26158962151558107,1.0307092527839867,3.9154229986852602,3.91,4,6,0.7743360423611848,0.9025226475725857,0.8384293449668853,2.6102819991235067,3.2628524989043832,0.6525704997808766,65,65,1.0,2.6199999999999997,3.26,0.9960609623301397,0.32000000000000006,392,391,1,0,joint_0,0.002149822301925269,0.4820975861388561,0.9138019629079565,-0.03301183397309444,0.006266475033211601,-0.00022516684230114263,2,0.020000000000000018,0.001397701115897372,63,65,0.9692307692307692,11,0.05,0.5
paper-evidence-v3-locked-test::jerk_qp_pva_ruckig,synthetic-feasible-v3,synthetic,oscillatory__v3__test__004,test,399051331059600695,clean,jerk_qp_pva_ruckig,392,1,command_p,linear_chirp,0.26158962151558107,1.0307092527839867,3.9154229986852602,3.91,5,6,0.9025226475725857,1.0307092527839867,0.9666159501782863,3.2628524989043832,3.9154229986852602,0.652570499780877,65,65,1.0,3.27,3.9099999999999997,0.9960609623301384,0.31999999999999984,392,391,1,0,joint_0,0.003928035226999296,0.5729783547020808,0.981663201940417,-0.02244907260149374,0.00369627758749229,-0.026004027420515052,1,0.009999999999999787,0.0009631417967894742,64,65,0.9846153846153847,11,0.05,0.5
paper-evidence-v3-locked-test::jerk_qp_pva_ruckig,synthetic-feasible-v3,synthetic,oscillatory__v3__test__008,test,8475040092451367165,clean,jerk_qp_pva_ruckig,262,1,command_p,linear_chirp,0.34672951640188643,1.1802521571669644,2.6125520475115667,2.61,0,6,0.34672951640188643,0.48564995652939946,0.41618973646564295,0.0,0.4354253412519279,0.4354253412519279,44,43,0.9772727272727273,0.01,0.43,0.9875401343515537,0.21000000000000002,262,261,1,0,joint_0,0.0002004134844811899,0.1947088114782252,0.5401414330322318,-0.015569591804973153,0.005953961091707754,-0.027877281633280706,5,0.04999999999999999,0.008516249935390843,38,43,0.8837209302325582,11,0.05,0.5
paper-evidence-v3-locked-test::jerk_qp_pva_ruckig,synthetic-feasible-v3,synthetic,oscillatory__v3__test__008,test,8475040092451367165,clean,jerk_qp_pva_ruckig,262,1,command_p,linear_chirp,0.34672951640188643,1.1802521571669644,2.6125520475115667,2.61,1,6,0.48564995652939946,0.6245703966569125,0.555110176593156,0.4354253412519279,0.8708506825038558,0.4354253412519279,44,44,1.0,0.44,0.87,1.0,0.21499999999999997,262,261,1,0,joint_0,0.000245389949946952,0.2532861140597621,0.9427809889002035,-0.000352581989589711,0.00010108834039536061,-0.006989615260699379,-5,-0.050000000000000044,0.011853977202690784,39,44,0.8863636363636364,11,0.05,0.5
paper-evidence-v3-locked-test::jerk_qp_pva_ruckig,synthetic-feasible-v3,synthetic,oscillatory__v3__test__008,test,8475040092451367165,clean,jerk_qp_pva_ruckig,262,1,command_p,linear_chirp,0.34672951640188643,1.1802521571669644,2.6125520475115667,2.61,2,6,0.6245703966569125,0.7634908367844254,0.6940306167206689,0.8708506825038558,1.3062760237557833,0.43542534125192756,43,43,1.0,0.88,1.3,0.9875401343515546,0.21000000000000002,262,261,1,0,joint_0,0.0005733628626495425,0.3138500392325829,1.0314092759737392,-0.003367640555772079,0.0007722665659050919,0.0027573461430378623,-5,-0.050000000000000044,0.008720821327951602,38,43,0.8837209302325582,11,0.05,0.5
paper-evidence-v3-locked-test::jerk_qp_pva_ruckig,synthetic-feasible-v3,synthetic,oscillatory__v3__test__008,test,8475040092451367165,clean,jerk_qp_pva_ruckig,262,1,command_p,linear_chirp,0.34672951640188643,1.1802521571669644,2.6125520475115667,2.61,3,6,0.7634908367844254,0.9024112769119385,0.8329510568481819,1.3062760237557833,1.741701365007711,0.4354253412519278,44,44,1.0,1.31,1.74,1.0,0.21499999999999994,262,261,1,0,joint_0,0.0009699603120345592,0.3790188430774843,1.0047802201958405,-0.005166152116073912,0.000987115196358626,0.02905723373957573,5,0.050000000000000044,0.00915863230902596,39,44,0.8863636363636364,11,0.05,0.5
paper-evidence-v3-locked-test::jerk_qp_pva_ruckig,synthetic-feasible-v3,synthetic,oscillatory__v3__test__008,test,8475040092451367165,clean,jerk_qp_pva_ruckig,262,1,command_p,linear_chirp,0.34672951640188643,1.1802521571669644,2.6125520475115667,2.61,4,6,0.9024112769119385,1.0413317170394514,0.971871496975695,1.741701365007711,2.1771267062596387,0.43542534125192756,43,43,1.0,1.75,2.17,0.9875401343515543,0.20999999999999996,262,261,1,0,joint_0,0.0006071366795625948,0.3803042189259734,0.7835205453740341,-0.054093601327962995,0.008858438659615232,0.22684161664959984,-3,-0.030000000000000027,0.009422437698523274,40,43,0.9302325581395349,11,0.05,0.5
paper-evidence-v3-locked-test::jerk_qp_pva_ruckig,synthetic-feasible-v3,synthetic,oscillatory__v3__test__008,test,8475040092451367165,clean,jerk_qp_pva_ruckig,262,1,command_p,linear_chirp,0.34672951640188643,1.1802521571669644,2.6125520475115667,2.61,5,6,1.0413317170394514,1.1802521571669644,1.1107919371032078,2.1771267062596387,2.6125520475115667,0.435425341251928,44,44,1.0,2.1799999999999997,2.61,1.0,0.21500000000000008,262,261,1,0,joint_0,0.0003669431111406947,0.2796747964059743,0.6401352398447548,-0.4011694004223929,0.05747979523594918,0.5684168637114653,3,0.029999999999999805,0.010704704427208929,41,44,0.9318181818181818,11,0.05,0.5
paper-evidence-v3-locked-test::jerk_qp_pva_ruckig,synthetic-feasible-v3,synthetic,oscillatory__v3__test__009,test,7163919590177205794,clean,jerk_qp_pva_ruckig,392,1,command_p,linear_chirp,0.16412072016643378,1.1051599812148352,3.912233169450274,3.91,0,6,0.16412072016643378,0.320960597007834,0.24254065858713392,0.0,0.6520388615750456,0.6520388615750456,66,65,0.9848484848484849,0.01,0.65,0.9968730980694608,0.32000000000000006,392,391,1,0,joint_0,1.1014964544490822e-05,0.018479188904782187,5.181264164107752,1.4500682042014013,-0.9515333382181367,2.1151490006962383,-5,-0.04999999999999999,0.00649562053757425,60,65,0.9230769230769231,11,0.05,0.5
paper-evidence-v3-locked-test::jerk_qp_pva_ruckig,synthetic-feasible-v3,synthetic,oscillatory__v3__test__009,test,7163919590177205794,clean,jerk_qp_pva_ruckig,392,1,command_p,linear_chirp,0.16412072016643378,1.1051599812148352,3.912233169450274,3.91,1,6,0.320960597007834,0.4778004738492343,0.39938053542853413,0.6520388615750456,1.3040777231500915,0.6520388615750459,65,65,1.0,0.66,1.3,0.9968730980694605,0.32,392,391,1,0,joint_0,0.0024665419842833667,0.280905109946025,0.9834159365901303,-0.0011537258958046485,0.00045976496849905275,0.8301369603720964,-3,-0.030000000000000027,0.002254939088567852,62,65,0.9538461538461539,11,0.05,0.5
paper-evidence-v3-locked-test::jerk_qp_pva_ruckig,synthetic-feasible-v3,synthetic,oscillatory__v3__test__009,test,7163919590177205794,clean,jerk_qp_pva_ruckig,392,1,command_p,linear_chirp,0.16412072016643378,1.1051599812148352,3.912233169450274,3.91,2,6,0.4778004738492343,0.6346403506906345,0.5562204122699344,1.3040777231500915,1.9561165847251372,0.6520388615750456,65,65,1.0,1.31,1.95,0.9968730980694606,0.31999999999999995,392,391,1,0,joint_0,0.000630502270925182,0.1909141571876037,0.7330040816186033,-0.18605538827888812,0.05323723128502586,0.01764953590905499,2,0.020000000000000018,0.009337347176859087,63,65,0.9692307692307692,11,0.05,0.5
paper-evidence-v3-locked-test::jerk_qp_pva_ruckig,synthetic-feasible-v3,synthetic,oscillatory__v3__test__009,test,7163919590177205794,clean,jerk_qp_pva_ruckig,392,1,command_p,linear_chirp,0.16412072016643378,1.1051599812148352,3.912233169450274,3.91,3,6,0.6346403506906345,0.7914802275320347,0.7130602891113347,1.9561165847251372,2.6081554463001826,0.6520388615750454,65,65,1.0,1.96,2.5999999999999996,0.9968730980694606,0.31999999999999984,392,391,1,0,joint_0,0.0029728419939586293,0.39312061663959297,1.173972866567718,-0.03593933775940494,0.008021654470461489,-0.04582303987815143,3,0.029999999999999805,0.0042568232162614955,62,65,0.9538461538461539,11,0.05,0.5
paper-evidence-v3-locked-test::jerk_qp_pva_ruckig,synthetic-feasible-v3,synthetic,oscillatory__v3__test__009,test,7163919590177205794,clean,jerk_qp_pva_ruckig,392,1,command_p,linear_chirp,0.16412072016643378,1.1051599812148352,3.912233169450274,3.91,4,6,0.7914802275320347,0.948320104373435,0.8699001659527348,2.6081554463001826,3.2601943078752282,0.6520388615750456,66,66,1.0,2.61,3.26,1.0,0.325,392,391,1,0,joint_0,0.0033329469072301663,0.38569135785455516,1.2411467850236393,-0.09574239150519437,0.017516808787824866,0.047191396878883095,1,0.009999999999999787,0.006878537750474,65,66,0.9848484848484849,11,0.05,0.5
paper-evidence-v3-locked-test::jerk_qp_pva_ruckig,synthetic-feasible-v3,synthetic,oscillatory__v3__test__009,test,7163919590177205794,clean,jerk_qp_pva_ruckig,392,1,command_p,linear_chirp,0.16412072016643378,1.1051599812148352,3.912233169450274,3.91,5,6,0.948320104373435,1.1051599812148352,1.026740042794135,3.2601943078752282,3.912233169450274,0.6520388615750456,65,65,1.0,3.27,3.9099999999999997,0.9968730980694602,0.31999999999999984,392,391,1,0,joint_0,0.005503526652561406,0.47482759800611984,0.8324815272611108,-0.12894924031937846,0.019988417855919472,0.020202613365424504,1,0.009999999999999787,0.003930243684734311,64,65,0.9846153846153847,11,0.05,0.5
paper-evidence-v3-locked-test::jerk_qp_pva_ruckig,synthetic-feasible-v3,synthetic,oscillatory__v3__test__014,test,2538550119372057008,clean,jerk_qp_pva_ruckig,356,1,command_p,linear_chirp,0.18010742364176516,1.1952329035694962,3.5566745513624474,3.5500000000000003,0,6,0.18010742364176516,0.3492950036297203,0.2647012136357427,0.0,0.5927790918937412,0.5927790918937412,60,59,0.9833333333333333,0.01,0.59,0.9953117579014756,0.29,356,355,1,0,joint_0,0.0009222668787234665,0.1730509189117292,0.7648954473801619,-0.010491041385055482,0.00630787094505321,0.09714313573466248,5,0.04999999999999999,0.016248960402154657,54,59,0.9152542372881356,11,0.05,0.5
paper-evidence-v3-locked-test::jerk_qp_pva_ruckig,synthetic-feasible-v3,synthetic,oscillatory__v3__test__014,test,2538550119372057008,clean,jerk_qp_pva_ruckig,356,1,command_p,linear_chirp,0.18010742364176516,1.1952329035694962,3.5566745513624474,3.5500000000000003,1,6,0.3492950036297203,0.5184825836176755,0.4338887936236979,0.5927790918937412,1.1855581837874827,0.5927790918937414,59,59,1.0,0.6,1.18,0.9953117579014753,0.29,356,355,1,0,joint_0,0.0004663776417337323,0.20289335310522658,0.7153779105454571,-0.06054702132210816,0.02220928006096718,-0.0029677046674666976,-5,-0.050000000000000044,0.025485724022946406,54,59,0.9152542372881356,11,0.05,0.5
paper-evidence-v3-locked-test::jerk_qp_pva_ruckig,synthetic-feasible-v3,synthetic,oscillatory__v3__test__014,test,2538550119372057008,clean,jerk_qp_pva_ruckig,356,1,command_p,linear_chirp,0.18010742364176516,1.1952329035694962,3.5566745513624474,3.5500000000000003,2,6,0.5184825836176755,0.6876701636056306,0.6030763736116531,1.1855581837874827,1.7783372756812237,0.592779091893741,59,59,1.0,1.19,1.77,0.9953117579014762,0.29000000000000004,356,355,1,0,joint_0,0.004103728745725457,0.36956036659110064,1.021378445728737,-0.004181482146072368,0.0011035145499274203,-0.02499636630571869,-5,-0.050000000000000044,0.009060899078617736,54,59,0.9152542372881356,11,0.05,0.5
paper-evidence-v3-locked-test::jerk_qp_pva_ruckig,synthetic-feasible-v3,synthetic,oscillatory__v3__test__014,test,2538550119372057008,clean,jerk_qp_pva_ruckig,356,1,command_p,linear_chirp,0.18010742364176516,1.1952329035694962,3.5566745513624474,3.5500000000000003,3,6,0.6876701636056306,0.8568577435935858,0.7722639535996082,1.7783372756812237,2.371116367574965,0.5927790918937412,60,60,1.0,1.78,2.3699999999999997,1.0,0.29499999999999976,356,355,1,0,joint_0,0.007515953882492891,0.4654898879838397,1.0253777487195053,-0.00740290098755894,0.0015256549006309552,0.004840714076189288,5,0.04999999999999982,0.008675648296716713,55,60,0.9166666666666666,11,0.05,0.5
paper-evidence-v3-locked-test::jerk_qp_pva_ruckig,synthetic-feasible-v3,synthetic,oscillatory__v3__test__014,test,2538550119372057008,clean,jerk_qp_pva_ruckig,356,1,command_p,linear_chirp,0.18010742364176516,1.1952329035694962,3.5566745513624474,3.5500000000000003,4,6,0.8568577435935858,1.026045323581541,0.9414515335875634,2.371116367574965,2.963895459468706,0.5927790918937412,59,59,1.0,2.38,2.96,0.9953117579014759,0.29000000000000004,356,355,1,0,joint_0,0.009708698417315621,0.5334042300835387,1.0124957162487134,-0.0144731976787934,0.00244673344377942,0.014291647322575467,-1,-0.009999999999999787,0.009170328761873466,58,59,0.9830508474576272,11,0.05,0.5
paper-evidence-v3-locked-test::jerk_qp_pva_ruckig,synthetic-feasible-v3,synthetic,oscillatory__v3__test__014,test,2538550119372057008,clean,jerk_qp_pva_ruckig,356,1,command_p,linear_chirp,0.18010742364176516,1.1952329035694962,3.5566745513624474,3.5500000000000003,5,6,1.026045323581541,1.1952329035694962,1.1106391135755187,2.963895459468706,3.5566745513624474,0.5927790918937412,59,59,1.0,2.9699999999999998,3.55,0.9953117579014759,0.2900000000000001,356,355,1,0,joint_0,0.009490675554489583,0.565853138766414,1.124976719196004,-0.037787998397342315,0.005415032354771028,0.029572870177157085,3,0.029999999999999805,0.010149710266832616,56,59,0.9491525423728814,11,0.05,0.5
paper-evidence-v3-locked-test::one_step_governed_pva_direct,synthetic-feasible-v3,synthetic,oscillatory__v3__test__000,test,3028318613495693642,clean,one_step_governed_pva_direct,375,1,command_p,linear_chirp,0.2606824396084501,1.237962077868985,3.742402242758711,3.74,0,6,0.2606824396084501,0.42356237931853924,0.3421224094634947,0.0,0.6237337071264517,0.6237337071264517,63,62,0.9841269841269841,0.01,0.62,0.9940139404303594,0.3050000000000001,375,374,1,0,joint_0,0.00014059641326534783,0.2122297206178479,0.29580476732958644,-0.07512493552758367,0.034948031780276216,-0.1487258780809184,5,0.04999999999999999,0.007520489439981617,57,62,0.9193548387096774,11,0.05,0.5
paper-evidence-v3-locked-test::one_step_governed_pva_direct,synthetic-feasible-v3,synthetic,oscillatory__v3__test__000,test,3028318613495693642,clean,one_step_governed_pva_direct,375,1,command_p,linear_chirp,0.2606824396084501,1.237962077868985,3.742402242758711,3.74,1,6,0.42356237931853924,0.5864423190286284,0.5050023491735838,0.6237337071264517,1.2474674142529036,0.6237337071264519,62,62,1.0,0.63,1.24,0.9940139404303591,0.30500000000000005,375,374,1,0,joint_0,0.0009423230224640148,0.33288764336631155,0.6246070721060065,-0.02320654898332145,0.007313702577510717,0.04726380889569441,5,0.050000000000000044,0.0040332824740173055,57,62,0.9193548387096774,11,0.05,0.5
paper-evidence-v3-locked-test::one_step_governed_pva_direct,synthetic-feasible-v3,synthetic,oscillatory__v3__test__000,test,3028318613495693642,clean,one_step_governed_pva_direct,375,1,command_p,linear_chirp,0.2606824396084501,1.237962077868985,3.742402242758711,3.74,2,6,0.5864423190286284,0.7493222587387176,0.6678822888836731,1.2474674142529036,1.8712011213793556,0.6237337071264519,63,63,1.0,1.25,1.87,1.0,0.31,375,374,1,0,joint_0,0.0008092458813155768,0.38838307633068847,0.4328481666396653,-0.17186495746903152,0.04095505747157026,0.09419355223302547,4,0.040000000000000036,0.0047135567892184795,59,63,0.9365079365079365,11,0.05,0.5
paper-evidence-v3-locked-test::one_step_governed_pva_direct,synthetic-feasible-v3,synthetic,oscillatory__v3__test__000,test,3028318613495693642,clean,one_step_governed_pva_direct,375,1,command_p,linear_chirp,0.2606824396084501,1.237962077868985,3.742402242758711,3.74,3,6,0.7493222587387176,0.9122021984488067,0.8307622285937621,1.8712011213793556,2.494934828505807,0.6237337071264513,62,62,1.0,1.8800000000000001,2.4899999999999998,0.9940139404303595,0.3049999999999999,375,374,1,0,joint_0,0.0007247675283505879,0.36567288254866165,0.5934999996541691,-0.21600282424491735,0.041381175042804086,-0.07553370041811511,1,0.010000000000000009,0.004955358105151295,61,62,0.9838709677419355,11,0.05,0.5
paper-evidence-v3-locked-test::one_step_governed_pva_direct,synthetic-feasible-v3,synthetic,oscillatory__v3__test__000,test,3028318613495693642,clean,one_step_governed_pva_direct,375,1,command_p,linear_chirp,0.2606824396084501,1.237962077868985,3.742402242758711,3.74,4,6,0.9122021984488067,1.075082138158896,0.9936421683038513,2.494934828505807,3.1186685356322594,0.6237337071264526,62,62,1.0,2.5,3.11,0.9940139404303578,0.305,375,374,1,0,joint_0,0.0019141345761439486,0.5261727487912008,0.966905891473245,-0.01726184767961227,0.002764887071770833,-0.08268659771435788,0,0.0,0.0016146473226409583,62,62,1.0,11,0.05,0.5
paper-evidence-v3-locked-test::one_step_governed_pva_direct,synthetic-feasible-v3,synthetic,oscillatory__v3__test__000,test,3028318613495693642,clean,one_step_governed_pva_direct,375,1,command_p,linear_chirp,0.2606824396084501,1.237962077868985,3.742402242758711,3.74,5,6,1.075082138158896,1.237962077868985,1.1565221080139405,3.1186685356322594,3.7424022427587107,0.6237337071264513,63,63,1.0,3.1199999999999997,3.7399999999999998,1.0,0.31,375,374,1,0,joint_0,0.003426841462181297,0.6270537407526952,1.139843502557898,-0.046759094971982926,0.006434759048466688,0.14033191269348688,3,0.029999999999999805,0.00298176213502671,60,63,0.9523809523809523,11,0.05,0.5
paper-evidence-v3-locked-test::one_step_governed_pva_direct,synthetic-feasible-v3,synthetic,oscillatory__v3__test__003,test,8307138079948390478,clean,one_step_governed_pva_direct,391,1,command_p,linear_chirp,0.28229618020039354,1.9761210369123376,3.90188521291582,3.9,0,6,0.28229618020039354,0.5646003229857175,0.42344825159305555,0.0,0.6503142021526366,0.6503142021526366,66,65,0.9848484848484849,0.01,0.65,0.9995168456238592,0.32000000000000006,391,390,1,0,joint_0,0.0002805985199306203,0.21636907457494978,0.20371926749549835,0.010451810006725184,-0.003928360125634131,0.026043396519210754,0,0.0,0.015506694123989083,65,65,1.0,11,0.05,0.5
paper-evidence-v3-locked-test::one_step_governed_pva_direct,synthetic-feasible-v3,synthetic,oscillatory__v3__test__003,test,8307138079948390478,clean,one_step_governed_pva_direct,391,1,command_p,linear_chirp,0.28229618020039354,1.9761210369123376,3.90188521291582,3.9,1,6,0.5646003229857175,0.8469044657710416,0.7057523943783796,0.6503142021526366,1.3006284043052734,0.6503142021526368,65,65,1.0,0.66,1.3,0.9995168456238589,0.32,391,390,1,0,joint_0,0.0030617169059266413,0.4559265576167148,0.7332933573621775,-0.013313796233317956,0.003002407783139252,0.0007533317991176469,3,0.030000000000000027,0.010357938919155133,62,65,0.9538461538461539,11,0.05,0.5
paper-evidence-v3-locked-test::one_step_governed_pva_direct,synthetic-feasible-v3,synthetic,oscillatory__v3__test__003,test,8307138079948390478,clean,one_step_governed_pva_direct,391,1,command_p,linear_chirp,0.28229618020039354,1.9761210369123376,3.90188521291582,3.9,2,6,0.8469044657710416,1.1292086085563655,0.9880565371637036,1.3006284043052734,1.9509426064579098,0.6503142021526365,65,65,1.0,1.31,1.95,0.9995168456238592,0.31999999999999995,391,390,1,0,joint_0,0.003805121755294622,0.5339282666897226,0.8886788028277075,0.007779336457976651,-0.001253086037784947,0.03352152955182854,-2,-0.020000000000000018,0.004577559456248269,63,65,0.9692307692307692,11,0.05,0.5
paper-evidence-v3-locked-test::one_step_governed_pva_direct,synthetic-feasible-v3,synthetic,oscillatory__v3__test__003,test,8307138079948390478,clean,one_step_governed_pva_direct,391,1,command_p,linear_chirp,0.28229618020039354,1.9761210369123376,3.90188521291582,3.9,3,6,1.1292086085563655,1.4115127513416896,1.2703606799490275,1.9509426064579098,2.6012568086105468,0.6503142021526369,65,65,1.0,1.96,2.5999999999999996,0.9995168456238582,0.31999999999999984,391,390,1,0,joint_0,0.0055032966534253585,0.6077595559923703,0.9078266443903911,-0.13223271236799078,0.016566546921665565,0.06627613970275809,3,0.029999999999999805,0.012571689613846962,62,65,0.9538461538461539,11,0.05,0.5
paper-evidence-v3-locked-test::one_step_governed_pva_direct,synthetic-feasible-v3,synthetic,oscillatory__v3__test__003,test,8307138079948390478,clean,one_step_governed_pva_direct,391,1,command_p,linear_chirp,0.28229618020039354,1.9761210369123376,3.90188521291582,3.9,4,6,1.4115127513416896,1.6938168941270135,1.5526648227343516,2.6012568086105468,3.251571010763183,0.6503142021526362,65,65,1.0,2.61,3.25,0.9995168456238599,0.32000000000000006,391,390,1,0,joint_0,0.004513691001263545,0.5262158804858961,0.893167782152327,-0.22733781972239295,0.023303121981493778,0.0656203076676925,1,0.009999999999999787,0.01099819807984163,64,65,0.9846153846153847,11,0.05,0.5
paper-evidence-v3-locked-test::one_step_governed_pva_direct,synthetic-feasible-v3,synthetic,oscillatory__v3__test__003,test,8307138079948390478,clean,one_step_governed_pva_direct,391,1,command_p,linear_chirp,0.28229618020039354,1.9761210369123376,3.90188521291582,3.9,5,6,1.6938168941270135,1.9761210369123376,1.8349689655196757,3.251571010763183,3.90188521291582,0.6503142021526371,65,65,1.0,3.26,3.9,0.9995168456238586,0.32000000000000006,391,390,1,0,joint_0,0.0075830270283844285,0.6786163069740975,0.8138455328965752,-0.365023279164788,0.0316600772625252,0.08962588352121731,3,0.029999999999999805,0.008320385241701098,62,65,0.9538461538461539,11,0.05,0.5
paper-evidence-v3-locked-test::one_step_governed_pva_direct,synthetic-feasible-v3,synthetic,oscillatory__v3__test__004,test,399051331059600695,clean,one_step_governed_pva_direct,392,1,command_p,linear_chirp,0.26158962151558107,1.0307092527839867,3.9154229986852602,3.91,0,6,0.26158962151558107,0.389776226726982,0.3256829241212815,0.0,0.6525704997808766,0.6525704997808766,66,65,0.9848484848484849,0.01,0.65,0.9960609623301395,0.32000000000000006,392,391,1,0,joint_0,0.00033833357591218184,0.2256578834206036,0.9955735129742933,0.00428109514715478,-0.0020920883597283003,0.011897270069423937,-1,-0.010000000000000009,0.00045249552497768705,64,65,0.9846153846153847,11,0.05,0.5
paper-evidence-v3-locked-test::one_step_governed_pva_direct,synthetic-feasible-v3,synthetic,oscillatory__v3__test__004,test,399051331059600695,clean,one_step_governed_pva_direct,392,1,command_p,linear_chirp,0.26158962151558107,1.0307092527839867,3.9154229986852602,3.91,1,6,0.389776226726982,0.5179628319383829,0.45386952933268243,0.6525704997808766,1.3051409995617531,0.6525704997808766,65,65,1.0,0.66,1.3,0.9960609623301395,0.32,392,391,1,0,joint_0,0.0010688581275665457,0.3139597771500332,0.9904231270570883,-0.0030006704060517734,0.0010522220524803035,0.006184634515190769,1,0.010000000000000009,0.00038380307031432755,64,65,0.9846153846153847,11,0.05,0.5
paper-evidence-v3-locked-test::one_step_governed_pva_direct,synthetic-feasible-v3,synthetic,oscillatory__v3__test__004,test,399051331059600695,clean,one_step_governed_pva_direct,392,1,command_p,linear_chirp,0.26158962151558107,1.0307092527839867,3.9154229986852602,3.91,2,6,0.5179628319383829,0.6461494371497839,0.5820561345440833,1.3051409995617531,1.9577114993426301,0.652570499780877,65,65,1.0,1.31,1.95,0.9960609623301387,0.31999999999999995,392,391,1,0,joint_0,0.0017251141571955903,0.39075169521746445,0.9776903924744648,-0.005681363920394397,0.001553487881616399,0.015367634179490655,1,0.010000000000000009,0.00032313178690692747,64,65,0.9846153846153847,11,0.05,0.5
paper-evidence-v3-locked-test::one_step_governed_pva_direct,synthetic-feasible-v3,synthetic,oscillatory__v3__test__004,test,399051331059600695,clean,one_step_governed_pva_direct,392,1,command_p,linear_chirp,0.26158962151558107,1.0307092527839867,3.9154229986852602,3.91,3,6,0.6461494371497839,0.7743360423611848,0.7102427397554844,1.9577114993426301,2.6102819991235067,0.6525704997808766,66,66,1.0,1.96,2.61,1.0,0.325,392,391,1,0,joint_0,0.0016266859502520933,0.43279006553186433,0.9245652008721632,-0.027755476223954335,0.006219593656716145,0.03363911191123691,2,0.020000000000000018,0.0016436556870459008,64,66,0.9696969696969697,11,0.05,0.5
paper-evidence-v3-locked-test::one_step_governed_pva_direct,synthetic-feasible-v3,synthetic,oscillatory__v3__test__004,test,399051331059600695,clean,one_step_governed_pva_direct,392,1,command_p,linear_chirp,0.26158962151558107,1.0307092527839867,3.9154229986852602,3.91,4,6,0.7743360423611848,0.9025226475725857,0.8384293449668853,2.6102819991235067,3.2628524989043832,0.6525704997808766,65,65,1.0,2.6199999999999997,3.26,0.9960609623301397,0.32000000000000006,392,391,1,0,joint_0,0.002149822301925269,0.4820975861388561,0.8675457318847608,-0.05986860403317033,0.011364564378727434,0.011395087369003663,3,0.029999999999999805,0.0030481386114705384,62,65,0.9538461538461539,11,0.05,0.5
paper-evidence-v3-locked-test::one_step_governed_pva_direct,synthetic-feasible-v3,synthetic,oscillatory__v3__test__004,test,399051331059600695,clean,one_step_governed_pva_direct,392,1,command_p,linear_chirp,0.26158962151558107,1.0307092527839867,3.9154229986852602,3.91,5,6,0.9025226475725857,1.0307092527839867,0.9666159501782863,3.2628524989043832,3.9154229986852602,0.652570499780877,65,65,1.0,3.27,3.9099999999999997,0.9960609623301384,0.31999999999999984,392,391,1,0,joint_0,0.003928035226999296,0.5729783547020808,0.9107809077929079,-0.04611114319279606,0.007592277335583067,-0.04555728229612238,4,0.040000000000000036,0.0018156487907932757,61,65,0.9384615384615385,11,0.05,0.5
paper-evidence-v3-locked-test::one_step_governed_pva_direct,synthetic-feasible-v3,synthetic,oscillatory__v3__test__008,test,8475040092451367165,clean,one_step_governed_pva_direct,262,1,command_p,linear_chirp,0.34672951640188643,1.1802521571669644,2.6125520475115667,2.61,0,6,0.34672951640188643,0.48564995652939946,0.41618973646564295,0.0,0.4354253412519279,0.4354253412519279,44,43,0.9772727272727273,0.01,0.43,0.9875401343515537,0.21000000000000002,262,261,1,0,joint_0,0.0002004134844811899,0.1947088114782252,0.26386569621833017,-0.03722291207311,0.01423439824110006,1.5659595280966319,5,0.04999999999999999,0.012257748114852722,38,43,0.8837209302325582,11,0.05,0.5
paper-evidence-v3-locked-test::one_step_governed_pva_direct,synthetic-feasible-v3,synthetic,oscillatory__v3__test__008,test,8475040092451367165,clean,one_step_governed_pva_direct,262,1,command_p,linear_chirp,0.34672951640188643,1.1802521571669644,2.6125520475115667,2.61,1,6,0.48564995652939946,0.6245703966569125,0.555110176593156,0.4354253412519279,0.8708506825038558,0.4354253412519279,44,44,1.0,0.44,0.87,1.0,0.21499999999999997,262,261,1,0,joint_0,0.000245389949946952,0.2532861140597621,0.04337094450088973,-0.7149730433110812,0.20498902527563087,-0.013023423536436842,-5,-0.050000000000000044,0.012329414538440844,39,44,0.8863636363636364,11,0.05,0.5
paper-evidence-v3-locked-test::one_step_governed_pva_direct,synthetic-feasible-v3,synthetic,oscillatory__v3__test__008,test,8475040092451367165,clean,one_step_governed_pva_direct,262,1,command_p,linear_chirp,0.34672951640188643,1.1802521571669644,2.6125520475115667,2.61,2,6,0.6245703966569125,0.7634908367844254,0.6940306167206689,0.8708506825038558,1.3062760237557833,0.43542534125192756,43,43,1.0,0.88,1.3,0.9875401343515546,0.21000000000000002,262,261,1,0,joint_0,0.0005733628626495425,0.3138500392325829,0.6979081791589224,-0.014487586427532253,0.0033222900227481314,-0.404094742731045,5,0.050000000000000044,0.009771641136947987,38,43,0.8837209302325582,11,0.05,0.5
paper-evidence-v3-locked-test::one_step_governed_pva_direct,synthetic-feasible-v3,synthetic,oscillatory__v3__test__008,test,8475040092451367165,clean,one_step_governed_pva_direct,262,1,command_p,linear_chirp,0.34672951640188643,1.1802521571669644,2.6125520475115667,2.61,3,6,0.7634908367844254,0.9024112769119385,0.8329510568481819,1.3062760237557833,1.741701365007711,0.4354253412519278,44,44,1.0,1.31,1.74,1.0,0.21499999999999994,262,261,1,0,joint_0,0.0009699603120345592,0.3790188430774843,0.6795234200903199,-0.009534450920046938,0.0018217817014777123,-0.024255140945269302,-5,-0.050000000000000044,0.0074936723566064395,39,44,0.8863636363636364,11,0.05,0.5
paper-evidence-v3-locked-test::one_step_governed_pva_direct,synthetic-feasible-v3,synthetic,oscillatory__v3__test__008,test,8475040092451367165,clean,one_step_governed_pva_direct,262,1,command_p,linear_chirp,0.34672951640188643,1.1802521571669644,2.6125520475115667,2.61,4,6,0.9024112769119385,1.0413317170394514,0.971871496975695,1.741701365007711,2.1771267062596387,0.43542534125192756,43,43,1.0,1.75,2.17,0.9875401343515543,0.20999999999999996,262,261,1,0,joint_0,0.0006071366795625948,0.3803042189259734,1.1346889726453462,0.027855237364325963,-0.004561609977580612,0.010465432990354151,-4,-0.040000000000000036,0.004986332487446261,39,43,0.9069767441860465,11,0.05,0.5
paper-evidence-v3-locked-test::one_step_governed_pva_direct,synthetic-feasible-v3,synthetic,oscillatory__v3__test__008,test,8475040092451367165,clean,one_step_governed_pva_direct,262,1,command_p,linear_chirp,0.34672951640188643,1.1802521571669644,2.6125520475115667,2.61,5,6,1.0413317170394514,1.1802521571669644,1.1107919371032078,2.1771267062596387,2.6125520475115667,0.435425341251928,44,44,1.0,2.1799999999999997,2.61,1.0,0.21500000000000008,262,261,1,0,joint_0,0.0003669431111406947,0.2796747964059743,1.0469867304143763,-0.02780422663547076,0.00398380647182475,0.11706769053390173,1,0.009999999999999787,0.010209564945838256,43,44,0.9772727272727273,11,0.05,0.5
paper-evidence-v3-locked-test::one_step_governed_pva_direct,synthetic-feasible-v3,synthetic,oscillatory__v3__test__009,test,7163919590177205794,clean,one_step_governed_pva_direct,392,1,command_p,linear_chirp,0.16412072016643378,1.1051599812148352,3.912233169450274,3.91,0,6,0.16412072016643378,0.320960597007834,0.24254065858713392,0.0,0.6520388615750456,0.6520388615750456,66,65,0.9848484848484849,0.01,0.65,0.9968730980694608,0.32000000000000006,392,391,1,0,joint_0,1.1014964544490822e-05,0.018479188904782187,6.643956712192714,1.5360713063617695,-1.0079684897914654,1.516294555702157,-5,-0.04999999999999999,0.008512349404795746,60,65,0.9230769230769231,11,0.05,0.5
paper-evidence-v3-locked-test::one_step_governed_pva_direct,synthetic-feasible-v3,synthetic,oscillatory__v3__test__009,test,7163919590177205794,clean,one_step_governed_pva_direct,392,1,command_p,linear_chirp,0.16412072016643378,1.1051599812148352,3.912233169450274,3.91,1,6,0.320960597007834,0.4778004738492343,0.39938053542853413,0.6520388615750456,1.3040777231500915,0.6520388615750459,65,65,1.0,0.66,1.3,0.9968730980694605,0.32,392,391,1,0,joint_0,0.0024665419842833667,0.280905109946025,0.8471672320033632,-0.008180999331814143,0.0032601650996652146,1.617798543347184,4,0.040000000000000036,0.004445258743687425,61,65,0.9384615384615385,11,0.05,0.5
paper-evidence-v3-locked-test::one_step_governed_pva_direct,synthetic-feasible-v3,synthetic,oscillatory__v3__test__009,test,7163919590177205794,clean,one_step_governed_pva_direct,392,1,command_p,linear_chirp,0.16412072016643378,1.1051599812148352,3.912233169450274,3.91,2,6,0.4778004738492343,0.6346403506906345,0.5562204122699344,1.3040777231500915,1.9561165847251372,0.6520388615750456,65,65,1.0,1.31,1.95,0.9968730980694606,0.31999999999999995,392,391,1,0,joint_0,0.000630502270925182,0.1909141571876037,0.4971876032998398,-1.6524608166557777,0.4728292983048676,0.029283937675524882,4,0.040000000000000036,0.0010747575065747608,61,65,0.9384615384615385,11,0.05,0.5
paper-evidence-v3-locked-test::one_step_governed_pva_direct,synthetic-feasible-v3,synthetic,oscillatory__v3__test__009,test,7163919590177205794,clean,one_step_governed_pva_direct,392,1,command_p,linear_chirp,0.16412072016643378,1.1051599812148352,3.912233169450274,3.91,3,6,0.6346403506906345,0.7914802275320347,0.7130602891113347,1.9561165847251372,2.6081554463001826,0.6520388615750454,65,65,1.0,1.96,2.5999999999999996,0.9968730980694606,0.31999999999999984,392,391,1,0,joint_0,0.0029728419939586293,0.39312061663959297,1.346461358154068,-0.06589694693902631,0.01470818807352326,-0.7554563713813152,3,0.029999999999999805,0.002653541258393474,62,65,0.9538461538461539,11,0.05,0.5
paper-evidence-v3-locked-test::one_step_governed_pva_direct,synthetic-feasible-v3,synthetic,oscillatory__v3__test__009,test,7163919590177205794,clean,one_step_governed_pva_direct,392,1,command_p,linear_chirp,0.16412072016643378,1.1051599812148352,3.912233169450274,3.91,4,6,0.7914802275320347,0.948320104373435,0.8699001659527348,2.6081554463001826,3.2601943078752282,0.6520388615750456,66,66,1.0,2.61,3.26,1.0,0.325,392,391,1,0,joint_0,0.0033329469072301663,0.38569135785455516,1.4583547844646605,-0.16352579591836,0.029918305297642136,0.08443452081521463,3,0.029999999999999805,0.0017376752649545912,63,66,0.9545454545454546,11,0.05,0.5
paper-evidence-v3-locked-test::one_step_governed_pva_direct,synthetic-feasible-v3,synthetic,oscillatory__v3__test__009,test,7163919590177205794,clean,one_step_governed_pva_direct,392,1,command_p,linear_chirp,0.16412072016643378,1.1051599812148352,3.912233169450274,3.91,5,6,0.948320104373435,1.1051599812148352,1.026740042794135,3.2601943078752282,3.912233169450274,0.6520388615750456,65,65,1.0,3.27,3.9099999999999997,0.9968730980694602,0.31999999999999984,392,391,1,0,joint_0,0.005503526652561406,0.47482759800611984,0.6967965707672125,-0.2323096211363288,0.03601030737150809,0.05516372433361072,3,0.029999999999999805,0.0035278010132432274,62,65,0.9538461538461539,11,0.05,0.5
paper-evidence-v3-locked-test::one_step_governed_pva_direct,synthetic-feasible-v3,synthetic,oscillatory__v3__test__014,test,2538550119372057008,clean,one_step_governed_pva_direct,356,1,command_p,linear_chirp,0.18010742364176516,1.1952329035694962,3.5566745513624474,3.5500000000000003,0,6,0.18010742364176516,0.3492950036297203,0.2647012136357427,0.0,0.5927790918937412,0.5927790918937412,60,59,0.9833333333333333,0.01,0.59,0.9953117579014756,0.29,356,355,1,0,joint_0,0.0009222668787234665,0.1730509189117292,0.6679910729095749,-0.024642509121716515,0.014816619399053323,5.318382110219934,5,0.04999999999999999,0.022902898852051535,54,59,0.9152542372881356,11,0.05,0.5
paper-evidence-v3-locked-test::one_step_governed_pva_direct,synthetic-feasible-v3,synthetic,oscillatory__v3__test__014,test,2538550119372057008,clean,one_step_governed_pva_direct,356,1,command_p,linear_chirp,0.18010742364176516,1.1952329035694962,3.5566745513624474,3.5500000000000003,1,6,0.3492950036297203,0.5184825836176755,0.4338887936236979,0.5927790918937412,1.1855581837874827,0.5927790918937414,59,59,1.0,0.6,1.18,0.9953117579014753,0.29,356,355,1,0,joint_0,0.0004663776417337323,0.20289335310522658,1.4436200257938379,-2.850224098866706,1.0454919807117675,-0.0023266745976926757,5,0.050000000000000044,0.014020288764366963,54,59,0.9152542372881356,11,0.05,0.5
paper-evidence-v3-locked-test::one_step_governed_pva_direct,synthetic-feasible-v3,synthetic,oscillatory__v3__test__014,test,2538550119372057008,clean,one_step_governed_pva_direct,356,1,command_p,linear_chirp,0.18010742364176516,1.1952329035694962,3.5566745513624474,3.5500000000000003,2,6,0.5184825836176755,0.6876701636056306,0.6030763736116531,1.1855581837874827,1.7783372756812237,0.592779091893741,59,59,1.0,1.19,1.77,0.9953117579014762,0.29000000000000004,356,355,1,0,joint_0,0.004103728745725457,0.36956036659110064,1.2760223136231912,-0.019695827140550723,0.005197829636285369,-1.3274494395578882,5,0.050000000000000044,0.013066800808621394,54,59,0.9152542372881356,11,0.05,0.5
paper-evidence-v3-locked-test::one_step_governed_pva_direct,synthetic-feasible-v3,synthetic,oscillatory__v3__test__014,test,2538550119372057008,clean,one_step_governed_pva_direct,356,1,command_p,linear_chirp,0.18010742364176516,1.1952329035694962,3.5566745513624474,3.5500000000000003,3,6,0.6876701636056306,0.8568577435935858,0.7722639535996082,1.7783372756812237,2.371116367574965,0.5927790918937412,60,60,1.0,1.78,2.3699999999999997,1.0,0.29499999999999976,356,355,1,0,joint_0,0.007515953882492891,0.4654898879838397,0.9936599838296232,-0.02796858016138381,0.005764010819355186,0.0075438468055562,5,0.04999999999999982,0.014725121566707852,55,60,0.9166666666666666,11,0.05,0.5
paper-evidence-v3-locked-test::one_step_governed_pva_direct,synthetic-feasible-v3,synthetic,oscillatory__v3__test__014,test,2538550119372057008,clean,one_step_governed_pva_direct,356,1,command_p,linear_chirp,0.18010742364176516,1.1952329035694962,3.5566745513624474,3.5500000000000003,4,6,0.8568577435935858,1.026045323581541,0.9414515335875634,2.371116367574965,2.963895459468706,0.5927790918937412,59,59,1.0,2.38,2.96,0.9953117579014759,0.29000000000000004,356,355,1,0,joint_0,0.009708698417315621,0.5334042300835387,0.8695300725816301,-0.035734602437589094,0.006041031762615981,-0.0015218346553687936,5,0.04999999999999982,0.010820862414683304,54,59,0.9152542372881356,11,0.05,0.5
paper-evidence-v3-locked-test::one_step_governed_pva_direct,synthetic-feasible-v3,synthetic,oscillatory__v3__test__014,test,2538550119372057008,clean,one_step_governed_pva_direct,356,1,command_p,linear_chirp,0.18010742364176516,1.1952329035694962,3.5566745513624474,3.5500000000000003,5,6,1.026045323581541,1.1952329035694962,1.1106391135755187,2.963895459468706,3.5566745513624474,0.5927790918937412,59,59,1.0,2.9699999999999998,3.55,0.9953117579014759,0.2900000000000001,356,355,1,0,joint_0,0.009490675554489583,0.565853138766414,0.9451062772217335,-0.024733047321728478,0.0035442536561730706,-0.01917651540687334,0,0.0,0.008746531839839946,59,59,1.0,11,0.05,0.5
paper-evidence-v3-locked-test::one_step_governed_pva_ruckig,synthetic-feasible-v3,synthetic,oscillatory__v3__test__000,test,3028318613495693642,clean,one_step_governed_pva_ruckig,375,1,command_p,linear_chirp,0.2606824396084501,1.237962077868985,3.742402242758711,3.74,0,6,0.2606824396084501,0.42356237931853924,0.3421224094634947,0.0,0.6237337071264517,0.6237337071264517,63,62,0.9841269841269841,0.01,0.62,0.9940139404303594,0.3050000000000001,375,374,1,0,joint_0,0.00014059641326534783,0.2122297206178479,0.29580476753164464,-0.07512493554673101,0.034948031789183535,-0.1487258714679276,5,0.04999999999999999,0.007520489439432814,57,62,0.9193548387096774,11,0.05,0.5
paper-evidence-v3-locked-test::one_step_governed_pva_ruckig,synthetic-feasible-v3,synthetic,oscillatory__v3__test__000,test,3028318613495693642,clean,one_step_governed_pva_ruckig,375,1,command_p,linear_chirp,0.2606824396084501,1.237962077868985,3.742402242758711,3.74,1,6,0.42356237931853924,0.5864423190286284,0.5050023491735838,0.6237337071264517,1.2474674142529036,0.6237337071264519,62,62,1.0,0.63,1.24,0.9940139404303591,0.30500000000000005,375,374,1,0,joint_0,0.0009423230224640148,0.33288764336631155,0.6246070729463832,-0.02320654936640806,0.007313702698243082,0.04726380299393588,5,0.050000000000000044,0.0040332824253850475,57,62,0.9193548387096774,11,0.05,0.5
paper-evidence-v3-locked-test::one_step_governed_pva_ruckig,synthetic-feasible-v3,synthetic,oscillatory__v3__test__000,test,3028318613495693642,clean,one_step_governed_pva_ruckig,375,1,command_p,linear_chirp,0.2606824396084501,1.237962077868985,3.742402242758711,3.74,2,6,0.5864423190286284,0.7493222587387176,0.6678822888836731,1.2474674142529036,1.8712011213793556,0.6237337071264519,63,63,1.0,1.25,1.87,1.0,0.31,375,374,1,0,joint_0,0.0008092458813155768,0.38838307633068847,0.43284818291301896,-0.1718649454084023,0.04095505459754772,0.09419354804282767,4,0.040000000000000036,0.004713556689568954,59,63,0.9365079365079365,11,0.05,0.5
paper-evidence-v3-locked-test::one_step_governed_pva_ruckig,synthetic-feasible-v3,synthetic,oscillatory__v3__test__000,test,3028318613495693642,clean,one_step_governed_pva_ruckig,375,1,command_p,linear_chirp,0.2606824396084501,1.237962077868985,3.742402242758711,3.74,3,6,0.7493222587387176,0.9122021984488067,0.8307622285937621,1.8712011213793556,2.494934828505807,0.6237337071264513,62,62,1.0,1.8800000000000001,2.4899999999999998,0.9940139404303595,0.3049999999999999,375,374,1,0,joint_0,0.0007247675283505879,0.36567288254866165,0.5935000097539476,-0.21600281605146654,0.04138117347312728,-0.0755336931671178,1,0.010000000000000009,0.004955357901636105,61,62,0.9838709677419355,11,0.05,0.5
paper-evidence-v3-locked-test::one_step_governed_pva_ruckig,synthetic-feasible-v3,synthetic,oscillatory__v3__test__000,test,3028318613495693642,clean,one_step_governed_pva_ruckig,375,1,command_p,linear_chirp,0.2606824396084501,1.237962077868985,3.742402242758711,3.74,4,6,0.9122021984488067,1.075082138158896,0.9936421683038513,2.494934828505807,3.1186685356322594,0.6237337071264526,62,62,1.0,2.5,3.11,0.9940139404303578,0.305,375,374,1,0,joint_0,0.0019141345761439486,0.5261727487912008,0.9669058939036471,-0.017261850460394575,0.0027648875171779057,-0.08268659363831757,0,0.0,0.0016146472622839126,62,62,1.0,11,0.05,0.5
paper-evidence-v3-locked-test::one_step_governed_pva_ruckig,synthetic-feasible-v3,synthetic,oscillatory__v3__test__000,test,3028318613495693642,clean,one_step_governed_pva_ruckig,375,1,command_p,linear_chirp,0.2606824396084501,1.237962077868985,3.742402242758711,3.74,5,6,1.075082138158896,1.237962077868985,1.1565221080139405,3.1186685356322594,3.7424022427587107,0.6237337071264513,63,63,1.0,3.1199999999999997,3.7399999999999998,1.0,0.31,375,374,1,0,joint_0,0.003426841462181297,0.6270537407526952,1.1398435058900498,-0.0467590951214109,0.006434759069030239,0.1403319034750939,3,0.029999999999999805,0.0029817622216585502,60,63,0.9523809523809523,11,0.05,0.5
paper-evidence-v3-locked-test::one_step_governed_pva_ruckig,synthetic-feasible-v3,synthetic,oscillatory__v3__test__003,test,8307138079948390478,clean,one_step_governed_pva_ruckig,391,1,command_p,linear_chirp,0.28229618020039354,1.9761210369123376,3.90188521291582,3.9,0,6,0.28229618020039354,0.5646003229857175,0.42344825159305555,0.0,0.6503142021526366,0.6503142021526366,66,65,0.9848484848484849,0.01,0.65,0.9995168456238592,0.32000000000000006,391,390,1,0,joint_0,0.0002805985199306203,0.21636907457494978,0.20371926750521077,0.010451810005374148,-0.003928360125126339,0.02604339667753426,0,0.0,0.01550669412393395,65,65,1.0,11,0.05,0.5
paper-evidence-v3-locked-test::one_step_governed_pva_ruckig,synthetic-feasible-v3,synthetic,oscillatory__v3__test__003,test,8307138079948390478,clean,one_step_governed_pva_ruckig,391,1,command_p,linear_chirp,0.28229618020039354,1.9761210369123376,3.90188521291582,3.9,1,6,0.5646003229857175,0.8469044657710416,0.7057523943783796,0.6503142021526366,1.3006284043052734,0.6503142021526368,65,65,1.0,0.66,1.3,0.9995168456238589,0.32,391,390,1,0,joint_0,0.0030617169059266413,0.4559265576167148,0.7332933573635873,-0.013313796233129838,0.0030024077830968295,0.00075333163905868,3,0.030000000000000027,0.010357938919093167,62,65,0.9538461538461539,11,0.05,0.5
paper-evidence-v3-locked-test::one_step_governed_pva_ruckig,synthetic-feasible-v3,synthetic,oscillatory__v3__test__003,test,8307138079948390478,clean,one_step_governed_pva_ruckig,391,1,command_p,linear_chirp,0.28229618020039354,1.9761210369123376,3.90188521291582,3.9,2,6,0.8469044657710416,1.1292086085563655,0.9880565371637036,1.3006284043052734,1.9509426064579098,0.6503142021526365,65,65,1.0,1.31,1.95,0.9995168456238592,0.31999999999999995,391,390,1,0,joint_0,0.003805121755294622,0.5339282666897226,0.888678803424626,0.007779337024440961,-0.001253086129030328,0.03352152978659546,-2,-0.020000000000000018,0.004577559466652772,63,65,0.9692307692307692,11,0.05,0.5
paper-evidence-v3-locked-test::one_step_governed_pva_ruckig,synthetic-feasible-v3,synthetic,oscillatory__v3__test__003,test,8307138079948390478,clean,one_step_governed_pva_ruckig,391,1,command_p,linear_chirp,0.28229618020039354,1.9761210369123376,3.90188521291582,3.9,3,6,1.1292086085563655,1.4115127513416896,1.2703606799490275,1.9509426064579098,2.6012568086105468,0.6503142021526369,65,65,1.0,1.96,2.5999999999999996,0.9995168456238582,0.31999999999999984,391,390,1,0,joint_0,0.0055032966534253585,0.6077595559923703,0.907826650213694,-0.1322327132006473,0.0165665470259835,0.06627614296008218,3,0.029999999999999805,0.012571689587700993,62,65,0.9538461538461539,11,0.05,0.5
paper-evidence-v3-locked-test::one_step_governed_pva_ruckig,synthetic-feasible-v3,synthetic,oscillatory__v3__test__003,test,8307138079948390478,clean,one_step_governed_pva_ruckig,391,1,command_p,linear_chirp,0.28229618020039354,1.9761210369123376,3.90188521291582,3.9,4,6,1.4115127513416896,1.6938168941270135,1.5526648227343516,2.6012568086105468,3.251571010763183,0.6503142021526362,65,65,1.0,2.61,3.25,0.9995168456238599,0.32000000000000006,391,390,1,0,joint_0,0.004513691001263545,0.5262158804858961,0.8931677817167655,-0.2273378307114112,0.023303123107916268,0.06562029555479268,1,0.009999999999999787,0.010998197989857565,64,65,0.9846153846153847,11,0.05,0.5
paper-evidence-v3-locked-test::one_step_governed_pva_ruckig,synthetic-feasible-v3,synthetic,oscillatory__v3__test__003,test,8307138079948390478,clean,one_step_governed_pva_ruckig,391,1,command_p,linear_chirp,0.28229618020039354,1.9761210369123376,3.90188521291582,3.9,5,6,1.6938168941270135,1.9761210369123376,1.8349689655196757,3.251571010763183,3.90188521291582,0.6503142021526371,65,65,1.0,3.26,3.9,0.9995168456238586,0.32000000000000006,391,390,1,0,joint_0,0.0075830270283844285,0.6786163069740975,0.8138456186088693,-0.3650232370264663,0.031660073607682894,0.08962583573078953,3,0.029999999999999805,0.008320381205969698,62,65,0.9538461538461539,11,0.05,0.5
paper-evidence-v3-locked-test::one_step_governed_pva_ruckig,synthetic-feasible-v3,synthetic,oscillatory__v3__test__004,test,399051331059600695,clean,one_step_governed_pva_ruckig,392,1,command_p,linear_chirp,0.26158962151558107,1.0307092527839867,3.9154229986852602,3.91,0,6,0.26158962151558107,0.389776226726982,0.3256829241212815,0.0,0.6525704997808766,0.6525704997808766,66,65,0.9848484848484849,0.01,0.65,0.9960609623301395,0.32000000000000006,392,391,1,0,joint_0,0.00033833357591218184,0.2256578834206036,0.9955735129989902,0.004281095147633919,-0.0020920883599624463,0.011897270058721801,-1,-0.010000000000000009,0.00045249552480073826,64,65,0.9846153846153847,11,0.05,0.5
paper-evidence-v3-locked-test::one_step_governed_pva_ruckig,synthetic-feasible-v3,synthetic,oscillatory__v3__test__004,test,399051331059600695,clean,one_step_governed_pva_ruckig,392,1,command_p,linear_chirp,0.26158962151558107,1.0307092527839867,3.9154229986852602,3.91,1,6,0.389776226726982,0.5179628319383829,0.45386952933268243,0.6525704997808766,1.3051409995617531,0.6525704997808766,65,65,1.0,0.66,1.3,0.9960609623301395,0.32,392,391,1,0,joint_0,0.0010688581275665457,0.3139597771500332,0.9904231270616819,-0.0030006704007256696,0.0010522220506126397,0.00618463451385704,1,0.010000000000000009,0.0003838030700871948,64,65,0.9846153846153847,11,0.05,0.5
paper-evidence-v3-locked-test::one_step_governed_pva_ruckig,synthetic-feasible-v3,synthetic,oscillatory__v3__test__004,test,399051331059600695,clean,one_step_governed_pva_ruckig,392,1,command_p,linear_chirp,0.26158962151558107,1.0307092527839867,3.9154229986852602,3.91,2,6,0.5179628319383829,0.6461494371497839,0.5820561345440833,1.3051409995617531,1.9577114993426301,0.652570499780877,65,65,1.0,1.31,1.95,0.9960609623301387,0.31999999999999995,392,391,1,0,joint_0,0.0017251141571955903,0.39075169521746445,0.9776903924883349,-0.005681363917766834,0.0015534878808979291,0.01536763417865918,1,0.010000000000000009,0.0003231317863377967,64,65,0.9846153846153847,11,0.05,0.5
paper-evidence-v3-locked-test::one_step_governed_pva_ruckig,synthetic-feasible-v3,synthetic,oscillatory__v3__test__004,test,399051331059600695,clean,one_step_governed_pva_ruckig,392,1,command_p,linear_chirp,0.26158962151558107,1.0307092527839867,3.9154229986852602,3.91,3,6,0.6461494371497839,0.7743360423611848,0.7102427397554844,1.9577114993426301,2.6102819991235067,0.6525704997808766,66,66,1.0,1.96,2.61,1.0,0.325,392,391,1,0,joint_0,0.0016266859502520933,0.43279006553186433,0.9245652009219401,-0.027755476217288858,0.00621959365522251,0.03363911188788279,2,0.020000000000000018,0.001643655687400854,64,66,0.9696969696969697,11,0.05,0.5
paper-evidence-v3-locked-test::one_step_governed_pva_ruckig,synthetic-feasible-v3,synthetic,oscillatory__v3__test__004,test,399051331059600695,clean,one_step_governed_pva_ruckig,392,1,command_p,linear_chirp,0.26158962151558107,1.0307092527839867,3.9154229986852602,3.91,4,6,0.7743360423611848,0.9025226475725857,0.8384293449668853,2.6102819991235067,3.2628524989043832,0.6525704997808766,65,65,1.0,2.6199999999999997,3.26,0.9960609623301397,0.32000000000000006,392,391,1,0,joint_0,0.002149822301925269,0.4820975861388561,0.8675457320367863,-0.059868603992923,0.011364564371087479,0.01139508737411412,3,0.029999999999999805,0.0030481386134224037,62,65,0.9538461538461539,11,0.05,0.5
paper-evidence-v3-locked-test::one_step_governed_pva_ruckig,synthetic-feasible-v3,synthetic,oscillatory__v3__test__004,test,399051331059600695,clean,one_step_governed_pva_ruckig,392,1,command_p,linear_chirp,0.26158962151558107,1.0307092527839867,3.9154229986852602,3.91,5,6,0.9025226475725857,1.0307092527839867,0.9666159501782863,3.2628524989043832,3.9154229986852602,0.652570499780877,65,65,1.0,3.27,3.9099999999999997,0.9960609623301384,0.31999999999999984,392,391,1,0,joint_0,0.003928035226999296,0.5729783547020808,0.910780907847451,-0.04611114319436271,0.007592277335841019,-0.045557282197401405,4,0.040000000000000036,0.0018156487940582968,61,65,0.9384615384615385,11,0.05,0.5
paper-evidence-v3-locked-test::one_step_governed_pva_ruckig,synthetic-feasible-v3,synthetic,oscillatory__v3__test__008,test,8475040092451367165,clean,one_step_governed_pva_ruckig,262,1,command_p,linear_chirp,0.34672951640188643,1.1802521571669644,2.6125520475115667,2.61,0,6,0.34672951640188643,0.48564995652939946,0.41618973646564295,0.0,0.4354253412519279,0.4354253412519279,44,43,0.9772727272727273,0.01,0.43,0.9875401343515537,0.21000000000000002,262,261,1,0,joint_0,0.0002004134844811899,0.1947088114782252,0.2638656962194088,-0.03722291207391649,0.01423439824140847,1.5659595254761536,5,0.04999999999999999,0.012257748114681027,38,43,0.8837209302325582,11,0.05,0.5
paper-evidence-v3-locked-test::one_step_governed_pva_ruckig,synthetic-feasible-v3,synthetic,oscillatory__v3__test__008,test,8475040092451367165,clean,one_step_governed_pva_ruckig,262,1,command_p,linear_chirp,0.34672951640188643,1.1802521571669644,2.6125520475115667,2.61,1,6,0.48564995652939946,0.6245703966569125,0.555110176593156,0.4354253412519279,0.8708506825038558,0.4354253412519279,44,44,1.0,0.44,0.87,1.0,0.21499999999999997,262,261,1,0,joint_0,0.000245389949946952,0.2532861140597621,0.04337094455475139,-0.7149730421677163,0.20498902494781812,-0.01302342353761077,-5,-0.050000000000000044,0.012329414537403941,39,44,0.8863636363636364,11,0.05,0.5
paper-evidence-v3-locked-test::one_step_governed_pva_ruckig,synthetic-feasible-v3,synthetic,oscillatory__v3__test__008,test,8475040092451367165,clean,one_step_governed_pva_ruckig,262,1,command_p,linear_chirp,0.34672951640188643,1.1802521571669644,2.6125520475115667,2.61,2,6,0.6245703966569125,0.7634908367844254,0.6940306167206689,0.8708506825038558,1.3062760237557833,0.43542534125192756,43,43,1.0,0.88,1.3,0.9875401343515546,0.21000000000000002,262,261,1,0,joint_0,0.0005733628626495425,0.3138500392325829,0.697908179187505,-0.014487586426289384,0.003322290022463117,-0.40409474207627355,5,0.050000000000000044,0.009771641135826195,38,43,0.8837209302325582,11,0.05,0.5
paper-evidence-v3-locked-test::one_step_governed_pva_ruckig,synthetic-feasible-v3,synthetic,oscillatory__v3__test__008,test,8475040092451367165,clean,one_step_governed_pva_ruckig,262,1,command_p,linear_chirp,0.34672951640188643,1.1802521571669644,2.6125520475115667,2.61,3,6,0.7634908367844254,0.9024112769119385,0.8329510568481819,1.3062760237557833,1.741701365007711,0.4354253412519278,44,44,1.0,1.31,1.74,1.0,0.21499999999999994,262,261,1,0,joint_0,0.0009699603120345592,0.3790188430774843,0.6795234201166481,-0.009534450919733454,0.0018217817014178138,-0.024255140941297507,-5,-0.050000000000000044,0.007493672356019358,39,44,0.8863636363636364,11,0.05,0.5
paper-evidence-v3-locked-test::one_step_governed_pva_ruckig,synthetic-feasible-v3,synthetic,oscillatory__v3__test__008,test,8475040092451367165,clean,one_step_governed_pva_ruckig,262,1,command_p,linear_chirp,0.34672951640188643,1.1802521571669644,2.6125520475115667,2.61,4,6,0.9024112769119385,1.0413317170394514,0.971871496975695,1.741701365007711,2.1771267062596387,0.43542534125192756,43,43,1.0,1.75,2.17,0.9875401343515543,0.20999999999999996,262,261,1,0,joint_0,0.0006071366795625948,0.3803042189259734,1.1346889726134988,0.02785523735863516,-0.004561609976648679,0.010465432984973749,-4,-0.040000000000000036,0.004986332486848538,39,43,0.9069767441860465,11,0.05,0.5
paper-evidence-v3-locked-test::one_step_governed_pva_ruckig,synthetic-feasible-v3,synthetic,oscillatory__v3__test__008,test,8475040092451367165,clean,one_step_governed_pva_ruckig,262,1,command_p,linear_chirp,0.34672951640188643,1.1802521571669644,2.6125520475115667,2.61,5,6,1.0413317170394514,1.1802521571669644,1.1107919371032078,2.1771267062596387,2.6125520475115667,0.435425341251928,44,44,1.0,2.1799999999999997,2.61,1.0,0.21500000000000008,262,261,1,0,joint_0,0.0003669431111406947,0.2796747964059743,1.0469867304342735,-0.02780422662576457,0.003983806470434041,0.11706769050400284,1,0.009999999999999787,0.01020956494618481,43,44,0.9772727272727273,11,0.05,0.5
paper-evidence-v3-locked-test::one_step_governed_pva_ruckig,synthetic-feasible-v3,synthetic,oscillatory__v3__test__009,test,7163919590177205794,clean,one_step_governed_pva_ruckig,392,1,command_p,linear_chirp,0.16412072016643378,1.1051599812148352,3.912233169450274,3.91,0,6,0.16412072016643378,0.320960597007834,0.24254065858713392,0.0,0.6520388615750456,0.6520388615750456,66,65,0.9848484848484849,0.01,0.65,0.9968730980694608,0.32000000000000006,392,391,1,0,joint_0,1.1014964544490822e-05,0.018479188904782187,6.643957297486132,1.5360713098550267,-1.0079684920837373,1.5162945690335792,-5,-0.04999999999999999,0.008512349264346004,60,65,0.9230769230769231,11,0.05,0.5
paper-evidence-v3-locked-test::one_step_governed_pva_ruckig,synthetic-feasible-v3,synthetic,oscillatory__v3__test__009,test,7163919590177205794,clean,one_step_governed_pva_ruckig,392,1,command_p,linear_chirp,0.16412072016643378,1.1051599812148352,3.912233169450274,3.91,1,6,0.320960597007834,0.4778004738492343,0.39938053542853413,0.6520388615750456,1.3040777231500915,0.6520388615750459,65,65,1.0,0.66,1.3,0.9968730980694605,0.32,392,391,1,0,joint_0,0.0024665419842833667,0.280905109946025,0.8471672305698006,-0.008180999146101159,0.0032601650256577535,1.6177985367284937,4,0.040000000000000036,0.004445258910329556,61,65,0.9384615384615385,11,0.05,0.5
paper-evidence-v3-locked-test::one_step_governed_pva_ruckig,synthetic-feasible-v3,synthetic,oscillatory__v3__test__009,test,7163919590177205794,clean,one_step_governed_pva_ruckig,392,1,command_p,linear_chirp,0.16412072016643378,1.1051599812148352,3.912233169450274,3.91,2,6,0.4778004738492343,0.6346403506906345,0.5562204122699344,1.3040777231500915,1.9561165847251372,0.6520388615750456,65,65,1.0,1.31,1.95,0.9968730980694606,0.31999999999999995,392,391,1,0,joint_0,0.000630502270925182,0.1909141571876037,0.4971875969623472,-1.6524608001176908,0.4728292935727178,0.02928393754184097,4,0.040000000000000036,0.0010747575422270885,61,65,0.9384615384615385,11,0.05,0.5
paper-evidence-v3-locked-test::one_step_governed_pva_ruckig,synthetic-feasible-v3,synthetic,oscillatory__v3__test__009,test,7163919590177205794,clean,one_step_governed_pva_ruckig,392,1,command_p,linear_chirp,0.16412072016643378,1.1051599812148352,3.912233169450274,3.91,3,6,0.6346403506906345,0.7914802275320347,0.7130602891113347,1.9561165847251372,2.6081554463001826,0.6520388615750454,65,65,1.0,1.96,2.5999999999999996,0.9968730980694606,0.31999999999999984,392,391,1,0,joint_0,0.0029728419939586293,0.39312061663959297,1.3464613526184996,-0.06589694648983463,0.014708187973263747,-0.7554563635990965,3,0.029999999999999805,0.0026535410759359053,62,65,0.9538461538461539,11,0.05,0.5
paper-evidence-v3-locked-test::one_step_governed_pva_ruckig,synthetic-feasible-v3,synthetic,oscillatory__v3__test__009,test,7163919590177205794,clean,one_step_governed_pva_ruckig,392,1,command_p,linear_chirp,0.16412072016643378,1.1051599812148352,3.912233169450274,3.91,4,6,0.7914802275320347,0.948320104373435,0.8699001659527348,2.6081554463001826,3.2601943078752282,0.6520388615750456,66,66,1.0,2.61,3.26,1.0,0.325,392,391,1,0,joint_0,0.0033329469072301663,0.38569135785455516,1.45835477906275,-0.1635257947183102,0.02991830507808377,0.08443451720624752,3,0.029999999999999805,0.0017376751079087615,63,66,0.9545454545454546,11,0.05,0.5
paper-evidence-v3-locked-test::one_step_governed_pva_ruckig,synthetic-feasible-v3,synthetic,oscillatory__v3__test__009,test,7163919590177205794,clean,one_step_governed_pva_ruckig,392,1,command_p,linear_chirp,0.16412072016643378,1.1051599812148352,3.912233169450274,3.91,5,6,0.948320104373435,1.1051599812148352,1.026740042794135,3.2601943078752282,3.912233169450274,0.6520388615750456,65,65,1.0,3.27,3.9099999999999997,0.9968730980694602,0.31999999999999984,392,391,1,0,joint_0,0.005503526652561406,0.47482759800611984,0.6967965795239154,-0.2323096135741949,0.03601030619930194,0.055163715030592086,3,0.029999999999999805,0.0035278005774264445,62,65,0.9538461538461539,11,0.05,0.5
paper-evidence-v3-locked-test::one_step_governed_pva_ruckig,synthetic-feasible-v3,synthetic,oscillatory__v3__test__014,test,2538550119372057008,clean,one_step_governed_pva_ruckig,356,1,command_p,linear_chirp,0.18010742364176516,1.1952329035694962,3.5566745513624474,3.5500000000000003,0,6,0.18010742364176516,0.3492950036297203,0.2647012136357427,0.0,0.5927790918937412,0.5927790918937412,60,59,0.9833333333333333,0.01,0.59,0.9953117579014756,0.29,356,355,1,0,joint_0,0.0009222668787234665,0.1730509189117292,0.667991072909575,-0.024642509121718795,0.014816619399054693,5.318382110218099,5,0.04999999999999999,0.022902898852051542,54,59,0.9152542372881356,11,0.05,0.5
paper-evidence-v3-locked-test::one_step_governed_pva_ruckig,synthetic-feasible-v3,synthetic,oscillatory__v3__test__014,test,2538550119372057008,clean,one_step_governed_pva_ruckig,356,1,command_p,linear_chirp,0.18010742364176516,1.1952329035694962,3.5566745513624474,3.5500000000000003,1,6,0.3492950036297203,0.5184825836176755,0.4338887936236979,0.5927790918937412,1.1855581837874827,0.5927790918937414,59,59,1.0,0.6,1.18,0.9953117579014753,0.29,356,355,1,0,joint_0,0.0004663776417337323,0.20289335310522658,1.443620025784273,-2.850224098865714,1.0454919807114038,-0.002326674597728541,5,0.050000000000000044,0.014020288764313103,54,59,0.9152542372881356,11,0.05,0.5
paper-evidence-v3-locked-test::one_step_governed_pva_ruckig,synthetic-feasible-v3,synthetic,oscillatory__v3__test__014,test,2538550119372057008,clean,one_step_governed_pva_ruckig,356,1,command_p,linear_chirp,0.18010742364176516,1.1952329035694962,3.5566745513624474,3.5500000000000003,2,6,0.5184825836176755,0.6876701636056306,0.6030763736116531,1.1855581837874827,1.7783372756812237,0.592779091893741,59,59,1.0,1.19,1.77,0.9953117579014762,0.29000000000000004,356,355,1,0,joint_0,0.004103728745725457,0.36956036659110064,1.2760223136232185,-0.019695827140476747,0.005197829636265847,-1.3274494395574628,5,0.050000000000000044,0.013066800808541033,54,59,0.9152542372881356,11,0.05,0.5
paper-evidence-v3-locked-test::one_step_governed_pva_ruckig,synthetic-feasible-v3,synthetic,oscillatory__v3__test__014,test,2538550119372057008,clean,one_step_governed_pva_ruckig,356,1,command_p,linear_chirp,0.18010742364176516,1.1952329035694962,3.5566745513624474,3.5500000000000003,3,6,0.6876701636056306,0.8568577435935858,0.7722639535996082,1.7783372756812237,2.371116367574965,0.5927790918937412,60,60,1.0,1.78,2.3699999999999997,1.0,0.29499999999999976,356,355,1,0,joint_0,0.007515953882492891,0.4654898879838397,0.9936599838306098,-0.02796858016129645,0.005764010819337182,0.007543846805588613,5,0.04999999999999982,0.014725121566637767,55,60,0.9166666666666666,11,0.05,0.5
paper-evidence-v3-locked-test::one_step_governed_pva_ruckig,synthetic-feasible-v3,synthetic,oscillatory__v3__test__014,test,2538550119372057008,clean,one_step_governed_pva_ruckig,356,1,command_p,linear_chirp,0.18010742364176516,1.1952329035694962,3.5566745513624474,3.5500000000000003,4,6,0.8568577435935858,1.026045323581541,0.9414515335875634,2.371116367574965,2.963895459468706,0.5927790918937412,59,59,1.0,2.38,2.96,0.9953117579014759,0.29000000000000004,356,355,1,0,joint_0,0.009708698417315621,0.5334042300835387,0.8695300725825454,-0.035734602437584036,0.006041031762615126,-0.0015218346552600542,5,0.04999999999999982,0.010820862414636359,54,59,0.9152542372881356,11,0.05,0.5
paper-evidence-v3-locked-test::one_step_governed_pva_ruckig,synthetic-feasible-v3,synthetic,oscillatory__v3__test__014,test,2538550119372057008,clean,one_step_governed_pva_ruckig,356,1,command_p,linear_chirp,0.18010742364176516,1.1952329035694962,3.5566745513624474,3.5500000000000003,5,6,1.026045323581541,1.1952329035694962,1.1106391135755187,2.963895459468706,3.5566745513624474,0.5927790918937412,59,59,1.0,2.9699999999999998,3.55,0.9953117579014759,0.2900000000000001,356,355,1,0,joint_0,0.009490675554489583,0.565853138766414,0.9451062772219299,-0.02473304732187231,0.0035442536561936817,-0.019176515406701955,0,0.0,0.008746531839858442,59,59,1.0,11,0.05,0.5
paper-evidence-v3-locked-test::predicted_p,synthetic-feasible-v3,synthetic,oscillatory__v3__test__000,test,3028318613495693642,clean,predicted_p,375,1,command_p,linear_chirp,0.2606824396084501,1.237962077868985,3.742402242758711,3.74,0,6,0.2606824396084501,0.42356237931853924,0.3421224094634947,0.0,0.6237337071264517,0.6237337071264517,63,62,0.9841269841269841,0.01,0.62,0.9940139404303594,0.3050000000000001,375,374,1,0,joint_0,0.00014059641326534783,0.2122297206178479,1.0738239847335425,-0.09978286575507896,0.046418871963692154,-1.2896914129815968,5,0.04999999999999999,0.004789148661854978,57,62,0.9193548387096774,11,0.05,0.5
paper-evidence-v3-locked-test::predicted_p,synthetic-feasible-v3,synthetic,oscillatory__v3__test__000,test,3028318613495693642,clean,predicted_p,375,1,command_p,linear_chirp,0.2606824396084501,1.237962077868985,3.742402242758711,3.74,1,6,0.42356237931853924,0.5864423190286284,0.5050023491735838,0.6237337071264517,1.2474674142529036,0.6237337071264519,62,62,1.0,0.63,1.24,0.9940139404303591,0.30500000000000005,375,374,1,0,joint_0,0.0009423230224640148,0.33288764336631155,0.3150271162177656,-0.15369354574760186,0.04843757175997455,1.3950469432148132,5,0.050000000000000044,0.021935135892813182,57,62,0.9193548387096774,11,0.05,0.5
paper-evidence-v3-locked-test::predicted_p,synthetic-feasible-v3,synthetic,oscillatory__v3__test__000,test,3028318613495693642,clean,predicted_p,375,1,command_p,linear_chirp,0.2606824396084501,1.237962077868985,3.742402242758711,3.74,2,6,0.5864423190286284,0.7493222587387176,0.6678822888836731,1.2474674142529036,1.8712011213793556,0.6237337071264519,63,63,1.0,1.25,1.87,1.0,0.31,375,374,1,0,joint_0,0.0008092458813155768,0.38838307633068847,2.884651180639485,-2.955178464399787,0.7042128053943075,1.2924129828753061,5,0.050000000000000044,0.039443889181030804,58,63,0.9206349206349206,11,0.05,0.5
paper-evidence-v3-locked-test::predicted_p,synthetic-feasible-v3,synthetic,oscillatory__v3__test__000,test,3028318613495693642,clean,predicted_p,375,1,command_p,linear_chirp,0.2606824396084501,1.237962077868985,3.742402242758711,3.74,3,6,0.7493222587387176,0.9122021984488067,0.8307622285937621,1.8712011213793556,2.494934828505807,0.6237337071264513,62,62,1.0,1.8800000000000001,2.4899999999999998,0.9940139404303595,0.3049999999999999,375,374,1,0,joint_0,0.0007247675283505879,0.36567288254866165,7.232953655224428,-2.7990169600473442,0.5362272978438706,0.04721919156022625,5,0.04999999999999982,0.05555823393780569,57,62,0.9193548387096774,11,0.05,0.5
paper-evidence-v3-locked-test::predicted_p,synthetic-feasible-v3,synthetic,oscillatory__v3__test__000,test,3028318613495693642,clean,predicted_p,375,1,command_p,linear_chirp,0.2606824396084501,1.237962077868985,3.742402242758711,3.74,4,6,0.9122021984488067,1.075082138158896,0.9936421683038513,2.494934828505807,3.1186685356322594,0.6237337071264526,62,62,1.0,2.5,3.11,0.9940139404303578,0.305,375,374,1,0,joint_0,0.0019141345761439486,0.5261727487912008,2.7186674719787214,-3.051827163146744,0.4888212215329326,0.46232815944268335,5,0.04999999999999982,0.08795330733907629,57,62,0.9193548387096774,11,0.05,0.5
paper-evidence-v3-locked-test::predicted_p,synthetic-feasible-v3,synthetic,oscillatory__v3__test__000,test,3028318613495693642,clean,predicted_p,375,1,command_p,linear_chirp,0.2606824396084501,1.237962077868985,3.742402242758711,3.74,5,6,1.075082138158896,1.237962077868985,1.1565221080139405,3.1186685356322594,3.7424022427587107,0.6237337071264513,63,63,1.0,3.1199999999999997,3.7399999999999998,1.0,0.31,375,374,1,0,joint_0,0.003426841462181297,0.6270537407526952,0.4264335352529702,-3.7453147158490045,0.5154119807409695,0.892927400962332,-5,-0.04999999999999982,0.07306458926953106,58,63,0.9206349206349206,11,0.05,0.5
paper-evidence-v3-locked-test::predicted_p,synthetic-feasible-v3,synthetic,oscillatory__v3__test__003,test,8307138079948390478,clean,predicted_p,391,1,command_p,linear_chirp,0.28229618020039354,1.9761210369123376,3.90188521291582,3.9,0,6,0.28229618020039354,0.5646003229857175,0.42344825159305555,0.0,0.6503142021526366,0.6503142021526366,66,65,0.9848484848484849,0.01,0.65,0.9995168456238592,0.32000000000000006,391,390,1,0,joint_0,0.0002805985199306203,0.21636907457494978,1.7068171433691903,-0.21954001505605109,0.08251510892107479,-0.41675941240498343,5,0.04999999999999999,0.009926005235498414,60,65,0.9230769230769231,11,0.05,0.5
paper-evidence-v3-locked-test::predicted_p,synthetic-feasible-v3,synthetic,oscillatory__v3__test__003,test,8307138079948390478,clean,predicted_p,391,1,command_p,linear_chirp,0.28229618020039354,1.9761210369123376,3.90188521291582,3.9,1,6,0.5646003229857175,0.8469044657710416,0.7057523943783796,0.6503142021526366,1.3006284043052734,0.6503142021526368,65,65,1.0,0.66,1.3,0.9995168456238589,0.32,391,390,1,0,joint_0,0.0030617169059266413,0.4559265576167148,0.8345768124623704,-0.1735859790653806,0.039145551385674375,0.36494428910727256,5,0.050000000000000044,0.050076263131287484,60,65,0.9230769230769231,11,0.05,0.5
paper-evidence-v3-locked-test::predicted_p,synthetic-feasible-v3,synthetic,oscillatory__v3__test__003,test,8307138079948390478,clean,predicted_p,391,1,command_p,linear_chirp,0.28229618020039354,1.9761210369123376,3.90188521291582,3.9,2,6,0.8469044657710416,1.1292086085563655,0.9880565371637036,1.3006284043052734,1.9509426064579098,0.6503142021526365,65,65,1.0,1.31,1.95,0.9995168456238592,0.31999999999999995,391,390,1,0,joint_0,0.003805121755294622,0.5339282666897226,0.34294167573600326,-1.5141939252565237,0.24390451248476241,-0.28513479671341524,5,0.050000000000000044,0.1168557330432712,60,65,0.9230769230769231,11,0.05,0.5
paper-evidence-v3-locked-test::predicted_p,synthetic-feasible-v3,synthetic,oscillatory__v3__test__003,test,8307138079948390478,clean,predicted_p,391,1,command_p,linear_chirp,0.28229618020039354,1.9761210369123376,3.90188521291582,3.9,3,6,1.1292086085563655,1.4115127513416896,1.2703606799490275,1.9509426064579098,2.6012568086105468,0.6503142021526369,65,65,1.0,1.96,2.5999999999999996,0.9995168456238582,0.31999999999999984,391,390,1,0,joint_0,0.0055032966534253585,0.6077595559923703,0.649780418073271,0.8379406854626701,-0.1049799511384012,0.15436817058547259,-5,-0.04999999999999982,0.09921128439324946,60,65,0.9230769230769231,11,0.05,0.5
paper-evidence-v3-locked-test::predicted_p,synthetic-feasible-v3,synthetic,oscillatory__v3__test__003,test,8307138079948390478,clean,predicted_p,391,1,command_p,linear_chirp,0.28229618020039354,1.9761210369123376,3.90188521291582,3.9,4,6,1.4115127513416896,1.6938168941270135,1.5526648227343516,2.6012568086105468,3.251571010763183,0.6503142021526362,65,65,1.0,2.61,3.25,0.9995168456238599,0.32000000000000006,391,390,1,0,joint_0,0.004513691001263545,0.5262158804858961,1.9493742241157193,-2.061820951145484,0.2113456757314458,0.1069276765515002,5,0.04999999999999982,0.07353602203271481,60,65,0.9230769230769231,11,0.05,0.5
paper-evidence-v3-locked-test::predicted_p,synthetic-feasible-v3,synthetic,oscillatory__v3__test__003,test,8307138079948390478,clean,predicted_p,391,1,command_p,linear_chirp,0.28229618020039354,1.9761210369123376,3.90188521291582,3.9,5,6,1.6938168941270135,1.9761210369123376,1.8349689655196757,3.251571010763183,3.90188521291582,0.6503142021526371,65,65,1.0,3.26,3.9,0.9995168456238586,0.32000000000000006,391,390,1,0,joint_0,0.0075830270283844285,0.6786163069740975,0.9394165234779174,0.4586106378691306,-0.039777321220649635,-2.9488211192678513,-5,-0.04999999999999982,0.06028744419896735,60,65,0.9230769230769231,11,0.05,0.5
paper-evidence-v3-locked-test::predicted_p,synthetic-feasible-v3,synthetic,oscillatory__v3__test__004,test,399051331059600695,clean,predicted_p,392,1,command_p,linear_chirp,0.26158962151558107,1.0307092527839867,3.9154229986852602,3.91,0,6,0.26158962151558107,0.389776226726982,0.3256829241212815,0.0,0.6525704997808766,0.6525704997808766,66,65,0.9848484848484849,0.01,0.65,0.9960609623301395,0.32000000000000006,392,391,1,0,joint_0,0.00033833357591218184,0.2256578834206036,0.1595548830180666,-0.053947892350035186,0.026363291106107137,-0.4539991782942372,5,0.04999999999999999,0.0066149697638961,60,65,0.9230769230769231,11,0.05,0.5
paper-evidence-v3-locked-test::predicted_p,synthetic-feasible-v3,synthetic,oscillatory__v3__test__004,test,399051331059600695,clean,predicted_p,392,1,command_p,linear_chirp,0.26158962151558107,1.0307092527839867,3.9154229986852602,3.91,1,6,0.389776226726982,0.5179628319383829,0.45386952933268243,0.6525704997808766,1.3051409995617531,0.6525704997808766,65,65,1.0,0.66,1.3,0.9960609623301395,0.32,392,391,1,0,joint_0,0.0010688581275665457,0.3139597771500332,1.4804615228080547,-0.0413778337084239,0.014509647252179843,0.42278551186679525,5,0.050000000000000044,0.013800886242888928,60,65,0.9230769230769231,11,0.05,0.5
paper-evidence-v3-locked-test::predicted_p,synthetic-feasible-v3,synthetic,oscillatory__v3__test__004,test,399051331059600695,clean,predicted_p,392,1,command_p,linear_chirp,0.26158962151558107,1.0307092527839867,3.9154229986852602,3.91,2,6,0.5179628319383829,0.6461494371497839,0.5820561345440833,1.3051409995617531,1.9577114993426301,0.652570499780877,65,65,1.0,1.31,1.95,0.9960609623301387,0.31999999999999995,392,391,1,0,joint_0,0.0017251141571955903,0.39075169521746445,0.16922272734796154,-0.7349878706996456,0.20097194375601224,1.8004422861509513,5,0.050000000000000044,0.05416216868199447,60,65,0.9230769230769231,11,0.05,0.5
paper-evidence-v3-locked-test::predicted_p,synthetic-feasible-v3,synthetic,oscillatory__v3__test__004,test,399051331059600695,clean,predicted_p,392,1,command_p,linear_chirp,0.26158962151558107,1.0307092527839867,3.9154229986852602,3.91,3,6,0.6461494371497839,0.7743360423611848,0.7102427397554844,1.9577114993426301,2.6102819991235067,0.6525704997808766,66,66,1.0,1.96,2.61,1.0,0.325,392,391,1,0,joint_0,0.0016266859502520933,0.43279006553186433,3.3432933429264433,-2.9416029860932373,0.6591699283146435,1.3866809552819936,5,0.04999999999999982,0.08061430461260666,61,66,0.9242424242424242,11,0.05,0.5
paper-evidence-v3-locked-test::predicted_p,synthetic-feasible-v3,synthetic,oscillatory__v3__test__004,test,399051331059600695,clean,predicted_p,392,1,command_p,linear_chirp,0.26158962151558107,1.0307092527839867,3.9154229986852602,3.91,4,6,0.7743360423611848,0.9025226475725857,0.8384293449668853,2.6102819991235067,3.2628524989043832,0.6525704997808766,65,65,1.0,2.6199999999999997,3.26,0.9960609623301397,0.32000000000000006,392,391,1,0,joint_0,0.002149822301925269,0.4820975861388561,4.91593370775925,-2.968709559962756,0.5635356203937488,0.11774697259701172,5,0.04999999999999982,0.10314038948900535,60,65,0.9230769230769231,11,0.05,0.5
paper-evidence-v3-locked-test::predicted_p,synthetic-feasible-v3,synthetic,oscillatory__v3__test__004,test,399051331059600695,clean,predicted_p,392,1,command_p,linear_chirp,0.26158962151558107,1.0307092527839867,3.9154229986852602,3.91,5,6,0.9025226475725857,1.0307092527839867,0.9666159501782863,3.2628524989043832,3.9154229986852602,0.652570499780877,65,65,1.0,3.27,3.9099999999999997,0.9960609623301384,0.31999999999999984,392,391,1,0,joint_0,0.003928035226999296,0.5729783547020808,2.863779852972617,-3.1312745652212044,0.5155696273592021,0.28593052737224056,5,0.04999999999999982,0.1331457433848397,60,65,0.9230769230769231,11,0.05,0.5
paper-evidence-v3-locked-test::predicted_p,synthetic-feasible-v3,synthetic,oscillatory__v3__test__008,test,8475040092451367165,clean,predicted_p,262,1,command_p,linear_chirp,0.34672951640188643,1.1802521571669644,2.6125520475115667,2.61,0,6,0.34672951640188643,0.48564995652939946,0.41618973646564295,0.0,0.4354253412519279,0.4354253412519279,44,43,0.9772727272727273,0.01,0.43,0.9875401343515537,0.21000000000000002,262,261,1,0,joint_0,0.0002004134844811899,0.1947088114782252,0.3408743989290767,-0.05140516605947197,0.019657828057708666,6.930726208804571,5,0.04999999999999999,0.01139658342482842,38,43,0.8837209302325582,11,0.05,0.5
paper-evidence-v3-locked-test::predicted_p,synthetic-feasible-v3,synthetic,oscillatory__v3__test__008,test,8475040092451367165,clean,predicted_p,262,1,command_p,linear_chirp,0.34672951640188643,1.1802521571669644,2.6125520475115667,2.61,1,6,0.48564995652939946,0.6245703966569125,0.555110176593156,0.4354253412519279,0.8708506825038558,0.4354253412519279,44,44,1.0,0.44,0.87,1.0,0.21499999999999997,262,261,1,0,joint_0,0.000245389949946952,0.2532861140597621,1.445996974892252,-3.0828768358674696,0.8838877542888463,0.015317161776884858,5,0.050000000000000044,0.015664161180882614,39,44,0.8863636363636364,11,0.05,0.5
paper-evidence-v3-locked-test::predicted_p,synthetic-feasible-v3,synthetic,oscillatory__v3__test__008,test,8475040092451367165,clean,predicted_p,262,1,command_p,linear_chirp,0.34672951640188643,1.1802521571669644,2.6125520475115667,2.61,2,6,0.6245703966569125,0.7634908367844254,0.6940306167206689,0.8708506825038558,1.3062760237557833,0.43542534125192756,43,43,1.0,0.88,1.3,0.9875401343515546,0.21000000000000002,262,261,1,0,joint_0,0.0005733628626495425,0.3138500392325829,1.0802147358559004,-0.07814472958431383,0.01792013160556095,-0.0018653357386819724,5,0.050000000000000044,0.04661045963173029,38,43,0.8837209302325582,11,0.05,0.5
paper-evidence-v3-locked-test::predicted_p,synthetic-feasible-v3,synthetic,oscillatory__v3__test__008,test,8475040092451367165,clean,predicted_p,262,1,command_p,linear_chirp,0.34672951640188643,1.1802521571669644,2.6125520475115667,2.61,3,6,0.7634908367844254,0.9024112769119385,0.8329510568481819,1.3062760237557833,1.741701365007711,0.4354253412519278,44,44,1.0,1.31,1.74,1.0,0.21499999999999994,262,261,1,0,joint_0,0.0009699603120345592,0.3790188430774843,1.4642033099989276,-3.079620471261142,0.5884341184496965,1.6928129301595205,5,0.050000000000000044,0.06101420614870348,39,44,0.8863636363636364,11,0.05,0.5
paper-evidence-v3-locked-test::predicted_p,synthetic-feasible-v3,synthetic,oscillatory__v3__test__008,test,8475040092451367165,clean,predicted_p,262,1,command_p,linear_chirp,0.34672951640188643,1.1802521571669644,2.6125520475115667,2.61,4,6,0.9024112769119385,1.0413317170394514,0.971871496975695,1.741701365007711,2.1771267062596387,0.43542534125192756,43,43,1.0,1.75,2.17,0.9875401343515543,0.20999999999999996,262,261,1,0,joint_0,0.0006071366795625948,0.3803042189259734,3.4249812242730493,-3.0333318289321682,0.4967423739813695,1.4248774559779045,5,0.050000000000000044,0.07754758308847848,38,43,0.8837209302325582,11,0.05,0.5
paper-evidence-v3-locked-test::predicted_p,synthetic-feasible-v3,synthetic,oscillatory__v3__test__008,test,8475040092451367165,clean,predicted_p,262,1,command_p,linear_chirp,0.34672951640188643,1.1802521571669644,2.6125520475115667,2.61,5,6,1.0413317170394514,1.1802521571669644,1.1107919371032078,2.1771267062596387,2.6125520475115667,0.435425341251928,44,44,1.0,2.1799999999999997,2.61,1.0,0.21500000000000008,262,261,1,0,joint_0,0.0003669431111406947,0.2796747964059743,2.6087213450200575,-5.567065717594822,0.7976525556921841,4.380694027814817,-5,-0.04999999999999982,0.10154149169037076,39,44,0.8863636363636364,11,0.05,0.5
paper-evidence-v3-locked-test::predicted_p,synthetic-feasible-v3,synthetic,oscillatory__v3__test__009,test,7163919590177205794,clean,predicted_p,392,1,command_p,linear_chirp,0.16412072016643378,1.1051599812148352,3.912233169450274,3.91,0,6,0.16412072016643378,0.320960597007834,0.24254065858713392,0.0,0.6520388615750456,0.6520388615750456,66,65,0.9848484848484849,0.01,0.65,0.9968730980694608,0.32000000000000006,392,391,1,0,joint_0,1.1014964544490822e-05,0.018479188904782187,12.71493111366772,-1.5778177161664142,1.0353624430999668,-3.6645539371385816,5,0.04999999999999999,0.005369148244431085,60,65,0.9230769230769231,11,0.05,0.5
paper-evidence-v3-locked-test::predicted_p,synthetic-feasible-v3,synthetic,oscillatory__v3__test__009,test,7163919590177205794,clean,predicted_p,392,1,command_p,linear_chirp,0.16412072016643378,1.1051599812148352,3.912233169450274,3.91,1,6,0.320960597007834,0.4778004738492343,0.39938053542853413,0.6520388615750456,1.3040777231500915,0.6520388615750459,65,65,1.0,0.66,1.3,0.9968730980694605,0.32,392,391,1,0,joint_0,0.0024665419842833667,0.280905109946025,0.6200539418380616,-0.043390864421206064,0.017291455003572518,0.5504018071271981,5,0.050000000000000044,0.04451610704398281,60,65,0.9230769230769231,11,0.05,0.5
paper-evidence-v3-locked-test::predicted_p,synthetic-feasible-v3,synthetic,oscillatory__v3__test__009,test,7163919590177205794,clean,predicted_p,392,1,command_p,linear_chirp,0.16412072016643378,1.1051599812148352,3.912233169450274,3.91,2,6,0.4778004738492343,0.6346403506906345,0.5562204122699344,1.3040777231500915,1.9561165847251372,0.6520388615750456,65,65,1.0,1.31,1.95,0.9968730980694606,0.31999999999999995,392,391,1,0,joint_0,0.000630502270925182,0.1909141571876037,9.011114304933793,-2.6626090517804166,0.7618695444539401,0.10089601027948665,5,0.050000000000000044,0.09103663293423804,60,65,0.9230769230769231,11,0.05,0.5
paper-evidence-v3-locked-test::predicted_p,synthetic-feasible-v3,synthetic,oscillatory__v3__test__009,test,7163919590177205794,clean,predicted_p,392,1,command_p,linear_chirp,0.16412072016643378,1.1051599812148352,3.912233169450274,3.91,3,6,0.6346403506906345,0.7914802275320347,0.7130602891113347,1.9561165847251372,2.6081554463001826,0.6520388615750454,65,65,1.0,1.96,2.5999999999999996,0.9968730980694606,0.31999999999999984,392,391,1,0,joint_0,0.0029728419939586293,0.39312061663959297,5.002022947790175,-0.2422476202165442,0.05406963029418027,-1.0445642518330283,5,0.04999999999999982,0.1390403759086457,60,65,0.9230769230769231,11,0.05,0.5
paper-evidence-v3-locked-test::predicted_p,synthetic-feasible-v3,synthetic,oscillatory__v3__test__009,test,7163919590177205794,clean,predicted_p,392,1,command_p,linear_chirp,0.16412072016643378,1.1051599812148352,3.912233169450274,3.91,4,6,0.7914802275320347,0.948320104373435,0.8699001659527348,2.6081554463001826,3.2601943078752282,0.6520388615750456,66,66,1.0,2.61,3.26,1.0,0.325,392,391,1,0,joint_0,0.0033329469072301663,0.38569135785455516,4.5841034219821095,-0.603868990960217,0.1104824882818284,1.664610617059985,5,0.04999999999999982,0.2909848874941407,61,66,0.9242424242424242,11,0.05,0.5
paper-evidence-v3-locked-test::predicted_p,synthetic-feasible-v3,synthetic,oscillatory__v3__test__009,test,7163919590177205794,clean,predicted_p,392,1,command_p,linear_chirp,0.16412072016643378,1.1051599812148352,3.912233169450274,3.91,5,6,0.948320104373435,1.1051599812148352,1.026740042794135,3.2601943078752282,3.912233169450274,0.6520388615750456,65,65,1.0,3.27,3.9099999999999997,0.9968730980694602,0.31999999999999984,392,391,1,0,joint_0,0.005503526652561406,0.47482759800611984,1.0312642178706424,-3.5230420347240594,0.5461066396329173,4.25991354110985,0,0.0,0.35497042379117266,65,65,1.0,11,0.05,0.5
paper-evidence-v3-locked-test::predicted_p,synthetic-feasible-v3,synthetic,oscillatory__v3__test__014,test,2538550119372057008,clean,predicted_p,356,1,command_p,linear_chirp,0.18010742364176516,1.1952329035694962,3.5566745513624474,3.5500000000000003,0,6,0.18010742364176516,0.3492950036297203,0.2647012136357427,0.0,0.5927790918937412,0.5927790918937412,60,59,0.9833333333333333,0.01,0.59,0.9953117579014756,0.29,356,355,1,0,joint_0,0.0009222668787234665,0.1730509189117292,0.48171815824903824,-0.03619858127682241,0.021764853526693783,5.479400901779537,5,0.04999999999999999,0.03112822879874438,54,59,0.9152542372881356,11,0.05,0.5
paper-evidence-v3-locked-test::predicted_p,synthetic-feasible-v3,synthetic,oscillatory__v3__test__014,test,2538550119372057008,clean,predicted_p,356,1,command_p,linear_chirp,0.18010742364176516,1.1952329035694962,3.5566745513624474,3.5500000000000003,1,6,0.3492950036297203,0.5184825836176755,0.4338887936236979,0.5927790918937412,1.1855581837874827,0.5927790918937414,59,59,1.0,0.6,1.18,0.9953117579014753,0.29,356,355,1,0,joint_0,0.0004663776417337323,0.20289335310522658,4.9623143531109255,-2.9575402281843957,1.0848566582637127,0.016817716616198436,5,0.050000000000000044,0.05789684611175468,54,59,0.9152542372881356,11,0.05,0.5
paper-evidence-v3-locked-test::predicted_p,synthetic-feasible-v3,synthetic,oscillatory__v3__test__014,test,2538550119372057008,clean,predicted_p,356,1,command_p,linear_chirp,0.18010742364176516,1.1952329035694962,3.5566745513624474,3.5500000000000003,2,6,0.5184825836176755,0.6876701636056306,0.6030763736116531,1.1855581837874827,1.7783372756812237,0.592779091893741,59,59,1.0,1.19,1.77,0.9953117579014762,0.29000000000000004,356,355,1,0,joint_0,0.004103728745725457,0.36956036659110064,1.6753834769481621,-0.0719542885133227,0.01898910518575555,-0.170200992007153,5,0.050000000000000044,0.11573455802969602,54,59,0.9152542372881356,11,0.05,0.5
paper-evidence-v3-locked-test::predicted_p,synthetic-feasible-v3,synthetic,oscillatory__v3__test__014,test,2538550119372057008,clean,predicted_p,356,1,command_p,linear_chirp,0.18010742364176516,1.1952329035694962,3.5566745513624474,3.5500000000000003,3,6,0.6876701636056306,0.8568577435935858,0.7722639535996082,1.7783372756812237,2.371116367574965,0.5927790918937412,60,60,1.0,1.78,2.3699999999999997,1.0,0.29499999999999976,356,355,1,0,joint_0,0.007515953882492891,0.4654898879838397,0.3131766456120004,-2.595680352646467,0.5349406208649551,1.4127997990933294,5,0.04999999999999982,0.2851943857661474,55,60,0.9166666666666666,11,0.05,0.5
paper-evidence-v3-locked-test::predicted_p,synthetic-feasible-v3,synthetic,oscillatory__v3__test__014,test,2538550119372057008,clean,predicted_p,356,1,command_p,linear_chirp,0.18010742364176516,1.1952329035694962,3.5566745513624474,3.5500000000000003,4,6,0.8568577435935858,1.026045323581541,0.9414515335875634,2.371116367574965,2.963895459468706,0.5927790918937412,59,59,1.0,2.38,2.96,0.9953117579014759,0.29000000000000004,356,355,1,0,joint_0,0.009708698417315621,0.5334042300835387,2.0905119525695386,-3.075670973304643,0.5199505457921336,0.3282548862365353,-5,-0.04999999999999982,0.3456989964042923,54,59,0.9152542372881356,11,0.05,0.5
paper-evidence-v3-locked-test::predicted_p,synthetic-feasible-v3,synthetic,oscillatory__v3__test__014,test,2538550119372057008,clean,predicted_p,356,1,command_p,linear_chirp,0.18010742364176516,1.1952329035694962,3.5566745513624474,3.5500000000000003,5,6,1.026045323581541,1.1952329035694962,1.1106391135755187,2.963895459468706,3.5566745513624474,0.5927790918937412,59,59,1.0,2.9699999999999998,3.55,0.9953117579014759,0.2900000000000001,356,355,1,0,joint_0,0.009490675554489583,0.565853138766414,2.8550695538296633,-3.2935744769843374,0.4719702845380824,0.08170924623861975,-5,-0.04999999999999982,0.2845177331145314,54,59,0.9152542372881356,11,0.05,0.5
paper-evidence-v3-locked-test::raw_predicted_pv,synthetic-feasible-v3,synthetic,oscillatory__v3__test__000,test,3028318613495693642,clean,raw_predicted_pv,375,1,command_p,linear_chirp,0.2606824396084501,1.237962077868985,3.742402242758711,3.74,0,6,0.2606824396084501,0.42356237931853924,0.3421224094634947,0.0,0.6237337071264517,0.6237337071264517,63,62,0.9841269841269841,0.01,0.62,0.9940139404303594,0.3050000000000001,375,374,1,0,joint_0,0.00014059641326534783,0.2122297206178479,1.1095548318340802,-0.09839781030328469,0.04577454579413454,-1.308860681278053,5,0.04999999999999999,0.004658440003846009,57,62,0.9193548387096774,11,0.05,0.5
paper-evidence-v3-locked-test::raw_predicted_pv,synthetic-feasible-v3,synthetic,oscillatory__v3__test__000,test,3028318613495693642,clean,raw_predicted_pv,375,1,command_p,linear_chirp,0.2606824396084501,1.237962077868985,3.742402242758711,3.74,1,6,0.42356237931853924,0.5864423190286284,0.5050023491735838,0.6237337071264517,1.2474674142529036,0.6237337071264519,62,62,1.0,0.63,1.24,0.9940139404303591,0.30500000000000005,375,374,1,0,joint_0,0.0009423230224640148,0.33288764336631155,0.34361157281830645,-0.14207675713922166,0.044776461404937726,1.394220736179361,5,0.050000000000000044,0.021537431162226076,57,62,0.9193548387096774,11,0.05,0.5
paper-evidence-v3-locked-test::raw_predicted_pv,synthetic-feasible-v3,synthetic,oscillatory__v3__test__000,test,3028318613495693642,clean,raw_predicted_pv,375,1,command_p,linear_chirp,0.2606824396084501,1.237962077868985,3.742402242758711,3.74,2,6,0.5864423190286284,0.7493222587387176,0.6678822888836731,1.2474674142529036,1.8712011213793556,0.6237337071264519,63,63,1.0,1.25,1.87,1.0,0.31,375,374,1,0,joint_0,0.0008092458813155768,0.38838307633068847,2.8420575121781266,-2.952102320383501,0.7034797667526139,1.296737969882818,5,0.050000000000000044,0.03969214391732149,58,63,0.9206349206349206,11,0.05,0.5
paper-evidence-v3-locked-test::raw_predicted_pv,synthetic-feasible-v3,synthetic,oscillatory__v3__test__000,test,3028318613495693642,clean,raw_predicted_pv,375,1,command_p,linear_chirp,0.2606824396084501,1.237962077868985,3.742402242758711,3.74,3,6,0.7493222587387176,0.9122021984488067,0.8307622285937621,1.8712011213793556,2.494934828505807,0.6237337071264513,62,62,1.0,1.8800000000000001,2.4899999999999998,0.9940139404303595,0.3049999999999999,375,374,1,0,joint_0,0.0007247675283505879,0.36567288254866165,7.2927097935936525,-2.7962525967465934,0.5356977093904318,0.04530677813046968,5,0.04999999999999982,0.05525680751058266,57,62,0.9193548387096774,11,0.05,0.5
paper-evidence-v3-locked-test::raw_predicted_pv,synthetic-feasible-v3,synthetic,oscillatory__v3__test__000,test,3028318613495693642,clean,raw_predicted_pv,375,1,command_p,linear_chirp,0.2606824396084501,1.237962077868985,3.742402242758711,3.74,4,6,0.9122021984488067,1.075082138158896,0.9936421683038513,2.494934828505807,3.1186685356322594,0.6237337071264526,62,62,1.0,2.5,3.11,0.9940139404303578,0.305,375,374,1,0,joint_0,0.0019141345761439486,0.5261727487912008,2.799591105724473,-3.0448366727948915,0.48770153163890095,0.4322280959805034,5,0.04999999999999982,0.08724525714932688,57,62,0.9193548387096774,11,0.05,0.5
paper-evidence-v3-locked-test::raw_predicted_pv,synthetic-feasible-v3,synthetic,oscillatory__v3__test__000,test,3028318613495693642,clean,raw_predicted_pv,375,1,command_p,linear_chirp,0.2606824396084501,1.237962077868985,3.742402242758711,3.74,5,6,1.075082138158896,1.237962077868985,1.1565221080139405,3.1186685356322594,3.7424022427587107,0.6237337071264513,63,63,1.0,3.1199999999999997,3.7399999999999998,1.0,0.31,375,374,1,0,joint_0,0.003426841462181297,0.6270537407526952,0.46699269880147953,-3.680941251043201,0.5065532178545515,0.8108861651347681,-5,-0.04999999999999982,0.07343297211512423,58,63,0.9206349206349206,11,0.05,0.5
paper-evidence-v3-locked-test::raw_predicted_pv,synthetic-feasible-v3,synthetic,oscillatory__v3__test__003,test,8307138079948390478,clean,raw_predicted_pv,391,1,command_p,linear_chirp,0.28229618020039354,1.9761210369123376,3.90188521291582,3.9,0,6,0.28229618020039354,0.5646003229857175,0.42344825159305555,0.0,0.6503142021526366,0.6503142021526366,66,65,0.9848484848484849,0.01,0.65,0.9995168456238592,0.32000000000000006,391,390,1,0,joint_0,0.0002805985199306203,0.21636907457494978,1.7572344305799719,-0.21761465835181526,0.08179145488414954,-0.36252040830574805,5,0.04999999999999999,0.009723706843133367,60,65,0.9230769230769231,11,0.05,0.5
paper-evidence-v3-locked-test::raw_predicted_pv,synthetic-feasible-v3,synthetic,oscillatory__v3__test__003,test,8307138079948390478,clean,raw_predicted_pv,391,1,command_p,linear_chirp,0.28229618020039354,1.9761210369123376,3.90188521291582,3.9,1,6,0.5646003229857175,0.8469044657710416,0.7057523943783796,0.6503142021526366,1.3006284043052734,0.6503142021526368,65,65,1.0,0.66,1.3,0.9995168456238589,0.32,391,390,1,0,joint_0,0.0030617169059266413,0.4559265576167148,0.870284802240727,-0.1688552969528668,0.03807873043203647,0.30754216170914705,5,0.050000000000000044,0.0488777567152988,60,65,0.9230769230769231,11,0.05,0.5
paper-evidence-v3-locked-test::raw_predicted_pv,synthetic-feasible-v3,synthetic,oscillatory__v3__test__003,test,8307138079948390478,clean,raw_predicted_pv,391,1,command_p,linear_chirp,0.28229618020039354,1.9761210369123376,3.90188521291582,3.9,2,6,0.8469044657710416,1.1292086085563655,0.9880565371637036,1.3006284043052734,1.9509426064579098,0.6503142021526365,65,65,1.0,1.31,1.95,0.9995168456238592,0.31999999999999995,391,390,1,0,joint_0,0.003805121755294622,0.5339282666897226,0.3752994608885146,-1.3086323125319497,0.21079289837716067,-0.2967531165714978,5,0.050000000000000044,0.11605764133755124,60,65,0.9230769230769231,11,0.05,0.5
paper-evidence-v3-locked-test::raw_predicted_pv,synthetic-feasible-v3,synthetic,oscillatory__v3__test__003,test,8307138079948390478,clean,raw_predicted_pv,391,1,command_p,linear_chirp,0.28229618020039354,1.9761210369123376,3.90188521291582,3.9,3,6,1.1292086085563655,1.4115127513416896,1.2703606799490275,1.9509426064579098,2.6012568086105468,0.6503142021526369,65,65,1.0,1.96,2.5999999999999996,0.9995168456238582,0.31999999999999984,391,390,1,0,joint_0,0.0055032966534253585,0.6077595559923703,0.5981195162810473,0.8838878043935854,-0.11073635655468013,0.2106670874143936,-5,-0.04999999999999982,0.10048859006347496,60,65,0.9230769230769231,11,0.05,0.5
paper-evidence-v3-locked-test::raw_predicted_pv,synthetic-feasible-v3,synthetic,oscillatory__v3__test__003,test,8307138079948390478,clean,raw_predicted_pv,391,1,command_p,linear_chirp,0.28229618020039354,1.9761210369123376,3.90188521291582,3.9,4,6,1.4115127513416896,1.6938168941270135,1.5526648227343516,2.6012568086105468,3.251571010763183,0.6503142021526362,65,65,1.0,2.61,3.25,0.9995168456238599,0.32000000000000006,391,390,1,0,joint_0,0.004513691001263545,0.5262158804858961,1.951571188988093,-2.0559819124908087,0.21074714870153624,0.11947491923809483,5,0.04999999999999982,0.07395090865366023,60,65,0.9230769230769231,11,0.05,0.5
paper-evidence-v3-locked-test::raw_predicted_pv,synthetic-feasible-v3,synthetic,oscillatory__v3__test__003,test,8307138079948390478,clean,raw_predicted_pv,391,1,command_p,linear_chirp,0.28229618020039354,1.9761210369123376,3.90188521291582,3.9,5,6,1.6938168941270135,1.9761210369123376,1.8349689655196757,3.251571010763183,3.90188521291582,0.6503142021526371,65,65,1.0,3.26,3.9,0.9995168456238586,0.32000000000000006,391,390,1,0,joint_0,0.0075830270283844285,0.6786163069740975,0.9435571406621344,0.46004593049863707,-0.03990181047418021,-2.9564029516624695,-5,-0.04999999999999982,0.05915453455944614,60,65,0.9230769230769231,11,0.05,0.5
paper-evidence-v3-locked-test::raw_predicted_pv,synthetic-feasible-v3,synthetic,oscillatory__v3__test__004,test,399051331059600695,clean,raw_predicted_pv,392,1,command_p,linear_chirp,0.26158962151558107,1.0307092527839867,3.9154229986852602,3.91,0,6,0.26158962151558107,0.389776226726982,0.3256829241212815,0.0,0.6525704997808766,0.6525704997808766,66,65,0.9848484848484849,0.01,0.65,0.9960609623301395,0.32000000000000006,392,391,1,0,joint_0,0.00033833357591218184,0.2256578834206036,0.17131853162764343,-0.051987007576185025,0.025405044660015697,-0.3499517078997067,5,0.04999999999999999,0.006476502847203564,60,65,0.9230769230769231,11,0.05,0.5
paper-evidence-v3-locked-test::raw_predicted_pv,synthetic-feasible-v3,synthetic,oscillatory__v3__test__004,test,399051331059600695,clean,raw_predicted_pv,392,1,command_p,linear_chirp,0.26158962151558107,1.0307092527839867,3.9154229986852602,3.91,1,6,0.389776226726982,0.5179628319383829,0.45386952933268243,0.6525704997808766,1.3051409995617531,0.6525704997808766,65,65,1.0,0.66,1.3,0.9960609623301395,0.32,392,391,1,0,joint_0,0.0010688581275665457,0.3139597771500332,1.499164951039161,-0.04065061619264495,0.01425463946941593,0.3218014542512966,5,0.050000000000000044,0.013202631899282688,60,65,0.9230769230769231,11,0.05,0.5
paper-evidence-v3-locked-test::raw_predicted_pv,synthetic-feasible-v3,synthetic,oscillatory__v3__test__004,test,399051331059600695,clean,raw_predicted_pv,392,1,command_p,linear_chirp,0.26158962151558107,1.0307092527839867,3.9154229986852602,3.91,2,6,0.5179628319383829,0.6461494371497839,0.5820561345440833,1.3051409995617531,1.9577114993426301,0.652570499780877,65,65,1.0,1.31,1.95,0.9960609623301387,0.31999999999999995,392,391,1,0,joint_0,0.0017251141571955903,0.39075169521746445,0.20918987778830112,-0.5703577872854614,0.15595619698869762,1.798536431339387,5,0.050000000000000044,0.05363757142090902,60,65,0.9230769230769231,11,0.05,0.5
paper-evidence-v3-locked-test::raw_predicted_pv,synthetic-feasible-v3,synthetic,oscillatory__v3__test__004,test,399051331059600695,clean,raw_predicted_pv,392,1,command_p,linear_chirp,0.26158962151558107,1.0307092527839867,3.9154229986852602,3.91,3,6,0.6461494371497839,0.7743360423611848,0.7102427397554844,1.9577114993426301,2.6102819991235067,0.6525704997808766,66,66,1.0,1.96,2.61,1.0,0.325,392,391,1,0,joint_0,0.0016266859502520933,0.43279006553186433,3.284863706658546,-2.937805740671644,0.6583190215117275,1.4869729035419383,5,0.04999999999999982,0.08106488587574856,61,66,0.9242424242424242,11,0.05,0.5
paper-evidence-v3-locked-test::raw_predicted_pv,synthetic-feasible-v3,synthetic,oscillatory__v3__test__004,test,399051331059600695,clean,raw_predicted_pv,392,1,command_p,linear_chirp,0.26158962151558107,1.0307092527839867,3.9154229986852602,3.91,4,6,0.7743360423611848,0.9025226475725857,0.8384293449668853,2.6102819991235067,3.2628524989043832,0.6525704997808766,65,65,1.0,2.6199999999999997,3.26,0.9960609623301397,0.32000000000000006,392,391,1,0,joint_0,0.002149822301925269,0.4820975861388561,4.927413720000887,-2.9656337974854563,0.5629517634414875,0.11697246076597878,5,0.04999999999999982,0.10310462098087579,60,65,0.9230769230769231,11,0.05,0.5
paper-evidence-v3-locked-test::raw_predicted_pv,synthetic-feasible-v3,synthetic,oscillatory__v3__test__004,test,399051331059600695,clean,raw_predicted_pv,392,1,command_p,linear_chirp,0.26158962151558107,1.0307092527839867,3.9154229986852602,3.91,5,6,0.9025226475725857,1.0307092527839867,0.9666159501782863,3.2628524989043832,3.9154229986852602,0.652570499780877,65,65,1.0,3.27,3.9099999999999997,0.9960609623301384,0.31999999999999984,392,391,1,0,joint_0,0.003928035226999296,0.5729783547020808,2.9099227123435805,-3.126229704860516,0.5147389826098953,0.28181542283413474,5,0.04999999999999982,0.13233787465572147,60,65,0.9230769230769231,11,0.05,0.5
paper-evidence-v3-locked-test::raw_predicted_pv,synthetic-feasible-v3,synthetic,oscillatory__v3__test__008,test,8475040092451367165,clean,raw_predicted_pv,262,1,command_p,linear_chirp,0.34672951640188643,1.1802521571669644,2.6125520475115667,2.61,0,6,0.34672951640188643,0.48564995652939946,0.41618973646564295,0.0,0.4354253412519279,0.4354253412519279,44,43,0.9772727272727273,0.01,0.43,0.9875401343515537,0.21000000000000002,262,261,1,0,joint_0,0.0002004134844811899,0.1947088114782252,0.36066345039231523,-0.0500710661568282,0.019147655471793153,6.931391256739118,5,0.04999999999999999,0.011159321081745438,38,43,0.8837209302325582,11,0.05,0.5
paper-evidence-v3-locked-test::raw_predicted_pv,synthetic-feasible-v3,synthetic,oscillatory__v3__test__008,test,8475040092451367165,clean,raw_predicted_pv,262,1,command_p,linear_chirp,0.34672951640188643,1.1802521571669644,2.6125520475115667,2.61,1,6,0.48564995652939946,0.6245703966569125,0.555110176593156,0.4354253412519279,0.8708506825038558,0.4354253412519279,44,44,1.0,0.44,0.87,1.0,0.21499999999999997,262,261,1,0,joint_0,0.000245389949946952,0.2532861140597621,1.4356618301629374,-3.0815956722007645,0.883520433459462,0.014773407204359473,5,0.050000000000000044,0.015827383687798287,39,44,0.8863636363636364,11,0.05,0.5
paper-evidence-v3-locked-test::raw_predicted_pv,synthetic-feasible-v3,synthetic,oscillatory__v3__test__008,test,8475040092451367165,clean,raw_predicted_pv,262,1,command_p,linear_chirp,0.34672951640188643,1.1802521571669644,2.6125520475115667,2.61,2,6,0.6245703966569125,0.7634908367844254,0.6940306167206689,0.8708506825038558,1.3062760237557833,0.43542534125192756,43,43,1.0,0.88,1.3,0.9875401343515546,0.21000000000000002,262,261,1,0,joint_0,0.0005733628626495425,0.3138500392325829,1.127565090107983,-0.07586138333004455,0.017396515162133093,-0.002618950324962066,5,0.050000000000000044,0.04562160976551406,38,43,0.8837209302325582,11,0.05,0.5
paper-evidence-v3-locked-test::raw_predicted_pv,synthetic-feasible-v3,synthetic,oscillatory__v3__test__008,test,8475040092451367165,clean,raw_predicted_pv,262,1,command_p,linear_chirp,0.34672951640188643,1.1802521571669644,2.6125520475115667,2.61,3,6,0.7634908367844254,0.9024112769119385,0.8329510568481819,1.3062760237557833,1.741701365007711,0.4354253412519278,44,44,1.0,1.31,1.74,1.0,0.21499999999999994,262,261,1,0,joint_0,0.0009699603120345592,0.3790188430774843,1.4332000406829961,-3.0770237032157266,0.5879379446744272,1.6926361709671285,5,0.050000000000000044,0.061746707491161935,39,44,0.8863636363636364,11,0.05,0.5
paper-evidence-v3-locked-test::raw_predicted_pv,synthetic-feasible-v3,synthetic,oscillatory__v3__test__008,test,8475040092451367165,clean,raw_predicted_pv,262,1,command_p,linear_chirp,0.34672951640188643,1.1802521571669644,2.6125520475115667,2.61,4,6,0.9024112769119385,1.0413317170394514,0.971871496975695,1.741701365007711,2.1771267062596387,0.43542534125192756,43,43,1.0,1.75,2.17,0.9875401343515543,0.20999999999999996,262,261,1,0,joint_0,0.0006071366795625948,0.3803042189259734,3.5097433599529757,-3.030739909606568,0.49631791789427526,1.413145472419367,5,0.050000000000000044,0.07599875254406177,38,43,0.8837209302325582,11,0.05,0.5
paper-evidence-v3-locked-test::raw_predicted_pv,synthetic-feasible-v3,synthetic,oscillatory__v3__test__008,test,8475040092451367165,clean,raw_predicted_pv,262,1,command_p,linear_chirp,0.34672951640188643,1.1802521571669644,2.6125520475115667,2.61,5,6,1.0413317170394514,1.1802521571669644,1.1107919371032078,2.1771267062596387,2.6125520475115667,0.435425341251928,44,44,1.0,2.1799999999999997,2.61,1.0,0.21500000000000008,262,261,1,0,joint_0,0.0003669431111406947,0.2796747964059743,2.3573810648118547,-5.54398812391046,0.7943459840590562,4.345486967215776,-5,-0.04999999999999982,0.1025354269134979,39,44,0.8863636363636364,11,0.05,0.5
paper-evidence-v3-locked-test::raw_predicted_pv,synthetic-feasible-v3,synthetic,oscillatory__v3__test__009,test,7163919590177205794,clean,raw_predicted_pv,392,1,command_p,linear_chirp,0.16412072016643378,1.1051599812148352,3.912233169450274,3.91,0,6,0.16412072016643378,0.320960597007834,0.24254065858713392,0.0,0.6520388615750456,0.6520388615750456,66,65,0.9848484848484849,0.01,0.65,0.9968730980694608,0.32000000000000006,392,391,1,0,joint_0,1.1014964544490822e-05,0.018479188904782187,13.031511267259372,-1.576573047325993,1.0345456926234924,-3.664339215111262,5,0.04999999999999999,0.005320812226336961,60,65,0.9230769230769231,11,0.05,0.5
paper-evidence-v3-locked-test::raw_predicted_pv,synthetic-feasible-v3,synthetic,oscillatory__v3__test__009,test,7163919590177205794,clean,raw_predicted_pv,392,1,command_p,linear_chirp,0.16412072016643378,1.1051599812148352,3.912233169450274,3.91,1,6,0.320960597007834,0.4778004738492343,0.39938053542853413,0.6520388615750456,1.3040777231500915,0.6520388615750459,65,65,1.0,0.66,1.3,0.9968730980694605,0.32,392,391,1,0,joint_0,0.0024665419842833667,0.280905109946025,0.6425025742229896,-0.042012586050201715,0.01674220486180831,0.5499159216985205,5,0.050000000000000044,0.04307888938524169,60,65,0.9230769230769231,11,0.05,0.5
paper-evidence-v3-locked-test::raw_predicted_pv,synthetic-feasible-v3,synthetic,oscillatory__v3__test__009,test,7163919590177205794,clean,raw_predicted_pv,392,1,command_p,linear_chirp,0.16412072016643378,1.1051599812148352,3.912233169450274,3.91,2,6,0.4778004738492343,0.6346403506906345,0.5562204122699344,1.3040777231500915,1.9561165847251372,0.6520388615750456,65,65,1.0,1.31,1.95,0.9968730980694606,0.31999999999999995,392,391,1,0,joint_0,0.000630502270925182,0.1909141571876037,8.891089959042462,-2.660406747452057,0.7612393848763355,0.10048633831288814,5,0.050000000000000044,0.09194893482853472,60,65,0.9230769230769231,11,0.05,0.5
paper-evidence-v3-locked-test::raw_predicted_pv,synthetic-feasible-v3,synthetic,oscillatory__v3__test__009,test,7163919590177205794,clean,raw_predicted_pv,392,1,command_p,linear_chirp,0.16412072016643378,1.1051599812148352,3.912233169450274,3.91,3,6,0.6346403506906345,0.7914802275320347,0.7130602891113347,1.9561165847251372,2.6081554463001826,0.6520388615750454,65,65,1.0,1.96,2.5999999999999996,0.9968730980694606,0.31999999999999984,392,391,1,0,joint_0,0.0029728419939586293,0.39312061663959297,5.066720855319197,-0.24006191608120672,0.053581781478887404,-1.0482749716943438,5,0.04999999999999982,0.13720324246194227,60,65,0.9230769230769231,11,0.05,0.5
paper-evidence-v3-locked-test::raw_predicted_pv,synthetic-feasible-v3,synthetic,oscillatory__v3__test__009,test,7163919590177205794,clean,raw_predicted_pv,392,1,command_p,linear_chirp,0.16412072016643378,1.1051599812148352,3.912233169450274,3.91,4,6,0.7914802275320347,0.948320104373435,0.8699001659527348,2.6081554463001826,3.2601943078752282,0.6520388615750456,66,66,1.0,2.61,3.26,1.0,0.325,392,391,1,0,joint_0,0.0033329469072301663,0.38569135785455516,4.790098245381829,-0.5943531990990748,0.10874150078531987,1.6095366547195726,5,0.04999999999999982,0.287894062858483,61,66,0.9242424242424242,11,0.05,0.5
paper-evidence-v3-locked-test::raw_predicted_pv,synthetic-feasible-v3,synthetic,oscillatory__v3__test__009,test,7163919590177205794,clean,raw_predicted_pv,392,1,command_p,linear_chirp,0.16412072016643378,1.1051599812148352,3.912233169450274,3.91,5,6,0.948320104373435,1.1051599812148352,1.026740042794135,3.2601943078752282,3.912233169450274,0.6520388615750456,65,65,1.0,3.27,3.9099999999999997,0.9968730980694602,0.31999999999999984,392,391,1,0,joint_0,0.005503526652561406,0.47482759800611984,1.1555091711031849,-3.41231061654639,0.5289421658381757,4.1095682239808315,0,0.0,0.35534393675499276,65,65,1.0,11,0.05,0.5
paper-evidence-v3-locked-test::raw_predicted_pv,synthetic-feasible-v3,synthetic,oscillatory__v3__test__014,test,2538550119372057008,clean,raw_predicted_pv,356,1,command_p,linear_chirp,0.18010742364176516,1.1952329035694962,3.5566745513624474,3.5500000000000003,0,6,0.18010742364176516,0.3492950036297203,0.2647012136357427,0.0,0.5927790918937412,0.5927790918937412,60,59,0.9833333333333333,0.01,0.59,0.9953117579014756,0.29,356,355,1,0,joint_0,0.0009222668787234665,0.1730509189117292,0.502373402505697,-0.035302951544195854,0.021226344854331797,5.478744760444503,5,0.04999999999999999,0.030238556651488658,54,59,0.9152542372881356,11,0.05,0.5
paper-evidence-v3-locked-test::raw_predicted_pv,synthetic-feasible-v3,synthetic,oscillatory__v3__test__014,test,2538550119372057008,clean,raw_predicted_pv,356,1,command_p,linear_chirp,0.18010742364176516,1.1952329035694962,3.5566745513624474,3.5500000000000003,1,6,0.3492950036297203,0.5184825836176755,0.4338887936236979,0.5927790918937412,1.1855581837874827,0.5927790918937414,59,59,1.0,0.6,1.18,0.9953117579014753,0.29,356,355,1,0,joint_0,0.0004663776417337323,0.20289335310522658,4.9082799573565286,-2.956117239970009,1.0843346913182434,0.01648168454040224,5,0.050000000000000044,0.058535619478316335,54,59,0.9152542372881356,11,0.05,0.5
paper-evidence-v3-locked-test::raw_predicted_pv,synthetic-feasible-v3,synthetic,oscillatory__v3__test__014,test,2538550119372057008,clean,raw_predicted_pv,356,1,command_p,linear_chirp,0.18010742364176516,1.1952329035694962,3.5566745513624474,3.5500000000000003,2,6,0.5184825836176755,0.6876701636056306,0.6030763736116531,1.1855581837874827,1.7783372756812237,0.592779091893741,59,59,1.0,1.19,1.77,0.9953117579014762,0.29000000000000004,356,355,1,0,joint_0,0.004103728745725457,0.36956036659110064,1.7136171188617642,-0.07034422977713749,0.018564202440855156,-0.22785026476284354,5,0.050000000000000044,0.11228036856726775,54,59,0.9152542372881356,11,0.05,0.5
paper-evidence-v3-locked-test::raw_predicted_pv,synthetic-feasible-v3,synthetic,oscillatory__v3__test__014,test,2538550119372057008,clean,raw_predicted_pv,356,1,command_p,linear_chirp,0.18010742364176516,1.1952329035694962,3.5566745513624474,3.5500000000000003,3,6,0.6876701636056306,0.8568577435935858,0.7722639535996082,1.7783372756812237,2.371116367574965,0.5927790918937412,60,60,1.0,1.78,2.3699999999999997,1.0,0.29499999999999976,356,355,1,0,joint_0,0.007515953882492891,0.4654898879838397,0.26477063544753343,-2.471690754107333,0.5093877546363781,1.4112998593432624,5,0.04999999999999982,0.2838786866225883,55,60,0.9166666666666666,11,0.05,0.5
paper-evidence-v3-locked-test::raw_predicted_pv,synthetic-feasible-v3,synthetic,oscillatory__v3__test__014,test,2538550119372057008,clean,raw_predicted_pv,356,1,command_p,linear_chirp,0.18010742364176516,1.1952329035694962,3.5566745513624474,3.5500000000000003,4,6,0.8568577435935858,1.026045323581541,0.9414515335875634,2.371116367574965,2.963895459468706,0.5927790918937412,59,59,1.0,2.38,2.96,0.9953117579014759,0.29000000000000004,356,355,1,0,joint_0,0.009708698417315621,0.5334042300835387,2.049662349805186,-3.070871931914051,0.5191392547886502,0.3847528930796118,-5,-0.04999999999999982,0.3485415505156008,54,59,0.9152542372881356,11,0.05,0.5
paper-evidence-v3-locked-test::raw_predicted_pv,synthetic-feasible-v3,synthetic,oscillatory__v3__test__014,test,2538550119372057008,clean,raw_predicted_pv,356,1,command_p,linear_chirp,0.18010742364176516,1.1952329035694962,3.5566745513624474,3.5500000000000003,5,6,1.026045323581541,1.1952329035694962,1.1106391135755187,2.963895459468706,3.5566745513624474,0.5927790918937412,59,59,1.0,2.9699999999999998,3.55,0.9953117579014759,0.2900000000000001,356,355,1,0,joint_0,0.009490675554489583,0.565853138766414,2.853127796159707,-3.28970381243777,0.4714156170604951,0.026957889637706067,-5,-0.04999999999999982,0.2841233113884365,54,59,0.9152542372881356,11,0.05,0.5
paper-evidence-v3-locked-test::scalar_projected_pva,synthetic-feasible-v3,synthetic,oscillatory__v3__test__000,test,3028318613495693642,clean,scalar_projected_pva,375,1,command_p,linear_chirp,0.2606824396084501,1.237962077868985,3.742402242758711,3.74,0,6,0.2606824396084501,0.42356237931853924,0.3421224094634947,0.0,0.6237337071264517,0.6237337071264517,63,62,0.9841269841269841,0.01,0.62,0.9940139404303594,0.3050000000000001,375,374,1,0,joint_0,0.00014059641326534783,0.2122297206178479,0.29580476732958644,-0.07512493552758367,0.034948031780276216,-0.1487258780809184,5,0.04999999999999999,0.007520489439981617,57,62,0.9193548387096774,11,0.05,0.5
paper-evidence-v3-locked-test::scalar_projected_pva,synthetic-feasible-v3,synthetic,oscillatory__v3__test__000,test,3028318613495693642,clean,scalar_projected_pva,375,1,command_p,linear_chirp,0.2606824396084501,1.237962077868985,3.742402242758711,3.74,1,6,0.42356237931853924,0.5864423190286284,0.5050023491735838,0.6237337071264517,1.2474674142529036,0.6237337071264519,62,62,1.0,0.63,1.24,0.9940139404303591,0.30500000000000005,375,374,1,0,joint_0,0.0009423230224640148,0.33288764336631155,0.6246070721060065,-0.02320654898332145,0.007313702577510717,0.04726380889569441,5,0.050000000000000044,0.0040332824740173055,57,62,0.9193548387096774,11,0.05,0.5
paper-evidence-v3-locked-test::scalar_projected_pva,synthetic-feasible-v3,synthetic,oscillatory__v3__test__000,test,3028318613495693642,clean,scalar_projected_pva,375,1,command_p,linear_chirp,0.2606824396084501,1.237962077868985,3.742402242758711,3.74,2,6,0.5864423190286284,0.7493222587387176,0.6678822888836731,1.2474674142529036,1.8712011213793556,0.6237337071264519,63,63,1.0,1.25,1.87,1.0,0.31,375,374,1,0,joint_0,0.0008092458813155768,0.38838307633068847,0.4328481666396653,-0.17186495746903152,0.04095505747157026,0.09419355223302547,4,0.040000000000000036,0.0047135567892184795,59,63,0.9365079365079365,11,0.05,0.5
paper-evidence-v3-locked-test::scalar_projected_pva,synthetic-feasible-v3,synthetic,oscillatory__v3__test__000,test,3028318613495693642,clean,scalar_projected_pva,375,1,command_p,linear_chirp,0.2606824396084501,1.237962077868985,3.742402242758711,3.74,3,6,0.7493222587387176,0.9122021984488067,0.8307622285937621,1.8712011213793556,2.494934828505807,0.6237337071264513,62,62,1.0,1.8800000000000001,2.4899999999999998,0.9940139404303595,0.3049999999999999,375,374,1,0,joint_0,0.0007247675283505879,0.36567288254866165,0.5934999996541691,-0.21600282424491735,0.041381175042804086,-0.07553370041811511,1,0.010000000000000009,0.004955358105151295,61,62,0.9838709677419355,11,0.05,0.5
paper-evidence-v3-locked-test::scalar_projected_pva,synthetic-feasible-v3,synthetic,oscillatory__v3__test__000,test,3028318613495693642,clean,scalar_projected_pva,375,1,command_p,linear_chirp,0.2606824396084501,1.237962077868985,3.742402242758711,3.74,4,6,0.9122021984488067,1.075082138158896,0.9936421683038513,2.494934828505807,3.1186685356322594,0.6237337071264526,62,62,1.0,2.5,3.11,0.9940139404303578,0.305,375,374,1,0,joint_0,0.0019141345761439486,0.5261727487912008,0.966905891473245,-0.01726184767961227,0.002764887071770833,-0.08268659771435788,0,0.0,0.0016146473226409583,62,62,1.0,11,0.05,0.5
paper-evidence-v3-locked-test::scalar_projected_pva,synthetic-feasible-v3,synthetic,oscillatory__v3__test__000,test,3028318613495693642,clean,scalar_projected_pva,375,1,command_p,linear_chirp,0.2606824396084501,1.237962077868985,3.742402242758711,3.74,5,6,1.075082138158896,1.237962077868985,1.1565221080139405,3.1186685356322594,3.7424022427587107,0.6237337071264513,63,63,1.0,3.1199999999999997,3.7399999999999998,1.0,0.31,375,374,1,0,joint_0,0.003426841462181297,0.6270537407526952,1.139843502557898,-0.046759094971982926,0.006434759048466688,0.14033191269348688,3,0.029999999999999805,0.00298176213502671,60,63,0.9523809523809523,11,0.05,0.5
paper-evidence-v3-locked-test::scalar_projected_pva,synthetic-feasible-v3,synthetic,oscillatory__v3__test__003,test,8307138079948390478,clean,scalar_projected_pva,391,1,command_p,linear_chirp,0.28229618020039354,1.9761210369123376,3.90188521291582,3.9,0,6,0.28229618020039354,0.5646003229857175,0.42344825159305555,0.0,0.6503142021526366,0.6503142021526366,66,65,0.9848484848484849,0.01,0.65,0.9995168456238592,0.32000000000000006,391,390,1,0,joint_0,0.0002805985199306203,0.21636907457494978,0.20371926749549835,0.010451810006725184,-0.003928360125634131,0.026043396519210754,0,0.0,0.015506694123989083,65,65,1.0,11,0.05,0.5
paper-evidence-v3-locked-test::scalar_projected_pva,synthetic-feasible-v3,synthetic,oscillatory__v3__test__003,test,8307138079948390478,clean,scalar_projected_pva,391,1,command_p,linear_chirp,0.28229618020039354,1.9761210369123376,3.90188521291582,3.9,1,6,0.5646003229857175,0.8469044657710416,0.7057523943783796,0.6503142021526366,1.3006284043052734,0.6503142021526368,65,65,1.0,0.66,1.3,0.9995168456238589,0.32,391,390,1,0,joint_0,0.0030617169059266413,0.4559265576167148,0.7332933573621775,-0.013313796233317956,0.003002407783139252,0.0007533317991176469,3,0.030000000000000027,0.010357938919155133,62,65,0.9538461538461539,11,0.05,0.5
paper-evidence-v3-locked-test::scalar_projected_pva,synthetic-feasible-v3,synthetic,oscillatory__v3__test__003,test,8307138079948390478,clean,scalar_projected_pva,391,1,command_p,linear_chirp,0.28229618020039354,1.9761210369123376,3.90188521291582,3.9,2,6,0.8469044657710416,1.1292086085563655,0.9880565371637036,1.3006284043052734,1.9509426064579098,0.6503142021526365,65,65,1.0,1.31,1.95,0.9995168456238592,0.31999999999999995,391,390,1,0,joint_0,0.003805121755294622,0.5339282666897226,0.8886788028277075,0.007779336457976651,-0.001253086037784947,0.03352152955182854,-2,-0.020000000000000018,0.004577559456248269,63,65,0.9692307692307692,11,0.05,0.5
paper-evidence-v3-locked-test::scalar_projected_pva,synthetic-feasible-v3,synthetic,oscillatory__v3__test__003,test,8307138079948390478,clean,scalar_projected_pva,391,1,command_p,linear_chirp,0.28229618020039354,1.9761210369123376,3.90188521291582,3.9,3,6,1.1292086085563655,1.4115127513416896,1.2703606799490275,1.9509426064579098,2.6012568086105468,0.6503142021526369,65,65,1.0,1.96,2.5999999999999996,0.9995168456238582,0.31999999999999984,391,390,1,0,joint_0,0.0055032966534253585,0.6077595559923703,0.9078266443903911,-0.13223271236799078,0.016566546921665565,0.06627613970275809,3,0.029999999999999805,0.012571689613846962,62,65,0.9538461538461539,11,0.05,0.5
paper-evidence-v3-locked-test::scalar_projected_pva,synthetic-feasible-v3,synthetic,oscillatory__v3__test__003,test,8307138079948390478,clean,scalar_projected_pva,391,1,command_p,linear_chirp,0.28229618020039354,1.9761210369123376,3.90188521291582,3.9,4,6,1.4115127513416896,1.6938168941270135,1.5526648227343516,2.6012568086105468,3.251571010763183,0.6503142021526362,65,65,1.0,2.61,3.25,0.9995168456238599,0.32000000000000006,391,390,1,0,joint_0,0.004513691001263545,0.5262158804858961,0.893167782152327,-0.22733781972239295,0.023303121981493778,0.0656203076676925,1,0.009999999999999787,0.01099819807984163,64,65,0.9846153846153847,11,0.05,0.5
paper-evidence-v3-locked-test::scalar_projected_pva,synthetic-feasible-v3,synthetic,oscillatory__v3__test__003,test,8307138079948390478,clean,scalar_projected_pva,391,1,command_p,linear_chirp,0.28229618020039354,1.9761210369123376,3.90188521291582,3.9,5,6,1.6938168941270135,1.9761210369123376,1.8349689655196757,3.251571010763183,3.90188521291582,0.6503142021526371,65,65,1.0,3.26,3.9,0.9995168456238586,0.32000000000000006,391,390,1,0,joint_0,0.0075830270283844285,0.6786163069740975,0.8138455328965752,-0.365023279164788,0.0316600772625252,0.08962588352121731,3,0.029999999999999805,0.008320385241701098,62,65,0.9538461538461539,11,0.05,0.5
paper-evidence-v3-locked-test::scalar_projected_pva,synthetic-feasible-v3,synthetic,oscillatory__v3__test__004,test,399051331059600695,clean,scalar_projected_pva,392,1,command_p,linear_chirp,0.26158962151558107,1.0307092527839867,3.9154229986852602,3.91,0,6,0.26158962151558107,0.389776226726982,0.3256829241212815,0.0,0.6525704997808766,0.6525704997808766,66,65,0.9848484848484849,0.01,0.65,0.9960609623301395,0.32000000000000006,392,391,1,0,joint_0,0.00033833357591218184,0.2256578834206036,0.9955735129742933,0.00428109514715478,-0.0020920883597283003,0.011897270069423937,-1,-0.010000000000000009,0.00045249552497768705,64,65,0.9846153846153847,11,0.05,0.5
paper-evidence-v3-locked-test::scalar_projected_pva,synthetic-feasible-v3,synthetic,oscillatory__v3__test__004,test,399051331059600695,clean,scalar_projected_pva,392,1,command_p,linear_chirp,0.26158962151558107,1.0307092527839867,3.9154229986852602,3.91,1,6,0.389776226726982,0.5179628319383829,0.45386952933268243,0.6525704997808766,1.3051409995617531,0.6525704997808766,65,65,1.0,0.66,1.3,0.9960609623301395,0.32,392,391,1,0,joint_0,0.0010688581275665457,0.3139597771500332,0.9904231270570883,-0.0030006704060517734,0.0010522220524803035,0.006184634515190769,1,0.010000000000000009,0.00038380307031432755,64,65,0.9846153846153847,11,0.05,0.5
paper-evidence-v3-locked-test::scalar_projected_pva,synthetic-feasible-v3,synthetic,oscillatory__v3__test__004,test,399051331059600695,clean,scalar_projected_pva,392,1,command_p,linear_chirp,0.26158962151558107,1.0307092527839867,3.9154229986852602,3.91,2,6,0.5179628319383829,0.6461494371497839,0.5820561345440833,1.3051409995617531,1.9577114993426301,0.652570499780877,65,65,1.0,1.31,1.95,0.9960609623301387,0.31999999999999995,392,391,1,0,joint_0,0.0017251141571955903,0.39075169521746445,0.9776903924744648,-0.005681363920394397,0.001553487881616399,0.015367634179490655,1,0.010000000000000009,0.00032313178690692747,64,65,0.9846153846153847,11,0.05,0.5
paper-evidence-v3-locked-test::scalar_projected_pva,synthetic-feasible-v3,synthetic,oscillatory__v3__test__004,test,399051331059600695,clean,scalar_projected_pva,392,1,command_p,linear_chirp,0.26158962151558107,1.0307092527839867,3.9154229986852602,3.91,3,6,0.6461494371497839,0.7743360423611848,0.7102427397554844,1.9577114993426301,2.6102819991235067,0.6525704997808766,66,66,1.0,1.96,2.61,1.0,0.325,392,391,1,0,joint_0,0.0016266859502520933,0.43279006553186433,0.9245652008721632,-0.027755476223954335,0.006219593656716145,0.03363911191123691,2,0.020000000000000018,0.0016436556870459008,64,66,0.9696969696969697,11,0.05,0.5
paper-evidence-v3-locked-test::scalar_projected_pva,synthetic-feasible-v3,synthetic,oscillatory__v3__test__004,test,399051331059600695,clean,scalar_projected_pva,392,1,command_p,linear_chirp,0.26158962151558107,1.0307092527839867,3.9154229986852602,3.91,4,6,0.7743360423611848,0.9025226475725857,0.8384293449668853,2.6102819991235067,3.2628524989043832,0.6525704997808766,65,65,1.0,2.6199999999999997,3.26,0.9960609623301397,0.32000000000000006,392,391,1,0,joint_0,0.002149822301925269,0.4820975861388561,0.8675457318847608,-0.05986860403317033,0.011364564378727434,0.011395087369003663,3,0.029999999999999805,0.0030481386114705384,62,65,0.9538461538461539,11,0.05,0.5
paper-evidence-v3-locked-test::scalar_projected_pva,synthetic-feasible-v3,synthetic,oscillatory__v3__test__004,test,399051331059600695,clean,scalar_projected_pva,392,1,command_p,linear_chirp,0.26158962151558107,1.0307092527839867,3.9154229986852602,3.91,5,6,0.9025226475725857,1.0307092527839867,0.9666159501782863,3.2628524989043832,3.9154229986852602,0.652570499780877,65,65,1.0,3.27,3.9099999999999997,0.9960609623301384,0.31999999999999984,392,391,1,0,joint_0,0.003928035226999296,0.5729783547020808,0.9107809077929079,-0.04611114319279606,0.007592277335583067,-0.04555728229612238,4,0.040000000000000036,0.0018156487907932757,61,65,0.9384615384615385,11,0.05,0.5
paper-evidence-v3-locked-test::scalar_projected_pva,synthetic-feasible-v3,synthetic,oscillatory__v3__test__008,test,8475040092451367165,clean,scalar_projected_pva,262,1,command_p,linear_chirp,0.34672951640188643,1.1802521571669644,2.6125520475115667,2.61,0,6,0.34672951640188643,0.48564995652939946,0.41618973646564295,0.0,0.4354253412519279,0.4354253412519279,44,43,0.9772727272727273,0.01,0.43,0.9875401343515537,0.21000000000000002,262,261,1,0,joint_0,0.0002004134844811899,0.1947088114782252,0.26386569621833017,-0.03722291207311,0.01423439824110006,1.5659595280966319,5,0.04999999999999999,0.012257748114852722,38,43,0.8837209302325582,11,0.05,0.5
paper-evidence-v3-locked-test::scalar_projected_pva,synthetic-feasible-v3,synthetic,oscillatory__v3__test__008,test,8475040092451367165,clean,scalar_projected_pva,262,1,command_p,linear_chirp,0.34672951640188643,1.1802521571669644,2.6125520475115667,2.61,1,6,0.48564995652939946,0.6245703966569125,0.555110176593156,0.4354253412519279,0.8708506825038558,0.4354253412519279,44,44,1.0,0.44,0.87,1.0,0.21499999999999997,262,261,1,0,joint_0,0.000245389949946952,0.2532861140597621,0.04337094450088973,-0.7149730433110812,0.20498902527563087,-0.013023423536436842,-5,-0.050000000000000044,0.012329414538440844,39,44,0.8863636363636364,11,0.05,0.5
paper-evidence-v3-locked-test::scalar_projected_pva,synthetic-feasible-v3,synthetic,oscillatory__v3__test__008,test,8475040092451367165,clean,scalar_projected_pva,262,1,command_p,linear_chirp,0.34672951640188643,1.1802521571669644,2.6125520475115667,2.61,2,6,0.6245703966569125,0.7634908367844254,0.6940306167206689,0.8708506825038558,1.3062760237557833,0.43542534125192756,43,43,1.0,0.88,1.3,0.9875401343515546,0.21000000000000002,262,261,1,0,joint_0,0.0005733628626495425,0.3138500392325829,0.6979081791589224,-0.014487586427532253,0.0033222900227481314,-0.404094742731045,5,0.050000000000000044,0.009771641136947987,38,43,0.8837209302325582,11,0.05,0.5
paper-evidence-v3-locked-test::scalar_projected_pva,synthetic-feasible-v3,synthetic,oscillatory__v3__test__008,test,8475040092451367165,clean,scalar_projected_pva,262,1,command_p,linear_chirp,0.34672951640188643,1.1802521571669644,2.6125520475115667,2.61,3,6,0.7634908367844254,0.9024112769119385,0.8329510568481819,1.3062760237557833,1.741701365007711,0.4354253412519278,44,44,1.0,1.31,1.74,1.0,0.21499999999999994,262,261,1,0,joint_0,0.0009699603120345592,0.3790188430774843,0.6795234200903199,-0.009534450920046938,0.0018217817014777123,-0.024255140945269302,-5,-0.050000000000000044,0.0074936723566064395,39,44,0.8863636363636364,11,0.05,0.5
paper-evidence-v3-locked-test::scalar_projected_pva,synthetic-feasible-v3,synthetic,oscillatory__v3__test__008,test,8475040092451367165,clean,scalar_projected_pva,262,1,command_p,linear_chirp,0.34672951640188643,1.1802521571669644,2.6125520475115667,2.61,4,6,0.9024112769119385,1.0413317170394514,0.971871496975695,1.741701365007711,2.1771267062596387,0.43542534125192756,43,43,1.0,1.75,2.17,0.9875401343515543,0.20999999999999996,262,261,1,0,joint_0,0.0006071366795625948,0.3803042189259734,1.1346889726453462,0.027855237364325963,-0.004561609977580612,0.010465432990354151,-4,-0.040000000000000036,0.004986332487446261,39,43,0.9069767441860465,11,0.05,0.5
paper-evidence-v3-locked-test::scalar_projected_pva,synthetic-feasible-v3,synthetic,oscillatory__v3__test__008,test,8475040092451367165,clean,scalar_projected_pva,262,1,command_p,linear_chirp,0.34672951640188643,1.1802521571669644,2.6125520475115667,2.61,5,6,1.0413317170394514,1.1802521571669644,1.1107919371032078,2.1771267062596387,2.6125520475115667,0.435425341251928,44,44,1.0,2.1799999999999997,2.61,1.0,0.21500000000000008,262,261,1,0,joint_0,0.0003669431111406947,0.2796747964059743,1.0469867304143763,-0.02780422663547076,0.00398380647182475,0.11706769053390173,1,0.009999999999999787,0.010209564945838256,43,44,0.9772727272727273,11,0.05,0.5
paper-evidence-v3-locked-test::scalar_projected_pva,synthetic-feasible-v3,synthetic,oscillatory__v3__test__009,test,7163919590177205794,clean,scalar_projected_pva,392,1,command_p,linear_chirp,0.16412072016643378,1.1051599812148352,3.912233169450274,3.91,0,6,0.16412072016643378,0.320960597007834,0.24254065858713392,0.0,0.6520388615750456,0.6520388615750456,66,65,0.9848484848484849,0.01,0.65,0.9968730980694608,0.32000000000000006,392,391,1,0,joint_0,1.1014964544490822e-05,0.018479188904782187,6.643956712192714,1.5360713063617695,-1.0079684897914654,1.516294555702157,-5,-0.04999999999999999,0.008512349404795746,60,65,0.9230769230769231,11,0.05,0.5
paper-evidence-v3-locked-test::scalar_projected_pva,synthetic-feasible-v3,synthetic,oscillatory__v3__test__009,test,7163919590177205794,clean,scalar_projected_pva,392,1,command_p,linear_chirp,0.16412072016643378,1.1051599812148352,3.912233169450274,3.91,1,6,0.320960597007834,0.4778004738492343,0.39938053542853413,0.6520388615750456,1.3040777231500915,0.6520388615750459,65,65,1.0,0.66,1.3,0.9968730980694605,0.32,392,391,1,0,joint_0,0.0024665419842833667,0.280905109946025,0.8471672320033632,-0.008180999331814143,0.0032601650996652146,1.617798543347184,4,0.040000000000000036,0.004445258743687425,61,65,0.9384615384615385,11,0.05,0.5
paper-evidence-v3-locked-test::scalar_projected_pva,synthetic-feasible-v3,synthetic,oscillatory__v3__test__009,test,7163919590177205794,clean,scalar_projected_pva,392,1,command_p,linear_chirp,0.16412072016643378,1.1051599812148352,3.912233169450274,3.91,2,6,0.4778004738492343,0.6346403506906345,0.5562204122699344,1.3040777231500915,1.9561165847251372,0.6520388615750456,65,65,1.0,1.31,1.95,0.9968730980694606,0.31999999999999995,392,391,1,0,joint_0,0.000630502270925182,0.1909141571876037,0.4971876032998398,-1.6524608166557777,0.4728292983048676,0.029283937675524882,4,0.040000000000000036,0.0010747575065747608,61,65,0.9384615384615385,11,0.05,0.5
paper-evidence-v3-locked-test::scalar_projected_pva,synthetic-feasible-v3,synthetic,oscillatory__v3__test__009,test,7163919590177205794,clean,scalar_projected_pva,392,1,command_p,linear_chirp,0.16412072016643378,1.1051599812148352,3.912233169450274,3.91,3,6,0.6346403506906345,0.7914802275320347,0.7130602891113347,1.9561165847251372,2.6081554463001826,0.6520388615750454,65,65,1.0,1.96,2.5999999999999996,0.9968730980694606,0.31999999999999984,392,391,1,0,joint_0,0.0029728419939586293,0.39312061663959297,1.346461358154068,-0.06589694693902631,0.01470818807352326,-0.7554563713813152,3,0.029999999999999805,0.002653541258393474,62,65,0.9538461538461539,11,0.05,0.5
paper-evidence-v3-locked-test::scalar_projected_pva,synthetic-feasible-v3,synthetic,oscillatory__v3__test__009,test,7163919590177205794,clean,scalar_projected_pva,392,1,command_p,linear_chirp,0.16412072016643378,1.1051599812148352,3.912233169450274,3.91,4,6,0.7914802275320347,0.948320104373435,0.8699001659527348,2.6081554463001826,3.2601943078752282,0.6520388615750456,66,66,1.0,2.61,3.26,1.0,0.325,392,391,1,0,joint_0,0.0033329469072301663,0.38569135785455516,1.4583547844646605,-0.16352579591836,0.029918305297642136,0.08443452081521463,3,0.029999999999999805,0.0017376752649545912,63,66,0.9545454545454546,11,0.05,0.5
paper-evidence-v3-locked-test::scalar_projected_pva,synthetic-feasible-v3,synthetic,oscillatory__v3__test__009,test,7163919590177205794,clean,scalar_projected_pva,392,1,command_p,linear_chirp,0.16412072016643378,1.1051599812148352,3.912233169450274,3.91,5,6,0.948320104373435,1.1051599812148352,1.026740042794135,3.2601943078752282,3.912233169450274,0.6520388615750456,65,65,1.0,3.27,3.9099999999999997,0.9968730980694602,0.31999999999999984,392,391,1,0,joint_0,0.005503526652561406,0.47482759800611984,0.6967965707672125,-0.2323096211363288,0.03601030737150809,0.05516372433361072,3,0.029999999999999805,0.0035278010132432274,62,65,0.9538461538461539,11,0.05,0.5
paper-evidence-v3-locked-test::scalar_projected_pva,synthetic-feasible-v3,synthetic,oscillatory__v3__test__014,test,2538550119372057008,clean,scalar_projected_pva,356,1,command_p,linear_chirp,0.18010742364176516,1.1952329035694962,3.5566745513624474,3.5500000000000003,0,6,0.18010742364176516,0.3492950036297203,0.2647012136357427,0.0,0.5927790918937412,0.5927790918937412,60,59,0.9833333333333333,0.01,0.59,0.9953117579014756,0.29,356,355,1,0,joint_0,0.0009222668787234665,0.1730509189117292,0.6679910729095749,-0.024642509121716515,0.014816619399053323,5.318382110219934,5,0.04999999999999999,0.022902898852051535,54,59,0.9152542372881356,11,0.05,0.5
paper-evidence-v3-locked-test::scalar_projected_pva,synthetic-feasible-v3,synthetic,oscillatory__v3__test__014,test,2538550119372057008,clean,scalar_projected_pva,356,1,command_p,linear_chirp,0.18010742364176516,1.1952329035694962,3.5566745513624474,3.5500000000000003,1,6,0.3492950036297203,0.5184825836176755,0.4338887936236979,0.5927790918937412,1.1855581837874827,0.5927790918937414,59,59,1.0,0.6,1.18,0.9953117579014753,0.29,356,355,1,0,joint_0,0.0004663776417337323,0.20289335310522658,1.4436200257938379,-2.850224098866706,1.0454919807117675,-0.0023266745976926757,5,0.050000000000000044,0.014020288764366963,54,59,0.9152542372881356,11,0.05,0.5
paper-evidence-v3-locked-test::scalar_projected_pva,synthetic-feasible-v3,synthetic,oscillatory__v3__test__014,test,2538550119372057008,clean,scalar_projected_pva,356,1,command_p,linear_chirp,0.18010742364176516,1.1952329035694962,3.5566745513624474,3.5500000000000003,2,6,0.5184825836176755,0.6876701636056306,0.6030763736116531,1.1855581837874827,1.7783372756812237,0.592779091893741,59,59,1.0,1.19,1.77,0.9953117579014762,0.29000000000000004,356,355,1,0,joint_0,0.004103728745725457,0.36956036659110064,1.2760223136231912,-0.019695827140550723,0.005197829636285369,-1.3274494395578882,5,0.050000000000000044,0.013066800808621394,54,59,0.9152542372881356,11,0.05,0.5
paper-evidence-v3-locked-test::scalar_projected_pva,synthetic-feasible-v3,synthetic,oscillatory__v3__test__014,test,2538550119372057008,clean,scalar_projected_pva,356,1,command_p,linear_chirp,0.18010742364176516,1.1952329035694962,3.5566745513624474,3.5500000000000003,3,6,0.6876701636056306,0.8568577435935858,0.7722639535996082,1.7783372756812237,2.371116367574965,0.5927790918937412,60,60,1.0,1.78,2.3699999999999997,1.0,0.29499999999999976,356,355,1,0,joint_0,0.007515953882492891,0.4654898879838397,0.9936599838296232,-0.02796858016138381,0.005764010819355186,0.0075438468055562,5,0.04999999999999982,0.014725121566707852,55,60,0.9166666666666666,11,0.05,0.5
paper-evidence-v3-locked-test::scalar_projected_pva,synthetic-feasible-v3,synthetic,oscillatory__v3__test__014,test,2538550119372057008,clean,scalar_projected_pva,356,1,command_p,linear_chirp,0.18010742364176516,1.1952329035694962,3.5566745513624474,3.5500000000000003,4,6,0.8568577435935858,1.026045323581541,0.9414515335875634,2.371116367574965,2.963895459468706,0.5927790918937412,59,59,1.0,2.38,2.96,0.9953117579014759,0.29000000000000004,356,355,1,0,joint_0,0.009708698417315621,0.5334042300835387,0.8695300725816301,-0.035734602437589094,0.006041031762615981,-0.0015218346553687936,5,0.04999999999999982,0.010820862414683304,54,59,0.9152542372881356,11,0.05,0.5
paper-evidence-v3-locked-test::scalar_projected_pva,synthetic-feasible-v3,synthetic,oscillatory__v3__test__014,test,2538550119372057008,clean,scalar_projected_pva,356,1,command_p,linear_chirp,0.18010742364176516,1.1952329035694962,3.5566745513624474,3.5500000000000003,5,6,1.026045323581541,1.1952329035694962,1.1106391135755187,2.963895459468706,3.5566745513624474,0.5927790918937412,59,59,1.0,2.9699999999999998,3.55,0.9953117579014759,0.2900000000000001,356,355,1,0,joint_0,0.009490675554489583,0.565853138766414,0.9451062772217335,-0.024733047321728478,0.0035442536561730706,-0.01917651540687334,0,0.0,0.008746531839839946,59,59,1.0,11,0.05,0.5
