method,jerk_semantic,max_abs_jerk
deployed_p_only,internal_profile,0.4145372965117115
deployed_p_only,internal_profile,0.5155452686746087
deployed_p_only,internal_profile,0.5427958422653935
deployed_p_only,internal_profile,0.5707030727600682
deployed_p_only,internal_profile,0.6097079290842837
deployed_p_only,internal_profile,0.8746718509385509
deployed_p_only,internal_profile,0.9408744168835809
deployed_p_only,internal_profile,1.0146064649543498
deployed_p_only,internal_profile,1.1636442772941145
deployed_p_only,internal_profile,1.3845804865662181
deployed_p_only,internal_profile,1.3923334830880552
deployed_p_only,internal_profile,1.400625703998748
deployed_p_only,internal_profile,1.421182515912144
deployed_p_only,internal_profile,1.5134104321698587
deployed_p_only,internal_profile,1.5288058084714373
deployed_p_only,internal_profile,1.5530485247977182
deployed_p_only,internal_profile,1.7787387583294016
deployed_p_only,internal_profile,1.8540201139343704
deployed_p_only,internal_profile,1.9193445568965999
deployed_p_only,internal_profile,1.9262046367522936
deployed_p_only,internal_profile,1.9308471174874124
deployed_p_only,internal_profile,10.597736267835263
deployed_p_only,internal_profile,11.271684519171641
deployed_p_only,internal_profile,11.694812017213314
deployed_p_only,internal_profile,11.85260110545319
deployed_p_only,internal_profile,12.165199887393783
deployed_p_only,internal_profile,12.463476642524865
deployed_p_only,internal_profile,12.929549092548212
deployed_p_only,internal_profile,1244.1361326965061
deployed_p_only,internal_profile,13.010682842336394
deployed_p_only,internal_profile,13.443947482494593
deployed_p_only,internal_profile,1357.5659926234741
deployed_p_only,internal_profile,14.308626524024243
deployed_p_only,internal_profile,1452.0120938012785
deployed_p_only,internal_profile,15.380031381229925
deployed_p_only,internal_profile,1503.5356721588762
deployed_p_only,internal_profile,1590.4562105678704
deployed_p_only,internal_profile,16.196404333439418
deployed_p_only,internal_profile,18.06241573251462
deployed_p_only,internal_profile,18.510214814083515
deployed_p_only,internal_profile,18.907814909535308
deployed_p_only,internal_profile,19.398085696273032
deployed_p_only,internal_profile,19.593081620514937
deployed_p_only,internal_profile,19.882369345465627
deployed_p_only,internal_profile,2.409790257668257
deployed_p_only,internal_profile,2.4158257664038008
deployed_p_only,internal_profile,2.624887110649668
deployed_p_only,internal_profile,20.233681367342143
deployed_p_only,internal_profile,23.278803946922864
deployed_p_only,internal_profile,24.962700890517723
deployed_p_only,internal_profile,25.137592106381984
deployed_p_only,internal_profile,25.317761917622924
deployed_p_only,internal_profile,25.399409323996917
deployed_p_only,internal_profile,26.62779662985903
deployed_p_only,internal_profile,26.991098297492755
deployed_p_only,internal_profile,261.1647091534171
deployed_p_only,internal_profile,27.61294152415856
deployed_p_only,internal_profile,274.4708429550262
deployed_p_only,internal_profile,28.419788984637663
deployed_p_only,internal_profile,29.95372771046137
deployed_p_only,internal_profile,3.057096044882607
deployed_p_only,internal_profile,3.1098264129361435
deployed_p_only,internal_profile,3.2398340516254778
deployed_p_only,internal_profile,3.246996521251331
deployed_p_only,internal_profile,3.3333703195561366
deployed_p_only,internal_profile,3.337262792324764
deployed_p_only,internal_profile,3.3683297621299864
deployed_p_only,internal_profile,3.383332281310787
deployed_p_only,internal_profile,3.4339624728078446
deployed_p_only,internal_profile,3.4402692342928956
deployed_p_only,internal_profile,3.5580584169910314
deployed_p_only,internal_profile,3.853214791254575
deployed_p_only,internal_profile,3.9888382495960233
deployed_p_only,internal_profile,304.0032582945205
deployed_p_only,internal_profile,32.06249719894173
deployed_p_only,internal_profile,32.96094006858367
deployed_p_only,internal_profile,33.6008592329026
deployed_p_only,internal_profile,33.794836981507224
deployed_p_only,internal_profile,335.47720741839566
deployed_p_only,internal_profile,35.23058715120417
deployed_p_only,internal_profile,4.261607805969374
deployed_p_only,internal_profile,4.315169717288639
deployed_p_only,internal_profile,4.568620865497137
deployed_p_only,internal_profile,4.803590861570863
deployed_p_only,internal_profile,4.848656160201056
deployed_p_only,internal_profile,4.94449942051119
deployed_p_only,internal_profile,4.978975113136464
deployed_p_only,internal_profile,418.95378618971426
deployed_p_only,internal_profile,467.45110537481014
deployed_p_only,internal_profile,5.1210318558717
deployed_p_only,internal_profile,5.41025210584742
deployed_p_only,internal_profile,5.560916991630843
deployed_p_only,internal_profile,5.641473289202955
deployed_p_only,internal_profile,5.7298670849164335
deployed_p_only,internal_profile,5.9748681096457315
deployed_p_only,internal_profile,543.2119003516835
deployed_p_only,internal_profile,6.235501542652962
deployed_p_only,internal_profile,6.2933669766550056
deployed_p_only,internal_profile,6.338441854216745
deployed_p_only,internal_profile,6.391011494461106
deployed_p_only,internal_profile,6.436390202856681
deployed_p_only,internal_profile,659.2389611424638
deployed_p_only,internal_profile,7.338494646802061
deployed_p_only,internal_profile,7.412283582066562
deployed_p_only,internal_profile,7.5108867669359425
deployed_p_only,internal_profile,7.871899427012772
deployed_p_only,internal_profile,7.974844513959313
deployed_p_only,internal_profile,8.255591384082527
deployed_p_only,internal_profile,8.259638967512192
deployed_p_only,internal_profile,895.2476680336318
deployed_p_only,internal_profile,9.00792774496151
deployed_p_only,internal_profile,9.54868786645307
deployed_p_only,internal_profile,9.810279470372281
deployed_p_only,internal_profile,9.854810781097704
deployed_p_only,internal_profile,9.888648567774837
deployed_p_only,internal_profile,909.890590223135
deployed_p_only,internal_profile,922.1445336796747
deployed_p_only,internal_profile,925.6896817565325
deployed_p_only,internal_profile,964.969865566891
deployed_p_only,internal_profile,978.8275971791594
deployed_p_only,sampled_output,0.4145372965117115
deployed_p_only,sampled_output,0.5155452686746088
deployed_p_only,sampled_output,0.5427958422653935
deployed_p_only,sampled_output,0.5707030727600683
deployed_p_only,sampled_output,0.6097079290842841
deployed_p_only,sampled_output,0.8746718509385509
deployed_p_only,sampled_output,0.940874416883581
deployed_p_only,sampled_output,1.0146064649543498
deployed_p_only,sampled_output,1.1636442772941125
deployed_p_only,sampled_output,1.3845804865662181
deployed_p_only,sampled_output,1.3923334830880552
deployed_p_only,sampled_output,1.400625703998748
deployed_p_only,sampled_output,1.421182515912144
deployed_p_only,sampled_output,1.5134104321698594
deployed_p_only,sampled_output,1.5288058084714367
deployed_p_only,sampled_output,1.5530485247977184
deployed_p_only,sampled_output,1.7787387583294012
deployed_p_only,sampled_output,1.8540201139343708
deployed_p_only,sampled_output,1.9193445568966003
deployed_p_only,sampled_output,1.9262046367522936
deployed_p_only,sampled_output,1.9308471174874127
deployed_p_only,sampled_output,10.597736267835266
deployed_p_only,sampled_output,11.271684519171638
deployed_p_only,sampled_output,11.694812017213314
deployed_p_only,sampled_output,11.85260110545319
deployed_p_only,sampled_output,12.165199887393785
deployed_p_only,sampled_output,12.463476642524867
deployed_p_only,sampled_output,12.92954909254822
deployed_p_only,sampled_output,1244.1361326965061
deployed_p_only,sampled_output,13.010682842336395
deployed_p_only,sampled_output,13.4439474824946
deployed_p_only,sampled_output,1357.5659926234741
deployed_p_only,sampled_output,14.308626524024248
deployed_p_only,sampled_output,1452.0120938012785
deployed_p_only,sampled_output,15.38003138122992
deployed_p_only,sampled_output,1503.5356721588762
deployed_p_only,sampled_output,1590.4562105678704
deployed_p_only,sampled_output,16.196404333439407
deployed_p_only,sampled_output,18.06241573251462
deployed_p_only,sampled_output,18.510214814083515
deployed_p_only,sampled_output,18.907814909535325
deployed_p_only,sampled_output,19.398085696273032
deployed_p_only,sampled_output,19.593081620514933
deployed_p_only,sampled_output,19.882369345465623
deployed_p_only,sampled_output,2.4097902576682566
deployed_p_only,sampled_output,2.4158257664038008
deployed_p_only,sampled_output,2.624887110649668
deployed_p_only,sampled_output,20.233681367342143
deployed_p_only,sampled_output,23.278803946922864
deployed_p_only,sampled_output,24.96270089051773
deployed_p_only,sampled_output,25.137592106381984
deployed_p_only,sampled_output,25.31776191762294
deployed_p_only,sampled_output,25.399409323996917
deployed_p_only,sampled_output,26.627796629859013
deployed_p_only,sampled_output,26.991098297492776
deployed_p_only,sampled_output,261.1647091534171
deployed_p_only,sampled_output,27.61294152415856
deployed_p_only,sampled_output,274.4708429550262
deployed_p_only,sampled_output,28.419788984637663
deployed_p_only,sampled_output,29.95372771046137
deployed_p_only,sampled_output,3.057096044882607
deployed_p_only,sampled_output,3.1098264129361426
deployed_p_only,sampled_output,3.2398340516254787
deployed_p_only,sampled_output,3.246996521251333
deployed_p_only,sampled_output,3.3333703195561366
deployed_p_only,sampled_output,3.337262792324764
deployed_p_only,sampled_output,3.368329762129986
deployed_p_only,sampled_output,3.383332281310788
deployed_p_only,sampled_output,3.43396247280785
deployed_p_only,sampled_output,3.4402692342928947
deployed_p_only,sampled_output,3.558058416991028
deployed_p_only,sampled_output,3.853214791254575
deployed_p_only,sampled_output,3.988838249596023
deployed_p_only,sampled_output,304.0032582945205
deployed_p_only,sampled_output,32.06249719894174
deployed_p_only,sampled_output,32.96094006858367
deployed_p_only,sampled_output,33.60085923290259
deployed_p_only,sampled_output,33.79483698150724
deployed_p_only,sampled_output,335.47720741839566
deployed_p_only,sampled_output,35.230587151204176
deployed_p_only,sampled_output,4.261607805969375
deployed_p_only,sampled_output,4.31516971728864
deployed_p_only,sampled_output,4.568620865497142
deployed_p_only,sampled_output,4.803590861570864
deployed_p_only,sampled_output,4.848656160201056
deployed_p_only,sampled_output,4.944499420511194
deployed_p_only,sampled_output,4.978975113136463
deployed_p_only,sampled_output,418.95378618971426
deployed_p_only,sampled_output,467.4511053748102
deployed_p_only,sampled_output,5.1210318558717
deployed_p_only,sampled_output,5.410252105847419
deployed_p_only,sampled_output,5.560916991630843
deployed_p_only,sampled_output,5.641473289202958
deployed_p_only,sampled_output,5.729867084916429
deployed_p_only,sampled_output,5.9748681096457315
deployed_p_only,sampled_output,543.2119003516835
deployed_p_only,sampled_output,6.235501542652962
deployed_p_only,sampled_output,6.2933669766550056
deployed_p_only,sampled_output,6.3384418542167476
deployed_p_only,sampled_output,6.391011494461106
deployed_p_only,sampled_output,6.436390202856681
deployed_p_only,sampled_output,659.2389611424638
deployed_p_only,sampled_output,7.3384946468020615
deployed_p_only,sampled_output,7.412283582066562
deployed_p_only,sampled_output,7.5108867669359425
deployed_p_only,sampled_output,7.871899427012773
deployed_p_only,sampled_output,7.9748445139593125
deployed_p_only,sampled_output,8.255591384082528
deployed_p_only,sampled_output,8.259638967512192
deployed_p_only,sampled_output,895.2476680336317
deployed_p_only,sampled_output,9.00792774496151
deployed_p_only,sampled_output,9.54868786645307
deployed_p_only,sampled_output,9.81027947037228
deployed_p_only,sampled_output,9.8548107810977
deployed_p_only,sampled_output,9.888648567774837
deployed_p_only,sampled_output,909.890590223135
deployed_p_only,sampled_output,922.1445336796747
deployed_p_only,sampled_output,925.6896817565325
deployed_p_only,sampled_output,964.969865566891
deployed_p_only,sampled_output,978.8275971791593
jerk_qp_pva_direct,direct_new_jerk,1.3136215895351104
jerk_qp_pva_direct,direct_new_jerk,1.3777143334929154
jerk_qp_pva_direct,direct_new_jerk,1.5435304175837607
jerk_qp_pva_direct,direct_new_jerk,10.036865339725004
jerk_qp_pva_direct,direct_new_jerk,10.498387901080122
jerk_qp_pva_direct,direct_new_jerk,10.732081020540122
jerk_qp_pva_direct,direct_new_jerk,103.20343659682709
jerk_qp_pva_direct,direct_new_jerk,11.956913551083378
jerk_qp_pva_direct,direct_new_jerk,110.30467429847141
jerk_qp_pva_direct,direct_new_jerk,115.95519326968515
jerk_qp_pva_direct,direct_new_jerk,12.641441784177232
jerk_qp_pva_direct,direct_new_jerk,13.738329208713495
jerk_qp_pva_direct,direct_new_jerk,14.592646966435685
jerk_qp_pva_direct,direct_new_jerk,14.974540760667077
jerk_qp_pva_direct,direct_new_jerk,158.04742677794584
jerk_qp_pva_direct,direct_new_jerk,16.08420308755679
jerk_qp_pva_direct,direct_new_jerk,16.107045486176606
jerk_qp_pva_direct,direct_new_jerk,16.870003556872657
jerk_qp_pva_direct,direct_new_jerk,162.03759583365763
jerk_qp_pva_direct,direct_new_jerk,17.349895013935576
jerk_qp_pva_direct,direct_new_jerk,18.264424533886423
jerk_qp_pva_direct,direct_new_jerk,18.721006033952342
jerk_qp_pva_direct,direct_new_jerk,189.50103232941606
jerk_qp_pva_direct,direct_new_jerk,19.417186987234373
jerk_qp_pva_direct,direct_new_jerk,2.1130290974474573
jerk_qp_pva_direct,direct_new_jerk,2.243484478068879
jerk_qp_pva_direct,direct_new_jerk,2.306177764888655
jerk_qp_pva_direct,direct_new_jerk,20.084907604420142
jerk_qp_pva_direct,direct_new_jerk,20.33003762855413
jerk_qp_pva_direct,direct_new_jerk,21.73527871676575
jerk_qp_pva_direct,direct_new_jerk,210.82939956428444
jerk_qp_pva_direct,direct_new_jerk,215.6223822437112
jerk_qp_pva_direct,direct_new_jerk,22.831849330295313
jerk_qp_pva_direct,direct_new_jerk,230.75344585202336
jerk_qp_pva_direct,direct_new_jerk,233.01872711175218
jerk_qp_pva_direct,direct_new_jerk,239.65057681083655
jerk_qp_pva_direct,direct_new_jerk,25.491074197029235
jerk_qp_pva_direct,direct_new_jerk,25.870680893484504
jerk_qp_pva_direct,direct_new_jerk,26.31073179031875
jerk_qp_pva_direct,direct_new_jerk,286.56868522986434
jerk_qp_pva_direct,direct_new_jerk,289.817740392994
jerk_qp_pva_direct,direct_new_jerk,29.007356881189246
jerk_qp_pva_direct,direct_new_jerk,3.0211776641659402
jerk_qp_pva_direct,direct_new_jerk,3.53131792277801
jerk_qp_pva_direct,direct_new_jerk,3.912361769591609
jerk_qp_pva_direct,direct_new_jerk,307.22272864831206
jerk_qp_pva_direct,direct_new_jerk,31.227263728394366
jerk_qp_pva_direct,direct_new_jerk,32.0215635802419
jerk_qp_pva_direct,direct_new_jerk,32.099762059593495
jerk_qp_pva_direct,direct_new_jerk,32.130932632610595
jerk_qp_pva_direct,direct_new_jerk,32.14380430634707
jerk_qp_pva_direct,direct_new_jerk,320.94423792168516
jerk_qp_pva_direct,direct_new_jerk,328.8897903911277
jerk_qp_pva_direct,direct_new_jerk,35.36764029592499
jerk_qp_pva_direct,direct_new_jerk,36.674239242860665
jerk_qp_pva_direct,direct_new_jerk,361.3340381563865
jerk_qp_pva_direct,direct_new_jerk,376.53828571093374
jerk_qp_pva_direct,direct_new_jerk,38.35108852711047
jerk_qp_pva_direct,direct_new_jerk,38.351786380416264
jerk_qp_pva_direct,direct_new_jerk,39.186010544786186
jerk_qp_pva_direct,direct_new_jerk,4.0469343574947025
jerk_qp_pva_direct,direct_new_jerk,4.24690793634272
jerk_qp_pva_direct,direct_new_jerk,4.324287458235248
jerk_qp_pva_direct,direct_new_jerk,4.371989583851374
jerk_qp_pva_direct,direct_new_jerk,4.554397710218372
jerk_qp_pva_direct,direct_new_jerk,417.6818694039022
jerk_qp_pva_direct,direct_new_jerk,428.1268312768096
jerk_qp_pva_direct,direct_new_jerk,43.84710369494118
jerk_qp_pva_direct,direct_new_jerk,450.97983019834976
jerk_qp_pva_direct,direct_new_jerk,473.3664292994288
jerk_qp_pva_direct,direct_new_jerk,48.48820279627283
jerk_qp_pva_direct,direct_new_jerk,49.65082318640768
jerk_qp_pva_direct,direct_new_jerk,5.001110688627429
jerk_qp_pva_direct,direct_new_jerk,5.0188739692291096
jerk_qp_pva_direct,direct_new_jerk,5.026513194345084
jerk_qp_pva_direct,direct_new_jerk,5.275361983929691
jerk_qp_pva_direct,direct_new_jerk,5.313174600320513
jerk_qp_pva_direct,direct_new_jerk,5.693483410187491
jerk_qp_pva_direct,direct_new_jerk,5.750559584080019
jerk_qp_pva_direct,direct_new_jerk,50.0874106087397
jerk_qp_pva_direct,direct_new_jerk,504.62192969609566
jerk_qp_pva_direct,direct_new_jerk,51.83247708600591
jerk_qp_pva_direct,direct_new_jerk,51.875108962229284
jerk_qp_pva_direct,direct_new_jerk,52.628892769382475
jerk_qp_pva_direct,direct_new_jerk,52.76170661392694
jerk_qp_pva_direct,direct_new_jerk,52.855917204787126
jerk_qp_pva_direct,direct_new_jerk,521.0250826278723
jerk_qp_pva_direct,direct_new_jerk,53.70874263478662
jerk_qp_pva_direct,direct_new_jerk,53.84340528140303
jerk_qp_pva_direct,direct_new_jerk,54.88029729060138
jerk_qp_pva_direct,direct_new_jerk,598.6424755902776
jerk_qp_pva_direct,direct_new_jerk,6.023179322991283
jerk_qp_pva_direct,direct_new_jerk,6.175927236755641
jerk_qp_pva_direct,direct_new_jerk,60.17929992094587
jerk_qp_pva_direct,direct_new_jerk,635.3079011637683
jerk_qp_pva_direct,direct_new_jerk,652.3045393002155
jerk_qp_pva_direct,direct_new_jerk,673.0632750182559
jerk_qp_pva_direct,direct_new_jerk,68.59654523915205
jerk_qp_pva_direct,direct_new_jerk,7.300162088889155
jerk_qp_pva_direct,direct_new_jerk,7.513978987724529
jerk_qp_pva_direct,direct_new_jerk,7.531909699752159
jerk_qp_pva_direct,direct_new_jerk,7.754137507296176
jerk_qp_pva_direct,direct_new_jerk,70.33389254943883
jerk_qp_pva_direct,direct_new_jerk,700.5521177936525
jerk_qp_pva_direct,direct_new_jerk,72.74967558094508
jerk_qp_pva_direct,direct_new_jerk,75.51704519523868
jerk_qp_pva_direct,direct_new_jerk,752.5087766917081
jerk_qp_pva_direct,direct_new_jerk,77.51059688684099
jerk_qp_pva_direct,direct_new_jerk,79.81657894721867
jerk_qp_pva_direct,direct_new_jerk,8.03337732468788
jerk_qp_pva_direct,direct_new_jerk,8.076202808508624
jerk_qp_pva_direct,direct_new_jerk,8.86178985570659
jerk_qp_pva_direct,direct_new_jerk,8.890579038470758
jerk_qp_pva_direct,direct_new_jerk,819.994291483058
jerk_qp_pva_direct,direct_new_jerk,87.09043354667199
jerk_qp_pva_direct,direct_new_jerk,9.141941051521528
jerk_qp_pva_direct,direct_new_jerk,9.483764200427323
jerk_qp_pva_direct,direct_new_jerk,93.86857479488539
jerk_qp_pva_direct,direct_new_jerk,96.66221832573842
jerk_qp_pva_direct,direct_new_jerk,99.89082220086667
jerk_qp_pva_direct,internal_profile,1.3136215895351104
jerk_qp_pva_direct,internal_profile,1.3777143334929154
jerk_qp_pva_direct,internal_profile,1.5435304175837607
jerk_qp_pva_direct,internal_profile,10.036865339725004
jerk_qp_pva_direct,internal_profile,10.498387901080122
jerk_qp_pva_direct,internal_profile,10.732081020540122
jerk_qp_pva_direct,internal_profile,103.20343659682709
jerk_qp_pva_direct,internal_profile,11.956913551083378
jerk_qp_pva_direct,internal_profile,110.30467429847141
jerk_qp_pva_direct,internal_profile,115.95519326968515
jerk_qp_pva_direct,internal_profile,12.641441784177232
jerk_qp_pva_direct,internal_profile,13.738329208713495
jerk_qp_pva_direct,internal_profile,14.592646966435685
jerk_qp_pva_direct,internal_profile,14.974540760667077
jerk_qp_pva_direct,internal_profile,158.04742677794584
jerk_qp_pva_direct,internal_profile,16.08420308755679
jerk_qp_pva_direct,internal_profile,16.107045486176606
jerk_qp_pva_direct,internal_profile,16.870003556872657
jerk_qp_pva_direct,internal_profile,162.03759583365763
jerk_qp_pva_direct,internal_profile,17.349895013935576
jerk_qp_pva_direct,internal_profile,18.264424533886423
jerk_qp_pva_direct,internal_profile,18.721006033952342
jerk_qp_pva_direct,internal_profile,189.50103232941606
jerk_qp_pva_direct,internal_profile,19.417186987234373
jerk_qp_pva_direct,internal_profile,2.1130290974474573
jerk_qp_pva_direct,internal_profile,2.243484478068879
jerk_qp_pva_direct,internal_profile,2.306177764888655
jerk_qp_pva_direct,internal_profile,20.084907604420142
jerk_qp_pva_direct,internal_profile,20.33003762855413
jerk_qp_pva_direct,internal_profile,21.73527871676575
jerk_qp_pva_direct,internal_profile,210.82939956428444
jerk_qp_pva_direct,internal_profile,215.6223822437112
jerk_qp_pva_direct,internal_profile,22.831849330295313
jerk_qp_pva_direct,internal_profile,230.75344585202336
jerk_qp_pva_direct,internal_profile,233.01872711175218
jerk_qp_pva_direct,internal_profile,239.65057681083655
jerk_qp_pva_direct,internal_profile,25.491074197029235
jerk_qp_pva_direct,internal_profile,25.870680893484504
jerk_qp_pva_direct,internal_profile,26.31073179031875
jerk_qp_pva_direct,internal_profile,286.56868522986434
jerk_qp_pva_direct,internal_profile,289.817740392994
jerk_qp_pva_direct,internal_profile,29.007356881189246
jerk_qp_pva_direct,internal_profile,3.0211776641659402
jerk_qp_pva_direct,internal_profile,3.53131792277801
jerk_qp_pva_direct,internal_profile,3.912361769591609
jerk_qp_pva_direct,internal_profile,307.22272864831206
jerk_qp_pva_direct,internal_profile,31.227263728394366
jerk_qp_pva_direct,internal_profile,32.0215635802419
jerk_qp_pva_direct,internal_profile,32.099762059593495
jerk_qp_pva_direct,internal_profile,32.130932632610595
jerk_qp_pva_direct,internal_profile,32.14380430634707
jerk_qp_pva_direct,internal_profile,320.94423792168516
jerk_qp_pva_direct,internal_profile,328.8897903911277
jerk_qp_pva_direct,internal_profile,35.36764029592499
jerk_qp_pva_direct,internal_profile,36.674239242860665
jerk_qp_pva_direct,internal_profile,361.3340381563865
jerk_qp_pva_direct,internal_profile,376.53828571093374
jerk_qp_pva_direct,internal_profile,38.35108852711047
jerk_qp_pva_direct,internal_profile,38.351786380416264
jerk_qp_pva_direct,internal_profile,39.186010544786186
jerk_qp_pva_direct,internal_profile,4.0469343574947025
jerk_qp_pva_direct,internal_profile,4.24690793634272
jerk_qp_pva_direct,internal_profile,4.324287458235248
jerk_qp_pva_direct,internal_profile,4.371989583851374
jerk_qp_pva_direct,internal_profile,4.554397710218372
jerk_qp_pva_direct,internal_profile,417.6818694039022
jerk_qp_pva_direct,internal_profile,428.1268312768096
jerk_qp_pva_direct,internal_profile,43.84710369494118
jerk_qp_pva_direct,internal_profile,450.97983019834976
jerk_qp_pva_direct,internal_profile,473.3664292994288
jerk_qp_pva_direct,internal_profile,48.48820279627283
jerk_qp_pva_direct,internal_profile,49.65082318640768
jerk_qp_pva_direct,internal_profile,5.001110688627429
jerk_qp_pva_direct,internal_profile,5.0188739692291096
jerk_qp_pva_direct,internal_profile,5.026513194345084
jerk_qp_pva_direct,internal_profile,5.275361983929691
jerk_qp_pva_direct,internal_profile,5.313174600320513
jerk_qp_pva_direct,internal_profile,5.693483410187491
jerk_qp_pva_direct,internal_profile,5.750559584080019
jerk_qp_pva_direct,internal_profile,50.0874106087397
jerk_qp_pva_direct,internal_profile,504.62192969609566
jerk_qp_pva_direct,internal_profile,51.83247708600591
jerk_qp_pva_direct,internal_profile,51.875108962229284
jerk_qp_pva_direct,internal_profile,52.628892769382475
jerk_qp_pva_direct,internal_profile,52.76170661392694
jerk_qp_pva_direct,internal_profile,52.855917204787126
jerk_qp_pva_direct,internal_profile,521.0250826278723
jerk_qp_pva_direct,internal_profile,53.70874263478662
jerk_qp_pva_direct,internal_profile,53.84340528140303
jerk_qp_pva_direct,internal_profile,54.88029729060138
jerk_qp_pva_direct,internal_profile,598.6424755902776
jerk_qp_pva_direct,internal_profile,6.023179322991283
jerk_qp_pva_direct,internal_profile,6.175927236755641
jerk_qp_pva_direct,internal_profile,60.17929992094587
jerk_qp_pva_direct,internal_profile,635.3079011637683
jerk_qp_pva_direct,internal_profile,652.3045393002155
jerk_qp_pva_direct,internal_profile,673.0632750182559
jerk_qp_pva_direct,internal_profile,68.59654523915205
jerk_qp_pva_direct,internal_profile,7.300162088889155
jerk_qp_pva_direct,internal_profile,7.513978987724529
jerk_qp_pva_direct,internal_profile,7.531909699752159
jerk_qp_pva_direct,internal_profile,7.754137507296176
jerk_qp_pva_direct,internal_profile,70.33389254943883
jerk_qp_pva_direct,internal_profile,700.5521177936525
jerk_qp_pva_direct,internal_profile,72.74967558094508
jerk_qp_pva_direct,internal_profile,75.51704519523868
jerk_qp_pva_direct,internal_profile,752.5087766917081
jerk_qp_pva_direct,internal_profile,77.51059688684099
jerk_qp_pva_direct,internal_profile,79.81657894721867
jerk_qp_pva_direct,internal_profile,8.03337732468788
jerk_qp_pva_direct,internal_profile,8.076202808508624
jerk_qp_pva_direct,internal_profile,8.86178985570659
jerk_qp_pva_direct,internal_profile,8.890579038470758
jerk_qp_pva_direct,internal_profile,819.994291483058
jerk_qp_pva_direct,internal_profile,87.09043354667199
jerk_qp_pva_direct,internal_profile,9.141941051521528
jerk_qp_pva_direct,internal_profile,9.483764200427323
jerk_qp_pva_direct,internal_profile,93.86857479488539
jerk_qp_pva_direct,internal_profile,96.66221832573842
jerk_qp_pva_direct,internal_profile,99.89082220086667
jerk_qp_pva_direct,sampled_output,1.3136215895351104
jerk_qp_pva_direct,sampled_output,1.3777143334929154
jerk_qp_pva_direct,sampled_output,1.5435304175837607
jerk_qp_pva_direct,sampled_output,10.036865339725004
jerk_qp_pva_direct,sampled_output,10.498387901080122
jerk_qp_pva_direct,sampled_output,10.732081020540122
jerk_qp_pva_direct,sampled_output,103.20343659682709
jerk_qp_pva_direct,sampled_output,11.956913551083378
jerk_qp_pva_direct,sampled_output,110.30467429847141
jerk_qp_pva_direct,sampled_output,115.95519326968515
jerk_qp_pva_direct,sampled_output,12.641441784177232
jerk_qp_pva_direct,sampled_output,13.738329208713495
jerk_qp_pva_direct,sampled_output,14.592646966435685
jerk_qp_pva_direct,sampled_output,14.974540760667077
jerk_qp_pva_direct,sampled_output,158.04742677794584
jerk_qp_pva_direct,sampled_output,16.08420308755679
jerk_qp_pva_direct,sampled_output,16.107045486176606
jerk_qp_pva_direct,sampled_output,16.870003556872657
jerk_qp_pva_direct,sampled_output,162.03759583365763
jerk_qp_pva_direct,sampled_output,17.349895013935576
jerk_qp_pva_direct,sampled_output,18.264424533886423
jerk_qp_pva_direct,sampled_output,18.721006033952342
jerk_qp_pva_direct,sampled_output,189.50103232941606
jerk_qp_pva_direct,sampled_output,19.417186987234373
jerk_qp_pva_direct,sampled_output,2.1130290974474573
jerk_qp_pva_direct,sampled_output,2.243484478068879
jerk_qp_pva_direct,sampled_output,2.306177764888655
jerk_qp_pva_direct,sampled_output,20.084907604420142
jerk_qp_pva_direct,sampled_output,20.33003762855413
jerk_qp_pva_direct,sampled_output,21.73527871676575
jerk_qp_pva_direct,sampled_output,210.82939956428444
jerk_qp_pva_direct,sampled_output,215.6223822437112
jerk_qp_pva_direct,sampled_output,22.831849330295313
jerk_qp_pva_direct,sampled_output,230.75344585202336
jerk_qp_pva_direct,sampled_output,233.01872711175218
jerk_qp_pva_direct,sampled_output,239.65057681083655
jerk_qp_pva_direct,sampled_output,25.491074197029235
jerk_qp_pva_direct,sampled_output,25.870680893484504
jerk_qp_pva_direct,sampled_output,26.31073179031875
jerk_qp_pva_direct,sampled_output,286.56868522986434
jerk_qp_pva_direct,sampled_output,289.817740392994
jerk_qp_pva_direct,sampled_output,29.007356881189246
jerk_qp_pva_direct,sampled_output,3.0211776641659402
jerk_qp_pva_direct,sampled_output,3.53131792277801
jerk_qp_pva_direct,sampled_output,3.912361769591609
jerk_qp_pva_direct,sampled_output,307.22272864831206
jerk_qp_pva_direct,sampled_output,31.227263728394366
jerk_qp_pva_direct,sampled_output,32.0215635802419
jerk_qp_pva_direct,sampled_output,32.099762059593495
jerk_qp_pva_direct,sampled_output,32.130932632610595
jerk_qp_pva_direct,sampled_output,32.14380430634707
jerk_qp_pva_direct,sampled_output,320.94423792168516
jerk_qp_pva_direct,sampled_output,328.8897903911277
jerk_qp_pva_direct,sampled_output,35.36764029592499
jerk_qp_pva_direct,sampled_output,36.674239242860665
jerk_qp_pva_direct,sampled_output,361.3340381563865
jerk_qp_pva_direct,sampled_output,376.53828571093374
jerk_qp_pva_direct,sampled_output,38.35108852711047
jerk_qp_pva_direct,sampled_output,38.351786380416264
jerk_qp_pva_direct,sampled_output,39.186010544786186
jerk_qp_pva_direct,sampled_output,4.0469343574947025
jerk_qp_pva_direct,sampled_output,4.24690793634272
jerk_qp_pva_direct,sampled_output,4.324287458235248
jerk_qp_pva_direct,sampled_output,4.371989583851374
jerk_qp_pva_direct,sampled_output,4.554397710218372
jerk_qp_pva_direct,sampled_output,417.6818694039022
jerk_qp_pva_direct,sampled_output,428.1268312768096
jerk_qp_pva_direct,sampled_output,43.84710369494118
jerk_qp_pva_direct,sampled_output,450.97983019834976
jerk_qp_pva_direct,sampled_output,473.3664292994288
jerk_qp_pva_direct,sampled_output,48.48820279627283
jerk_qp_pva_direct,sampled_output,49.65082318640768
jerk_qp_pva_direct,sampled_output,5.001110688627429
jerk_qp_pva_direct,sampled_output,5.0188739692291096
jerk_qp_pva_direct,sampled_output,5.026513194345084
jerk_qp_pva_direct,sampled_output,5.275361983929691
jerk_qp_pva_direct,sampled_output,5.313174600320513
jerk_qp_pva_direct,sampled_output,5.693483410187491
jerk_qp_pva_direct,sampled_output,5.750559584080019
jerk_qp_pva_direct,sampled_output,50.0874106087397
jerk_qp_pva_direct,sampled_output,504.62192969609566
jerk_qp_pva_direct,sampled_output,51.83247708600591
jerk_qp_pva_direct,sampled_output,51.875108962229284
jerk_qp_pva_direct,sampled_output,52.628892769382475
jerk_qp_pva_direct,sampled_output,52.76170661392694
jerk_qp_pva_direct,sampled_output,52.855917204787126
jerk_qp_pva_direct,sampled_output,521.0250826278723
jerk_qp_pva_direct,sampled_output,53.70874263478662
jerk_qp_pva_direct,sampled_output,53.84340528140303
jerk_qp_pva_direct,sampled_output,54.88029729060138
jerk_qp_pva_direct,sampled_output,598.6424755902776
jerk_qp_pva_direct,sampled_output,6.023179322991283
jerk_qp_pva_direct,sampled_output,6.175927236755641
jerk_qp_pva_direct,sampled_output,60.17929992094587
jerk_qp_pva_direct,sampled_output,635.3079011637683
jerk_qp_pva_direct,sampled_output,652.3045393002155
jerk_qp_pva_direct,sampled_output,673.0632750182559
jerk_qp_pva_direct,sampled_output,68.59654523915205
jerk_qp_pva_direct,sampled_output,7.300162088889155
jerk_qp_pva_direct,sampled_output,7.513978987724529
jerk_qp_pva_direct,sampled_output,7.531909699752159
jerk_qp_pva_direct,sampled_output,7.754137507296176
jerk_qp_pva_direct,sampled_output,70.33389254943883
jerk_qp_pva_direct,sampled_output,700.5521177936525
jerk_qp_pva_direct,sampled_output,72.74967558094508
jerk_qp_pva_direct,sampled_output,75.51704519523868
jerk_qp_pva_direct,sampled_output,752.5087766917081
jerk_qp_pva_direct,sampled_output,77.51059688684099
jerk_qp_pva_direct,sampled_output,79.81657894721867
jerk_qp_pva_direct,sampled_output,8.03337732468788
jerk_qp_pva_direct,sampled_output,8.076202808508624
jerk_qp_pva_direct,sampled_output,8.86178985570659
jerk_qp_pva_direct,sampled_output,8.890579038470758
jerk_qp_pva_direct,sampled_output,819.994291483058
jerk_qp_pva_direct,sampled_output,87.09043354667199
jerk_qp_pva_direct,sampled_output,9.141941051521528
jerk_qp_pva_direct,sampled_output,9.483764200427323
jerk_qp_pva_direct,sampled_output,93.86857479488539
jerk_qp_pva_direct,sampled_output,96.66221832573842
jerk_qp_pva_direct,sampled_output,99.89082220086667
jerk_qp_pva_ruckig,internal_profile,1.3136215895350911
jerk_qp_pva_ruckig,internal_profile,1.3777143334929374
jerk_qp_pva_ruckig,internal_profile,1.5435304175836677
jerk_qp_pva_ruckig,internal_profile,10.036865339725006
jerk_qp_pva_ruckig,internal_profile,10.49838790107307
jerk_qp_pva_ruckig,internal_profile,10.732081020540113
jerk_qp_pva_ruckig,internal_profile,103.20343659695821
jerk_qp_pva_ruckig,internal_profile,11.956913551854676
jerk_qp_pva_ruckig,internal_profile,110.30467429848454
jerk_qp_pva_ruckig,internal_profile,115.95519327081843
jerk_qp_pva_ruckig,internal_profile,12.641441784177276
jerk_qp_pva_ruckig,internal_profile,13.738329208771892
jerk_qp_pva_ruckig,internal_profile,14.592646971977954
jerk_qp_pva_ruckig,internal_profile,14.974540760667093
jerk_qp_pva_ruckig,internal_profile,158.0474267779466
jerk_qp_pva_ruckig,internal_profile,16.08420308755679
jerk_qp_pva_ruckig,internal_profile,16.10704548617673
jerk_qp_pva_ruckig,internal_profile,16.870003556793254
jerk_qp_pva_ruckig,internal_profile,162.03759583284074
jerk_qp_pva_ruckig,internal_profile,17.349895013936866
jerk_qp_pva_ruckig,internal_profile,18.264424533864194
jerk_qp_pva_ruckig,internal_profile,18.721006033953184
jerk_qp_pva_ruckig,internal_profile,189.50103232941606
jerk_qp_pva_ruckig,internal_profile,19.417186987234384
jerk_qp_pva_ruckig,internal_profile,2.1130290974472485
jerk_qp_pva_ruckig,internal_profile,2.243484478068598
jerk_qp_pva_ruckig,internal_profile,2.306177764888367
jerk_qp_pva_ruckig,internal_profile,20.084907604420152
jerk_qp_pva_ruckig,internal_profile,20.330037628554958
jerk_qp_pva_ruckig,internal_profile,21.735278716765755
jerk_qp_pva_ruckig,internal_profile,210.82939956428385
jerk_qp_pva_ruckig,internal_profile,215.6223822437184
jerk_qp_pva_ruckig,internal_profile,22.831849330297292
jerk_qp_pva_ruckig,internal_profile,230.75344585202336
jerk_qp_pva_ruckig,internal_profile,233.01872711175
jerk_qp_pva_ruckig,internal_profile,239.65057681131063
jerk_qp_pva_ruckig,internal_profile,25.491074197029235
jerk_qp_pva_ruckig,internal_profile,25.870680893484494
jerk_qp_pva_ruckig,internal_profile,26.31073179038563
jerk_qp_pva_ruckig,internal_profile,286.5686852298638
jerk_qp_pva_ruckig,internal_profile,289.8177403929942
jerk_qp_pva_ruckig,internal_profile,29.00735688118922
jerk_qp_pva_ruckig,internal_profile,3.0211776641658816
jerk_qp_pva_ruckig,internal_profile,3.5313179227780545
jerk_qp_pva_ruckig,internal_profile,3.912361769591666
jerk_qp_pva_ruckig,internal_profile,307.222728648312
jerk_qp_pva_ruckig,internal_profile,31.227263728394355
jerk_qp_pva_ruckig,internal_profile,32.0215635802419
jerk_qp_pva_ruckig,internal_profile,32.09976205959349
jerk_qp_pva_ruckig,internal_profile,32.13093263260856
jerk_qp_pva_ruckig,internal_profile,32.14380430634706
jerk_qp_pva_ruckig,internal_profile,320.94423792168476
jerk_qp_pva_ruckig,internal_profile,328.88979039112775
jerk_qp_pva_ruckig,internal_profile,35.367640295924986
jerk_qp_pva_ruckig,internal_profile,36.674240480515664
jerk_qp_pva_ruckig,internal_profile,361.3340381563864
jerk_qp_pva_ruckig,internal_profile,376.5382857109337
jerk_qp_pva_ruckig,internal_profile,38.35108852711213
jerk_qp_pva_ruckig,internal_profile,38.35178638041627
jerk_qp_pva_ruckig,internal_profile,39.18601054478615
jerk_qp_pva_ruckig,internal_profile,4.046934357494725
jerk_qp_pva_ruckig,internal_profile,4.246907936341667
jerk_qp_pva_ruckig,internal_profile,4.3242874582351885
jerk_qp_pva_ruckig,internal_profile,4.371989583851358
jerk_qp_pva_ruckig,internal_profile,4.5543977102182165
jerk_qp_pva_ruckig,internal_profile,417.681869403902
jerk_qp_pva_ruckig,internal_profile,428.1268312768141
jerk_qp_pva_ruckig,internal_profile,43.84710369494118
jerk_qp_pva_ruckig,internal_profile,450.9798301983499
jerk_qp_pva_ruckig,internal_profile,473.36642929942695
jerk_qp_pva_ruckig,internal_profile,48.48820279627283
jerk_qp_pva_ruckig,internal_profile,49.65082318644812
jerk_qp_pva_ruckig,internal_profile,5.001110688627603
jerk_qp_pva_ruckig,internal_profile,5.018873969243942
jerk_qp_pva_ruckig,internal_profile,5.026513194341818
jerk_qp_pva_ruckig,internal_profile,5.275361983930832
jerk_qp_pva_ruckig,internal_profile,5.313174600321468
jerk_qp_pva_ruckig,internal_profile,5.693483410187458
jerk_qp_pva_ruckig,internal_profile,5.75055958407786
jerk_qp_pva_ruckig,internal_profile,50.08741060874022
jerk_qp_pva_ruckig,internal_profile,504.62192969609566
jerk_qp_pva_ruckig,internal_profile,51.83247708600592
jerk_qp_pva_ruckig,internal_profile,51.875108962143
jerk_qp_pva_ruckig,internal_profile,52.628892769383384
jerk_qp_pva_ruckig,internal_profile,52.76170661503243
jerk_qp_pva_ruckig,internal_profile,52.85591720488964
jerk_qp_pva_ruckig,internal_profile,521.0250826278723
jerk_qp_pva_ruckig,internal_profile,53.70874263478661
jerk_qp_pva_ruckig,internal_profile,53.843405281403165
jerk_qp_pva_ruckig,internal_profile,54.880297290589795
jerk_qp_pva_ruckig,internal_profile,598.6424755902777
jerk_qp_pva_ruckig,internal_profile,6.023179322991188
jerk_qp_pva_ruckig,internal_profile,6.175927236755584
jerk_qp_pva_ruckig,internal_profile,60.179299920640084
jerk_qp_pva_ruckig,internal_profile,635.3079011637717
jerk_qp_pva_ruckig,internal_profile,652.3045393002155
jerk_qp_pva_ruckig,internal_profile,673.0632750182561
jerk_qp_pva_ruckig,internal_profile,68.5965452391525
jerk_qp_pva_ruckig,internal_profile,7.300162088885785
jerk_qp_pva_ruckig,internal_profile,7.513978987747887
jerk_qp_pva_ruckig,internal_profile,7.531909699752153
jerk_qp_pva_ruckig,internal_profile,7.754137507292243
jerk_qp_pva_ruckig,internal_profile,70.33389255429174
jerk_qp_pva_ruckig,internal_profile,700.5521177936547
jerk_qp_pva_ruckig,internal_profile,72.74967558094738
jerk_qp_pva_ruckig,internal_profile,75.51704519523844
jerk_qp_pva_ruckig,internal_profile,752.5087766917069
jerk_qp_pva_ruckig,internal_profile,77.51059688684143
jerk_qp_pva_ruckig,internal_profile,79.81657894803253
jerk_qp_pva_ruckig,internal_profile,8.033377324683867
jerk_qp_pva_ruckig,internal_profile,8.076202808504462
jerk_qp_pva_ruckig,internal_profile,8.861789855706586
jerk_qp_pva_ruckig,internal_profile,8.890579039111978
jerk_qp_pva_ruckig,internal_profile,819.994291483058
jerk_qp_pva_ruckig,internal_profile,87.09043354687657
jerk_qp_pva_ruckig,internal_profile,9.141941051521536
jerk_qp_pva_ruckig,internal_profile,9.483764200427327
jerk_qp_pva_ruckig,internal_profile,93.86857479488448
jerk_qp_pva_ruckig,internal_profile,96.66221832573886
jerk_qp_pva_ruckig,internal_profile,99.89082220088116
jerk_qp_pva_ruckig,sampled_output,1.3136215895350911
jerk_qp_pva_ruckig,sampled_output,1.3777143334929374
jerk_qp_pva_ruckig,sampled_output,1.5435304175836677
jerk_qp_pva_ruckig,sampled_output,10.036865339725006
jerk_qp_pva_ruckig,sampled_output,10.49838790107307
jerk_qp_pva_ruckig,sampled_output,10.732081020540113
jerk_qp_pva_ruckig,sampled_output,103.20343659695821
jerk_qp_pva_ruckig,sampled_output,11.956913551854676
jerk_qp_pva_ruckig,sampled_output,110.30467429848454
jerk_qp_pva_ruckig,sampled_output,115.95519327081843
jerk_qp_pva_ruckig,sampled_output,12.641441784177276
jerk_qp_pva_ruckig,sampled_output,13.738329208771892
jerk_qp_pva_ruckig,sampled_output,14.592646971977954
jerk_qp_pva_ruckig,sampled_output,14.974540760667093
jerk_qp_pva_ruckig,sampled_output,158.0474267779466
jerk_qp_pva_ruckig,sampled_output,16.08420308755679
jerk_qp_pva_ruckig,sampled_output,16.10704548617673
jerk_qp_pva_ruckig,sampled_output,16.870003556793254
jerk_qp_pva_ruckig,sampled_output,162.03759583284074
jerk_qp_pva_ruckig,sampled_output,17.349895013936866
jerk_qp_pva_ruckig,sampled_output,18.264424533864194
jerk_qp_pva_ruckig,sampled_output,18.721006033953184
jerk_qp_pva_ruckig,sampled_output,189.50103232941606
jerk_qp_pva_ruckig,sampled_output,19.417186987234384
jerk_qp_pva_ruckig,sampled_output,2.1130290974472485
jerk_qp_pva_ruckig,sampled_output,2.243484478068598
jerk_qp_pva_ruckig,sampled_output,2.306177764888367
jerk_qp_pva_ruckig,sampled_output,20.084907604420152
jerk_qp_pva_ruckig,sampled_output,20.330037628554958
jerk_qp_pva_ruckig,sampled_output,21.735278716765755
jerk_qp_pva_ruckig,sampled_output,210.82939956428385
jerk_qp_pva_ruckig,sampled_output,215.6223822437184
jerk_qp_pva_ruckig,sampled_output,22.831849330297292
jerk_qp_pva_ruckig,sampled_output,230.75344585202336
jerk_qp_pva_ruckig,sampled_output,233.01872711175
jerk_qp_pva_ruckig,sampled_output,239.65057681131063
jerk_qp_pva_ruckig,sampled_output,25.491074197029235
jerk_qp_pva_ruckig,sampled_output,25.870680893484494
jerk_qp_pva_ruckig,sampled_output,26.31073179038563
jerk_qp_pva_ruckig,sampled_output,286.5686852298638
jerk_qp_pva_ruckig,sampled_output,289.8177403929942
jerk_qp_pva_ruckig,sampled_output,29.00735688118922
jerk_qp_pva_ruckig,sampled_output,3.0211776641658816
jerk_qp_pva_ruckig,sampled_output,3.5313179227780545
jerk_qp_pva_ruckig,sampled_output,3.912361769591666
jerk_qp_pva_ruckig,sampled_output,307.222728648312
jerk_qp_pva_ruckig,sampled_output,31.227263728394355
jerk_qp_pva_ruckig,sampled_output,32.0215635802419
jerk_qp_pva_ruckig,sampled_output,32.09976205959349
jerk_qp_pva_ruckig,sampled_output,32.13093263260856
jerk_qp_pva_ruckig,sampled_output,32.14380430634706
jerk_qp_pva_ruckig,sampled_output,320.94423792168476
jerk_qp_pva_ruckig,sampled_output,328.88979039112775
jerk_qp_pva_ruckig,sampled_output,35.367640295924986
jerk_qp_pva_ruckig,sampled_output,36.674240480515664
jerk_qp_pva_ruckig,sampled_output,361.3340381563864
jerk_qp_pva_ruckig,sampled_output,376.5382857109337
jerk_qp_pva_ruckig,sampled_output,38.35108852711213
jerk_qp_pva_ruckig,sampled_output,38.35178638041627
jerk_qp_pva_ruckig,sampled_output,39.18601054478615
jerk_qp_pva_ruckig,sampled_output,4.046934357494725
jerk_qp_pva_ruckig,sampled_output,4.246907936341667
jerk_qp_pva_ruckig,sampled_output,4.3242874582351885
jerk_qp_pva_ruckig,sampled_output,4.371989583851358
jerk_qp_pva_ruckig,sampled_output,4.5543977102182165
jerk_qp_pva_ruckig,sampled_output,417.681869403902
jerk_qp_pva_ruckig,sampled_output,428.1268312768141
jerk_qp_pva_ruckig,sampled_output,43.84710369494118
jerk_qp_pva_ruckig,sampled_output,450.9798301983499
jerk_qp_pva_ruckig,sampled_output,473.36642929942695
jerk_qp_pva_ruckig,sampled_output,48.48820279627283
jerk_qp_pva_ruckig,sampled_output,49.65082318644812
jerk_qp_pva_ruckig,sampled_output,5.001110688627603
jerk_qp_pva_ruckig,sampled_output,5.018873969243942
jerk_qp_pva_ruckig,sampled_output,5.026513194341818
jerk_qp_pva_ruckig,sampled_output,5.275361983930832
jerk_qp_pva_ruckig,sampled_output,5.313174600321468
jerk_qp_pva_ruckig,sampled_output,5.693483410187458
jerk_qp_pva_ruckig,sampled_output,5.75055958407786
jerk_qp_pva_ruckig,sampled_output,50.08741060874022
jerk_qp_pva_ruckig,sampled_output,504.62192969609566
jerk_qp_pva_ruckig,sampled_output,51.83247708600592
jerk_qp_pva_ruckig,sampled_output,51.875108962143
jerk_qp_pva_ruckig,sampled_output,52.628892769383384
jerk_qp_pva_ruckig,sampled_output,52.76170661503243
jerk_qp_pva_ruckig,sampled_output,52.85591720488964
jerk_qp_pva_ruckig,sampled_output,521.0250826278723
jerk_qp_pva_ruckig,sampled_output,53.70874263478661
jerk_qp_pva_ruckig,sampled_output,53.843405281403165
jerk_qp_pva_ruckig,sampled_output,54.880297290589795
jerk_qp_pva_ruckig,sampled_output,598.6424755902777
jerk_qp_pva_ruckig,sampled_output,6.023179322991188
jerk_qp_pva_ruckig,sampled_output,6.175927236755584
jerk_qp_pva_ruckig,sampled_output,60.179299920640084
jerk_qp_pva_ruckig,sampled_output,635.3079011637717
jerk_qp_pva_ruckig,sampled_output,652.3045393002155
jerk_qp_pva_ruckig,sampled_output,673.0632750182561
jerk_qp_pva_ruckig,sampled_output,68.5965452391525
jerk_qp_pva_ruckig,sampled_output,7.300162088885785
jerk_qp_pva_ruckig,sampled_output,7.513978987747887
jerk_qp_pva_ruckig,sampled_output,7.531909699752153
jerk_qp_pva_ruckig,sampled_output,7.754137507292243
jerk_qp_pva_ruckig,sampled_output,70.33389255429174
jerk_qp_pva_ruckig,sampled_output,700.5521177936547
jerk_qp_pva_ruckig,sampled_output,72.74967558094738
jerk_qp_pva_ruckig,sampled_output,75.51704519523844
jerk_qp_pva_ruckig,sampled_output,752.5087766917069
jerk_qp_pva_ruckig,sampled_output,77.51059688684143
jerk_qp_pva_ruckig,sampled_output,79.81657894803253
jerk_qp_pva_ruckig,sampled_output,8.033377324683867
jerk_qp_pva_ruckig,sampled_output,8.076202808504462
jerk_qp_pva_ruckig,sampled_output,8.861789855706586
jerk_qp_pva_ruckig,sampled_output,8.890579039111978
jerk_qp_pva_ruckig,sampled_output,819.994291483058
jerk_qp_pva_ruckig,sampled_output,87.09043354687657
jerk_qp_pva_ruckig,sampled_output,9.141941051521536
jerk_qp_pva_ruckig,sampled_output,9.483764200427327
jerk_qp_pva_ruckig,sampled_output,93.86857479488448
jerk_qp_pva_ruckig,sampled_output,96.66221832573886
jerk_qp_pva_ruckig,sampled_output,99.89082220088116
one_step_governed_pva_direct,direct_new_jerk,0.4391547174634947
one_step_governed_pva_direct,direct_new_jerk,0.9373705084904932
one_step_governed_pva_direct,direct_new_jerk,1.131613319018581
one_step_governed_pva_direct,direct_new_jerk,1.2792034877532
one_step_governed_pva_direct,direct_new_jerk,1.3764910429981063
one_step_governed_pva_direct,direct_new_jerk,1.4855931034919625
one_step_governed_pva_direct,direct_new_jerk,1.487180444286843
one_step_governed_pva_direct,direct_new_jerk,1.5833231539859827
one_step_governed_pva_direct,direct_new_jerk,1.9026908697696374
one_step_governed_pva_direct,direct_new_jerk,10.118421726437063
one_step_governed_pva_direct,direct_new_jerk,10.166509734817065
one_step_governed_pva_direct,direct_new_jerk,10.936794456770183
one_step_governed_pva_direct,direct_new_jerk,100.24359009939036
one_step_governed_pva_direct,direct_new_jerk,1061.0631508836043
one_step_governed_pva_direct,direct_new_jerk,107.34414010472605
one_step_governed_pva_direct,direct_new_jerk,11.266472081027977
one_step_governed_pva_direct,direct_new_jerk,11.854018731252713
one_step_governed_pva_direct,direct_new_jerk,11.934326285691155
one_step_governed_pva_direct,direct_new_jerk,112.97002154548625
one_step_governed_pva_direct,direct_new_jerk,12.085119706642683
one_step_governed_pva_direct,direct_new_jerk,13.149415693717096
one_step_governed_pva_direct,direct_new_jerk,13.325825102827093
one_step_governed_pva_direct,direct_new_jerk,13.47095487366712
one_step_governed_pva_direct,direct_new_jerk,13.843216900004784
one_step_governed_pva_direct,direct_new_jerk,13.994883577190633
one_step_governed_pva_direct,direct_new_jerk,14.424214136341885
one_step_governed_pva_direct,direct_new_jerk,15.491698549945987
one_step_governed_pva_direct,direct_new_jerk,151.3047262637768
one_step_governed_pva_direct,direct_new_jerk,157.7578837235386
one_step_governed_pva_direct,direct_new_jerk,16.385398152548316
one_step_governed_pva_direct,direct_new_jerk,16.818032357641858
one_step_governed_pva_direct,direct_new_jerk,17.601397544168623
one_step_governed_pva_direct,direct_new_jerk,18.125684488199024
one_step_governed_pva_direct,direct_new_jerk,181.28866108950672
one_step_governed_pva_direct,direct_new_jerk,19.726772842325932
one_step_governed_pva_direct,direct_new_jerk,2.063113010044754
one_step_governed_pva_direct,direct_new_jerk,2.1454173220106196
one_step_governed_pva_direct,direct_new_jerk,2.194945658298919
one_step_governed_pva_direct,direct_new_jerk,2.2363949556689944
one_step_governed_pva_direct,direct_new_jerk,2.347881876782285
one_step_governed_pva_direct,direct_new_jerk,2.8824376044403506
one_step_governed_pva_direct,direct_new_jerk,203.76478778247474
one_step_governed_pva_direct,direct_new_jerk,207.68286682850058
one_step_governed_pva_direct,direct_new_jerk,208.8650231792873
one_step_governed_pva_direct,direct_new_jerk,21.7807611128741
one_step_governed_pva_direct,direct_new_jerk,22.222159332890772
one_step_governed_pva_direct,direct_new_jerk,23.83379418197058
one_step_governed_pva_direct,direct_new_jerk,230.67510835534102
one_step_governed_pva_direct,direct_new_jerk,244.4002133611796
one_step_governed_pva_direct,direct_new_jerk,25.73858246944609
one_step_governed_pva_direct,direct_new_jerk,263.9981953673624
one_step_governed_pva_direct,direct_new_jerk,274.45987412838065
one_step_governed_pva_direct,direct_new_jerk,276.72958657962704
one_step_governed_pva_direct,direct_new_jerk,3.09616820879699
one_step_governed_pva_direct,direct_new_jerk,3.21987939516119
one_step_governed_pva_direct,direct_new_jerk,3.273223215372728
one_step_governed_pva_direct,direct_new_jerk,3.7944067961901706
one_step_governed_pva_direct,direct_new_jerk,3.889821681112676
one_step_governed_pva_direct,direct_new_jerk,31.236969979085316
one_step_governed_pva_direct,direct_new_jerk,324.29230831873946
one_step_governed_pva_direct,direct_new_jerk,340.73383131249636
one_step_governed_pva_direct,direct_new_jerk,343.20835799618243
one_step_governed_pva_direct,direct_new_jerk,37.372176410941194
one_step_governed_pva_direct,direct_new_jerk,389.3697363888507
one_step_governed_pva_direct,direct_new_jerk,390.07768901725126
one_step_governed_pva_direct,direct_new_jerk,4.17471557960277
one_step_governed_pva_direct,direct_new_jerk,4.283857870566457
one_step_governed_pva_direct,direct_new_jerk,4.429526578990596
one_step_governed_pva_direct,direct_new_jerk,4.430255455828513
one_step_governed_pva_direct,direct_new_jerk,4.625758048449965
one_step_governed_pva_direct,direct_new_jerk,4.841389525658513
one_step_governed_pva_direct,direct_new_jerk,4.861143119933739
one_step_governed_pva_direct,direct_new_jerk,4.92985703298995
one_step_governed_pva_direct,direct_new_jerk,4.983706439342694
one_step_governed_pva_direct,direct_new_jerk,41.10928609378388
one_step_governed_pva_direct,direct_new_jerk,42.59785399941504
one_step_governed_pva_direct,direct_new_jerk,451.69136568556814
one_step_governed_pva_direct,direct_new_jerk,46.37927686027863
one_step_governed_pva_direct,direct_new_jerk,473.01971423064424
one_step_governed_pva_direct,direct_new_jerk,48.11055986016996
one_step_governed_pva_direct,direct_new_jerk,48.50018173014278
one_step_governed_pva_direct,direct_new_jerk,48.63271244877452
one_step_governed_pva_direct,direct_new_jerk,49.63661393030345
one_step_governed_pva_direct,direct_new_jerk,5.1971132381592176
one_step_governed_pva_direct,direct_new_jerk,5.543255056078185
one_step_governed_pva_direct,direct_new_jerk,5.750937702240949
one_step_governed_pva_direct,direct_new_jerk,50.121601938857
one_step_governed_pva_direct,direct_new_jerk,50.305941493528685
one_step_governed_pva_direct,direct_new_jerk,509.86225135922496
one_step_governed_pva_direct,direct_new_jerk,51.12002036230923
one_step_governed_pva_direct,direct_new_jerk,51.499286484819486
one_step_governed_pva_direct,direct_new_jerk,52.27665740588022
one_step_governed_pva_direct,direct_new_jerk,53.37976985408629
one_step_governed_pva_direct,direct_new_jerk,58.54781213572168
one_step_governed_pva_direct,direct_new_jerk,598.6486362027471
one_step_governed_pva_direct,direct_new_jerk,6.311600117233191
one_step_governed_pva_direct,direct_new_jerk,6.477524114561101
one_step_governed_pva_direct,direct_new_jerk,615.8145711623561
one_step_governed_pva_direct,direct_new_jerk,66.46505230489437
one_step_governed_pva_direct,direct_new_jerk,66.71572754621612
one_step_governed_pva_direct,direct_new_jerk,67.1406793242748
one_step_governed_pva_direct,direct_new_jerk,678.8821401322084
one_step_governed_pva_direct,direct_new_jerk,7.1487899437318925
one_step_governed_pva_direct,direct_new_jerk,7.181677860039702
one_step_governed_pva_direct,direct_new_jerk,7.521413940687398
one_step_governed_pva_direct,direct_new_jerk,7.7850693156257265
one_step_governed_pva_direct,direct_new_jerk,7.846083714150826
one_step_governed_pva_direct,direct_new_jerk,70.81348919513471
one_step_governed_pva_direct,direct_new_jerk,72.15317363912699
one_step_governed_pva_direct,direct_new_jerk,73.99848371438361
one_step_governed_pva_direct,direct_new_jerk,750.3618514469551
one_step_governed_pva_direct,direct_new_jerk,77.51684960778624
one_step_governed_pva_direct,direct_new_jerk,8.389738729906371
one_step_governed_pva_direct,direct_new_jerk,8.839322038218281
one_step_governed_pva_direct,direct_new_jerk,819.9999999999999
one_step_governed_pva_direct,direct_new_jerk,84.68445025399734
one_step_governed_pva_direct,direct_new_jerk,9.559375818069427
one_step_governed_pva_direct,direct_new_jerk,91.51438668796291
one_step_governed_pva_direct,direct_new_jerk,95.97371141023905
one_step_governed_pva_direct,direct_new_jerk,97.07860446223002
one_step_governed_pva_direct,internal_profile,0.4391547174634947
one_step_governed_pva_direct,internal_profile,0.9373705084904932
one_step_governed_pva_direct,internal_profile,1.131613319018581
one_step_governed_pva_direct,internal_profile,1.2792034877532
one_step_governed_pva_direct,internal_profile,1.3764910429981063
one_step_governed_pva_direct,internal_profile,1.4855931034919625
one_step_governed_pva_direct,internal_profile,1.487180444286843
one_step_governed_pva_direct,internal_profile,1.5833231539859827
one_step_governed_pva_direct,internal_profile,1.9026908697696374
one_step_governed_pva_direct,internal_profile,10.118421726437063
one_step_governed_pva_direct,internal_profile,10.166509734817065
one_step_governed_pva_direct,internal_profile,10.936794456770183
one_step_governed_pva_direct,internal_profile,100.24359009939036
one_step_governed_pva_direct,internal_profile,1061.0631508836043
one_step_governed_pva_direct,internal_profile,107.34414010472605
one_step_governed_pva_direct,internal_profile,11.266472081027977
one_step_governed_pva_direct,internal_profile,11.854018731252713
one_step_governed_pva_direct,internal_profile,11.934326285691155
one_step_governed_pva_direct,internal_profile,112.97002154548625
one_step_governed_pva_direct,internal_profile,12.085119706642683
one_step_governed_pva_direct,internal_profile,13.149415693717096
one_step_governed_pva_direct,internal_profile,13.325825102827093
one_step_governed_pva_direct,internal_profile,13.47095487366712
one_step_governed_pva_direct,internal_profile,13.843216900004784
one_step_governed_pva_direct,internal_profile,13.994883577190633
one_step_governed_pva_direct,internal_profile,14.424214136341885
one_step_governed_pva_direct,internal_profile,15.491698549945987
one_step_governed_pva_direct,internal_profile,151.3047262637768
one_step_governed_pva_direct,internal_profile,157.7578837235386
one_step_governed_pva_direct,internal_profile,16.385398152548316
one_step_governed_pva_direct,internal_profile,16.818032357641858
one_step_governed_pva_direct,internal_profile,17.601397544168623
one_step_governed_pva_direct,internal_profile,18.125684488199024
one_step_governed_pva_direct,internal_profile,181.28866108950672
one_step_governed_pva_direct,internal_profile,19.726772842325932
one_step_governed_pva_direct,internal_profile,2.063113010044754
one_step_governed_pva_direct,internal_profile,2.1454173220106196
one_step_governed_pva_direct,internal_profile,2.194945658298919
one_step_governed_pva_direct,internal_profile,2.2363949556689944
one_step_governed_pva_direct,internal_profile,2.347881876782285
one_step_governed_pva_direct,internal_profile,2.8824376044403506
one_step_governed_pva_direct,internal_profile,203.76478778247474
one_step_governed_pva_direct,internal_profile,207.68286682850058
one_step_governed_pva_direct,internal_profile,208.8650231792873
one_step_governed_pva_direct,internal_profile,21.7807611128741
one_step_governed_pva_direct,internal_profile,22.222159332890772
one_step_governed_pva_direct,internal_profile,23.83379418197058
one_step_governed_pva_direct,internal_profile,230.67510835534102
one_step_governed_pva_direct,internal_profile,244.4002133611796
one_step_governed_pva_direct,internal_profile,25.73858246944609
one_step_governed_pva_direct,internal_profile,263.9981953673624
one_step_governed_pva_direct,internal_profile,274.45987412838065
one_step_governed_pva_direct,internal_profile,276.72958657962704
one_step_governed_pva_direct,internal_profile,3.09616820879699
one_step_governed_pva_direct,internal_profile,3.21987939516119
one_step_governed_pva_direct,internal_profile,3.273223215372728
one_step_governed_pva_direct,internal_profile,3.7944067961901706
one_step_governed_pva_direct,internal_profile,3.889821681112676
one_step_governed_pva_direct,internal_profile,31.236969979085316
one_step_governed_pva_direct,internal_profile,324.29230831873946
one_step_governed_pva_direct,internal_profile,340.73383131249636
one_step_governed_pva_direct,internal_profile,343.20835799618243
one_step_governed_pva_direct,internal_profile,37.372176410941194
one_step_governed_pva_direct,internal_profile,389.3697363888507
one_step_governed_pva_direct,internal_profile,390.07768901725126
one_step_governed_pva_direct,internal_profile,4.17471557960277
one_step_governed_pva_direct,internal_profile,4.283857870566457
one_step_governed_pva_direct,internal_profile,4.429526578990596
one_step_governed_pva_direct,internal_profile,4.430255455828513
one_step_governed_pva_direct,internal_profile,4.625758048449965
one_step_governed_pva_direct,internal_profile,4.841389525658513
one_step_governed_pva_direct,internal_profile,4.861143119933739
one_step_governed_pva_direct,internal_profile,4.92985703298995
one_step_governed_pva_direct,internal_profile,4.983706439342694
one_step_governed_pva_direct,internal_profile,41.10928609378388
one_step_governed_pva_direct,internal_profile,42.59785399941504
one_step_governed_pva_direct,internal_profile,451.69136568556814
one_step_governed_pva_direct,internal_profile,46.37927686027863
one_step_governed_pva_direct,internal_profile,473.01971423064424
one_step_governed_pva_direct,internal_profile,48.11055986016996
one_step_governed_pva_direct,internal_profile,48.50018173014278
one_step_governed_pva_direct,internal_profile,48.63271244877452
one_step_governed_pva_direct,internal_profile,49.63661393030345
one_step_governed_pva_direct,internal_profile,5.1971132381592176
one_step_governed_pva_direct,internal_profile,5.543255056078185
one_step_governed_pva_direct,internal_profile,5.750937702240949
one_step_governed_pva_direct,internal_profile,50.121601938857
one_step_governed_pva_direct,internal_profile,50.305941493528685
one_step_governed_pva_direct,internal_profile,509.86225135922496
one_step_governed_pva_direct,internal_profile,51.12002036230923
one_step_governed_pva_direct,internal_profile,51.499286484819486
one_step_governed_pva_direct,internal_profile,52.27665740588022
one_step_governed_pva_direct,internal_profile,53.37976985408629
one_step_governed_pva_direct,internal_profile,58.54781213572168
one_step_governed_pva_direct,internal_profile,598.6486362027471
one_step_governed_pva_direct,internal_profile,6.311600117233191
one_step_governed_pva_direct,internal_profile,6.477524114561101
one_step_governed_pva_direct,internal_profile,615.8145711623561
one_step_governed_pva_direct,internal_profile,66.46505230489437
one_step_governed_pva_direct,internal_profile,66.71572754621612
one_step_governed_pva_direct,internal_profile,67.1406793242748
one_step_governed_pva_direct,internal_profile,678.8821401322084
one_step_governed_pva_direct,internal_profile,7.1487899437318925
one_step_governed_pva_direct,internal_profile,7.181677860039702
one_step_governed_pva_direct,internal_profile,7.521413940687398
one_step_governed_pva_direct,internal_profile,7.7850693156257265
one_step_governed_pva_direct,internal_profile,7.846083714150826
one_step_governed_pva_direct,internal_profile,70.81348919513471
one_step_governed_pva_direct,internal_profile,72.15317363912699
one_step_governed_pva_direct,internal_profile,73.99848371438361
one_step_governed_pva_direct,internal_profile,750.3618514469551
one_step_governed_pva_direct,internal_profile,77.51684960778624
one_step_governed_pva_direct,internal_profile,8.389738729906371
one_step_governed_pva_direct,internal_profile,8.839322038218281
one_step_governed_pva_direct,internal_profile,819.9999999999999
one_step_governed_pva_direct,internal_profile,84.68445025399734
one_step_governed_pva_direct,internal_profile,9.559375818069427
one_step_governed_pva_direct,internal_profile,91.51438668796291
one_step_governed_pva_direct,internal_profile,95.97371141023905
one_step_governed_pva_direct,internal_profile,97.07860446223002
one_step_governed_pva_direct,sampled_output,0.4391547174634947
one_step_governed_pva_direct,sampled_output,0.9373705084904932
one_step_governed_pva_direct,sampled_output,1.131613319018581
one_step_governed_pva_direct,sampled_output,1.2792034877532
one_step_governed_pva_direct,sampled_output,1.3764910429981063
one_step_governed_pva_direct,sampled_output,1.4855931034919625
one_step_governed_pva_direct,sampled_output,1.487180444286843
one_step_governed_pva_direct,sampled_output,1.5833231539859827
one_step_governed_pva_direct,sampled_output,1.9026908697696374
one_step_governed_pva_direct,sampled_output,10.118421726437063
one_step_governed_pva_direct,sampled_output,10.166509734817065
one_step_governed_pva_direct,sampled_output,10.936794456770183
one_step_governed_pva_direct,sampled_output,100.24359009939036
one_step_governed_pva_direct,sampled_output,1061.0631508836043
one_step_governed_pva_direct,sampled_output,107.34414010472605
one_step_governed_pva_direct,sampled_output,11.266472081027977
one_step_governed_pva_direct,sampled_output,11.854018731252713
one_step_governed_pva_direct,sampled_output,11.934326285691155
one_step_governed_pva_direct,sampled_output,112.97002154548625
one_step_governed_pva_direct,sampled_output,12.085119706642683
one_step_governed_pva_direct,sampled_output,13.149415693717096
one_step_governed_pva_direct,sampled_output,13.325825102827093
one_step_governed_pva_direct,sampled_output,13.47095487366712
one_step_governed_pva_direct,sampled_output,13.843216900004784
one_step_governed_pva_direct,sampled_output,13.994883577190633
one_step_governed_pva_direct,sampled_output,14.424214136341885
one_step_governed_pva_direct,sampled_output,15.491698549945987
one_step_governed_pva_direct,sampled_output,151.3047262637768
one_step_governed_pva_direct,sampled_output,157.7578837235386
one_step_governed_pva_direct,sampled_output,16.385398152548316
one_step_governed_pva_direct,sampled_output,16.818032357641858
one_step_governed_pva_direct,sampled_output,17.601397544168623
one_step_governed_pva_direct,sampled_output,18.125684488199024
one_step_governed_pva_direct,sampled_output,181.28866108950672
one_step_governed_pva_direct,sampled_output,19.726772842325932
one_step_governed_pva_direct,sampled_output,2.063113010044754
one_step_governed_pva_direct,sampled_output,2.1454173220106196
one_step_governed_pva_direct,sampled_output,2.194945658298919
one_step_governed_pva_direct,sampled_output,2.2363949556689944
one_step_governed_pva_direct,sampled_output,2.347881876782285
one_step_governed_pva_direct,sampled_output,2.8824376044403506
one_step_governed_pva_direct,sampled_output,203.76478778247474
one_step_governed_pva_direct,sampled_output,207.68286682850058
one_step_governed_pva_direct,sampled_output,208.8650231792873
one_step_governed_pva_direct,sampled_output,21.7807611128741
one_step_governed_pva_direct,sampled_output,22.222159332890772
one_step_governed_pva_direct,sampled_output,23.83379418197058
one_step_governed_pva_direct,sampled_output,230.67510835534102
one_step_governed_pva_direct,sampled_output,244.4002133611796
one_step_governed_pva_direct,sampled_output,25.73858246944609
one_step_governed_pva_direct,sampled_output,263.9981953673624
one_step_governed_pva_direct,sampled_output,274.45987412838065
one_step_governed_pva_direct,sampled_output,276.72958657962704
one_step_governed_pva_direct,sampled_output,3.09616820879699
one_step_governed_pva_direct,sampled_output,3.21987939516119
one_step_governed_pva_direct,sampled_output,3.273223215372728
one_step_governed_pva_direct,sampled_output,3.7944067961901706
one_step_governed_pva_direct,sampled_output,3.889821681112676
one_step_governed_pva_direct,sampled_output,31.236969979085316
one_step_governed_pva_direct,sampled_output,324.29230831873946
one_step_governed_pva_direct,sampled_output,340.73383131249636
one_step_governed_pva_direct,sampled_output,343.20835799618243
one_step_governed_pva_direct,sampled_output,37.372176410941194
one_step_governed_pva_direct,sampled_output,389.3697363888507
one_step_governed_pva_direct,sampled_output,390.07768901725126
one_step_governed_pva_direct,sampled_output,4.17471557960277
one_step_governed_pva_direct,sampled_output,4.283857870566457
one_step_governed_pva_direct,sampled_output,4.429526578990596
one_step_governed_pva_direct,sampled_output,4.430255455828513
one_step_governed_pva_direct,sampled_output,4.625758048449965
one_step_governed_pva_direct,sampled_output,4.841389525658513
one_step_governed_pva_direct,sampled_output,4.861143119933739
one_step_governed_pva_direct,sampled_output,4.92985703298995
one_step_governed_pva_direct,sampled_output,4.983706439342694
one_step_governed_pva_direct,sampled_output,41.10928609378388
one_step_governed_pva_direct,sampled_output,42.59785399941504
one_step_governed_pva_direct,sampled_output,451.69136568556814
one_step_governed_pva_direct,sampled_output,46.37927686027863
one_step_governed_pva_direct,sampled_output,473.01971423064424
one_step_governed_pva_direct,sampled_output,48.11055986016996
one_step_governed_pva_direct,sampled_output,48.50018173014278
one_step_governed_pva_direct,sampled_output,48.63271244877452
one_step_governed_pva_direct,sampled_output,49.63661393030345
one_step_governed_pva_direct,sampled_output,5.1971132381592176
one_step_governed_pva_direct,sampled_output,5.543255056078185
one_step_governed_pva_direct,sampled_output,5.750937702240949
one_step_governed_pva_direct,sampled_output,50.121601938857
one_step_governed_pva_direct,sampled_output,50.305941493528685
one_step_governed_pva_direct,sampled_output,509.86225135922496
one_step_governed_pva_direct,sampled_output,51.12002036230923
one_step_governed_pva_direct,sampled_output,51.499286484819486
one_step_governed_pva_direct,sampled_output,52.27665740588022
one_step_governed_pva_direct,sampled_output,53.37976985408629
one_step_governed_pva_direct,sampled_output,58.54781213572168
one_step_governed_pva_direct,sampled_output,598.6486362027471
one_step_governed_pva_direct,sampled_output,6.311600117233191
one_step_governed_pva_direct,sampled_output,6.477524114561101
one_step_governed_pva_direct,sampled_output,615.8145711623561
one_step_governed_pva_direct,sampled_output,66.46505230489437
one_step_governed_pva_direct,sampled_output,66.71572754621612
one_step_governed_pva_direct,sampled_output,67.1406793242748
one_step_governed_pva_direct,sampled_output,678.8821401322084
one_step_governed_pva_direct,sampled_output,7.1487899437318925
one_step_governed_pva_direct,sampled_output,7.181677860039702
one_step_governed_pva_direct,sampled_output,7.521413940687398
one_step_governed_pva_direct,sampled_output,7.7850693156257265
one_step_governed_pva_direct,sampled_output,7.846083714150826
one_step_governed_pva_direct,sampled_output,70.81348919513471
one_step_governed_pva_direct,sampled_output,72.15317363912699
one_step_governed_pva_direct,sampled_output,73.99848371438361
one_step_governed_pva_direct,sampled_output,750.3618514469551
one_step_governed_pva_direct,sampled_output,77.51684960778624
one_step_governed_pva_direct,sampled_output,8.389738729906371
one_step_governed_pva_direct,sampled_output,8.839322038218281
one_step_governed_pva_direct,sampled_output,819.9999999999999
one_step_governed_pva_direct,sampled_output,84.68445025399734
one_step_governed_pva_direct,sampled_output,9.559375818069427
one_step_governed_pva_direct,sampled_output,91.51438668796291
one_step_governed_pva_direct,sampled_output,95.97371141023905
one_step_governed_pva_direct,sampled_output,97.07860446223002
one_step_governed_pva_ruckig,internal_profile,0.43915471746349427
one_step_governed_pva_ruckig,internal_profile,0.9373705084904936
one_step_governed_pva_ruckig,internal_profile,1.131613319018579
one_step_governed_pva_ruckig,internal_profile,1.2792034877532137
one_step_governed_pva_ruckig,internal_profile,1.3764910430009387
one_step_governed_pva_ruckig,internal_profile,1.485593103491963
one_step_governed_pva_ruckig,internal_profile,1.487180444286836
one_step_governed_pva_ruckig,internal_profile,1.583323153985985
one_step_governed_pva_ruckig,internal_profile,1.9026908707606565
one_step_governed_pva_ruckig,internal_profile,10.118421726436774
one_step_governed_pva_ruckig,internal_profile,10.166509735246857
one_step_governed_pva_ruckig,internal_profile,10.936794467801313
one_step_governed_pva_ruckig,internal_profile,100.24359009914984
one_step_governed_pva_ruckig,internal_profile,1061.063150898327
one_step_governed_pva_ruckig,internal_profile,107.34414005289578
one_step_governed_pva_ruckig,internal_profile,11.26647208879789
one_step_governed_pva_ruckig,internal_profile,11.854018731252735
one_step_governed_pva_ruckig,internal_profile,11.934326278310902
one_step_governed_pva_ruckig,internal_profile,112.97002154548629
one_step_governed_pva_ruckig,internal_profile,12.085119706975174
one_step_governed_pva_ruckig,internal_profile,13.149415613272359
one_step_governed_pva_ruckig,internal_profile,13.325825094572307
one_step_governed_pva_ruckig,internal_profile,13.470954897883214
one_step_governed_pva_ruckig,internal_profile,13.843216900021215
one_step_governed_pva_ruckig,internal_profile,13.994883656482083
one_step_governed_pva_ruckig,internal_profile,14.424214136364071
one_step_governed_pva_ruckig,internal_profile,15.49169855291388
one_step_governed_pva_ruckig,internal_profile,151.30472626377676
one_step_governed_pva_ruckig,internal_profile,157.75788372353858
one_step_governed_pva_ruckig,internal_profile,16.38539815253362
one_step_governed_pva_ruckig,internal_profile,16.818032359681236
one_step_governed_pva_ruckig,internal_profile,17.601397544167753
one_step_governed_pva_ruckig,internal_profile,18.12568448914675
one_step_governed_pva_ruckig,internal_profile,181.28866108950672
one_step_governed_pva_ruckig,internal_profile,19.72677284236924
one_step_governed_pva_ruckig,internal_profile,2.0631130100444497
one_step_governed_pva_ruckig,internal_profile,2.1454173220307617
one_step_governed_pva_ruckig,internal_profile,2.1949456582989195
one_step_governed_pva_ruckig,internal_profile,2.2363949556689997
one_step_governed_pva_ruckig,internal_profile,2.3478818767340583
one_step_governed_pva_ruckig,internal_profile,2.882437604440338
one_step_governed_pva_ruckig,internal_profile,203.76478778247474
one_step_governed_pva_ruckig,internal_profile,207.68286682850066
one_step_governed_pva_ruckig,internal_profile,208.86502317928736
one_step_governed_pva_ruckig,internal_profile,21.78076119672764
one_step_governed_pva_ruckig,internal_profile,22.222159332827818
one_step_governed_pva_ruckig,internal_profile,23.83379419186
one_step_governed_pva_ruckig,internal_profile,230.67510833322913
one_step_governed_pva_ruckig,internal_profile,244.4002133611796
one_step_governed_pva_ruckig,internal_profile,25.73858247022507
one_step_governed_pva_ruckig,internal_profile,263.99819536736237
one_step_governed_pva_ruckig,internal_profile,274.4598741283806
one_step_governed_pva_ruckig,internal_profile,276.729586579627
one_step_governed_pva_ruckig,internal_profile,3.096168208796981
one_step_governed_pva_ruckig,internal_profile,3.219879395161187
one_step_governed_pva_ruckig,internal_profile,3.2732232154005447
one_step_governed_pva_ruckig,internal_profile,3.7944067961378236
one_step_governed_pva_ruckig,internal_profile,3.889821681112587
one_step_governed_pva_ruckig,internal_profile,31.236970026718424
one_step_governed_pva_ruckig,internal_profile,324.2923083187394
one_step_governed_pva_ruckig,internal_profile,340.73383131249625
one_step_governed_pva_ruckig,internal_profile,343.2083579961824
one_step_governed_pva_ruckig,internal_profile,37.372176467199466
one_step_governed_pva_ruckig,internal_profile,389.3697363888506
one_step_governed_pva_ruckig,internal_profile,390.07768901725126
one_step_governed_pva_ruckig,internal_profile,4.174715579602767
one_step_governed_pva_ruckig,internal_profile,4.283857870504909
one_step_governed_pva_ruckig,internal_profile,4.429526578993034
one_step_governed_pva_ruckig,internal_profile,4.430255455828558
one_step_governed_pva_ruckig,internal_profile,4.6257580878103255
one_step_governed_pva_ruckig,internal_profile,4.8413895202652375
one_step_governed_pva_ruckig,internal_profile,4.861143119927193
one_step_governed_pva_ruckig,internal_profile,4.929857035273486
one_step_governed_pva_ruckig,internal_profile,4.983706439394164
one_step_governed_pva_ruckig,internal_profile,41.1092860937762
one_step_governed_pva_ruckig,internal_profile,42.59785369987915
one_step_governed_pva_ruckig,internal_profile,451.69136568556826
one_step_governed_pva_ruckig,internal_profile,46.3792768556619
one_step_governed_pva_ruckig,internal_profile,473.01971423064435
one_step_governed_pva_ruckig,internal_profile,48.11055996214913
one_step_governed_pva_ruckig,internal_profile,48.50018170300299
one_step_governed_pva_ruckig,internal_profile,48.63271244877447
one_step_governed_pva_ruckig,internal_profile,49.636613931392795
one_step_governed_pva_ruckig,internal_profile,5.197113238170778
one_step_governed_pva_ruckig,internal_profile,5.5432550560781
one_step_governed_pva_ruckig,internal_profile,5.750937702238836
one_step_governed_pva_ruckig,internal_profile,50.121602048798906
one_step_governed_pva_ruckig,internal_profile,50.30594149351114
one_step_governed_pva_ruckig,internal_profile,509.862251359225
one_step_governed_pva_ruckig,internal_profile,51.120020362220316
one_step_governed_pva_ruckig,internal_profile,51.49928648654689
one_step_governed_pva_ruckig,internal_profile,52.27665742814735
one_step_governed_pva_ruckig,internal_profile,53.37976985407611
one_step_governed_pva_ruckig,internal_profile,58.54781213780631
one_step_governed_pva_ruckig,internal_profile,598.6486362027471
one_step_governed_pva_ruckig,internal_profile,6.311600117253972
one_step_governed_pva_ruckig,internal_profile,6.477524114583646
one_step_governed_pva_ruckig,internal_profile,615.8145711623561
one_step_governed_pva_ruckig,internal_profile,66.46505230594019
one_step_governed_pva_ruckig,internal_profile,66.71572729324949
one_step_governed_pva_ruckig,internal_profile,67.14067932427479
one_step_governed_pva_ruckig,internal_profile,678.8821401322085
one_step_governed_pva_ruckig,internal_profile,7.148789943736583
one_step_governed_pva_ruckig,internal_profile,7.181677860039702
one_step_governed_pva_ruckig,internal_profile,7.521413940689752
one_step_governed_pva_ruckig,internal_profile,7.785069315625566
one_step_governed_pva_ruckig,internal_profile,7.846083714148451
one_step_governed_pva_ruckig,internal_profile,70.81348919516766
one_step_governed_pva_ruckig,internal_profile,72.15317363912698
one_step_governed_pva_ruckig,internal_profile,73.99848371438361
one_step_governed_pva_ruckig,internal_profile,750.3618514469553
one_step_governed_pva_ruckig,internal_profile,77.51684960766345
one_step_governed_pva_ruckig,internal_profile,8.38973873186004
one_step_governed_pva_ruckig,internal_profile,8.839322038247225
one_step_governed_pva_ruckig,internal_profile,819.9999999999999
one_step_governed_pva_ruckig,internal_profile,84.68445025399728
one_step_governed_pva_ruckig,internal_profile,9.559375826960384
one_step_governed_pva_ruckig,internal_profile,91.51438668796293
one_step_governed_pva_ruckig,internal_profile,95.9737117169356
one_step_governed_pva_ruckig,internal_profile,97.07860446223
one_step_governed_pva_ruckig,sampled_output,0.43915471746349427
one_step_governed_pva_ruckig,sampled_output,0.9373705084904936
one_step_governed_pva_ruckig,sampled_output,1.131613319018579
one_step_governed_pva_ruckig,sampled_output,1.2792034877532137
one_step_governed_pva_ruckig,sampled_output,1.3764910430009387
one_step_governed_pva_ruckig,sampled_output,1.485593103491963
one_step_governed_pva_ruckig,sampled_output,1.487180444286836
one_step_governed_pva_ruckig,sampled_output,1.583323153985985
one_step_governed_pva_ruckig,sampled_output,1.9026908707606565
one_step_governed_pva_ruckig,sampled_output,10.118421726436774
one_step_governed_pva_ruckig,sampled_output,10.166509735246857
one_step_governed_pva_ruckig,sampled_output,10.936794467801313
one_step_governed_pva_ruckig,sampled_output,100.24359009914984
one_step_governed_pva_ruckig,sampled_output,1061.063150898327
one_step_governed_pva_ruckig,sampled_output,107.34414005289578
one_step_governed_pva_ruckig,sampled_output,11.26647208879789
one_step_governed_pva_ruckig,sampled_output,11.854018731252735
one_step_governed_pva_ruckig,sampled_output,11.934326278310902
one_step_governed_pva_ruckig,sampled_output,112.97002154548629
one_step_governed_pva_ruckig,sampled_output,12.085119706975174
one_step_governed_pva_ruckig,sampled_output,13.149415613272359
one_step_governed_pva_ruckig,sampled_output,13.325825094572307
one_step_governed_pva_ruckig,sampled_output,13.470954897883214
one_step_governed_pva_ruckig,sampled_output,13.843216900021215
one_step_governed_pva_ruckig,sampled_output,13.994883656482083
one_step_governed_pva_ruckig,sampled_output,14.424214136364071
one_step_governed_pva_ruckig,sampled_output,15.49169855291388
one_step_governed_pva_ruckig,sampled_output,151.30472626377676
one_step_governed_pva_ruckig,sampled_output,157.75788372353858
one_step_governed_pva_ruckig,sampled_output,16.38539815253362
one_step_governed_pva_ruckig,sampled_output,16.818032359681236
one_step_governed_pva_ruckig,sampled_output,17.601397544167753
one_step_governed_pva_ruckig,sampled_output,18.12568448914675
one_step_governed_pva_ruckig,sampled_output,181.28866108950672
one_step_governed_pva_ruckig,sampled_output,19.72677284236924
one_step_governed_pva_ruckig,sampled_output,2.0631130100444497
one_step_governed_pva_ruckig,sampled_output,2.1454173220307617
one_step_governed_pva_ruckig,sampled_output,2.1949456582989195
one_step_governed_pva_ruckig,sampled_output,2.2363949556689997
one_step_governed_pva_ruckig,sampled_output,2.3478818767340583
one_step_governed_pva_ruckig,sampled_output,2.882437604440338
one_step_governed_pva_ruckig,sampled_output,203.76478778247474
one_step_governed_pva_ruckig,sampled_output,207.68286682850066
one_step_governed_pva_ruckig,sampled_output,208.86502317928736
one_step_governed_pva_ruckig,sampled_output,21.78076119672764
one_step_governed_pva_ruckig,sampled_output,22.222159332827818
one_step_governed_pva_ruckig,sampled_output,23.83379419186
one_step_governed_pva_ruckig,sampled_output,230.67510833322913
one_step_governed_pva_ruckig,sampled_output,244.4002133611796
one_step_governed_pva_ruckig,sampled_output,25.73858247022507
one_step_governed_pva_ruckig,sampled_output,263.99819536736237
one_step_governed_pva_ruckig,sampled_output,274.4598741283806
one_step_governed_pva_ruckig,sampled_output,276.729586579627
one_step_governed_pva_ruckig,sampled_output,3.096168208796981
one_step_governed_pva_ruckig,sampled_output,3.219879395161187
one_step_governed_pva_ruckig,sampled_output,3.2732232154005447
one_step_governed_pva_ruckig,sampled_output,3.7944067961378236
one_step_governed_pva_ruckig,sampled_output,3.889821681112587
one_step_governed_pva_ruckig,sampled_output,31.236970026718424
one_step_governed_pva_ruckig,sampled_output,324.2923083187394
one_step_governed_pva_ruckig,sampled_output,340.73383131249625
one_step_governed_pva_ruckig,sampled_output,343.2083579961824
one_step_governed_pva_ruckig,sampled_output,37.372176467199466
one_step_governed_pva_ruckig,sampled_output,389.3697363888506
one_step_governed_pva_ruckig,sampled_output,390.07768901725126
one_step_governed_pva_ruckig,sampled_output,4.174715579602767
one_step_governed_pva_ruckig,sampled_output,4.283857870504909
one_step_governed_pva_ruckig,sampled_output,4.429526578993034
one_step_governed_pva_ruckig,sampled_output,4.430255455828558
one_step_governed_pva_ruckig,sampled_output,4.6257580878103255
one_step_governed_pva_ruckig,sampled_output,4.8413895202652375
one_step_governed_pva_ruckig,sampled_output,4.861143119927193
one_step_governed_pva_ruckig,sampled_output,4.929857035273486
one_step_governed_pva_ruckig,sampled_output,4.983706439394164
one_step_governed_pva_ruckig,sampled_output,41.1092860937762
one_step_governed_pva_ruckig,sampled_output,42.59785369987915
one_step_governed_pva_ruckig,sampled_output,451.69136568556826
one_step_governed_pva_ruckig,sampled_output,46.3792768556619
one_step_governed_pva_ruckig,sampled_output,473.01971423064435
one_step_governed_pva_ruckig,sampled_output,48.11055996214913
one_step_governed_pva_ruckig,sampled_output,48.50018170300299
one_step_governed_pva_ruckig,sampled_output,48.63271244877447
one_step_governed_pva_ruckig,sampled_output,49.636613931392795
one_step_governed_pva_ruckig,sampled_output,5.197113238170778
one_step_governed_pva_ruckig,sampled_output,5.5432550560781
one_step_governed_pva_ruckig,sampled_output,5.750937702238836
one_step_governed_pva_ruckig,sampled_output,50.121602048798906
one_step_governed_pva_ruckig,sampled_output,50.30594149351114
one_step_governed_pva_ruckig,sampled_output,509.862251359225
one_step_governed_pva_ruckig,sampled_output,51.120020362220316
one_step_governed_pva_ruckig,sampled_output,51.49928648654689
one_step_governed_pva_ruckig,sampled_output,52.27665742814735
one_step_governed_pva_ruckig,sampled_output,53.37976985407611
one_step_governed_pva_ruckig,sampled_output,58.54781213780631
one_step_governed_pva_ruckig,sampled_output,598.6486362027471
one_step_governed_pva_ruckig,sampled_output,6.311600117253972
one_step_governed_pva_ruckig,sampled_output,6.477524114583646
one_step_governed_pva_ruckig,sampled_output,615.8145711623561
one_step_governed_pva_ruckig,sampled_output,66.46505230594019
one_step_governed_pva_ruckig,sampled_output,66.71572729324949
one_step_governed_pva_ruckig,sampled_output,67.14067932427479
one_step_governed_pva_ruckig,sampled_output,678.8821401322085
one_step_governed_pva_ruckig,sampled_output,7.148789943736583
one_step_governed_pva_ruckig,sampled_output,7.181677860039702
one_step_governed_pva_ruckig,sampled_output,7.521413940689752
one_step_governed_pva_ruckig,sampled_output,7.785069315625566
one_step_governed_pva_ruckig,sampled_output,7.846083714148451
one_step_governed_pva_ruckig,sampled_output,70.81348919516766
one_step_governed_pva_ruckig,sampled_output,72.15317363912698
one_step_governed_pva_ruckig,sampled_output,73.99848371438361
one_step_governed_pva_ruckig,sampled_output,750.3618514469553
one_step_governed_pva_ruckig,sampled_output,77.51684960766345
one_step_governed_pva_ruckig,sampled_output,8.38973873186004
one_step_governed_pva_ruckig,sampled_output,8.839322038247225
one_step_governed_pva_ruckig,sampled_output,819.9999999999999
one_step_governed_pva_ruckig,sampled_output,84.68445025399728
one_step_governed_pva_ruckig,sampled_output,9.559375826960384
one_step_governed_pva_ruckig,sampled_output,91.51438668796293
one_step_governed_pva_ruckig,sampled_output,95.9737117169356
one_step_governed_pva_ruckig,sampled_output,97.07860446223
predicted_p,internal_profile,0.4145373420611388
predicted_p,internal_profile,0.5158852620010522
predicted_p,internal_profile,0.5428959263535535
predicted_p,internal_profile,0.5709209356354786
predicted_p,internal_profile,0.6102702701711555
predicted_p,internal_profile,0.8746731018836521
predicted_p,internal_profile,0.9408759460675369
predicted_p,internal_profile,1.0145896144758622
predicted_p,internal_profile,1.1637549948422024
predicted_p,internal_profile,1.3845791934873068
predicted_p,internal_profile,1.3923607345986255
predicted_p,internal_profile,1.4004722881469696
predicted_p,internal_profile,1.4229359638288661
predicted_p,internal_profile,1.5167725453875192
predicted_p,internal_profile,1.5302084139845193
predicted_p,internal_profile,1.5545196339367668
predicted_p,internal_profile,1.7807754910151612
predicted_p,internal_profile,1.8549799845595636
predicted_p,internal_profile,1.9193639483462686
predicted_p,internal_profile,1.9284085000686049
predicted_p,internal_profile,1.9320390047201659
predicted_p,internal_profile,10.597736745778441
predicted_p,internal_profile,1045.0116383887168
predicted_p,internal_profile,11.271692100647986
predicted_p,internal_profile,11.69481922606771
predicted_p,internal_profile,11.852628164208603
predicted_p,internal_profile,12.165203317640442
predicted_p,internal_profile,12.463482854266628
predicted_p,internal_profile,12.92982052921099
predicted_p,internal_profile,1244.9753538963553
predicted_p,internal_profile,13.011817981694767
predicted_p,internal_profile,13.4442719565609
predicted_p,internal_profile,1354.4590859132668
predicted_p,internal_profile,14.308595577120835
predicted_p,internal_profile,1454.209357727524
predicted_p,internal_profile,15.380417555519628
predicted_p,internal_profile,1504.639025609487
predicted_p,internal_profile,1574.3372888919846
predicted_p,internal_profile,16.19651884150801
predicted_p,internal_profile,18.062473084833425
predicted_p,internal_profile,18.510224297247373
predicted_p,internal_profile,18.911985344934568
predicted_p,internal_profile,19.398119550865893
predicted_p,internal_profile,19.59544241904775
predicted_p,internal_profile,19.88236001490923
predicted_p,internal_profile,2.411522507959214
predicted_p,internal_profile,2.4177247655248997
predicted_p,internal_profile,2.624888478862428
predicted_p,internal_profile,20.23371980009536
predicted_p,internal_profile,23.27881022647264
predicted_p,internal_profile,24.962926826966182
predicted_p,internal_profile,25.137654619578598
predicted_p,internal_profile,25.317647208904937
predicted_p,internal_profile,25.400295026632843
predicted_p,internal_profile,26.6258520092019
predicted_p,internal_profile,26.99644032510109
predicted_p,internal_profile,261.1770613255997
predicted_p,internal_profile,27.613135256559595
predicted_p,internal_profile,274.4703435710985
predicted_p,internal_profile,28.417367153793673
predicted_p,internal_profile,29.95381634354389
predicted_p,internal_profile,3.062294917216989
predicted_p,internal_profile,3.1098268383132
predicted_p,internal_profile,3.2398353294150426
predicted_p,internal_profile,3.2466894748379347
predicted_p,internal_profile,3.3333705342671878
predicted_p,internal_profile,3.337263399204695
predicted_p,internal_profile,3.3693084765236714
predicted_p,internal_profile,3.3842837491047075
predicted_p,internal_profile,3.433964621957545
predicted_p,internal_profile,3.4402699761467637
predicted_p,internal_profile,3.5581641747538844
predicted_p,internal_profile,3.8614664114968273
predicted_p,internal_profile,3.9894195510422668
predicted_p,internal_profile,304.01603431489997
predicted_p,internal_profile,32.06260738965364
predicted_p,internal_profile,32.96092655151046
predicted_p,internal_profile,33.59748439983374
predicted_p,internal_profile,33.79405506568425
predicted_p,internal_profile,335.47944446610194
predicted_p,internal_profile,35.227946996814666
predicted_p,internal_profile,4.261618696069319
predicted_p,internal_profile,4.315110066047944
predicted_p,internal_profile,4.56864475631271
predicted_p,internal_profile,4.803569275306512
predicted_p,internal_profile,4.853724744485005
predicted_p,internal_profile,4.9442840730241695
predicted_p,internal_profile,4.978961905929532
predicted_p,internal_profile,419.1047023622139
predicted_p,internal_profile,467.4616301080617
predicted_p,internal_profile,5.126508600413907
predicted_p,internal_profile,5.410258168417381
predicted_p,internal_profile,5.560924499989138
predicted_p,internal_profile,5.641543309150723
predicted_p,internal_profile,5.73001689894574
predicted_p,internal_profile,5.979183533114315
predicted_p,internal_profile,544.4314356351802
predicted_p,internal_profile,6.24656100266207
predicted_p,internal_profile,6.304860056088007
predicted_p,internal_profile,6.338462248504761
predicted_p,internal_profile,6.4033269631633
predicted_p,internal_profile,6.439029605682597
predicted_p,internal_profile,660.3231216413095
predicted_p,internal_profile,7.346178710969916
predicted_p,internal_profile,7.424049705130752
predicted_p,internal_profile,7.510384527337187
predicted_p,internal_profile,7.871932278031362
predicted_p,internal_profile,7.989636068563239
predicted_p,internal_profile,8.255588091772502
predicted_p,internal_profile,8.259707103329262
predicted_p,internal_profile,868.5641266758663
predicted_p,internal_profile,888.8347148205836
predicted_p,internal_profile,9.017194963591168
predicted_p,internal_profile,9.558070012514516
predicted_p,internal_profile,9.810277673359824
predicted_p,internal_profile,9.854813187976028
predicted_p,internal_profile,9.893083337537732
predicted_p,internal_profile,910.2723658750607
predicted_p,internal_profile,924.9591862446848
predicted_p,internal_profile,979.2593563139811
predicted_p,sampled_output,0.41453734206113874
predicted_p,sampled_output,0.5158852620010522
predicted_p,sampled_output,0.5428959263535535
predicted_p,sampled_output,0.5709209356354785
predicted_p,sampled_output,0.6102702701711559
predicted_p,sampled_output,0.8746731018836521
predicted_p,sampled_output,0.9408759460675369
predicted_p,sampled_output,1.0145896144758622
predicted_p,sampled_output,1.1637549948422032
predicted_p,sampled_output,1.3845791934873068
predicted_p,sampled_output,1.3923607345986257
predicted_p,sampled_output,1.40047228814697
predicted_p,sampled_output,1.4229359638288661
predicted_p,sampled_output,1.5167725453875194
predicted_p,sampled_output,1.5302084139845198
predicted_p,sampled_output,1.554519633936767
predicted_p,sampled_output,1.7807754910151616
predicted_p,sampled_output,1.8549799845595627
predicted_p,sampled_output,1.9193639483462686
predicted_p,sampled_output,1.9284085000686046
predicted_p,sampled_output,1.9320390047201659
predicted_p,sampled_output,10.597736745778441
predicted_p,sampled_output,1045.0116383887168
predicted_p,sampled_output,11.27169210064799
predicted_p,sampled_output,11.69481922606771
predicted_p,sampled_output,11.852628164208603
predicted_p,sampled_output,12.165203317640438
predicted_p,sampled_output,12.463482854266628
predicted_p,sampled_output,12.92982052921099
predicted_p,sampled_output,1244.9753538963553
predicted_p,sampled_output,13.011817981694762
predicted_p,sampled_output,13.444271956560904
predicted_p,sampled_output,1354.4590859132668
predicted_p,sampled_output,14.30859557712083
predicted_p,sampled_output,1454.209357727524
predicted_p,sampled_output,15.380417555519621
predicted_p,sampled_output,1504.639025609487
predicted_p,sampled_output,1574.3372888919846
predicted_p,sampled_output,16.196518841508013
predicted_p,sampled_output,18.062473084833425
predicted_p,sampled_output,18.510224297247373
predicted_p,sampled_output,18.911985344934568
predicted_p,sampled_output,19.398119550865893
predicted_p,sampled_output,19.59544241904775
predicted_p,sampled_output,19.882360014909228
predicted_p,sampled_output,2.4115225079592144
predicted_p,sampled_output,2.4177247655248997
predicted_p,sampled_output,2.624888478862428
predicted_p,sampled_output,20.23371980009536
predicted_p,sampled_output,23.278810226472643
predicted_p,sampled_output,24.962926826966193
predicted_p,sampled_output,25.137654619578598
predicted_p,sampled_output,25.317647208904926
predicted_p,sampled_output,25.400295026632847
predicted_p,sampled_output,26.62585200920189
predicted_p,sampled_output,26.996440325101066
predicted_p,sampled_output,261.1770613255997
predicted_p,sampled_output,27.613135256559595
predicted_p,sampled_output,274.4703435710985
predicted_p,sampled_output,28.417367153793677
predicted_p,sampled_output,29.95381634354389
predicted_p,sampled_output,3.062294917216989
predicted_p,sampled_output,3.109826838313201
predicted_p,sampled_output,3.2398353294150417
predicted_p,sampled_output,3.2466894748379325
predicted_p,sampled_output,3.333370534267188
predicted_p,sampled_output,3.337263399204695
predicted_p,sampled_output,3.3693084765236705
predicted_p,sampled_output,3.3842837491047084
predicted_p,sampled_output,3.4339646219575526
predicted_p,sampled_output,3.4402699761467646
predicted_p,sampled_output,3.558164174753886
predicted_p,sampled_output,3.861466411496827
predicted_p,sampled_output,3.9894195510422668
predicted_p,sampled_output,304.0160343148999
predicted_p,sampled_output,32.06260738965363
predicted_p,sampled_output,32.96092655151046
predicted_p,sampled_output,33.59748439983372
predicted_p,sampled_output,33.79405506568425
predicted_p,sampled_output,335.47944446610194
predicted_p,sampled_output,35.227946996814666
predicted_p,sampled_output,4.261618696069319
predicted_p,sampled_output,4.315110066047944
predicted_p,sampled_output,4.568644756312712
predicted_p,sampled_output,4.803569275306513
predicted_p,sampled_output,4.853724744485005
predicted_p,sampled_output,4.944284073024174
predicted_p,sampled_output,4.978961905929532
predicted_p,sampled_output,419.1047023622139
predicted_p,sampled_output,467.4616301080617
predicted_p,sampled_output,5.126508600413907
predicted_p,sampled_output,5.410258168417381
predicted_p,sampled_output,5.560924499989136
predicted_p,sampled_output,5.6415433091507206
predicted_p,sampled_output,5.7300168989457445
predicted_p,sampled_output,5.979183533114315
predicted_p,sampled_output,544.4314356351802
predicted_p,sampled_output,6.24656100266207
predicted_p,sampled_output,6.304860056088008
predicted_p,sampled_output,6.3384622485047615
predicted_p,sampled_output,6.4033269631633
predicted_p,sampled_output,6.439029605682597
predicted_p,sampled_output,660.3231216413095
predicted_p,sampled_output,7.346178710969917
predicted_p,sampled_output,7.424049705130751
predicted_p,sampled_output,7.5103845273371865
predicted_p,sampled_output,7.871932278031362
predicted_p,sampled_output,7.989636068563239
predicted_p,sampled_output,8.255588091772504
predicted_p,sampled_output,8.25970710332926
predicted_p,sampled_output,868.5641266758663
predicted_p,sampled_output,888.8347148205836
predicted_p,sampled_output,9.017194963591168
predicted_p,sampled_output,9.558070012514516
predicted_p,sampled_output,9.810277673359824
predicted_p,sampled_output,9.85481318797603
predicted_p,sampled_output,9.893083337537732
predicted_p,sampled_output,910.2723658750607
predicted_p,sampled_output,924.9591862446848
predicted_p,sampled_output,979.2593563139812
raw_predicted_pv,internal_profile,0.43915471746349466
raw_predicted_pv,internal_profile,0.5442350813761505
raw_predicted_pv,internal_profile,0.5725029922712871
raw_predicted_pv,internal_profile,0.5852083917882228
raw_predicted_pv,internal_profile,0.612634387043479
raw_predicted_pv,internal_profile,0.9373705084904931
raw_predicted_pv,internal_profile,1.131613319018581
raw_predicted_pv,internal_profile,1.1644599885371592
raw_predicted_pv,internal_profile,1.1705273771819775
raw_predicted_pv,internal_profile,1.393567707339048
raw_predicted_pv,internal_profile,1.4007839295999103
raw_predicted_pv,internal_profile,1.4855931034919625
raw_predicted_pv,internal_profile,1.535559968895953
raw_predicted_pv,internal_profile,1.8198922209889978
raw_predicted_pv,internal_profile,1.8661831843626682
raw_predicted_pv,internal_profile,1.8707405098299987
raw_predicted_pv,internal_profile,1.8733072458386
raw_predicted_pv,internal_profile,10.599655188372866
raw_predicted_pv,internal_profile,1021.5200729174786
raw_predicted_pv,internal_profile,11.00118160987053
raw_predicted_pv,internal_profile,11.274207764420701
raw_predicted_pv,internal_profile,11.699549135401462
raw_predicted_pv,internal_profile,11.861067458082863
raw_predicted_pv,internal_profile,12.167413147283437
raw_predicted_pv,internal_profile,12.466450186752175
raw_predicted_pv,internal_profile,12.95219684848986
raw_predicted_pv,internal_profile,12.95325725777394
raw_predicted_pv,internal_profile,1202.7744413089692
raw_predicted_pv,internal_profile,1253.9507223254711
raw_predicted_pv,internal_profile,1281.589861502329
raw_predicted_pv,internal_profile,13.058589935344697
raw_predicted_pv,internal_profile,13.464141016194183
raw_predicted_pv,internal_profile,1335.4915910774776
raw_predicted_pv,internal_profile,14.328586183833009
raw_predicted_pv,internal_profile,15.406819586517031
raw_predicted_pv,internal_profile,1568.8790972911318
raw_predicted_pv,internal_profile,16.2175653090225
raw_predicted_pv,internal_profile,18.080783528910274
raw_predicted_pv,internal_profile,18.515728522465782
raw_predicted_pv,internal_profile,18.951738397710386
raw_predicted_pv,internal_profile,19.403231056983902
raw_predicted_pv,internal_profile,19.680788661498017
raw_predicted_pv,internal_profile,19.89538795217562
raw_predicted_pv,internal_profile,2.0611890304934097
raw_predicted_pv,internal_profile,2.23510193854376
raw_predicted_pv,internal_profile,2.4191826505431098
raw_predicted_pv,internal_profile,2.4440900977625546
raw_predicted_pv,internal_profile,2.5548949903435525
raw_predicted_pv,internal_profile,2.6433461307339328
raw_predicted_pv,internal_profile,2.9285927574270487
raw_predicted_pv,internal_profile,20.24022056287404
raw_predicted_pv,internal_profile,23.288447352032932
raw_predicted_pv,internal_profile,24.986368396273015
raw_predicted_pv,internal_profile,25.160954950410993
raw_predicted_pv,internal_profile,25.33223819894829
raw_predicted_pv,internal_profile,25.418464545035523
raw_predicted_pv,internal_profile,26.894667069813497
raw_predicted_pv,internal_profile,27.026436796274446
raw_predicted_pv,internal_profile,27.635771295543346
raw_predicted_pv,internal_profile,272.5900691987257
raw_predicted_pv,internal_profile,279.38379092536155
raw_predicted_pv,internal_profile,28.43250188075188
raw_predicted_pv,internal_profile,29.97267854724823
raw_predicted_pv,internal_profile,294.69665513974314
raw_predicted_pv,internal_profile,3.0970728609708256
raw_predicted_pv,internal_profile,3.1107134268339194
raw_predicted_pv,internal_profile,3.2416112538822044
raw_predicted_pv,internal_profile,3.250113697182654
raw_predicted_pv,internal_profile,3.334307899294686
raw_predicted_pv,internal_profile,3.337995417740523
raw_predicted_pv,internal_profile,3.3813266169181935
raw_predicted_pv,internal_profile,3.397420592160546
raw_predicted_pv,internal_profile,3.4362492983332995
raw_predicted_pv,internal_profile,3.441307935115129
raw_predicted_pv,internal_profile,3.56030287421788
raw_predicted_pv,internal_profile,307.0027948090245
raw_predicted_pv,internal_profile,315.07715320529064
raw_predicted_pv,internal_profile,32.09310588890684
raw_predicted_pv,internal_profile,32.98243270026206
raw_predicted_pv,internal_profile,33.82642237709221
raw_predicted_pv,internal_profile,33.86471060210333
raw_predicted_pv,internal_profile,334.00155038095323
raw_predicted_pv,internal_profile,35.33106740369881
raw_predicted_pv,internal_profile,4.0048860110330535
raw_predicted_pv,internal_profile,4.26530220877555
raw_predicted_pv,internal_profile,4.317395284475364
raw_predicted_pv,internal_profile,4.572860001329454
raw_predicted_pv,internal_profile,4.806297342991788
raw_predicted_pv,internal_profile,4.945365887249302
raw_predicted_pv,internal_profile,4.981270864958879
raw_predicted_pv,internal_profile,5.184574073229479
raw_predicted_pv,internal_profile,5.425550162340278
raw_predicted_pv,internal_profile,5.5627249376803976
raw_predicted_pv,internal_profile,5.710356783474641
raw_predicted_pv,internal_profile,5.736106837384743
raw_predicted_pv,internal_profile,5.854301010028554
raw_predicted_pv,internal_profile,552.0052262677501
raw_predicted_pv,internal_profile,6.022895402892615
raw_predicted_pv,internal_profile,6.159593620092463
raw_predicted_pv,internal_profile,6.370258473137493
raw_predicted_pv,internal_profile,6.449801484607551
raw_predicted_pv,internal_profile,6.499204681733997
raw_predicted_pv,internal_profile,6.50411010000817
raw_predicted_pv,internal_profile,6.914593752262924
raw_predicted_pv,internal_profile,651.3295601297004
raw_predicted_pv,internal_profile,7.458470791904613
raw_predicted_pv,internal_profile,7.517225044533751
raw_predicted_pv,internal_profile,7.8772508260700596
raw_predicted_pv,internal_profile,751.6407472782753
raw_predicted_pv,internal_profile,8.104645051860134
raw_predicted_pv,internal_profile,8.257664818793751
raw_predicted_pv,internal_profile,8.267757134471099
raw_predicted_pv,internal_profile,837.3506904533892
raw_predicted_pv,internal_profile,888.318332257515
raw_predicted_pv,internal_profile,9.161045350991694
raw_predicted_pv,internal_profile,9.812775708200524
raw_predicted_pv,internal_profile,9.914448297815008
raw_predicted_pv,internal_profile,9.973598950756244
raw_predicted_pv,internal_profile,964.0150135161932
raw_predicted_pv,internal_profile,978.3825958317955
raw_predicted_pv,sampled_output,0.4391547174634947
raw_predicted_pv,sampled_output,0.5442350813761505
raw_predicted_pv,sampled_output,0.5725029922712868
raw_predicted_pv,sampled_output,0.5852083917882228
raw_predicted_pv,sampled_output,0.6126343870434786
raw_predicted_pv,sampled_output,0.9373705084904932
raw_predicted_pv,sampled_output,1.131613319018581
raw_predicted_pv,sampled_output,1.1644599885371587
raw_predicted_pv,sampled_output,1.1705273771819775
raw_predicted_pv,sampled_output,1.393567707339048
raw_predicted_pv,sampled_output,1.400783929599908
raw_predicted_pv,sampled_output,1.4855931034919625
raw_predicted_pv,sampled_output,1.5355599688959525
raw_predicted_pv,sampled_output,1.8198922209889978
raw_predicted_pv,sampled_output,1.8661831843626682
raw_predicted_pv,sampled_output,1.8707405098299985
raw_predicted_pv,sampled_output,1.8733072458386
raw_predicted_pv,sampled_output,10.59965518837287
raw_predicted_pv,sampled_output,1021.5200729174785
raw_predicted_pv,sampled_output,11.00118160987053
raw_predicted_pv,sampled_output,11.274207764420701
raw_predicted_pv,sampled_output,11.699549135401462
raw_predicted_pv,sampled_output,11.861067458082863
raw_predicted_pv,sampled_output,12.167413147283435
raw_predicted_pv,sampled_output,12.466450186752176
raw_predicted_pv,sampled_output,12.95219684848986
raw_predicted_pv,sampled_output,12.953257257773942
raw_predicted_pv,sampled_output,1202.7744413089692
raw_predicted_pv,sampled_output,1253.9507223254711
raw_predicted_pv,sampled_output,1281.589861502329
raw_predicted_pv,sampled_output,13.058589935344699
raw_predicted_pv,sampled_output,13.464141016194175
raw_predicted_pv,sampled_output,1335.4915910774776
raw_predicted_pv,sampled_output,14.328586183833014
raw_predicted_pv,sampled_output,15.40681958651704
raw_predicted_pv,sampled_output,1568.8790972911318
raw_predicted_pv,sampled_output,16.217565309022497
raw_predicted_pv,sampled_output,18.080783528910274
raw_predicted_pv,sampled_output,18.51572852246578
raw_predicted_pv,sampled_output,18.951738397710383
raw_predicted_pv,sampled_output,19.403231056983905
raw_predicted_pv,sampled_output,19.680788661498017
raw_predicted_pv,sampled_output,19.895387952175625
raw_predicted_pv,sampled_output,2.0611890304934097
raw_predicted_pv,sampled_output,2.23510193854376
raw_predicted_pv,sampled_output,2.4191826505431098
raw_predicted_pv,sampled_output,2.4440900977625546
raw_predicted_pv,sampled_output,2.5548949903435525
raw_predicted_pv,sampled_output,2.643346130733934
raw_predicted_pv,sampled_output,2.9285927574270487
raw_predicted_pv,sampled_output,20.24022056287404
raw_predicted_pv,sampled_output,23.288447352032932
raw_predicted_pv,sampled_output,24.98636839627302
raw_predicted_pv,sampled_output,25.16095495041099
raw_predicted_pv,sampled_output,25.332238198948296
raw_predicted_pv,sampled_output,25.418464545035523
raw_predicted_pv,sampled_output,26.894667069813494
raw_predicted_pv,sampled_output,27.02643679627443
raw_predicted_pv,sampled_output,27.635771295543343
raw_predicted_pv,sampled_output,272.5900691987257
raw_predicted_pv,sampled_output,279.38379092536155
raw_predicted_pv,sampled_output,28.432501880751882
raw_predicted_pv,sampled_output,29.972678547248226
raw_predicted_pv,sampled_output,294.69665513974314
raw_predicted_pv,sampled_output,3.097072860970825
raw_predicted_pv,sampled_output,3.1107134268339194
raw_predicted_pv,sampled_output,3.241611253882204
raw_predicted_pv,sampled_output,3.250113697182655
raw_predicted_pv,sampled_output,3.334307899294686
raw_predicted_pv,sampled_output,3.3379954177405233
raw_predicted_pv,sampled_output,3.3813266169181935
raw_predicted_pv,sampled_output,3.3974205921605467
raw_predicted_pv,sampled_output,3.436249298333305
raw_predicted_pv,sampled_output,3.4413079351151286
raw_predicted_pv,sampled_output,3.56030287421788
raw_predicted_pv,sampled_output,307.0027948090245
raw_predicted_pv,sampled_output,315.07715320529064
raw_predicted_pv,sampled_output,32.093105888906834
raw_predicted_pv,sampled_output,32.98243270026206
raw_predicted_pv,sampled_output,33.826422377092214
raw_predicted_pv,sampled_output,33.86471060210332
raw_predicted_pv,sampled_output,334.0015503809532
raw_predicted_pv,sampled_output,35.33106740369881
raw_predicted_pv,sampled_output,4.0048860110330535
raw_predicted_pv,sampled_output,4.265302208775551
raw_predicted_pv,sampled_output,4.317395284475363
raw_predicted_pv,sampled_output,4.57286000132946
raw_predicted_pv,sampled_output,4.806297342991789
raw_predicted_pv,sampled_output,4.945365887249298
raw_predicted_pv,sampled_output,4.98127086495888
raw_predicted_pv,sampled_output,5.184574073229479
raw_predicted_pv,sampled_output,5.425550162340278
raw_predicted_pv,sampled_output,5.562724937680397
raw_predicted_pv,sampled_output,5.710356783474646
raw_predicted_pv,sampled_output,5.7361068373847415
raw_predicted_pv,sampled_output,5.854301010028554
raw_predicted_pv,sampled_output,552.0052262677501
raw_predicted_pv,sampled_output,6.022895402892615
raw_predicted_pv,sampled_output,6.159593620092463
raw_predicted_pv,sampled_output,6.370258473137493
raw_predicted_pv,sampled_output,6.449801484607542
raw_predicted_pv,sampled_output,6.499204681733997
raw_predicted_pv,sampled_output,6.5041101000081705
raw_predicted_pv,sampled_output,6.914593752262923
raw_predicted_pv,sampled_output,651.3295601297004
raw_predicted_pv,sampled_output,7.458470791904613
raw_predicted_pv,sampled_output,7.517225044533751
raw_predicted_pv,sampled_output,7.877250826070059
raw_predicted_pv,sampled_output,751.6407472782753
raw_predicted_pv,sampled_output,8.104645051860134
raw_predicted_pv,sampled_output,8.257664818793753
raw_predicted_pv,sampled_output,8.267757134471099
raw_predicted_pv,sampled_output,837.3506904533892
raw_predicted_pv,sampled_output,888.318332257515
raw_predicted_pv,sampled_output,9.161045350991694
raw_predicted_pv,sampled_output,9.812775708200528
raw_predicted_pv,sampled_output,9.914448297815003
raw_predicted_pv,sampled_output,9.973598950756244
raw_predicted_pv,sampled_output,964.0150135161931
raw_predicted_pv,sampled_output,978.3825958317955
scalar_projected_pva,internal_profile,0.43915471746349466
scalar_projected_pva,internal_profile,0.9373705084904931
scalar_projected_pva,internal_profile,1.131613319018581
scalar_projected_pva,internal_profile,1.2792034877532004
scalar_projected_pva,internal_profile,1.376491042998106
scalar_projected_pva,internal_profile,1.4855931034919625
scalar_projected_pva,internal_profile,1.487180444286843
scalar_projected_pva,internal_profile,1.5833231539859831
scalar_projected_pva,internal_profile,1.9026908697696374
scalar_projected_pva,internal_profile,10.118421726437063
scalar_projected_pva,internal_profile,10.166509734817065
scalar_projected_pva,internal_profile,10.936794456770183
scalar_projected_pva,internal_profile,100.24359009939037
scalar_projected_pva,internal_profile,107.34414010472605
scalar_projected_pva,internal_profile,11.266472081027977
scalar_projected_pva,internal_profile,11.854018731252713
scalar_projected_pva,internal_profile,11.934326285691151
scalar_projected_pva,internal_profile,112.97002154548625
scalar_projected_pva,internal_profile,1138.1569563840953
scalar_projected_pva,internal_profile,12.085119706642683
scalar_projected_pva,internal_profile,1222.2762100213067
scalar_projected_pva,internal_profile,13.149415693717096
scalar_projected_pva,internal_profile,13.32582510282709
scalar_projected_pva,internal_profile,13.470954873667122
scalar_projected_pva,internal_profile,13.843216900004773
scalar_projected_pva,internal_profile,13.994883577190636
scalar_projected_pva,internal_profile,1342.4542283268183
scalar_projected_pva,internal_profile,14.424214136341885
scalar_projected_pva,internal_profile,1456.3871707819062
scalar_projected_pva,internal_profile,1485.4888856764248
scalar_projected_pva,internal_profile,15.491698549945985
scalar_projected_pva,internal_profile,151.3047262637768
scalar_projected_pva,internal_profile,157.7578837235386
scalar_projected_pva,internal_profile,16.385398152548316
scalar_projected_pva,internal_profile,16.818032357641858
scalar_projected_pva,internal_profile,17.601397544168623
scalar_projected_pva,internal_profile,18.125684488199024
scalar_projected_pva,internal_profile,181.28866108950672
scalar_projected_pva,internal_profile,19.726772842325932
scalar_projected_pva,internal_profile,2.063113010044754
scalar_projected_pva,internal_profile,2.1454173220106196
scalar_projected_pva,internal_profile,2.194945658298919
scalar_projected_pva,internal_profile,2.2363949556689944
scalar_projected_pva,internal_profile,2.347881876782285
scalar_projected_pva,internal_profile,2.882437604440351
scalar_projected_pva,internal_profile,203.7647877824747
scalar_projected_pva,internal_profile,207.6828668285006
scalar_projected_pva,internal_profile,208.86502317928733
scalar_projected_pva,internal_profile,21.7807611128741
scalar_projected_pva,internal_profile,22.222159332890772
scalar_projected_pva,internal_profile,23.833794181970568
scalar_projected_pva,internal_profile,230.67510835534102
scalar_projected_pva,internal_profile,244.40021336117962
scalar_projected_pva,internal_profile,25.738582469446087
scalar_projected_pva,internal_profile,263.9981953673624
scalar_projected_pva,internal_profile,274.45987412838065
scalar_projected_pva,internal_profile,276.72958657962704
scalar_projected_pva,internal_profile,3.09616820879699
scalar_projected_pva,internal_profile,3.2198793951611906
scalar_projected_pva,internal_profile,3.2732232153727296
scalar_projected_pva,internal_profile,3.794406796190171
scalar_projected_pva,internal_profile,3.8898216811126756
scalar_projected_pva,internal_profile,31.236969979085316
scalar_projected_pva,internal_profile,340.73383131249636
scalar_projected_pva,internal_profile,343.20835799618243
scalar_projected_pva,internal_profile,37.372176410941194
scalar_projected_pva,internal_profile,389.3697363888507
scalar_projected_pva,internal_profile,390.07768901725126
scalar_projected_pva,internal_profile,4.17471557960277
scalar_projected_pva,internal_profile,4.2838578705664565
scalar_projected_pva,internal_profile,4.429526578990596
scalar_projected_pva,internal_profile,4.430255455828517
scalar_projected_pva,internal_profile,4.625758048449965
scalar_projected_pva,internal_profile,4.841389525658516
scalar_projected_pva,internal_profile,4.86114311993374
scalar_projected_pva,internal_profile,4.929857032989949
scalar_projected_pva,internal_profile,4.983706439342695
scalar_projected_pva,internal_profile,41.10928609378389
scalar_projected_pva,internal_profile,42.59785399941504
scalar_projected_pva,internal_profile,451.69136568556814
scalar_projected_pva,internal_profile,46.37927686027862
scalar_projected_pva,internal_profile,48.11055986016996
scalar_projected_pva,internal_profile,48.50018173014278
scalar_projected_pva,internal_profile,48.63271244877452
scalar_projected_pva,internal_profile,49.63661393030345
scalar_projected_pva,internal_profile,5.197113238159218
scalar_projected_pva,internal_profile,5.543255056078185
scalar_projected_pva,internal_profile,5.750937702240949
scalar_projected_pva,internal_profile,50.12160193885699
scalar_projected_pva,internal_profile,50.30594149352868
scalar_projected_pva,internal_profile,509.8622513592249
scalar_projected_pva,internal_profile,51.12002036230924
scalar_projected_pva,internal_profile,51.49928648481948
scalar_projected_pva,internal_profile,52.27665740588022
scalar_projected_pva,internal_profile,53.379769854086284
scalar_projected_pva,internal_profile,58.54781213572167
scalar_projected_pva,internal_profile,598.6486362027471
scalar_projected_pva,internal_profile,6.31160011723319
scalar_projected_pva,internal_profile,6.4775241145611
scalar_projected_pva,internal_profile,615.8145711623561
scalar_projected_pva,internal_profile,66.46505230489436
scalar_projected_pva,internal_profile,66.71572754621612
scalar_projected_pva,internal_profile,67.1406793242748
scalar_projected_pva,internal_profile,7.148789943731894
scalar_projected_pva,internal_profile,7.181677860039702
scalar_projected_pva,internal_profile,7.521413940687398
scalar_projected_pva,internal_profile,7.785069315625727
scalar_projected_pva,internal_profile,7.846083714150826
scalar_projected_pva,internal_profile,70.81348919513471
scalar_projected_pva,internal_profile,72.15317363912699
scalar_projected_pva,internal_profile,73.99848371438361
scalar_projected_pva,internal_profile,77.51684960778624
scalar_projected_pva,internal_profile,8.389738729906375
scalar_projected_pva,internal_profile,8.839322038218281
scalar_projected_pva,internal_profile,84.68445025399734
scalar_projected_pva,internal_profile,9.559375818069427
scalar_projected_pva,internal_profile,91.51438668796291
scalar_projected_pva,internal_profile,912.0114791939327
scalar_projected_pva,internal_profile,95.97371141023905
scalar_projected_pva,internal_profile,97.07860446223002
scalar_projected_pva,sampled_output,0.4391547174634947
scalar_projected_pva,sampled_output,0.9373705084904932
scalar_projected_pva,sampled_output,1.131613319018581
scalar_projected_pva,sampled_output,1.2792034877532
scalar_projected_pva,sampled_output,1.3764910429981063
scalar_projected_pva,sampled_output,1.4855931034919625
scalar_projected_pva,sampled_output,1.487180444286843
scalar_projected_pva,sampled_output,1.5833231539859827
scalar_projected_pva,sampled_output,1.9026908697696374
scalar_projected_pva,sampled_output,10.118421726437063
scalar_projected_pva,sampled_output,10.166509734817065
scalar_projected_pva,sampled_output,10.936794456770183
scalar_projected_pva,sampled_output,100.24359009939036
scalar_projected_pva,sampled_output,107.34414010472605
scalar_projected_pva,sampled_output,11.266472081027977
scalar_projected_pva,sampled_output,11.854018731252713
scalar_projected_pva,sampled_output,11.934326285691155
scalar_projected_pva,sampled_output,112.97002154548625
scalar_projected_pva,sampled_output,1138.1569563840953
scalar_projected_pva,sampled_output,12.085119706642683
scalar_projected_pva,sampled_output,1222.2762100213067
scalar_projected_pva,sampled_output,13.149415693717096
scalar_projected_pva,sampled_output,13.325825102827093
scalar_projected_pva,sampled_output,13.47095487366712
scalar_projected_pva,sampled_output,13.843216900004784
scalar_projected_pva,sampled_output,13.994883577190633
scalar_projected_pva,sampled_output,1342.4542283268183
scalar_projected_pva,sampled_output,14.424214136341885
scalar_projected_pva,sampled_output,1456.3871707819062
scalar_projected_pva,sampled_output,1485.4888856764248
scalar_projected_pva,sampled_output,15.491698549945987
scalar_projected_pva,sampled_output,151.3047262637768
scalar_projected_pva,sampled_output,157.7578837235386
scalar_projected_pva,sampled_output,16.385398152548316
scalar_projected_pva,sampled_output,16.818032357641858
scalar_projected_pva,sampled_output,17.601397544168623
scalar_projected_pva,sampled_output,18.125684488199024
scalar_projected_pva,sampled_output,181.28866108950672
scalar_projected_pva,sampled_output,19.726772842325932
scalar_projected_pva,sampled_output,2.063113010044754
scalar_projected_pva,sampled_output,2.1454173220106196
scalar_projected_pva,sampled_output,2.194945658298919
scalar_projected_pva,sampled_output,2.2363949556689944
scalar_projected_pva,sampled_output,2.347881876782285
scalar_projected_pva,sampled_output,2.8824376044403506
scalar_projected_pva,sampled_output,203.76478778247474
scalar_projected_pva,sampled_output,207.68286682850058
scalar_projected_pva,sampled_output,208.8650231792873
scalar_projected_pva,sampled_output,21.7807611128741
scalar_projected_pva,sampled_output,22.222159332890772
scalar_projected_pva,sampled_output,23.83379418197058
scalar_projected_pva,sampled_output,230.67510835534102
scalar_projected_pva,sampled_output,244.4002133611796
scalar_projected_pva,sampled_output,25.73858246944609
scalar_projected_pva,sampled_output,263.9981953673624
scalar_projected_pva,sampled_output,274.45987412838065
scalar_projected_pva,sampled_output,276.72958657962704
scalar_projected_pva,sampled_output,3.09616820879699
scalar_projected_pva,sampled_output,3.21987939516119
scalar_projected_pva,sampled_output,3.273223215372728
scalar_projected_pva,sampled_output,3.7944067961901706
scalar_projected_pva,sampled_output,3.889821681112676
scalar_projected_pva,sampled_output,31.236969979085316
scalar_projected_pva,sampled_output,340.73383131249636
scalar_projected_pva,sampled_output,343.20835799618243
scalar_projected_pva,sampled_output,37.372176410941194
scalar_projected_pva,sampled_output,389.3697363888507
scalar_projected_pva,sampled_output,390.07768901725126
scalar_projected_pva,sampled_output,4.17471557960277
scalar_projected_pva,sampled_output,4.283857870566457
scalar_projected_pva,sampled_output,4.429526578990596
scalar_projected_pva,sampled_output,4.430255455828513
scalar_projected_pva,sampled_output,4.625758048449965
scalar_projected_pva,sampled_output,4.841389525658513
scalar_projected_pva,sampled_output,4.861143119933739
scalar_projected_pva,sampled_output,4.92985703298995
scalar_projected_pva,sampled_output,4.983706439342694
scalar_projected_pva,sampled_output,41.10928609378388
scalar_projected_pva,sampled_output,42.59785399941504
scalar_projected_pva,sampled_output,451.69136568556814
scalar_projected_pva,sampled_output,46.37927686027863
scalar_projected_pva,sampled_output,48.11055986016996
scalar_projected_pva,sampled_output,48.50018173014278
scalar_projected_pva,sampled_output,48.63271244877452
scalar_projected_pva,sampled_output,49.63661393030345
scalar_projected_pva,sampled_output,5.1971132381592176
scalar_projected_pva,sampled_output,5.543255056078185
scalar_projected_pva,sampled_output,5.750937702240949
scalar_projected_pva,sampled_output,50.121601938857
scalar_projected_pva,sampled_output,50.305941493528685
scalar_projected_pva,sampled_output,509.86225135922496
scalar_projected_pva,sampled_output,51.12002036230923
scalar_projected_pva,sampled_output,51.499286484819486
scalar_projected_pva,sampled_output,52.27665740588022
scalar_projected_pva,sampled_output,53.37976985408629
scalar_projected_pva,sampled_output,58.54781213572168
scalar_projected_pva,sampled_output,598.6486362027471
scalar_projected_pva,sampled_output,6.311600117233191
scalar_projected_pva,sampled_output,6.477524114561101
scalar_projected_pva,sampled_output,615.8145711623561
scalar_projected_pva,sampled_output,66.46505230489437
scalar_projected_pva,sampled_output,66.71572754621612
scalar_projected_pva,sampled_output,67.1406793242748
scalar_projected_pva,sampled_output,7.1487899437318925
scalar_projected_pva,sampled_output,7.181677860039702
scalar_projected_pva,sampled_output,7.521413940687398
scalar_projected_pva,sampled_output,7.7850693156257265
scalar_projected_pva,sampled_output,7.846083714150826
scalar_projected_pva,sampled_output,70.81348919513471
scalar_projected_pva,sampled_output,72.15317363912699
scalar_projected_pva,sampled_output,73.99848371438361
scalar_projected_pva,sampled_output,77.51684960778624
scalar_projected_pva,sampled_output,8.389738729906371
scalar_projected_pva,sampled_output,8.839322038218281
scalar_projected_pva,sampled_output,84.68445025399734
scalar_projected_pva,sampled_output,9.559375818069427
scalar_projected_pva,sampled_output,91.51438668796291
scalar_projected_pva,sampled_output,912.0114791939327
scalar_projected_pva,sampled_output,95.97371141023905
scalar_projected_pva,sampled_output,97.07860446223002
