method,estimator_p_rmse,posterior_lag_s,estimator_p99_us
alpha_beta_gamma_default,0.00010077880692931197,0.0,23.584
alpha_beta_gamma_default,0.00010143501247019909,0.0,23.491399999999995
alpha_beta_gamma_default,0.0001145631366606864,0.0,21.006760000000003
alpha_beta_gamma_default,0.00011844573800578467,0.0,21.072500000000005
alpha_beta_gamma_default,0.0001316754745671998,0.0,23.135119999999997
alpha_beta_gamma_default,0.00013197529591933723,0.0,20.6421
alpha_beta_gamma_default,0.0001424478646518701,0.0,20.78818
alpha_beta_gamma_default,0.00014515192004777318,0.0,23.458
alpha_beta_gamma_default,0.0001516029602514434,0.0,20.802049999999998
alpha_beta_gamma_default,0.00015426157832604202,0.0,22.053439999999988
alpha_beta_gamma_default,0.0001614885329850402,0.0,22.596559999999993
alpha_beta_gamma_default,0.00017081859897360847,0.0,22.173000000000002
alpha_beta_gamma_default,0.00018373467704638563,0.0,20.88328000000002
alpha_beta_gamma_default,0.00018650802956252023,0.0,23.816070000000003
alpha_beta_gamma_default,0.00018692094611345096,0.0,20.5775
alpha_beta_gamma_default,0.00019720168624400895,0.0,20.709
alpha_beta_gamma_default,0.00019792844518475266,0.0,22.480729999999998
alpha_beta_gamma_default,0.0002581451488868702,0.0,19.809840000000012
alpha_beta_gamma_default,0.0002691301659536582,0.0,22.455659999999995
alpha_beta_gamma_default,0.00027729573747641093,0.0,21.202680000000004
alpha_beta_gamma_default,0.00036329718842728875,0.0,20.66649
alpha_beta_gamma_default,0.000390264281623623,0.0,20.541029999999978
alpha_beta_gamma_default,0.00039435196899753215,0.0,19.73834000000001
alpha_beta_gamma_default,0.00039968619840654646,0.0,22.24048
alpha_beta_gamma_default,0.0004129318126988506,0.0,19.47932000000001
alpha_beta_gamma_default,0.00043311845457474,0.0,23.62626
alpha_beta_gamma_default,0.0004610990525062457,0.0,23.015159999999998
alpha_beta_gamma_default,0.0006000500712139531,0.0,23.80717
alpha_beta_gamma_default,0.0006255424456401081,0.0,23.55596
alpha_beta_gamma_default,0.0006278839749469102,0.0,19.671999999999983
alpha_beta_gamma_default,0.0006397694466255274,0.0,22.549080000000004
alpha_beta_gamma_default,0.000681466218360043,0.0,22.166199999999993
alpha_beta_gamma_default,0.0006852826952563161,0.0,20.955
alpha_beta_gamma_default,0.0007200377685913693,0.0,24.059630000000002
alpha_beta_gamma_default,0.0008642261831993701,0.0,23.26156
alpha_beta_gamma_default,0.0009175973135982908,0.0,20.208
alpha_beta_gamma_default,0.0009227067993675686,0.0,23.31939
alpha_beta_gamma_default,0.0009257003927234884,0.0,20.345479999999988
alpha_beta_gamma_default,0.001188586681828149,0.0,23.776889999999995
alpha_beta_gamma_default,0.0014155659069017767,0.0,20.956999999999994
alpha_beta_gamma_default,0.0015224288838214895,0.0,22.31717000000001
alpha_beta_gamma_default,0.0017112150010674297,0.0,22.966680000000004
alpha_beta_gamma_default,0.0017478817509218169,0.0,20.083600000000008
alpha_beta_gamma_default,0.0020444347378548804,0.0,22.360630000000004
alpha_beta_gamma_default,0.0024432650977315507,0.0,20.458109999999984
alpha_beta_gamma_default,0.00263020216797642,0.0,19.716499999999993
alpha_beta_gamma_default,0.002952277873175733,0.0,20.76643999999999
alpha_beta_gamma_default,0.0046875271599241645,0.0,22.43988
alpha_beta_gamma_default,1.913231890260561e-05,0.0,22.02956
alpha_beta_gamma_default,1.9550772809744818e-05,0.0,21.50396
alpha_beta_gamma_default,2.190465008027021e-05,0.0,23.143640000000005
alpha_beta_gamma_default,3.808088932367997e-05,0.0,22.260699999999993
alpha_beta_gamma_default,4.215426786592194e-05,0.0,30.929209999999998
alpha_beta_gamma_default,4.537637866585696e-05,0.0,20.893259999999998
alpha_beta_gamma_default,5.344128783168942e-05,0.0,21.398519999999998
alpha_beta_gamma_default,5.8712936758864966e-05,0.0,21.127280000000006
alpha_beta_gamma_default,8.035482741896956e-05,0.0,30.75
alpha_beta_gamma_default,8.454820452222688e-05,0.0,20.253320000000002
alpha_beta_gamma_default,8.778527305628357e-05,0.0,20.816899999999997
alpha_beta_gamma_default,8.953533260272714e-05,0.0,23.717630000000003
ca_kf_s0.0001_q10,0.0001427045491515219,0.0,31.260139999999964
ca_kf_s0.0001_q10,0.00016242740723963067,0.0,31.51643999999999
ca_kf_s0.0001_q10,0.00016679060748947763,0.0,31.69143
ca_kf_s0.0001_q10,0.00019955057745683403,0.0,32.56601999999997
ca_kf_s0.0001_q10,1.012896287293666e-05,0.0,34.667
ca_kf_s0.0001_q10,1.2175672320574607e-05,0.0,32.42249999999998
ca_kf_s0.0001_q10,1.3521053775407351e-05,0.0,31.523690000000002
ca_kf_s0.0001_q10,1.4045274916283488e-05,0.0,30.973380000000017
ca_kf_s0.0001_q10,1.4203442059484519e-05,0.0,31.92908
ca_kf_s0.0001_q10,1.4392539862454295e-05,0.0,32.37367
ca_kf_s0.0001_q10,1.8172381266435978e-06,0.0,35.963029999999954
ca_kf_s0.0001_q10,1.867427025087996e-05,0.0,32.183080000000004
ca_kf_s0.0001_q10,1.9051134026980658e-06,0.0,36.51092
ca_kf_s0.0001_q10,1.965670114712529e-05,0.0,32.544029999999964
ca_kf_s0.0001_q10,2.016286122015124e-06,0.0,32.291399999999996
ca_kf_s0.0001_q10,2.1000806015377755e-05,0.0,40.0
ca_kf_s0.0001_q10,2.1804186373202007e-05,0.0,32.182259999999985
ca_kf_s0.0001_q10,2.245947715039563e-05,0.0,33.97818000000001
ca_kf_s0.0001_q10,2.3198187105098885e-05,0.0,31.975179999999984
ca_kf_s0.0001_q10,2.338047956821497e-06,0.0,32.24025999999999
ca_kf_s0.0001_q10,2.973961137110013e-06,0.0,40.435500000000005
ca_kf_s0.0001_q10,2.9987175934339484e-05,0.0,32.51599999999999
ca_kf_s0.0001_q10,3.147854169009086e-05,0.0,31.645750000000007
ca_kf_s0.0001_q10,3.1573632687213313e-05,0.0,32.498090000000005
ca_kf_s0.0001_q10,3.158982483406931e-05,0.0,32.38512
ca_kf_s0.0001_q10,3.2462114388887855e-06,0.0,31.868279999999995
ca_kf_s0.0001_q10,3.3915357433301825e-05,0.0,33.16424999999999
ca_kf_s0.0001_q10,3.407283119330322e-07,0.0,33.42096
ca_kf_s0.0001_q10,3.425969862911129e-05,0.0,33.040749999999996
ca_kf_s0.0001_q10,3.626599227615817e-05,0.0,32.39306
ca_kf_s0.0001_q10,3.8488137199782333e-07,0.0,32.970000000000006
ca_kf_s0.0001_q10,3.978706905463721e-06,0.0,32.2538
ca_kf_s0.0001_q10,4.052350523888889e-05,0.0,32.012330000000006
ca_kf_s0.0001_q10,4.279435099593568e-05,0.0,32.09348
ca_kf_s0.0001_q10,4.338084634418492e-06,0.0,40.213
ca_kf_s0.0001_q10,4.450128214963579e-06,0.0,33.02674999999998
ca_kf_s0.0001_q10,4.605689358310216e-05,0.0,33.396
ca_kf_s0.0001_q10,4.6456523330119274e-05,0.0,30.683989999999984
ca_kf_s0.0001_q10,5.104990266013133e-06,0.0,32.22012000000001
ca_kf_s0.0001_q10,5.111203430234926e-06,0.0,31.39566000000001
ca_kf_s0.0001_q10,5.143873315529931e-05,0.0,34.544499999999964
ca_kf_s0.0001_q10,5.515727903654369e-06,0.0,33.64324000000001
ca_kf_s0.0001_q10,5.813091644948631e-06,0.0,40.334
ca_kf_s0.0001_q10,6.101908796538794e-06,0.0,40.41125
ca_kf_s0.0001_q10,6.652968388455829e-07,0.0,32.6229
ca_kf_s0.0001_q10,7.131821031454669e-05,0.0,32.958580000000005
ca_kf_s0.0001_q10,7.678046094902324e-06,0.0,32.31424999999998
ca_kf_s0.0001_q10,7.831619746305519e-06,0.0,32.34500000000003
ca_kf_s0.0001_q10,8.154972422778247e-05,0.0,32.48320000000002
ca_kf_s0.0001_q10,8.242658390372847e-05,0.0,32.05012
ca_kf_s0.0001_q10,8.288378744595466e-06,0.0,31.80512
ca_kf_s0.0001_q10,8.415838021672124e-05,0.0,32.628
ca_kf_s0.0001_q10,8.726105114664698e-06,0.0,32.334999999999994
ca_kf_s0.0001_q10,9.308084400807391e-06,0.0,33.415000000000006
ca_kf_s0.0001_q10,9.349197230589425e-06,0.0,35.80344
ca_kf_s0.0001_q10,9.356741282875682e-06,0.0,33.45464000000001
ca_kf_s0.0001_q10,9.392148354522507e-06,0.0,33.8275
ca_kf_s0.0001_q10,9.811934182129372e-07,0.0,32.57788
ca_kf_s0.0001_q10,9.887730078267571e-06,0.0,32.90999999999997
ca_kf_s0.0001_q10,9.959053589281474e-06,0.0,32.42227999999998
ca_kf_s0.0001_q100,1.0030858896559329e-05,0.0,31.69771999999999
ca_kf_s0.0001_q100,1.0054092578778948e-05,0.0,40.901559999999996
ca_kf_s0.0001_q100,1.0108402889162226e-06,0.0,33.08468
ca_kf_s0.0001_q100,1.0233045968211804e-06,0.0,31.885199999999994
ca_kf_s0.0001_q100,1.0624448691867617e-05,0.0,36.979
ca_kf_s0.0001_q100,1.0716934546699774e-05,0.0,31.97124999999997
ca_kf_s0.0001_q100,1.1272852661646235e-06,0.0,33.35782999999999
ca_kf_s0.0001_q100,1.175249007237792e-06,0.0,34.42116000000001
ca_kf_s0.0001_q100,1.3298682054832184e-05,0.0,33.54042
ca_kf_s0.0001_q100,1.353266521811865e-06,0.0,33.50802999999997
ca_kf_s0.0001_q100,1.361617361691719e-06,0.0,139.96684000000025
ca_kf_s0.0001_q100,1.4303961874916234e-06,0.0,32.337040000000016
ca_kf_s0.0001_q100,1.6446919385849842e-05,0.0,32.99833
ca_kf_s0.0001_q100,1.6468368002334176e-06,0.0,32.041399999999996
ca_kf_s0.0001_q100,1.7278685812671328e-05,0.0,32.49624999999998
ca_kf_s0.0001_q100,1.7657413744137754e-06,0.0,30.76034999999999
ca_kf_s0.0001_q100,1.8440127447257847e-06,0.0,32.88432000000001
ca_kf_s0.0001_q100,1.9357101607818392e-05,0.0,32.28185999999999
ca_kf_s0.0001_q100,1.995109705332062e-06,0.0,33.37844
ca_kf_s0.0001_q100,2.0890086593867857e-06,0.0,32.942359999999994
ca_kf_s0.0001_q100,2.1192868866297178e-05,0.0,40.43144
ca_kf_s0.0001_q100,2.1254861009849017e-05,0.0,32.470400000000005
ca_kf_s0.0001_q100,2.1404552169053264e-06,0.0,31.557720000000042
ca_kf_s0.0001_q100,2.1570354402482104e-06,0.0,33.75782000000001
ca_kf_s0.0001_q100,2.1663246663973726e-06,0.0,33.96846
ca_kf_s0.0001_q100,2.283885869174876e-07,0.0,32.258680000000005
ca_kf_s0.0001_q100,2.2995490827377006e-06,0.0,32.404759999999996
ca_kf_s0.0001_q100,2.3055653812652243e-06,0.0,31.178599999999985
ca_kf_s0.0001_q100,2.4086132512107443e-06,0.0,33.13156
ca_kf_s0.0001_q100,2.4813789064762697e-06,0.0,33.17344
ca_kf_s0.0001_q100,3.160635448151641e-06,0.0,32.73738
ca_kf_s0.0001_q100,3.1790859829949926e-06,0.0,33.26812
ca_kf_s0.0001_q100,3.203166807343207e-07,0.0,30.47223
ca_kf_s0.0001_q100,3.2300566142904236e-06,0.0,34.49594000000001
ca_kf_s0.0001_q100,3.321974011795373e-06,0.0,34.251919999999984
ca_kf_s0.0001_q100,3.5572477790106034e-05,0.0,40.725429999999996
ca_kf_s0.0001_q100,3.5832483151575486e-07,0.0,33.53972000000001
ca_kf_s0.0001_q100,3.884612569316246e-05,0.0,32.16634
ca_kf_s0.0001_q100,3.885656083159555e-05,0.0,33.042
ca_kf_s0.0001_q100,4.530525951703785e-06,0.0,32.740339999999996
ca_kf_s0.0001_q100,4.767968051387197e-05,0.0,32.67727999999999
ca_kf_s0.0001_q100,4.956387611676807e-06,0.0,32.4975
ca_kf_s0.0001_q100,5.029070818826174e-06,0.0,32.383759999999995
ca_kf_s0.0001_q100,5.076210865254159e-06,0.0,31.599840000000004
ca_kf_s0.0001_q100,5.136852797916022e-06,0.0,33.164500000000004
ca_kf_s0.0001_q100,5.327774187396913e-06,0.0,32.45336000000001
ca_kf_s0.0001_q100,5.35247142357969e-06,0.0,34.09507
ca_kf_s0.0001_q100,5.478422257869922e-07,0.0,32.13295999999998
ca_kf_s0.0001_q100,5.5902049860296186e-06,0.0,40.92875
ca_kf_s0.0001_q100,6.232761798984498e-07,0.0,33.3604
ca_kf_s0.0001_q100,6.793333714427187e-06,0.0,32.417
ca_kf_s0.0001_q100,6.839330146371034e-07,0.0,30.86703
ca_kf_s0.0001_q100,7.257056105085178e-06,0.0,41.32171000000001
ca_kf_s0.0001_q100,7.33359141218822e-06,0.0,40.334
ca_kf_s0.0001_q100,7.588929788997777e-05,0.0,32.85688
ca_kf_s0.0001_q100,7.869767824048534e-06,0.0,32.8836
ca_kf_s0.0001_q100,7.874810671365414e-07,0.0,32.33975999999998
ca_kf_s0.0001_q100,8.152913525920338e-06,0.0,40.441559999999996
ca_kf_s0.0001_q100,8.3746458775035e-06,0.0,31.768060000000002
ca_kf_s0.0001_q100,9.571800124824227e-06,0.0,33.30538
ca_kf_s0.0001_q1000,1.0220596655643817e-05,0.0,34.39061999999999
ca_kf_s0.0001_q1000,1.0617487756024362e-06,0.0,32.38701999999998
ca_kf_s0.0001_q1000,1.0764653868227197e-06,0.0,33.87164
ca_kf_s0.0001_q1000,1.0946037241133068e-07,0.0,31.835759999999972
ca_kf_s0.0001_q1000,1.113870011624659e-06,0.0,32.00492000000001
ca_kf_s0.0001_q1000,1.1855380100161533e-05,0.0,31.53942999999999
ca_kf_s0.0001_q1000,1.213433606850991e-06,0.0,33.125
ca_kf_s0.0001_q1000,1.2151888575569732e-05,0.0,31.932259999999985
ca_kf_s0.0001_q1000,1.3549985051602107e-07,0.0,31.330000000000013
ca_kf_s0.0001_q1000,1.4390926057588603e-06,0.0,32.02562
ca_kf_s0.0001_q1000,1.4502338796955862e-05,0.0,33.5725
ca_kf_s0.0001_q1000,1.450770196265266e-05,0.0,32.46852999999998
ca_kf_s0.0001_q1000,1.4880134719677413e-06,0.0,40.4254
ca_kf_s0.0001_q1000,1.5465878713860625e-06,0.0,31.504370000000005
ca_kf_s0.0001_q1000,1.5910914822892154e-07,0.0,40.19499999999999
ca_kf_s0.0001_q1000,1.6619664170038773e-06,0.0,32.84518
ca_kf_s0.0001_q1000,1.7081358146513382e-06,0.0,32.63875
ca_kf_s0.0001_q1000,1.9622292859947426e-06,0.0,31.08739999999999
ca_kf_s0.0001_q1000,2.014589017681665e-07,0.0,31.96064
ca_kf_s0.0001_q1000,2.0272937621191221e-07,0.0,33.12049999999999
ca_kf_s0.0001_q1000,2.0276459960408146e-06,0.0,32.16521
ca_kf_s0.0001_q1000,2.1070219052800995e-06,0.0,31.1455
ca_kf_s0.0001_q1000,2.1253618649845654e-06,0.0,31.140239999999967
ca_kf_s0.0001_q1000,2.3282700601235402e-07,0.0,32.402570000000004
ca_kf_s0.0001_q1000,2.574831214534018e-06,0.0,40.435120000000005
ca_kf_s0.0001_q1000,2.6865089120449475e-06,0.0,31.928519999999995
ca_kf_s0.0001_q1000,2.7281596569965525e-07,0.0,31.457920000000016
ca_kf_s0.0001_q1000,2.8584407111931096e-07,0.0,33.26018000000002
ca_kf_s0.0001_q1000,2.930905703034495e-07,0.0,33.66848
ca_kf_s0.0001_q1000,3.2673117037921743e-06,0.0,31.61458000000001
ca_kf_s0.0001_q1000,3.278843406416739e-07,0.0,33.05600000000002
ca_kf_s0.0001_q1000,3.407362158017058e-06,0.0,32.64159999999997
ca_kf_s0.0001_q1000,3.4982480861549926e-07,0.0,35.45015
ca_kf_s0.0001_q1000,3.5899021005413334e-06,0.0,33.084
ca_kf_s0.0001_q1000,3.6728916718160015e-06,0.0,31.22044
ca_kf_s0.0001_q1000,3.713369822229531e-07,0.0,32.31575000000001
ca_kf_s0.0001_q1000,3.7312341884681397e-06,0.0,30.85192
ca_kf_s0.0001_q1000,4.2129539950466004e-07,0.0,33.16421999999999
ca_kf_s0.0001_q1000,4.2405248356107933e-07,0.0,35.21356000000001
ca_kf_s0.0001_q1000,4.276714738607599e-07,0.0,31.78218000000001
ca_kf_s0.0001_q1000,4.2963373925037937e-07,0.0,33.11919
ca_kf_s0.0001_q1000,4.3941441177747495e-06,0.0,31.80127
ca_kf_s0.0001_q1000,4.549653662153121e-08,0.0,32.26444
ca_kf_s0.0001_q1000,4.56291618762281e-07,0.0,33.43199999999999
ca_kf_s0.0001_q1000,4.890827488904597e-07,0.0,32.013279999999995
ca_kf_s0.0001_q1000,5.171786356729091e-07,0.0,33.504439999999995
ca_kf_s0.0001_q1000,5.701987071239593e-07,0.0,39.98059999999998
ca_kf_s0.0001_q1000,6.123626022689378e-07,0.0,32.983999999999995
ca_kf_s0.0001_q1000,6.399348832648057e-07,0.0,31.750560000000004
ca_kf_s0.0001_q1000,6.645808493071939e-07,0.0,33.14658
ca_kf_s0.0001_q1000,6.66983634784258e-07,0.0,32.4075
ca_kf_s0.0001_q1000,6.973450001363243e-05,0.0,32.216239999999964
ca_kf_s0.0001_q1000,7.344461361562922e-06,0.0,32.922880000000006
ca_kf_s0.0001_q1000,7.715993697048362e-06,0.0,33.11625
ca_kf_s0.0001_q1000,8.60887741863068e-06,0.0,32.733700000000006
ca_kf_s0.0001_q1000,8.983598359463327e-07,0.0,34.17299999999997
ca_kf_s0.0001_q1000,9.046453387725735e-06,0.0,32.22393999999999
ca_kf_s0.0001_q1000,9.626831953750424e-06,0.0,35.09552999999999
ca_kf_s0.0001_q1000,9.974944546488965e-07,0.0,32.233019999999975
ca_kf_s0.0001_q1000,9.976588422038495e-07,0.0,31.513410000000007
ca_kf_s0.01_q10,0.00015855737335287247,0.0,33.03456
ca_kf_s0.01_q10,0.00017467572548565715,0.0,32.531549999999996
ca_kf_s0.01_q10,0.0001921344659939894,0.0,32.002159999999996
ca_kf_s0.01_q10,0.00028576066245112523,0.0,32.400239999999975
ca_kf_s0.01_q10,0.00036881811728176593,0.0,33.03877999999997
ca_kf_s0.01_q10,0.0003689357389761392,0.0,31.496279999999945
ca_kf_s0.01_q10,0.00040836390458037243,0.0,33.1935
ca_kf_s0.01_q10,0.00045788670759259434,0.0,30.841199999999983
ca_kf_s0.01_q10,0.0005010618927428663,0.0,36.360060000000004
ca_kf_s0.01_q10,0.0006036900710894417,0.0,32.037699999999994
ca_kf_s0.01_q10,0.0006987781576796278,0.0,32.71896000000001
ca_kf_s0.01_q10,0.0007173221578446605,0.0,35.518
ca_kf_s0.01_q10,0.0007399451494918882,0.0,33.10259
ca_kf_s0.01_q10,0.0007544720026569892,0.0,34.37114999999999
ca_kf_s0.01_q10,0.0007837067322855717,0.0,33.00788000000001
ca_kf_s0.01_q10,0.0008000693978431261,0.0,33.393559999999994
ca_kf_s0.01_q10,0.0008083900196448148,0.0,34.352999999999994
ca_kf_s0.01_q10,0.0008511064119026993,0.0,35.876419999999996
ca_kf_s0.01_q10,0.0008695286990239118,0.0,33.65184
ca_kf_s0.01_q10,0.0009004122121910914,0.0,32.583
ca_kf_s0.01_q10,0.0009627980015711494,0.0,33.92143000000002
ca_kf_s0.01_q10,0.001199362819219067,0.0,32.56155999999999
ca_kf_s0.01_q10,0.001293318591595776,0.0,32.469049999999996
ca_kf_s0.01_q10,0.0013361026047260204,0.0,34.322500000000005
ca_kf_s0.01_q10,0.0013398260223860003,0.0,32.49846
ca_kf_s0.01_q10,0.0013907162787390986,0.0,33.44622999999999
ca_kf_s0.01_q10,0.0014899820905783102,0.0,34.860000000000014
ca_kf_s0.01_q10,0.0015735256370844114,0.0,32.343440000000015
ca_kf_s0.01_q10,0.0016287380628679652,0.0,33.94
ca_kf_s0.01_q10,0.0019725943974264336,0.0,31.10286
ca_kf_s0.01_q10,0.002200883225799358,0.0,32.042
ca_kf_s0.01_q10,0.0022714664822472853,0.0,32.76659999999999
ca_kf_s0.01_q10,0.002365824833342384,0.0,32.41781000000001
ca_kf_s0.01_q10,0.0024659153993338958,0.0,33.043040000000005
ca_kf_s0.01_q10,0.002474538932965513,0.0,33.33375
ca_kf_s0.01_q10,0.0024827953452874092,0.0,34.49832
ca_kf_s0.01_q10,0.002522926160996069,0.0,36.08267
ca_kf_s0.01_q10,0.0029637163339182033,0.0,34.176999999999964
ca_kf_s0.01_q10,0.0030305499769302897,0.0,35.63928
ca_kf_s0.01_q10,0.003190755585162853,0.0,32.36147999999998
ca_kf_s0.01_q10,0.0033252008228468956,0.0,32.95383999999999
ca_kf_s0.01_q10,0.0046260922075933904,0.0,31.753460000000004
ca_kf_s0.01_q10,0.004660383503482659,0.0,31.74358000000001
ca_kf_s0.01_q10,0.005125393114254641,0.0,34.37556
ca_kf_s0.01_q10,0.005287025253980577,0.0,33.58008
ca_kf_s0.01_q10,0.005666095662184481,0.0,35.19996
ca_kf_s0.01_q10,0.005908289189651858,0.0,35.03656
ca_kf_s0.01_q10,0.005953226244021255,0.0,33.108000000000004
ca_kf_s0.01_q10,0.006411117643767691,0.0,32.48438999999999
ca_kf_s0.01_q10,0.006436572631793253,0.0,32.5625
ca_kf_s0.01_q10,0.006469573558677394,0.0,32.582019999999964
ca_kf_s0.01_q10,0.006678349611725775,0.0,31.260529999999985
ca_kf_s0.01_q10,0.008485735497009034,0.0,33.09485999999999
ca_kf_s0.01_q10,0.008936796526303083,0.0,32.18443
ca_kf_s0.01_q10,0.009167492492801011,0.0,33.985440000000004
ca_kf_s0.01_q10,0.010463703301248174,0.0,33.5845
ca_kf_s0.01_q10,0.011164029763546053,0.0,33.227749999999986
ca_kf_s0.01_q10,0.020506428993643487,0.0,32.14123999999999
ca_kf_s0.01_q10,8.965359341651885e-05,0.0,34.94452
ca_kf_s0.01_q10,9.999252103029257e-05,0.0,32.268640000000005
ca_kf_s0.01_q100,0.00010915901672214418,0.0,34.27675999999999
ca_kf_s0.01_q100,0.0001141152980094923,0.0,32.182759999999966
ca_kf_s0.01_q100,0.00012200312369668236,0.0,34.50384999999998
ca_kf_s0.01_q100,0.00013458536809064894,0.0,33.92921
ca_kf_s0.01_q100,0.00014924138880703379,0.0,33.39181
ca_kf_s0.01_q100,0.00021354161804062143,0.0,32.724680000000006
ca_kf_s0.01_q100,0.00022377385702170791,0.0,33.054049999999975
ca_kf_s0.01_q100,0.0002451697748510053,0.0,32.808080000000004
ca_kf_s0.01_q100,0.0002572604505303271,0.0,33.21693999999997
ca_kf_s0.01_q100,0.00025730662477762125,0.0,33.62325000000001
ca_kf_s0.01_q100,0.00027828678683381955,0.0,32.41632
ca_kf_s0.01_q100,0.0002783867756369562,0.0,33.21316000000001
ca_kf_s0.01_q100,0.00028459079677030163,0.0,33.34728
ca_kf_s0.01_q100,0.00028629325893003965,0.0,33.287130000000005
ca_kf_s0.01_q100,0.0002965574900131703,0.0,33.466219999999964
ca_kf_s0.01_q100,0.00029793028381093094,0.0,33.362500000000026
ca_kf_s0.01_q100,0.0003212793766958614,0.0,32.32479999999998
ca_kf_s0.01_q100,0.000385300826048922,0.0,32.0894
ca_kf_s0.01_q100,0.0003887962248008059,0.0,34.83
ca_kf_s0.01_q100,0.00042163840544957144,0.0,32.91679999999999
ca_kf_s0.01_q100,0.0004384236879599791,0.0,40.75
ca_kf_s0.01_q100,0.0004391776398674601,0.0,33.25
ca_kf_s0.01_q100,0.0004603943371245375,0.0,31.220479999999988
ca_kf_s0.01_q100,0.00046768699597589576,0.0,32.95700000000001
ca_kf_s0.01_q100,0.0005263394482931124,0.0,32.701840000000004
ca_kf_s0.01_q100,0.0005466744338664908,0.0,33.63136
ca_kf_s0.01_q100,0.000570979967728405,0.0,32.28441999999999
ca_kf_s0.01_q100,0.0006300628757760937,0.0,33.708
ca_kf_s0.01_q100,0.000704776685201024,0.0,33.33944
ca_kf_s0.01_q100,0.0008002318425336274,0.0,35.5155
ca_kf_s0.01_q100,0.0008315545344633236,0.0,32.291160000000005
ca_kf_s0.01_q100,0.0009401626057919154,0.0,32.58471999999998
ca_kf_s0.01_q100,0.0009966460303384383,0.0,33.518
ca_kf_s0.01_q100,0.0010295457345773618,0.0,40.669489999999996
ca_kf_s0.01_q100,0.0010431798908084298,0.0,34.268080000000005
ca_kf_s0.01_q100,0.0010631981221084867,0.0,32.54512
ca_kf_s0.01_q100,0.0010857625142019103,0.0,33.00308999999999
ca_kf_s0.01_q100,0.0011268289003128482,0.0,33.5355
ca_kf_s0.01_q100,0.0011988100683285484,0.0,32.65839999999999
ca_kf_s0.01_q100,0.0014947678739111283,0.0,33.10329
ca_kf_s0.01_q100,0.0015547423059042293,0.0,34.48267
ca_kf_s0.01_q100,0.0016844180915360487,0.0,32.39949
ca_kf_s0.01_q100,0.0019965008074308882,0.0,34.61205999999999
ca_kf_s0.01_q100,0.0020435475901418327,0.0,33.88844
ca_kf_s0.01_q100,0.002135026412487492,0.0,34.4795
ca_kf_s0.01_q100,0.002150204505928296,0.0,36.41471999999998
ca_kf_s0.01_q100,0.0023955720276830003,0.0,33.44551000000001
ca_kf_s0.01_q100,0.002812749523232121,0.0,33.0
ca_kf_s0.01_q100,0.0028785444422143027,0.0,33.499579999999995
ca_kf_s0.01_q100,0.002987837035240503,0.0,32.733200000000004
ca_kf_s0.01_q100,0.003400058303459411,0.0,32.62813999999998
ca_kf_s0.01_q100,0.003450541027986913,0.0,32.19238999999999
ca_kf_s0.01_q100,0.0035343084853033985,0.0,33.34987000000001
ca_kf_s0.01_q100,0.004019593835730629,0.0,32.21613999999998
ca_kf_s0.01_q100,0.004218919208152404,0.0,32.417
ca_kf_s0.01_q100,0.004302912835728757,0.0,33.216759999999994
ca_kf_s0.01_q100,0.01443798592714096,0.0,33.35023999999999
ca_kf_s0.01_q100,4.834878106491386e-05,0.0,33.098440000000004
ca_kf_s0.01_q100,6.271275306372666e-05,0.0,35.96196
ca_kf_s0.01_q100,6.97707657718558e-05,0.0,35.24056000000002
ca_kf_s0.01_q1000,0.00010420321605986532,0.0,31.448279999999986
ca_kf_s0.01_q1000,0.00011048782468889835,0.0,31.168599999999987
ca_kf_s0.01_q1000,0.000127569990495504,0.0,32.680440000000004
ca_kf_s0.01_q1000,0.0001312785540378137,0.0,32.14668000000002
ca_kf_s0.01_q1000,0.00013154953586530892,0.0,39.324190000000016
ca_kf_s0.01_q1000,0.00013399698850545305,0.0,34.01212000000001
ca_kf_s0.01_q1000,0.00013873420588359536,0.0,32.47124999999997
ca_kf_s0.01_q1000,0.00015383236184281915,0.0,35.61443999999998
ca_kf_s0.01_q1000,0.0001713449678839594,0.0,33.45125
ca_kf_s0.01_q1000,0.00018289854372845147,0.0,40.854839999999996
ca_kf_s0.01_q1000,0.00018508226151847418,0.0,32.47368000000001
ca_kf_s0.01_q1000,0.0001925857294896745,0.0,31.9838
ca_kf_s0.01_q1000,0.000202103366519572,0.0,31.8155
ca_kf_s0.01_q1000,0.00025186071429854237,0.0,33.1001
ca_kf_s0.01_q1000,0.0002710276450678402,0.0,40.206830000000004
ca_kf_s0.01_q1000,0.00027758259696149685,0.0,31.96597
ca_kf_s0.01_q1000,0.0002778261458695522,0.0,32.127140000000004
ca_kf_s0.01_q1000,0.00030628740272396266,0.0,31.536239999999967
ca_kf_s0.01_q1000,0.0003247957572568055,0.0,33.662569999999995
ca_kf_s0.01_q1000,0.0003264519425955536,0.0,31.89012
ca_kf_s0.01_q1000,0.00037711122594746827,0.0,33.459
ca_kf_s0.01_q1000,0.00044334393741696557,0.0,32.45125
ca_kf_s0.01_q1000,0.00045747721684023535,0.0,32.95196
ca_kf_s0.01_q1000,0.0004676877675249361,0.0,34.794830000000005
ca_kf_s0.01_q1000,0.0005058034643673977,0.0,30.24412
ca_kf_s0.01_q1000,0.0005132120542480488,0.0,32.26675
ca_kf_s0.01_q1000,0.0005633074179408088,0.0,32.06867999999999
ca_kf_s0.01_q1000,0.0005889875082667824,0.0,33.375
ca_kf_s0.01_q1000,0.0006098482190217311,0.0,32.20019999999999
ca_kf_s0.01_q1000,0.0006433217251565553,0.0,42.896
ca_kf_s0.01_q1000,0.0006485793868846893,0.0,33.36826999999999
ca_kf_s0.01_q1000,0.0006551739276967302,0.0,33.608
ca_kf_s0.01_q1000,0.0009512970526955733,0.0,31.83316
ca_kf_s0.01_q1000,0.0011750077458017446,0.0,33.822059999999986
ca_kf_s0.01_q1000,0.0014312302301563449,0.0,35.24882999999999
ca_kf_s0.01_q1000,0.0014479198597267225,0.0,33.19656
ca_kf_s0.01_q1000,0.0014644214258350576,0.0,32.98075000000001
ca_kf_s0.01_q1000,0.001578161517752578,0.0,32.33750000000001
ca_kf_s0.01_q1000,0.0017311550907638648,0.0,33.38214
ca_kf_s0.01_q1000,0.001906846554357592,0.0,33.16625
ca_kf_s0.01_q1000,0.001913726293929021,0.0,31.960519999999995
ca_kf_s0.01_q1000,0.0019332860542308266,0.0,31.625
ca_kf_s0.01_q1000,0.002151522535623562,0.0,32.90292999999999
ca_kf_s0.01_q1000,0.008735380726694324,0.0,31.66175999999999
ca_kf_s0.01_q1000,1.4065791899180274e-05,0.0,30.708679999999998
ca_kf_s0.01_q1000,3.3461345164887514e-05,0.0,32.83697999999999
ca_kf_s0.01_q1000,3.6338274798342904e-05,0.0,32.04676
ca_kf_s0.01_q1000,3.7506316861522355e-05,0.0,33.66848
ca_kf_s0.01_q1000,4.1819527910317105e-05,0.0,31.891360000000013
ca_kf_s0.01_q1000,4.279443068491635e-05,0.0,34.19859000000004
ca_kf_s0.01_q1000,6.219359267802288e-05,0.0,40.795320000000004
ca_kf_s0.01_q1000,6.407314395051142e-05,0.0,33.31064999999999
ca_kf_s0.01_q1000,7.29572665794348e-05,0.0,33.46874999999999
ca_kf_s0.01_q1000,7.361623416955391e-05,0.0,39.192680000000074
ca_kf_s0.01_q1000,7.840528224911478e-05,0.0,40.333
ca_kf_s0.01_q1000,8.065890569224576e-05,0.0,34.64671
ca_kf_s0.01_q1000,8.737254509145734e-05,0.0,40.292
ca_kf_s0.01_q1000,9.37038193190241e-05,0.0,32.117
ca_kf_s0.01_q1000,9.528867923334531e-05,0.0,32.10232
ca_kf_s0.01_q1000,9.914554288527219e-05,0.0,31.732219999999973
ca_kf_s1e-06_q10,1.048358060575947e-08,0.0,31.25499999999998
ca_kf_s1e-06_q10,1.105698027433111e-09,0.0,32.65921999999998
ca_kf_s1e-06_q10,1.1226730138959024e-08,0.0,36.42727
ca_kf_s1e-06_q10,1.2475848720474605e-08,0.0,32.556250000000006
ca_kf_s1e-06_q10,1.2524306068204953e-08,0.0,33.67538000000001
ca_kf_s1e-06_q10,1.2658800557867956e-10,0.0,33.5348
ca_kf_s1e-06_q10,1.2851132955636965e-07,0.0,31.558069999999965
ca_kf_s1e-06_q10,1.3227267201316442e-08,0.0,32.75641999999999
ca_kf_s1e-06_q10,1.4528429977862934e-07,0.0,34.208
ca_kf_s1e-06_q10,1.5090820522846556e-07,0.0,31.923070000000003
ca_kf_s1e-06_q10,1.7463789051171566e-08,0.0,31.968120000000024
ca_kf_s1e-06_q10,1.7589504149923705e-08,0.0,33.24602999999999
ca_kf_s1e-06_q10,1.7932567679969928e-07,0.0,31.603979999999982
ca_kf_s1e-06_q10,1.8323286596118352e-08,0.0,32.275119999999966
ca_kf_s1e-06_q10,1.953306840025223e-08,0.0,36.127489999999995
ca_kf_s1e-06_q10,1.9714972367487377e-08,0.0,32.185410000000005
ca_kf_s1e-06_q10,2.0791870138954822e-08,0.0,35.544819999999994
ca_kf_s1e-06_q10,2.1289368179035767e-09,0.0,32.747999999999976
ca_kf_s1e-06_q10,2.131192423738058e-08,0.0,30.471140000000002
ca_kf_s1e-06_q10,2.292133903789645e-08,0.0,30.766160000000013
ca_kf_s1e-06_q10,2.6518973090328366e-09,0.0,33.64109000000002
ca_kf_s1e-06_q10,2.664248587161034e-08,0.0,35.67860999999999
ca_kf_s1e-06_q10,2.6722607642913082e-08,0.0,33.6834
ca_kf_s1e-06_q10,2.805602602563498e-08,0.0,32.982879999999994
ca_kf_s1e-06_q10,2.817697789830182e-08,0.0,35.899330000000006
ca_kf_s1e-06_q10,2.8233692308240915e-08,0.0,32.01017
ca_kf_s1e-06_q10,2.834453195225991e-08,0.0,34.88878
ca_kf_s1e-06_q10,3.1895053315985585e-09,0.0,40.77099999999999
ca_kf_s1e-06_q10,3.2554537898541786e-08,0.0,32.22606
ca_kf_s1e-06_q10,3.617404471695679e-08,0.0,35.12988
ca_kf_s1e-06_q10,3.6660680522028884e-09,0.0,32.775199999999984
ca_kf_s1e-06_q10,3.813177248750318e-08,0.0,36.60204
ca_kf_s1e-06_q10,3.925221136410475e-09,0.0,32.307680000000005
ca_kf_s1e-06_q10,3.967637658851007e-09,0.0,33.27454999999999
ca_kf_s1e-06_q10,4.125240802977156e-08,0.0,36.4585
ca_kf_s1e-06_q10,4.1611282100579404e-08,0.0,33.978509999999986
ca_kf_s1e-06_q10,4.1652242527687794e-08,0.0,31.69649999999999
ca_kf_s1e-06_q10,4.238677594042067e-08,0.0,33.167
ca_kf_s1e-06_q10,4.480708643258718e-09,0.0,33.42375
ca_kf_s1e-06_q10,4.556656294232901e-09,0.0,30.766840000000013
ca_kf_s1e-06_q10,5.3798944363639726e-09,0.0,31.198000000000008
ca_kf_s1e-06_q10,5.557852167698398e-09,0.0,33.42143000000002
ca_kf_s1e-06_q10,5.652587414909669e-09,0.0,34.13928
ca_kf_s1e-06_q10,6.017325784538264e-11,0.0,31.977729999999998
ca_kf_s1e-06_q10,6.379944800392154e-08,0.0,33.578
ca_kf_s1e-06_q10,6.624412291776882e-09,0.0,37.253
ca_kf_s1e-06_q10,6.846473694932579e-09,0.0,32.649849999999994
ca_kf_s1e-06_q10,7.278910717314745e-08,0.0,34.3712
ca_kf_s1e-06_q10,7.39312425345987e-09,0.0,40.167
ca_kf_s1e-06_q10,7.519161327782047e-08,0.0,30.75
ca_kf_s1e-06_q10,7.576006423147485e-09,0.0,33.46812
ca_kf_s1e-06_q10,8.103617988087288e-11,0.0,40.573
ca_kf_s1e-06_q10,8.299137633948686e-09,0.0,33.42528000000002
ca_kf_s1e-06_q10,8.372224487752402e-09,0.0,35.590430000000005
ca_kf_s1e-06_q10,8.412078530630149e-09,0.0,35.446690000000004
ca_kf_s1e-06_q10,8.442860437554203e-09,0.0,31.942779999999996
ca_kf_s1e-06_q10,8.86858581495153e-10,0.0,36.667
ca_kf_s1e-06_q10,8.936727346688443e-09,0.0,33.62271999999998
ca_kf_s1e-06_q10,9.78306785283552e-10,0.0,40.349799999999995
ca_kf_s1e-06_q10,9.815263091848891e-09,0.0,40.680279999999996
ca_kf_s1e-06_q100,1.0239305998829366e-09,0.0,31.992279999999994
ca_kf_s1e-06_q100,1.0967598908692963e-09,0.0,32.100559999999994
ca_kf_s1e-06_q100,1.1425504100837453e-09,0.0,31.986559999999997
ca_kf_s1e-06_q100,1.2621129586252195e-09,0.0,33.27771
ca_kf_s1e-06_q100,1.30361119889184e-09,0.0,33.14963
ca_kf_s1e-06_q100,1.3593134343320554e-09,0.0,32.62367
ca_kf_s1e-06_q100,1.375140341741056e-08,0.0,32.336889999999975
ca_kf_s1e-06_q100,1.3784209593521493e-09,0.0,35.38499999999999
ca_kf_s1e-06_q100,1.5717813405619947e-08,0.0,34.694370000000006
ca_kf_s1e-06_q100,1.573775931001875e-08,0.0,34.69522
ca_kf_s1e-06_q100,1.7889273167111207e-10,0.0,31.287999999999982
ca_kf_s1e-06_q100,1.8274405592260748e-09,0.0,31.894640000000013
ca_kf_s1e-06_q100,1.8308619576996875e-09,0.0,32.743749999999984
ca_kf_s1e-06_q100,1.9129523592824384e-08,0.0,32.63624999999999
ca_kf_s1e-06_q100,1.9228112106065212e-10,0.0,32.80859999999999
ca_kf_s1e-06_q100,2.033174410543041e-09,0.0,32.97147999999999
ca_kf_s1e-06_q100,2.0554689114412295e-09,0.0,35.245000000000005
ca_kf_s1e-06_q100,2.164203184880351e-09,0.0,34.05199999999999
ca_kf_s1e-06_q100,2.2189966953881737e-10,0.0,32.09123999999998
ca_kf_s1e-06_q100,2.2236008762592476e-09,0.0,32.19482000000002
ca_kf_s1e-06_q100,2.3959485880977728e-09,0.0,31.168760000000006
ca_kf_s1e-06_q100,2.7602672099350523e-10,0.0,33.519090000000006
ca_kf_s1e-06_q100,2.863336674185768e-09,0.0,33.649599999999985
ca_kf_s1e-06_q100,2.932892672219634e-09,0.0,32.717830000000006
ca_kf_s1e-06_q100,2.9406490692572865e-09,0.0,32.29625
ca_kf_s1e-06_q100,2.943754828893385e-09,0.0,32.22144
ca_kf_s1e-06_q100,3.1946681928125494e-09,0.0,32.332499999999996
ca_kf_s1e-06_q100,3.2723767033222936e-09,0.0,33.01378
ca_kf_s1e-06_q100,3.327635939805118e-10,0.0,33.88676
ca_kf_s1e-06_q100,3.337830595219824e-11,0.0,32.294290000000004
ca_kf_s1e-06_q100,3.3886089912535337e-09,0.0,33.675370000000015
ca_kf_s1e-06_q100,3.7909534245515003e-11,0.0,30.899360000000005
ca_kf_s1e-06_q100,3.8217822951459895e-09,0.0,32.65354000000001
ca_kf_s1e-06_q100,3.97500970488468e-09,0.0,31.501559999999994
ca_kf_s1e-06_q100,4.089570697161608e-10,0.0,32.01500000000001
ca_kf_s1e-06_q100,4.1297759611889505e-10,0.0,33.51085
ca_kf_s1e-06_q100,4.29386981418178e-09,0.0,33.6665
ca_kf_s1e-06_q100,4.3312248276017446e-09,0.0,35.23523999999999
ca_kf_s1e-06_q100,4.428685458900462e-09,0.0,35.042
ca_kf_s1e-06_q100,4.440506968999059e-10,0.0,32.832899999999995
ca_kf_s1e-06_q100,4.713865213362888e-10,0.0,34.9905
ca_kf_s1e-06_q100,4.742864598930475e-10,0.0,33.74691000000001
ca_kf_s1e-06_q100,5.295454569152601e-09,0.0,32.89735999999999
ca_kf_s1e-06_q100,5.606664817569368e-10,0.0,31.808080000000004
ca_kf_s1e-06_q100,5.793209787792917e-10,0.0,35.34518
ca_kf_s1e-06_q100,6.516369466572714e-11,0.0,30.41285
ca_kf_s1e-06_q100,6.64914357482107e-09,0.0,32.125
ca_kf_s1e-06_q100,7.126253643345342e-10,0.0,33.733449999999976
ca_kf_s1e-06_q100,7.544559334868421e-10,0.0,31.765240000000016
ca_kf_s1e-06_q100,7.706976894160165e-10,0.0,31.765770000000003
ca_kf_s1e-06_q100,7.877065877131753e-09,0.0,33.48750000000002
ca_kf_s1e-06_q100,7.910354513887048e-10,0.0,31.281999999999996
ca_kf_s1e-06_q100,8.105501986852512e-09,0.0,33.277879999999996
ca_kf_s1e-06_q100,8.638279707666116e-10,0.0,33.40816000000003
ca_kf_s1e-06_q100,8.685818760466535e-09,0.0,32.067879999999995
ca_kf_s1e-06_q100,8.714423847105756e-10,0.0,34.22661
ca_kf_s1e-06_q100,8.755972300594778e-10,0.0,39.18527000000001
ca_kf_s1e-06_q100,8.81416445699694e-10,0.0,30.59985999999999
ca_kf_s1e-06_q100,9.239126509102181e-11,0.0,34.60712000000001
ca_kf_s1e-06_q100,9.302193556874951e-10,0.0,33.534269999999985
ca_kf_s1e-06_q1000,1.0199612592638327e-09,0.0,32.72500000000001
ca_kf_s1e-06_q1000,1.0289452976916293e-10,0.0,33.437
ca_kf_s1e-06_q1000,1.0419669021650955e-09,0.0,35.013529999999996
ca_kf_s1e-06_q1000,1.1031476857290372e-10,0.0,32.19188
ca_kf_s1e-06_q1000,1.106812588092706e-09,0.0,33.617000000000004
ca_kf_s1e-06_q1000,1.3096152083548486e-10,0.0,33.25
ca_kf_s1e-06_q1000,1.3239320010039484e-10,0.0,31.06049999999999
ca_kf_s1e-06_q1000,1.3849714275159782e-10,0.0,105.03949999999998
ca_kf_s1e-06_q1000,1.5800072446574335e-09,0.0,32.67419000000001
ca_kf_s1e-06_q1000,1.5900823902638959e-09,0.0,33.94113999999998
ca_kf_s1e-06_q1000,1.6156967990057652e-10,0.0,147.517
ca_kf_s1e-06_q1000,1.689314191065008e-09,0.0,32.56756999999998
ca_kf_s1e-06_q1000,1.703502581492011e-09,0.0,35.67986
ca_kf_s1e-06_q1000,1.816213252281674e-09,0.0,31.98821999999999
ca_kf_s1e-06_q1000,1.8392974361841071e-10,0.0,40.605909999999994
ca_kf_s1e-06_q1000,2.0425446443804935e-10,0.0,31.797269999999994
ca_kf_s1e-06_q1000,2.066779149318963e-10,0.0,34.12133000000001
ca_kf_s1e-06_q1000,2.158522403643608e-09,0.0,38.171009999999995
ca_kf_s1e-06_q1000,2.167454337799537e-10,0.0,31.075099999999996
ca_kf_s1e-06_q1000,2.1741786567977875e-10,0.0,33.35990999999998
ca_kf_s1e-06_q1000,2.2333450271350716e-11,0.0,34.545759999999994
ca_kf_s1e-06_q1000,2.236854796944552e-10,0.0,33.959
ca_kf_s1e-06_q1000,2.3318915627313943e-10,0.0,31.942230000000002
ca_kf_s1e-06_q1000,2.4104492085283125e-10,0.0,33.10016000000002
ca_kf_s1e-06_q1000,2.772980132994786e-11,0.0,32.20897000000002
ca_kf_s1e-06_q1000,2.8804236827830765e-10,0.0,35.76512
ca_kf_s1e-06_q1000,2.94640668994563e-10,0.0,32.79146
ca_kf_s1e-06_q1000,3.114873906840373e-10,0.0,34.10446
ca_kf_s1e-06_q1000,3.1864299671314324e-11,0.0,33.32348
ca_kf_s1e-06_q1000,3.344042918900901e-11,0.0,35.88651999999997
ca_kf_s1e-06_q1000,3.4042344218454054e-10,0.0,40.43506
ca_kf_s1e-06_q1000,3.568010799236314e-11,0.0,112.62164
ca_kf_s1e-06_q1000,3.912789276611671e-10,0.0,44.62962
ca_kf_s1e-06_q1000,4.113779135723063e-11,0.0,31.79000000000002
ca_kf_s1e-06_q1000,4.148790880926354e-11,0.0,31.4443
ca_kf_s1e-06_q1000,4.1908850999400995e-10,0.0,34.26476000000001
ca_kf_s1e-06_q1000,4.27755272581693e-10,0.0,32.14999999999999
ca_kf_s1e-06_q1000,4.313658882380774e-10,0.0,30.875
ca_kf_s1e-06_q1000,4.351186603403666e-10,0.0,31.706249999999983
ca_kf_s1e-06_q1000,4.4448345799691887e-10,0.0,34.087959999999995
ca_kf_s1e-06_q1000,4.687934692617957e-10,0.0,33.38344
ca_kf_s1e-06_q1000,4.764699670664312e-11,0.0,31.683840000000014
ca_kf_s1e-06_q1000,4.863010078608536e-10,0.0,33.643
ca_kf_s1e-06_q1000,5.484788643856193e-10,0.0,32.625
ca_kf_s1e-06_q1000,5.635926582391962e-11,0.0,32.185
ca_kf_s1e-06_q1000,5.831024704254328e-11,0.0,33.09153000000001
ca_kf_s1e-06_q1000,6.199624197367673e-11,0.0,30.8319
ca_kf_s1e-06_q1000,6.689048079505842e-10,0.0,31.491250000000008
ca_kf_s1e-06_q1000,7.159075901636291e-11,0.0,31.95435
ca_kf_s1e-06_q1000,7.643540373173435e-09,0.0,32.88187999999999
ca_kf_s1e-06_q1000,7.743942794384282e-11,0.0,32.88077000000001
ca_kf_s1e-06_q1000,8.180341373017919e-11,0.0,32.363749999999996
ca_kf_s1e-06_q1000,8.678059079995412e-11,0.0,34.33000000000001
ca_kf_s1e-06_q1000,8.754576639039014e-11,0.0,33.066750000000006
ca_kf_s1e-06_q1000,8.796324261846132e-11,0.0,34.296980000000005
ca_kf_s1e-06_q1000,8.860447719878089e-11,0.0,33.07371999999999
ca_kf_s1e-06_q1000,9.292723201769108e-12,0.0,31.602120000000003
ca_kf_s1e-06_q1000,9.345082872400199e-11,0.0,40.56625
ca_kf_s1e-06_q1000,9.495301779677394e-11,0.0,36.95668
ca_kf_s1e-06_q1000,9.79854643824543e-10,0.0,34.10293999999998
cj_kf_q100,0.0001006010716770396,0.0,38.91874999999999
cj_kf_q100,0.00011638916897063047,0.0,135.90113000000002
cj_kf_q100,0.00012434289630935773,0.0,41.48921
cj_kf_q100,0.0001309176483684665,0.0,40.44372
cj_kf_q100,0.00013314213801277568,0.0,38.04658000000001
cj_kf_q100,0.00015505595771597347,0.0,37.26214
cj_kf_q100,0.0001613016797911568,0.0,95.53699999999998
cj_kf_q100,0.00016367238612683806,0.0,36.61462000000001
cj_kf_q100,0.00021144433943588725,0.0,38.646
cj_kf_q100,0.00021492245308652992,0.0,36.69898999999997
cj_kf_q100,0.0002558318729462693,0.0,39.874799999999986
cj_kf_q100,0.0002778349926046602,0.0,39.651559999999996
cj_kf_q100,0.0003161549771543769,0.0,35.64542
cj_kf_q100,0.0006198982320344481,0.0,38.53117000000001
cj_kf_q100,0.0007172087970845736,0.0,37.98300000000002
cj_kf_q100,0.0007466326774492087,0.0,36.292
cj_kf_q100,0.0010890177054190258,0.0,37.81844
cj_kf_q100,0.0011822026026261144,0.0,38.91017999999998
cj_kf_q100,0.0014123747161004139,0.0,38.29823999999999
cj_kf_q100,0.0014478451460184288,0.0,37.78721999999997
cj_kf_q100,1.0052477442770162e-05,0.0,45.1849
cj_kf_q100,1.1121168609720752e-05,0.0,36.49500000000002
cj_kf_q100,1.3128287219308074e-05,0.0,36.417
cj_kf_q100,1.681732644165231e-05,0.0,44.569559999999996
cj_kf_q100,1.822655224493045e-05,0.0,37.00657
cj_kf_q100,1.937196373922998e-05,0.0,39.388759999999984
cj_kf_q100,2.5464020281697687e-06,0.0,37.76854
cj_kf_q100,2.8885053602760704e-05,0.0,36.521559999999994
cj_kf_q100,3.0981845205004097e-06,0.0,44.462759999999996
cj_kf_q100,3.531724346733991e-05,0.0,38.43000000000001
cj_kf_q100,3.5505530631738655e-07,0.0,37.98571
cj_kf_q100,3.583417045565148e-05,0.0,45.56158
cj_kf_q100,3.595917397974001e-05,0.0,39.51744
cj_kf_q100,3.832502837079023e-06,0.0,41.42853000000001
cj_kf_q100,4.0758648624430816e-05,0.0,40.62668000000001
cj_kf_q100,4.112014596319387e-05,0.0,37.88029
cj_kf_q100,4.233405622009737e-06,0.0,38.42491000000003
cj_kf_q100,4.4235009814160195e-06,0.0,37.36228000000002
cj_kf_q100,4.562781497679497e-06,0.0,36.5273
cj_kf_q100,4.6090846111756465e-05,0.0,38.03450999999997
cj_kf_q100,4.7821396290264325e-06,0.0,36.996999999999986
cj_kf_q100,4.817569274275743e-05,0.0,39.71476
cj_kf_q100,5.028580089781694e-07,0.0,37.27108
cj_kf_q100,5.29877146195319e-05,0.0,39.16249999999998
cj_kf_q100,5.361046462988499e-05,0.0,36.43693000000001
cj_kf_q100,6.552390865533463e-05,0.0,36.94943999999999
cj_kf_q100,6.763227097906487e-06,0.0,38.13463
cj_kf_q100,6.933012633283122e-07,0.0,36.953849999999996
cj_kf_q100,7.307852215854078e-05,0.0,37.60778
cj_kf_q100,7.467869809197447e-06,0.0,36.51699999999999
cj_kf_q100,7.935224922490077e-06,0.0,36.0837
cj_kf_q100,7.968702092667051e-05,0.0,39.89746999999998
cj_kf_q100,8.251385928782561e-06,0.0,37.91907000000001
cj_kf_q100,8.608066799454006e-06,0.0,36.63900000000001
cj_kf_q100,8.932647984716219e-05,0.0,38.85311999999998
cj_kf_q100,8.933007283948978e-05,0.0,42.83523
cj_kf_q100,8.98201929976991e-05,0.0,105.53374999999997
cj_kf_q100,9.110355373104177e-05,0.0,37.57849999999999
cj_kf_q100,9.142142487108305e-05,0.0,38.826840000000004
cj_kf_q100,9.378436645488024e-07,0.0,37.03156
cj_kf_q1000,0.00013325762972817075,0.0,36.2595
cj_kf_q1000,0.00018098838316526374,0.0,44.125
cj_kf_q1000,0.00022631095558643308,0.0,37.3288
cj_kf_q1000,0.00024203927221277805,0.0,36.82156
cj_kf_q1000,0.0004443479177735895,0.0,36.917
cj_kf_q1000,0.000489711026952247,0.0,36.175499999999964
cj_kf_q1000,0.0005650696225863519,0.0,44.57719
cj_kf_q1000,0.0006706576153265026,0.0,44.958
cj_kf_q1000,1.0985037410025794e-05,0.0,41.72858
cj_kf_q1000,1.1245275345271073e-06,0.0,38.155280000000054
cj_kf_q1000,1.155250342254903e-05,0.0,36.14332
cj_kf_q1000,1.1585031700947536e-05,0.0,37.417
cj_kf_q1000,1.1592637769583444e-05,0.0,38.959999999999994
cj_kf_q1000,1.15962159818994e-05,0.0,40.49202
cj_kf_q1000,1.1651428146131244e-05,0.0,36.506519999999995
cj_kf_q1000,1.1823480968568213e-05,0.0,40.76992
cj_kf_q1000,1.2183545508339894e-06,0.0,37.038180000000004
cj_kf_q1000,1.3092377932427073e-05,0.0,36.255039999999994
cj_kf_q1000,1.3249136519890203e-06,0.0,37.724999999999966
cj_kf_q1000,1.3537873751979568e-06,0.0,36.192999999999984
cj_kf_q1000,1.9171129501646138e-05,0.0,37.3905
cj_kf_q1000,2.0591442856698086e-06,0.0,36.55268
cj_kf_q1000,2.0609760108139552e-05,0.0,36.978219999999986
cj_kf_q1000,2.1283979282286046e-05,0.0,37.27971999999999
cj_kf_q1000,2.2553183588233145e-06,0.0,36.32579
cj_kf_q1000,2.2598068831300288e-05,0.0,37.22655999999999
cj_kf_q1000,2.5248222058153464e-05,0.0,37.842729999999996
cj_kf_q1000,2.7070147758646806e-05,0.0,37.30211999999998
cj_kf_q1000,2.848975286332313e-05,0.0,35.83883999999998
cj_kf_q1000,2.9357773697689463e-05,0.0,38.51311
cj_kf_q1000,2.9520769413391996e-06,0.0,36.666299999999985
cj_kf_q1000,2.9626462872379874e-05,0.0,36.91474999999999
cj_kf_q1000,3.1189787033382675e-05,0.0,36.32808
cj_kf_q1000,3.2524738370550513e-06,0.0,39.062000000000005
cj_kf_q1000,3.410682081566414e-05,0.0,37.33583
cj_kf_q1000,3.480379255483466e-07,0.0,36.46827
cj_kf_q1000,3.511874137347575e-05,0.0,37.48921
cj_kf_q1000,3.594614179745113e-06,0.0,36.42046000000002
cj_kf_q1000,3.7016273223258426e-06,0.0,36.95624999999994
cj_kf_q1000,4.01755094957084e-07,0.0,36.666920000000005
cj_kf_q1000,4.136672347997323e-06,0.0,36.5836
cj_kf_q1000,4.3070843152229505e-05,0.0,37.44484
cj_kf_q1000,4.423841971430255e-07,0.0,37.392120000000006
cj_kf_q1000,4.623887099715616e-05,0.0,36.58651999999999
cj_kf_q1000,4.639254567856229e-05,0.0,36.996660000000006
cj_kf_q1000,4.643664925261441e-05,0.0,36.83494000000001
cj_kf_q1000,4.7148415635487226e-05,0.0,36.381139999999995
cj_kf_q1000,5.349767964082794e-06,0.0,36.256
cj_kf_q1000,5.716441394972638e-05,0.0,36.45464
cj_kf_q1000,5.95312729937584e-06,0.0,36.37937000000001
cj_kf_q1000,6.003689832136223e-05,0.0,37.4165
cj_kf_q1000,6.104700934951445e-05,0.0,36.79849999999999
cj_kf_q1000,6.779501373434706e-07,0.0,37.78059999999999
cj_kf_q1000,6.804653366163955e-06,0.0,39.012699999999995
cj_kf_q1000,7.560237329565425e-06,0.0,37.09824000000001
cj_kf_q1000,7.66604489519076e-05,0.0,36.9754
cj_kf_q1000,7.947077103402827e-06,0.0,37.38175999999998
cj_kf_q1000,8.046165342823136e-06,0.0,39.222120000000004
cj_kf_q1000,8.528938862478936e-05,0.0,36.88844
cj_kf_q1000,8.632954079481283e-05,0.0,37.202
cj_kf_q10000,0.00012559448207821367,0.0,37.24753999999997
cj_kf_q10000,0.00013624460670630422,0.0,38.35143999999998
cj_kf_q10000,0.00017575911841428174,0.0,36.152370000000005
cj_kf_q10000,0.00020252670747365187,0.0,36.63498999999999
cj_kf_q10000,1.0625226250175012e-05,0.0,37.75999999999996
cj_kf_q10000,1.2470115933403054e-05,0.0,36.86869
cj_kf_q10000,1.2851269113256767e-05,0.0,37.10148
cj_kf_q10000,1.3666441612644886e-05,0.0,36.914010000000005
cj_kf_q10000,1.4569170342368615e-06,0.0,36.8995
cj_kf_q10000,1.5172237218208277e-06,0.0,36.090430000000005
cj_kf_q10000,1.582590324755544e-05,0.0,37.24749999999999
cj_kf_q10000,1.617042185501343e-05,0.0,38.6045
cj_kf_q10000,1.6445866072531775e-05,0.0,36.58622999999998
cj_kf_q10000,1.8434901204039278e-05,0.0,37.249249999999996
cj_kf_q10000,1.8690270495964314e-05,0.0,34.72684000000001
cj_kf_q10000,1.8749684258657713e-05,0.0,44.84232
cj_kf_q10000,1.8989160102045868e-07,0.0,37.73856
cj_kf_q10000,1.912337449732755e-06,0.0,36.89887
cj_kf_q10000,2.0615467161582115e-06,0.0,37.69959999999996
cj_kf_q10000,2.0698690616543526e-06,0.0,38.65552999999998
cj_kf_q10000,2.1310834374930463e-05,0.0,35.858399999999996
cj_kf_q10000,2.192761445907886e-06,0.0,36.526559999999996
cj_kf_q10000,2.359299597686916e-05,0.0,38.165
cj_kf_q10000,2.791080516358715e-05,0.0,36.383919999999996
cj_kf_q10000,2.8825741990143333e-06,0.0,36.903519999999936
cj_kf_q10000,3.0618418433778625e-07,0.0,36.90147
cj_kf_q10000,3.11243607560383e-06,0.0,36.35300000000001
cj_kf_q10000,3.1341163311795268e-06,0.0,36.50273000000001
cj_kf_q10000,3.2815365557443467e-07,0.0,37.88298
cj_kf_q10000,3.3899031836432304e-07,0.0,37.196
cj_kf_q10000,3.4545814852955433e-06,0.0,39.59308
cj_kf_q10000,3.519453436419461e-06,0.0,37.28725999999999
cj_kf_q10000,3.5857903421084923e-07,0.0,37.48749999999998
cj_kf_q10000,3.809678193650309e-07,0.0,37.108360000000005
cj_kf_q10000,3.869956043464264e-05,0.0,38.45196
cj_kf_q10000,4.8080389455518006e-05,0.0,36.869170000000004
cj_kf_q10000,4.865861778621803e-06,0.0,37.674899999999994
cj_kf_q10000,4.999483029054716e-06,0.0,37.059870000000004
cj_kf_q10000,5.0452230616067425e-06,0.0,37.13558000000001
cj_kf_q10000,5.530479906831311e-06,0.0,36.21597
cj_kf_q10000,5.716963224627197e-07,0.0,37.55449999999998
cj_kf_q10000,5.925002437869264e-06,0.0,36.900980000000004
cj_kf_q10000,6.1387054291351e-06,0.0,44.508250000000004
cj_kf_q10000,6.143531513333719e-06,0.0,36.414880000000004
cj_kf_q10000,6.342056147121554e-05,0.0,36.983200000000004
cj_kf_q10000,6.597560901054772e-07,0.0,36.203849999999996
cj_kf_q10000,6.747083331964021e-05,0.0,37.298
cj_kf_q10000,6.777803174540351e-06,0.0,37.75623999999999
cj_kf_q10000,7.654199584388404e-06,0.0,36.317499999999995
cj_kf_q10000,7.756026014726235e-06,0.0,44.80964
cj_kf_q10000,8.042457418783084e-07,0.0,38.44404999999999
cj_kf_q10000,8.230407360911253e-05,0.0,36.278639999999996
cj_kf_q10000,8.81725620075315e-07,0.0,36.425320000000006
cj_kf_q10000,8.840134157934984e-07,0.0,36.99228000000001
cj_kf_q10000,9.191940912858524e-06,0.0,36.356559999999995
cj_kf_q10000,9.25011440461251e-06,0.0,36.15327999999997
cj_kf_q10000,9.431353695544012e-06,0.0,40.55454
cj_kf_q10000,9.465862414478096e-06,0.0,37.194500000000005
cj_kf_q10000,9.696041224873557e-06,0.0,36.52441999999999
cj_kf_q10000,9.822992564916802e-06,0.0,37.833
delay_one_centered_difference,1.0821226311264749e-17,0.009972067039106147,24.292690000000004
delay_one_centered_difference,1.1055203745131569e-16,0.009974811083123425,24.360320000000037
delay_one_centered_difference,1.1181632215551172e-16,0.009964912280701755,24.582000000000008
delay_one_centered_difference,1.1718977870169945e-18,0.009967532467532469,25.197500000000005
delay_one_centered_difference,1.2395974923984409e-17,0.009973262032085562,26.203839999999996
delay_one_centered_difference,1.3021801777048178e-18,0.009969969969969971,28.23656
delay_one_centered_difference,1.3725312464326652e-18,0.009975609756097561,26.106279999999995
delay_one_centered_difference,1.3883955691595496e-17,0.009974874371859297,24.915019999999963
delay_one_centered_difference,1.4133118152621889e-16,0.009976635514018693,23.910090000000007
delay_one_centered_difference,1.4310430149758243e-17,0.009971264367816092,24.233249999999998
delay_one_centered_difference,1.4320864812715367e-16,0.009961240310077519,26.620500000000007
delay_one_centered_difference,1.4731034455185002e-17,0.009973474801061009,23.95492
delay_one_centered_difference,1.5960673388967425e-18,0.009976190476190477,26.17646
delay_one_centered_difference,1.6561957155661243e-18,0.009974874371859297,27.417
delay_one_centered_difference,1.7071078379119997e-18,0.009975124378109452,24.451330000000006
delay_one_centered_difference,1.7114964501942e-18,0.009970588235294118,25.404380000000007
delay_one_centered_difference,1.7392709345305543e-17,0.009971509971509971,24.7285
delay_one_centered_difference,1.7991092199829085e-18,0.00997275204359673,24.431779999999996
delay_one_centered_difference,1.830247477344695e-16,0.009971590909090909,25.958489999999998
delay_one_centered_difference,1.845788751086922e-18,0.009964412811387902,28.1752
delay_one_centered_difference,1.9256723823043585e-18,0.009969788519637464,28.1876
delay_one_centered_difference,2.050774827005836e-18,0.009964285714285714,26.743069999999996
delay_one_centered_difference,2.089362394161477e-18,0.00996309963099631,28.446200000000005
delay_one_centered_difference,2.2325048633028532e-17,0.009975845410628018,25.245000000000005
delay_one_centered_difference,2.3425483285595113e-18,0.009962121212121212,26.206580000000002
delay_one_centered_difference,2.3854197526192732e-18,0.009961089494163425,24.688559999999995
delay_one_centered_difference,2.5636251569428672e-17,0.009961389961389962,23.27221999999998
delay_one_centered_difference,2.5700662041710077e-18,0.009972972972972973,26.622230000000002
delay_one_centered_difference,2.6023961609066268e-18,0.009972602739726028,27.357120000000027
delay_one_centered_difference,2.6242887992971342e-17,0.00996389891696751,25.917
delay_one_centered_difference,2.8380307990638924e-19,0.009967637540453074,26.243000000000016
delay_one_centered_difference,2.882474969806373e-17,0.009961538461538461,24.648470000000017
delay_one_centered_difference,3.0883600127795666e-18,0.00997275204359673,24.78571999999997
delay_one_centered_difference,3.3148511072686326e-17,0.009976905311778292,27.173000000000002
delay_one_centered_difference,3.4105698218326355e-17,0.00996415770609319,26.52173999999998
delay_one_centered_difference,3.5079121376385825e-18,0.009973118279569893,25.827540000000003
delay_one_centered_difference,3.538754198816917e-18,0.009971264367816092,34.029759999999996
delay_one_centered_difference,3.6403846354911185e-18,0.009966777408637873,28.083
delay_one_centered_difference,3.6957820746511134e-18,0.00997282608695652,25.089359999999964
delay_one_centered_difference,4.0333059225744464e-19,0.009976190476190477,28.20102
delay_one_centered_difference,4.053983252093733e-18,0.009971590909090909,25.078000000000003
delay_one_centered_difference,4.286079715325938e-18,0.009962686567164179,25.81738999999999
delay_one_centered_difference,4.412508955786746e-19,0.009972527472527472,27.424080000000004
delay_one_centered_difference,4.617557033310553e-17,0.009963636363636364,27.642079999999993
delay_one_centered_difference,5.130962177733418e-19,0.00997289972899729,26.045439999999996
delay_one_centered_difference,5.5353392380310116e-18,0.009970845481049562,23.831999999999994
delay_one_centered_difference,5.589565101681738e-17,0.00996282527881041,28.15156
delay_one_centered_difference,5.60082908143646e-19,0.009975369458128078,26.635699999999993
delay_one_centered_difference,5.81785652232269e-17,0.009970238095238096,25.28914999999996
delay_one_centered_difference,6.531946365654739e-17,0.009976635514018693,25.535090000000007
delay_one_centered_difference,6.745216960115466e-17,0.009970326409495548,28.19324
delay_one_centered_difference,6.778406439050795e-17,0.00996078431372549,24.172500000000003
delay_one_centered_difference,7.292472155235811e-19,0.009965277777777778,25.652169999999998
delay_one_centered_difference,7.342484518059262e-19,0.009972299168975069,25.308599999999995
delay_one_centered_difference,8.131657126059781e-17,0.009974025974025974,24.233559999999986
delay_one_centered_difference,8.2240261247965e-17,0.009963235294117648,23.812000000000012
delay_one_centered_difference,8.509478115224215e-18,0.009963369963369963,24.99151999999996
delay_one_centered_difference,8.728184827360115e-17,0.009960937500000001,28.414549999999995
delay_one_centered_difference,8.847628334742313e-19,0.00997289972899729,26.83
delay_one_centered_difference,9.66325173005882e-18,0.00997737556561086,27.101939999999985
jerk_limited_f1,0.003933547557154142,0.0,38.77272000000003
jerk_limited_f1,0.0046845013104091174,0.0,38.014230000000005
jerk_limited_f1,0.007814565041803912,0.0,38.81358
jerk_limited_f1,0.007891574831986957,0.0,41.453
jerk_limited_f1,0.008915275090364723,0.0,41.42464999999999
jerk_limited_f1,0.013107732363331782,0.0,41.13987999999999
jerk_limited_f1,0.0153330553110484,0.0,39.77499999999998
jerk_limited_f1,0.015435107568989054,0.0,36.739999999999995
jerk_limited_f1,0.017882792036017933,0.0,37.45313
jerk_limited_f1,0.018713573090381158,0.0,37.4504
jerk_limited_f1,0.018847298954254955,0.0,38.11499999999995
jerk_limited_f1,0.02315105973577448,0.0,41.762630000000016
jerk_limited_f1,0.025156545341811574,0.0,37.483799999999995
jerk_limited_f1,0.029780590594164016,0.0,41.32956
jerk_limited_f1,0.030311755956712438,0.0,39.19072999999998
jerk_limited_f1,0.030842553918373657,0.0,38.15748000000001
jerk_limited_f1,0.03208402684506725,0.0,61.01250000000014
jerk_limited_f1,0.03383877240926052,0.0,41.41007
jerk_limited_f1,0.0357797456615262,0.0,37.917
jerk_limited_f1,0.036445540612866104,0.0,37.82612000000001
jerk_limited_f1,0.03979211446834117,0.0,37.78842
jerk_limited_f1,0.04144238011959488,0.0,38.404959999999996
jerk_limited_f1,0.041818440942718284,0.0,42.31592000000001
jerk_limited_f1,0.04890561678199853,0.0,40.1675
jerk_limited_f1,0.05068123207004024,0.0,37.209
jerk_limited_f1,0.05512352802369367,0.0,40.207480000000004
jerk_limited_f1,0.05546592352489531,0.0,38.749680000000026
jerk_limited_f1,0.0718792668158403,0.0,45.764779999999995
jerk_limited_f1,0.0790925808260069,0.0,36.834
jerk_limited_f1,0.07996883443841289,0.0,37.526889999999995
jerk_limited_f1,0.08655756079015033,0.0,37.53999999999999
jerk_limited_f1,0.12046808347626164,0.0,36.623419999999996
jerk_limited_f1,0.1400154932631037,0.0,38.59299999999999
jerk_limited_f1,0.141886951516967,0.0,38.46808
jerk_limited_f1,0.1524919970920068,0.0,39.669779999999996
jerk_limited_f1,0.15758603036936536,0.0,39.15035999999999
jerk_limited_f1,0.16001370743041565,0.0,37.40371999999999
jerk_limited_f1,0.17547891024807283,0.0,36.90716
jerk_limited_f1,0.197909293646341,0.0,37.119690000000006
jerk_limited_f1,0.20946761467920702,0.0,44.82772000000001
jerk_limited_f1,0.23263177073889602,0.0,41.942499999999974
jerk_limited_f1,0.23514013929644306,0.0,37.52723999999999
jerk_limited_f1,0.2380142375198662,0.0,37.479
jerk_limited_f1,0.23913323181031015,0.0,46.32656000000002
jerk_limited_f1,0.24111303741509513,0.0,37.41154
jerk_limited_f1,0.35452224072491106,0.0,38.138000000000005
jerk_limited_f1,0.46119540811812687,0.0,38.03608
jerk_limited_f1,0.5224795986091137,0.0,40.33589999999998
jerk_limited_f1,0.5366395796065787,0.0,84.10019999999982
jerk_limited_f1,0.5807778315849587,0.0,42.56607
jerk_limited_f1,0.6299379318509061,0.0,38.13443999999998
jerk_limited_f1,0.6481932203732486,0.0,38.1725
jerk_limited_f1,0.7482075463168184,0.0,38.85393000000001
jerk_limited_f1,0.7559256122188966,0.0,40.103559999999995
jerk_limited_f1,0.7924880851650866,0.0,59.06844000000003
jerk_limited_f1,0.8941874963375528,0.0,40.00332
jerk_limited_f1,0.9731130736260417,0.0,76.59144000000006
jerk_limited_f1,1.0078420281602058,0.0,38.864999999999995
jerk_limited_f1,1.0125055114837147,0.0,47.2655
jerk_limited_f1,1.2692182432267631,0.0,38.68041000000001
jerk_limited_f2,0.0022467209029840367,0.0,37.483360000000005
jerk_limited_f2,0.002558556594538567,0.0,36.95881
jerk_limited_f2,0.004211147651032878,0.0,41.88579
jerk_limited_f2,0.004878128933136057,0.0,37.66395
jerk_limited_f2,0.008453711656281157,0.0,38.535210000000006
jerk_limited_f2,0.00961875269961853,0.0,38.85624000000001
jerk_limited_f2,0.010071301539351422,0.0,36.749599999999994
jerk_limited_f2,0.010249163752830703,0.0,40.28052999999998
jerk_limited_f2,0.012837885867782117,0.0,37.116319999999995
jerk_limited_f2,0.01328651134488716,0.0,37.33168
jerk_limited_f2,0.014310150686136695,0.0,37.187599999999996
jerk_limited_f2,0.015027097925894711,0.0,37.6752
jerk_limited_f2,0.019648303425598587,0.0,38.916
jerk_limited_f2,0.020483266346745615,0.0,38.46824000000003
jerk_limited_f2,0.024987860724545195,0.0,39.62437000000001
jerk_limited_f2,0.027258950176391218,0.0,37.22625
jerk_limited_f2,0.03040205216848507,0.0,37.753
jerk_limited_f2,0.030419872988262313,0.0,37.95624999999998
jerk_limited_f2,0.03232111553324837,0.0,38.95
jerk_limited_f2,0.03268563289740616,0.0,37.721019999999996
jerk_limited_f2,0.03285004220742437,0.0,39.01500000000007
jerk_limited_f2,0.033733547691274506,0.0,38.049499999999995
jerk_limited_f2,0.034862800908902244,0.0,37.26621
jerk_limited_f2,0.03596922177264836,0.0,37.43443
jerk_limited_f2,0.0376590527431122,0.0,38.28948
jerk_limited_f2,0.0394371445511083,0.0,37.41617
jerk_limited_f2,0.045701679317995916,0.0,36.612719999999996
jerk_limited_f2,0.050774388811672184,0.0,37.68094
jerk_limited_f2,0.056272309445971815,0.0,37.05957
jerk_limited_f2,0.0696530653363387,0.0,36.98564
jerk_limited_f2,0.0749995038540425,0.0,37.22253
jerk_limited_f2,0.077796393562459,0.0,37.26876000000001
jerk_limited_f2,0.0816326844090372,0.0,39.82014
jerk_limited_f2,0.08285985340050292,0.0,36.93143
jerk_limited_f2,0.08919521972598302,0.0,38.073229999999974
jerk_limited_f2,0.09048817645401729,0.0,37.18047999999998
jerk_limited_f2,0.10072197905803723,0.0,37.264939999999996
jerk_limited_f2,0.10523790183250126,0.0,37.213719999999995
jerk_limited_f2,0.10748484338910036,0.0,38.02875000000001
jerk_limited_f2,0.11787863828315728,0.0,38.994019999999985
jerk_limited_f2,0.11813222716852527,0.0,39.120380000000004
jerk_limited_f2,0.11880628438529175,0.0,37.36188
jerk_limited_f2,0.14000637987535097,0.0,37.375
jerk_limited_f2,0.14111244143051108,0.0,39.90048999999998
jerk_limited_f2,0.142592668026892,0.0,40.354
jerk_limited_f2,0.20233614808313488,0.0,37.46616
jerk_limited_f2,0.24957750210007168,0.0,37.02516
jerk_limited_f2,0.2684552180846773,0.0,38.05624999999997
jerk_limited_f2,0.2706728779451733,0.0,37.79419999999999
jerk_limited_f2,0.2947775416266338,0.0,38.04000000000002
jerk_limited_f2,0.3230893501077329,0.0,37.19827999999998
jerk_limited_f2,0.35970737227130345,0.0,39.794140000000006
jerk_limited_f2,0.39076497133933136,0.0,39.92559000000001
jerk_limited_f2,0.40386279991308194,0.0,37.42288
jerk_limited_f2,0.4070582286583618,0.0,37.47144
jerk_limited_f2,0.44545932857207066,0.0,37.440320000000014
jerk_limited_f2,0.49965465135748194,0.0,36.95926000000001
jerk_limited_f2,0.5052361592466847,0.0,38.513750000000016
jerk_limited_f2,0.5732025776593278,0.0,38.22012
jerk_limited_f2,0.6365943323434675,0.0,36.86750000000001
jerk_limited_f4,0.001143105305151138,0.0,37.556360000000005
jerk_limited_f4,0.0012686994470477158,0.0,37.50625
jerk_limited_f4,0.0020854936973838355,0.0,36.91296
jerk_limited_f4,0.002415685457728097,0.0,37.12295
jerk_limited_f4,0.004779503808639306,0.0,36.56911
jerk_limited_f4,0.004975104962946934,0.0,37.35859999999998
jerk_limited_f4,0.0050593270085298545,0.0,37.78421999999998
jerk_limited_f4,0.00651937826643541,0.0,37.03958
jerk_limited_f4,0.00725439836611591,0.0,39.849999999999994
jerk_limited_f4,0.007954615536704974,0.0,38.05855999999999
jerk_limited_f4,0.009182422288252504,0.0,37.104879999999994
jerk_limited_f4,0.009848269782791028,0.0,41.458
jerk_limited_f4,0.01007056454695195,0.0,37.516799999999996
jerk_limited_f4,0.010265522640933009,0.0,36.628
jerk_limited_f4,0.015920554399093314,0.0,36.790249999999986
jerk_limited_f4,0.016711133250638784,0.0,38.44848
jerk_limited_f4,0.016976020778188466,0.0,37.555730000000004
jerk_limited_f4,0.017048495226829666,0.0,37.00643
jerk_limited_f4,0.020417703594245742,0.0,36.36912
jerk_limited_f4,0.021269283291393038,0.0,36.84
jerk_limited_f4,0.02229091524050007,0.0,37.3001
jerk_limited_f4,0.02246909622960422,0.0,37.45196
jerk_limited_f4,0.024230235331620012,0.0,37.752999999999986
jerk_limited_f4,0.02525862091914229,0.0,37.424519999999994
jerk_limited_f4,0.025586541480586224,0.0,36.70634
jerk_limited_f4,0.027109732352142868,0.0,36.552499999999995
jerk_limited_f4,0.027391778667971,0.0,36.6519799999999
jerk_limited_f4,0.030938450802683412,0.0,41.225750000000005
jerk_limited_f4,0.03643536011925281,0.0,37.02143999999997
jerk_limited_f4,0.038951523938095325,0.0,36.93692
jerk_limited_f4,0.040142133880904776,0.0,36.9695
jerk_limited_f4,0.042096115571042286,0.0,36.79007999999999
jerk_limited_f4,0.04298512388526617,0.0,38.473839999999974
jerk_limited_f4,0.04519389541995951,0.0,38.11499999999995
jerk_limited_f4,0.04594622966901055,0.0,37.25252
jerk_limited_f4,0.04606260936779158,0.0,36.643519999999974
jerk_limited_f4,0.05131957296947701,0.0,36.827339999999985
jerk_limited_f4,0.052094004764209695,0.0,37.5185
jerk_limited_f4,0.056890054822039425,0.0,36.50325999999998
jerk_limited_f4,0.05703023756496148,0.0,37.56512000000001
jerk_limited_f4,0.061614629364742414,0.0,36.786120000000004
jerk_limited_f4,0.06366754646363128,0.0,38.67372
jerk_limited_f4,0.07181041191636361,0.0,36.32767
jerk_limited_f4,0.07383373478753748,0.0,36.83628999999998
jerk_limited_f4,0.07452907025051977,0.0,36.646
jerk_limited_f4,0.10359846094215369,0.0,36.568160000000006
jerk_limited_f4,0.12530838853711052,0.0,37.900919999999985
jerk_limited_f4,0.13016523050687148,0.0,36.78124999999999
jerk_limited_f4,0.1304990990619816,0.0,36.93979999999999
jerk_limited_f4,0.14232767588286013,0.0,37.080610000000014
jerk_limited_f4,0.1575234244943502,0.0,38.40055999999999
jerk_limited_f4,0.18447235137235082,0.0,38.50932
jerk_limited_f4,0.19253316449440602,0.0,38.40700000000001
jerk_limited_f4,0.1953223729568285,0.0,36.63156
jerk_limited_f4,0.20319819268009098,0.0,37.711439999999996
jerk_limited_f4,0.21398654983691331,0.0,38.06200000000001
jerk_limited_f4,0.24221291207309092,0.0,36.64963
jerk_limited_f4,0.24283504510951892,0.0,37.06857
jerk_limited_f4,0.3064746300396504,0.0,39.34192000000001
jerk_limited_f4,0.6099221056617455,0.0,37.28135999999999
local_poly_w11_d2_lag1,0.00010501906818284411,0.009964285714285714,36.87667999999999
local_poly_w11_d2_lag1,0.00011928751769036059,0.00997275204359673,38.25633999999997
local_poly_w11_d2_lag1,0.0001224828629132786,0.009967532467532469,36.82432
local_poly_w11_d2_lag1,0.00014577725541779928,0.009974874371859297,35.79975999999999
local_poly_w11_d2_lag1,1.036008425478612e-05,0.009971590909090909,35.62283
local_poly_w11_d2_lag1,1.0534536974445816e-05,0.009961240310077519,35.439500000000024
local_poly_w11_d2_lag1,1.0619784214208907e-05,0.009963636363636364,36.62076
local_poly_w11_d2_lag1,1.1919930388962115e-05,0.009970326409495548,35.951359999999994
local_poly_w11_d2_lag1,1.2980381045303743e-05,0.009966777408637873,35.084
local_poly_w11_d2_lag1,1.4657329355159367e-05,0.00996389891696751,35.43692
local_poly_w11_d2_lag1,1.474413712270618e-05,0.00997737556561086,37.91999999999999
local_poly_w11_d2_lag1,1.5744028261486393e-05,0.009971590909090909,35.51925
local_poly_w11_d2_lag1,1.6356625695468677e-05,0.009974874371859297,36.98925999999997
local_poly_w11_d2_lag1,1.6709524601754122e-05,0.00996078431372549,34.34882000000001
local_poly_w11_d2_lag1,1.740182485804791e-05,0.009973262032085562,35.170089999999995
local_poly_w11_d2_lag1,1.7531579664433343e-06,0.00996415770609319,34.891259999999974
local_poly_w11_d2_lag1,2.0651220044682747e-06,0.009965277777777778,37.863749999999996
local_poly_w11_d2_lag1,2.2060248090466636e-05,0.009972299168975069,36.41679999999997
local_poly_w11_d2_lag1,2.226364477019081e-05,0.009962686567164179,34.01386
local_poly_w11_d2_lag1,2.2305903939916025e-06,0.009961538461538461,39.21125000000003
local_poly_w11_d2_lag1,2.3170262596335413e-05,0.00997289972899729,39.43655999999999
local_poly_w11_d2_lag1,2.3485959026097898e-05,0.00997282608695652,35.49799999999999
local_poly_w11_d2_lag1,2.361016243125545e-05,0.009975845410628018,34.82942
local_poly_w11_d2_lag1,2.3647650455831198e-05,0.009962121212121212,38.5505
local_poly_w11_d2_lag1,2.446394932318333e-06,0.009963369963369963,43.43899999999999
local_poly_w11_d2_lag1,2.598116617654673e-06,0.009969788519637464,35.8207
local_poly_w11_d2_lag1,2.7214078935905637e-05,0.009972067039106147,35.78638
local_poly_w11_d2_lag1,2.958856549870037e-05,0.009972527472527472,36.54021
local_poly_w11_d2_lag1,3.2011946231851434e-05,0.009961089494163425,34.93796
local_poly_w11_d2_lag1,3.253453259619972e-06,0.009974811083123425,36.846320000000006
local_poly_w11_d2_lag1,3.3376281833711943e-06,0.009970238095238096,35.289249999999996
local_poly_w11_d2_lag1,3.4437777148776155e-05,0.009970845481049562,36.875
local_poly_w11_d2_lag1,3.453347655301349e-05,0.009971509971509971,37.7295
local_poly_w11_d2_lag1,3.483216496690636e-05,0.009971264367816092,35.686509999999984
local_poly_w11_d2_lag1,3.83335780871424e-06,0.009976635514018693,37.53234000000001
local_poly_w11_d2_lag1,4.1304680976226345e-08,0.009976190476190477,35.24196
local_poly_w11_d2_lag1,4.211001878954368e-06,0.009972602739726028,35.135000000000005
local_poly_w11_d2_lag1,4.351531026499815e-06,0.009973474801061009,37.05500000000001
local_poly_w11_d2_lag1,4.5747941222232155e-06,0.009963235294117648,35.62639000000001
local_poly_w11_d2_lag1,4.637047854987754e-06,0.00997275204359673,35.416
local_poly_w11_d2_lag1,5.306036224752369e-05,0.009975124378109452,36.57842
local_poly_w11_d2_lag1,5.758815455324528e-06,0.009960937500000001,36.066849999999995
local_poly_w11_d2_lag1,5.850565944239832e-06,0.009976635514018693,43.10459000000004
local_poly_w11_d2_lag1,5.8997231118013666e-08,0.009967637540453074,34.35600000000001
local_poly_w11_d2_lag1,5.983192586457283e-05,0.00996309963099631,38.242000000000004
local_poly_w11_d2_lag1,6.181929008918733e-05,0.009969969969969971,38.78644000000001
local_poly_w11_d2_lag1,6.247233888935822e-06,0.00997289972899729,34.94631999999999
local_poly_w11_d2_lag1,6.330434426197961e-06,0.009970588235294118,36.03375000000001
local_poly_w11_d2_lag1,6.529222090595837e-06,0.009961389961389962,35.456219999999995
local_poly_w11_d2_lag1,6.9811615924526465e-06,0.009964912280701755,36.44900000000004
local_poly_w11_d2_lag1,7.014674364939234e-06,0.009973118279569893,35.47661
local_poly_w11_d2_lag1,7.04351394042245e-06,0.009972972972972973,34.90175
local_poly_w11_d2_lag1,7.3023972269875105e-06,0.00996282527881041,36.35699999999999
local_poly_w11_d2_lag1,7.359491075687252e-07,0.009976905311778292,37.21
local_poly_w11_d2_lag1,7.453461835525515e-06,0.009974025974025974,43.97127999999999
local_poly_w11_d2_lag1,7.4717252575586085e-06,0.009971264367816092,36.254979999999996
local_poly_w11_d2_lag1,7.824174330589471e-07,0.009964412811387902,35.3838
local_poly_w11_d2_lag1,8.545214540412869e-07,0.009975609756097561,38.61821999999999
local_poly_w11_d2_lag1,8.994221497170166e-08,0.009975369458128078,36.52945
local_poly_w11_d2_lag1,9.376589891636334e-06,0.009976190476190477,36.06804
local_poly_w11_d3_lag1,0.00010732531074351293,0.009974874371859297,36.965529999999994
local_poly_w11_d3_lag1,1.0398725145957146e-05,0.00996078431372549,42.929140000000004
local_poly_w11_d3_lag1,1.1735414543814715e-05,0.009972299168975069,39.974799999999995
local_poly_w11_d3_lag1,1.2116089363320365e-07,0.00996415770609319,45.84224
local_poly_w11_d3_lag1,1.2548698187324782e-05,0.00996389891696751,41.22008000000001
local_poly_w11_d3_lag1,1.3112758968338375e-06,0.00997289972899729,40.276559999999996
local_poly_w11_d3_lag1,1.3116548482100615e-05,0.00997289972899729,39.36056
local_poly_w11_d3_lag1,1.3619406516053657e-08,0.009967637540453074,38.61836
local_poly_w11_d3_lag1,1.4538865048898656e-05,0.009966777408637873,37.5
local_poly_w11_d3_lag1,1.5821595205547984e-07,0.009974811083123425,38.116360000000014
local_poly_w11_d3_lag1,1.5887142679793756e-06,0.009976190476190477,38.12648
local_poly_w11_d3_lag1,1.6522085522434344e-09,0.009976190476190477,39.507000000000005
local_poly_w11_d3_lag1,1.6921558341424065e-06,0.009971590909090909,34.72075000000001
local_poly_w11_d3_lag1,1.7295597981749278e-06,0.009963369963369963,37.841999999999985
local_poly_w11_d3_lag1,1.830439686253935e-07,0.009961538461538461,36.97581
local_poly_w11_d3_lag1,1.89060453928493e-06,0.009973118279569893,39.60300000000001
local_poly_w11_d3_lag1,1.901161064197503e-06,0.009972972972972973,36.77604
local_poly_w11_d3_lag1,1.997624227878559e-07,0.009976635514018693,37.94873000000001
local_poly_w11_d3_lag1,2.0372900056567542e-06,0.009973474801061009,39.37900000000002
local_poly_w11_d3_lag1,2.0671629813446908e-05,0.009972527472527472,35.79691000000001
local_poly_w11_d3_lag1,2.1267880609311725e-06,0.009971264367816092,39.10973999999992
local_poly_w11_d3_lag1,2.165681337950747e-07,0.009970238095238096,36.65229999999994
local_poly_w11_d3_lag1,2.5105939446077764e-06,0.009965277777777778,38.71078999999999
local_poly_w11_d3_lag1,2.790686966375977e-05,0.009975124378109452,37.32967
local_poly_w11_d3_lag1,2.8164597143546495e-06,0.009969788519637464,36.92499999999998
local_poly_w11_d3_lag1,3.2420160933727795e-07,0.009963235294117648,37.732040000000026
local_poly_w11_d3_lag1,3.2826747171576935e-08,0.009976905311778292,38.811440000000005
local_poly_w11_d3_lag1,3.375499535460307e-06,0.00997737556561086,38.34853
local_poly_w11_d3_lag1,3.432109633128806e-05,0.00996309963099631,36.97060000000001
local_poly_w11_d3_lag1,3.476372554722024e-06,0.009962686567164179,37.45792
local_poly_w11_d3_lag1,3.5555730722579106e-06,0.009976635514018693,36.44075000000001
local_poly_w11_d3_lag1,3.663015750447737e-05,0.009969969969969971,40.19688
local_poly_w11_d3_lag1,3.895507266558503e-09,0.009975369458128078,38.12224999999999
local_poly_w11_d3_lag1,3.963851012377216e-06,0.00997282608695652,37.08292
local_poly_w11_d3_lag1,4.119913838542543e-06,0.009974874371859297,40.91726
local_poly_w11_d3_lag1,4.438012109283078e-06,0.009961389961389962,39.534859999999995
local_poly_w11_d3_lag1,4.641506420628163e-06,0.009973262032085562,43.13499999999999
local_poly_w11_d3_lag1,4.805755158945005e-07,0.009960937500000001,41.68329999999998
local_poly_w11_d3_lag1,4.910567634637403e-06,0.009972602739726028,37.44688
local_poly_w11_d3_lag1,5.30889484072899e-07,0.009964912280701755,45.46556
local_poly_w11_d3_lag1,5.501875602254333e-06,0.009974025974025974,38.269999999999996
local_poly_w11_d3_lag1,5.512768269141974e-07,0.00997275204359673,45.821059999999996
local_poly_w11_d3_lag1,5.611234749586987e-06,0.009963636363636364,38.944079999999985
local_poly_w11_d3_lag1,5.664678611735534e-07,0.009970326409495548,37.13312
local_poly_w11_d3_lag1,5.7442436312205474e-06,0.009975845410628018,38.34796
local_poly_w11_d3_lag1,5.804181449267554e-06,0.009970845481049562,36.71249999999997
local_poly_w11_d3_lag1,5.893222319803949e-06,0.009962121212121212,40.352000000000004
local_poly_w11_d3_lag1,6.05488586311178e-07,0.009964412811387902,36.38339999999998
local_poly_w11_d3_lag1,6.179135083944502e-06,0.00996282527881041,43.55287999999999
local_poly_w11_d3_lag1,6.762256953805226e-05,0.009964285714285714,38.177499999999995
local_poly_w11_d3_lag1,7.440682648756702e-06,0.009970588235294118,36.34025000000001
local_poly_w11_d3_lag1,7.473146045905492e-05,0.00997275204359673,38.25249999999999
local_poly_w11_d3_lag1,7.541509886666471e-06,0.009972067039106147,37.31787000000001
local_poly_w11_d3_lag1,7.800705115597216e-06,0.009971590909090909,40.702670000000005
local_poly_w11_d3_lag1,7.88282887799426e-06,0.009961089494163425,36.13844
local_poly_w11_d3_lag1,7.89629746409692e-07,0.009975609756097561,37.89818999999999
local_poly_w11_d3_lag1,8.706876999922414e-07,0.009961240310077519,45.10163
local_poly_w11_d3_lag1,9.34444583429122e-05,0.009967532467532469,43.77000000000001
local_poly_w11_d3_lag1,9.791399431911148e-06,0.009971509971509971,37.875
local_poly_w11_d3_lag1,9.955032120738832e-06,0.009971264367816092,38.963749999999976
local_poly_w5_d2_lag1,1.0096800797099628e-06,0.009965277777777778,34.24137
local_poly_w5_d2_lag1,1.0662688575743125e-05,0.009961089494163425,33.71148
local_poly_w5_d2_lag1,1.0926238876011042e-06,0.009974811083123425,31.72564000000001
local_poly_w5_d2_lag1,1.1124497586981608e-06,0.009970238095238096,33.92545
local_poly_w5_d2_lag1,1.1485983258248846e-05,0.009970845481049562,34.417779999999986
local_poly_w5_d2_lag1,1.1515276275833995e-05,0.009971509971509971,33.8335
local_poly_w5_d2_lag1,1.1614760123076504e-05,0.009971264367816092,32.07896999999996
local_poly_w5_d2_lag1,1.2777097745244484e-06,0.009976635514018693,31.69491000000001
local_poly_w5_d2_lag1,1.3793377090971907e-08,0.009976190476190477,32.39702
local_poly_w5_d2_lag1,1.46698107648757e-06,0.009973474801061009,37.21692
local_poly_w5_d2_lag1,1.5417929218971625e-06,0.009963235294117648,31.949860000000015
local_poly_w5_d2_lag1,1.552633288374378e-06,0.00997275204359673,35.64061999999999
local_poly_w5_d2_lag1,1.631048432559819e-06,0.009972602739726028,35.11664000000002
local_poly_w5_d2_lag1,1.765791573612287e-05,0.009975124378109452,36.74825000000004
local_poly_w5_d2_lag1,1.9193275054460494e-06,0.009960937500000001,40.245799999999996
local_poly_w5_d2_lag1,1.9718383100551732e-08,0.009967637540453074,34.68808
local_poly_w5_d2_lag1,1.9835252043587944e-06,0.009976635514018693,33.06434000000002
local_poly_w5_d2_lag1,1.9945808300611132e-05,0.00996309963099631,37.8706
local_poly_w5_d2_lag1,2.0605451774387204e-05,0.009969969969969971,34.089560000000006
local_poly_w5_d2_lag1,2.1007740156022766e-06,0.00997289972899729,34.616679999999995
local_poly_w5_d2_lag1,2.229789520239164e-06,0.009961389961389962,33.29121999999999
local_poly_w5_d2_lag1,2.3267493745478942e-06,0.009964912280701755,32.10316
local_poly_w5_d2_lag1,2.338452742004701e-06,0.009973118279569893,35.25375000000002
local_poly_w5_d2_lag1,2.34888617879814e-06,0.009972972972972973,35.192730000000005
local_poly_w5_d2_lag1,2.4700973982428624e-07,0.009976905311778292,34.26644
local_poly_w5_d2_lag1,2.4931210971738553e-06,0.009971264367816092,34.19125
local_poly_w5_d2_lag1,2.5705757546537205e-06,0.009974025974025974,35.005559999999996
local_poly_w5_d2_lag1,2.6195552073804855e-07,0.009964412811387902,36.75839999999999
local_poly_w5_d2_lag1,2.629489760930344e-06,0.00996282527881041,30.831
local_poly_w5_d2_lag1,2.9166928584582795e-07,0.009975609756097561,32.117529999999995
local_poly_w5_d2_lag1,3.002689242589673e-08,0.009975369458128078,31.843749999999993
local_poly_w5_d2_lag1,3.133106032222313e-06,0.009976190476190477,32.625
local_poly_w5_d2_lag1,3.471974989305549e-06,0.009971590909090909,36.55375000000001
local_poly_w5_d2_lag1,3.5094967368697563e-05,0.009964285714285714,36.89243
local_poly_w5_d2_lag1,3.5110406460736192e-06,0.009961240310077519,32.120250000000006
local_poly_w5_d2_lag1,3.5852337325975546e-06,0.009963636363636364,32.875
local_poly_w5_d2_lag1,3.6810237007373833e-06,0.009970588235294118,31.887500000000017
local_poly_w5_d2_lag1,3.9764409182266264e-05,0.00997275204359673,31.404559999999993
local_poly_w5_d2_lag1,3.9838151848341656e-06,0.009970326409495548,35.96823999999999
local_poly_w5_d2_lag1,4.102220489743316e-05,0.009967532467532469,35.12213
local_poly_w5_d2_lag1,4.876912352064206e-05,0.009974874371859297,34.715239999999994
local_poly_w5_d2_lag1,4.916754076247621e-06,0.00997737556561086,36.089999999999975
local_poly_w5_d2_lag1,5.3371520212061e-06,0.009971590909090909,32.99633000000001
local_poly_w5_d2_lag1,5.455777255670622e-06,0.009974874371859297,32.83747999999992
local_poly_w5_d2_lag1,5.5279103663280895e-06,0.00996389891696751,33.51992
local_poly_w5_d2_lag1,5.689894392938902e-06,0.00996078431372549,32.40654
local_poly_w5_d2_lag1,5.804781499263413e-06,0.009973262032085562,33.586819999999996
local_poly_w5_d2_lag1,5.907117115027827e-07,0.00996415770609319,42.118019999999966
local_poly_w5_d2_lag1,7.3527322003173644e-06,0.009972299168975069,32.77499999999998
local_poly_w5_d2_lag1,7.434319699265937e-07,0.009961538461538461,33.47012000000001
local_poly_w5_d2_lag1,7.435394907123737e-06,0.009962686567164179,35.65457999999994
local_poly_w5_d2_lag1,7.735411278891773e-06,0.00997289972899729,34.18355999999999
local_poly_w5_d2_lag1,7.837518765241166e-06,0.00997282608695652,36.19356
local_poly_w5_d2_lag1,7.873413262285596e-06,0.009975845410628018,37.125
local_poly_w5_d2_lag1,7.88460528689289e-06,0.009962121212121212,33.666250000000005
local_poly_w5_d2_lag1,8.399744048135303e-07,0.009963369963369963,33.86171999999999
local_poly_w5_d2_lag1,8.550514019621563e-06,0.009966777408637873,31.75
local_poly_w5_d2_lag1,9.082264693875253e-06,0.009972067039106147,32.73894000000001
local_poly_w5_d2_lag1,9.353907869176943e-07,0.009969788519637464,33.3294
local_poly_w5_d2_lag1,9.882769210226749e-06,0.009972527472527472,36.80717
local_poly_w5_d3_lag1,1.0533491073559182e-08,0.00997275204359673,34.75349999999998
local_poly_w5_d3_lag1,1.069309409253172e-08,0.009964912280701755,34.14100000000001
local_poly_w5_d3_lag1,1.0834417046420066e-08,0.009970326409495548,36.68623999999999
local_poly_w5_d3_lag1,1.1235119620508936e-07,0.009970845481049562,34.627779999999994
local_poly_w5_d3_lag1,1.1297247977463392e-07,0.009976635514018693,36.189750000000004
local_poly_w5_d3_lag1,1.1763033601137482e-07,0.009975845410628018,42.31142
local_poly_w5_d3_lag1,1.2130997856426232e-07,0.009962121212121212,35.54625
local_poly_w5_d3_lag1,1.3670112702857584e-08,0.009964412811387902,35.6334
local_poly_w5_d3_lag1,1.450800386235722e-06,0.009964285714285714,32.986929999999994
local_poly_w5_d3_lag1,1.4588069148307112e-07,0.009965277777777778,32.75358
local_poly_w5_d3_lag1,1.4601804963273485e-07,0.009961389961389962,38.163639999999994
local_poly_w5_d3_lag1,1.5469950524117046e-07,0.009972067039106147,31.88718
local_poly_w5_d3_lag1,1.5657235903117269e-06,0.009966777408637873,37.875
local_poly_w5_d3_lag1,1.5725346258543986e-06,0.00997275204359673,36.95121999999997
local_poly_w5_d3_lag1,1.6275394217777634e-07,0.009961089494163425,34.34151999999999
local_poly_w5_d3_lag1,1.7458057162038292e-07,0.009972602739726028,34.381640000000004
local_poly_w5_d3_lag1,1.7611204203202463e-08,0.009961240310077519,34.86981
local_poly_w5_d3_lag1,1.7804819872907875e-07,0.009963636363636364,34.37123999999999
local_poly_w5_d3_lag1,1.8372618168437873e-07,0.009974025974025974,39.02672
local_poly_w5_d3_lag1,1.9525558188535105e-08,0.009975609756097561,42.613749999999996
local_poly_w5_d3_lag1,2.0359533359677217e-07,0.009971509971509971,42.729
local_poly_w5_d3_lag1,2.0724072533666225e-07,0.009971264367816092,34.82128999999999
local_poly_w5_d3_lag1,2.1143770424597483e-06,0.009967532467532469,32.881930000000004
local_poly_w5_d3_lag1,2.373309626668296e-09,0.00996415770609319,32.87249999999997
local_poly_w5_d3_lag1,2.3751701318033514e-06,0.009974874371859297,33.877489999999995
local_poly_w5_d3_lag1,2.40473151501659e-07,0.009972299168975069,34.40859999999998
local_poly_w5_d3_lag1,2.4075653830379576e-07,0.00996282527881041,34.776559999999996
local_poly_w5_d3_lag1,2.4790198939063307e-07,0.009971590909090909,36.07517000000001
local_poly_w5_d3_lag1,2.52004036170797e-08,0.00997289972899729,33.797879999999985
local_poly_w5_d3_lag1,2.721629407838055e-07,0.00997289972899729,34.20832
local_poly_w5_d3_lag1,2.759711089727286e-10,0.009967637540453074,36.30472000000003
local_poly_w5_d3_lag1,3.042116425306135e-08,0.009976190476190477,36.0245
local_poly_w5_d3_lag1,3.073072965389874e-09,0.009974811083123425,35.01664000000001
local_poly_w5_d3_lag1,3.160571319845966e-11,0.009976190476190477,34.18352
local_poly_w5_d3_lag1,3.308624869574478e-08,0.009971590909090909,33.06207
local_poly_w5_d3_lag1,3.3088503834104614e-07,0.00996078431372549,35.62164
local_poly_w5_d3_lag1,3.7008802729313237e-09,0.009961538461538461,35.43381
local_poly_w5_d3_lag1,3.928231966882911e-08,0.009972972972972973,40.59052
local_poly_w5_d3_lag1,3.9283928711311746e-08,0.009973118279569893,32.985500000000044
local_poly_w5_d3_lag1,3.955304161605363e-09,0.009976635514018693,33.63741000000001
local_poly_w5_d3_lag1,4.326915398841038e-09,0.009970238095238096,33.982899999999994
local_poly_w5_d3_lag1,4.3833480776582855e-08,0.009971264367816092,35.37775999999998
local_poly_w5_d3_lag1,4.5080668225697686e-07,0.009972527472527472,34.45196
local_poly_w5_d3_lag1,5.691548029806861e-07,0.009975124378109452,34.91267
local_poly_w5_d3_lag1,5.740367788962405e-08,0.009963369963369963,37.02352
local_poly_w5_d3_lag1,6.082145046174102e-07,0.00996389891696751,38.16176000000001
local_poly_w5_d3_lag1,6.17596452535388e-07,0.009970588235294118,37.64763000000001
local_poly_w5_d3_lag1,6.355230017061932e-09,0.009963235294117648,35.800890000000045
local_poly_w5_d3_lag1,6.365493183094922e-10,0.009976905311778292,34.73512000000001
local_poly_w5_d3_lag1,6.45830858336278e-08,0.009973474801061009,36.763000000000005
local_poly_w5_d3_lag1,6.704437835745738e-08,0.009962686567164179,34.068639999999995
local_poly_w5_d3_lag1,6.880717966497771e-08,0.00997737556561086,33.240339999999996
local_poly_w5_d3_lag1,7.151660313424481e-07,0.00996309963099631,33.479400000000005
local_poly_w5_d3_lag1,7.45851423702467e-11,0.009975369458128078,33.54854999999999
local_poly_w5_d3_lag1,7.63473985595175e-08,0.00997282608695652,34.90231
local_poly_w5_d3_lag1,7.647938684472194e-07,0.009969969969969971,34.335
local_poly_w5_d3_lag1,8.258973970531914e-08,0.009969788519637464,42.2044
local_poly_w5_d3_lag1,8.43369561885271e-08,0.009974874371859297,32.52873999999997
local_poly_w5_d3_lag1,9.543707600590072e-08,0.009973262032085562,33.83608999999999
local_poly_w5_d3_lag1,9.727058029095526e-09,0.009960937500000001,33.05639999999998
local_poly_w7_d2_lag1,0.00011751902095557377,0.009974874371859297,35.80198999999999
local_poly_w7_d2_lag1,1.2127394258275876e-05,0.00996389891696751,37.34700000000001
local_poly_w7_d2_lag1,1.2238489830638902e-05,0.00997737556561086,37.914719999999996
local_poly_w7_d2_lag1,1.2946284947623468e-05,0.009971590909090909,33.533500000000004
local_poly_w7_d2_lag1,1.3566172902015859e-05,0.009974874371859297,33.60048999999998
local_poly_w7_d2_lag1,1.363762446601982e-05,0.00996078431372549,32.51568000000002
local_poly_w7_d2_lag1,1.3671678347915252e-05,0.009966777408637873,32.541
local_poly_w7_d2_lag1,1.4425092972556618e-05,0.009973262032085562,35.93143
local_poly_w7_d2_lag1,1.4577101349176115e-06,0.00996415770609319,32.80697999999996
local_poly_w7_d2_lag1,1.802419649984065e-05,0.009972299168975069,33.79199999999997
local_poly_w7_d2_lag1,1.8502750577465144e-05,0.009962686567164179,37.86064
local_poly_w7_d2_lag1,1.8576095384472775e-06,0.009961538461538461,37.34025000000002
local_poly_w7_d2_lag1,1.8756070783343787e-06,0.009965277777777778,35.01625
local_poly_w7_d2_lag1,1.8913253380547057e-05,0.00997289972899729,36.75212
local_poly_w7_d2_lag1,1.9519313768195237e-05,0.00997282608695652,36.13727999999999
local_poly_w7_d2_lag1,1.9588083696668678e-05,0.009975845410628018,33.694500000000005
local_poly_w7_d2_lag1,1.9629288430305645e-05,0.009962121212121212,33.59854
local_poly_w7_d2_lag1,1.995121260483832e-06,0.009963369963369963,34.22023999999997
local_poly_w7_d2_lag1,2.074974571511736e-06,0.009969788519637464,32.78299999999999
local_poly_w7_d2_lag1,2.2550701409872365e-05,0.009972067039106147,42.652880000000074
local_poly_w7_d2_lag1,2.3919278107019512e-05,0.009972527472527472,35.98113000000001
local_poly_w7_d2_lag1,2.6554333896365513e-05,0.009961089494163425,36.04148
local_poly_w7_d2_lag1,2.7066934192498703e-06,0.009974811083123425,35.593
local_poly_w7_d2_lag1,2.780288540656947e-06,0.009970238095238096,33.09595
local_poly_w7_d2_lag1,2.860657627381929e-05,0.009971509971509971,35.9795
local_poly_w7_d2_lag1,2.863751293259837e-05,0.009970845481049562,33.79907999999998
local_poly_w7_d2_lag1,2.8851320882378532e-05,0.009971264367816092,35.311509999999984
local_poly_w7_d2_lag1,3.193719480862195e-06,0.009976635514018693,36.5
local_poly_w7_d2_lag1,3.4392688168290784e-08,0.009976190476190477,34.19452
local_poly_w7_d2_lag1,3.440502278230315e-06,0.009972602739726028,34.57188
local_poly_w7_d2_lag1,3.5844114988093602e-06,0.009973474801061009,36.84816000000001
local_poly_w7_d2_lag1,3.8035907484758807e-06,0.009963235294117648,35.29139000000003
local_poly_w7_d2_lag1,3.854787689715798e-06,0.00997275204359673,41.90322
local_poly_w7_d2_lag1,4.3411278136647985e-05,0.009975124378109452,34.70092
local_poly_w7_d2_lag1,4.786845702568319e-06,0.009976635514018693,33.16673
local_poly_w7_d2_lag1,4.795765061707524e-06,0.009960937500000001,35.27689999999998
local_poly_w7_d2_lag1,4.87197683462574e-05,0.00996309963099631,36.396100000000004
local_poly_w7_d2_lag1,4.897355754803982e-08,0.009967637540453074,34.54692000000003
local_poly_w7_d2_lag1,5.0289613433026935e-05,0.009969969969969971,38.212
local_poly_w7_d2_lag1,5.191394608472238e-06,0.00997289972899729,35.25512
local_poly_w7_d2_lag1,5.319917844655014e-06,0.009961389961389962,32.772
local_poly_w7_d2_lag1,5.813956150482543e-06,0.009973118279569893,34.52407
local_poly_w7_d2_lag1,5.814473702267171e-06,0.009964912280701755,32.81116
local_poly_w7_d2_lag1,5.8378404892727176e-06,0.009972972972972973,35.49846
local_poly_w7_d2_lag1,5.970954679880727e-06,0.00996282527881041,36.458439999999996
local_poly_w7_d2_lag1,6.070789842558714e-06,0.009974025974025974,32.979
local_poly_w7_d2_lag1,6.123512875214801e-07,0.009976905311778292,34.05200000000001
local_poly_w7_d2_lag1,6.1893992065900265e-06,0.009971264367816092,35.306769999999965
local_poly_w7_d2_lag1,6.268979065934268e-06,0.009970588235294118,32.20501000000001
local_poly_w7_d2_lag1,6.278509370967023e-07,0.009964412811387902,33.44159999999999
local_poly_w7_d2_lag1,6.807730305226666e-07,0.009975609756097561,34.27296999999998
local_poly_w7_d2_lag1,7.488914363601328e-08,0.009975369458128078,35.432999999999964
local_poly_w7_d2_lag1,7.793837460253381e-06,0.009976190476190477,33.340250000000005
local_poly_w7_d2_lag1,8.509259692695631e-05,0.009964285714285714,34.25
local_poly_w7_d2_lag1,8.62199708495336e-06,0.009971590909090909,33.454330000000006
local_poly_w7_d2_lag1,8.728238033578174e-06,0.009963636363636364,34.69716
local_poly_w7_d2_lag1,8.772945544812847e-06,0.009961240310077519,34.00768000000001
local_poly_w7_d2_lag1,9.693404508513784e-05,0.00997275204359673,33.268439999999984
local_poly_w7_d2_lag1,9.852475058701998e-05,0.009967532467532469,35.42307
local_poly_w7_d2_lag1,9.925202859722341e-06,0.009970326409495548,33.326359999999994
local_poly_w7_d3_lag1,1.0010755575189716e-06,0.009975845410628018,43.49325
local_poly_w7_d3_lag1,1.0352507219344066e-06,0.009962121212121212,35.48267
local_poly_w7_d3_lag1,1.1454251886422003e-07,0.009964412811387902,35.68279999999999
local_poly_w7_d3_lag1,1.222612489196231e-06,0.009963636363636364,37.7225
local_poly_w7_d3_lag1,1.2305252516050879e-05,0.009964285714285714,37.793679999999995
local_poly_w7_d3_lag1,1.2609987077943858e-06,0.009974025974025974,37.05855999999995
local_poly_w7_d3_lag1,1.315635532714079e-06,0.009972067039106147,34.84181000000001
local_poly_w7_d3_lag1,1.3209839343090608e-06,0.009972602739726028,35.540240000000004
local_poly_w7_d3_lag1,1.3427273748559076e-05,0.00997275204359673,36.464999999999975
local_poly_w7_d3_lag1,1.3855341930816472e-06,0.009961089494163425,35.18496
local_poly_w7_d3_lag1,1.507096303352507e-07,0.009961240310077519,38.10106
local_poly_w7_d3_lag1,1.6040594105163903e-07,0.009975609756097561,36.446839999999995
local_poly_w7_d3_lag1,1.6152494666944676e-06,0.00996282527881041,35.026559999999996
local_poly_w7_d3_lag1,1.6997629715500796e-06,0.009971590909090909,36.921250000000015
local_poly_w7_d3_lag1,1.7217799267518597e-06,0.009971509971509971,35.5835
local_poly_w7_d3_lag1,1.7516087578688044e-06,0.009971264367816092,35.95173999999999
local_poly_w7_d3_lag1,1.77092714423482e-05,0.009967532467532469,38.52000000000001
local_poly_w7_d3_lag1,2.0025086337168177e-05,0.009974874371859297,34.15874999999997
local_poly_w7_d3_lag1,2.0562559194708935e-08,0.00996415770609319,34.18075999999994
local_poly_w7_d3_lag1,2.066010743119733e-06,0.009972299168975069,36.141799999999996
local_poly_w7_d3_lag1,2.2003059715210087e-07,0.00997289972899729,34.524879999999996
local_poly_w7_d3_lag1,2.2670182768004676e-06,0.00996078431372549,35.582860000000004
local_poly_w7_d3_lag1,2.3320310519006132e-06,0.00997289972899729,36.01987999999999
local_poly_w7_d3_lag1,2.3756808033722723e-09,0.009967637540453074,35.545000000000016
local_poly_w7_d3_lag1,2.6585455899026874e-07,0.009976190476190477,38.5775
local_poly_w7_d3_lag1,2.670448834492612e-08,0.009974811083123425,38.223000000000006
local_poly_w7_d3_lag1,2.761425233196725e-10,0.009976190476190477,44.54027
local_poly_w7_d3_lag1,2.8719580768173835e-07,0.009971590909090909,35.602410000000006
local_poly_w7_d3_lag1,3.167568681104423e-08,0.009961538461538461,35.534440000000004
local_poly_w7_d3_lag1,3.3232115615757747e-07,0.009973118279569893,34.59754000000001
local_poly_w7_d3_lag1,3.3307425855920495e-07,0.009972972972972973,37.71552
local_poly_w7_d3_lag1,3.412575280465247e-08,0.009976635514018693,36.01241000000001
local_poly_w7_d3_lag1,3.720453308779226e-08,0.009970238095238096,35.168849999999985
local_poly_w7_d3_lag1,3.720729279850321e-07,0.009971264367816092,35.98523999999999
local_poly_w7_d3_lag1,3.816830137145284e-06,0.009972527472527472,35.70837
local_poly_w7_d3_lag1,3.8385802894716465e-06,0.00996389891696751,34.39308000000001
local_poly_w7_d3_lag1,3.885120426683528e-06,0.009970588235294118,36.33438000000001
local_poly_w7_d3_lag1,3.9312417075274796e-07,0.009963369963369963,34.94299999999993
local_poly_w7_d3_lag1,4.439054681786022e-07,0.009973474801061009,35.59308
local_poly_w7_d3_lag1,4.89527817999386e-06,0.009975124378109452,36.41492
local_poly_w7_d3_lag1,5.504781495883307e-08,0.009963235294117648,37.06607
local_poly_w7_d3_lag1,5.534732014210619e-09,0.009976905311778292,35.23788
local_poly_w7_d3_lag1,5.843689879584263e-07,0.009962686567164179,34.80938999999995
local_poly_w7_d3_lag1,5.866604874947686e-07,0.00997737556561086,36.13727999999997
local_poly_w7_d3_lag1,6.11420294191226e-06,0.00996309963099631,35.349900000000005
local_poly_w7_d3_lag1,6.514649191072114e-10,0.009975369458128078,43.7417
local_poly_w7_d3_lag1,6.537408758224989e-07,0.009969788519637464,36.10359999999998
local_poly_w7_d3_lag1,6.538337978882711e-06,0.009969969969969971,37.502
local_poly_w7_d3_lag1,6.658010286543789e-07,0.00997282608695652,35.511439999999986
local_poly_w7_d3_lag1,7.178389424249301e-07,0.009974874371859297,43.62626
local_poly_w7_d3_lag1,7.757926652974563e-07,0.009976635514018693,35.69693
local_poly_w7_d3_lag1,8.107832940425098e-07,0.009973262032085562,34.08058999999998
local_poly_w7_d3_lag1,8.321963653563324e-08,0.009960937500000001,38.55625
local_poly_w7_d3_lag1,9.166136077355281e-08,0.009964912280701755,35.84000000000005
local_poly_w7_d3_lag1,9.209813448602147e-08,0.00997275204359673,35.00499999999998
local_poly_w7_d3_lag1,9.307805565248055e-06,0.009966777408637873,43.5
local_poly_w7_d3_lag1,9.46686379173593e-08,0.009970326409495548,36.10388
local_poly_w7_d3_lag1,9.782154128331173e-07,0.009970845481049562,35.62122
local_poly_w7_d3_lag1,9.842054505832731e-07,0.009961389961389962,37.53891999999997
local_poly_w7_d3_lag1,9.899530141526206e-07,0.009965277777777778,35.090289999999996
local_poly_w9_d2_lag1,0.00011536661424979234,0.009964285714285714,34.96199999999996
local_poly_w9_d2_lag1,0.00013218626466492313,0.00997275204359673,34.97378
local_poly_w9_d2_lag1,0.00013222664254617725,0.009967532467532469,34.99419
local_poly_w9_d2_lag1,0.0001582985237447698,0.009974874371859297,33.89251999999998
local_poly_w9_d2_lag1,1.0466242519285569e-07,0.009975369458128078,33.692299999999996
local_poly_w9_d2_lag1,1.0867704442875405e-05,0.009976190476190477,40.2025
local_poly_w9_d2_lag1,1.1962133477978545e-05,0.009963636363636364,34.623159999999984
local_poly_w9_d2_lag1,1.201482610670286e-05,0.009971590909090909,36.617830000000005
local_poly_w9_d2_lag1,1.2275044097667209e-05,0.009961240310077519,42.14500000000001
local_poly_w9_d2_lag1,1.2849216871800783e-05,0.009966777408637873,36.75
local_poly_w9_d2_lag1,1.3861207346219369e-05,0.009970326409495548,33.639999999999986
local_poly_w9_d2_lag1,1.549711492168081e-05,0.00996389891696751,35.10492000000001
local_poly_w9_d2_lag1,1.705912829823711e-05,0.00997737556561086,35.35549999999999
local_poly_w9_d2_lag1,1.7698388987368147e-05,0.009971590909090909,36.90983000000001
local_poly_w9_d2_lag1,1.8445100728747358e-05,0.00996078431372549,34.26268
local_poly_w9_d2_lag1,1.889074897389846e-05,0.009974874371859297,35.38249999999999
local_poly_w9_d2_lag1,1.960347551815555e-06,0.009965277777777778,31.746369999999995
local_poly_w9_d2_lag1,2.0074077867514338e-05,0.009973262032085562,33.32508999999997
local_poly_w9_d2_lag1,2.0225738698108772e-06,0.00996415770609319,34.78597999999986
local_poly_w9_d2_lag1,2.4732090371906728e-05,0.009972299168975069,34.96659999999999
local_poly_w9_d2_lag1,2.569887132261261e-06,0.009969788519637464,39.96259999999999
local_poly_w9_d2_lag1,2.5805760660199265e-05,0.009962686567164179,36.20825
local_poly_w9_d2_lag1,2.589913389343073e-05,0.00997289972899729,35.351879999999994
local_poly_w9_d2_lag1,2.5991782570221163e-06,0.009961538461538461,33.810500000000005
local_poly_w9_d2_lag1,2.6765763606579465e-06,0.009963369963369963,33.95523999999998
local_poly_w9_d2_lag1,2.7238185737414377e-05,0.00997282608695652,36.56313999999997
local_poly_w9_d2_lag1,2.728912023270321e-05,0.009975845410628018,38.38996
local_poly_w9_d2_lag1,2.7378012941961865e-05,0.009962121212121212,37.01517
local_poly_w9_d2_lag1,3.135935350958854e-05,0.009972067039106147,33.98894000000001
local_poly_w9_d2_lag1,3.237587360691659e-05,0.009972527472527472,35.93950000000001
local_poly_w9_d2_lag1,3.7020152478964094e-05,0.009961089494163425,35.70352
local_poly_w9_d2_lag1,3.765458526597688e-06,0.009974811083123425,35.63336
local_poly_w9_d2_lag1,3.891133767231283e-06,0.009970238095238096,34.35614999999999
local_poly_w9_d2_lag1,3.979000005725714e-05,0.009971509971509971,34.042
local_poly_w9_d2_lag1,3.999832076662536e-05,0.009970845481049562,36.01877999999997
local_poly_w9_d2_lag1,4.012672255468988e-05,0.009971264367816092,35.75551
local_poly_w9_d2_lag1,4.0478653319511345e-06,0.009972602739726028,38.09364000000001
local_poly_w9_d2_lag1,4.470357186991848e-06,0.009976635514018693,34.34057000000002
local_poly_w9_d2_lag1,4.805775855132421e-08,0.009976190476190477,58.30333000000001
local_poly_w9_d2_lag1,4.9279111455663634e-06,0.009973474801061009,36.445080000000004
local_poly_w9_d2_lag1,5.27641084893438e-06,0.009963235294117648,32.80254000000005
local_poly_w9_d2_lag1,5.368903246508614e-06,0.00997275204359673,35.57022
local_poly_w9_d2_lag1,5.9717572844592004e-05,0.009975124378109452,34.916160000000005
local_poly_w9_d2_lag1,6.1342444175131784e-06,0.009970588235294118,35.90437000000004
local_poly_w9_d2_lag1,6.511328541051773e-06,0.009976635514018693,34.81059
local_poly_w9_d2_lag1,6.65871162610846e-05,0.00996309963099631,37.733900000000006
local_poly_w9_d2_lag1,6.710171534451652e-06,0.009960937500000001,35.945949999999996
local_poly_w9_d2_lag1,6.818871421100138e-08,0.009967637540453074,35.755000000000024
local_poly_w9_d2_lag1,6.866182060726222e-05,0.009969969969969971,36.17156000000001
local_poly_w9_d2_lag1,7.16562881913428e-06,0.009961389961389962,37.024999999999984
local_poly_w9_d2_lag1,7.204672277475024e-06,0.00997289972899729,36.81856
local_poly_w9_d2_lag1,7.71117285175269e-06,0.00996282527881041,36.415
local_poly_w9_d2_lag1,8.093127826993086e-06,0.009973118279569893,37.45829
local_poly_w9_d2_lag1,8.103841536816948e-06,0.009974025974025974,39.601159999999986
local_poly_w9_d2_lag1,8.124309079049205e-06,0.009972972972972973,33.85579
local_poly_w9_d2_lag1,8.136574174783273e-06,0.009964912280701755,33.36728000000001
local_poly_w9_d2_lag1,8.40241454874589e-07,0.009964412811387902,36.0332
local_poly_w9_d2_lag1,8.523131395579086e-07,0.009976905311778292,36.44988
local_poly_w9_d2_lag1,8.605153492937288e-06,0.009971264367816092,37.04651
local_poly_w9_d2_lag1,8.874978690115593e-07,0.009975609756097561,36.21624999999999
local_poly_w9_d3_lag1,1.0050226159686365e-06,0.009963369963369963,39.065239999999996
local_poly_w9_d3_lag1,1.0107583749154286e-07,0.009976635514018693,38.542
local_poly_w9_d3_lag1,1.08786471094149e-06,0.009971264367816092,38.56373
local_poly_w9_d3_lag1,1.0944163330797921e-05,0.009972527472527472,38.99821
local_poly_w9_d3_lag1,1.0986826802664753e-07,0.009970238095238096,37.52279999999999
local_poly_w9_d3_lag1,1.1418753106977824e-06,0.009973474801061009,36.70208000000001
local_poly_w9_d3_lag1,1.4354652178408028e-05,0.009975124378109452,44.99917
local_poly_w9_d3_lag1,1.5721474236096208e-05,0.009966777408637873,36.75
local_poly_w9_d3_lag1,1.6358197632750471e-07,0.009963235294117648,41.685320000000004
local_poly_w9_d3_lag1,1.6506325194464153e-08,0.009976905311778292,39.297000000000004
local_poly_w9_d3_lag1,1.6985917283433622e-06,0.009969788519637464,36.94559999999999
local_poly_w9_d3_lag1,1.7212154475488354e-06,0.00997737556561086,38.73278
local_poly_w9_d3_lag1,1.7458331273245859e-06,0.009962686567164179,38.083
local_poly_w9_d3_lag1,1.7801182964246172e-05,0.00996309963099631,36.63750000000001
local_poly_w9_d3_lag1,1.902466686768951e-05,0.009969969969969971,36.208
local_poly_w9_d3_lag1,1.9510058708981584e-09,0.009975369458128078,36.64615
local_poly_w9_d3_lag1,1.9900029457573957e-06,0.00997282608695652,36.92986
local_poly_w9_d3_lag1,1.995282395586026e-06,0.009976635514018693,36.89432
local_poly_w9_d3_lag1,2.057436243908917e-06,0.009965277777777778,36.74596
local_poly_w9_d3_lag1,2.1032812867991836e-06,0.009974874371859297,38.46146
local_poly_w9_d3_lag1,2.37233463161005e-06,0.009973262032085562,36.93868
local_poly_w9_d3_lag1,2.447075081668757e-07,0.009960937500000001,37.362349999999985
local_poly_w9_d3_lag1,2.5259570162728386e-06,0.009961389961389962,35.77971999999999
local_poly_w9_d3_lag1,2.6996193788542546e-07,0.009964912280701755,36.206160000000004
local_poly_w9_d3_lag1,2.7600614140762563e-07,0.00997275204359673,40.75499999999998
local_poly_w9_d3_lag1,2.8361790414574744e-07,0.009970326409495548,39.168119999999995
local_poly_w9_d3_lag1,2.918914704465687e-06,0.009970845481049562,41.41063999999999
local_poly_w9_d3_lag1,2.932707137266651e-06,0.009975845410628018,41.23921
local_poly_w9_d3_lag1,3.025510487926435e-06,0.009962121212121212,37.36229
local_poly_w9_d3_lag1,3.144739708878577e-06,0.009963636363636364,36.05266
local_poly_w9_d3_lag1,3.209522398710297e-06,0.009974025974025974,38.31671999999999
local_poly_w9_d3_lag1,3.221769171814859e-06,0.009972602739726028,37.57312000000001
local_poly_w9_d3_lag1,3.246417131760147e-07,0.009964412811387902,39.16659999999999
local_poly_w9_d3_lag1,3.5482429638413906e-05,0.009964285714285714,36.99742999999999
local_poly_w9_d3_lag1,3.852728811410753e-06,0.009972067039106147,37.23319000000001
local_poly_w9_d3_lag1,3.896699942908611e-05,0.00997275204359673,44.44522
local_poly_w9_d3_lag1,3.910255245519367e-06,0.00996282527881041,36.47012
local_poly_w9_d3_lag1,4.045228304528146e-06,0.009961089494163425,37.771519999999995
local_poly_w9_d3_lag1,4.371688991590987e-06,0.009971590909090909,36.16067
local_poly_w9_d3_lag1,4.4106203396874626e-07,0.009975609756097561,38.84102999999997
local_poly_w9_d3_lag1,4.4326181351219857e-07,0.009961240310077519,39.44638
local_poly_w9_d3_lag1,5.015561410090394e-05,0.009967532467532469,36.610440000000004
local_poly_w9_d3_lag1,5.01922604004558e-06,0.009971509971509971,40.521
local_poly_w9_d3_lag1,5.10446282240931e-06,0.009971264367816092,37.654759999999996
local_poly_w9_d3_lag1,5.714872743808513e-05,0.009974874371859297,37.29103
local_poly_w9_d3_lag1,5.830186979036839e-06,0.00996078431372549,38.550180000000005
local_poly_w9_d3_lag1,6.048926810124282e-06,0.009972299168975069,45.5
local_poly_w9_d3_lag1,6.111946908064839e-08,0.00996415770609319,40.114539999999984
local_poly_w9_d3_lag1,6.581601718158803e-07,0.00997289972899729,41.375119999999995
local_poly_w9_d3_lag1,6.7984125629629965e-06,0.00997289972899729,38.96512
local_poly_w9_d3_lag1,6.98069910151906e-09,0.009967637540453074,37.080560000000006
local_poly_w9_d3_lag1,7.156877272082476e-06,0.009970588235294118,38.64912000000001
local_poly_w9_d3_lag1,7.959771879171277e-08,0.009974811083123425,36.368040000000015
local_poly_w9_d3_lag1,7.961641800307952e-07,0.009976190476190477,35.375
local_poly_w9_d3_lag1,8.272390585559734e-10,0.009976190476190477,36.895540000000004
local_poly_w9_d3_lag1,8.350265913496697e-06,0.00996389891696751,39.25200000000001
local_poly_w9_d3_lag1,8.540289380220896e-07,0.009971590909090909,41.388920000000006
local_poly_w9_d3_lag1,9.317590137968238e-08,0.009961538461538461,38.85744000000004
local_poly_w9_d3_lag1,9.68937543227631e-07,0.009973118279569893,37.31536
local_poly_w9_d3_lag1,9.729525130787845e-07,0.009972972972972973,38.05471
position_only,0.0,0.0,10.351749999999983
position_only,0.0,0.0,11.106249999999996
position_only,0.0,0.0,11.267000000000008
position_only,0.0,0.0,11.350080000000004
position_only,0.0,0.0,11.358199999999995
position_only,0.0,0.0,11.399139999999985
position_only,0.0,0.0,11.511859999999992
position_only,0.0,0.0,11.518259999999998
position_only,0.0,0.0,11.538359999999999
position_only,0.0,0.0,11.57221
position_only,0.0,0.0,11.594339999999999
position_only,0.0,0.0,11.614560000000003
position_only,0.0,0.0,11.625
position_only,0.0,0.0,11.633940000000003
position_only,0.0,0.0,11.63747999999999
position_only,0.0,0.0,11.638279999999998
position_only,0.0,0.0,11.64479
position_only,0.0,0.0,11.676989999999991
position_only,0.0,0.0,11.699699999999998
position_only,0.0,0.0,11.699799999999993
position_only,0.0,0.0,11.701910000000007
position_only,0.0,0.0,11.72012
position_only,0.0,0.0,11.74200000000001
position_only,0.0,0.0,11.75
position_only,0.0,0.0,11.75348
position_only,0.0,0.0,11.795270000000002
position_only,0.0,0.0,11.803949999999999
position_only,0.0,0.0,11.826360000000001
position_only,0.0,0.0,11.84111000000001
position_only,0.0,0.0,11.875560000000002
position_only,0.0,0.0,11.87668
position_only,0.0,0.0,11.87988
position_only,0.0,0.0,11.894999999999996
position_only,0.0,0.0,11.8955
position_only,0.0,0.0,11.917680000000006
position_only,0.0,0.0,11.935190000000002
position_only,0.0,0.0,11.945219999999997
position_only,0.0,0.0,12.005000000000003
position_only,0.0,0.0,12.02752
position_only,0.0,0.0,12.123249999999983
position_only,0.0,0.0,12.190239999999998
position_only,0.0,0.0,12.274779999999998
position_only,0.0,0.0,12.277570000000004
position_only,0.0,0.0,12.327720000000008
position_only,0.0,0.0,12.39492
position_only,0.0,0.0,12.461519999999988
position_only,0.0,0.0,12.469289999999996
position_only,0.0,0.0,12.477760000000002
position_only,0.0,0.0,12.502159999999998
position_only,0.0,0.0,12.680439999999999
position_only,0.0,0.0,12.690750000000007
position_only,0.0,0.0,12.728580000000001
position_only,0.0,0.0,12.782499999999995
position_only,0.0,0.0,12.79161
position_only,0.0,0.0,12.833
position_only,0.0,0.0,12.856129999999999
position_only,0.0,0.0,17.443250000000013
position_only,0.0,0.0,18.128559999999986
position_only,0.0,0.0,20.583
position_only,0.0,0.0,21.908199999999997
raw_backward_difference,0.0,0.0,14.383099999999992
raw_backward_difference,0.0,0.0,14.393080000000003
raw_backward_difference,0.0,0.0,14.522239999999991
raw_backward_difference,0.0,0.0,14.57769
raw_backward_difference,0.0,0.0,14.610560000000003
raw_backward_difference,0.0,0.0,14.72344
raw_backward_difference,0.0,0.0,14.782250000000008
raw_backward_difference,0.0,0.0,15.005949999999997
raw_backward_difference,0.0,0.0,15.103919999999992
raw_backward_difference,0.0,0.0,15.157499999999995
raw_backward_difference,0.0,0.0,15.178750000000008
raw_backward_difference,0.0,0.0,15.26886
raw_backward_difference,0.0,0.0,15.296679999999956
raw_backward_difference,0.0,0.0,15.327219999999974
raw_backward_difference,0.0,0.0,15.335989999999997
raw_backward_difference,0.0,0.0,15.399820000000016
raw_backward_difference,0.0,0.0,15.433599999999975
raw_backward_difference,0.0,0.0,15.439470000000018
raw_backward_difference,0.0,0.0,15.452250000000003
raw_backward_difference,0.0,0.0,15.464499999999978
raw_backward_difference,0.0,0.0,15.5835
raw_backward_difference,0.0,0.0,15.66848
raw_backward_difference,0.0,0.0,15.74856
raw_backward_difference,0.0,0.0,15.810750000000027
raw_backward_difference,0.0,0.0,15.833199999999996
raw_backward_difference,0.0,0.0,15.970719999999977
raw_backward_difference,0.0,0.0,16.006000000000004
raw_backward_difference,0.0,0.0,16.04330999999998
raw_backward_difference,0.0,0.0,16.155
raw_backward_difference,0.0,0.0,16.184480000000004
raw_backward_difference,0.0,0.0,16.184879999999996
raw_backward_difference,0.0,0.0,16.2018
raw_backward_difference,0.0,0.0,16.255569999999988
raw_backward_difference,0.0,0.0,16.266840000000013
raw_backward_difference,0.0,0.0,16.28971
raw_backward_difference,0.0,0.0,16.465109999999967
raw_backward_difference,0.0,0.0,16.559229999999964
raw_backward_difference,0.0,0.0,16.571749999999994
raw_backward_difference,0.0,0.0,16.599999999999994
raw_backward_difference,0.0,0.0,16.608600000000013
raw_backward_difference,0.0,0.0,16.625
raw_backward_difference,0.0,0.0,16.719020000000004
raw_backward_difference,0.0,0.0,16.756750000000018
raw_backward_difference,0.0,0.0,16.793779999999995
raw_backward_difference,0.0,0.0,16.835489999999997
raw_backward_difference,0.0,0.0,17.093439999999998
raw_backward_difference,0.0,0.0,17.09508000000001
raw_backward_difference,0.0,0.0,17.115239999999982
raw_backward_difference,0.0,0.0,17.30644
raw_backward_difference,0.0,0.0,17.340239999999994
raw_backward_difference,0.0,0.0,17.375
raw_backward_difference,0.0,0.0,17.493280000000002
raw_backward_difference,0.0,0.0,17.662
raw_backward_difference,0.0,0.0,17.67125
raw_backward_difference,0.0,0.0,17.713250000000002
raw_backward_difference,0.0,0.0,17.869880000000006
raw_backward_difference,0.0,0.0,18.006680000000003
raw_backward_difference,0.0,0.0,18.041249999999998
raw_backward_difference,0.0,0.0,23.806439999999906
raw_backward_difference,0.0,0.0,26.34548
robust_ca_kf_s0.0001_q1000_i2.5,1.0617487756024362e-06,0.0,38.10501999999997
robust_ca_kf_s0.0001_q1000_i2.5,1.0764653868227197e-06,0.0,36.771
robust_ca_kf_s0.0001_q1000_i2.5,1.0946037241133068e-07,0.0,35.161739999999995
robust_ca_kf_s0.0001_q1000_i2.5,1.113870011624659e-06,0.0,35.76608
robust_ca_kf_s0.0001_q1000_i2.5,1.213433606850991e-06,0.0,35.692969999999995
robust_ca_kf_s0.0001_q1000_i2.5,1.3549985051602107e-07,0.0,38.64450000000001
robust_ca_kf_s0.0001_q1000_i2.5,1.4390926057588603e-06,0.0,39.125
robust_ca_kf_s0.0001_q1000_i2.5,1.4880134719677413e-06,0.0,37.891799999999996
robust_ca_kf_s0.0001_q1000_i2.5,1.5465878713860625e-06,0.0,36.75
robust_ca_kf_s0.0001_q1000_i2.5,1.5910914822892154e-07,0.0,36.82899999999998
robust_ca_kf_s0.0001_q1000_i2.5,1.660948174649801e-05,0.0,37.33339999999998
robust_ca_kf_s0.0001_q1000_i2.5,1.6619664170038773e-06,0.0,37.20282
robust_ca_kf_s0.0001_q1000_i2.5,1.7081358146513382e-06,0.0,44.51375
robust_ca_kf_s0.0001_q1000_i2.5,1.9622292859947426e-06,0.0,36.8624
robust_ca_kf_s0.0001_q1000_i2.5,101.92960155632157,0.0,36.23438999999999
robust_ca_kf_s0.0001_q1000_i2.5,193.04713368587423,0.0,35.90172
robust_ca_kf_s0.0001_q1000_i2.5,2.014589017681665e-07,0.0,37.34728000000001
robust_ca_kf_s0.0001_q1000_i2.5,2.0272937621191221e-07,0.0,36.693299999999994
robust_ca_kf_s0.0001_q1000_i2.5,2.0276459960408146e-06,0.0,37.083
robust_ca_kf_s0.0001_q1000_i2.5,2.1070219052800995e-06,0.0,37.1875
robust_ca_kf_s0.0001_q1000_i2.5,2.1253618649845654e-06,0.0,38.034739999999985
robust_ca_kf_s0.0001_q1000_i2.5,2.3282700601235402e-07,0.0,37.01268000000001
robust_ca_kf_s0.0001_q1000_i2.5,2.55857630080769e-05,0.0,34.89455999999999
robust_ca_kf_s0.0001_q1000_i2.5,2.6865089120449475e-06,0.0,36.00148
robust_ca_kf_s0.0001_q1000_i2.5,2.7281596569965525e-07,0.0,35.727000000000004
robust_ca_kf_s0.0001_q1000_i2.5,2.8584407111931096e-07,0.0,37.979390000000016
robust_ca_kf_s0.0001_q1000_i2.5,2.930905703034495e-07,0.0,35.41848
robust_ca_kf_s0.0001_q1000_i2.5,2.9576909970635045e-06,0.0,37.14024000000001
robust_ca_kf_s0.0001_q1000_i2.5,204.14343097483516,0.0,35.47228
robust_ca_kf_s0.0001_q1000_i2.5,248.76170905390188,0.0,36.83876
robust_ca_kf_s0.0001_q1000_i2.5,265.7014913406772,0.0,37.54599999999998
robust_ca_kf_s0.0001_q1000_i2.5,269.300769334614,0.0,43.929779999999994
robust_ca_kf_s0.0001_q1000_i2.5,3.2673117037921743e-06,0.0,35.95383
robust_ca_kf_s0.0001_q1000_i2.5,3.278843406416739e-07,0.0,36.06028000000002
robust_ca_kf_s0.0001_q1000_i2.5,3.4982480861549926e-07,0.0,36.74564999999999
robust_ca_kf_s0.0001_q1000_i2.5,3.604314233436708e-05,0.0,36.38474000000001
robust_ca_kf_s0.0001_q1000_i2.5,3.713369822229531e-07,0.0,36.18632
robust_ca_kf_s0.0001_q1000_i2.5,314.9748008812665,0.0,35.90902
robust_ca_kf_s0.0001_q1000_i2.5,329.4320626420943,0.0,35.43199999999999
robust_ca_kf_s0.0001_q1000_i2.5,4.2129539950466004e-07,0.0,35.50378
robust_ca_kf_s0.0001_q1000_i2.5,4.2405248356107933e-07,0.0,37.278440000000025
robust_ca_kf_s0.0001_q1000_i2.5,4.276714738607599e-07,0.0,36.81171000000001
robust_ca_kf_s0.0001_q1000_i2.5,4.2963373925037937e-07,0.0,37.946690000000004
robust_ca_kf_s0.0001_q1000_i2.5,4.549653662153121e-08,0.0,36.473440000000004
robust_ca_kf_s0.0001_q1000_i2.5,4.56291618762281e-07,0.0,35.986249999999956
robust_ca_kf_s0.0001_q1000_i2.5,4.890827488904597e-07,0.0,36.06856
robust_ca_kf_s0.0001_q1000_i2.5,5.171786356729091e-07,0.0,36.460119999999996
robust_ca_kf_s0.0001_q1000_i2.5,5.701987071239593e-07,0.0,35.6997
robust_ca_kf_s0.0001_q1000_i2.5,6.123626022689378e-07,0.0,43.80512
robust_ca_kf_s0.0001_q1000_i2.5,6.399348832648057e-07,0.0,36.66756
robust_ca_kf_s0.0001_q1000_i2.5,6.645808493071939e-07,0.0,36.89341
robust_ca_kf_s0.0001_q1000_i2.5,6.66983634784258e-07,0.0,36.82808
robust_ca_kf_s0.0001_q1000_i2.5,7.715993697048362e-06,0.0,36.18469
robust_ca_kf_s0.0001_q1000_i2.5,76.88903848265048,0.0,35.16195999999999
robust_ca_kf_s0.0001_q1000_i2.5,8.446614023276799e-06,0.0,37.709
robust_ca_kf_s0.0001_q1000_i2.5,8.983598359463327e-07,0.0,35.35549999999999
robust_ca_kf_s0.0001_q1000_i2.5,9.974944546488965e-07,0.0,36.91823
robust_ca_kf_s0.0001_q1000_i2.5,9.976588422038495e-07,0.0,36.916160000000005
robust_ca_kf_s0.0001_q1000_i2.5,91.01311013364739,0.0,37.2206
robust_ca_kf_s0.0001_q1000_i2.5,99.62370560930798,0.0,37.298680000000004
robust_ca_kf_s0.0001_q1000_i3,1.0617487756024362e-06,0.0,36.567499999999995
robust_ca_kf_s0.0001_q1000_i3,1.0764653868227197e-06,0.0,36.99718
robust_ca_kf_s0.0001_q1000_i3,1.0946037241133068e-07,0.0,38.795259999999985
robust_ca_kf_s0.0001_q1000_i3,1.113870011624659e-06,0.0,38.292
robust_ca_kf_s0.0001_q1000_i3,1.213433606850991e-06,0.0,36.451309999999985
robust_ca_kf_s0.0001_q1000_i3,1.2262016641098768e-05,0.0,39.72012
robust_ca_kf_s0.0001_q1000_i3,1.3549985051602107e-07,0.0,35.50925
robust_ca_kf_s0.0001_q1000_i3,1.4390926057588603e-06,0.0,44.23921
robust_ca_kf_s0.0001_q1000_i3,1.4880134719677413e-06,0.0,44.925200000000004
robust_ca_kf_s0.0001_q1000_i3,1.5465878713860625e-06,0.0,37.37013
robust_ca_kf_s0.0001_q1000_i3,1.5910914822892154e-07,0.0,38.150239999999975
robust_ca_kf_s0.0001_q1000_i3,1.6619664170038773e-06,0.0,37.13788
robust_ca_kf_s0.0001_q1000_i3,1.7081358146513382e-06,0.0,35.57967000000001
robust_ca_kf_s0.0001_q1000_i3,1.8762261948821786e-05,0.0,37.20351000000001
robust_ca_kf_s0.0001_q1000_i3,1.9622292859947426e-06,0.0,35.333
robust_ca_kf_s0.0001_q1000_i3,114.43434327886496,0.0,36.117499999999964
robust_ca_kf_s0.0001_q1000_i3,117.65609288745486,0.0,37.05999999999999
robust_ca_kf_s0.0001_q1000_i3,155.36148905977979,0.0,36.18927999999997
robust_ca_kf_s0.0001_q1000_i3,2.014589017681665e-07,0.0,35.379000000000026
robust_ca_kf_s0.0001_q1000_i3,2.0272937621191221e-07,0.0,37.008449999999996
robust_ca_kf_s0.0001_q1000_i3,2.0276459960408146e-06,0.0,35.21325
robust_ca_kf_s0.0001_q1000_i3,2.1070219052800995e-06,0.0,37.271
robust_ca_kf_s0.0001_q1000_i3,2.1253618649845654e-06,0.0,37.154759999999996
robust_ca_kf_s0.0001_q1000_i3,2.3282700601235402e-07,0.0,36.15700000000001
robust_ca_kf_s0.0001_q1000_i3,2.574831214534018e-06,0.0,43.97312
robust_ca_kf_s0.0001_q1000_i3,2.6865089120449475e-06,0.0,36.369519999999994
robust_ca_kf_s0.0001_q1000_i3,2.7281596569965525e-07,0.0,36.05500000000001
robust_ca_kf_s0.0001_q1000_i3,2.8584407111931096e-07,0.0,36.123710000000024
robust_ca_kf_s0.0001_q1000_i3,2.930905703034495e-07,0.0,37.45727
robust_ca_kf_s0.0001_q1000_i3,238.15142435969946,0.0,37.16625
robust_ca_kf_s0.0001_q1000_i3,267.17049060999864,0.0,37.13523999999999
robust_ca_kf_s0.0001_q1000_i3,292.5856045822241,0.0,37.23821999999999
robust_ca_kf_s0.0001_q1000_i3,3.2673117037921743e-06,0.0,35.70717
robust_ca_kf_s0.0001_q1000_i3,3.278843406416739e-07,0.0,36.74672
robust_ca_kf_s0.0001_q1000_i3,3.407362158017058e-06,0.0,39.792
robust_ca_kf_s0.0001_q1000_i3,3.4982480861549926e-07,0.0,38.41645
robust_ca_kf_s0.0001_q1000_i3,3.5899021005413334e-06,0.0,37.625
robust_ca_kf_s0.0001_q1000_i3,3.713369822229531e-07,0.0,36.13016000000001
robust_ca_kf_s0.0001_q1000_i3,337.77907357432235,0.0,37.362739999999974
robust_ca_kf_s0.0001_q1000_i3,4.2129539950466004e-07,0.0,37.26049999999999
robust_ca_kf_s0.0001_q1000_i3,4.2405248356107933e-07,0.0,45.41384000000017
robust_ca_kf_s0.0001_q1000_i3,4.276714738607599e-07,0.0,43.79339000000001
robust_ca_kf_s0.0001_q1000_i3,4.2963373925037937e-07,0.0,35.87175
robust_ca_kf_s0.0001_q1000_i3,4.549653662153121e-08,0.0,35.71212000000002
robust_ca_kf_s0.0001_q1000_i3,4.56291618762281e-07,0.0,36.486249999999956
robust_ca_kf_s0.0001_q1000_i3,4.890827488904597e-07,0.0,35.140559999999944
robust_ca_kf_s0.0001_q1000_i3,5.171786356729091e-07,0.0,35.97144
robust_ca_kf_s0.0001_q1000_i3,5.701987071239593e-07,0.0,43.74375
robust_ca_kf_s0.0001_q1000_i3,5.770581247169581e-05,0.0,40.06458000000001
robust_ca_kf_s0.0001_q1000_i3,52.37842612911725,0.0,42.234469999999995
robust_ca_kf_s0.0001_q1000_i3,6.123626022689378e-07,0.0,35.84155999999999
robust_ca_kf_s0.0001_q1000_i3,6.399348832648057e-07,0.0,37.59713000000001
robust_ca_kf_s0.0001_q1000_i3,6.645808493071939e-07,0.0,35.683419999999984
robust_ca_kf_s0.0001_q1000_i3,6.66983634784258e-07,0.0,38.10607999999999
robust_ca_kf_s0.0001_q1000_i3,7.715993697048362e-06,0.0,37.842500000000015
robust_ca_kf_s0.0001_q1000_i3,8.983598359463327e-07,0.0,35.64978
robust_ca_kf_s0.0001_q1000_i3,80.29582562849106,0.0,37.99788
robust_ca_kf_s0.0001_q1000_i3,9.974944546488965e-07,0.0,44.294489999999996
robust_ca_kf_s0.0001_q1000_i3,9.976588422038495e-07,0.0,35.270089999999996
robust_ca_kf_s0.0001_q1000_i3,96.05350805792088,0.0,37.112500000000004
robust_ca_kf_s0.0001_q100_i2.5,1.0054092578778948e-05,0.0,38.42848
robust_ca_kf_s0.0001_q100_i2.5,1.0108402889162226e-06,0.0,36.24532000000004
robust_ca_kf_s0.0001_q100_i2.5,1.0233045968211804e-06,0.0,36.07674999999999
robust_ca_kf_s0.0001_q100_i2.5,1.0624448691867617e-05,0.0,35.292
robust_ca_kf_s0.0001_q100_i2.5,1.0716934546699774e-05,0.0,37.44898999999997
robust_ca_kf_s0.0001_q100_i2.5,1.1014952689258162e-05,0.0,36.583
robust_ca_kf_s0.0001_q100_i2.5,1.1272852661646235e-06,0.0,37.95936999999999
robust_ca_kf_s0.0001_q100_i2.5,1.175249007237792e-06,0.0,37.292
robust_ca_kf_s0.0001_q100_i2.5,1.353266521811865e-06,0.0,37.22749999999999
robust_ca_kf_s0.0001_q100_i2.5,1.361617361691719e-06,0.0,36.794920000000005
robust_ca_kf_s0.0001_q100_i2.5,1.4303961874916234e-06,0.0,35.66332000000001
robust_ca_kf_s0.0001_q100_i2.5,1.6446919385849842e-05,0.0,37.14866000000002
robust_ca_kf_s0.0001_q100_i2.5,1.6468368002334176e-06,0.0,37.633799999999994
robust_ca_kf_s0.0001_q100_i2.5,1.7657413744137754e-06,0.0,35.927049999999994
robust_ca_kf_s0.0001_q100_i2.5,1.8440127447257847e-06,0.0,37.038180000000004
robust_ca_kf_s0.0001_q100_i2.5,1.995109705332062e-06,0.0,36.58143999999999
robust_ca_kf_s0.0001_q100_i2.5,118.12078456460011,0.0,35.38446
robust_ca_kf_s0.0001_q100_i2.5,18.770291652645476,0.0,36.826859999999996
robust_ca_kf_s0.0001_q100_i2.5,2.0890086593867857e-06,0.0,45.25121999999998
robust_ca_kf_s0.0001_q100_i2.5,2.1404552169053264e-06,0.0,37.83000000000001
robust_ca_kf_s0.0001_q100_i2.5,2.1570354402482104e-06,0.0,38.792680000000004
robust_ca_kf_s0.0001_q100_i2.5,2.1663246663973726e-06,0.0,36.036500000000004
robust_ca_kf_s0.0001_q100_i2.5,2.224861074295709e-05,0.0,37.658599999999986
robust_ca_kf_s0.0001_q100_i2.5,2.283885869174876e-07,0.0,38.86556
robust_ca_kf_s0.0001_q100_i2.5,2.2995490827377006e-06,0.0,38.710519999999995
robust_ca_kf_s0.0001_q100_i2.5,2.3055653812652243e-06,0.0,37.81699999999999
robust_ca_kf_s0.0001_q100_i2.5,2.4086132512107443e-06,0.0,37.029999999999944
robust_ca_kf_s0.0001_q100_i2.5,2.4813789064762697e-06,0.0,36.213119999999996
robust_ca_kf_s0.0001_q100_i2.5,3.160635448151641e-06,0.0,41.20125
robust_ca_kf_s0.0001_q100_i2.5,3.203166807343207e-07,0.0,37.91131
robust_ca_kf_s0.0001_q100_i2.5,3.2300566142904236e-06,0.0,37.209
robust_ca_kf_s0.0001_q100_i2.5,3.321974011795373e-06,0.0,35.644499999999994
robust_ca_kf_s0.0001_q100_i2.5,3.5832483151575486e-07,0.0,36.518640000000005
robust_ca_kf_s0.0001_q100_i2.5,3.630650361546107e-05,0.0,35.68012
robust_ca_kf_s0.0001_q100_i2.5,3.885656083159555e-05,0.0,35.95018
robust_ca_kf_s0.0001_q100_i2.5,31.013743914816274,0.0,35.758109999999974
robust_ca_kf_s0.0001_q100_i2.5,32.722935435965354,0.0,40.733100000000036
robust_ca_kf_s0.0001_q100_i2.5,33.63459620810615,0.0,37.669719999999984
robust_ca_kf_s0.0001_q100_i2.5,4.0435107481157444e-06,0.0,37.34188000000001
robust_ca_kf_s0.0001_q100_i2.5,4.530525951703785e-06,0.0,38.68721999999999
robust_ca_kf_s0.0001_q100_i2.5,4.956387611676807e-06,0.0,34.54034
robust_ca_kf_s0.0001_q100_i2.5,5.029070818826174e-06,0.0,37.41726
robust_ca_kf_s0.0001_q100_i2.5,5.076210865254159e-06,0.0,44.215
robust_ca_kf_s0.0001_q100_i2.5,5.297077438447319e-05,0.0,37.88726000000001
robust_ca_kf_s0.0001_q100_i2.5,5.327774187396913e-06,0.0,44.14386
robust_ca_kf_s0.0001_q100_i2.5,5.35247142357969e-06,0.0,36.86433999999998
robust_ca_kf_s0.0001_q100_i2.5,5.478422257869922e-07,0.0,35.28097999999998
robust_ca_kf_s0.0001_q100_i2.5,55.149920657141344,0.0,36.163729999999966
robust_ca_kf_s0.0001_q100_i2.5,55.702424521202396,0.0,36.83
robust_ca_kf_s0.0001_q100_i2.5,6.232761798984498e-07,0.0,37.930949999999996
robust_ca_kf_s0.0001_q100_i2.5,6.839330146371034e-07,0.0,35.244310000000006
robust_ca_kf_s0.0001_q100_i2.5,62.883518862726184,0.0,36.922000000000004
robust_ca_kf_s0.0001_q100_i2.5,69.83666054206859,0.0,36.11355999999999
robust_ca_kf_s0.0001_q100_i2.5,7.257056105085178e-06,0.0,37.84512000000001
robust_ca_kf_s0.0001_q100_i2.5,7.33359141218822e-06,0.0,36.79446
robust_ca_kf_s0.0001_q100_i2.5,7.874810671365414e-07,0.0,36.15123999999995
robust_ca_kf_s0.0001_q100_i2.5,8.3746458775035e-06,0.0,39.1075
robust_ca_kf_s0.0001_q100_i2.5,80.74432680580647,0.0,37.28021999999999
robust_ca_kf_s0.0001_q100_i2.5,84.964599496905,0.0,37.06813999999999
robust_ca_kf_s0.0001_q100_i2.5,9.571800124824227e-06,0.0,37.672290000000004
robust_ca_kf_s0.0001_q100_i3,0.00012222674595674493,0.0,37.32521
robust_ca_kf_s0.0001_q100_i3,1.0054092578778948e-05,0.0,37.15304
robust_ca_kf_s0.0001_q100_i3,1.0108402889162226e-06,0.0,39.471320000000006
robust_ca_kf_s0.0001_q100_i3,1.0233045968211804e-06,0.0,36.88354999999997
robust_ca_kf_s0.0001_q100_i3,1.0624448691867617e-05,0.0,36.8335
robust_ca_kf_s0.0001_q100_i3,1.0716934546699774e-05,0.0,36.15422999999999
robust_ca_kf_s0.0001_q100_i3,1.1272852661646235e-06,0.0,37.58266999999999
robust_ca_kf_s0.0001_q100_i3,1.175249007237792e-06,0.0,37.43559
robust_ca_kf_s0.0001_q100_i3,1.353266521811865e-06,0.0,37.65630999999997
robust_ca_kf_s0.0001_q100_i3,1.361617361691719e-06,0.0,36.89492
robust_ca_kf_s0.0001_q100_i3,1.4303961874916234e-06,0.0,37.44107
robust_ca_kf_s0.0001_q100_i3,1.52809885827978e-05,0.0,37.623
robust_ca_kf_s0.0001_q100_i3,1.6446919385849842e-05,0.0,37.576330000000006
robust_ca_kf_s0.0001_q100_i3,1.6468368002334176e-06,0.0,37.57479999999999
robust_ca_kf_s0.0001_q100_i3,1.7657413744137754e-06,0.0,37.718599999999995
robust_ca_kf_s0.0001_q100_i3,1.8440127447257847e-06,0.0,35.43559
robust_ca_kf_s0.0001_q100_i3,1.995109705332062e-06,0.0,43.791
robust_ca_kf_s0.0001_q100_i3,109.30609979644643,0.0,37.74423999999996
robust_ca_kf_s0.0001_q100_i3,2.0484040644655243e-05,0.0,36.19183000000002
robust_ca_kf_s0.0001_q100_i3,2.0890086593867857e-06,0.0,37.69671999999999
robust_ca_kf_s0.0001_q100_i3,2.1404552169053264e-06,0.0,35.29872
robust_ca_kf_s0.0001_q100_i3,2.1570354402482104e-06,0.0,36.548140000000004
robust_ca_kf_s0.0001_q100_i3,2.1663246663973726e-06,0.0,35.749790000000004
robust_ca_kf_s0.0001_q100_i3,2.283885869174876e-07,0.0,35.75332
robust_ca_kf_s0.0001_q100_i3,2.2995490827377006e-06,0.0,37.51698999999998
robust_ca_kf_s0.0001_q100_i3,2.3055653812652243e-06,0.0,37.021499999999996
robust_ca_kf_s0.0001_q100_i3,2.4086132512107443e-06,0.0,37.094439999999985
robust_ca_kf_s0.0001_q100_i3,2.4813789064762697e-06,0.0,36.45832
robust_ca_kf_s0.0001_q100_i3,23.472788600774837,0.0,37.57749999999997
robust_ca_kf_s0.0001_q100_i3,3.160635448151641e-06,0.0,36.27562
robust_ca_kf_s0.0001_q100_i3,3.1790859829949926e-06,0.0,38.05500000000001
robust_ca_kf_s0.0001_q100_i3,3.203166807343207e-07,0.0,35.48404
robust_ca_kf_s0.0001_q100_i3,3.2300566142904236e-06,0.0,36.87612000000001
robust_ca_kf_s0.0001_q100_i3,3.321974011795373e-06,0.0,40.357
robust_ca_kf_s0.0001_q100_i3,3.5832483151575486e-07,0.0,36.70400000000003
robust_ca_kf_s0.0001_q100_i3,3.885656083159555e-05,0.0,36.152370000000005
robust_ca_kf_s0.0001_q100_i3,33.21797201120346,0.0,37.1713
robust_ca_kf_s0.0001_q100_i3,33.351895839513574,0.0,37.04168
robust_ca_kf_s0.0001_q100_i3,39.53446372103521,0.0,36.73267999999999
robust_ca_kf_s0.0001_q100_i3,4.530525951703785e-06,0.0,37.519659999999966
robust_ca_kf_s0.0001_q100_i3,4.956387611676807e-06,0.0,35.18625
robust_ca_kf_s0.0001_q100_i3,47.883608308978985,0.0,44.038
robust_ca_kf_s0.0001_q100_i3,5.029070818826174e-06,0.0,37.256749999999954
robust_ca_kf_s0.0001_q100_i3,5.076210865254159e-06,0.0,37.00316000000001
robust_ca_kf_s0.0001_q100_i3,5.327774187396913e-06,0.0,37.70518
robust_ca_kf_s0.0001_q100_i3,5.35247142357969e-06,0.0,35.00382
robust_ca_kf_s0.0001_q100_i3,5.478422257869922e-07,0.0,35.89223999999992
robust_ca_kf_s0.0001_q100_i3,52.71967351325983,0.0,35.69313999999999
robust_ca_kf_s0.0001_q100_i3,55.92434636332413,0.0,40.69522
robust_ca_kf_s0.0001_q100_i3,6.232761798984498e-07,0.0,36.708
robust_ca_kf_s0.0001_q100_i3,6.793333714427187e-06,0.0,37.416
robust_ca_kf_s0.0001_q100_i3,6.839330146371034e-07,0.0,37.15700000000004
robust_ca_kf_s0.0001_q100_i3,7.257056105085178e-06,0.0,37.16154
robust_ca_kf_s0.0001_q100_i3,7.33359141218822e-06,0.0,35.738960000000006
robust_ca_kf_s0.0001_q100_i3,7.874810671365414e-07,0.0,36.31999999999999
robust_ca_kf_s0.0001_q100_i3,8.159058093085078e-06,0.0,37.44999999999999
robust_ca_kf_s0.0001_q100_i3,8.3746458775035e-06,0.0,35.63731
robust_ca_kf_s0.0001_q100_i3,87.99362559258996,0.0,35.575719999999976
robust_ca_kf_s0.0001_q100_i3,9.571800124824227e-06,0.0,38.876670000000004
robust_ca_kf_s0.0001_q100_i3,91.90276084404647,0.0,43.73572
robust_ca_kf_s0.0001_q10_i2.5,0.00013560200701852627,0.0,36.1045
robust_ca_kf_s0.0001_q10_i2.5,0.00017405245452838705,0.0,37.19622999999999
robust_ca_kf_s0.0001_q10_i2.5,1.3463143226026308e-05,0.0,38.209
robust_ca_kf_s0.0001_q10_i2.5,1.4045274916283488e-05,0.0,36.21037000000001
robust_ca_kf_s0.0001_q10_i2.5,1.4203442059484519e-05,0.0,36.417
robust_ca_kf_s0.0001_q10_i2.5,1.8172381266435978e-06,0.0,38.20855999999997
robust_ca_kf_s0.0001_q10_i2.5,1.867427025087996e-05,0.0,36.507080000000016
robust_ca_kf_s0.0001_q10_i2.5,1.9051134026980658e-06,0.0,43.24295999999998
robust_ca_kf_s0.0001_q10_i2.5,1.965670114712529e-05,0.0,37.627999999999986
robust_ca_kf_s0.0001_q10_i2.5,13.546225350317263,0.0,38.56690000000002
robust_ca_kf_s0.0001_q10_i2.5,14.522599775388931,0.0,36.71761
robust_ca_kf_s0.0001_q10_i2.5,14.90712251293576,0.0,36.270120000000006
robust_ca_kf_s0.0001_q10_i2.5,2.016286122015124e-06,0.0,36.31699999999999
robust_ca_kf_s0.0001_q10_i2.5,2.1000806015377755e-05,0.0,36.474090000000004
robust_ca_kf_s0.0001_q10_i2.5,2.1804186373202007e-05,0.0,37.84698999999995
robust_ca_kf_s0.0001_q10_i2.5,2.245947715039563e-05,0.0,37.646
robust_ca_kf_s0.0001_q10_i2.5,2.3198187105098885e-05,0.0,37.933179999999986
robust_ca_kf_s0.0001_q10_i2.5,2.338047956821497e-06,0.0,38.97121999999999
robust_ca_kf_s0.0001_q10_i2.5,2.973961137110013e-06,0.0,36.39016000000006
robust_ca_kf_s0.0001_q10_i2.5,23.601640834008453,0.0,39.583499999999994
robust_ca_kf_s0.0001_q10_i2.5,24.09167404379057,0.0,36.962499999999984
robust_ca_kf_s0.0001_q10_i2.5,28.855863214903334,0.0,35.99431
robust_ca_kf_s0.0001_q10_i2.5,29.544369493194488,0.0,40.432219999999994
robust_ca_kf_s0.0001_q10_i2.5,3.147854169009086e-05,0.0,37.107330000000005
robust_ca_kf_s0.0001_q10_i2.5,3.1573632687213313e-05,0.0,35.51979
robust_ca_kf_s0.0001_q10_i2.5,3.2462114388887855e-06,0.0,37.785
robust_ca_kf_s0.0001_q10_i2.5,3.407283119330322e-07,0.0,38.08529
robust_ca_kf_s0.0001_q10_i2.5,3.626599227615817e-05,0.0,35.65663000000001
robust_ca_kf_s0.0001_q10_i2.5,3.7869349302351766e-05,0.0,37.14179999999999
robust_ca_kf_s0.0001_q10_i2.5,3.8488137199782333e-07,0.0,38.95864000000002
robust_ca_kf_s0.0001_q10_i2.5,3.978706905463721e-06,0.0,38.49179999999999
robust_ca_kf_s0.0001_q10_i2.5,32.51172436708108,0.0,37.00872999999999
robust_ca_kf_s0.0001_q10_i2.5,34.518947779740714,0.0,36.60913999999999
robust_ca_kf_s0.0001_q10_i2.5,4.052350523888889e-05,0.0,34.8605
robust_ca_kf_s0.0001_q10_i2.5,4.338084634418492e-06,0.0,36.80696000000001
robust_ca_kf_s0.0001_q10_i2.5,4.450128214963579e-06,0.0,36.63749999999996
robust_ca_kf_s0.0001_q10_i2.5,40.42860663432164,0.0,37.49664
robust_ca_kf_s0.0001_q10_i2.5,5.0507567661259195e-05,0.0,35.891319999999986
robust_ca_kf_s0.0001_q10_i2.5,5.104990266013133e-06,0.0,36.48937000000002
robust_ca_kf_s0.0001_q10_i2.5,5.111203430234926e-06,0.0,37.54616000000001
robust_ca_kf_s0.0001_q10_i2.5,5.376889238873858e-05,0.0,37.966519999999996
robust_ca_kf_s0.0001_q10_i2.5,5.813091644948631e-06,0.0,36.070160000000016
robust_ca_kf_s0.0001_q10_i2.5,6.101908796538794e-06,0.0,37.12736000000001
robust_ca_kf_s0.0001_q10_i2.5,6.108404170635695e-06,0.0,35.966240000000006
robust_ca_kf_s0.0001_q10_i2.5,6.652968388455829e-07,0.0,36.766999999999996
robust_ca_kf_s0.0001_q10_i2.5,6.767327312297338e-05,0.0,38.47524
robust_ca_kf_s0.0001_q10_i2.5,7.101140400097388,0.0,37.12344000000001
robust_ca_kf_s0.0001_q10_i2.5,7.521284181246691,0.0,37.53999999999999
robust_ca_kf_s0.0001_q10_i2.5,7.678046094902324e-06,0.0,37.649849999999994
robust_ca_kf_s0.0001_q10_i2.5,7.831619746305519e-06,0.0,36.810180000000024
robust_ca_kf_s0.0001_q10_i2.5,8.288378744595466e-06,0.0,36.45632
robust_ca_kf_s0.0001_q10_i2.5,8.548387305437163e-05,0.0,39.78392
robust_ca_kf_s0.0001_q10_i2.5,8.726105114664698e-06,0.0,35.52735999999999
robust_ca_kf_s0.0001_q10_i2.5,9.308084400807391e-06,0.0,36.753560000000014
robust_ca_kf_s0.0001_q10_i2.5,9.349197230589425e-06,0.0,36.46344
robust_ca_kf_s0.0001_q10_i2.5,9.356741282875682e-06,0.0,37.13379000000001
robust_ca_kf_s0.0001_q10_i2.5,9.392148354522507e-06,0.0,36.977000000000004
robust_ca_kf_s0.0001_q10_i2.5,9.811934182129372e-07,0.0,37.018560000000015
robust_ca_kf_s0.0001_q10_i2.5,9.887730078267571e-06,0.0,35.81843999999996
robust_ca_kf_s0.0001_q10_i2.5,9.959053589281474e-06,0.0,35.80471999999997
robust_ca_kf_s0.0001_q10_i3,1.012896287293666e-05,0.0,35.917
robust_ca_kf_s0.0001_q10_i3,1.4045274916283488e-05,0.0,37.15788000000001
robust_ca_kf_s0.0001_q10_i3,1.4203442059484519e-05,0.0,35.71016
robust_ca_kf_s0.0001_q10_i3,1.8172381266435978e-06,0.0,38.25446999999999
robust_ca_kf_s0.0001_q10_i3,1.867427025087996e-05,0.0,38.48684
robust_ca_kf_s0.0001_q10_i3,1.9051134026980658e-06,0.0,37.187709999999996
robust_ca_kf_s0.0001_q10_i3,1.965670114712529e-05,0.0,37.78874999999997
robust_ca_kf_s0.0001_q10_i3,11.452195001366697,0.0,36.846320000000006
robust_ca_kf_s0.0001_q10_i3,11.50116359642583,0.0,38.59200000000001
robust_ca_kf_s0.0001_q10_i3,13.28699245569411,0.0,36.818889999999996
robust_ca_kf_s0.0001_q10_i3,14.643902073482355,0.0,36.93094
robust_ca_kf_s0.0001_q10_i3,17.46038153090637,0.0,36.77000000000001
robust_ca_kf_s0.0001_q10_i3,17.830564198464433,0.0,36.21235999999999
robust_ca_kf_s0.0001_q10_i3,2.016286122015124e-06,0.0,39.349599999999995
robust_ca_kf_s0.0001_q10_i3,2.1000806015377755e-05,0.0,36.41116000000001
robust_ca_kf_s0.0001_q10_i3,2.1804186373202007e-05,0.0,36.031259999999975
robust_ca_kf_s0.0001_q10_i3,2.245947715039563e-05,0.0,44.00932
robust_ca_kf_s0.0001_q10_i3,2.3198187105098885e-05,0.0,35.89251999999999
robust_ca_kf_s0.0001_q10_i3,2.338047956821497e-06,0.0,39.484999999999985
robust_ca_kf_s0.0001_q10_i3,2.547557967578113e-05,0.0,35.43375
robust_ca_kf_s0.0001_q10_i3,2.973961137110013e-06,0.0,35.47522
robust_ca_kf_s0.0001_q10_i3,28.802483787390944,0.0,35.92749999999996
robust_ca_kf_s0.0001_q10_i3,3.0075903879558717e-05,0.0,37.358799999999995
robust_ca_kf_s0.0001_q10_i3,3.147854169009086e-05,0.0,39.85875
robust_ca_kf_s0.0001_q10_i3,3.1573632687213313e-05,0.0,37.870000000000005
robust_ca_kf_s0.0001_q10_i3,3.2462114388887855e-06,0.0,35.52675999999999
robust_ca_kf_s0.0001_q10_i3,3.407283119330322e-07,0.0,37.42325
robust_ca_kf_s0.0001_q10_i3,3.428945104909107e-05,0.0,36.955
robust_ca_kf_s0.0001_q10_i3,3.626599227615817e-05,0.0,37.16756
robust_ca_kf_s0.0001_q10_i3,3.8488137199782333e-07,0.0,35.856080000000006
robust_ca_kf_s0.0001_q10_i3,3.978706905463721e-06,0.0,38.9044
robust_ca_kf_s0.0001_q10_i3,34.595596029015915,0.0,35.46514
robust_ca_kf_s0.0001_q10_i3,36.30184833114014,0.0,36.22056
robust_ca_kf_s0.0001_q10_i3,36.39917590415198,0.0,36.24666999999999
robust_ca_kf_s0.0001_q10_i3,4.052350523888889e-05,0.0,37.73575000000001
robust_ca_kf_s0.0001_q10_i3,4.279435099593568e-05,0.0,36.47304
robust_ca_kf_s0.0001_q10_i3,4.338084634418492e-06,0.0,36.028320000000015
robust_ca_kf_s0.0001_q10_i3,4.450128214963579e-06,0.0,36.57499999999999
robust_ca_kf_s0.0001_q10_i3,4.605689358310216e-05,0.0,36.9585
robust_ca_kf_s0.0001_q10_i3,4.6456523330119274e-05,0.0,36.15300999999998
robust_ca_kf_s0.0001_q10_i3,45.76916742982385,0.0,36.72396999999999
robust_ca_kf_s0.0001_q10_i3,49.18096334926069,0.0,35.969999999999985
robust_ca_kf_s0.0001_q10_i3,5.104990266013133e-06,0.0,35.46763
robust_ca_kf_s0.0001_q10_i3,5.111203430234926e-06,0.0,38.557500000000005
robust_ca_kf_s0.0001_q10_i3,5.515727903654369e-06,0.0,35.70112000000001
robust_ca_kf_s0.0001_q10_i3,5.813091644948631e-06,0.0,36.60708000000001
robust_ca_kf_s0.0001_q10_i3,6.101908796538794e-06,0.0,36.88311000000001
robust_ca_kf_s0.0001_q10_i3,6.652968388455829e-07,0.0,35.4548
robust_ca_kf_s0.0001_q10_i3,7.131821031454669e-05,0.0,37.40033000000002
robust_ca_kf_s0.0001_q10_i3,7.678046094902324e-06,0.0,36.20609999999999
robust_ca_kf_s0.0001_q10_i3,7.831619746305519e-06,0.0,43.62118
robust_ca_kf_s0.0001_q10_i3,8.288378744595466e-06,0.0,36.026559999999996
robust_ca_kf_s0.0001_q10_i3,8.726105114664698e-06,0.0,43.958
robust_ca_kf_s0.0001_q10_i3,9.308084400807391e-06,0.0,37.54944000000002
robust_ca_kf_s0.0001_q10_i3,9.349197230589425e-06,0.0,35.951319999999996
robust_ca_kf_s0.0001_q10_i3,9.356741282875682e-06,0.0,36.53564000000003
robust_ca_kf_s0.0001_q10_i3,9.392148354522507e-06,0.0,37.417
robust_ca_kf_s0.0001_q10_i3,9.811934182129372e-07,0.0,64.18688000000014
robust_ca_kf_s0.0001_q10_i3,9.887730078267571e-06,0.0,36.579999999999984
robust_ca_kf_s0.0001_q10_i3,9.959053589281474e-06,0.0,38.06449999999998
robust_ca_kf_s0.01_q1000_i2.5,0.00010420321605986532,0.0,36.91499999999999
robust_ca_kf_s0.01_q1000_i2.5,0.00011048782468889835,0.0,41.71044999999998
robust_ca_kf_s0.01_q1000_i2.5,0.000127569990495504,0.0,35.816559999999996
robust_ca_kf_s0.01_q1000_i2.5,0.0001312785540378137,0.0,35.93232000000005
robust_ca_kf_s0.01_q1000_i2.5,0.00013154953586530892,0.0,36.19221
robust_ca_kf_s0.01_q1000_i2.5,0.00013399698850545305,0.0,37.533280000000005
robust_ca_kf_s0.01_q1000_i2.5,0.00013873420588359536,0.0,35.168989999999994
robust_ca_kf_s0.01_q1000_i2.5,0.00015383236184281915,0.0,35.500779999999985
robust_ca_kf_s0.01_q1000_i2.5,0.0001713449678839594,0.0,41.10624000000001
robust_ca_kf_s0.01_q1000_i2.5,0.00018289854372845147,0.0,36.14707999999999
robust_ca_kf_s0.01_q1000_i2.5,0.00018508226151847418,0.0,37.89500000000001
robust_ca_kf_s0.01_q1000_i2.5,0.0001925857294896745,0.0,35.707999999999984
robust_ca_kf_s0.01_q1000_i2.5,0.000202103366519572,0.0,38.310320000000004
robust_ca_kf_s0.01_q1000_i2.5,0.00025186071429854237,0.0,36.7125
robust_ca_kf_s0.01_q1000_i2.5,0.0002710276450678402,0.0,36.016420000000004
robust_ca_kf_s0.01_q1000_i2.5,0.00027758259696149685,0.0,35.11575
robust_ca_kf_s0.01_q1000_i2.5,0.0002778261458695522,0.0,36.7655
robust_ca_kf_s0.01_q1000_i2.5,0.00030628740272396266,0.0,36.68199999999999
robust_ca_kf_s0.01_q1000_i2.5,0.0003247957572568055,0.0,37.54992999999998
robust_ca_kf_s0.01_q1000_i2.5,0.0003264519425955536,0.0,36.458120000000015
robust_ca_kf_s0.01_q1000_i2.5,0.00037711122594746827,0.0,39.583
robust_ca_kf_s0.01_q1000_i2.5,0.00044334393741696557,0.0,37.43096
robust_ca_kf_s0.01_q1000_i2.5,0.00045747721684023535,0.0,37.05717
robust_ca_kf_s0.01_q1000_i2.5,0.0004676877675249361,0.0,35.28108
robust_ca_kf_s0.01_q1000_i2.5,0.0005058034643673977,0.0,36.118810000000025
robust_ca_kf_s0.01_q1000_i2.5,0.0005132120542480488,0.0,36.22524
robust_ca_kf_s0.01_q1000_i2.5,0.0005633074179408088,0.0,36.991679999999995
robust_ca_kf_s0.01_q1000_i2.5,0.0005889875082667824,0.0,36.69200000000001
robust_ca_kf_s0.01_q1000_i2.5,0.0006098482190217311,0.0,44.60819999999999
robust_ca_kf_s0.01_q1000_i2.5,0.0006433217251565553,0.0,35.5625
robust_ca_kf_s0.01_q1000_i2.5,0.0006485793868846893,0.0,37.94874999999999
robust_ca_kf_s0.01_q1000_i2.5,0.0006551739276967302,0.0,35.32852
robust_ca_kf_s0.01_q1000_i2.5,0.0009512970526955733,0.0,43.78866000000001
robust_ca_kf_s0.01_q1000_i2.5,0.0011750077458017446,0.0,39.125
robust_ca_kf_s0.01_q1000_i2.5,0.0014312302301563449,0.0,35.541
robust_ca_kf_s0.01_q1000_i2.5,0.0014479198597267225,0.0,36.28944000000001
robust_ca_kf_s0.01_q1000_i2.5,0.0014644214258350576,0.0,35.013000000000005
robust_ca_kf_s0.01_q1000_i2.5,0.001578161517752578,0.0,35.97070000000002
robust_ca_kf_s0.01_q1000_i2.5,0.0017311550907638648,0.0,37.71313999999999
robust_ca_kf_s0.01_q1000_i2.5,0.001906846554357592,0.0,36.30060999999998
robust_ca_kf_s0.01_q1000_i2.5,0.001913726293929021,0.0,37.03248999999997
robust_ca_kf_s0.01_q1000_i2.5,0.0019332860542308266,0.0,43.84728
robust_ca_kf_s0.01_q1000_i2.5,0.002151522535623562,0.0,37.26317999999999
robust_ca_kf_s0.01_q1000_i2.5,1.4065791899180274e-05,0.0,35.76476
robust_ca_kf_s0.01_q1000_i2.5,107.14957306624153,0.0,37.67476
robust_ca_kf_s0.01_q1000_i2.5,3.3461345164887514e-05,0.0,39.54375999999997
robust_ca_kf_s0.01_q1000_i2.5,3.6338274798342904e-05,0.0,38.42499999999998
robust_ca_kf_s0.01_q1000_i2.5,3.7506316861522355e-05,0.0,35.92096
robust_ca_kf_s0.01_q1000_i2.5,4.1819527910317105e-05,0.0,40.82728
robust_ca_kf_s0.01_q1000_i2.5,4.279443068491635e-05,0.0,36.243030000000005
robust_ca_kf_s0.01_q1000_i2.5,6.219359267802288e-05,0.0,37.97396000000001
robust_ca_kf_s0.01_q1000_i2.5,6.407314395051142e-05,0.0,38.19154999999999
robust_ca_kf_s0.01_q1000_i2.5,7.29572665794348e-05,0.0,38.1649
robust_ca_kf_s0.01_q1000_i2.5,7.361623416955391e-05,0.0,37.65673000000001
robust_ca_kf_s0.01_q1000_i2.5,7.840528224911478e-05,0.0,34.061760000000014
robust_ca_kf_s0.01_q1000_i2.5,8.065890569224576e-05,0.0,36.07404
robust_ca_kf_s0.01_q1000_i2.5,8.737254509145734e-05,0.0,37.668070000000036
robust_ca_kf_s0.01_q1000_i2.5,9.37038193190241e-05,0.0,37.76655999999999
robust_ca_kf_s0.01_q1000_i2.5,9.528867923334531e-05,0.0,36.59125
robust_ca_kf_s0.01_q1000_i2.5,9.914554288527219e-05,0.0,36.35122
robust_ca_kf_s0.01_q1000_i3,0.00010420321605986532,0.0,35.94999999999996
robust_ca_kf_s0.01_q1000_i3,0.00011048782468889835,0.0,37.70974999999999
robust_ca_kf_s0.01_q1000_i3,0.000127569990495504,0.0,35.63787999999999
robust_ca_kf_s0.01_q1000_i3,0.0001312785540378137,0.0,36.02546000000001
robust_ca_kf_s0.01_q1000_i3,0.00013154953586530892,0.0,35.2445
robust_ca_kf_s0.01_q1000_i3,0.00013399698850545305,0.0,35.91472000000003
robust_ca_kf_s0.01_q1000_i3,0.00013873420588359536,0.0,38.38501999999999
robust_ca_kf_s0.01_q1000_i3,0.00015383236184281915,0.0,41.121999999999986
robust_ca_kf_s0.01_q1000_i3,0.0001713449678839594,0.0,35.478750000000005
robust_ca_kf_s0.01_q1000_i3,0.00018289854372845147,0.0,38.351079999999996
robust_ca_kf_s0.01_q1000_i3,0.00018508226151847418,0.0,44.00508000000001
robust_ca_kf_s0.01_q1000_i3,0.0001925857294896745,0.0,36.06659999999998
robust_ca_kf_s0.01_q1000_i3,0.000202103366519572,0.0,38.63732
robust_ca_kf_s0.01_q1000_i3,0.00025186071429854237,0.0,37.7374
robust_ca_kf_s0.01_q1000_i3,0.0002710276450678402,0.0,35.97692
robust_ca_kf_s0.01_q1000_i3,0.00027758259696149685,0.0,37.25
robust_ca_kf_s0.01_q1000_i3,0.0002778261458695522,0.0,43.875
robust_ca_kf_s0.01_q1000_i3,0.00030628740272396266,0.0,36.48023999999998
robust_ca_kf_s0.01_q1000_i3,0.0003247957572568055,0.0,37.28375
robust_ca_kf_s0.01_q1000_i3,0.0003264519425955536,0.0,35.69176000000001
robust_ca_kf_s0.01_q1000_i3,0.00037711122594746827,0.0,36.375
robust_ca_kf_s0.01_q1000_i3,0.00044334393741696557,0.0,35.52966000000001
robust_ca_kf_s0.01_q1000_i3,0.00045747721684023535,0.0,38.16342
robust_ca_kf_s0.01_q1000_i3,0.0004676877675249361,0.0,37.28354
robust_ca_kf_s0.01_q1000_i3,0.0005058034643673977,0.0,35.86968
robust_ca_kf_s0.01_q1000_i3,0.0005132120542480488,0.0,37.89558
robust_ca_kf_s0.01_q1000_i3,0.0005633074179408088,0.0,38.07599999999999
robust_ca_kf_s0.01_q1000_i3,0.0005889875082667824,0.0,37.04175
robust_ca_kf_s0.01_q1000_i3,0.0006098482190217311,0.0,37.341199999999965
robust_ca_kf_s0.01_q1000_i3,0.0006433217251565553,0.0,36.7085
robust_ca_kf_s0.01_q1000_i3,0.0006485793868846893,0.0,38.10175999999997
robust_ca_kf_s0.01_q1000_i3,0.0006551739276967302,0.0,36.32644
robust_ca_kf_s0.01_q1000_i3,0.0009512970526955733,0.0,36.66658
robust_ca_kf_s0.01_q1000_i3,0.0011750077458017446,0.0,39.35043999999999
robust_ca_kf_s0.01_q1000_i3,0.0014312302301563449,0.0,35.60363999999996
robust_ca_kf_s0.01_q1000_i3,0.0014479198597267225,0.0,36.338
robust_ca_kf_s0.01_q1000_i3,0.0014644214258350576,0.0,37.24706
robust_ca_kf_s0.01_q1000_i3,0.001578161517752578,0.0,37.3876
robust_ca_kf_s0.01_q1000_i3,0.0017311550907638648,0.0,37.06099999999999
robust_ca_kf_s0.01_q1000_i3,0.001906846554357592,0.0,36.31688999999999
robust_ca_kf_s0.01_q1000_i3,0.001913726293929021,0.0,36.06323999999998
robust_ca_kf_s0.01_q1000_i3,0.0019332860542308266,0.0,37.78821999999996
robust_ca_kf_s0.01_q1000_i3,0.002151522535623562,0.0,36.40056999999998
robust_ca_kf_s0.01_q1000_i3,1.4065791899180274e-05,0.0,35.835
robust_ca_kf_s0.01_q1000_i3,3.3461345164887514e-05,0.0,37.94825999999999
robust_ca_kf_s0.01_q1000_i3,3.6338274798342904e-05,0.0,35.244999999999976
robust_ca_kf_s0.01_q1000_i3,3.7506316861522355e-05,0.0,36.3275
robust_ca_kf_s0.01_q1000_i3,4.1819527910317105e-05,0.0,35.53864
robust_ca_kf_s0.01_q1000_i3,4.279443068491635e-05,0.0,38.40147
robust_ca_kf_s0.01_q1000_i3,6.219359267802288e-05,0.0,37.80868000000001
robust_ca_kf_s0.01_q1000_i3,6.407314395051142e-05,0.0,37.67895
robust_ca_kf_s0.01_q1000_i3,7.29572665794348e-05,0.0,37.66104999999999
robust_ca_kf_s0.01_q1000_i3,7.361623416955391e-05,0.0,39.11084
robust_ca_kf_s0.01_q1000_i3,7.840528224911478e-05,0.0,37.01008
robust_ca_kf_s0.01_q1000_i3,73.3701290770303,0.0,36.60799999999999
robust_ca_kf_s0.01_q1000_i3,8.065890569224576e-05,0.0,36.21575
robust_ca_kf_s0.01_q1000_i3,8.737254509145734e-05,0.0,36.13214000000001
robust_ca_kf_s0.01_q1000_i3,9.37038193190241e-05,0.0,34.681679999999986
robust_ca_kf_s0.01_q1000_i3,9.528867923334531e-05,0.0,38.324340000000014
robust_ca_kf_s0.01_q1000_i3,9.914554288527219e-05,0.0,44.01764
robust_ca_kf_s0.01_q100_i2.5,0.00010915901672214418,0.0,36.558519999999994
robust_ca_kf_s0.01_q100_i2.5,0.0001141152980094923,0.0,36.329999999999956
robust_ca_kf_s0.01_q100_i2.5,0.00012200312369668236,0.0,38.728549999999984
robust_ca_kf_s0.01_q100_i2.5,0.00013458536809064894,0.0,36.07808
robust_ca_kf_s0.01_q100_i2.5,0.00014924138880703379,0.0,38.12159000000001
robust_ca_kf_s0.01_q100_i2.5,0.00021354161804062143,0.0,37.79768
robust_ca_kf_s0.01_q100_i2.5,0.00022377385702170791,0.0,44.19154999999999
robust_ca_kf_s0.01_q100_i2.5,0.0002451697748510053,0.0,36.976760000000006
robust_ca_kf_s0.01_q100_i2.5,0.0002572604505303271,0.0,36.319439999999965
robust_ca_kf_s0.01_q100_i2.5,0.00025730662477762125,0.0,44.160090000000004
robust_ca_kf_s0.01_q100_i2.5,0.00027828678683381955,0.0,36.123439999999995
robust_ca_kf_s0.01_q100_i2.5,0.0002783867756369562,0.0,38.74618
robust_ca_kf_s0.01_q100_i2.5,0.00028459079677030163,0.0,37.40999999999997
robust_ca_kf_s0.01_q100_i2.5,0.00028629325893003965,0.0,40.75088000000002
robust_ca_kf_s0.01_q100_i2.5,0.0002965574900131703,0.0,36.66621999999999
robust_ca_kf_s0.01_q100_i2.5,0.00029793028381093094,0.0,35.89361
robust_ca_kf_s0.01_q100_i2.5,0.0003212793766958614,0.0,38.050200000000004
robust_ca_kf_s0.01_q100_i2.5,0.000385300826048922,0.0,44.645649999999996
robust_ca_kf_s0.01_q100_i2.5,0.0003887962248008059,0.0,40.27688
robust_ca_kf_s0.01_q100_i2.5,0.00042163840544957144,0.0,37.162399999999984
robust_ca_kf_s0.01_q100_i2.5,0.0004384236879599791,0.0,37.35707
robust_ca_kf_s0.01_q100_i2.5,0.0004391776398674601,0.0,37.42646
robust_ca_kf_s0.01_q100_i2.5,0.0004603943371245375,0.0,37.44622999999999
robust_ca_kf_s0.01_q100_i2.5,0.00046768699597589576,0.0,38.042
robust_ca_kf_s0.01_q100_i2.5,0.0005263394482931124,0.0,37.41492000000001
robust_ca_kf_s0.01_q100_i2.5,0.0005466744338664908,0.0,39.081880000000005
robust_ca_kf_s0.01_q100_i2.5,0.000570979967728405,0.0,36.75216
robust_ca_kf_s0.01_q100_i2.5,0.0006300628757760937,0.0,38.333
robust_ca_kf_s0.01_q100_i2.5,0.000704776685201024,0.0,35.34644000000001
robust_ca_kf_s0.01_q100_i2.5,0.0008002318425336274,0.0,37.371179999999995
robust_ca_kf_s0.01_q100_i2.5,0.0008315545344633236,0.0,35.64425
robust_ca_kf_s0.01_q100_i2.5,0.0009401626057919154,0.0,36.743749999999984
robust_ca_kf_s0.01_q100_i2.5,0.0009966460303384383,0.0,37.29021
robust_ca_kf_s0.01_q100_i2.5,0.0010295457345773618,0.0,35.668519999999994
robust_ca_kf_s0.01_q100_i2.5,0.0010431798908084298,0.0,37.89474
robust_ca_kf_s0.01_q100_i2.5,0.0010631981221084867,0.0,38.50344
robust_ca_kf_s0.01_q100_i2.5,0.0010857625142019103,0.0,37.775499999999994
robust_ca_kf_s0.01_q100_i2.5,0.0011268289003128482,0.0,36.98652
robust_ca_kf_s0.01_q100_i2.5,0.0011988100683285484,0.0,36.257999999999996
robust_ca_kf_s0.01_q100_i2.5,0.0014947678739111283,0.0,38.493120000000005
robust_ca_kf_s0.01_q100_i2.5,0.0015547423059042293,0.0,35.833
robust_ca_kf_s0.01_q100_i2.5,0.0016844180915360487,0.0,37.34
robust_ca_kf_s0.01_q100_i2.5,0.0019965008074308882,0.0,35.1675
robust_ca_kf_s0.01_q100_i2.5,0.0020435475901418327,0.0,35.74856
robust_ca_kf_s0.01_q100_i2.5,0.002135026412487492,0.0,37.9585
robust_ca_kf_s0.01_q100_i2.5,0.002150204505928296,0.0,37.42151
robust_ca_kf_s0.01_q100_i2.5,0.0023955720276830003,0.0,38.86292000000001
robust_ca_kf_s0.01_q100_i2.5,0.002812749523232121,0.0,37.06044000000001
robust_ca_kf_s0.01_q100_i2.5,0.0028785444422143027,0.0,36.396969999999975
robust_ca_kf_s0.01_q100_i2.5,0.002987837035240503,0.0,36.0873
robust_ca_kf_s0.01_q100_i2.5,0.003400058303459411,0.0,36.89936
robust_ca_kf_s0.01_q100_i2.5,0.003450541027986913,0.0,40.10988999999999
robust_ca_kf_s0.01_q100_i2.5,0.0035343084853033985,0.0,37.563750000000006
robust_ca_kf_s0.01_q100_i2.5,0.004019593835730629,0.0,36.85935999999998
robust_ca_kf_s0.01_q100_i2.5,0.004218919208152404,0.0,37.33021999999996
robust_ca_kf_s0.01_q100_i2.5,0.004302912835728757,0.0,35.75897999999996
robust_ca_kf_s0.01_q100_i2.5,33.139916367214234,0.0,39.44199999999999
robust_ca_kf_s0.01_q100_i2.5,4.834878106491386e-05,0.0,44.29168
robust_ca_kf_s0.01_q100_i2.5,6.271275306372666e-05,0.0,39.99369
robust_ca_kf_s0.01_q100_i2.5,6.97707657718558e-05,0.0,35.64892000000002
robust_ca_kf_s0.01_q100_i3,0.00010915901672214418,0.0,38.09047999999998
robust_ca_kf_s0.01_q100_i3,0.0001141152980094923,0.0,38.17173999999994
robust_ca_kf_s0.01_q100_i3,0.00012200312369668236,0.0,37.8899
robust_ca_kf_s0.01_q100_i3,0.00013458536809064894,0.0,38.75216
robust_ca_kf_s0.01_q100_i3,0.00014924138880703379,0.0,35.60022
robust_ca_kf_s0.01_q100_i3,0.00021354161804062143,0.0,36.53164000000002
robust_ca_kf_s0.01_q100_i3,0.00022377385702170791,0.0,38.98749999999998
robust_ca_kf_s0.01_q100_i3,0.0002451697748510053,0.0,36.13008000000001
robust_ca_kf_s0.01_q100_i3,0.0002572604505303271,0.0,37.136809999999976
robust_ca_kf_s0.01_q100_i3,0.00025730662477762125,0.0,36.334340000000005
robust_ca_kf_s0.01_q100_i3,0.00027828678683381955,0.0,35.76144
robust_ca_kf_s0.01_q100_i3,0.0002783867756369562,0.0,36.283070000000016
robust_ca_kf_s0.01_q100_i3,0.00028459079677030163,0.0,36.888439999999996
robust_ca_kf_s0.01_q100_i3,0.00028629325893003965,0.0,36.72388000000001
robust_ca_kf_s0.01_q100_i3,0.0002965574900131703,0.0,38.659859999999995
robust_ca_kf_s0.01_q100_i3,0.00029793028381093094,0.0,38.33339000000003
robust_ca_kf_s0.01_q100_i3,0.0003212793766958614,0.0,39.00059999999999
robust_ca_kf_s0.01_q100_i3,0.000385300826048922,0.0,37.13544999999999
robust_ca_kf_s0.01_q100_i3,0.0003887962248008059,0.0,36.55687999999999
robust_ca_kf_s0.01_q100_i3,0.00042163840544957144,0.0,40.128499999999995
robust_ca_kf_s0.01_q100_i3,0.0004384236879599791,0.0,38.52575000000001
robust_ca_kf_s0.01_q100_i3,0.0004391776398674601,0.0,40.929019999999994
robust_ca_kf_s0.01_q100_i3,0.0004603943371245375,0.0,37.80898999999998
robust_ca_kf_s0.01_q100_i3,0.00046768699597589576,0.0,40.70500000000001
robust_ca_kf_s0.01_q100_i3,0.0005263394482931124,0.0,35.685
robust_ca_kf_s0.01_q100_i3,0.0005466744338664908,0.0,37.03112000000001
robust_ca_kf_s0.01_q100_i3,0.000570979967728405,0.0,37.66033999999999
robust_ca_kf_s0.01_q100_i3,0.0006300628757760937,0.0,38.042
robust_ca_kf_s0.01_q100_i3,0.000704776685201024,0.0,40.34013
robust_ca_kf_s0.01_q100_i3,0.0008002318425336274,0.0,38.42578
robust_ca_kf_s0.01_q100_i3,0.0008315545344633236,0.0,36.84991000000001
robust_ca_kf_s0.01_q100_i3,0.0009401626057919154,0.0,38.73221999999998
robust_ca_kf_s0.01_q100_i3,0.0009966460303384383,0.0,36.169340000000005
robust_ca_kf_s0.01_q100_i3,0.0010295457345773618,0.0,37.43949999999998
robust_ca_kf_s0.01_q100_i3,0.0010431798908084298,0.0,37.66567
robust_ca_kf_s0.01_q100_i3,0.0010631981221084867,0.0,37.148559999999996
robust_ca_kf_s0.01_q100_i3,0.0010857625142019103,0.0,38.048179999999995
robust_ca_kf_s0.01_q100_i3,0.0011268289003128482,0.0,37.84321
robust_ca_kf_s0.01_q100_i3,0.0011988100683285484,0.0,44.05
robust_ca_kf_s0.01_q100_i3,0.0014947678739111283,0.0,40.780339999999995
robust_ca_kf_s0.01_q100_i3,0.0015547423059042293,0.0,36.04446
robust_ca_kf_s0.01_q100_i3,0.0016844180915360487,0.0,38.06606
robust_ca_kf_s0.01_q100_i3,0.0019965008074308882,0.0,38.68427999999999
robust_ca_kf_s0.01_q100_i3,0.0020435475901418327,0.0,37.28508
robust_ca_kf_s0.01_q100_i3,0.002135026412487492,0.0,41.604
robust_ca_kf_s0.01_q100_i3,0.002150204505928296,0.0,36.90822999999995
robust_ca_kf_s0.01_q100_i3,0.0023955720276830003,0.0,37.41283000000001
robust_ca_kf_s0.01_q100_i3,0.002812749523232121,0.0,36.896440000000005
robust_ca_kf_s0.01_q100_i3,0.0028785444422143027,0.0,34.48639
robust_ca_kf_s0.01_q100_i3,0.002987837035240503,0.0,36.64650000000001
robust_ca_kf_s0.01_q100_i3,0.003400058303459411,0.0,37.370639999999995
robust_ca_kf_s0.01_q100_i3,0.003450541027986913,0.0,45.37560999999994
robust_ca_kf_s0.01_q100_i3,0.0035343084853033985,0.0,35.55969
robust_ca_kf_s0.01_q100_i3,0.004019593835730629,0.0,43.0945
robust_ca_kf_s0.01_q100_i3,0.004218919208152404,0.0,44.25
robust_ca_kf_s0.01_q100_i3,0.004302912835728757,0.0,37.06601999999997
robust_ca_kf_s0.01_q100_i3,4.834878106491386e-05,0.0,35.140440000000005
robust_ca_kf_s0.01_q100_i3,41.34502973951142,0.0,36.764999999999986
robust_ca_kf_s0.01_q100_i3,6.271275306372666e-05,0.0,35.822
robust_ca_kf_s0.01_q100_i3,6.97707657718558e-05,0.0,36.96300000000002
robust_ca_kf_s0.01_q10_i2.5,0.00015855737335287247,0.0,35.852120000000006
robust_ca_kf_s0.01_q10_i2.5,0.00017467572548565715,0.0,36.53365
robust_ca_kf_s0.01_q10_i2.5,0.0001921344659939894,0.0,36.57579
robust_ca_kf_s0.01_q10_i2.5,0.00028576066245112523,0.0,41.231519999999996
robust_ca_kf_s0.01_q10_i2.5,0.00036881811728176593,0.0,38.42055999999999
robust_ca_kf_s0.01_q10_i2.5,0.0003689357389761392,0.0,37.165719999999986
robust_ca_kf_s0.01_q10_i2.5,0.00040836390458037243,0.0,36.03187000000001
robust_ca_kf_s0.01_q10_i2.5,0.00045788670759259434,0.0,38.675
robust_ca_kf_s0.01_q10_i2.5,0.0005010618927428663,0.0,37.5
robust_ca_kf_s0.01_q10_i2.5,0.0006036900710894417,0.0,36.19169999999999
robust_ca_kf_s0.01_q10_i2.5,0.0006987781576796278,0.0,38.43936000000001
robust_ca_kf_s0.01_q10_i2.5,0.0007173221578446605,0.0,37.995000000000005
robust_ca_kf_s0.01_q10_i2.5,0.0007399451494918882,0.0,36.39700000000002
robust_ca_kf_s0.01_q10_i2.5,0.0007544720026569892,0.0,36.72519999999999
robust_ca_kf_s0.01_q10_i2.5,0.0007837067322855717,0.0,36.36812000000001
robust_ca_kf_s0.01_q10_i2.5,0.0008000693978431261,0.0,38.98499999999999
robust_ca_kf_s0.01_q10_i2.5,0.0008083900196448148,0.0,37.35287999999996
robust_ca_kf_s0.01_q10_i2.5,0.0008511064119026993,0.0,39.809219999999996
robust_ca_kf_s0.01_q10_i2.5,0.0008695286990239118,0.0,35.910090000000004
robust_ca_kf_s0.01_q10_i2.5,0.0009004122121910914,0.0,38.166
robust_ca_kf_s0.01_q10_i2.5,0.0009627980015711494,0.0,38.17282000000003
robust_ca_kf_s0.01_q10_i2.5,0.001199362819219067,0.0,38.03868
robust_ca_kf_s0.01_q10_i2.5,0.001293318591595776,0.0,37.046499999999995
robust_ca_kf_s0.01_q10_i2.5,0.0013361026047260204,0.0,44.25643
robust_ca_kf_s0.01_q10_i2.5,0.0013398260223860003,0.0,37.26302
robust_ca_kf_s0.01_q10_i2.5,0.0013907162787390986,0.0,36.87072999999999
robust_ca_kf_s0.01_q10_i2.5,0.0014899820905783102,0.0,37.905
robust_ca_kf_s0.01_q10_i2.5,0.0015735256370844114,0.0,36.24500000000002
robust_ca_kf_s0.01_q10_i2.5,0.0016287380628679652,0.0,37.851579999999984
robust_ca_kf_s0.01_q10_i2.5,0.0019725943974264336,0.0,35.2355
robust_ca_kf_s0.01_q10_i2.5,0.002200883225799358,0.0,38.98188
robust_ca_kf_s0.01_q10_i2.5,0.0022714664822472853,0.0,37.27479999999999
robust_ca_kf_s0.01_q10_i2.5,0.002365824833342384,0.0,36.69862000000001
robust_ca_kf_s0.01_q10_i2.5,0.0024659153993338958,0.0,38.82696
robust_ca_kf_s0.01_q10_i2.5,0.002474538932965513,0.0,39.34723
robust_ca_kf_s0.01_q10_i2.5,0.0024827953452874092,0.0,37.26675
robust_ca_kf_s0.01_q10_i2.5,0.002522926160996069,0.0,35.74834
robust_ca_kf_s0.01_q10_i2.5,0.0029637163339182033,0.0,35.74205999999998
robust_ca_kf_s0.01_q10_i2.5,0.0030305499769302897,0.0,35.643439999999984
robust_ca_kf_s0.01_q10_i2.5,0.003190755585162853,0.0,44.002489999999995
robust_ca_kf_s0.01_q10_i2.5,0.0033252008228468956,0.0,38.42807
robust_ca_kf_s0.01_q10_i2.5,0.0046260922075933904,0.0,36.22983000000001
robust_ca_kf_s0.01_q10_i2.5,0.004660383503482659,0.0,44.198080000000004
robust_ca_kf_s0.01_q10_i2.5,0.005125393114254641,0.0,36.87556
robust_ca_kf_s0.01_q10_i2.5,0.005287025253980577,0.0,36.324250000000006
robust_ca_kf_s0.01_q10_i2.5,0.005666095662184481,0.0,36.69648
robust_ca_kf_s0.01_q10_i2.5,0.005908289189651858,0.0,38.683440000000004
robust_ca_kf_s0.01_q10_i2.5,0.005953226244021255,0.0,40.5873
robust_ca_kf_s0.01_q10_i2.5,0.006411117643767691,0.0,36.97186
robust_ca_kf_s0.01_q10_i2.5,0.006436572631793253,0.0,37.625
robust_ca_kf_s0.01_q10_i2.5,0.006469573558677394,0.0,37.04698
robust_ca_kf_s0.01_q10_i2.5,0.006678349611725775,0.0,38.45366999999998
robust_ca_kf_s0.01_q10_i2.5,0.008485735497009034,0.0,36.66499999999999
robust_ca_kf_s0.01_q10_i2.5,0.008936796526303083,0.0,38.743069999999996
robust_ca_kf_s0.01_q10_i2.5,0.009167492492801011,0.0,37.75224000000001
robust_ca_kf_s0.01_q10_i2.5,0.010463703301248174,0.0,39.04449999999999
robust_ca_kf_s0.01_q10_i2.5,0.011164029763546053,0.0,39.717989999999986
robust_ca_kf_s0.01_q10_i2.5,18.60716581897534,0.0,38.37164
robust_ca_kf_s0.01_q10_i2.5,8.965359341651885e-05,0.0,37.40023
robust_ca_kf_s0.01_q10_i2.5,9.999252103029257e-05,0.0,37.68564000000001
robust_ca_kf_s0.01_q10_i3,0.00015855737335287247,0.0,40.07856
robust_ca_kf_s0.01_q10_i3,0.00017467572548565715,0.0,37.216699999999996
robust_ca_kf_s0.01_q10_i3,0.0001921344659939894,0.0,35.45720999999999
robust_ca_kf_s0.01_q10_i3,0.00028576066245112523,0.0,38.14175999999994
robust_ca_kf_s0.01_q10_i3,0.00036881811728176593,0.0,36.057629999999996
robust_ca_kf_s0.01_q10_i3,0.0003689357389761392,0.0,38.03999999999998
robust_ca_kf_s0.01_q10_i3,0.00040836390458037243,0.0,39.36487000000001
robust_ca_kf_s0.01_q10_i3,0.00045788670759259434,0.0,37.1082
robust_ca_kf_s0.01_q10_i3,0.0005010618927428663,0.0,35.75266000000003
robust_ca_kf_s0.01_q10_i3,0.0006036900710894417,0.0,36.2251
robust_ca_kf_s0.01_q10_i3,0.0006987781576796278,0.0,38.01500000000001
robust_ca_kf_s0.01_q10_i3,0.0007173221578446605,0.0,36.89808000000001
robust_ca_kf_s0.01_q10_i3,0.0007399451494918882,0.0,37.940020000000004
robust_ca_kf_s0.01_q10_i3,0.0007544720026569892,0.0,36.219299999999976
robust_ca_kf_s0.01_q10_i3,0.0007837067322855717,0.0,37.084
robust_ca_kf_s0.01_q10_i3,0.0008000693978431261,0.0,36.30487999999999
robust_ca_kf_s0.01_q10_i3,0.0008083900196448148,0.0,37.46556
robust_ca_kf_s0.01_q10_i3,0.0008511064119026993,0.0,37.02814
robust_ca_kf_s0.01_q10_i3,0.0008695286990239118,0.0,37.192090000000015
robust_ca_kf_s0.01_q10_i3,0.0009004122121910914,0.0,36.792
robust_ca_kf_s0.01_q10_i3,0.0009627980015711494,0.0,36.21653000000001
robust_ca_kf_s0.01_q10_i3,0.001199362819219067,0.0,37.25712
robust_ca_kf_s0.01_q10_i3,0.001293318591595776,0.0,36.823249999999994
robust_ca_kf_s0.01_q10_i3,0.0013361026047260204,0.0,38.06436000000002
robust_ca_kf_s0.01_q10_i3,0.0013398260223860003,0.0,40.27675
robust_ca_kf_s0.01_q10_i3,0.0013907162787390986,0.0,36.79048999999996
robust_ca_kf_s0.01_q10_i3,0.0014899820905783102,0.0,38.01684
robust_ca_kf_s0.01_q10_i3,0.0015735256370844114,0.0,35.23356000000001
robust_ca_kf_s0.01_q10_i3,0.0016287380628679652,0.0,38.16391999999999
robust_ca_kf_s0.01_q10_i3,0.0019725943974264336,0.0,36.94464
robust_ca_kf_s0.01_q10_i3,0.002200883225799358,0.0,39.326319999999996
robust_ca_kf_s0.01_q10_i3,0.0022714664822472853,0.0,35.3666
robust_ca_kf_s0.01_q10_i3,0.002365824833342384,0.0,37.89500000000001
robust_ca_kf_s0.01_q10_i3,0.0024659153993338958,0.0,36.66279
robust_ca_kf_s0.01_q10_i3,0.002474538932965513,0.0,37.37896
robust_ca_kf_s0.01_q10_i3,0.0024827953452874092,0.0,35.621660000000006
robust_ca_kf_s0.01_q10_i3,0.002522926160996069,0.0,36.137240000000006
robust_ca_kf_s0.01_q10_i3,0.0029637163339182033,0.0,34.95971999999998
robust_ca_kf_s0.01_q10_i3,0.0030305499769302897,0.0,35.89561999999997
robust_ca_kf_s0.01_q10_i3,0.003190755585162853,0.0,36.85174999999998
robust_ca_kf_s0.01_q10_i3,0.0033252008228468956,0.0,38.722429999999996
robust_ca_kf_s0.01_q10_i3,0.0046260922075933904,0.0,36.15417000000001
robust_ca_kf_s0.01_q10_i3,0.004660383503482659,0.0,37.2775
robust_ca_kf_s0.01_q10_i3,0.005125393114254641,0.0,46.02625000000004
robust_ca_kf_s0.01_q10_i3,0.005287025253980577,0.0,37.70467
robust_ca_kf_s0.01_q10_i3,0.005666095662184481,0.0,35.76356
robust_ca_kf_s0.01_q10_i3,0.005908289189651858,0.0,36.74356
robust_ca_kf_s0.01_q10_i3,0.005953226244021255,0.0,37.645500000000006
robust_ca_kf_s0.01_q10_i3,0.006411117643767691,0.0,37.51268999999999
robust_ca_kf_s0.01_q10_i3,0.006436572631793253,0.0,36.958
robust_ca_kf_s0.01_q10_i3,0.006469573558677394,0.0,41.649249999999995
robust_ca_kf_s0.01_q10_i3,0.006678349611725775,0.0,39.44196999999999
robust_ca_kf_s0.01_q10_i3,0.008485735497009034,0.0,36.34686
robust_ca_kf_s0.01_q10_i3,0.008936796526303083,0.0,36.18049999999995
robust_ca_kf_s0.01_q10_i3,0.009167492492801011,0.0,39.45919000000001
robust_ca_kf_s0.01_q10_i3,0.010463703301248174,0.0,36.05977999999998
robust_ca_kf_s0.01_q10_i3,0.011164029763546053,0.0,36.40748999999997
robust_ca_kf_s0.01_q10_i3,11.013688137258148,0.0,38.614999999999995
robust_ca_kf_s0.01_q10_i3,8.965359341651885e-05,0.0,35.90271
robust_ca_kf_s0.01_q10_i3,9.999252103029257e-05,0.0,35.532000000000004
robust_ca_kf_s1e-06_q1000_i2.5,1.0289452976916293e-10,0.0,38.16499999999999
robust_ca_kf_s1e-06_q1000_i2.5,1.1031476857290372e-10,0.0,37.495
robust_ca_kf_s1e-06_q1000_i2.5,1.3096152083548486e-10,0.0,36.34713000000001
robust_ca_kf_s1e-06_q1000_i2.5,1.3239320010039484e-10,0.0,36.66691
robust_ca_kf_s1e-06_q1000_i2.5,1.3849714275159782e-10,0.0,36.715659999999986
robust_ca_kf_s1e-06_q1000_i2.5,1.5800072446574335e-09,0.0,37.68562000000001
robust_ca_kf_s1e-06_q1000_i2.5,1.6156967990057652e-10,0.0,37.5084
robust_ca_kf_s1e-06_q1000_i2.5,1.8392974361841071e-10,0.0,37.85224999999996
robust_ca_kf_s1e-06_q1000_i2.5,101.288634638321,0.0,36.984809999999996
robust_ca_kf_s1e-06_q1000_i2.5,101.44009398249925,0.0,37.67561
robust_ca_kf_s1e-06_q1000_i2.5,129.43119231584527,0.0,39.02393999999996
robust_ca_kf_s1e-06_q1000_i2.5,135.80639661331142,0.0,34.66449999999999
robust_ca_kf_s1e-06_q1000_i2.5,155.9808168753966,0.0,37.87
robust_ca_kf_s1e-06_q1000_i2.5,170.80472369938266,0.0,36.69446
robust_ca_kf_s1e-06_q1000_i2.5,194.13905147783265,0.0,36.59944
robust_ca_kf_s1e-06_q1000_i2.5,196.8057083705359,0.0,37.04499999999999
robust_ca_kf_s1e-06_q1000_i2.5,2.0425446443804935e-10,0.0,39.76247999999999
robust_ca_kf_s1e-06_q1000_i2.5,2.066779149318963e-10,0.0,38.76925
robust_ca_kf_s1e-06_q1000_i2.5,2.167454337799537e-10,0.0,36.22939999999999
robust_ca_kf_s1e-06_q1000_i2.5,2.1741786567977875e-10,0.0,37.964909999999996
robust_ca_kf_s1e-06_q1000_i2.5,2.2333450271350716e-11,0.0,35.91627999999999
robust_ca_kf_s1e-06_q1000_i2.5,2.236854796944552e-10,0.0,36.38036000000001
robust_ca_kf_s1e-06_q1000_i2.5,2.3318915627313943e-10,0.0,37.25138000000001
robust_ca_kf_s1e-06_q1000_i2.5,2.4104492085283125e-10,0.0,35.655
robust_ca_kf_s1e-06_q1000_i2.5,2.772980132994786e-11,0.0,37.23734000000001
robust_ca_kf_s1e-06_q1000_i2.5,2.9353308272796384e-06,0.0,36.841240000000006
robust_ca_kf_s1e-06_q1000_i2.5,2.94640668994563e-10,0.0,40.82221
robust_ca_kf_s1e-06_q1000_i2.5,218.5012100931273,0.0,37.38249999999999
robust_ca_kf_s1e-06_q1000_i2.5,240.36332689158735,0.0,35.752359999999996
robust_ca_kf_s1e-06_q1000_i2.5,241.54758128509505,0.0,37.18339999999998
robust_ca_kf_s1e-06_q1000_i2.5,253.075595657234,0.0,37.73811999999999
robust_ca_kf_s1e-06_q1000_i2.5,3.114873906840373e-10,0.0,36.08071000000001
robust_ca_kf_s1e-06_q1000_i2.5,3.1864299671314324e-11,0.0,36.32577
robust_ca_kf_s1e-06_q1000_i2.5,3.344042918900901e-11,0.0,37.145479999999985
robust_ca_kf_s1e-06_q1000_i2.5,3.4042344218454054e-10,0.0,35.625690000000006
robust_ca_kf_s1e-06_q1000_i2.5,3.568010799236314e-11,0.0,35.781079999999996
robust_ca_kf_s1e-06_q1000_i2.5,3.912789276611671e-10,0.0,36.021460000000005
robust_ca_kf_s1e-06_q1000_i2.5,4.113779135723063e-11,0.0,43.87832
robust_ca_kf_s1e-06_q1000_i2.5,4.148790880926354e-11,0.0,37.31239999999999
robust_ca_kf_s1e-06_q1000_i2.5,4.313658882380774e-10,0.0,37.8745
robust_ca_kf_s1e-06_q1000_i2.5,4.351186603403666e-10,0.0,35.27051999999994
robust_ca_kf_s1e-06_q1000_i2.5,4.4448345799691887e-10,0.0,36.310480000000005
robust_ca_kf_s1e-06_q1000_i2.5,4.764699670664312e-11,0.0,41.16734
robust_ca_kf_s1e-06_q1000_i2.5,5.635926582391962e-11,0.0,39.10316
robust_ca_kf_s1e-06_q1000_i2.5,5.831024704254328e-11,0.0,44.13786
robust_ca_kf_s1e-06_q1000_i2.5,6.199624197367673e-11,0.0,37.06935
robust_ca_kf_s1e-06_q1000_i2.5,6.689048079505842e-10,0.0,37.83134
robust_ca_kf_s1e-06_q1000_i2.5,63.67736789645095,0.0,36.5793
robust_ca_kf_s1e-06_q1000_i2.5,7.159075901636291e-11,0.0,36.76509999999999
robust_ca_kf_s1e-06_q1000_i2.5,7.743942794384282e-11,0.0,37.083
robust_ca_kf_s1e-06_q1000_i2.5,8.126405056902351e-06,0.0,35.792
robust_ca_kf_s1e-06_q1000_i2.5,8.180341373017919e-11,0.0,36.82046
robust_ca_kf_s1e-06_q1000_i2.5,8.678059079995412e-11,0.0,36.58444000000004
robust_ca_kf_s1e-06_q1000_i2.5,8.754576639039014e-11,0.0,36.21472
robust_ca_kf_s1e-06_q1000_i2.5,8.796324261846132e-11,0.0,37.52604
robust_ca_kf_s1e-06_q1000_i2.5,8.860447719878089e-11,0.0,37.455639999999995
robust_ca_kf_s1e-06_q1000_i2.5,86.10995640684827,0.0,37.22026000000001
robust_ca_kf_s1e-06_q1000_i2.5,9.292723201769108e-12,0.0,36.51512
robust_ca_kf_s1e-06_q1000_i2.5,9.345082872400199e-11,0.0,37.23278
robust_ca_kf_s1e-06_q1000_i2.5,9.495301779677394e-11,0.0,37.69188
robust_ca_kf_s1e-06_q1000_i3,1.0289452976916293e-10,0.0,36.70816
robust_ca_kf_s1e-06_q1000_i3,1.1031476857290372e-10,0.0,35.383679999999984
robust_ca_kf_s1e-06_q1000_i3,1.3096152083548486e-10,0.0,36.501810000000006
robust_ca_kf_s1e-06_q1000_i3,1.3239320010039484e-10,0.0,37.48943999999998
robust_ca_kf_s1e-06_q1000_i3,1.3849714275159782e-10,0.0,35.53373999999999
robust_ca_kf_s1e-06_q1000_i3,1.503382907495574e-05,0.0,34.56999999999999
robust_ca_kf_s1e-06_q1000_i3,1.5800072446574335e-09,0.0,36.95513
robust_ca_kf_s1e-06_q1000_i3,1.6156967990057652e-10,0.0,36.52559999999998
robust_ca_kf_s1e-06_q1000_i3,1.8392974361841071e-10,0.0,38.083
robust_ca_kf_s1e-06_q1000_i3,104.13243858033555,0.0,35.26670000000001
robust_ca_kf_s1e-06_q1000_i3,114.7875406304236,0.0,36.02563999999999
robust_ca_kf_s1e-06_q1000_i3,139.99960227966025,0.0,37.72136
robust_ca_kf_s1e-06_q1000_i3,165.3326464323802,0.0,43.59728
robust_ca_kf_s1e-06_q1000_i3,186.71030583793763,0.0,35.30146
robust_ca_kf_s1e-06_q1000_i3,193.33255381987655,0.0,36.45063999999998
robust_ca_kf_s1e-06_q1000_i3,198.97876951587375,0.0,39.06544000000001
robust_ca_kf_s1e-06_q1000_i3,2.0425446443804935e-10,0.0,37.448259999999976
robust_ca_kf_s1e-06_q1000_i3,2.066779149318963e-10,0.0,36.550080000000015
robust_ca_kf_s1e-06_q1000_i3,2.167454337799537e-10,0.0,37.5377
robust_ca_kf_s1e-06_q1000_i3,2.1741786567977875e-10,0.0,37.78683999999999
robust_ca_kf_s1e-06_q1000_i3,2.2333450271350716e-11,0.0,38.734499999999976
robust_ca_kf_s1e-06_q1000_i3,2.236854796944552e-10,0.0,37.31682000000001
robust_ca_kf_s1e-06_q1000_i3,2.3318915627313943e-10,0.0,37.29487000000002
robust_ca_kf_s1e-06_q1000_i3,2.4104492085283125e-10,0.0,36.88508
robust_ca_kf_s1e-06_q1000_i3,2.772980132994786e-11,0.0,37.81109000000001
robust_ca_kf_s1e-06_q1000_i3,2.8804236827830765e-10,0.0,36.36324
robust_ca_kf_s1e-06_q1000_i3,2.94640668994563e-10,0.0,38.056830000000005
robust_ca_kf_s1e-06_q1000_i3,2.9884745809810585e-06,0.0,38.49219999999995
robust_ca_kf_s1e-06_q1000_i3,3.114873906840373e-10,0.0,38.40571
robust_ca_kf_s1e-06_q1000_i3,3.1864299671314324e-11,0.0,36.794230000000006
robust_ca_kf_s1e-06_q1000_i3,3.344042918900901e-11,0.0,36.106759999999944
robust_ca_kf_s1e-06_q1000_i3,3.4042344218454054e-10,0.0,36.97731
robust_ca_kf_s1e-06_q1000_i3,3.568010799236314e-11,0.0,35.69556000000001
robust_ca_kf_s1e-06_q1000_i3,3.912789276611671e-10,0.0,35.65571
robust_ca_kf_s1e-06_q1000_i3,306.9781495442368,0.0,41.314879999999995
robust_ca_kf_s1e-06_q1000_i3,322.3951646633028,0.0,37.92999999999995
robust_ca_kf_s1e-06_q1000_i3,327.1676780494563,0.0,35.83926999999999
robust_ca_kf_s1e-06_q1000_i3,4.113779135723063e-11,0.0,36.48136000000001
robust_ca_kf_s1e-06_q1000_i3,4.148790880926354e-11,0.0,37.46654999999997
robust_ca_kf_s1e-06_q1000_i3,4.270272286841464e-05,0.0,36.97825
robust_ca_kf_s1e-06_q1000_i3,4.313658882380774e-10,0.0,37.5835
robust_ca_kf_s1e-06_q1000_i3,4.351186603403666e-10,0.0,36.512249999999966
robust_ca_kf_s1e-06_q1000_i3,4.4448345799691887e-10,0.0,37.497
robust_ca_kf_s1e-06_q1000_i3,4.764699670664312e-11,0.0,39.88016000000001
robust_ca_kf_s1e-06_q1000_i3,5.484788643856193e-10,0.0,36.375
robust_ca_kf_s1e-06_q1000_i3,5.635926582391962e-11,0.0,37.56192
robust_ca_kf_s1e-06_q1000_i3,5.831024704254328e-11,0.0,36.804570000000005
robust_ca_kf_s1e-06_q1000_i3,6.199624197367673e-11,0.0,35.2878
robust_ca_kf_s1e-06_q1000_i3,6.689048079505842e-10,0.0,36.8725
robust_ca_kf_s1e-06_q1000_i3,60.36022846572545,0.0,44.162749999999996
robust_ca_kf_s1e-06_q1000_i3,7.159075901636291e-11,0.0,36.435900000000004
robust_ca_kf_s1e-06_q1000_i3,7.743942794384282e-11,0.0,35.82400000000001
robust_ca_kf_s1e-06_q1000_i3,8.180341373017919e-11,0.0,36.631879999999995
robust_ca_kf_s1e-06_q1000_i3,8.678059079995412e-11,0.0,38.33200000000001
robust_ca_kf_s1e-06_q1000_i3,8.754576639039014e-11,0.0,36.95057000000002
robust_ca_kf_s1e-06_q1000_i3,8.796324261846132e-11,0.0,37.96521
robust_ca_kf_s1e-06_q1000_i3,8.860447719878089e-11,0.0,37.84214
robust_ca_kf_s1e-06_q1000_i3,9.292723201769108e-12,0.0,47.797120000000064
robust_ca_kf_s1e-06_q1000_i3,9.345082872400199e-11,0.0,36.858489999999975
robust_ca_kf_s1e-06_q1000_i3,9.495301779677394e-11,0.0,38.686879999999995
robust_ca_kf_s1e-06_q100_i2.5,1.0239305998829366e-09,0.0,37.65172
robust_ca_kf_s1e-06_q100_i2.5,1.0967598908692963e-09,0.0,36.30012
robust_ca_kf_s1e-06_q100_i2.5,1.30361119889184e-09,0.0,35.86338
robust_ca_kf_s1e-06_q100_i2.5,1.3784209593521493e-09,0.0,36.22515999999999
robust_ca_kf_s1e-06_q100_i2.5,1.5717813405619947e-08,0.0,38.101690000000005
robust_ca_kf_s1e-06_q100_i2.5,1.7889273167111207e-10,0.0,35.67858999999996
robust_ca_kf_s1e-06_q100_i2.5,1.8274405592260748e-09,0.0,34.69588000000002
robust_ca_kf_s1e-06_q100_i2.5,1.8308619576996875e-09,0.0,37.45443999999999
robust_ca_kf_s1e-06_q100_i2.5,1.9228112106065212e-10,0.0,35.81639999999998
robust_ca_kf_s1e-06_q100_i2.5,123.68788447481569,0.0,38.09899999999999
robust_ca_kf_s1e-06_q100_i2.5,18.929020021429928,0.0,37.042
robust_ca_kf_s1e-06_q100_i2.5,2.033174410543041e-09,0.0,40.80227999999999
robust_ca_kf_s1e-06_q100_i2.5,2.0554689114412295e-09,0.0,38.91149
robust_ca_kf_s1e-06_q100_i2.5,2.164203184880351e-09,0.0,37.4015
robust_ca_kf_s1e-06_q100_i2.5,2.2189966953881737e-10,0.0,37.42624
robust_ca_kf_s1e-06_q100_i2.5,2.2236008762592476e-09,0.0,35.67532
robust_ca_kf_s1e-06_q100_i2.5,2.3959485880977728e-09,0.0,36.469920000000016
robust_ca_kf_s1e-06_q100_i2.5,2.7602672099350523e-10,0.0,38.3935
robust_ca_kf_s1e-06_q100_i2.5,2.932892672219634e-09,0.0,40.13767
robust_ca_kf_s1e-06_q100_i2.5,2.9406490692572865e-09,0.0,36.091750000000005
robust_ca_kf_s1e-06_q100_i2.5,23.860271461677836,0.0,36.31230000000001
robust_ca_kf_s1e-06_q100_i2.5,3.327635939805118e-10,0.0,35.72799999999992
robust_ca_kf_s1e-06_q100_i2.5,3.337830595219824e-11,0.0,34.89244
robust_ca_kf_s1e-06_q100_i2.5,3.3886089912535337e-09,0.0,70.50088000000007
robust_ca_kf_s1e-06_q100_i2.5,3.7909534245515003e-11,0.0,35.61836
robust_ca_kf_s1e-06_q100_i2.5,3.8217822951459895e-09,0.0,37.65917
robust_ca_kf_s1e-06_q100_i2.5,3.97500970488468e-09,0.0,37.59644
robust_ca_kf_s1e-06_q100_i2.5,4.089570697161608e-10,0.0,37.33728000000001
robust_ca_kf_s1e-06_q100_i2.5,4.1297759611889505e-10,0.0,38.512049999999974
robust_ca_kf_s1e-06_q100_i2.5,4.265488998901453e-06,0.0,36.38476000000002
robust_ca_kf_s1e-06_q100_i2.5,4.29386981418178e-09,0.0,43.979
robust_ca_kf_s1e-06_q100_i2.5,4.3312248276017446e-09,0.0,36.255519999999954
robust_ca_kf_s1e-06_q100_i2.5,4.440506968999059e-10,0.0,35.64169999999999
robust_ca_kf_s1e-06_q100_i2.5,4.713865213362888e-10,0.0,35.77799999999999
robust_ca_kf_s1e-06_q100_i2.5,4.742864598930475e-10,0.0,35.78891000000001
robust_ca_kf_s1e-06_q100_i2.5,40.49107308078071,0.0,37.545679999999976
robust_ca_kf_s1e-06_q100_i2.5,40.78031182118799,0.0,37.13435999999998
robust_ca_kf_s1e-06_q100_i2.5,46.94419590149037,0.0,36.552109999999985
robust_ca_kf_s1e-06_q100_i2.5,5.606664817569368e-10,0.0,36.16616000000002
robust_ca_kf_s1e-06_q100_i2.5,5.793209787792917e-10,0.0,39.42482000000001
robust_ca_kf_s1e-06_q100_i2.5,50.40298138148575,0.0,41.06893999999995
robust_ca_kf_s1e-06_q100_i2.5,50.71298103638585,0.0,36.00099999999999
robust_ca_kf_s1e-06_q100_i2.5,55.26392449251484,0.0,36.61144000000001
robust_ca_kf_s1e-06_q100_i2.5,56.94541564748916,0.0,35.65902
robust_ca_kf_s1e-06_q100_i2.5,58.95531116386269,0.0,37.50672
robust_ca_kf_s1e-06_q100_i2.5,6.516369466572714e-11,0.0,35.65145
robust_ca_kf_s1e-06_q100_i2.5,6.64914357482107e-09,0.0,38.24917
robust_ca_kf_s1e-06_q100_i2.5,66.58684154452297,0.0,39.200199999999974
robust_ca_kf_s1e-06_q100_i2.5,7.126253643345342e-10,0.0,35.501749999999994
robust_ca_kf_s1e-06_q100_i2.5,7.706976894160165e-10,0.0,35.758250000000004
robust_ca_kf_s1e-06_q100_i2.5,7.910354513887048e-10,0.0,37.92644
robust_ca_kf_s1e-06_q100_i2.5,76.16465173994615,0.0,35.617999999999995
robust_ca_kf_s1e-06_q100_i2.5,78.31442012941336,0.0,37.41567
robust_ca_kf_s1e-06_q100_i2.5,8.638279707666116e-10,0.0,35.95856000000003
robust_ca_kf_s1e-06_q100_i2.5,8.714423847105756e-10,0.0,73.81482000000008
robust_ca_kf_s1e-06_q100_i2.5,8.755972300594778e-10,0.0,44.55433
robust_ca_kf_s1e-06_q100_i2.5,8.81416445699694e-10,0.0,36.40235999999999
robust_ca_kf_s1e-06_q100_i2.5,80.63235217315467,0.0,36.375
robust_ca_kf_s1e-06_q100_i2.5,9.239126509102181e-11,0.0,37.36156
robust_ca_kf_s1e-06_q100_i2.5,9.302193556874951e-10,0.0,38.07925999999999
robust_ca_kf_s1e-06_q100_i3,1.0239305998829366e-09,0.0,40.28327999999999
robust_ca_kf_s1e-06_q100_i3,1.0967598908692963e-09,0.0,37.55444
robust_ca_kf_s1e-06_q100_i3,1.30361119889184e-09,0.0,43.67344000000001
robust_ca_kf_s1e-06_q100_i3,1.3784209593521493e-09,0.0,37.959
robust_ca_kf_s1e-06_q100_i3,1.5717813405619947e-08,0.0,59.056250000000055
robust_ca_kf_s1e-06_q100_i3,1.7889273167111207e-10,0.0,35.87122
robust_ca_kf_s1e-06_q100_i3,1.8274405592260748e-09,0.0,46.40338000000003
robust_ca_kf_s1e-06_q100_i3,1.8308619576996875e-09,0.0,40.380689999999994
robust_ca_kf_s1e-06_q100_i3,1.9228112106065212e-10,0.0,36.18319999999999
robust_ca_kf_s1e-06_q100_i3,156.32691561850453,0.0,37.32583
robust_ca_kf_s1e-06_q100_i3,19.374455939831,0.0,59.00820000000002
robust_ca_kf_s1e-06_q100_i3,2.033174410543041e-09,0.0,35.74174999999997
robust_ca_kf_s1e-06_q100_i3,2.0554689114412295e-09,0.0,37.41483
robust_ca_kf_s1e-06_q100_i3,2.164203184880351e-09,0.0,37.464909999999996
robust_ca_kf_s1e-06_q100_i3,2.2189966953881737e-10,0.0,44.786519999999996
robust_ca_kf_s1e-06_q100_i3,2.2236008762592476e-09,0.0,38.935360000000024
robust_ca_kf_s1e-06_q100_i3,2.3959485880977728e-09,0.0,38.257000000000005
robust_ca_kf_s1e-06_q100_i3,2.7602672099350523e-10,0.0,40.07797000000005
robust_ca_kf_s1e-06_q100_i3,2.932892672219634e-09,0.0,39.47829
robust_ca_kf_s1e-06_q100_i3,2.9406490692572865e-09,0.0,37.802830000000014
robust_ca_kf_s1e-06_q100_i3,3.327635939805118e-10,0.0,39.79676
robust_ca_kf_s1e-06_q100_i3,3.337830595219824e-11,0.0,36.26973
robust_ca_kf_s1e-06_q100_i3,3.3886089912535337e-09,0.0,36.30375
robust_ca_kf_s1e-06_q100_i3,3.7909534245515003e-11,0.0,76.86392000000005
robust_ca_kf_s1e-06_q100_i3,3.8217822951459895e-09,0.0,41.07696
robust_ca_kf_s1e-06_q100_i3,3.97500970488468e-09,0.0,36.664919999999995
robust_ca_kf_s1e-06_q100_i3,34.42152005237268,0.0,65.1548899999999
robust_ca_kf_s1e-06_q100_i3,4.089570697161608e-10,0.0,44.042
robust_ca_kf_s1e-06_q100_i3,4.1297759611889505e-10,0.0,41.039899999999996
robust_ca_kf_s1e-06_q100_i3,4.29386981418178e-09,0.0,37.125
robust_ca_kf_s1e-06_q100_i3,4.3312248276017446e-09,0.0,37.77249999999998
robust_ca_kf_s1e-06_q100_i3,4.428685458900462e-09,0.0,40.5
robust_ca_kf_s1e-06_q100_i3,4.440506968999059e-10,0.0,36.279599999999995
robust_ca_kf_s1e-06_q100_i3,4.713865213362888e-10,0.0,37.969660000000005
robust_ca_kf_s1e-06_q100_i3,4.742864598930475e-10,0.0,50.03750000000002
robust_ca_kf_s1e-06_q100_i3,41.763097135556464,0.0,34.553029999999985
robust_ca_kf_s1e-06_q100_i3,46.20525726638147,0.0,41.66063999999999
robust_ca_kf_s1e-06_q100_i3,5.606664817569368e-10,0.0,54.76008
robust_ca_kf_s1e-06_q100_i3,5.793209787792917e-10,0.0,37.106070000000024
robust_ca_kf_s1e-06_q100_i3,52.74092972480652,0.0,39.943639999999995
robust_ca_kf_s1e-06_q100_i3,54.90242179989061,0.0,136.22999999999996
robust_ca_kf_s1e-06_q100_i3,6.035900747630274e-06,0.0,38.391399999999955
robust_ca_kf_s1e-06_q100_i3,6.516369466572714e-11,0.0,37.989549999999994
robust_ca_kf_s1e-06_q100_i3,6.64914357482107e-09,0.0,38.07357000000001
robust_ca_kf_s1e-06_q100_i3,60.48905349582929,0.0,46.64955999999985
robust_ca_kf_s1e-06_q100_i3,68.32229405897691,0.0,41.62623
robust_ca_kf_s1e-06_q100_i3,7.126253643345342e-10,0.0,48.54184999999999
robust_ca_kf_s1e-06_q100_i3,7.544559334868421e-10,0.0,39.941120000000005
robust_ca_kf_s1e-06_q100_i3,7.706976894160165e-10,0.0,47.65761000000001
robust_ca_kf_s1e-06_q100_i3,7.910354513887048e-10,0.0,40.90056
robust_ca_kf_s1e-06_q100_i3,8.638279707666116e-10,0.0,36.30528
robust_ca_kf_s1e-06_q100_i3,8.714423847105756e-10,0.0,35.41629
robust_ca_kf_s1e-06_q100_i3,8.755972300594778e-10,0.0,39.04921
robust_ca_kf_s1e-06_q100_i3,8.81416445699694e-10,0.0,37.41799999999999
robust_ca_kf_s1e-06_q100_i3,82.2868573997893,0.0,43.120000000000005
robust_ca_kf_s1e-06_q100_i3,84.66351218553184,0.0,38.07156
robust_ca_kf_s1e-06_q100_i3,9.239126509102181e-11,0.0,42.74200000000002
robust_ca_kf_s1e-06_q100_i3,9.302193556874951e-10,0.0,34.254509999999996
robust_ca_kf_s1e-06_q100_i3,90.38476547740575,0.0,36.583559999999984
robust_ca_kf_s1e-06_q100_i3,95.67146075896835,0.0,38.531559999999985
robust_ca_kf_s1e-06_q10_i2.5,0.0007911844027303685,0.0,35.6455
robust_ca_kf_s1e-06_q10_i2.5,0.0015707475409679568,0.0,35.639999999999986
robust_ca_kf_s1e-06_q10_i2.5,1.048358060575947e-08,0.0,42.82443999999999
robust_ca_kf_s1e-06_q10_i2.5,1.105698027433111e-09,0.0,96.46752999999968
robust_ca_kf_s1e-06_q10_i2.5,1.2524306068204953e-08,0.0,37.375
robust_ca_kf_s1e-06_q10_i2.5,1.2658800557867956e-10,0.0,39.356249999999996
robust_ca_kf_s1e-06_q10_i2.5,1.3227267201316442e-08,0.0,46.08826
robust_ca_kf_s1e-06_q10_i2.5,1.7463789051171566e-08,0.0,41.28375000000001
robust_ca_kf_s1e-06_q10_i2.5,1.7589504149923705e-08,0.0,36.5
robust_ca_kf_s1e-06_q10_i2.5,1.953306840025223e-08,0.0,37.29726999999999
robust_ca_kf_s1e-06_q10_i2.5,1.9714972367487377e-08,0.0,40.536
robust_ca_kf_s1e-06_q10_i2.5,11.83214501579384,0.0,35.60020000000002
robust_ca_kf_s1e-06_q10_i2.5,12.334052317044476,0.0,39.11738999999998
robust_ca_kf_s1e-06_q10_i2.5,17.03022454506879,0.0,38.33155999999995
robust_ca_kf_s1e-06_q10_i2.5,18.13152918540312,0.0,36.62232
robust_ca_kf_s1e-06_q10_i2.5,19.09301625961681,0.0,37.28374999999997
robust_ca_kf_s1e-06_q10_i2.5,19.546402578570255,0.0,37.23556
robust_ca_kf_s1e-06_q10_i2.5,2.0791870138954822e-08,0.0,36.834409999999984
robust_ca_kf_s1e-06_q10_i2.5,2.1289368179035767e-09,0.0,36.712759999999996
robust_ca_kf_s1e-06_q10_i2.5,2.131192423738058e-08,0.0,40.53750000000001
robust_ca_kf_s1e-06_q10_i2.5,2.292133903789645e-08,0.0,42.76692000000001
robust_ca_kf_s1e-06_q10_i2.5,2.3490271024588387,0.0,37.15866000000001
robust_ca_kf_s1e-06_q10_i2.5,2.630059199256533e-05,0.0,40.402
robust_ca_kf_s1e-06_q10_i2.5,2.6518973090328366e-09,0.0,39.42097000000001
robust_ca_kf_s1e-06_q10_i2.5,2.817697789830182e-08,0.0,36.6345
robust_ca_kf_s1e-06_q10_i2.5,2.8233692308240915e-08,0.0,39.53108
robust_ca_kf_s1e-06_q10_i2.5,20.077065186639373,0.0,130.3813600000004
robust_ca_kf_s1e-06_q10_i2.5,25.75068131241781,0.0,41.7475
robust_ca_kf_s1e-06_q10_i2.5,26.460018925583196,0.0,35.99356
robust_ca_kf_s1e-06_q10_i2.5,26.901268820385006,0.0,39.651230000000005
robust_ca_kf_s1e-06_q10_i2.5,27.312606237314206,0.0,40.89299999999999
robust_ca_kf_s1e-06_q10_i2.5,27.7730927505743,0.0,39.34686
robust_ca_kf_s1e-06_q10_i2.5,28.137091702240745,0.0,35.5832
robust_ca_kf_s1e-06_q10_i2.5,3.1895053315985585e-09,0.0,40.95023999999996
robust_ca_kf_s1e-06_q10_i2.5,3.2554537898541786e-08,0.0,37.41643
robust_ca_kf_s1e-06_q10_i2.5,3.617404471695679e-08,0.0,37.68254
robust_ca_kf_s1e-06_q10_i2.5,3.6660680522028884e-09,0.0,142.2544
robust_ca_kf_s1e-06_q10_i2.5,3.925221136410475e-09,0.0,37.75136000000002
robust_ca_kf_s1e-06_q10_i2.5,3.967637658851007e-09,0.0,37.762299999999996
robust_ca_kf_s1e-06_q10_i2.5,33.97980614095091,0.0,40.936439999999976
robust_ca_kf_s1e-06_q10_i2.5,39.37039719077788,0.0,39.96676
robust_ca_kf_s1e-06_q10_i2.5,4.480708643258718e-09,0.0,36.79733
robust_ca_kf_s1e-06_q10_i2.5,4.556656294232901e-09,0.0,37.13016000000001
robust_ca_kf_s1e-06_q10_i2.5,5.3798944363639726e-09,0.0,41.75892
robust_ca_kf_s1e-06_q10_i2.5,5.557852167698398e-09,0.0,36.35161
robust_ca_kf_s1e-06_q10_i2.5,6.017325784538264e-11,0.0,43.21827
robust_ca_kf_s1e-06_q10_i2.5,6.756569480556694,0.0,40.87241999999999
robust_ca_kf_s1e-06_q10_i2.5,6.846473694932579e-09,0.0,42.766999999999996
robust_ca_kf_s1e-06_q10_i2.5,7.39312425345987e-09,0.0,41.64875000000001
robust_ca_kf_s1e-06_q10_i2.5,7.576006423147485e-09,0.0,40.46844
robust_ca_kf_s1e-06_q10_i2.5,8.103617988087288e-11,0.0,40.99200000000001
robust_ca_kf_s1e-06_q10_i2.5,8.299137633948686e-09,0.0,36.90644000000001
robust_ca_kf_s1e-06_q10_i2.5,8.372224487752402e-09,0.0,37.88689
robust_ca_kf_s1e-06_q10_i2.5,8.412078530630149e-09,0.0,37.11075
robust_ca_kf_s1e-06_q10_i2.5,8.442860437554203e-09,0.0,40.72564
robust_ca_kf_s1e-06_q10_i2.5,8.86858581495153e-10,0.0,37.46
robust_ca_kf_s1e-06_q10_i2.5,8.936727346688443e-09,0.0,38.11598999999997
robust_ca_kf_s1e-06_q10_i2.5,9.669074834109013,0.0,42.458
robust_ca_kf_s1e-06_q10_i2.5,9.78306785283552e-10,0.0,41.0504
robust_ca_kf_s1e-06_q10_i2.5,9.815263091848891e-09,0.0,62.436559999999766
robust_ca_kf_s1e-06_q10_i3,1.048358060575947e-08,0.0,37.43012
robust_ca_kf_s1e-06_q10_i3,1.105698027433111e-09,0.0,35.69397
robust_ca_kf_s1e-06_q10_i3,1.2524306068204953e-08,0.0,39.02406
robust_ca_kf_s1e-06_q10_i3,1.2658800557867956e-10,0.0,41.9149
robust_ca_kf_s1e-06_q10_i3,1.3227267201316442e-08,0.0,37.77141999999998
robust_ca_kf_s1e-06_q10_i3,1.7463789051171566e-08,0.0,36.49325
robust_ca_kf_s1e-06_q10_i3,1.7589504149923705e-08,0.0,36.240339999999996
robust_ca_kf_s1e-06_q10_i3,1.953306840025223e-08,0.0,43.87626
robust_ca_kf_s1e-06_q10_i3,1.9714972367487377e-08,0.0,37.80125000000001
robust_ca_kf_s1e-06_q10_i3,15.6180759376017,0.0,38.38812
robust_ca_kf_s1e-06_q10_i3,15.723955713826976,0.0,37.30790000000002
robust_ca_kf_s1e-06_q10_i3,16.543041413453942,0.0,36.89431999999999
robust_ca_kf_s1e-06_q10_i3,16.694676553681422,0.0,36.76726000000001
robust_ca_kf_s1e-06_q10_i3,17.0275200587066,0.0,38.850619999999985
robust_ca_kf_s1e-06_q10_i3,2.0791870138954822e-08,0.0,35.525569999999966
robust_ca_kf_s1e-06_q10_i3,2.1289368179035767e-09,0.0,36.26249999999998
robust_ca_kf_s1e-06_q10_i3,2.131192423738058e-08,0.0,38.114320000000006
robust_ca_kf_s1e-06_q10_i3,2.292133903789645e-08,0.0,35.977000000000004
robust_ca_kf_s1e-06_q10_i3,2.6518973090328366e-09,0.0,39.463530000000034
robust_ca_kf_s1e-06_q10_i3,2.817697789830182e-08,0.0,44.38983
robust_ca_kf_s1e-06_q10_i3,2.8233692308240915e-08,0.0,36.27004000000001
robust_ca_kf_s1e-06_q10_i3,22.91097015416113,0.0,40.012989999999945
robust_ca_kf_s1e-06_q10_i3,29.070102610005307,0.0,37.71659999999999
robust_ca_kf_s1e-06_q10_i3,29.23818549355288,0.0,37.007000000000005
robust_ca_kf_s1e-06_q10_i3,3.1895053315985585e-09,0.0,36.785
robust_ca_kf_s1e-06_q10_i3,3.2554537898541786e-08,0.0,37.30963
robust_ca_kf_s1e-06_q10_i3,3.617404471695679e-08,0.0,39.82271
robust_ca_kf_s1e-06_q10_i3,3.6660680522028884e-09,0.0,35.5171
robust_ca_kf_s1e-06_q10_i3,3.813177248750318e-08,0.0,37.23992
robust_ca_kf_s1e-06_q10_i3,3.925221136410475e-09,0.0,38.85336000000018
robust_ca_kf_s1e-06_q10_i3,3.967637658851007e-09,0.0,36.88695
robust_ca_kf_s1e-06_q10_i3,35.23999311053665,0.0,35.57922
robust_ca_kf_s1e-06_q10_i3,39.093079039110236,0.0,35.571059999999996
robust_ca_kf_s1e-06_q10_i3,4.125240802977156e-08,0.0,36.0205
robust_ca_kf_s1e-06_q10_i3,4.1611282100579404e-08,0.0,36.96596999999999
robust_ca_kf_s1e-06_q10_i3,4.238677594042067e-08,0.0,44.541
robust_ca_kf_s1e-06_q10_i3,4.480708643258718e-09,0.0,36.50216
robust_ca_kf_s1e-06_q10_i3,4.556656294232901e-09,0.0,38.398070000000025
robust_ca_kf_s1e-06_q10_i3,40.09877518806692,0.0,35.73321999999999
robust_ca_kf_s1e-06_q10_i3,49.114070994576046,0.0,36.49487999999996
robust_ca_kf_s1e-06_q10_i3,5.3798944363639726e-09,0.0,37.26992
robust_ca_kf_s1e-06_q10_i3,5.557852167698398e-09,0.0,40.51189
robust_ca_kf_s1e-06_q10_i3,54.06545192373918,0.0,36.966730000000005
robust_ca_kf_s1e-06_q10_i3,6.017325784538264e-11,0.0,43.82521
robust_ca_kf_s1e-06_q10_i3,6.379944800392154e-08,0.0,37.5
robust_ca_kf_s1e-06_q10_i3,6.624412291776882e-09,0.0,36.69300000000001
robust_ca_kf_s1e-06_q10_i3,6.846473694932579e-09,0.0,36.899849999999994
robust_ca_kf_s1e-06_q10_i3,7.39312425345987e-09,0.0,39.60057000000001
robust_ca_kf_s1e-06_q10_i3,7.576006423147485e-09,0.0,35.55512
robust_ca_kf_s1e-06_q10_i3,7.729676525807952,0.0,38.25760999999997
robust_ca_kf_s1e-06_q10_i3,8.103617988087288e-11,0.0,38.47864000000001
robust_ca_kf_s1e-06_q10_i3,8.299137633948686e-09,0.0,36.61444000000001
robust_ca_kf_s1e-06_q10_i3,8.372224487752402e-09,0.0,39.28625
robust_ca_kf_s1e-06_q10_i3,8.412078530630149e-09,0.0,36.42779
robust_ca_kf_s1e-06_q10_i3,8.442860437554203e-09,0.0,35.76092
robust_ca_kf_s1e-06_q10_i3,8.86858581495153e-10,0.0,36.123560000000005
robust_ca_kf_s1e-06_q10_i3,8.936727346688443e-09,0.0,36.60602999999998
robust_ca_kf_s1e-06_q10_i3,9.042832501111647,0.0,35.37206
robust_ca_kf_s1e-06_q10_i3,9.78306785283552e-10,0.0,37.02499999999999
robust_ca_kf_s1e-06_q10_i3,9.815263091848891e-09,0.0,36.42055999999999
