trajectory_id,joint_id,method_id,control_time,command_time,p_ref,command_p
oscillatory__v3__test__003,joint_0,one_step_governed_pva_direct,0.0,0.01,-0.029325305948014375,-0.029325305948014375
oscillatory__v3__test__003,joint_0,one_step_governed_pva_direct,0.01,0.02,-0.030094695573645285,-0.029325604931619533
oscillatory__v3__test__003,joint_0,one_step_governed_pva_direct,0.02,0.03,-0.030865989915803752,-0.02932788711090639
oscillatory__v3__test__003,joint_0,one_step_governed_pva_direct,0.03,0.04,-0.03163848236502083,-0.029334456404617397
oscillatory__v3__test__003,joint_0,one_step_governed_pva_direct,0.04,0.05,-0.03241143977931913,-0.029346055484745396
oscillatory__v3__test__003,joint_0,one_step_governed_pva_direct,0.05,0.060000000000000005,-0.033184102244309545,-0.02936296484525613
oscillatory__v3__test__003,joint_0,one_step_governed_pva_direct,0.06,0.06999999999999999,-0.0339556828760065,-0.029385426862610406
oscillatory__v3__test__003,joint_0,one_step_governed_pva_direct,0.07,0.08,-0.03472536766929376,-0.029413646144205684
oscillatory__v3__test__003,joint_0,one_step_governed_pva_direct,0.08,0.09,-0.03549231539503894,-0.029447788960026353
oscillatory__v3__test__003,joint_0,one_step_governed_pva_direct,0.09,0.09999999999999999,-0.03625565754891638,-0.02948798180837653
oscillatory__v3__test__003,joint_0,one_step_governed_pva_direct,0.1,0.11,-0.03701449835505455,-0.029534310051326833
oscillatory__v3__test__003,joint_0,one_step_governed_pva_direct,0.11,0.12,-0.037767914827675365,-0.029586816624837885
oscillatory__v3__test__003,joint_0,one_step_governed_pva_direct,0.12,0.13,-0.03851495689393905,-0.02964550082849659
oscillatory__v3__test__003,joint_0,one_step_governed_pva_direct,0.13,0.14,-0.0392546475812468,-0.02971031719983651
oscillatory__v3__test__003,joint_0,one_step_governed_pva_direct,0.14,0.15000000000000002,-0.03998598327228551,-0.0297811744782243
oscillatory__v3__test__003,joint_0,one_step_governed_pva_direct,0.15,0.16,-0.04070793403112456,-0.02985793466329534
oscillatory__v3__test__003,joint_0,one_step_governed_pva_direct,0.16,0.17,-0.04141944400368898,-0.029940412172913673
oscillatory__v3__test__003,joint_0,one_step_governed_pva_direct,0.17,0.18000000000000002,-0.04211943189594286,-0.03002837310561216
oscillatory__v3__test__003,joint_0,one_step_governed_pva_direct,0.18,0.19,-0.0428067915331126,-0.030121534612439146
oscillatory__v3__test__003,joint_0,one_step_governed_pva_direct,0.19,0.2,-0.04348039250326797,-0.030219564383095983
oscillatory__v3__test__003,joint_0,one_step_governed_pva_direct,0.2,0.21000000000000002,-0.04413908088855557,-0.030322080251195635
oscillatory__v3__test__003,joint_0,one_step_governed_pva_direct,0.21,0.22,-0.04478168008734259,-0.030428649923405996
oscillatory__v3__test__003,joint_0,one_step_governed_pva_direct,0.22,0.23,-0.0454069917304823,-0.03053879083716008
oscillatory__v3__test__003,joint_0,one_step_governed_pva_direct,0.23,0.24000000000000002,-0.04601379669485053,-0.030651970151520352
oscillatory__v3__test__003,joint_0,one_step_governed_pva_direct,0.24,0.25,-0.046600856217227704,-0.030767604875674155
oscillatory__v3__test__003,joint_0,one_step_governed_pva_direct,0.25,0.26,-0.04716691311151129,-0.030885062139410755
oscillatory__v3__test__003,joint_0,one_step_governed_pva_direct,0.26,0.27,-0.047710693092137525,-0.031003659609788098
oscillatory__v3__test__003,joint_0,one_step_governed_pva_direct,0.27,0.28,-0.048230906206470775,-0.031122666058037356
oscillatory__v3__test__003,joint_0,one_step_governed_pva_direct,0.28,0.29000000000000004,-0.04872624837877924,-0.031241302080575604
oscillatory__v3__test__003,joint_0,one_step_governed_pva_direct,0.29,0.3,-0.04919540306826043,-0.0313587409778005
oscillatory__v3__test__003,joint_0,one_step_governed_pva_direct,0.3,0.31,-0.04963704304340464,-0.031474109794125384
oscillatory__v3__test__003,joint_0,one_step_governed_pva_direct,0.31,0.32,-0.050049832274791116,-0.03158649052247725
oscillatory__v3__test__003,joint_0,one_step_governed_pva_direct,0.32,0.33,-0.050432427948198195,-0.0316949214762245
oscillatory__v3__test__003,joint_0,one_step_governed_pva_direct,0.33,0.34,-0.050783482599674405,-0.031798398831223255
oscillatory__v3__test__003,joint_0,one_step_governed_pva_direct,0.34,0.35000000000000003,-0.05110164637396285,-0.031895878340372615
oscillatory__v3__test__003,joint_0,one_step_governed_pva_direct,0.35000000000000003,0.36000000000000004,-0.05138556940739416,-0.03198627722274724
oscillatory__v3__test__003,joint_0,one_step_governed_pva_direct,0.36,0.37,-0.051633904336064844,-0.03206847622903143
oscillatory__v3__test__003,joint_0,one_step_governed_pva_direct,0.37,0.38,-0.05184530892979589,-0.03214132188461136
oscillatory__v3__test__003,joint_0,one_step_governed_pva_direct,0.38,0.39,-0.052018448852022205,-0.032203628911290284
oscillatory__v3__test__003,joint_0,one_step_governed_pva_direct,0.39,0.4,-0.05215200054539499,-0.03225418282817623
oscillatory__v3__test__003,joint_0,one_step_governed_pva_direct,0.4,0.41000000000000003,-0.05224465424248776,-0.032291742731851356
oscillatory__v3__test__003,joint_0,one_step_governed_pva_direct,0.41000000000000003,0.42000000000000004,-0.05229511710057991,-0.03231504425546749
oscillatory__v3__test__003,joint_0,one_step_governed_pva_direct,0.42,0.43,-0.05230211645905236,-0.032322802705922575
oscillatory__v3__test__003,joint_0,one_step_governed_pva_direct,0.43,0.44,-0.052264403217465005,-0.03231371637775808
oscillatory__v3__test__003,joint_0,one_step_governed_pva_direct,0.44,0.45,-0.0521807553318968,-0.03228647004187784
oscillatory__v3__test__003,joint_0,one_step_governed_pva_direct,0.45,0.46,-0.05204998142661716,-0.03223973860662414
oscillatory__v3__test__003,joint_0,one_step_governed_pva_direct,0.46,0.47000000000000003,-0.05187092451761979,-0.03217219094815774
oscillatory__v3__test__003,joint_0,one_step_governed_pva_direct,0.47000000000000003,0.48000000000000004,-0.051642465843990785,-0.03208249390647488
oscillatory__v3__test__003,joint_0,one_step_governed_pva_direct,0.48,0.49,-0.051363528802498754,-0.031969316442756496
oscillatory__v3__test__003,joint_0,one_step_governed_pva_direct,0.49,0.5,-0.051033082980189506,-0.03183133395308447
oscillatory__v3__test__003,joint_0,one_step_governed_pva_direct,0.5,0.51,-0.050650148279140314,-0.03166723273287513
oscillatory__v3__test__003,joint_0,one_step_governed_pva_direct,0.51,0.52,-0.050213799126880294,-0.03147571458567545
oscillatory__v3__test__003,joint_0,one_step_governed_pva_direct,0.52,0.53,-0.049723168765315955,-0.031255501569240104
oscillatory__v3__test__003,joint_0,one_step_governed_pva_direct,0.53,0.54,-0.049177453610313795,-0.031005340871061687
oscillatory__v3__test__003,joint_0,one_step_governed_pva_direct,0.54,0.55,-0.048575917673388744,-0.03072400980476102
oscillatory__v3__test__003,joint_0,one_step_governed_pva_direct,0.55,0.56,-0.0479178970362275,-0.03041032091796282
oscillatory__v3__test__003,joint_0,one_step_governed_pva_direct,0.56,0.5700000000000001,-0.04720280436804291,-0.030063127201484508
oscillatory__v3__test__003,joint_0,one_step_governed_pva_direct,0.5700000000000001,0.5800000000000001,-0.046430133475010044,-0.029681327388854862
oscillatory__v3__test__003,joint_0,one_step_governed_pva_direct,0.58,0.59,-0.0455994638702803,-0.029263871334356786
oscillatory__v3__test__003,joint_0,one_step_governed_pva_direct,0.59,0.6,-0.04471046535230646,-0.02880976545695645
oscillatory__v3__test__003,joint_0,one_step_governed_pva_direct,0.6,0.61,-0.04376290257844544,-0.02831807823664222
oscillatory__v3__test__003,joint_0,one_step_governed_pva_direct,0.61,0.62,-0.04275663962003441,-0.02778794574885363
oscillatory__v3__test__003,joint_0,one_step_governed_pva_direct,0.62,0.63,-0.041691644484368164,-0.0272185772218359
oscillatory__v3__test__003,joint_0,one_step_governed_pva_direct,0.63,0.64,-0.04056799358823978,-0.02660926060091235
oscillatory__v3__test__003,joint_0,one_step_governed_pva_direct,0.64,0.65,-0.039385876166949225,-0.025959368102828922
oscillatory__v3__test__003,joint_0,one_step_governed_pva_direct,0.65,0.66,-0.03814559860193709,-0.025268361742494857
oscillatory__v3__test__003,joint_0,one_step_governed_pva_direct,0.66,0.67,-0.036847588649468785,-0.024535798813625737
oscillatory__v3__test__003,joint_0,one_step_governed_pva_direct,0.67,0.68,-0.03549239955208031,-0.02376133730399302
oscillatory__v3__test__003,joint_0,one_step_governed_pva_direct,0.68,0.6900000000000001,-0.03408071401380638,-0.02294474122520233
oscillatory__v3__test__003,joint_0,one_step_governed_pva_direct,0.6900000000000001,0.7000000000000001,-0.032613348019548044,-0.022085885836165272
oscillatory__v3__test__003,joint_0,one_step_governed_pva_direct,0.7000000000000001,0.7100000000000001,-0.031091254478305626,-0.02118476273870116
oscillatory__v3__test__003,joint_0,one_step_governed_pva_direct,0.71,0.72,-0.029515526669408168,-0.02024148482301045
oscillatory__v3__test__003,joint_0,one_step_governed_pva_direct,0.72,0.73,-0.027887401470317853,-0.019256291040105785
oscillatory__v3__test__003,joint_0,one_step_governed_pva_direct,0.73,0.74,-0.026208262344082883,-0.018229550977674782
oscillatory__v3__test__003,joint_0,one_step_governed_pva_direct,0.74,0.75,-0.024479642064058126,-0.017161769215286154
oscillatory__v3__test__003,joint_0,one_step_governed_pva_direct,0.75,0.76,-0.02270322515311877,-0.016053589434343138
oscillatory__v3__test__003,joint_0,one_step_governed_pva_direct,0.76,0.77,-0.020880850014260283,-0.014905798257740903
oscillatory__v3__test__003,joint_0,one_step_governed_pva_direct,0.77,0.78,-0.01901451072921583,-0.013719328793803942
oscillatory__v3__test__003,joint_0,one_step_governed_pva_direct,0.78,0.79,-0.017106358501535995,-0.012495263858770811
oscillatory__v3__test__003,joint_0,one_step_governed_pva_direct,0.79,0.8,-0.01515870272046982,-0.011234838851863379
oscillatory__v3__test__003,joint_0,one_step_governed_pva_direct,0.8,0.81,-0.013174011621968022,-0.009939444256831997
oscillatory__v3__test__003,joint_0,one_step_governed_pva_direct,0.81,0.8200000000000001,-0.01115491252320439,-0.008610627743812703
oscillatory__v3__test__003,joint_0,one_step_governed_pva_direct,0.8200000000000001,0.8300000000000001,-0.00910419160718555,-0.007250095845374247
oscillatory__v3__test__003,joint_0,one_step_governed_pva_direct,0.8300000000000001,0.8400000000000001,-0.00702479323429894,-0.005859715180777335
oscillatory__v3__test__003,joint_0,one_step_governed_pva_direct,0.84,0.85,-0.004919818758039762,-0.004441513202722239
oscillatory__v3__test__003,joint_0,one_step_governed_pva_direct,0.85,0.86,-0.00279252482266513,-0.0029976784412300687
oscillatory__v3__test__003,joint_0,one_step_governed_pva_direct,0.86,0.87,-0.0006463211211545017,-0.0015305602197932498
oscillatory__v3__test__003,joint_0,one_step_governed_pva_direct,0.87,0.88,0.0015152324073861463,-4.266781954818726e-05
oscillatory__v3__test__003,joint_0,one_step_governed_pva_direct,0.88,0.89,0.0036884289608468427,0.0014633309320264457
oscillatory__v3__test__003,joint_0,one_step_governed_pva_direct,0.89,0.9,0.005869418856702665,0.0029846116704939207
oscillatory__v3__test__003,joint_0,one_step_governed_pva_direct,0.9,0.91,0.008054214131835762,0.004518196123502307
oscillatory__v3__test__003,joint_0,one_step_governed_pva_direct,0.91,0.92,0.010238693776035444,0.0060609553798816485
oscillatory__v3__test__003,joint_0,one_step_governed_pva_direct,0.92,0.93,0.012418609614149586,0.007609613817857989
oscillatory__v3__test__003,joint_0,one_step_governed_pva_direct,0.93,0.9400000000000001,0.014589592850233,0.009160753709956714
oscillatory__v3__test__003,joint_0,one_step_governed_pva_direct,0.9400000000000001,0.9500000000000001,0.0167471612852537,0.010710820520516983
oscillatory__v3__test__003,joint_0,one_step_governed_pva_direct,0.9500000000000001,0.9600000000000001,0.01888672721797357,0.012256128909924557
oscillatory__v3__test__003,joint_0,one_step_governed_pva_direct,0.96,0.97,0.021003606036512773,0.013792869457690121
oscillatory__v3__test__003,joint_0,one_step_governed_pva_direct,0.97,0.98,0.023093025505838326,0.015317116114351501
oscillatory__v3__test__003,joint_0,one_step_governed_pva_direct,0.98,0.99,0.025150135753984212,0.016824834389860356
oscillatory__v3__test__003,joint_0,one_step_governed_pva_direct,0.99,1.0,0.027170019957216452,0.018311890283626554
oscillatory__v3__test__003,joint_0,one_step_governed_pva_direct,1.0,1.01,0.029147705721599103,0.01977405995873675
oscillatory__v3__test__003,joint_0,one_step_governed_pva_direct,1.01,1.02,0.031078177155503105,0.02120704016003872
oscillatory__v3__test__003,joint_0,one_step_governed_pva_direct,1.02,1.03,0.032956387624528474,0.02260645937279245
oscillatory__v3__test__003,joint_0,one_step_governed_pva_direct,1.03,1.04,0.03477727317708867,0.02396788971543549
oscillatory__v3__test__003,joint_0,one_step_governed_pva_direct,1.04,1.05,0.03653576662553762,0.025286859556698103
oscillatory__v3__test__003,joint_0,one_step_governed_pva_direct,1.05,1.06,0.03822681226421268,0.026558866843838642
oscillatory__v3__test__003,joint_0,one_step_governed_pva_direct,1.06,1.07,0.03984538120212669,0.027779393125157675
oscillatory__v3__test__003,joint_0,one_step_governed_pva_direct,1.07,1.08,0.04138648728428087,0.028943918246198123
oscillatory__v3__test__003,joint_0,one_step_governed_pva_direct,1.08,1.09,0.04284520357169431,0.030047935695157457
oscillatory__v3__test__003,joint_0,one_step_governed_pva_direct,1.09,1.1,0.044216679346269924,0.031086968569036668
oscillatory__v3__test__003,joint_0,one_step_governed_pva_direct,1.1,1.11,0.04549615760255184,0.03205658612794068
oscillatory__v3__test__003,joint_0,one_step_governed_pva_direct,1.11,1.12,0.046678992984289215,0.03295242090073946
oscillatory__v3__test__003,joint_0,one_step_governed_pva_direct,1.12,1.1300000000000001,0.04776067011952458,0.03377018630101188
oscillatory__v3__test__003,joint_0,one_step_governed_pva_direct,1.1300000000000001,1.1400000000000001,0.04873682230368344,0.03450569470784197
oscillatory__v3__test__003,joint_0,one_step_governed_pva_direct,1.1400000000000001,1.1500000000000001,0.04960325047587977,0.035154875961635544
oscillatory__v3__test__003,joint_0,one_step_governed_pva_direct,1.1500000000000001,1.1600000000000001,0.050355942429383765,0.035713796220694344
oscillatory__v3__test__003,joint_0,one_step_governed_pva_direct,1.16,1.17,0.050991092192948825,0.03617867711984292
oscillatory__v3__test__003,joint_0,one_step_governed_pva_direct,1.17,1.18,0.05150511951548478,0.03654591516797378
oscillatory__v3__test__003,joint_0,one_step_governed_pva_direct,1.18,1.19,0.051894689382417716,0.03681210131698039
oscillatory__v3__test__003,joint_0,one_step_governed_pva_direct,1.19,1.2,0.05215673148801995,0.03697404063021024
oscillatory__v3__test__003,joint_0,one_step_governed_pva_direct,1.2,1.21,0.052288459584051164,0.037028771974316504
oscillatory__v3__test__003,joint_0,one_step_governed_pva_direct,1.21,1.22,0.05228739062125269,0.03697358765424466
oscillatory__v3__test__003,joint_0,one_step_governed_pva_direct,1.22,1.23,0.05215136359660957,0.03680605290708611
oscillatory__v3__test__003,joint_0,one_step_governed_pva_direct,1.23,1.24,0.05187855801586866,0.036524025166696034
oscillatory__v3__test__003,joint_0,one_step_governed_pva_direct,1.24,1.25,0.051467511877606995,0.03612567300733507
oscillatory__v3__test__003,joint_0,one_step_governed_pva_direct,1.25,1.26,0.05091713908221416,0.03560949467118771
oscillatory__v3__test__003,joint_0,one_step_governed_pva_direct,1.26,1.27,0.05022674616651736,0.03497433608146475
oscillatory__v3__test__003,joint_0,one_step_governed_pva_direct,1.27,1.28,0.04939604826247164,0.03421940823994696
oscillatory__v3__test__003,joint_0,one_step_governed_pva_direct,1.28,1.29,0.04842518417639263,0.03334430390530497
oscillatory__v3__test__003,joint_0,one_step_governed_pva_direct,1.29,1.3,0.04731473048365918,0.032349013446370735
oscillatory__v3__test__003,joint_0,one_step_governed_pva_direct,1.3,1.31,0.046065714532691204,0.031233939762772344
oscillatory__v3__test__003,joint_0,one_step_governed_pva_direct,1.31,1.32,0.04467962625134774,0.02999991216401136
oscillatory__v3__test__003,joint_0,one_step_governed_pva_direct,1.32,1.33,0.04315842864872333,0.028648199097193735
oscillatory__v3__test__003,joint_0,one_step_governed_pva_direct,1.33,1.34,0.0415045669056808,0.02718051961325579
oscillatory__v3__test__003,joint_0,one_step_governed_pva_direct,1.34,1.35,0.03972097594837622,0.02559905346168882
oscillatory__v3__test__003,joint_0,one_step_governed_pva_direct,1.35,1.36,0.03781108640053635,0.02390644970449213
oscillatory__v3__test__003,joint_0,one_step_governed_pva_direct,1.36,1.37,0.03577882881237086,0.022105833741405467
oscillatory__v3__test__003,joint_0,one_step_governed_pva_direct,1.37,1.3800000000000001,0.033628636066767394,0.020200812640418318
oscillatory__v3__test__003,joint_0,one_step_governed_pva_direct,1.3800000000000001,1.3900000000000001,0.031365443866851354,0.018195478670153736
oscillatory__v3__test__003,joint_0,one_step_governed_pva_direct,1.3900000000000001,1.4000000000000001,0.028994689213119023,0.01609441093400384
oscillatory__v3__test__003,joint_0,one_step_governed_pva_direct,1.4000000000000001,1.4100000000000001,0.02652230678319108,0.013902675009878013
oscillatory__v3__test__003,joint_0,one_step_governed_pva_direct,1.41,1.42,0.023954723132802436,0.011625820504133837
oscillatory__v3__test__003,joint_0,one_step_governed_pva_direct,1.42,1.43,0.021298848642956367,0.009269876433714361
oscillatory__v3__test__003,joint_0,one_step_governed_pva_direct,1.43,1.44,0.018562067145240786,0.006841344356728414
oscillatory__v3__test__003,joint_0,one_step_governed_pva_direct,1.44,1.45,0.015752223165132247,0.00434718917869577
oscillatory__v3__test__003,joint_0,one_step_governed_pva_direct,1.45,1.46,0.012877606731711318,0.0017948275694440242
oscillatory__v3__test__003,joint_0,one_step_governed_pva_direct,1.46,1.47,0.009946935711571285,-0.0008078860658067234
oscillatory__v3__test__003,joint_0,one_step_governed_pva_direct,1.47,1.48,0.006969335634819531,-0.0034526761083020613
oscillatory__v3__test__003,joint_0,one_step_governed_pva_direct,1.48,1.49,0.003954316991934031,-0.006130864777573493
oscillatory__v3__test__003,joint_0,one_step_governed_pva_direct,1.49,1.5,0.0009117499918319736,-0.008833393739359966
oscillatory__v3__test__003,joint_0,one_step_governed_pva_direct,1.5,1.51,-0.0021481632161929145,-0.011550848284136791
oscillatory__v3__test__003,joint_0,one_step_governed_pva_direct,1.51,1.52,-0.005214918841025605,-0.014273484078394079
oscillatory__v3__test__003,joint_0,one_step_governed_pva_direct,1.52,1.53,-0.008277744239513028,-0.016991256477738206
oscillatory__v3__test__003,joint_0,one_step_governed_pva_direct,1.53,1.54,-0.01132563315397769,-0.019693852377150066
oscillatory__v3__test__003,joint_0,one_step_governed_pva_direct,1.54,1.55,-0.014347383339174437,-0.02237072455936289
oscillatory__v3__test__003,joint_0,one_step_governed_pva_direct,1.55,1.56,-0.0173316365051052,-0.025011128487366606
oscillatory__v3__test__003,joint_0,one_step_governed_pva_direct,1.56,1.57,-0.020266920486365674,-0.027604161471557104
oscillatory__v3__test__003,joint_0,one_step_governed_pva_direct,1.57,1.58,-0.02314169353257645,-0.030138804126088038
oscillatory__v3__test__003,joint_0,one_step_governed_pva_direct,1.58,1.59,-0.02594439059802475,-0.032603964012615866
oscillatory__v3__test__003,joint_0,one_step_governed_pva_direct,1.59,1.6,-0.028663471491991915,-0.034988521352929354
oscillatory__v3__test__003,joint_0,one_step_governed_pva_direct,1.6,1.61,-0.031287470734451005,-0.03728137667500328
oscillatory__v3__test__003,joint_0,one_step_governed_pva_direct,1.61,1.62,-0.03380504894498478,-0.03947150023989927
oscillatory__v3__test__003,joint_0,one_step_governed_pva_direct,1.62,1.6300000000000001,-0.03620504557599337,-0.041547983079749065
oscillatory__v3__test__003,joint_0,one_step_governed_pva_direct,1.6300000000000001,1.6400000000000001,-0.03847653278464155,-0.04350008945989692
oscillatory__v3__test__003,joint_0,one_step_governed_pva_direct,1.6400000000000001,1.6500000000000001,-0.040608870221648316,-0.045317310561255014
oscillatory__v3__test__003,joint_0,one_step_governed_pva_direct,1.6500000000000001,1.6600000000000001,-0.04259176049906226,-0.04698941916215222
oscillatory__v3__test__003,joint_0,one_step_governed_pva_direct,1.6600000000000001,1.6700000000000002,-0.04441530508372011,-0.04850652508254891
oscillatory__v3__test__003,joint_0,one_step_governed_pva_direct,1.67,1.68,-0.04607006034827665,-0.04985913113757395
oscillatory__v3__test__003,joint_0,one_step_governed_pva_direct,1.68,1.69,-0.04754709349765212,-0.051038189332042225
oscillatory__v3__test__003,joint_0,one_step_governed_pva_direct,1.69,1.7,-0.04883803807560577,-0.05203515701306276
oscillatory__v3__test__003,joint_0,one_step_governed_pva_direct,1.7,1.71,-0.049935148744042715,-0.05284205268418758
oscillatory__v3__test__003,joint_0,one_step_governed_pva_direct,1.71,1.72,-0.050831355016736704,-0.05345151117191544
oscillatory__v3__test__003,joint_0,one_step_governed_pva_direct,1.72,1.73,-0.0515203136195426,-0.05385683782389414
oscillatory__v3__test__003,joint_0,one_step_governed_pva_direct,1.73,1.74,-0.051996459141016374,-0.054052061408002755
oscillatory__v3__test__003,joint_0,one_step_governed_pva_direct,1.74,1.75,-0.052255052630798,-0.05403198537278033
oscillatory__v3__test__003,joint_0,one_step_governed_pva_direct,1.75,1.76,-0.05229222779827596,-0.05379223712254376
oscillatory__v3__test__003,joint_0,one_step_governed_pva_direct,1.76,1.77,-0.05210503446107723,-0.05332931495514166
oscillatory__v3__test__003,joint_0,one_step_governed_pva_direct,1.77,1.78,-0.051691478891939445,-0.05264063230676038
oscillatory__v3__test__003,joint_0,one_step_governed_pva_direct,1.78,1.79,-0.05105056071364599,-0.05172455894666388
oscillatory__v3__test__003,joint_0,one_step_governed_pva_direct,1.79,1.8,-0.05018230599505548,-0.05058045876533791
oscillatory__v3__test__003,joint_0,one_step_governed_pva_direct,1.8,1.81,-0.049087796206942744,-0.04920872380233946
oscillatory__v3__test__003,joint_0,one_step_governed_pva_direct,1.81,1.82,-0.047769192704484875,-0.047610804165337715
oscillatory__v3__test__003,joint_0,one_step_governed_pva_direct,1.82,1.83,-0.04622975641386447,-0.045789233499472906
oscillatory__v3__test__003,joint_0,one_step_governed_pva_direct,1.83,1.84,-0.044473862413691584,-0.04374764967634792
oscillatory__v3__test__003,joint_0,one_step_governed_pva_direct,1.84,1.85,-0.04250700911783465,-0.04149081038478116
oscillatory__v3__test__003,joint_0,one_step_governed_pva_direct,1.85,1.86,-0.04033582178483798,-0.03902460332095519
oscillatory__v3__test__003,joint_0,one_step_governed_pva_direct,1.86,1.87,-0.03796805010042427,-0.03635605069384372
oscillatory__v3__test__003,joint_0,one_step_governed_pva_direct,1.87,1.8800000000000001,-0.035412559603645234,-0.03349330778282278
oscillatory__v3__test__003,joint_0,one_step_governed_pva_direct,1.8800000000000001,1.8900000000000001,-0.03267931675404343,-0.03044565530818906
oscillatory__v3__test__003,joint_0,one_step_governed_pva_direct,1.8900000000000001,1.9000000000000001,-0.029779367466702643,-0.02722348540191351
oscillatory__v3__test__003,joint_0,one_step_governed_pva_direct,1.9000000000000001,1.9100000000000001,-0.026724808974233617,-0.023838280995331605
oscillatory__v3__test__003,joint_0,one_step_governed_pva_direct,1.9100000000000001,1.9200000000000002,-0.023528754909512742,-0.020302588472565483
oscillatory__v3__test__003,joint_0,one_step_governed_pva_direct,1.92,1.93,-0.020205293540248952,-0.016629983473223836
oscillatory__v3__test__003,joint_0,one_step_governed_pva_direct,1.93,1.94,-0.01676943912610179,-0.0128350297652394
oscillatory__v3__test__003,joint_0,one_step_governed_pva_direct,1.94,1.95,-0.013237076410951674,-0.00893323114846845
oscillatory__v3__test__003,joint_0,one_step_governed_pva_direct,1.95,1.96,-0.009624898306875717,-0.004940976391750956
oscillatory__v3__test__003,joint_0,one_step_governed_pva_direct,1.96,1.97,-0.005950336872207176,-0.0008754772503492137
oscillatory__v3__test__003,joint_0,one_step_governed_pva_direct,1.97,1.98,-0.0022314877335442213,0.0032453003431458386
oscillatory__v3__test__003,joint_0,one_step_governed_pva_direct,1.98,1.99,0.0015129718495342948,0.007402711773443732
oscillatory__v3__test__003,joint_0,one_step_governed_pva_direct,1.99,2.0,0.005263871028247601,0.011577515732323894
oscillatory__v3__test__003,joint_0,one_step_governed_pva_direct,2.0,2.01,0.009001639217205225,0.015749962462530766
oscillatory__v3__test__003,joint_0,one_step_governed_pva_direct,2.0100000000000002,2.02,0.012706405404720001,0.019899887963233526
oscillatory__v3__test__003,joint_0,one_step_governed_pva_direct,2.02,2.03,0.01635810251815766,0.024006813812338216
oscillatory__v3__test__003,joint_0,one_step_governed_pva_direct,2.0300000000000002,2.04,0.019936576390226106,0.028050052208528225
oscillatory__v3__test__003,joint_0,one_step_governed_pva_direct,2.04,2.05,0.023421698821262483,0.032008815783601874
oscillatory__v3__test__003,joint_0,one_step_governed_pva_direct,2.05,2.0599999999999996,0.026793484182710665,0.03586233168386393
oscillatory__v3__test__003,joint_0,one_step_governed_pva_direct,2.06,2.07,0.030032208958498653,0.039589959368417735
oscillatory__v3__test__003,joint_0,one_step_governed_pva_direct,2.07,2.0799999999999996,0.03311853357438509,0.0431713115226219
oscillatory__v3__test__003,joint_0,one_step_governed_pva_direct,2.08,2.09,0.03603362582097387,0.046586377437160896
oscillatory__v3__test__003,joint_0,one_step_governed_pva_direct,2.09,2.0999999999999996,0.038759285134460364,0.04981564815758443
oscillatory__v3__test__003,joint_0,one_step_governed_pva_direct,2.1,2.11,0.04127806696074191,0.05284024266626013
oscillatory__v3__test__003,joint_0,one_step_governed_pva_direct,2.11,2.1199999999999997,0.043573406393743914,0.0556420343189258
oscillatory__v3__test__003,joint_0,one_step_governed_pva_direct,2.12,2.13,0.04562974024817012,0.05820377672189315
oscillatory__v3__test__003,joint_0,one_step_governed_pva_direct,2.13,2.1399999999999997,0.04743262670081154,0.060509228203916125
oscillatory__v3__test__003,joint_0,one_step_governed_pva_direct,2.14,2.15,0.048968861613519,0.06254327400925969
oscillatory__v3__test__003,joint_0,one_step_governed_pva_direct,2.15,2.1599999999999997,0.0502265906353673,0.06429204531604699
oscillatory__v3__test__003,joint_0,one_step_governed_pva_direct,2.16,2.17,0.05119541617185331,0.06574303416696785
oscillatory__v3__test__003,joint_0,one_step_governed_pva_direct,2.17,2.1799999999999997,0.05186649830554998,0.06688520338832615
oscillatory__v3__test__003,joint_0,one_step_governed_pva_direct,2.18,2.19,0.05223264875586257,0.0677090905685902
oscillatory__v3__test__003,joint_0,one_step_governed_pva_direct,2.19,2.1999999999999997,0.05228841697572274,0.06820690516946673
oscillatory__v3__test__003,joint_0,one_step_governed_pva_direct,2.2,2.21,0.052030167500513085,0.06837261785138653
oscillatory__v3__test__003,joint_0,one_step_governed_pva_direct,2.21,2.2199999999999998,0.05145614768948484,0.06820204111147628
oscillatory__v3__test__003,joint_0,one_step_governed_pva_direct,2.22,2.23,0.050566545032622444,0.0676929003558585
oscillatory__v3__test__003,joint_0,one_step_governed_pva_direct,2.23,2.2399999999999998,0.04936353323647038,0.06684489455968724
oscillatory__v3__test__003,joint_0,one_step_governed_pva_direct,2.24,2.25,0.04785130635096441,0.06565974570785506
oscillatory__v3__test__003,joint_0,one_step_governed_pva_direct,2.25,2.26,0.046036100255838465,0.06414123625690281
oscillatory__v3__test__003,joint_0,one_step_governed_pva_direct,2.2600000000000002,2.27,0.04392620088967079,0.06229523391437582
oscillatory__v3__test__003,joint_0,one_step_governed_pva_direct,2.27,2.28,0.04153193867700001,0.06012970309567544
oscillatory__v3__test__003,joint_0,one_step_governed_pva_direct,2.2800000000000002,2.29,0.03886566868899236,0.05765470249026759
oscillatory__v3__test__003,joint_0,one_step_governed_pva_direct,2.29,2.3,0.03594173616065048,0.0548823682487644
oscillatory__v3__test__003,joint_0,one_step_governed_pva_direct,2.3000000000000003,2.31,0.03277642708216663,0.05182688238965514
oscillatory__v3__test__003,joint_0,one_step_governed_pva_direct,2.31,2.32,0.029387903683364854,0.048504426119010215
oscillatory__v3__test__003,joint_0,one_step_governed_pva_direct,2.32,2.3299999999999996,0.025796124737725013,0.044933117857919286
oscillatory__v3__test__003,joint_0,one_step_governed_pva_direct,2.33,2.34,0.022022750725702547,0.04113293588027225
oscillatory__v3__test__003,joint_0,one_step_governed_pva_direct,2.34,2.3499999999999996,0.018091034015271165,0.03712562557718645
oscillatory__v3__test__003,joint_0,one_step_governed_pva_direct,2.35,2.36,0.014025694340104599,0.03293459148328025
oscillatory__v3__test__003,joint_0,one_step_governed_pva_direct,2.36,2.3699999999999997,0.009852779981774959,0.028584774323364124
oscillatory__v3__test__003,joint_0,one_step_governed_pva_direct,2.37,2.38,0.00559951519086458,0.024102513465157637
oscillatory__v3__test__003,joint_0,one_step_governed_pva_direct,2.38,2.3899999999999997,0.0012941345120460143,0.019515395293459727
oscillatory__v3__test__003,joint_0,one_step_governed_pva_direct,2.39,2.4,-0.0030342951910912043,0.014852088152837804
oscillatory__v3__test__003,joint_0,one_step_governed_pva_direct,2.4,2.4099999999999997,-0.007356064085442971,0.010142164638330418
oscillatory__v3__test__003,joint_0,one_step_governed_pva_direct,2.41,2.42,-0.011641019037427994,0.005415912145782198
oscillatory__v3__test__003,joint_0,one_step_governed_pva_direct,2.42,2.4299999999999997,-0.01585877242131579,0.0007041327240941875
oscillatory__v3__test__003,joint_0,one_step_governed_pva_direct,2.43,2.44,-0.01997891876486224,-0.003962066600326347
oscillatory__v3__test__003,joint_0,one_step_governed_pva_direct,2.44,2.4499999999999997,-0.02397125781396349,-0.008551491732544386
oscillatory__v3__test__003,joint_0,one_step_governed_pva_direct,2.45,2.46,-0.02780602248839883,-0.01303308623823945
oscillatory__v3__test__003,joint_0,one_step_governed_pva_direct,2.46,2.4699999999999998,-0.03145411009902963,-0.01737616136735453
oscillatory__v3__test__003,joint_0,one_step_governed_pva_direct,2.47,2.48,-0.034887315104383435,-0.021550629742024256
oscillatory__v3__test__003,joint_0,one_step_governed_pva_direct,2.48,2.4899999999999998,-0.03807856160264484,-0.025527240983124495
oscillatory__v3__test__003,joint_0,one_step_governed_pva_direct,2.49,2.5,-0.04100213368498571,-0.029277817464805792
oscillatory__v3__test__003,joint_0,one_step_governed_pva_direct,2.5,2.51,-0.04363390171909174,-0.032775488313127966
oscillatory__v3__test__003,joint_0,one_step_governed_pva_direct,2.5100000000000002,2.52,-0.045951542588876265,-0.035994919704648264
oscillatory__v3__test__003,joint_0,one_step_governed_pva_direct,2.52,2.53,-0.047934751888789255,-0.03891253947472381
oscillatory__v3__test__003,joint_0,one_step_governed_pva_direct,2.5300000000000002,2.54,-0.04956544605986628,-0.04150675401449736
oscillatory__v3__test__003,joint_0,one_step_governed_pva_direct,2.54,2.55,-0.05082795246061628,-0.04375815542108433
oscillatory__v3__test__003,joint_0,one_step_governed_pva_direct,2.5500000000000003,2.56,-0.051709185389838735,-0.0456497168683157
oscillatory__v3__test__003,joint_0,one_step_governed_pva_direct,2.56,2.57,-0.05219880612114818,-0.04716697418634696
oscillatory__v3__test__003,joint_0,one_step_governed_pva_direct,2.57,2.5799999999999996,-0.05228936507091411,-0.04829819167822323
oscillatory__v3__test__003,joint_0,one_step_governed_pva_direct,2.58,2.59,-0.05197642430285918,-0.049034510260657485
oscillatory__v3__test__003,joint_0,one_step_governed_pva_direct,2.59,2.5999999999999996,-0.051258658673916734,-0.04937007609523851
oscillatory__v3__test__003,joint_0,one_step_governed_pva_direct,2.6,2.61,-0.05013793404714676,-0.04930214797527615
oscillatory__v3__test__003,joint_0,one_step_governed_pva_direct,2.61,2.6199999999999997,-0.04861936113838701,-0.048831181852568364
oscillatory__v3__test__003,joint_0,one_step_governed_pva_direct,2.62,2.63,-0.04671132372350107,-0.047960891027401115
oscillatory__v3__test__003,joint_0,one_step_governed_pva_direct,2.63,2.6399999999999997,-0.04442548011200593,-0.04669828068372873
oscillatory__v3__test__003,joint_0,one_step_governed_pva_direct,2.64,2.65,-0.041776736989715596,-0.04505365562917858
oscillatory__v3__test__003,joint_0,one_step_governed_pva_direct,2.65,2.6599999999999997,-0.0387831949468281,-0.04304060029551138
oscillatory__v3__test__003,joint_0,one_step_governed_pva_direct,2.66,2.67,-0.03546606523735042,-0.04067593026845847
oscillatory__v3__test__003,joint_0,one_step_governed_pva_direct,2.67,2.6799999999999997,-0.03184955755947471,-0.03797961484523339
oscillatory__v3__test__003,joint_0,one_step_governed_pva_direct,2.68,2.69,-0.027960738902771825,-0.03497467036203764
oscillatory__v3__test__003,joint_0,one_step_governed_pva_direct,2.69,2.6999999999999997,-0.023829363775005368,-0.031687024290886295
oscillatory__v3__test__003,joint_0,one_step_governed_pva_direct,2.7,2.71,-0.01948767639684102,-0.028145350373184483
oscillatory__v3__test__003,joint_0,one_step_governed_pva_direct,2.71,2.7199999999999998,-0.014970185734486684,-0.024380875334597634
oscillatory__v3__test__003,joint_0,one_step_governed_pva_direct,2.72,2.73,-0.010313414525802088,-0.0204271580095806
oscillatory__v3__test__003,joint_0,one_step_governed_pva_direct,2.73,2.7399999999999998,-0.005555623742075783,-0.016319841991975875
oscillatory__v3__test__003,joint_0,one_step_governed_pva_direct,2.74,2.75,-0.0007365142126120538,-0.012096383217702648
oscillatory__v3__test__003,joint_0,one_step_governed_pva_direct,2.75,2.76,0.004103092580377483,-0.0077957541739211164
oscillatory__v3__test__003,joint_0,one_step_governed_pva_direct,2.7600000000000002,2.77,0.008921592256405165,-0.0034581267132186566
oscillatory__v3__test__003,joint_0,one_step_governed_pva_direct,2.77,2.78,0.013676951298776812,0.0008754642717275451
oscillatory__v3__test__003,joint_0,one_step_governed_pva_direct,2.7800000000000002,2.79,0.018327074034051725,0.005163473791052531
oscillatory__v3__test__003,joint_0,one_step_governed_pva_direct,2.79,2.8,0.02283017980800602,0.00936421354330138
oscillatory__v3__test__003,joint_0,one_step_governed_pva_direct,2.8000000000000003,2.81,0.027145187126683568,0.013436229532762767
oscillatory__v3__test__003,joint_0,one_step_governed_pva_direct,2.81,2.82,0.03123210134399388,0.017338687291514655
oscillatory__v3__test__003,joint_0,one_step_governed_pva_direct,2.82,2.8299999999999996,0.03505240231665998,0.02103176128628276
oscillatory__v3__test__003,joint_0,one_step_governed_pva_direct,2.83,2.84,0.03856942831600229,0.024477024923606046
oscillatory__v3__test__003,joint_0,one_step_governed_pva_direct,2.84,2.8499999999999996,0.041748752386834016,0.027637837429422267
oscillatory__v3__test__003,joint_0,one_step_governed_pva_direct,2.85,2.86,0.04455854727915665,0.03047972377382498
oscillatory__v3__test__003,joint_0,one_step_governed_pva_direct,2.86,2.8699999999999997,0.04696993505067262,0.03297074374099318
oscillatory__v3__test__003,joint_0,one_step_governed_pva_direct,2.87,2.88,0.0489573174493908,0.03508184621050946
oscillatory__v3__test__003,joint_0,one_step_governed_pva_direct,2.88,2.8899999999999997,0.050498683237453816,0.03678720472152725
oscillatory__v3__test__003,joint_0,one_step_governed_pva_direct,2.89,2.9,0.05157588871110853,0.0380645304372733
oscillatory__v3__test__003,joint_0,one_step_governed_pva_direct,2.9,2.9099999999999997,0.05217490780838081,0.03889535871556712
oscillatory__v3__test__003,joint_0,one_step_governed_pva_direct,2.91,2.92,0.05228604837602407,0.03926530562240129
oscillatory__v3__test__003,joint_0,one_step_governed_pva_direct,2.92,2.9299999999999997,0.05190413139071934,0.039164290900724846
oscillatory__v3__test__003,joint_0,one_step_governed_pva_direct,2.93,2.94,0.051028630195892904,0.038586724125519535
oscillatory__v3__test__003,joint_0,one_step_governed_pva_direct,2.94,2.9499999999999997,0.04966376712393754,0.0375316510386867
oscillatory__v3__test__003,joint_0,one_step_governed_pva_direct,2.95,2.96,0.047818565222626994,0.03600285736229507
oscillatory__v3__test__003,joint_0,one_step_governed_pva_direct,2.96,2.9699999999999998,0.04550685319211222,0.03400892773497942
oscillatory__v3__test__003,joint_0,one_step_governed_pva_direct,2.97,2.98,0.04274722206255436,0.03156325780179475
oscillatory__v3__test__003,joint_0,one_step_governed_pva_direct,2.98,2.9899999999999998,0.039562932599134,0.028684017910145916
oscillatory__v3__test__003,joint_0,one_step_governed_pva_direct,2.99,3.0,0.03598177290727714,0.025394067320511676
oscillatory__v3__test__003,joint_0,one_step_governed_pva_direct,3.0,3.01,0.03203586622236481,0.02172081832701403
oscillatory__v3__test__003,joint_0,one_step_governed_pva_direct,3.0100000000000002,3.02,0.027761429400329128,0.017696050195370294
oscillatory__v3__test__003,joint_0,one_step_governed_pva_direct,3.02,3.03,0.0231984831733368,0.01335567335982967
oscillatory__v3__test__003,joint_0,one_step_governed_pva_direct,3.0300000000000002,3.04,0.018390515792696106,0.00873944487128191
oscillatory__v3__test__003,joint_0,one_step_governed_pva_direct,3.04,3.05,0.013384102243333815,0.0038906366503361762
oscillatory__v3__test__003,joint_0,one_step_governed_pva_direct,3.0500000000000003,3.06,0.008228481774417255,-0.0011443413340937337
oscillatory__v3__test__003,joint_0,one_step_governed_pva_direct,3.06,3.07,0.002975097042460376,-0.006316360274539646
oscillatory__v3__test__003,joint_0,one_step_governed_pva_direct,3.0700000000000003,3.08,-0.002322901300213314,-0.011574030878942924
oscillatory__v3__test__003,joint_0,one_step_governed_pva_direct,3.08,3.09,-0.007611180224312814,-0.01686419708117284
oscillatory__v3__test__003,joint_0,one_step_governed_pva_direct,3.09,3.0999999999999996,-0.012834775316992744,-0.02213246079825716
oscillatory__v3__test__003,joint_0,one_step_governed_pva_direct,3.1,3.11,-0.01793866186767556,-0.027323732930668223
oscillatory__v3__test__003,joint_0,one_step_governed_pva_direct,3.11,3.1199999999999997,-0.02286834035754472,-0.03238280534357625
oscillatory__v3__test__003,joint_0,one_step_governed_pva_direct,3.12,3.13,-0.027570430306896872,-0.037254938150860555
oscillatory__v3__test__003,joint_0,one_step_governed_pva_direct,3.13,3.1399999999999997,-0.031993266133358574,-0.04188645625661564
oscillatory__v3__test__003,joint_0,one_step_governed_pva_direct,3.14,3.15,-0.03608748843471518,-0.04622534879739601
oscillatory__v3__test__003,joint_0,one_step_governed_pva_direct,3.15,3.1599999999999997,-0.039806623938294136,-0.05022186487862854
oscillatory__v3__test__003,joint_0,one_step_governed_pva_direct,3.16,3.17,-0.043107647259522736,-0.053829098816158855
oscillatory__v3__test__003,joint_0,one_step_governed_pva_direct,3.17,3.1799999999999997,-0.04595151758974213,-0.05700355798390148
oscillatory__v3__test__003,joint_0,one_step_governed_pva_direct,3.18,3.19,-0.04830368349124863,-0.05970570633550126
oscillatory__v3__test__003,joint_0,one_step_governed_pva_direct,3.19,3.1999999999999997,-0.05013454911858969,-0.06190047671551573
oscillatory__v3__test__003,joint_0,one_step_governed_pva_direct,3.2,3.21,-0.05141989541126808,-0.0635577452068055
oscillatory__v3__test__003,joint_0,one_step_governed_pva_direct,3.21,3.2199999999999998,-0.05214125011507918,-0.0646527609775765
oscillatory__v3__test__003,joint_0,one_step_governed_pva_direct,3.22,3.23,-0.052286200887203274,-0.06516652539488432
oscillatory__v3__test__003,joint_0,one_step_governed_pva_direct,3.23,3.2399999999999998,-0.05184864622265155,-0.06508611456138104
oscillatory__v3__test__003,joint_0,one_step_governed_pva_direct,3.24,3.25,-0.050828979504382026,-0.06440493990755111
oscillatory__v3__test__003,joint_0,one_step_governed_pva_direct,3.25,3.26,-0.04923420212283315,-0.06312294203041513
oscillatory__v3__test__003,joint_0,one_step_governed_pva_direct,3.2600000000000002,3.27,-0.04707796232809071,-0.06124671360827148
oscillatory__v3__test__003,joint_0,one_step_governed_pva_direct,3.27,3.28,-0.0443805172635557,-0.05878954793491773
oscillatory__v3__test__003,joint_0,one_step_governed_pva_direct,3.2800000000000002,3.29,-0.0411686164768037,-0.05577141040018218
oscillatory__v3__test__003,joint_0,one_step_governed_pva_direct,3.29,3.3,-0.0374753061032071,-0.05221883108957473
oscillatory__v3__test__003,joint_0,one_step_governed_pva_direct,3.3000000000000003,3.31,-0.03333965386162414,-0.04816471757637265
oscillatory__v3__test__003,joint_0,one_step_governed_pva_direct,3.31,3.32,-0.02880639597886609,-0.04364808792534812
oscillatory__v3__test__003,joint_0,one_step_governed_pva_direct,3.3200000000000003,3.33,-0.02392550815960413,-0.03871372490845509
oscillatory__v3__test__003,joint_0,one_step_governed_pva_direct,3.33,3.34,-0.018751703728984454,-0.033411753438025944
oscillatory__v3__test__003,joint_0,one_step_governed_pva_direct,3.34,3.3499999999999996,-0.013343863083829918,-0.027797144240457948
oscillatory__v3__test__003,joint_0,one_step_governed_pva_direct,3.35,3.36,-0.007764399581783582,-0.021929147810350557
oscillatory__v3__test__003,joint_0,one_step_governed_pva_direct,3.36,3.3699999999999997,-0.0020785679624946373,-0.015870663688364837
oscillatory__v3__test__003,joint_0,one_step_governed_pva_direct,3.37,3.38,0.003646277682861196,-0.009687551082070589
oscillatory__v3__test__003,joint_0,one_step_governed_pva_direct,3.38,3.3899999999999997,0.009341468511651255,-0.003447887783809118
oscillatory__v3__test__003,joint_0,one_step_governed_pva_direct,3.39,3.4,0.014937839421817567,0.0027788147808672993
oscillatory__v3__test__003,joint_0,one_step_governed_pva_direct,3.4,3.4099999999999997,0.020366572046289853,0.008922431730213282
oscillatory__v3__test__003,joint_0,one_step_governed_pva_direct,3.41,3.42,0.02556005224485256,0.014913070757121432
oscillatory__v3__test__003,joint_0,one_step_governed_pva_direct,3.42,3.4299999999999997,0.03045273158191387,0.020681934010267744
oscillatory__v3__test__003,joint_0,one_step_governed_pva_direct,3.43,3.44,0.03498198189207297,0.026162185298428748
oscillatory__v3__test__003,joint_0,one_step_governed_pva_direct,3.44,3.4499999999999997,0.03908893177895448,0.031289811686868826
oscillatory__v3__test__003,joint_0,one_step_governed_pva_direct,3.45,3.46,0.04271927377533563,0.03600446828076871
oscillatory__v3__test__003,joint_0,one_step_governed_pva_direct,3.46,3.4699999999999998,0.04582403092135119,0.04025029485578971
oscillatory__v3__test__003,joint_0,one_step_governed_pva_direct,3.47,3.48,0.04836027169813106,0.04397669300755323
oscillatory__v3__test__003,joint_0,one_step_governed_pva_direct,3.48,3.4899999999999998,0.050291762590260525,0.04713905265586429
oscillatory__v3__test__003,joint_0,one_step_governed_pva_direct,3.49,3.5,0.05158954804368294,0.049699417059860924
oscillatory__v3__test__003,joint_0,one_step_governed_pva_direct,3.5,3.51,0.05223244823559278,0.05162707597885766
oscillatory__v3__test__003,joint_0,one_step_governed_pva_direct,3.5100000000000002,3.52,0.05220746587685364,0.052899077250253106
oscillatory__v3__test__003,joint_0,one_step_governed_pva_direct,3.52,3.53,0.051510094220493685,0.05350064784803694
oscillatory__v3__test__003,joint_0,one_step_governed_pva_direct,3.5300000000000002,3.54,0.050144519544575564,0.05342551642838499
oscillatory__v3__test__003,joint_0,one_step_governed_pva_direct,3.54,3.55,0.0481237126045077,0.05267613045544063
oscillatory__v3__test__003,joint_0,one_step_governed_pva_direct,3.5500000000000003,3.56,0.04546940489665171,0.05126376222114328
oscillatory__v3__test__003,joint_0,one_step_governed_pva_direct,3.56,3.57,0.04221194702762185,0.049208499416026966
oscillatory__v3__test__003,joint_0,one_step_governed_pva_direct,3.5700000000000003,3.58,0.03839004802551737,0.04653911735913432
oscillatory__v3__test__003,joint_0,one_step_governed_pva_direct,3.58,3.59,0.034050396042042456,0.04329283153824464
oscillatory__v3__test__003,joint_0,one_step_governed_pva_direct,3.59,3.5999999999999996,0.0292471625577222,0.039514930728112574
oscillatory__v3__test__003,joint_0,one_step_governed_pva_direct,3.6,3.61,0.02404139389430717,0.035258292624091525
oscillatory__v3__test__003,joint_0,one_step_governed_pva_direct,3.61,3.6199999999999997,0.018500295535632,0.030582785629437628
oscillatory__v3__test__003,joint_0,one_step_governed_pva_direct,3.62,3.63,0.01269641643624483,0.025554562143398966
oscillatory__v3__test__003,joint_0,one_step_governed_pva_direct,3.63,3.6399999999999997,0.006706742130860362,0.020245250389397087
oscillatory__v3__test__003,joint_0,one_step_governed_pva_direct,3.64,3.65,0.0006117070214320482,0.014731053472880397
oscillatory__v3__test__003,joint_0,one_step_governed_pva_direct,3.65,3.6599999999999997,-0.005505862313272178,0.009091765940975244
oscillatory__v3__test__003,joint_0,one_step_governed_pva_direct,3.66,3.67,-0.01156185959374186,0.0034097196049699702
oscillatory__v3__test__003,joint_0,one_step_governed_pva_direct,3.67,3.6799999999999997,-0.017472052708353017,-0.00223132824369394
oscillatory__v3__test__003,joint_0,one_step_governed_pva_direct,3.68,3.69,-0.023153263549580458,-0.007747349867825983
oscillatory__v3__test__003,joint_0,one_step_governed_pva_direct,3.69,3.6999999999999997,-0.02852455755218449,-0.013055229955830127
oscillatory__v3__test__003,joint_0,one_step_governed_pva_direct,3.7,3.71,-0.033508426038514394,-0.018073960049557903
oscillatory__v3__test__003,joint_0,one_step_governed_pva_direct,3.71,3.7199999999999998,-0.03803194407577034,-0.022725827592045052
oscillatory__v3__test__003,joint_0,one_step_governed_pva_direct,3.72,3.73,-0.04202788639368745,-0.02693758223112734
oscillatory__v3__test__003,joint_0,one_step_governed_pva_direct,3.73,3.7399999999999998,-0.04543578401039399,-0.030641561831665304
oscillatory__v3__test__003,joint_0,one_step_governed_pva_direct,3.74,3.75,-0.04820290457750348,-0.033776760722159745
oscillatory__v3__test__003,joint_0,one_step_governed_pva_direct,3.75,3.76,-0.05028514008740318,-0.03628982303965031
oscillatory__v3__test__003,joint_0,one_step_governed_pva_direct,3.7600000000000002,3.77,-0.05164778648681439,-0.038135944644967126
oscillatory__v3__test__003,joint_0,one_step_governed_pva_direct,3.77,3.78,-0.052266200907413095,-0.03927966795965973
oscillatory__v3__test__003,joint_0,one_step_governed_pva_direct,3.7800000000000002,3.79,-0.05212632364871521,-0.03969555522306188
oscillatory__v3__test__003,joint_0,one_step_governed_pva_direct,3.79,3.8,-0.05122505371821937,-0.039368727075426865
oscillatory__v3__test__003,joint_0,one_step_governed_pva_direct,3.8000000000000003,3.81,-0.04957046863225485,-0.03829525502891982
oscillatory__v3__test__003,joint_0,one_step_governed_pva_direct,3.81,3.82,-0.04718188128703138,-0.03648239827607827
oscillatory__v3__test__003,joint_0,one_step_governed_pva_direct,3.8200000000000003,3.83,-0.04408972899777651,-0.03394867738436266
oscillatory__v3__test__003,joint_0,one_step_governed_pva_direct,3.83,3.84,-0.04033529224533623,-0.030723779710585968
oscillatory__v3__test__003,joint_0,one_step_governed_pva_direct,3.84,3.8499999999999996,-0.03597024323126651,-0.02684829381127201
oscillatory__v3__test__003,joint_0,one_step_governed_pva_direct,3.85,3.86,-0.031056026988022595,-0.022373272691537383
oscillatory__v3__test__003,joint_0,one_step_governed_pva_direct,3.86,3.8699999999999997,-0.02566308048122604,-0.017359628389732984
oscillatory__v3__test__003,joint_0,one_step_governed_pva_direct,3.87,3.88,-0.019869897834677516,-0.011877363098693165
oscillatory__v3__test__003,joint_0,one_step_governed_pva_direct,3.88,3.8899999999999997,-0.013761952462544406,-0.006004644735470107
oscillatory__v3__test__003,joint_0,one_step_governed_pva_direct,3.89,3.9,-0.007430489462535165,0.00017326245352371526
oscillatory__v3__test__003,joint_0,one_step_governed_pva_direct,3.9,3.9099999999999997,-0.000971204064095833,0.006565199070596649
oscillatory__v3__test__019,joint_0,one_step_governed_pva_direct,0.0,0.01,0.3402436195449583,0.3402436195449583
oscillatory__v3__test__019,joint_0,one_step_governed_pva_direct,0.01,0.02,0.3147617888549805,0.34023371734540697
oscillatory__v3__test__019,joint_0,one_step_governed_pva_direct,0.02,0.03,0.2890306958573432,0.3401270381113002
oscillatory__v3__test__019,joint_0,one_step_governed_pva_direct,0.03,0.04,0.26307071723881476,0.339722351423795
oscillatory__v3__test__019,joint_0,one_step_governed_pva_direct,0.04,0.05,0.23690241094241324,0.3389611370537898
oscillatory__v3__test__019,joint_0,one_step_governed_pva_direct,0.05,0.060000000000000005,0.21054649988738444,0.33783022129740115
oscillatory__v3__test__019,joint_0,one_step_governed_pva_direct,0.06,0.06999999999999999,0.18402385555853829,0.33631689443527873
oscillatory__v3__test__019,joint_0,one_step_governed_pva_direct,0.07,0.08,0.15735548147793266,0.3344089225323568
oscillatory__v3__test__019,joint_0,one_step_governed_pva_direct,0.08,0.09,0.13056249657199717,0.3320945685592077
oscillatory__v3__test__019,joint_0,one_step_governed_pva_direct,0.09,0.09999999999999999,0.1036661184472662,0.32936261915367554
oscillatory__v3__test__019,joint_0,one_step_governed_pva_direct,0.1,0.11,0.07668764658796916,0.32620241068151856
oscillatory__v3__test__019,joint_0,one_step_governed_pva_direct,0.11,0.12,0.04964844548877708,0.3226038545526129
oscillatory__v3__test__019,joint_0,one_step_governed_pva_direct,0.12,0.13,0.022569927736071055,0.3185574617506053
oscillatory__v3__test__019,joint_0,one_step_governed_pva_direct,0.13,0.14,-0.0045264629488751444,0.3140543665348824
oscillatory__v3__test__019,joint_0,one_step_governed_pva_direct,0.14,0.15000000000000002,-0.03161926869136809,0.30908634927487294
oscillatory__v3__test__019,joint_0,one_step_governed_pva_direct,0.15,0.16,-0.05868703445597418,0.3036458583779028
oscillatory__v3__test__019,joint_0,one_step_governed_pva_direct,0.16,0.17,-0.08570832503695408,0.2977260312730904
oscillatory__v3__test__019,joint_0,one_step_governed_pva_direct,0.17,0.18000000000000002,-0.1126617420329893,0.29132071441508756
oscillatory__v3__test__019,joint_0,one_step_governed_pva_direct,0.18,0.19,-0.13952594079276556,0.2844244822728497
oscillatory__v3__test__019,joint_0,one_step_governed_pva_direct,0.19,0.2,-0.16627964731799028,0.27703265527004234
oscillatory__v3__test__019,joint_0,one_step_governed_pva_direct,0.2,0.21000000000000002,-0.19290167511045703,0.26914131664516894
oscillatory__v3__test__019,joint_0,one_step_governed_pva_direct,0.21,0.22,-0.2193709419498218,0.26074732820103347
oscillatory__v3__test__019,joint_0,one_step_governed_pva_direct,0.22,0.23,-0.24566648658879706,0.2518483449147167
oscillatory__v3__test__019,joint_0,one_step_governed_pva_direct,0.23,0.24000000000000002,-0.2717674853525464,0.24244282838086745
oscillatory__v3__test__019,joint_0,one_step_governed_pva_direct,0.24,0.25,-0.2976532686291357,0.23253005906276292
oscillatory__v3__test__019,joint_0,one_step_governed_pva_direct,0.25,0.26,-0.3233033372379781,0.222110147327289
oscillatory__v3__test__019,joint_0,one_step_governed_pva_direct,0.26,0.27,-0.34869737866331535,0.21118404324172668
oscillatory__v3__test__019,joint_0,one_step_governed_pva_direct,0.27,0.28,-0.37381528313987467,0.19975354511199578
oscillatory__v3__test__019,joint_0,one_step_governed_pva_direct,0.28,0.29000000000000004,-0.39863715957796736,0.18782130674381134
oscillatory__v3__test__019,joint_0,one_step_governed_pva_direct,0.29,0.3,-0.4231433513154159,0.17539084341003403
oscillatory__v3__test__019,joint_0,one_step_governed_pva_direct,0.3,0.31,-0.44731445168383316,0.16246653650935403
oscillatory__v3__test__019,joint_0,one_step_governed_pva_direct,0.31,0.32,-0.47113131937693487,0.14905363690333037
oscillatory__v3__test__019,joint_0,one_step_governed_pva_direct,0.32,0.33,-0.49457509360870106,0.13515826692070668
oscillatory__v3__test__019,joint_0,one_step_governed_pva_direct,0.33,0.34,-0.5176272090493991,0.12078742101985215
oscillatory__v3__test__019,joint_0,one_step_governed_pva_direct,0.34,0.35000000000000003,-0.5402694105276268,0.10594896510211016
oscillatory__v3__test__019,joint_0,one_step_governed_pva_direct,0.35000000000000003,0.36000000000000004,-0.5624837674867387,0.09065163447079082
oscillatory__v3__test__019,joint_0,one_step_governed_pva_direct,0.36,0.37,-0.5842526881842115,0.07490503043250964
oscillatory__v3__test__019,joint_0,one_step_governed_pva_direct,0.37,0.38,-0.6055589336226915,0.058719615539540714
oscillatory__v3__test__019,joint_0,one_step_governed_pva_direct,0.38,0.39,-0.6263856312017078,0.04210670747383684
oscillatory__v3__test__019,joint_0,one_step_governed_pva_direct,0.39,0.4,-0.6467162880792265,0.02507847157534234
oscillatory__v3__test__019,joint_0,one_step_governed_pva_direct,0.4,0.41000000000000003,-0.6665348042324739,0.007647912019207943
oscillatory__v3__test__019,joint_0,one_step_governed_pva_direct,0.41000000000000003,0.42000000000000004,-0.6858254852076834,-0.010171138351505536
oscillatory__v3__test__019,joint_0,one_step_governed_pva_direct,0.42,0.43,-0.704573054548663,-0.028364029529080445
oscillatory__v3__test__019,joint_0,one_step_governed_pva_direct,0.43,0.44,-0.7227626658943546,-0.04691530716982862
oscillatory__v3__test__019,joint_0,one_step_governed_pva_direct,0.44,0.45,-0.74037991473579,-0.06580872673574176
oscillatory__v3__test__019,joint_0,one_step_governed_pva_direct,0.45,0.46,-0.7574108498231445,-0.08502726893469505
oscillatory__v3__test__019,joint_0,one_step_governed_pva_direct,0.46,0.47000000000000003,-0.7738419842138499,-0.10455315644287098
oscillatory__v3__test__019,joint_0,one_step_governed_pva_direct,0.47000000000000003,0.48000000000000004,-0.7896603059530151,-0.12436787189117118
oscillatory__v3__test__019,joint_0,one_step_governed_pva_direct,0.48,0.49,-0.8048532883777043,-0.14445217709550004
oscillatory__v3__test__019,joint_0,one_step_governed_pva_direct,0.49,0.5,-0.8194089000369066,-0.16478613350895213
oscillatory__v3__test__019,joint_0,one_step_governed_pva_direct,0.5,0.51,-0.8333156142193385,-0.18534912387210495
oscillatory__v3__test__019,joint_0,one_step_governed_pva_direct,0.51,0.52,-0.8465624180815469,-0.20611987503581766
oscillatory__v3__test__019,joint_0,one_step_governed_pva_direct,0.52,0.53,-0.8591388213690666,-0.22707648192917687
oscillatory__v3__test__019,joint_0,one_step_governed_pva_direct,0.53,0.54,-0.8710348647237424,-0.24819643264349228
oscillatory__v3__test__019,joint_0,one_step_governed_pva_direct,0.54,0.55,-0.8822411275706237,-0.2694566346015546
oscillatory__v3__test__019,joint_0,one_step_governed_pva_direct,0.55,0.56,-0.8927487355781956,-0.29083344177971393
oscillatory__v3__test__019,joint_0,one_step_governed_pva_direct,0.56,0.5700000000000001,-0.9025493676860348,-0.31230268294872343
oscillatory__v3__test__019,joint_0,one_step_governed_pva_direct,0.5700000000000001,0.5800000000000001,-0.9116352626943219,-0.33383969089772736
oscillatory__v3__test__019,joint_0,one_step_governed_pva_direct,0.58,0.59,-0.919999225409999,-0.3554193326042477
oscillatory__v3__test__019,joint_0,one_step_governed_pva_direct,0.59,0.6,-0.9276346323446999,-0.3770160403115561
oscillatory__v3__test__019,joint_0,one_step_governed_pva_direct,0.6,0.61,-0.9345354369599418,-0.3986038434733942
oscillatory__v3__test__019,joint_0,one_step_governed_pva_direct,0.61,0.62,-0.9406961744554251,-0.42015640152463546
oscillatory__v3__test__019,joint_0,one_step_governed_pva_direct,0.62,0.63,-0.9461119660966513,-0.4416470374351701
oscillatory__v3__test__019,joint_0,one_step_governed_pva_direct,0.63,0.64,-0.9507785230784287,-0.4630487720030398
oscillatory__v3__test__019,joint_0,one_step_governed_pva_direct,0.64,0.65,-0.9546921499212078,-0.4843343588416472
oscillatory__v3__test__019,joint_0,one_step_governed_pva_direct,0.65,0.66,-0.957849747397558,-0.5054763200147289
oscillatory__v3__test__019,joint_0,one_step_governed_pva_direct,0.66,0.67,-0.9602488149864659,-0.5264469822717064
oscillatory__v3__test__019,joint_0,one_step_governed_pva_direct,0.67,0.68,-0.9618874528535126,-0.5472185138350171
oscillatory__v3__test__019,joint_0,one_step_governed_pva_direct,0.68,0.6900000000000001,-0.9627643633553639,-0.5677629616900792
oscillatory__v3__test__019,joint_0,one_step_governed_pva_direct,0.6900000000000001,0.7000000000000001,-0.962878852067377,-0.5880522893276654
oscillatory__v3__test__019,joint_0,one_step_governed_pva_direct,0.7000000000000001,0.7100000000000001,-0.9622308283335161,-0.6080584148876484
oscillatory__v3__test__019,joint_0,one_step_governed_pva_direct,0.71,0.72,-0.9608208053381361,-0.6277532496523358
oscillatory__v3__test__019,joint_0,one_step_governed_pva_direct,0.72,0.73,-0.9586498996995804,-0.6471087368369404
oscillatory__v3__test__019,joint_0,one_step_governed_pva_direct,0.73,0.74,-0.955719830585915,-0.6660968906241297
oscillatory__v3__test__019,joint_0,one_step_governed_pva_direct,0.74,0.75,-0.9520329183534968,-0.6846898353890687
oscillatory__v3__test__019,joint_0,one_step_governed_pva_direct,0.75,0.76,-0.947592082709457,-0.7028598450609114
oscillatory__v3__test__019,joint_0,one_step_governed_pva_direct,0.76,0.77,-0.9424008403995519,-0.7205793825663164
oscillatory__v3__test__019,joint_0,one_step_governed_pva_direct,0.77,0.78,-0.9364633024232141,-0.7378211393002495
oscillatory__v3__test__019,joint_0,one_step_governed_pva_direct,0.78,0.79,-0.9297841707780106,-0.754558074569106
oscillatory__v3__test__019,joint_0,one_step_governed_pva_direct,0.79,0.8,-0.9223687347360817,-0.7707634549510239
oscillatory__v3__test__019,joint_0,one_step_governed_pva_direct,0.8,0.81,-0.9142228666555137,-0.7864108935181793
oscillatory__v3__test__019,joint_0,one_step_governed_pva_direct,0.81,0.8200000000000001,-0.9053530173299605,-0.801474388865843
oscillatory__v3__test__019,joint_0,one_step_governed_pva_direct,0.8200000000000001,0.8300000000000001,-0.895766210880198,-0.8159283638930545
oscillatory__v3__test__019,joint_0,one_step_governed_pva_direct,0.8300000000000001,0.8400000000000001,-0.8854700391916525,-0.8297477042799053
oscillatory__v3__test__019,joint_0,one_step_governed_pva_direct,0.84,0.85,-0.8744726559023144,-0.842907796606653
oscillatory__v3__test__019,joint_0,one_step_governed_pva_direct,0.85,0.86,-0.8627827699457965,-0.8553845660601782
oscillatory__v3__test__019,joint_0,one_step_governed_pva_direct,0.86,0.87,-0.8504096386546438,-0.8671545136736738
oscillatory__v3__test__019,joint_0,one_step_governed_pva_direct,0.87,0.88,-0.8373630604293648,-0.878194753045897
oscillatory__v3__test__019,joint_0,one_step_governed_pva_direct,0.88,0.89,-0.8236533669789893,-0.8884830464868443
oscillatory__v3__test__019,joint_0,one_step_governed_pva_direct,0.89,0.9,-0.8092914151392864,-0.8979978405373021
oscillatory__v3__test__019,joint_0,one_step_governed_pva_direct,0.9,0.91,-0.7942885782751375,-0.9067183008103918
oscillatory__v3__test__019,joint_0,one_step_governed_pva_direct,0.91,0.92,-0.778656737273864,-0.914626653802635
oscillatory__v3__test__019,joint_0,one_step_governed_pva_direct,0.92,0.93,-0.762408271136641,-0.9217159157800753
oscillatory__v3__test__019,joint_0,one_step_governed_pva_direct,0.93,0.9400000000000001,-0.7455560471754513,-0.9279851777575155
oscillatory__v3__test__019,joint_0,one_step_governed_pva_direct,0.9400000000000001,0.9500000000000001,-0.728113410823343,-0.9334344397349559
oscillatory__v3__test__019,joint_0,one_step_governed_pva_direct,0.9500000000000001,0.9600000000000001,-0.7100941750660617,-0.9380637017123962
oscillatory__v3__test__019,joint_0,one_step_governed_pva_direct,0.96,0.97,-0.6915126095034146,-0.9418729636898365
oscillatory__v3__test__019,joint_0,one_step_governed_pva_direct,0.97,0.98,-0.6723834290490471,-0.9448622256672768
oscillatory__v3__test__019,joint_0,one_step_governed_pva_direct,0.98,0.99,-0.6527217822775693,-0.9470314876447171
oscillatory__v3__test__019,joint_0,one_step_governed_pva_direct,0.99,1.0,-0.6325432394282605,-0.9483807496221575
oscillatory__v3__test__019,joint_0,one_step_governed_pva_direct,1.0,1.01,-0.6118637800748536,-0.9489100115995978
oscillatory__v3__test__019,joint_0,one_step_governed_pva_direct,1.01,1.02,-0.5906997804711679,-0.9486192735770381
oscillatory__v3__test__019,joint_0,one_step_governed_pva_direct,1.02,1.03,-0.5690680005826052,-0.9475085355544784
oscillatory__v3__test__019,joint_0,one_step_governed_pva_direct,1.03,1.04,-0.5469855708137792,-0.9455777975319187
oscillatory__v3__test__019,joint_0,one_step_governed_pva_direct,1.04,1.05,-0.5244699784427942,-0.9428270595093591
oscillatory__v3__test__019,joint_0,one_step_governed_pva_direct,1.05,1.06,-0.5015390537729139,-0.9392563214867994
oscillatory__v3__test__019,joint_0,one_step_governed_pva_direct,1.06,1.07,-0.47821095601258184,-0.9348655834642396
oscillatory__v3__test__019,joint_0,one_step_governed_pva_direct,1.07,1.08,-0.45450415889497847,-0.92965484544168
oscillatory__v3__test__019,joint_0,one_step_governed_pva_direct,1.08,1.09,-0.43043743604850965,-0.9236241074191203
oscillatory__v3__test__019,joint_0,one_step_governed_pva_direct,1.09,1.1,-0.406029846129801,-0.9167733693965606
oscillatory__v3__test__019,joint_0,one_step_governed_pva_direct,1.1,1.11,-0.3813007177309722,-0.9091026313740009
oscillatory__v3__test__019,joint_0,one_step_governed_pva_direct,1.11,1.12,-0.3562696340731581,-0.9006118933514412
oscillatory__v3__test__019,joint_0,one_step_governed_pva_direct,1.12,1.1300000000000001,-0.3309564174983777,-0.8913011553288815
oscillatory__v3__test__019,joint_0,one_step_governed_pva_direct,1.1300000000000001,1.1400000000000001,-0.3053811137720421,-0.8811704173063218
oscillatory__v3__test__019,joint_0,one_step_governed_pva_direct,1.1400000000000001,1.1500000000000001,-0.2795639762085374,-0.8702196792837622
oscillatory__v3__test__019,joint_0,one_step_governed_pva_direct,1.1500000000000001,1.1600000000000001,-0.25352544963244267,-0.8584489412612025
oscillatory__v3__test__019,joint_0,one_step_governed_pva_direct,1.16,1.17,-0.22728615418809092,-0.8458582032386428
oscillatory__v3__test__019,joint_0,one_step_governed_pva_direct,1.17,1.18,-0.20086686901029052,-0.8324474652160831
oscillatory__v3__test__019,joint_0,one_step_governed_pva_direct,1.18,1.19,-0.17428851576914964,-0.8182167271935235
oscillatory__v3__test__019,joint_0,one_step_governed_pva_direct,1.19,1.2,-0.14757214210201525,-0.8031659891709637
oscillatory__v3__test__019,joint_0,one_step_governed_pva_direct,1.2,1.21,-0.12073890494566096,-0.787295251148404
oscillatory__v3__test__019,joint_0,one_step_governed_pva_direct,1.21,1.22,-0.09381005378192209,-0.7706045131258443
oscillatory__v3__test__019,joint_0,one_step_governed_pva_direct,1.22,1.23,-0.0668069138100471,-0.7530937751032847
oscillatory__v3__test__019,joint_0,one_step_governed_pva_direct,1.23,1.24,-0.03975086905907517,-0.734763037080725
oscillatory__v3__test__019,joint_0,one_step_governed_pva_direct,1.24,1.25,-0.012663345453638078,-0.7156122990581653
oscillatory__v3__test__019,joint_0,one_step_governed_pva_direct,1.25,1.26,0.014434206153417442,-0.6956415610356056
oscillatory__v3__test__019,joint_0,one_step_governed_pva_direct,1.26,1.27,0.04152032696815172,-0.6748508230130459
oscillatory__v3__test__019,joint_0,one_step_governed_pva_direct,1.27,1.28,0.06857356724894255,-0.6532400849904862
oscillatory__v3__test__019,joint_0,one_step_governed_pva_direct,1.28,1.29,0.09557250329272332,-0.6308093469679266
oscillatory__v3__test__019,joint_0,one_step_governed_pva_direct,1.29,1.3,0.12249575440060055,-0.6075586089453668
oscillatory__v3__test__019,joint_0,one_step_governed_pva_direct,1.3,1.31,0.14932199980942204,-0.5834878709228072
oscillatory__v3__test__019,joint_0,one_step_governed_pva_direct,1.31,1.32,0.17602999557587468,-0.5585971329002475
oscillatory__v3__test__019,joint_0,one_step_governed_pva_direct,1.32,1.33,0.20259859139974998,-0.5328863948776879
oscillatory__v3__test__019,joint_0,one_step_governed_pva_direct,1.33,1.34,0.2290067473730553,-0.506355754269075
oscillatory__v3__test__019,joint_0,one_step_governed_pva_direct,1.34,1.35,0.2552335506417019,-0.47900950206810516
oscillatory__v3__test__019,joint_0,one_step_governed_pva_direct,1.35,1.36,0.2812582319665731,-0.45086743980535343
oscillatory__v3__test__019,joint_0,one_step_governed_pva_direct,1.36,1.37,0.3070601821708743,-0.4219541560075654
oscillatory__v3__test__019,joint_0,one_step_governed_pva_direct,1.37,1.3800000000000001,0.33261896846071776,-0.3922953993845189
oscillatory__v3__test__019,joint_0,one_step_governed_pva_direct,1.3800000000000001,1.3900000000000001,0.35791435060602983,-0.36191805411787925
oscillatory__v3__test__019,joint_0,one_step_governed_pva_direct,1.3900000000000001,1.4000000000000001,0.3829262969689684,-0.3308501135609276
oscillatory__v3__test__019,joint_0,one_step_governed_pva_direct,1.4000000000000001,1.4100000000000001,0.40763500036715394,-0.2991206522847638
oscillatory__v3__test__019,joint_0,one_step_governed_pva_direct,1.41,1.42,0.43202089375914837,-0.2667597965621359
oscillatory__v3__test__019,joint_0,one_step_governed_pva_direct,1.42,1.43,0.4560646657397676,-0.2337986933216321
oscillatory__v3__test__019,joint_0,one_step_governed_pva_direct,1.43,1.44,0.47974727583294996,-0.20026947760709307
oscillatory__v3__test__019,joint_0,one_step_governed_pva_direct,1.44,1.45,0.5030499695700797,-0.16620523857918862
oscillatory__v3__test__019,joint_0,one_step_governed_pva_direct,1.45,1.46,0.5259542933418128,-0.13163998409815128
oscillatory__v3__test__019,joint_0,one_step_governed_pva_direct,1.46,1.47,0.5484421090116468,-0.0966086039286556
oscillatory__v3__test__019,joint_0,one_step_governed_pva_direct,1.47,1.48,0.5704956082796773,-0.061146831609773244
oscillatory__v3__test__019,joint_0,one_step_governed_pva_direct,1.48,1.49,0.5920973267851408,-0.025291205034820418
oscillatory__v3__test__019,joint_0,one_step_governed_pva_direct,1.49,1.5,0.6132301579365941,0.010920974212238541
oscillatory__v3__test__019,joint_0,one_step_governed_pva_direct,1.5,1.51,0.6338773664587745,0.04745168271539541
oscillatory__v3__test__019,joint_0,one_step_governed_pva_direct,1.51,1.52,0.6540226016454104,0.08426221823006426
oscillatory__v3__test__019,joint_0,one_step_governed_pva_direct,1.52,1.53,0.673649910307484,0.12131324377960091
oscillatory__v3__test__019,joint_0,one_step_governed_pva_direct,1.53,1.54,0.6927437494067042,0.1585648327914806
oscillatory__v3__test__019,joint_0,one_step_governed_pva_direct,1.54,1.55,0.7112889983641734,0.1959765152182255
oscillatory__v3__test__019,joint_0,one_step_governed_pva_direct,1.55,1.56,0.7292709710344993,0.2335073245867155
oscillatory__v3__test__019,joint_0,one_step_governed_pva_direct,1.56,1.57,0.7466754273358883,0.27111584591813553
oscillatory__v3__test__019,joint_0,one_step_governed_pva_direct,1.57,1.58,0.7634885845269846,0.3087602644595194
oscillatory__v3__test__019,joint_0,one_step_governed_pva_direct,1.58,1.59,0.7796971281215441,0.3463984151666063
oscillatory__v3__test__019,joint_0,one_step_governed_pva_direct,1.59,1.6,0.7952882224322875,0.3839878328765799
oscillatory__v3__test__019,joint_0,one_step_governed_pva_direct,1.6,1.61,0.810249520735597,0.42148580310818684
oscillatory__v3__test__019,joint_0,one_step_governed_pva_direct,1.61,1.62,0.8245691750489901,0.4588494134257405
oscillatory__v3__test__019,joint_0,one_step_governed_pva_direct,1.62,1.6300000000000001,0.8382358455136374,0.4960356053025963
oscillatory__v3__test__019,joint_0,one_step_governed_pva_direct,1.6300000000000001,1.6400000000000001,0.8512387093744964,0.5330012264188612
oscillatory__v3__test__019,joint_0,one_step_governed_pva_direct,1.6400000000000001,1.6500000000000001,0.8635674695509435,0.5697030833273593
oscillatory__v3__test__019,joint_0,one_step_governed_pva_direct,1.6500000000000001,1.6600000000000001,0.8752123627911207,0.6060979944212135
oscillatory__v3__test__019,joint_0,one_step_governed_pva_direct,1.6600000000000001,1.6700000000000002,0.8861641674035343,0.6421428431358249
oscillatory__v3__test__019,joint_0,one_step_governed_pva_direct,1.67,1.68,0.8964142105597965,0.6777946313175567
oscillatory__v3__test__019,joint_0,one_step_governed_pva_direct,1.68,1.69,0.9059543751627092,0.7130105326910283
oscillatory__v3__test__019,joint_0,one_step_governed_pva_direct,1.69,1.7,0.9147771062742603,0.7477479463566139
oscillatory__v3__test__019,joint_0,one_step_governed_pva_direct,1.7,1.71,0.9228754170984458,0.7819645502495196
oscillatory__v3__test__019,joint_0,one_step_governed_pva_direct,1.71,1.72,0.930242894514171,0.8156183544916926
oscillatory__v3__test__019,joint_0,one_step_governed_pva_direct,1.72,1.73,0.9368737041538543,0.8486677545677648
oscillatory__v3__test__019,joint_0,one_step_governed_pva_direct,1.73,1.74,0.9427625950237124,0.8810715842562867
oscillatory__v3__test__019,joint_0,one_step_governed_pva_direct,1.74,1.75,0.9479049036620656,0.9127891682476517
oscillatory__v3__test__019,joint_0,one_step_governed_pva_direct,1.75,1.76,0.9522965578323705,0.9437803743803331
oscillatory__v3__test__019,joint_0,one_step_governed_pva_direct,1.76,1.77,0.9559340797480584,0.9740056654273833
oscillatory__v3__test__019,joint_0,one_step_governed_pva_direct,1.77,1.78,0.9588145888266211,1.003430004490671
oscillatory__v3__test__019,joint_0,one_step_governed_pva_direct,1.78,1.79,0.9609358039707675,1.0320368565081215
oscillatory__v3__test__019,joint_0,one_step_governed_pva_direct,1.79,1.8,0.9622960453748416,1.0598237085255722
oscillatory__v3__test__019,joint_0,one_step_governed_pva_direct,1.8,1.81,0.9628942358550724,1.0867905605430228
oscillatory__v3__test__019,joint_0,one_step_governed_pva_direct,1.81,1.82,0.9627299017026029,1.1129374125604734
oscillatory__v3__test__019,joint_0,one_step_governed_pva_direct,1.82,1.83,0.961803173058621,1.138264264577924
oscillatory__v3__test__019,joint_0,one_step_governed_pva_direct,1.83,1.84,0.9601147838112968,1.1627711165953745
oscillatory__v3__test__019,joint_0,one_step_governed_pva_direct,1.84,1.85,0.957666071014608,1.1864579686128252
oscillatory__v3__test__019,joint_0,one_step_governed_pva_direct,1.85,1.86,0.9544589738295114,1.2093248206302758
oscillatory__v3__test__019,joint_0,one_step_governed_pva_direct,1.86,1.87,0.9504960319883023,1.2313716726477264
oscillatory__v3__test__019,joint_0,one_step_governed_pva_direct,1.87,1.8800000000000001,0.9457803837833753,1.252598524665177
oscillatory__v3__test__019,joint_0,one_step_governed_pva_direct,1.8800000000000001,1.8900000000000001,0.9403157635819792,1.2730053766826275
oscillatory__v3__test__019,joint_0,one_step_governed_pva_direct,1.8900000000000001,1.9000000000000001,0.9341064988689382,1.2925922287000782
oscillatory__v3__test__019,joint_0,one_step_governed_pva_direct,1.9000000000000001,1.9100000000000001,0.9271575068196737,1.3113590807175288
oscillatory__v3__test__019,joint_0,one_step_governed_pva_direct,1.9100000000000001,1.9200000000000002,0.9194742904062482,1.3293059327349794
oscillatory__v3__test__019,joint_0,one_step_governed_pva_direct,1.92,1.93,0.9110629340395118,1.34643278475243
oscillatory__v3__test__019,joint_0,one_step_governed_pva_direct,1.93,1.94,0.901930098750798,1.3627396367698805
oscillatory__v3__test__019,joint_0,one_step_governed_pva_direct,1.94,1.95,0.8920830169169958,1.3782264887873312
oscillatory__v3__test__019,joint_0,one_step_governed_pva_direct,1.95,1.96,0.8815294865331605,1.3928933408047819
oscillatory__v3__test__019,joint_0,one_step_governed_pva_direct,1.96,1.97,0.8702778650372144,1.4067401928222325
oscillatory__v3__test__019,joint_0,one_step_governed_pva_direct,1.97,1.98,0.8583370626916115,1.419767044839683
oscillatory__v3__test__019,joint_0,one_step_governed_pva_direct,1.98,1.99,0.8457165355272221,1.4319738968571336
oscillatory__v3__test__019,joint_0,one_step_governed_pva_direct,1.99,2.0,0.8324262778550173,1.443360748874584
oscillatory__v3__test__019,joint_0,one_step_governed_pva_direct,2.0,2.01,0.8184768143514817,1.4539276008920348
oscillatory__v3__test__019,joint_0,one_step_governed_pva_direct,2.0100000000000002,2.02,0.8038791917240278,1.4636744529094854
oscillatory__v3__test__019,joint_0,one_step_governed_pva_direct,2.02,2.03,0.7886449699630108,1.472601304926936
oscillatory__v3__test__019,joint_0,one_step_governed_pva_direct,2.0300000000000002,2.04,0.7727862131872649,1.4807081569443865
oscillatory__v3__test__019,joint_0,one_step_governed_pva_direct,2.04,2.05,0.7563154800904227,1.487995008961837
oscillatory__v3__test__019,joint_0,one_step_governed_pva_direct,2.05,2.0599999999999996,0.7392458139955711,1.4944618609792877
oscillatory__v3__test__019,joint_0,one_step_governed_pva_direct,2.06,2.07,0.7215907325261254,1.5001087129967383
oscillatory__v3__test__019,joint_0,one_step_governed_pva_direct,2.07,2.0799999999999996,0.7033642169011086,1.504935565014189
oscillatory__v3__test__019,joint_0,one_step_governed_pva_direct,2.08,2.09,0.6845807008632888,1.5089424170316394
oscillatory__v3__test__019,joint_0,one_step_governed_pva_direct,2.09,2.0999999999999996,0.6652550592489809,1.51212926904909
oscillatory__v3__test__019,joint_0,one_step_governed_pva_direct,2.1,2.11,0.645402596208521,1.5144961210665406
oscillatory__v3__test__019,joint_0,one_step_governed_pva_direct,2.11,2.1199999999999997,0.62503903308678,1.5160429730839913
oscillatory__v3__test__019,joint_0,one_step_governed_pva_direct,2.12,2.13,0.6041804959732858,1.5167698251014419
oscillatory__v3__test__019,joint_0,one_step_governed_pva_direct,2.13,2.1399999999999997,0.5828435029318326,1.5166766771188924
oscillatory__v3__test__019,joint_0,one_step_governed_pva_direct,2.14,2.15,0.5610449509196768,1.515763529136343
oscillatory__v3__test__019,joint_0,one_step_governed_pva_direct,2.15,2.1599999999999997,0.5388021024066881,1.5140303811537936
oscillatory__v3__test__019,joint_0,one_step_governed_pva_direct,2.16,2.17,0.5161325717050435,1.5114772331712443
oscillatory__v3__test__019,joint_0,one_step_governed_pva_direct,2.17,2.1799999999999997,0.4930543110203019,1.5081040851886949
oscillatory__v3__test__019,joint_0,one_step_governed_pva_direct,2.18,2.19,0.4695855962348839,1.5039109372061454
oscillatory__v3__test__019,joint_0,one_step_governed_pva_direct,2.19,2.1999999999999997,0.44574501243524894,1.498897789223596
oscillatory__v3__test__019,joint_0,one_step_governed_pva_direct,2.2,2.21,0.4215514391941916,1.4930646412410467
oscillatory__v3__test__019,joint_0,one_step_governed_pva_direct,2.21,2.2199999999999998,0.39702403561994615,1.4864114932584973
oscillatory__v3__test__019,joint_0,one_step_governed_pva_direct,2.22,2.23,0.3721822251839131,1.478938345275948
oscillatory__v3__test__019,joint_0,one_step_governed_pva_direct,2.23,2.2399999999999998,0.34704568033904876,1.4706451972933985
oscillatory__v3__test__019,joint_0,one_step_governed_pva_direct,2.24,2.25,0.32163430694106226,1.461532049310849
oscillatory__v3__test__019,joint_0,one_step_governed_pva_direct,2.25,2.26,0.29596822848480714,1.4515989013282997
oscillatory__v3__test__019,joint_0,one_step_governed_pva_direct,2.2600000000000002,2.27,0.2700677701682915,1.4408457533457504
oscillatory__v3__test__019,joint_0,one_step_governed_pva_direct,2.27,2.28,0.24395344279698986,1.429272605363201
oscillatory__v3__test__019,joint_0,one_step_governed_pva_direct,2.2800000000000002,2.29,0.21764592654113854,1.4168794573806516
oscillatory__v3__test__019,joint_0,one_step_governed_pva_direct,2.29,2.3,0.19116605455894076,1.403666309398102
oscillatory__v3__test__019,joint_0,one_step_governed_pva_direct,2.3000000000000003,2.31,0.1645347964985923,1.3896331614155526
oscillatory__v3__test__019,joint_0,one_step_governed_pva_direct,2.31,2.32,0.1377732418922391,1.3747800134330033
oscillatory__v3__test__019,joint_0,one_step_governed_pva_direct,2.32,2.3299999999999996,0.11090258345498404,1.359106865450454
oscillatory__v3__test__019,joint_0,one_step_governed_pva_direct,2.33,2.34,0.08394410030219293,1.3426137174679045
oscillatory__v3__test__019,joint_0,one_step_governed_pva_direct,2.34,2.3499999999999996,0.056919141098376966,1.325300569485355
oscillatory__v3__test__019,joint_0,one_step_governed_pva_direct,2.35,2.36,0.029849107150985394,1.3071674215028055
oscillatory__v3__test__019,joint_0,one_step_governed_pva_direct,2.36,2.3699999999999997,0.002755435462536492,1.2882142735202562
oscillatory__v3__test__019,joint_0,one_step_governed_pva_direct,2.37,2.38,-0.02434041824555071,1.2684411255377068
oscillatory__v3__test__019,joint_0,one_step_governed_pva_direct,2.38,2.3899999999999997,-0.051416996523914765,1.2478479775551574
oscillatory__v3__test__019,joint_0,one_step_governed_pva_direct,2.39,2.4,-0.07845285718761477,1.226434829572608
oscillatory__v3__test__019,joint_0,one_step_governed_pva_direct,2.4,2.4099999999999997,-0.10542659029636646,1.2042016815900585
oscillatory__v3__test__019,joint_0,one_step_governed_pva_direct,2.41,2.42,-0.1323168351092798,1.1811485336075092
oscillatory__v3__test__019,joint_0,one_step_governed_pva_direct,2.42,2.4299999999999997,-0.15910229700060702,1.1572753856249598
oscillatory__v3__test__019,joint_0,one_step_governed_pva_direct,2.43,2.44,-0.185761764323153,1.1325822376424104
oscillatory__v3__test__019,joint_0,one_step_governed_pva_direct,2.44,2.4499999999999997,-0.2122741252059587,1.107069089659861
oscillatory__v3__test__019,joint_0,one_step_governed_pva_direct,2.45,2.46,-0.2386183842729878,1.0807359416773115
oscillatory__v3__test__019,joint_0,one_step_governed_pva_direct,2.46,2.4699999999999998,-0.2647736792695383,1.0535827936947622
oscillatory__v3__test__019,joint_0,one_step_governed_pva_direct,2.47,2.48,-0.29071929758325793,1.0256096457122128
oscillatory__v3__test__019,joint_0,one_step_governed_pva_direct,2.48,2.4899999999999998,-0.3164346926466376,0.9968164977296634
oscillatory__v3__test__019,joint_0,one_step_governed_pva_direct,2.49,2.5,-0.3418995002080237,0.967203349747114
oscillatory__v3__test__019,joint_0,one_step_governed_pva_direct,2.5,2.51,-0.36709355445824576,0.9367702017645646
oscillatory__v3__test__019,joint_0,one_step_governed_pva_direct,2.5100000000000002,2.52,-0.39199690400010234,0.9055170537820152
oscillatory__v3__test__019,joint_0,one_step_governed_pva_direct,2.52,2.53,-0.41658982764804536,0.8734439057994658
oscillatory__v3__test__019,joint_0,one_step_governed_pva_direct,2.5300000000000002,2.54,-0.440852850045565,0.8405507578169165
oscillatory__v3__test__019,joint_0,one_step_governed_pva_direct,2.54,2.55,-0.4647667570878902,0.806837609834367
oscillatory__v3__test__019,joint_0,one_step_governed_pva_direct,2.5500000000000003,2.56,-0.48831261113781893,0.7723044618518177
oscillatory__v3__test__019,joint_0,one_step_governed_pva_direct,2.56,2.57,-0.5114717660225865,0.7369513138692683
oscillatory__v3__test__019,joint_0,one_step_governed_pva_direct,2.57,2.5799999999999996,-0.5342258817999482,0.7007781658867189
oscillatory__v3__test__019,joint_0,one_step_governed_pva_direct,2.58,2.59,-0.5565569392817327,0.6637850179041695
oscillatory__v3__test__019,joint_0,one_step_governed_pva_direct,2.59,2.5999999999999996,-0.5784472543033982,0.6259718699216201
oscillatory__v3__test__019,joint_0,one_step_governed_pva_direct,2.6,2.61,-0.5998794917282823,0.5873387219390708
oscillatory__v3__test__019,joint_0,one_step_governed_pva_direct,2.61,2.6199999999999997,-0.6208366791754446,0.5478855739565214
oscillatory__v3__test__019,joint_0,one_step_governed_pva_direct,2.62,2.63,-0.6413022204602513,0.507612425973972
oscillatory__v3__test__019,joint_0,one_step_governed_pva_direct,2.63,2.6399999999999997,-0.6612599087370343,0.4666961218499033
oscillatory__v3__test__019,joint_0,one_step_governed_pva_direct,2.64,2.65,-0.6806939393334411,0.4258038598264236
oscillatory__v3__test__019,joint_0,one_step_governed_pva_direct,2.65,2.6599999999999997,-0.6995889222662913,0.38495177499475786
oscillatory__v3__test__019,joint_0,one_step_governed_pva_direct,2.66,2.67,-0.717929894429043,0.3440996901630921
oscillatory__v3__test__019,joint_0,one_step_governed_pva_direct,2.67,2.6799999999999997,-0.7357023314412047,0.30324760533142636
oscillatory__v3__test__019,joint_0,one_step_governed_pva_direct,2.68,2.69,-0.7528921591503291,0.2623955204997606
oscillatory__v3__test__019,joint_0,one_step_governed_pva_direct,2.69,2.6999999999999997,-0.7694857647774493,0.22154343566809487
oscillatory__v3__test__019,joint_0,one_step_governed_pva_direct,2.7,2.71,-0.7854700076971686,0.18069135083642912
oscillatory__v3__test__019,joint_0,one_step_governed_pva_direct,2.71,2.7199999999999998,-0.8008322298438286,0.13983926600476337
oscillatory__v3__test__019,joint_0,one_step_governed_pva_direct,2.72,2.73,-0.8155602657355541,0.09898718117309763
oscillatory__v3__test__019,joint_0,one_step_governed_pva_direct,2.73,2.7399999999999998,-0.8296424521081962,0.05813509634143188
oscillatory__v3__test__019,joint_0,one_step_governed_pva_direct,2.74,2.75,-0.8430676371515818,0.017283011509766133
oscillatory__v3__test__019,joint_0,one_step_governed_pva_direct,2.75,2.76,-0.8558251893407276,-0.023569073321899614
oscillatory__v3__test__019,joint_0,one_step_governed_pva_direct,2.7600000000000002,2.77,-0.8679050058550422,-0.06442115815356536
oscillatory__v3__test__019,joint_0,one_step_governed_pva_direct,2.77,2.78,-0.8792975205788343,-0.10527324298523111
oscillatory__v3__test__019,joint_0,one_step_governed_pva_direct,2.7800000000000002,2.79,-0.8899937116768117,-0.14612532781689686
oscillatory__v3__test__019,joint_0,one_step_governed_pva_direct,2.79,2.8,-0.8999851087385474,-0.1870131450969535
oscillatory__v3__test__019,joint_0,one_step_governed_pva_direct,2.8000000000000003,2.81,-0.9092637994862762,-0.2279855522126667
oscillatory__v3__test__019,joint_0,one_step_governed_pva_direct,2.81,2.82,-0.9178224360406976,-0.26877910253429976
oscillatory__v3__test__019,joint_0,one_step_governed_pva_direct,2.82,2.8299999999999996,-0.9256542407398262,-0.30959957403429544
oscillatory__v3__test__019,joint_0,one_step_governed_pva_direct,2.83,2.84,-0.932753011506285,-0.3504810388767212
oscillatory__v3__test__019,joint_0,one_step_governed_pva_direct,2.84,2.8499999999999996,-0.9391131267587827,-0.39137148940169036
oscillatory__v3__test__019,joint_0,one_step_governed_pva_direct,2.85,2.86,-0.9447295498638986,-0.432218547962042
oscillatory__v3__test__019,joint_0,one_step_governed_pva_direct,2.86,2.8699999999999997,-0.9495978331246346,-0.4729695375646514
oscillatory__v3__test__019,joint_0,one_step_governed_pva_direct,2.87,2.88,-0.9537141213025891,-0.5135715495676905
oscillatory__v3__test__019,joint_0,one_step_governed_pva_direct,2.88,2.8899999999999997,-0.9570751546709542,-0.553971513383758
oscillatory__v3__test__019,joint_0,one_step_governed_pva_direct,2.89,2.9,-0.9596782715959231,-0.5941162666565533
oscillatory__v3__test__019,joint_0,one_step_governed_pva_direct,2.9,2.9099999999999997,-0.9615214106444634,-0.6339526258175227
oscillatory__v3__test__019,joint_0,one_step_governed_pva_direct,2.91,2.92,-0.9626031122167845,-0.6734274569284097
oscillatory__v3__test__019,joint_0,one_step_governed_pva_direct,2.92,2.9299999999999997,-0.9629225197022092,-0.7124877467150623
oscillatory__v3__test__019,joint_0,one_step_governed_pva_direct,2.93,2.94,-0.9624793801575319,-0.7510806736974348
oscillatory__v3__test__019,joint_0,one_step_governed_pva_direct,2.94,2.9499999999999997,-0.9612740445073286,-0.7891536793204277
oscillatory__v3__test__019,joint_0,one_step_governed_pva_direct,2.95,2.96,-0.9593074672660571,-0.8266545389900447
oscillatory__v3__test__019,joint_0,one_step_governed_pva_direct,2.96,2.9699999999999998,-0.9565812057821707,-0.8635314329193073
oscillatory__v3__test__019,joint_0,one_step_governed_pva_direct,2.97,2.98,-0.95309741900484,-0.8997330166884591
oscillatory__v3__test__019,joint_0,one_step_governed_pva_direct,2.98,2.9899999999999998,-0.9488588657742657,-0.9352084914242113
oscillatory__v3__test__019,joint_0,one_step_governed_pva_direct,2.99,3.0,-0.9438689026369278,-0.9699086597354093
oscillatory__v3__test__019,joint_0,one_step_governed_pva_direct,3.0,3.01,-0.9381314811875094,-1.003796093590089
oscillatory__v3__test__019,joint_0,one_step_governed_pva_direct,3.0100000000000002,3.02,-0.9316511449395949,-1.0368635274447684
oscillatory__v3__test__019,joint_0,one_step_governed_pva_direct,3.02,3.03,-0.9244330257276236,-1.069110961299448
oscillatory__v3__test__019,joint_0,one_step_governed_pva_direct,3.0300000000000002,3.04,-0.9164828396429452,-1.1005383951541277
oscillatory__v3__test__019,joint_0,one_step_governed_pva_direct,3.04,3.05,-0.9078068825071987,-1.1311458290088072
oscillatory__v3__test__019,joint_0,one_step_governed_pva_direct,3.0500000000000003,3.06,-0.8984120248865965,-1.1609332628634867
oscillatory__v3__test__019,joint_0,one_step_governed_pva_direct,3.06,3.07,-0.8883057066510651,-1.1899006967181662
oscillatory__v3__test__019,joint_0,one_step_governed_pva_direct,3.0700000000000003,3.08,-0.8774959310825464,-1.2180481305728459
oscillatory__v3__test__019,joint_0,one_step_governed_pva_direct,3.08,3.09,-0.8659912585371305,-1.2453755644275255
oscillatory__v3__test__019,joint_0,one_step_governed_pva_direct,3.09,3.0999999999999996,-0.8538007996660355,-1.271882998282205
oscillatory__v3__test__019,joint_0,one_step_governed_pva_direct,3.1,3.11,-0.8409342082008032,-1.2975704321368846
oscillatory__v3__test__019,joint_0,one_step_governed_pva_direct,3.11,3.1199999999999997,-0.8274016733084276,-1.322437865991564
oscillatory__v3__test__019,joint_0,one_step_governed_pva_direct,3.12,3.13,-0.8132139115224606,-1.3464852998462438
oscillatory__v3__test__019,joint_0,one_step_governed_pva_direct,3.13,3.1399999999999997,-0.7983821582565019,-1.3697127337009234
oscillatory__v3__test__019,joint_0,one_step_governed_pva_direct,3.14,3.15,-0.7829181589067727,-1.392120167555603
oscillatory__v3__test__019,joint_0,one_step_governed_pva_direct,3.15,3.1599999999999997,-0.7668341595508363,-1.4137076014102825
oscillatory__v3__test__019,joint_0,one_step_governed_pva_direct,3.16,3.17,-0.7501428972498217,-1.434475035264962
oscillatory__v3__test__019,joint_0,one_step_governed_pva_direct,3.17,3.1799999999999997,-0.7328575899618348,-1.4544224691196417
oscillatory__v3__test__019,joint_0,one_step_governed_pva_direct,3.18,3.19,-0.7149919260745415,-1.4735499029743213
oscillatory__v3__test__019,joint_0,one_step_governed_pva_direct,3.19,3.1999999999999997,-0.6965600535652148,-1.491857336829001
oscillatory__v3__test__019,joint_0,one_step_governed_pva_direct,3.2,3.21,-0.6775765687968267,-1.5093447706836804
oscillatory__v3__test__019,joint_0,one_step_governed_pva_direct,3.21,3.2199999999999998,-0.6580565049590644,-1.52601220453836
oscillatory__v3__test__019,joint_0,one_step_governed_pva_direct,3.22,3.23,-0.6380153201634093,-1.5418596383930396
oscillatory__v3__test__019,joint_0,one_step_governed_pva_direct,3.23,3.2399999999999998,-0.617468885201733,-1.5568870722477193
oscillatory__v3__test__019,joint_0,one_step_governed_pva_direct,3.24,3.25,-0.5964334709780685,-1.5710945061023989
oscillatory__v3__test__019,joint_0,one_step_governed_pva_direct,3.25,3.26,-0.5749257356235462,-1.5844819399570784
oscillatory__v3__test__019,joint_0,one_step_governed_pva_direct,3.2600000000000002,3.27,-0.5529627113046696,-1.597049373811758
oscillatory__v3__test__019,joint_0,one_step_governed_pva_direct,3.27,3.28,-0.530561790735399,-1.6087968076664376
oscillatory__v3__test__019,joint_0,one_step_governed_pva_direct,3.2800000000000002,3.29,-0.5077407134037001,-1.6197242415211173
oscillatory__v3__test__019,joint_0,one_step_governed_pva_direct,3.29,3.3,-0.48451755152349985,-1.6298316753757969
oscillatory__v3__test__019,joint_0,one_step_governed_pva_direct,3.3000000000000003,3.31,-0.46091069572312726,-1.6391191092304764
oscillatory__v3__test__019,joint_0,one_step_governed_pva_direct,3.31,3.32,-0.4369388404816298,-1.647586543085156
oscillatory__v3__test__019,joint_0,one_step_governed_pva_direct,3.3200000000000003,3.33,-0.41262096932443565,-1.6552339769398354
oscillatory__v3__test__019,joint_0,one_step_governed_pva_direct,3.33,3.34,-0.38797633979014745,-1.662061410794515
oscillatory__v3__test__019,joint_0,one_step_governed_pva_direct,3.34,3.3499999999999996,-0.3630244681803184,-1.6680688446491947
oscillatory__v3__test__019,joint_0,one_step_governed_pva_direct,3.35,3.36,-0.33778511410432244,-1.6732562785038743
oscillatory__v3__test__019,joint_0,one_step_governed_pva_direct,3.36,3.3699999999999997,-0.3122782648315546,-1.6776237123585538
oscillatory__v3__test__019,joint_0,one_step_governed_pva_direct,3.37,3.38,-0.2865241194633246,-1.6811711462132333
oscillatory__v3__test__019,joint_0,one_step_governed_pva_direct,3.38,3.3899999999999997,-0.26054307293702256,-1.683898580067913
oscillatory__v3__test__019,joint_0,one_step_governed_pva_direct,3.39,3.4,-0.23435569987517615,-1.6858060139225926
oscillatory__v3__test__019,joint_0,one_step_governed_pva_direct,3.4,3.4099999999999997,-0.20798273829223934,-1.6868934477772721
oscillatory__v3__test__019,joint_0,one_step_governed_pva_direct,3.41,3.42,-0.18144507317196465,-1.6871608816319517
oscillatory__v3__test__019,joint_0,one_step_governed_pva_direct,3.42,3.4299999999999997,-0.15476371992840776,-1.6866083154866311
oscillatory__v3__test__019,joint_0,one_step_governed_pva_direct,3.43,3.44,-0.12795980776363117,-1.6852357493413108
oscillatory__v3__test__019,joint_0,one_step_governed_pva_direct,3.44,3.4499999999999997,-0.10105456293531,-1.6830431831959904
oscillatory__v3__test__019,joint_0,one_step_governed_pva_direct,3.45,3.46,-0.07406929194745927,-1.68003061705067
oscillatory__v3__test__019,joint_0,one_step_governed_pva_direct,3.46,3.4699999999999998,-0.04702536467763969,-1.6761980509053496
oscillatory__v3__test__019,joint_0,one_step_governed_pva_direct,3.47,3.48,-0.019944197453950787,-1.671545484760029
oscillatory__v3__test__019,joint_0,one_step_governed_pva_direct,3.48,3.4899999999999998,0.007152763904741399,-1.6660729186147087
oscillatory__v3__test__019,joint_0,one_step_governed_pva_direct,3.49,3.5,0.03424406107194143,-1.6597803524693884
oscillatory__v3__test__019,joint_0,one_step_governed_pva_direct,3.5,3.51,0.061308240206558666,-1.652667786324068
oscillatory__v3__test__019,joint_0,one_step_governed_pva_direct,3.5100000000000002,3.52,0.08832386894239924,-1.6447352201787475
oscillatory__v3__test__019,joint_0,one_step_governed_pva_direct,3.52,3.53,0.11526955336064228,-1.635982654033427
oscillatory__v3__test__019,joint_0,one_step_governed_pva_direct,3.5300000000000002,3.54,0.14212395493187718,-1.6264100878881067
oscillatory__v3__test__019,joint_0,one_step_governed_pva_direct,3.54,3.55,0.16886580741426724,-1.6160175217427863
oscillatory__v3__test__019,joint_0,one_step_governed_pva_direct,3.5500000000000003,3.56,0.19547393369448587,-1.604804955597466
oscillatory__v3__test__019,joint_0,one_step_governed_pva_direct,3.56,3.57,0.22192726255805026,-1.5927723894521455
oscillatory__v3__test__019,joint_0,one_step_governed_pva_direct,3.5700000000000003,3.58,0.24820484537581036,-1.579919823306825
oscillatory__v3__test__019,joint_0,one_step_governed_pva_direct,3.58,3.59,0.2742858726933473,-1.5662472571615047
oscillatory__v3__test__019,joint_0,one_step_governed_pva_direct,3.59,3.5999999999999996,0.30014969071017306,-1.5517546910161844
oscillatory__v3__test__019,joint_0,one_step_governed_pva_direct,3.6,3.61,0.32577581763565205,-1.536442124870864
oscillatory__v3__test__019,joint_0,one_step_governed_pva_direct,3.61,3.6199999999999997,0.3511439599087175,-1.5203095587255435
oscillatory__v3__test__019,joint_0,one_step_governed_pva_direct,3.62,3.63,0.37623402826852254,-1.503356992580223
oscillatory__v3__test__019,joint_0,one_step_governed_pva_direct,3.63,3.6399999999999997,0.40102615366329974,-1.4855844264349025
oscillatory__v3__test__019,joint_0,one_step_governed_pva_direct,3.64,3.65,0.42550070298484843,-1.4669918602895822
oscillatory__v3__test__019,joint_0,one_step_governed_pva_direct,3.65,3.6599999999999997,0.44963829461616267,-1.4475792941442618
oscillatory__v3__test__019,joint_0,one_step_governed_pva_direct,3.66,3.67,0.47341981377990977,-1.4273467279989414
oscillatory__v3__test__019,joint_0,one_step_governed_pva_direct,3.67,3.6799999999999997,0.4968264276755875,-1.4062941618536209
oscillatory__v3__test__019,joint_0,one_step_governed_pva_direct,3.68,3.69,0.5198396003933967,-1.3844215957083004
oscillatory__v3__test__019,joint_0,one_step_governed_pva_direct,3.69,3.6999999999999997,0.5424411075929858,-1.36172902956298
oscillatory__v3__test__019,joint_0,one_step_governed_pva_direct,3.7,3.71,0.5646130509354741,-1.3382164634176597
oscillatory__v3__test__019,joint_0,one_step_governed_pva_direct,3.71,3.7199999999999998,0.5863378722573012,-1.3138838972723392
oscillatory__v3__test__019,joint_0,one_step_governed_pva_direct,3.72,3.73,0.6075983674747035,-1.2887313311270188
oscillatory__v3__test__019,joint_0,one_step_governed_pva_direct,3.73,3.7399999999999998,0.628377700207771,-1.2627587649816983
oscillatory__v3__test__019,joint_0,one_step_governed_pva_direct,3.74,3.75,0.6486594151133412,-1.235966198836378
oscillatory__v3__test__019,joint_0,one_step_governed_pva_direct,3.75,3.76,0.6684274509161198,-1.2083536326910576
oscillatory__v3__test__019,joint_0,one_step_governed_pva_direct,3.7600000000000002,3.77,0.6876661531277614,-1.1799210665457371
oscillatory__v3__test__019,joint_0,one_step_governed_pva_direct,3.77,3.78,0.70636028644379,-1.1506685004004167
oscillatory__v3__test__019,joint_0,one_step_governed_pva_direct,3.7800000000000002,3.79,0.7244950468085831,-1.1205959342550962
oscillatory__v3__test__019,joint_0,one_step_governed_pva_direct,3.79,3.8,0.7420560731388312,-1.0897033681097759
oscillatory__v3__test__019,joint_0,one_step_governed_pva_direct,3.8000000000000003,3.81,0.7590294586962135,-1.0579908019644555
oscillatory__v3__test__019,joint_0,one_step_governed_pva_direct,3.81,3.82,0.7754017621002661,-1.025458235819135
oscillatory__v3__test__019,joint_0,one_step_governed_pva_direct,3.8200000000000003,3.83,0.7911600179727406,-0.9921056696738146
oscillatory__v3__test__019,joint_0,one_step_governed_pva_direct,3.83,3.84,0.8062917472049963,-0.9579331035284943
oscillatory__v3__test__019,joint_0,one_step_governed_pva_direct,3.84,3.8499999999999996,0.8207849668403271,-0.9229405373831738
oscillatory__v3__test__019,joint_0,one_step_governed_pva_direct,3.85,3.86,0.834628199563373,-0.8871279712378535
oscillatory__v3__test__019,joint_0,one_step_governed_pva_direct,3.86,3.8699999999999997,0.8478104827891093,-0.8504954050925331
oscillatory__v3__test__019,joint_0,one_step_governed_pva_direct,3.87,3.88,0.8603213773442218,-0.8130428389472126
oscillatory__v3__test__019,joint_0,one_step_governed_pva_direct,3.88,3.8899999999999997,0.8721509757339801,-0.7747702728018923
oscillatory__v3__test__019,joint_0,one_step_governed_pva_direct,3.89,3.9,0.8832899099880805,-0.7356777066565718
oscillatory__v3__test__019,joint_0,one_step_governed_pva_direct,3.9,3.9099999999999997,0.8937293590792224,-0.6957651405112515
oscillatory__v3__test__019,joint_0,one_step_governed_pva_direct,3.91,3.92,0.9034610559085665,-0.6551692410325978
oscillatory__v3__test__019,joint_0,one_step_governed_pva_direct,3.92,3.9299999999999997,0.9124772938525264,-0.6144366748872774
oscillatory__v3__test__019,joint_0,one_step_governed_pva_direct,3.93,3.94,0.9207709328657163,-0.573704108741957
oscillatory__v3__test__019,joint_0,one_step_governed_pva_direct,3.94,3.9499999999999997,0.9283354051352202,-0.5329715425966366
oscillatory__v3__test__019,joint_0,one_step_governed_pva_direct,3.95,3.96,0.9351647202817068,-0.49223897645131626
oscillatory__v3__test__019,joint_0,one_step_governed_pva_direct,3.96,3.9699999999999998,0.9412534701032681,-0.4515064103059959
oscillatory__v3__test__019,joint_0,one_step_governed_pva_direct,3.97,3.98,0.9465968328582268,-0.4107738441606756
oscillatory__v3__test__019,joint_0,one_step_governed_pva_direct,3.98,3.9899999999999998,0.951190577083521,-0.37004127801535525
oscillatory__v3__test__019,joint_0,one_step_governed_pva_direct,3.99,4.0,0.9550310649456425,-0.3293087118700349
oscillatory__v3__test__019,joint_0,one_step_governed_pva_direct,4.0,4.01,0.958115255121474,-0.2885761457247146
oscillatory__v3__test__019,joint_0,one_step_governed_pva_direct,4.01,4.02,0.9604407052067455,-0.2478435795793942
oscillatory__v3__test__019,joint_0,one_step_governed_pva_direct,4.0200000000000005,4.03,0.9620055736502,-0.20711101343407384
oscillatory__v3__test__019,joint_0,one_step_governed_pva_direct,4.03,4.04,0.9628086212119391,-0.16637844728875348
oscillatory__v3__test__019,joint_0,one_step_governed_pva_direct,4.04,4.05,0.962849211944795,-0.1256458811434331
oscillatory__v3__test__019,joint_0,one_step_governed_pva_direct,4.05,4.06,0.9621273136979458,-0.08491331499811275
oscillatory__v3__test__019,joint_0,one_step_governed_pva_direct,4.0600000000000005,4.07,0.9606434981423829,-0.04418074885279239
oscillatory__v3__test__019,joint_0,one_step_governed_pva_direct,4.07,4.08,0.958398940318204,-0.0034481827074720334
oscillatory__v3__test__019,joint_0,one_step_governed_pva_direct,4.08,4.09,0.9553954177040943,0.037284383437848324
oscillatory__v3__test__019,joint_0,one_step_governed_pva_direct,4.09,4.1,0.9516353088097305,0.07807744395264113
oscillatory__v3__test__019,joint_0,one_step_governed_pva_direct,4.1,4.109999999999999,0.9471215912922232,0.11904524378551593
oscillatory__v3__test__019,joint_0,one_step_governed_pva_direct,4.11,4.12,0.9418578395980898,0.1598455914145979
oscillatory__v3__test__019,joint_0,one_step_governed_pva_direct,4.12,4.13,0.9358482221326238,0.20074272514773575
oscillatory__v3__test__019,joint_0,one_step_governed_pva_direct,4.13,4.14,0.9290974979589038,0.24168086494683955
oscillatory__v3__test__019,joint_0,one_step_governed_pva_direct,4.14,4.1499999999999995,0.921611013029053,0.2826302144074846
oscillatory__v3__test__019,joint_0,one_step_governed_pva_direct,4.15,4.16,0.9133946959507392,0.32362225924297
oscillatory__v3__test__019,joint_0,one_step_governed_pva_direct,4.16,4.17,0.9044550532922656,0.36460795348446506
oscillatory__v3__test__019,joint_0,one_step_governed_pva_direct,4.17,4.18,0.8947991644299622,0.4055364031609448
oscillatory__v3__test__019,joint_0,one_step_governed_pva_direct,4.18,4.1899999999999995,0.8844346759419738,0.44634991103896776
rapid_reversal__v3__test__019,joint_0,one_step_governed_pva_direct,0.0,0.01,0.004528850666258097,0.004528850666258097
rapid_reversal__v3__test__019,joint_0,one_step_governed_pva_direct,0.01,0.02,0.009247166795898456,0.004530684196526409
rapid_reversal__v3__test__019,joint_0,one_step_governed_pva_direct,0.02,0.03,0.013487198915720972,0.0044628487590978394
rapid_reversal__v3__test__019,joint_0,one_step_governed_pva_direct,0.03,0.04,0.0170762972577934,0.003983937072494286
rapid_reversal__v3__test__019,joint_0,one_step_governed_pva_direct,0.04,0.05,0.019923042846138782,0.002886251596192981
rapid_reversal__v3__test__019,joint_0,one_step_governed_pva_direct,0.05,0.060000000000000005,0.022022437350823373,0.00107260626275039
rapid_reversal__v3__test__019,joint_0,one_step_governed_pva_direct,0.06,0.06999999999999999,0.02344646264334233,-0.0014616942706574892
rapid_reversal__v3__test__019,joint_0,one_step_governed_pva_direct,0.07,0.08,0.024321924137878644,-0.004641095921343831
rapid_reversal__v3__test__019,joint_0,one_step_governed_pva_direct,0.08,0.09,0.02479976306696565,-0.008333824016361641
rapid_reversal__v3__test__019,joint_0,one_step_governed_pva_direct,0.09,0.09999999999999999,0.025021534780442375,-0.01238249524483883
rapid_reversal__v3__test__019,joint_0,one_step_governed_pva_direct,0.1,0.11,0.02508923066778639,-0.016637846839182513
rapid_reversal__v3__test__019,joint_0,one_step_governed_pva_direct,0.11,0.12,0.025043984297242874,-0.02098936671791816
rapid_reversal__v3__test__019,joint_0,one_step_governed_pva_direct,0.12,0.13,0.024857563492396942,-0.025387200953734753
rapid_reversal__v3__test__019,joint_0,one_step_governed_pva_direct,0.13,0.14,0.024438205832916428,-0.029851324650030712
rapid_reversal__v3__test__019,joint_0,one_step_governed_pva_direct,0.14,0.15000000000000002,0.02364972930131174,-0.03446629765810154
rapid_reversal__v3__test__019,joint_0,one_step_governed_pva_direct,0.15,0.16,0.02234041714948386,-0.03936256535483251
rapid_reversal__v3__test__019,joint_0,one_step_governed_pva_direct,0.16,0.17,0.02037637631392047,-0.044687729927186594
rapid_reversal__v3__test__019,joint_0,one_step_governed_pva_direct,0.17,0.18000000000000002,0.017673227404796377,-0.05057306360568916
rapid_reversal__v3__test__019,joint_0,one_step_governed_pva_direct,0.18,0.19,0.014220253955082465,-0.05710142816486023
rapid_reversal__v3__test__019,joint_0,one_step_governed_pva_direct,0.19,0.2,0.010092471208789127,-0.06428254292819459
rapid_reversal__v3__test__019,joint_0,one_step_governed_pva_direct,0.2,0.21000000000000002,0.00544823032149837,-0.07204024591790283
rapid_reversal__v3__test__019,joint_0,one_step_governed_pva_direct,0.21,0.22,0.0005125639026196816,-0.08021425328373351
rapid_reversal__v3__test__019,joint_0,one_step_governed_pva_direct,0.22,0.23,-0.004450963685941453,-0.08857632635872123
rapid_reversal__v3__test__019,joint_0,one_step_governed_pva_direct,0.23,0.24000000000000002,-0.009175074192546314,-0.09685817168238477
rapid_reversal__v3__test__019,joint_0,one_step_governed_pva_direct,0.24,0.25,-0.013424236790119325,-0.10478629312912113
rapid_reversal__v3__test__019,joint_0,one_step_governed_pva_direct,0.25,0.26,-0.017024632568182933,-0.11211776677176626
rapid_reversal__v3__test__019,joint_0,one_step_governed_pva_direct,0.26,0.27,-0.019883469270470442,-0.11868311646070245
rapid_reversal__v3__test__019,joint_0,one_step_governed_pva_direct,0.27,0.28,-0.021994405491862924,-0.1244330655020829
rapid_reversal__v3__test__019,joint_0,one_step_governed_pva_direct,0.28,0.29000000000000004,-0.023428335596502786,-0.12936301454346336
rapid_reversal__v3__test__019,joint_0,one_step_governed_pva_direct,0.29,0.3,-0.024311409110108824,-0.1334910521881675
rapid_reversal__v3__test__019,joint_0,one_step_governed_pva_direct,0.3,0.31,-0.024794438369265363,-0.13691515744157168
rapid_reversal__v3__test__019,joint_0,one_step_governed_pva_direct,0.31,0.32,-0.025019374769782735,-0.13978023677887932
rapid_reversal__v3__test__019,joint_0,one_step_governed_pva_direct,0.32,0.33,-0.025089032099619855,-0.1422269266696351
rapid_reversal__v3__test__019,joint_0,one_step_governed_pva_direct,0.33,0.34,-0.025045615896995287,-0.14435783593736634
rapid_reversal__v3__test__019,joint_0,one_step_governed_pva_direct,0.34,0.35000000000000003,-0.024861993040311236,-0.14621547477660538
rapid_reversal__v3__test__019,joint_0,one_step_governed_pva_direct,0.35000000000000003,0.36000000000000004,-0.024447299805758726,-0.14777287221621702
rapid_reversal__v3__test__019,joint_0,one_step_governed_pva_direct,0.36,0.37,-0.023665861759393312,-0.14893860142166646
rapid_reversal__v3__test__019,joint_0,one_step_governed_pva_direct,0.37,0.38,-0.022365959569157913,-0.14957529466680153
rapid_reversal__v3__test__019,joint_0,one_step_governed_pva_direct,0.38,0.39,-0.02041316211272373,-0.14953001502675434
rapid_reversal__v3__test__019,joint_0,one_step_governed_pva_direct,0.39,0.4,-0.0177220899979193,-0.14868699254807882
rapid_reversal__v3__test__019,joint_0,one_step_governed_pva_direct,0.4,0.41000000000000003,-0.014280724388289942,-0.14702397006940332
rapid_reversal__v3__test__019,joint_0,one_step_governed_pva_direct,0.41000000000000003,0.42000000000000004,-0.010162693033907074,-0.1445409475907278
rapid_reversal__v3__test__019,joint_0,one_step_governed_pva_direct,0.42,0.43,-0.005525110530062404,-0.14125463973426752
rapid_reversal__v3__test__019,joint_0,one_step_governed_pva_direct,0.43,0.44,-0.0005921364165614182,-0.13726970735830757
rapid_reversal__v3__test__019,joint_0,one_step_governed_pva_direct,0.44,0.45,0.004373023618261571,-0.13279890624155363
rapid_reversal__v3__test__019,joint_0,one_step_governed_pva_direct,0.45,0.46,0.009102873449214028,-0.1281052571005879
rapid_reversal__v3__test__019,joint_0,one_step_governed_pva_direct,0.46,0.47000000000000003,0.01336112559700451,-0.12345796516703807
rapid_reversal__v3__test__019,joint_0,one_step_governed_pva_direct,0.47000000000000003,0.48000000000000004,0.016972796622138082,-0.11909661740516835
rapid_reversal__v3__test__019,joint_0,one_step_governed_pva_direct,0.48,0.49,0.019843722384550178,-0.115200557120944
rapid_reversal__v3__test__019,joint_0,one_step_governed_pva_direct,0.49,0.5,0.021966216384365172,-0.11186870658356439
rapid_reversal__v3__test__019,joint_0,one_step_governed_pva_direct,0.5,0.51,0.02341008045602003,-0.1091132323824211
rapid_reversal__v3__test__019,joint_0,one_step_governed_pva_direct,0.51,0.52,0.024300801161613914,-0.1068679642135774
rapid_reversal__v3__test__019,joint_0,one_step_governed_pva_direct,0.52,0.53,0.024789054128095248,-0.10500983428887134
rapid_reversal__v3__test__019,joint_0,one_step_governed_pva_direct,0.53,0.54,0.02501717968554764,-0.10338927813494658
rapid_reversal__v3__test__019,joint_0,one_step_governed_pva_direct,0.54,0.55,0.025088808916779427,-0.10186394758784603
rapid_reversal__v3__test__019,joint_0,one_step_governed_pva_direct,0.55,0.56,0.02504721716979281,-0.10032951968491637
rapid_reversal__v3__test__019,joint_0,one_step_governed_pva_direct,0.56,0.5700000000000001,0.024866371556574052,-0.09874194263200765
rapid_reversal__v3__test__019,joint_0,one_step_governed_pva_direct,0.5700000000000001,0.5800000000000001,0.024456311351698654,-0.09712704078596955
rapid_reversal__v3__test__019,joint_0,one_step_governed_pva_direct,0.58,0.59,0.02368187634152581,-0.09557571862506566
rapid_reversal__v3__test__019,joint_0,one_step_governed_pva_direct,0.59,0.6,0.022391352363713337,-0.09422563988179032
rapid_reversal__v3__test__019,joint_0,one_step_governed_pva_direct,0.6,0.61,0.02044977768024665,-0.09323273585029845
rapid_reversal__v3__test__019,joint_0,one_step_governed_pva_direct,0.61,0.62,0.017770778650554177,-0.09273776840820366
rapid_reversal__v3__test__019,joint_0,one_step_governed_pva_direct,0.62,0.63,0.014341037053309713,-0.09283410001076423
rapid_reversal__v3__test__019,joint_0,one_step_governed_pva_direct,0.63,0.64,0.010232792773902684,-0.09354263687849568
rapid_reversal__v3__test__019,joint_0,one_step_governed_pva_direct,0.64,0.65,0.005601920136428095,-0.0947986457383928
rapid_reversal__v3__test__019,joint_0,one_step_governed_pva_direct,0.65,0.66,0.0006716991745049802,-0.09645302667208223
rapid_reversal__v3__test__019,joint_0,one_step_governed_pva_direct,0.66,0.67,-0.004295031155345005,-0.09828803658008659
rapid_reversal__v3__test__019,joint_0,one_step_governed_pva_direct,0.67,0.68,-0.009030565138880581,-0.10004486614943951
rapid_reversal__v3__test__019,joint_0,one_step_governed_pva_direct,0.68,0.6900000000000001,-0.013297865719321775,-0.10145834540900296
rapid_reversal__v3__test__019,joint_0,one_step_governed_pva_direct,0.6900000000000001,0.7000000000000001,-0.01692078957447993,-0.1022927727591526
rapid_reversal__v3__test__019,joint_0,one_step_governed_pva_direct,0.7000000000000001,0.7100000000000001,-0.019803802116028207,-0.10238005914481471
rapid_reversal__v3__test__019,joint_0,one_step_governed_pva_direct,0.71,0.72,-0.02193786976804372,-0.10165595131982808
rapid_reversal__v3__test__019,joint_0,one_step_governed_pva_direct,0.72,0.73,-0.023391696843564458,-0.10011581529701118
rapid_reversal__v3__test__019,joint_0,one_step_governed_pva_direct,0.73,0.74,-0.024290099883479226,-0.09779786347392228
rapid_reversal__v3__test__019,joint_0,one_step_governed_pva_direct,0.74,0.75,-0.024783609992787906,-0.09482235392928001
rapid_reversal__v3__test__019,joint_0,one_step_governed_pva_direct,0.75,0.76,-0.02501494930916968,-0.091345401582448
rapid_reversal__v3__test__019,joint_0,one_step_governed_pva_direct,0.76,0.77,-0.025088561078114625,-0.08751677801765015
rapid_reversal__v3__test__019,joint_0,one_step_governed_pva_direct,0.77,0.78,-0.025048788260378093,-0.08344900018697592
rapid_reversal__v3__test__019,joint_0,one_step_governed_pva_direct,0.78,0.79,-0.024870699341905375,-0.07919490132755572
rapid_reversal__v3__test__019,joint_0,one_step_governed_pva_direct,0.79,0.8,-0.024465240864608582,-0.07473779360909794
rapid_reversal__v3__test__019,joint_0,one_step_governed_pva_direct,0.8,0.81,-0.023697773450524706,-0.06999602331714232
rapid_reversal__v3__test__019,joint_0,one_step_governed_pva_direct,0.81,0.8200000000000001,-0.022416595854795704,-0.0648410844929937
rapid_reversal__v3__test__019,joint_0,one_step_governed_pva_direct,0.8200000000000001,0.8300000000000001,-0.020486223177581864,-0.05912597296592826
rapid_reversal__v3__test__019,joint_0,one_step_governed_pva_direct,0.8300000000000001,0.8400000000000001,-0.017819293309362647,-0.052718578540369355
rapid_reversal__v3__test__019,joint_0,one_step_governed_pva_direct,0.84,0.85,-0.014401191664236918,-0.045533969522460964
rapid_reversal__v3__test__019,joint_0,one_step_governed_pva_direct,0.85,0.86,-0.010302769931752028,-0.037559591776837535
rapid_reversal__v3__test__019,joint_0,one_step_governed_pva_direct,0.86,0.87,-0.005678658490221463,-0.028868654419570504
rapid_reversal__v3__test__019,joint_0,one_step_governed_pva_direct,0.87,0.88,-0.0007512514570299697,-0.019619081078783452
rapid_reversal__v3__test__019,joint_0,one_step_governed_pva_direct,0.88,0.89,0.004216986989376364,-0.0100379896650126
rapid_reversal__v3__test__019,joint_0,one_step_governed_pva_direct,0.89,0.9,0.008958149834944487,-0.00039425885909163564
rapid_reversal__v3__test__019,joint_0,one_step_governed_pva_direct,0.9,0.91,0.013234457540723738,0.009036122006842508
rapid_reversal__v3__test__019,joint_0,one_step_governed_pva_direct,0.91,0.92,0.016868611580901336,0.018005927039230686
rapid_reversal__v3__test__019,joint_0,one_step_governed_pva_direct,0.92,0.93,0.019763708393439713,0.026327579513852065
rapid_reversal__v3__test__019,joint_0,one_step_governed_pva_direct,0.93,0.9400000000000001,0.021909365383359858,0.03389373311287855
rapid_reversal__v3__test__019,joint_0,one_step_governed_pva_direct,0.9400000000000001,0.9500000000000001,0.023373184381292964,0.04068408295553451
rapid_reversal__v3__test__019,joint_0,one_step_governed_pva_direct,0.9500000000000001,0.9600000000000001,0.024279304866941024,0.04675741158449321
rapid_reversal__v3__test__019,joint_0,one_step_governed_pva_direct,0.96,0.97,0.02477810561247944,0.052230520749136145
rapid_reversal__v3__test__019,joint_0,one_step_governed_pva_direct,0.97,0.98,0.025012683421590038,0.05724804321021882
rapid_reversal__v3__test__019,joint_0,one_step_governed_pva_direct,0.98,0.99,0.025088288541795557,0.06194874742582592
rapid_reversal__v3__test__019,joint_0,one_step_governed_pva_direct,0.99,1.0,0.025050329312767745,0.06643455029413278
rapid_reversal__v3__test__019,joint_0,one_step_governed_pva_direct,1.0,1.01,0.024874976696402287,0.07074793104437137
rapid_reversal__v3__test__019,joint_0,one_step_governed_pva_direct,1.01,1.02,0.02447408873797184,0.07486188778805818
rapid_reversal__v3__test__019,joint_0,one_step_governed_pva_direct,1.02,1.03,0.023713553489137763,0.07868427791465585
rapid_reversal__v3__test__019,joint_0,one_step_governed_pva_direct,1.03,1.04,0.022441690364332054,0.0820757503445654
rapid_reversal__v3__test__019,joint_0,one_step_governed_pva_direct,1.04,1.05,0.020522498766416018,0.08487798762408973
rapid_reversal__v3__test__019,joint_0,one_step_governed_pva_direct,1.05,1.06,0.01786763392181777,0.08695085315412954
rapid_reversal__v3__test__019,joint_0,one_step_governed_pva_direct,1.06,1.07,0.014461187936058896,0.08821686178856167
rapid_reversal__v3__test__019,joint_0,one_step_governed_pva_direct,1.07,1.08,0.010372624011251295,0.0886646538139057
rapid_reversal__v3__test__019,joint_0,one_step_governed_pva_direct,1.08,1.09,0.005755324941674314,0.08832606881011439
rapid_reversal__v3__test__019,joint_0,one_step_governed_pva_direct,1.09,1.1,0.0008307925450023368,0.08733837543255295
rapid_reversal__v3__test__019,joint_0,one_step_governed_pva_direct,1.1,1.11,-0.004138891812623184,0.08591686305560971
rapid_reversal__v3__test__019,joint_0,one_step_governed_pva_direct,1.11,1.12,-0.008885628111241639,0.08431923112825657
rapid_reversal__v3__test__019,joint_0,one_step_governed_pva_direct,1.12,1.1300000000000001,-0.013170901445577914,0.08281102407938232
rapid_reversal__v3__test__019,joint_0,one_step_governed_pva_direct,1.1300000000000001,1.1400000000000001,-0.01681626279796287,0.0816297420937075
rapid_reversal__v3__test__019,joint_0,one_step_governed_pva_direct,1.1400000000000001,1.1500000000000001,-0.019723441146190738,0.08095384490165272
rapid_reversal__v3__test__019,joint_0,one_step_governed_pva_direct,1.1500000000000001,1.1600000000000001,-0.02188070297150026,0.08088198715701111
rapid_reversal__v3__test__019,joint_0,one_step_governed_pva_direct,1.16,1.17,-0.023354542691823,0.0814259864453537
rapid_reversal__v3__test__019,joint_0,one_step_governed_pva_direct,1.17,1.18,-0.024268415703361714,0.08251856074598594
rapid_reversal__v3__test__019,joint_0,one_step_governed_pva_direct,1.18,1.19,-0.024772540636090423,0.08403422556988374
rapid_reversal__v3__test__019,joint_0,one_step_governed_pva_direct,1.19,1.2,-0.025010381803248573,0.08581938928299207
rapid_reversal__v3__test__019,joint_0,one_step_governed_pva_direct,1.2,1.21,-0.025087991265313882,0.08772605225604066
rapid_reversal__v3__test__019,joint_0,one_step_governed_pva_direct,1.21,1.22,-0.025051840470264042,0.08964289560059573
rapid_reversal__v3__test__019,joint_0,one_step_governed_pva_direct,1.22,1.23,-0.024879203919559372,0.09151804960822747
rapid_reversal__v3__test__019,joint_0,one_step_governed_pva_direct,1.23,1.24,-0.02448285536490805,0.09336936890152396
rapid_reversal__v3__test__019,joint_0,one_step_governed_pva_direct,1.24,1.25,-0.023729216860070547,0.09528033263730475
rapid_reversal__v3__test__019,joint_0,one_step_governed_pva_direct,1.25,1.26,-0.02246663621455207,0.09738231959285394
rapid_reversal__v3__test__019,joint_0,one_step_governed_pva_direct,1.26,1.27,-0.020558604609042425,0.09982650393242304
rapid_reversal__v3__test__019,joint_0,one_step_governed_pva_direct,1.27,1.28,-0.017915800436205723,0.1027505266746599
rapid_reversal__v3__test__019,joint_0,one_step_governed_pva_direct,1.28,1.29,-0.01452102558464594,0.10624607505733116
rapid_reversal__v3__test__019,joint_0,one_step_governed_pva_direct,1.29,1.3,-0.010442354516997546,0.11033337006801029
rapid_reversal__v3__test__019,joint_0,one_step_governed_pva_direct,1.3,1.31,-0.0058319188415988845,0.11494734454014684
rapid_reversal__v3__test__019,joint_0,one_step_governed_pva_direct,1.31,1.32,-0.0009103217195467927,0.11993820961515152
rapid_reversal__v3__test__019,joint_0,one_step_governed_pva_direct,1.32,1.33,0.0040607463174608385,0.1250865317536929
rapid_reversal__v3__test__019,joint_0,one_step_governed_pva_direct,1.33,1.34,0.00881300054206313,0.13013034025557954
rapid_reversal__v3__test__019,joint_0,one_step_governed_pva_direct,1.34,1.35,0.013107197818974578,0.134799625723413
rapid_reversal__v3__test__019,joint_0,one_step_governed_pva_direct,1.35,1.36,0.016763743383089443,0.1388522625877754
rapid_reversal__v3__test__019,joint_0,one_step_governed_pva_direct,1.36,1.37,0.019683000304543962,0.142121445567787
rapid_reversal__v3__test__019,joint_0,one_step_governed_pva_direct,1.37,1.3800000000000001,0.021851882274355302,0.1445717139994756
rapid_reversal__v3__test__019,joint_0,one_step_governed_pva_direct,1.3800000000000001,1.3900000000000001,0.02333577139820707,0.14620198243116422
rapid_reversal__v3__test__019,joint_0,one_step_governed_pva_direct,1.3900000000000001,1.4000000000000001,0.024257431984205116,0.14702590641253988
rapid_reversal__v3__test__019,joint_0,one_step_governed_pva_direct,1.4000000000000001,1.4100000000000001,0.024766914712306454,0.14712433465125602
rapid_reversal__v3__test__019,joint_0,one_step_governed_pva_direct,1.41,1.42,0.025008044234073407,0.14664120933291733
rapid_reversal__v3__test__019,joint_0,one_step_governed_pva_direct,1.42,1.43,0.02508766920548333,0.1457234536888065
rapid_reversal__v3__test__019,joint_0,one_step_governed_pva_direct,1.43,1.44,0.025053321875466245,0.1444821704162091
rapid_reversal__v3__test__019,joint_0,one_step_governed_pva_direct,1.44,1.45,0.024883381310288742,0.14296970413561444
rapid_reversal__v3__test__019,joint_0,one_step_governed_pva_direct,1.45,1.46,0.024491541138198118,0.14116914629265417
rapid_reversal__v3__test__019,joint_0,one_step_governed_pva_direct,1.46,1.47,0.02374476396601194,0.1389982044117123
rapid_reversal__v3__test__019,joint_0,one_step_governed_pva_direct,1.47,1.48,0.022491433728009415,0.1363267281715289
rapid_reversal__v3__test__019,joint_0,one_step_governed_pva_direct,1.48,1.49,0.020594540868374207,0.13300468284712905
rapid_reversal__v3__test__019,joint_0,one_step_governed_pva_direct,1.49,1.5,0.01796379280162825,0.12890713888059938
rapid_reversal__v3__test__019,joint_0,one_step_governed_pva_direct,1.5,1.51,0.014580704326741994,0.12399375468319743
rapid_reversal__v3__test__019,joint_0,one_step_governed_pva_direct,1.51,1.52,0.01051196095436981,0.11826037048579548
rapid_reversal__v3__test__019,joint_0,one_step_governed_pva_direct,1.52,1.53,0.005908439541361584,0.11172832862962802
rapid_reversal__v3__test__019,joint_0,one_step_governed_pva_direct,1.53,1.54,0.000989838262018246,0.10452073018399322
rapid_reversal__v3__test__019,joint_0,one_step_governed_pva_direct,1.54,1.55,-0.003982551196398412,0.09685502907335485
rapid_reversal__v3__test__019,joint_0,one_step_governed_pva_direct,1.55,1.56,-0.008740267702173938,0.08899642493822216
rapid_reversal__v3__test__019,joint_0,one_step_governed_pva_direct,1.56,1.57,-0.013043347046735255,0.08121912032625059
rapid_reversal__v3__test__019,joint_0,one_step_governed_pva_direct,1.57,1.58,-0.01671105349456741,0.0737703661870299
rapid_reversal__v3__test__019,joint_0,one_step_governed_pva_direct,1.58,1.59,-0.01964238579960517,0.06683920994426792
rapid_reversal__v3__test__019,joint_0,one_step_governed_pva_direct,1.59,1.6,-0.02182290303449718,0.0605353285569489
rapid_reversal__v3__test__019,joint_0,one_step_governed_pva_direct,1.6,1.61,-0.02331687012390667,0.05488151794983492
rapid_reversal__v3__test__019,joint_0,one_step_governed_pva_direct,1.61,1.62,-0.02424635330101123,0.04982095951913211
rapid_reversal__v3__test__019,joint_0,one_step_governed_pva_direct,1.62,1.6300000000000001,-0.02476122748955833,0.0452377363090142
rapid_reversal__v3__test__019,joint_0,one_step_governed_pva_direct,1.6300000000000001,1.6400000000000001,-0.02500567049346999,0.04098670337962231
rapid_reversal__v3__test__019,joint_0,one_step_governed_pva_direct,1.6400000000000001,1.6500000000000001,-0.02508732231843962,0.03692715576069843
rapid_reversal__v3__test__019,joint_0,one_step_governed_pva_direct,1.6500000000000001,1.6600000000000001,-0.0250547736702814,0.03295408245219164
rapid_reversal__v3__test__019,joint_0,one_step_governed_pva_direct,1.6600000000000001,1.6700000000000002,-0.024887509166939745,0.029021263774641804
rapid_reversal__v3__test__019,joint_0,one_step_governed_pva_direct,1.67,1.68,-0.024500146450309398,0.025151976696193283
rapid_reversal__v3__test__019,joint_0,one_step_governed_pva_direct,1.68,1.69,-0.02376019520965997,0.021435345812923275
rapid_reversal__v3__test__019,joint_0,one_step_governed_pva_direct,1.69,1.7,-0.022516083227603387,0.018009005454329763
rapid_reversal__v3__test__019,joint_0,one_step_governed_pva_direct,1.7,1.71,-0.020630307707958047,0.015031245910497367
rapid_reversal__v3__test__019,joint_0,one_step_governed_pva_direct,1.71,1.72,-0.01801161096800584,0.012647750725921687
rapid_reversal__v3__test__019,joint_0,one_step_governed_pva_direct,1.72,1.73,-0.014640223879956761,0.01095904260868252
rapid_reversal__v3__test__019,joint_0,one_step_governed_pva_direct,1.73,1.74,-0.010581442829510982,0.009994659671673057
rapid_reversal__v3__test__019,joint_0,one_step_governed_pva_direct,1.74,1.75,-0.005984886392858663,0.009698898099566257
rapid_reversal__v3__test__019,joint_0,one_step_governed_pva_direct,1.75,1.76,-0.0010693414539749513,0.009930895310432432
rapid_reversal__v3__test__019,joint_0,one_step_governed_pva_direct,1.76,1.77,0.0039043071421034727,0.01047926088805496
rapid_reversal__v3__test__019,joint_0,one_step_governed_pva_direct,1.77,1.78,0.008667430166831448,0.01108885381658738
rapid_reversal__v3__test__019,joint_0,one_step_governed_pva_direct,1.78,1.79,0.01297934951542167,0.011495124333155568
rapid_reversal__v3__test__019,joint_0,one_step_governed_pva_direct,1.79,1.8,0.016658193291542247,0.01146008026511398
rapid_reversal__v3__test__019,joint_0,one_step_governed_pva_direct,1.8,1.81,0.019601597563310275,0.010803646068524698
rapid_reversal__v3__test__019,joint_0,one_step_governed_pva_direct,1.81,1.82,0.021793764995158813,0.009425010537539724
rapid_reversal__v3__test__019,joint_0,one_step_governed_pva_direct,1.82,1.83,0.02329783849276707,0.007310356994944257
rapid_reversal__v3__test__019,joint_0,one_step_governed_pva_direct,1.83,1.84,0.02423517924537136,0.0045258134129670296
rapid_reversal__v3__test__019,joint_0,one_step_governed_pva_direct,1.84,1.85,0.024755478616002108,0.0011971086115549789
rapid_reversal__v3__test__019,joint_0,one_step_governed_pva_direct,1.85,1.86,0.02500326036030973,-0.0025202032120983362
rapid_reversal__v3__test__019,joint_0,one_step_governed_pva_direct,1.86,1.87,0.025086950559639866,-0.006474412218493854
rapid_reversal__v3__test__019,joint_0,one_step_governed_pva_direct,1.87,1.8800000000000001,0.02505619599593464,-0.010549007104157468
rapid_reversal__v3__test__019,joint_0,one_step_governed_pva_direct,1.8800000000000001,1.8900000000000001,0.024891587787318273,-0.014685954956689267
rapid_reversal__v3__test__019,joint_0,one_step_governed_pva_direct,1.8900000000000001,1.9000000000000001,0.024508671693420338,-0.018896640465167577
rapid_reversal__v3__test__019,joint_0,one_step_governed_pva_direct,1.9000000000000001,1.9100000000000001,0.0237755109937475,-0.02325846193014787
rapid_reversal__v3__test__019,joint_0,one_step_governed_pva_direct,1.9100000000000001,1.9200000000000002,0.02254058503660087,-0.02789770729907651
rapid_reversal__v3__test__019,joint_0,one_step_governed_pva_direct,1.92,1.93,0.02066590529198822,-0.03296184659819943
rapid_reversal__v3__test__019,joint_0,one_step_governed_pva_direct,1.93,1.94,0.018059254886081115,-0.038586323320549655
rapid_reversal__v3__test__019,joint_0,one_step_governed_pva_direct,1.94,1.95,0.014699583962757654,-0.044861954583023576
rapid_reversal__v3__test__019,joint_0,one_step_governed_pva_direct,1.95,1.96,0.01065079964930973,-0.05180897208699822
rapid_reversal__v3__test__019,joint_0,one_step_governed_pva_direct,1.96,1.97,0.006061258748490684,-0.05936256649150101
rapid_reversal__v3__test__019,joint_0,one_step_governed_pva_direct,1.97,1.98,0.0011488305771502087,-0.06737274720016137
rapid_reversal__v3__test__019,joint_0,one_step_governed_pva_direct,1.98,1.99,-0.0038260148474283944,-0.07561876734467342
rapid_reversal__v3__test__019,joint_0,one_step_governed_pva_direct,1.99,2.0,-0.008594488511805306,-0.08383575190779222
rapid_reversal__v3__test__019,joint_0,one_step_governed_pva_direct,2.0,2.01,-0.012915205612345217,-0.09174897650509717
rapid_reversal__v3__test__019,joint_0,one_step_governed_pva_direct,2.0100000000000002,2.02,-0.016605162934016822,-0.09910987041661933
rapid_reversal__v3__test__019,joint_0,one_step_governed_pva_direct,2.02,2.03,-0.01956063552841267,-0.10573583046969301
rapid_reversal__v3__test__019,joint_0,one_step_governed_pva_direct,2.0300000000000002,2.04,-0.02176446790021278,-0.11155231633839202
rapid_reversal__v3__test__019,joint_0,one_step_governed_pva_direct,2.04,2.05,-0.023278676128991687,-0.11654880220709105
rapid_reversal__v3__test__019,joint_0,one_step_governed_pva_direct,2.05,2.0599999999999996,-0.024223909408902653,-0.12074304804500692
rapid_reversal__v3__test__019,joint_0,one_step_governed_pva_direct,2.06,2.07,-0.024749667739498524,-0.1242314627019609
rapid_reversal__v3__test__019,joint_0,one_step_governed_pva_direct,2.07,2.0799999999999996,-0.025000813612918178,-0.12715807515574107
rapid_reversal__v3__test__019,joint_0,one_step_governed_pva_direct,2.08,2.09,-0.02508655388386147,-0.1296662408014932
rapid_reversal__v3__test__019,joint_0,one_step_governed_pva_direct,2.09,2.0999999999999996,-0.025057588992979007,-0.13186481433202055
rapid_reversal__v3__test__019,joint_0,one_step_governed_pva_direct,2.1,2.11,-0.02489561746870572,-0.1338047138372783
rapid_reversal__v3__test__019,joint_0,one_step_governed_pva_direct,2.11,2.1199999999999997,-0.024517117259445245,-0.13546777321174613
rapid_reversal__v3__test__019,joint_0,one_step_governed_pva_direct,2.12,2.13,-0.023790711721068065,-0.13676992560447565
rapid_reversal__v3__test__019,joint_0,one_step_governed_pva_direct,2.13,2.1399999999999997,-0.022564939478658758,-0.13757813696536672
rapid_reversal__v3__test__019,joint_0,one_step_governed_pva_direct,2.14,2.15,-0.02070133378532099,-0.1377379900415949
rapid_reversal__v3__test__019,joint_0,one_step_governed_pva_direct,2.15,2.1599999999999997,-0.018106724507422962,-0.13712040018872393
rapid_reversal__v3__test__019,joint_0,one_step_governed_pva_direct,2.16,2.17,-0.01475878429446245,-0.13568638036445366
rapid_reversal__v3__test__019,joint_0,one_step_governed_pva_direct,2.17,2.1799999999999997,-0.010720030921382984,-0.13343236054018337
rapid_reversal__v3__test__019,joint_0,one_step_governed_pva_direct,2.18,2.19,-0.0061375559611377365,-0.13037351270187528
rapid_reversal__v3__test__019,joint_0,one_step_governed_pva_direct,2.19,2.1999999999999997,-0.0012283049134247067,-0.1266070162036704
rapid_reversal__v3__test__019,joint_0,one_step_governed_pva_direct,2.2,2.21,0.003747675005436055,-0.12233821899128938
rapid_reversal__v3__test__019,joint_0,one_step_governed_pva_direct,2.21,2.2199999999999998,0.008521443313396307,-0.11782651405837098
rapid_reversal__v3__test__019,joint_0,one_step_governed_pva_direct,2.22,2.23,0.012850915725577271,-0.11334208153366666
rapid_reversal__v3__test__019,joint_0,one_step_governed_pva_direct,2.23,2.2399999999999998,0.016551962582849754,-0.10912986959485454
rapid_reversal__v3__test__019,joint_0,one_step_governed_pva_direct,2.24,2.25,0.0195194996284712,-0.10537799079138731
rapid_reversal__v3__test__019,joint_0,one_step_governed_pva_direct,2.25,2.26,0.02173501149415051,-0.1021959801979328
rapid_reversal__v3__test__019,joint_0,one_step_governed_pva_direct,2.2600000000000002,2.27,0.023259382657116818,-0.09960659109668625
rapid_reversal__v3__test__019,joint_0,one_step_governed_pva_direct,2.27,2.28,0.024212543383222887,-0.09755237433023084
rapid_reversal__v3__test__019,joint_0,one_step_governed_pva_direct,2.2800000000000002,2.29,0.024743794507592412,-0.09591563792735487
rapid_reversal__v3__test__019,joint_0,one_step_governed_pva_direct,2.29,2.3,0.02499833002906269,-0.09454799173556376
rapid_reversal__v3__test__019,joint_0,one_step_governed_pva_direct,2.3000000000000003,2.31,0.025086132245200492,-0.09330397880841373
rapid_reversal__v3__test__019,joint_0,one_step_governed_pva_direct,2.31,2.32,0.02505895280130472,-0.0920725879975724
rapid_reversal__v3__test__019,joint_0,one_step_governed_pva_direct,2.32,2.3299999999999996,0.024899598507877513,-0.09080085762445543
rapid_reversal__v3__test__019,joint_0,one_step_governed_pva_direct,2.33,2.34,0.024525483540058516,-0.08950524260692909
rapid_reversal__v3__test__019,joint_0,one_step_governed_pva_direct,2.34,2.3499999999999996,0.02380579779450158,-0.08826866232856546
rapid_reversal__v3__test__019,joint_0,one_step_governed_pva_direct,2.35,2.36,0.02258914687784587,-0.08722376796078392
rapid_reversal__v3__test__019,joint_0,one_step_governed_pva_direct,2.36,2.3699999999999997,0.020736593353489763,-0.08652549201656058
rapid_reversal__v3__test__019,joint_0,one_step_governed_pva_direct,2.37,2.38,0.018154019784430812,-0.08631791333584003
rapid_reversal__v3__test__019,joint_0,one_step_governed_pva_direct,2.38,2.3899999999999997,0.014817824595232933,-0.08670153112409945
rapid_reversal__v3__test__019,joint_0,one_step_governed_pva_direct,2.39,2.4,0.010789136154058762,-0.08770700000161505
rapid_reversal__v3__test__019,joint_0,one_step_governed_pva_direct,2.4,2.4099999999999997,0.006213777384135523,-0.08928024113645026
rapid_reversal__v3__test__019,joint_0,one_step_governed_pva_direct,2.41,2.42,0.0013077637447986338,-0.09128181701771522
rapid_reversal__v3__test__019,joint_0,one_step_governed_pva_direct,2.42,2.4299999999999997,-0.0036692883094256576,-0.09350090467832878
rapid_reversal__v3__test__019,joint_0,one_step_governed_pva_direct,2.43,2.44,-0.008448295148457146,-0.09568158447549151
rapid_reversal__v3__test__019,joint_0,one_step_governed_pva_direct,2.44,2.4499999999999997,-0.012786480243958965,-0.09755695097441283
rapid_reversal__v3__test__019,joint_0,one_step_governed_pva_direct,2.45,2.46,-0.01649859239975568,-0.09888514776814865
rapid_reversal__v3__test__019,joint_0,one_step_governed_pva_direct,2.46,2.4699999999999998,-0.01947818979783813,-0.09948668359477378
rapid_reversal__v3__test__019,joint_0,one_step_governed_pva_direct,2.47,2.48,-0.02170539552206248,-0.09928059212348656
rapid_reversal__v3__test__019,joint_0,one_step_governed_pva_direct,2.48,2.4899999999999998,-0.02323995770198618,-0.09825664494930908
rapid_reversal__v3__test__019,joint_0,one_step_governed_pva_direct,2.49,2.5,-0.024201080759924994,-0.09644465719938815
rapid_reversal__v3__test__019,joint_0,one_step_governed_pva_direct,2.5,2.51,-0.02473785856749154,-0.09395834160157424
rapid_reversal__v3__test__019,joint_0,one_step_governed_pva_direct,2.5100000000000002,2.52,-0.02499580938593967,-0.09095161607261192
rapid_reversal__v3__test__019,joint_0,one_step_governed_pva_direct,2.52,2.53,-0.025085685597069442,-0.08757632698457087
rapid_reversal__v3__test__019,joint_0,one_step_governed_pva_direct,2.5300000000000002,2.54,-0.025060287560148067,-0.08395064616536985
rapid_reversal__v3__test__019,joint_0,one_step_governed_pva_direct,2.54,2.55,-0.024903531201121362,-0.0801352933655483
rapid_reversal__v3__test__019,joint_0,one_step_governed_pva_direct,2.5500000000000003,2.56,-0.02453377092671914,-0.07612194179791916
rapid_reversal__v3__test__019,joint_0,one_step_governed_pva_direct,2.56,2.57,-0.023820769617040237,-0.07183592957497752
rapid_reversal__v3__test__019,joint_0,one_step_governed_pva_direct,2.57,2.5799999999999996,-0.022613207558666592,-0.06715278064634343
rapid_reversal__v3__test__019,joint_0,one_step_governed_pva_direct,2.58,2.59,-0.020771684162720308,-0.06192550946862415
rapid_reversal__v3__test__019,joint_0,one_step_governed_pva_direct,2.59,2.5999999999999996,-0.018201140670340628,-0.05601770122703815
rapid_reversal__v3__test__019,joint_0,one_step_governed_pva_direct,2.6,2.61,-0.01487670458606789,-0.049336282490178046
rapid_reversal__v3__test__019,joint_0,one_step_governed_pva_direct,2.61,2.6199999999999997,-0.010858114856360276,-0.041857920783506496
rapid_reversal__v3__test__019,joint_0,one_step_governed_pva_direct,2.62,2.63,-0.006289922371250091,-0.033644112109763424
rapid_reversal__v3__test__019,joint_0,one_step_governed_pva_direct,2.63,2.6399999999999997,-0.0013872063533653084,-0.024842031287633765
rapid_reversal__v3__test__019,joint_0,one_step_governed_pva_direct,2.64,2.65,0.0035908554529594326,-0.015670767831077792
rapid_reversal__v3__test__019,joint_0,one_step_governed_pva_direct,2.65,2.6599999999999997,0.008375044594411478,-0.0063951905587819186
rapid_reversal__v3__test__019,joint_0,one_step_governed_pva_direct,2.66,2.67,0.01272189955711305,0.002708095383497294
rapid_reversal__v3__test__019,joint_0,one_step_governed_pva_direct,2.67,2.6799999999999997,0.01644505254730355,0.011386815387796637
rapid_reversal__v3__test__019,joint_0,one_step_governed_pva_direct,2.68,2.69,0.01943670597164879,0.019444869033292102
rapid_reversal__v3__test__019,joint_0,one_step_governed_pva_direct,2.69,2.6999999999999997,0.021675619729617485,0.0267644621780891
rapid_reversal__v3__test__019,joint_0,one_step_governed_pva_direct,2.7,2.71,0.023220400888726393,0.0333147832063496
rapid_reversal__v3__test__019,joint_0,one_step_governed_pva_direct,2.71,2.7199999999999998,0.024189521130551273,0.03914589390543103
rapid_reversal__v3__test__019,joint_0,one_step_governed_pva_direct,2.72,2.73,0.024731859566045393,0.04436915538335358
rapid_reversal__v3__test__019,joint_0,one_step_governed_pva_direct,2.73,2.7399999999999998,0.02499325146016129,0.04912791666636017
rapid_reversal__v3__test__019,joint_0,one_step_governed_pva_direct,2.74,2.75,0.025085213892194595,0.05356392415182499
rapid_reversal__v3__test__019,joint_0,one_step_governed_pva_direct,2.75,2.76,0.02506159340809969,0.05778565215384415
rapid_reversal__v3__test__019,joint_0,one_step_governed_pva_direct,2.7600000000000002,2.77,0.024907415844255116,0.06184437505482998
rapid_reversal__v3__test__019,joint_0,one_step_governed_pva_direct,2.77,2.78,0.024541979810694708,0.06572236926816953
rapid_reversal__v3__test__019,joint_0,one_step_governed_pva_direct,2.7800000000000002,2.79,0.023835627591814738,0.06933540753796556
rapid_reversal__v3__test__019,joint_0,one_step_governed_pva_direct,2.79,2.8,0.022637121846082877,0.07254909148037332
rapid_reversal__v3__test__019,joint_0,one_step_governed_pva_direct,2.8000000000000003,2.81,0.020806606379946715,0.07520603370567594
rapid_reversal__v3__test__019,joint_0,one_step_governed_pva_direct,2.81,2.82,0.018248087119229223,0.07715897263400115
rapid_reversal__v3__test__019,joint_0,one_step_governed_pva_direct,2.82,2.8299999999999996,0.014935423988798468,0.078310011745987
rapid_reversal__v3__test__019,joint_0,one_step_governed_pva_direct,2.83,2.84,0.010926966537988182,0.07864296858474194
rapid_reversal__v3__test__019,joint_0,one_step_governed_pva_direct,2.84,2.8499999999999996,0.006365990276655254,0.07818850227203153
rapid_reversal__v3__test__019,joint_0,one_step_governed_pva_direct,2.85,2.86,0.0014666320212809141,0.07707588463756525
rapid_reversal__v3__test__019,joint_0,one_step_governed_pva_direct,2.86,2.8699999999999997,-0.003512377129889096,0.0755130697725153
rapid_reversal__v3__test__019,joint_0,one_step_governed_pva_direct,2.87,2.88,-0.008301692229276752,0.07375439717779518
rapid_reversal__v3__test__019,joint_0,one_step_governed_pva_direct,2.88,2.8899999999999997,-0.01265717405545466,0.07206664392279294
rapid_reversal__v3__test__019,joint_0,one_step_governed_pva_direct,2.89,2.9,-0.01639134318891862,0.07069295335282375
rapid_reversal__v3__test__019,joint_0,one_step_governed_pva_direct,2.9,2.9099999999999997,-0.01939504808580999,0.06982089022980989
rapid_reversal__v3__test__019,joint_0,one_step_governed_pva_direct,2.91,2.92,-0.02164568386304378,0.06956013123928498
rapid_reversal__v3__test__019,joint_0,one_step_governed_pva_direct,2.92,2.9299999999999997,-0.023200711842721412,0.06993356926716746
rapid_reversal__v3__test__019,joint_0,one_step_governed_pva_direct,2.93,2.94,-0.024177864086568294,0.07088320256238392
rapid_reversal__v3__test__019,joint_0,one_step_governed_pva_direct,2.94,2.9499999999999997,-0.024725797149723415,0.07228952993525056
rapid_reversal__v3__test__019,joint_0,one_step_governed_pva_direct,2.95,2.96,-0.024990656027741934,0.0740007583836377
rapid_reversal__v3__test__019,joint_0,one_step_governed_pva_direct,2.96,2.9699999999999998,-0.025084717082612767,0.07586638533742127
rapid_reversal__v3__test__019,joint_0,one_step_governed_pva_direct,2.97,2.98,-0.025062870483112353,0.07776895831404378
rapid_reversal__v3__test__019,joint_0,one_step_governed_pva_direct,2.98,2.9899999999999998,-0.024911252732644107,0.07964817662704424
rapid_reversal__v3__test__019,joint_0,one_step_governed_pva_direct,2.99,3.0,-0.02455011058308502,0.08151291691069443
rapid_reversal__v3__test__019,joint_0,one_step_governed_pva_direct,3.0,3.01,-0.023850372122119722,0.08343898014588845
rapid_reversal__v3__test__019,joint_0,one_step_governed_pva_direct,3.0100000000000002,3.02,-0.02266089006553807,0.08555297192845744
