method,prediction_horizon_ms,prediction_p_rmse
constant_acceleration,0.0,1.0239305998829366e-09
constant_acceleration,0.0,1.034268215400154e-07
constant_acceleration,0.0,1.0343703871764156e-07
constant_acceleration,0.0,1.0386142824843491e-06
constant_acceleration,0.0,1.0446516825023968e-06
constant_acceleration,0.0,1.069357943421268e-06
constant_acceleration,0.0,1.0904858623185123e-07
constant_acceleration,0.0,1.0967598908692963e-09
constant_acceleration,0.0,1.0967703159770364e-06
constant_acceleration,0.0,1.1203096552393218e-06
constant_acceleration,0.0,1.1354344339482643e-07
constant_acceleration,0.0,1.1425504100837453e-09
constant_acceleration,0.0,1.175530544735683e-06
constant_acceleration,0.0,1.2157797679284438e-07
constant_acceleration,0.0,1.2534668455964505e-08
constant_acceleration,0.0,1.25379111501264e-08
constant_acceleration,0.0,1.2621129586252195e-09
constant_acceleration,0.0,1.2929060223646457e-07
constant_acceleration,0.0,1.30361119889184e-09
constant_acceleration,0.0,1.3081166085715909e-06
constant_acceleration,0.0,1.3101964762988043e-06
constant_acceleration,0.0,1.3593134343320554e-09
constant_acceleration,0.0,1.375140341741056e-08
constant_acceleration,0.0,1.3784209593521493e-09
constant_acceleration,0.0,1.445891014247006e-06
constant_acceleration,0.0,1.4501442140435193e-06
constant_acceleration,0.0,1.4629667733272654e-06
constant_acceleration,0.0,1.4635842540498599e-06
constant_acceleration,0.0,1.4654042724924168e-05
constant_acceleration,0.0,1.4926539543303813e-06
constant_acceleration,0.0,1.5036792298407317e-05
constant_acceleration,0.0,1.5241459955381715e-06
constant_acceleration,0.0,1.52734677026468e-06
constant_acceleration,0.0,1.5717813405619947e-08
constant_acceleration,0.0,1.573775931001875e-08
constant_acceleration,0.0,1.656818819019223e-05
constant_acceleration,0.0,1.6633768205842118e-06
constant_acceleration,0.0,1.6635287011861781e-06
constant_acceleration,0.0,1.6975653599242575e-05
constant_acceleration,0.0,1.7078053663179276e-05
constant_acceleration,0.0,1.7755889803522905e-05
constant_acceleration,0.0,1.7889273167111207e-10
constant_acceleration,0.0,1.81012960618497e-06
constant_acceleration,0.0,1.8274405592260748e-09
constant_acceleration,0.0,1.8308619576996875e-09
constant_acceleration,0.0,1.9129523592824384e-08
constant_acceleration,0.0,1.9228112106065212e-10
constant_acceleration,0.0,2.030354080015066e-05
constant_acceleration,0.0,2.033174410543041e-09
constant_acceleration,0.0,2.048409855961027e-06
constant_acceleration,0.0,2.0554689114412295e-09
constant_acceleration,0.0,2.0559964595759674e-06
constant_acceleration,0.0,2.104205335419683e-05
constant_acceleration,0.0,2.164203184880351e-09
constant_acceleration,0.0,2.2189966953881737e-10
constant_acceleration,0.0,2.2236008762592476e-09
constant_acceleration,0.0,2.229644042901219e-06
constant_acceleration,0.0,2.2729153020474763e-06
constant_acceleration,0.0,2.275206995170873e-06
constant_acceleration,0.0,2.283195036957086e-06
constant_acceleration,0.0,2.308674252865007e-06
constant_acceleration,0.0,2.381676293652279e-06
constant_acceleration,0.0,2.3959485880977728e-09
constant_acceleration,0.0,2.418291774707171e-06
constant_acceleration,0.0,2.4305433891087684e-06
constant_acceleration,0.0,2.4532512745113614e-06
constant_acceleration,0.0,2.479977285019003e-07
constant_acceleration,0.0,2.480568300384047e-07
constant_acceleration,0.0,2.5087528801789113e-06
constant_acceleration,0.0,2.7602672099350523e-10
constant_acceleration,0.0,2.863336674185768e-09
constant_acceleration,0.0,2.932892672219634e-09
constant_acceleration,0.0,2.9406490692572865e-09
constant_acceleration,0.0,2.943754828893385e-09
constant_acceleration,0.0,3.0703900698169753e-06
constant_acceleration,0.0,3.097701532693826e-07
constant_acceleration,0.0,3.098990256120306e-07
constant_acceleration,0.0,3.108502846630222e-06
constant_acceleration,0.0,3.1108297706439866e-06
constant_acceleration,0.0,3.120850294148775e-06
constant_acceleration,0.0,3.1946681928125494e-09
constant_acceleration,0.0,3.23516221767602e-06
constant_acceleration,0.0,3.271293459957114e-06
constant_acceleration,0.0,3.2723767033222936e-09
constant_acceleration,0.0,3.27557575670523e-06
constant_acceleration,0.0,3.280189279443212e-06
constant_acceleration,0.0,3.284657097922767e-06
constant_acceleration,0.0,3.2938744103799596e-06
constant_acceleration,0.0,3.296554640479904e-06
constant_acceleration,0.0,3.2970704188287817e-06
constant_acceleration,0.0,3.327635939805118e-10
constant_acceleration,0.0,3.337830595219824e-11
constant_acceleration,0.0,3.3886089912535337e-09
constant_acceleration,0.0,3.495038819662016e-07
constant_acceleration,0.0,3.5362539765293086e-06
constant_acceleration,0.0,3.646364374939443e-07
constant_acceleration,0.0,3.7835443352912276e-06
constant_acceleration,0.0,3.7909534245515003e-11
constant_acceleration,0.0,3.8045925750000676e-06
constant_acceleration,0.0,3.8217822951459895e-09
constant_acceleration,0.0,3.8962193650235486e-07
constant_acceleration,0.0,3.97500970488468e-09
constant_acceleration,0.0,4.089570697161608e-10
constant_acceleration,0.0,4.117830077905114e-06
constant_acceleration,0.0,4.1297759611889505e-10
constant_acceleration,0.0,4.183533676510188e-07
constant_acceleration,0.0,4.212756118891897e-06
constant_acceleration,0.0,4.251041219988984e-06
constant_acceleration,0.0,4.279245368468259e-07
constant_acceleration,0.0,4.29386981418178e-09
constant_acceleration,0.0,4.3312248276017446e-09
constant_acceleration,0.0,4.428685458900462e-09
constant_acceleration,0.0,4.440506968999059e-10
constant_acceleration,0.0,4.442415797449524e-06
constant_acceleration,0.0,4.4600419091967666e-06
constant_acceleration,0.0,4.5772078226217896e-07
constant_acceleration,0.0,4.5776227022396077e-07
constant_acceleration,0.0,4.635250052422898e-07
constant_acceleration,0.0,4.636431595645587e-07
constant_acceleration,0.0,4.713865213362888e-10
constant_acceleration,0.0,4.742864598930475e-10
constant_acceleration,0.0,4.792859450381153e-06
constant_acceleration,0.0,4.7974315827057585e-06
constant_acceleration,0.0,4.799273524759286e-06
constant_acceleration,0.0,4.8243517275919674e-06
constant_acceleration,0.0,4.838880492247707e-06
constant_acceleration,0.0,4.86645083980063e-06
constant_acceleration,0.0,4.905705077343585e-07
constant_acceleration,0.0,5.295454569152601e-09
constant_acceleration,0.0,5.323813802518359e-07
constant_acceleration,0.0,5.3246587669648e-07
constant_acceleration,0.0,5.606664817569368e-10
constant_acceleration,0.0,5.758096534610788e-09
constant_acceleration,0.0,5.759038626073298e-09
constant_acceleration,0.0,5.793209787792917e-10
constant_acceleration,0.0,6.123192238105206e-07
constant_acceleration,0.0,6.231644449559359e-07
constant_acceleration,0.0,6.474558577286774e-07
constant_acceleration,0.0,6.475931734025817e-07
constant_acceleration,0.0,6.498527651011612e-07
constant_acceleration,0.0,6.500673479255813e-07
constant_acceleration,0.0,6.516369466572714e-11
constant_acceleration,0.0,6.64914357482107e-09
constant_acceleration,0.0,6.776802699541119e-07
constant_acceleration,0.0,7.126253643345342e-10
constant_acceleration,0.0,7.354466484112331e-06
constant_acceleration,0.0,7.47977276058242e-06
constant_acceleration,0.0,7.544559334868421e-10
constant_acceleration,0.0,7.639970654724255e-07
constant_acceleration,0.0,7.706976894160165e-10
constant_acceleration,0.0,7.877065877131753e-09
constant_acceleration,0.0,7.910354513887048e-10
constant_acceleration,0.0,7.997389626951693e-07
constant_acceleration,0.0,8.000803506885623e-07
constant_acceleration,0.0,8.105501986852512e-09
constant_acceleration,0.0,8.241222817284514e-09
constant_acceleration,0.0,8.256083053612004e-07
constant_acceleration,0.0,8.26628837221022e-09
constant_acceleration,0.0,8.329377352032296e-06
constant_acceleration,0.0,8.491340013768624e-06
constant_acceleration,0.0,8.50807010370519e-07
constant_acceleration,0.0,8.593235662379079e-06
constant_acceleration,0.0,8.638279707666116e-10
constant_acceleration,0.0,8.685818760466535e-09
constant_acceleration,0.0,8.714423847105756e-10
constant_acceleration,0.0,8.745674584543703e-07
constant_acceleration,0.0,8.755972300594778e-10
constant_acceleration,0.0,8.778086299318179e-06
constant_acceleration,0.0,8.79201774436933e-07
constant_acceleration,0.0,8.81416445699694e-10
constant_acceleration,0.0,9.239126509102181e-11
constant_acceleration,0.0,9.291836060472501e-07
constant_acceleration,0.0,9.302193556874951e-10
constant_acceleration,0.0,9.645772403041292e-07
constant_acceleration,0.0,9.694960812076102e-07
constant_acceleration,0.0,9.698317745328113e-07
constant_acceleration,0.0,9.74255612509534e-07
constant_acceleration,0.0,9.78575235364339e-07
constant_acceleration,0.0,9.791333939260187e-07
constant_acceleration,0.0,9.835813543718419e-07
constant_acceleration,10.0,0.00010018305047238541
constant_acceleration,10.0,0.00010021345276202707
constant_acceleration,10.0,0.00011790741134791896
constant_acceleration,10.0,0.00011824681309843013
constant_acceleration,10.0,0.00011826123894645546
constant_acceleration,10.0,0.00013967986853231644
constant_acceleration,10.0,0.0001676012735051091
constant_acceleration,10.0,0.0001780472694271871
constant_acceleration,10.0,0.00018354734844839066
constant_acceleration,10.0,0.00018366584510371198
constant_acceleration,10.0,0.00019499182390243962
constant_acceleration,10.0,0.0002080086145201267
constant_acceleration,10.0,0.00021601156154776548
constant_acceleration,10.0,0.0002199346412865621
constant_acceleration,10.0,0.00022482995339152083
constant_acceleration,10.0,0.0002260118401742162
constant_acceleration,10.0,0.0002438627331212774
constant_acceleration,10.0,0.00024461967113950325
constant_acceleration,10.0,0.0002446576317081375
constant_acceleration,10.0,0.0002446581768118228
constant_acceleration,10.0,0.0002559382541156386
constant_acceleration,10.0,0.0002570312298857143
constant_acceleration,10.0,0.00025706839105439123
constant_acceleration,10.0,0.00026560218945713074
constant_acceleration,10.0,0.0002660604787961338
constant_acceleration,10.0,0.000285072955496026
constant_acceleration,10.0,0.00029709703009670005
constant_acceleration,10.0,0.0002982738204975457
constant_acceleration,10.0,0.0003883183563070425
constant_acceleration,10.0,0.0003894338110013024
constant_acceleration,10.0,0.000389486791948466
constant_acceleration,10.0,0.00039103462431170277
constant_acceleration,10.0,0.00039160088062362223
constant_acceleration,10.0,0.0003916162700050054
constant_acceleration,10.0,0.0018887674035344465
constant_acceleration,10.0,0.0018887674993057165
constant_acceleration,10.0,0.0018890618313925907
constant_acceleration,10.0,1.022704204725228e-05
constant_acceleration,10.0,1.0273828628926865e-06
constant_acceleration,10.0,1.100357621069782e-05
constant_acceleration,10.0,1.1728772673410712e-05
constant_acceleration,10.0,1.1776974996684578e-05
constant_acceleration,10.0,1.1806387456669145e-05
constant_acceleration,10.0,1.2136114025436818e-05
constant_acceleration,10.0,1.254786541131536e-06
constant_acceleration,10.0,1.3323072136312685e-05
constant_acceleration,10.0,1.3391505226854921e-05
constant_acceleration,10.0,1.3418779057277654e-05
constant_acceleration,10.0,1.4334242683225192e-05
constant_acceleration,10.0,1.4696625529180628e-05
constant_acceleration,10.0,1.4832131168824117e-05
constant_acceleration,10.0,1.512904860815309e-06
constant_acceleration,10.0,1.539638747346614e-05
constant_acceleration,10.0,1.5433017762851766e-05
constant_acceleration,10.0,1.543301849369738e-05
constant_acceleration,10.0,1.543384722532503e-05
constant_acceleration,10.0,1.6437704159940814e-05
constant_acceleration,10.0,1.6985185801393992e-05
constant_acceleration,10.0,1.7041647364664202e-05
constant_acceleration,10.0,1.7324396848565964e-05
constant_acceleration,10.0,1.810309455967308e-05
constant_acceleration,10.0,1.8184445246515578e-05
constant_acceleration,10.0,1.8249749085439515e-05
constant_acceleration,10.0,1.8765017551124994e-06
constant_acceleration,10.0,1.8823964129417065e-06
constant_acceleration,10.0,1.8986772844277738e-05
constant_acceleration,10.0,1.9423868409660395e-05
constant_acceleration,10.0,1.9448927463240313e-05
constant_acceleration,10.0,1.9510107549329717e-05
constant_acceleration,10.0,1.9680104702864222e-05
constant_acceleration,10.0,1.9703921076069444e-05
constant_acceleration,10.0,1.9905631015560563e-06
constant_acceleration,10.0,1.9946010087032705e-06
constant_acceleration,10.0,2.0300818252868225e-05
constant_acceleration,10.0,2.100310237213856e-05
constant_acceleration,10.0,2.154373036249526e-06
constant_acceleration,10.0,2.3936182101425904e-05
constant_acceleration,10.0,2.4834190532992743e-06
constant_acceleration,10.0,2.493477604586523e-06
constant_acceleration,10.0,2.504649324584329e-05
constant_acceleration,10.0,2.560250528831857e-06
constant_acceleration,10.0,2.633025112492211e-05
constant_acceleration,10.0,2.683960314045163e-06
constant_acceleration,10.0,2.7317153464449996e-05
constant_acceleration,10.0,2.819831230872755e-05
constant_acceleration,10.0,2.8769902320938626e-06
constant_acceleration,10.0,2.919860908776072e-05
constant_acceleration,10.0,3.0402216929174298e-05
constant_acceleration,10.0,3.0507081479089068e-05
constant_acceleration,10.0,3.18950349632566e-05
constant_acceleration,10.0,3.2396173928623798e-06
constant_acceleration,10.0,3.28085397282752e-05
constant_acceleration,10.0,3.281688525827833e-05
constant_acceleration,10.0,3.2834126920877573e-05
constant_acceleration,10.0,3.5008534319697904e-06
constant_acceleration,10.0,3.62317973783951e-05
constant_acceleration,10.0,3.657157757711354e-05
constant_acceleration,10.0,3.6699870617644574e-06
constant_acceleration,10.0,3.6730892984967115e-06
constant_acceleration,10.0,3.691245752791683e-05
constant_acceleration,10.0,3.714168021042197e-06
constant_acceleration,10.0,3.7233980212087997e-06
constant_acceleration,10.0,3.7778097004711266e-06
constant_acceleration,10.0,3.820158846434858e-05
constant_acceleration,10.0,3.829442755346735e-05
constant_acceleration,10.0,3.854316231168851e-05
constant_acceleration,10.0,3.887813169135622e-05
constant_acceleration,10.0,3.9261739505001284e-06
constant_acceleration,10.0,3.959234007635849e-06
constant_acceleration,10.0,3.978141914458799e-06
constant_acceleration,10.0,4.0188389992560615e-06
constant_acceleration,10.0,4.027478028048707e-05
constant_acceleration,10.0,4.028081489733688e-05
constant_acceleration,10.0,4.028828531058375e-05
constant_acceleration,10.0,4.0482093919957054e-05
constant_acceleration,10.0,4.0863825655132756e-05
constant_acceleration,10.0,4.2267052143863234e-06
constant_acceleration,10.0,4.2472925360498196e-07
constant_acceleration,10.0,4.264341537866695e-06
constant_acceleration,10.0,4.270988650659775e-06
constant_acceleration,10.0,4.320021062039468e-05
constant_acceleration,10.0,4.619426853586541e-05
constant_acceleration,10.0,4.652411079922599e-06
constant_acceleration,10.0,4.958951764005425e-06
constant_acceleration,10.0,5.019108578976066e-06
constant_acceleration,10.0,5.19708651362456e-06
constant_acceleration,10.0,5.2069915949455565e-06
constant_acceleration,10.0,5.2982582970121756e-05
constant_acceleration,10.0,5.305048687987566e-05
constant_acceleration,10.0,5.307868333988097e-05
constant_acceleration,10.0,5.3215320362046276e-05
constant_acceleration,10.0,5.6654584397251575e-06
constant_acceleration,10.0,5.926163142466047e-06
constant_acceleration,10.0,5.9561270113013046e-05
constant_acceleration,10.0,6.136631965044181e-05
constant_acceleration,10.0,6.213764007593909e-05
constant_acceleration,10.0,6.265374553263777e-06
constant_acceleration,10.0,6.411698942980102e-06
constant_acceleration,10.0,6.438426211385821e-06
constant_acceleration,10.0,6.738308420852411e-06
constant_acceleration,10.0,6.848378643929512e-05
constant_acceleration,10.0,6.92727440865819e-05
constant_acceleration,10.0,6.943736986151843e-05
constant_acceleration,10.0,6.991219431201456e-05
constant_acceleration,10.0,7.169194499190698e-05
constant_acceleration,10.0,7.626499164084241e-06
constant_acceleration,10.0,7.770825933346059e-06
constant_acceleration,10.0,7.797246351460617e-06
constant_acceleration,10.0,7.823970268318897e-06
constant_acceleration,10.0,7.85975411361047e-06
constant_acceleration,10.0,7.93253976800103e-06
constant_acceleration,10.0,7.93253993137773e-06
constant_acceleration,10.0,7.932982725695768e-06
constant_acceleration,10.0,8.177818772245876e-06
constant_acceleration,10.0,8.220083843201407e-06
constant_acceleration,10.0,8.291318910993765e-07
constant_acceleration,10.0,8.296027429945413e-06
constant_acceleration,10.0,8.298321307441794e-07
constant_acceleration,10.0,8.316262100866763e-06
constant_acceleration,10.0,8.346584343553946e-06
constant_acceleration,10.0,8.35694351780389e-05
constant_acceleration,10.0,8.406507958920701e-05
constant_acceleration,10.0,8.675787278858906e-05
constant_acceleration,10.0,8.764200816074579e-05
constant_acceleration,10.0,8.776125948523748e-06
constant_acceleration,10.0,8.788212063525829e-05
constant_acceleration,10.0,8.82173589595316e-06
constant_acceleration,10.0,8.878167933206627e-06
constant_acceleration,10.0,8.878182552143719e-06
constant_acceleration,10.0,8.878703735523887e-06
constant_acceleration,10.0,9.19615987410047e-06
constant_acceleration,10.0,9.210114637198253e-05
constant_acceleration,10.0,9.236460710356457e-06
constant_acceleration,10.0,9.411081132755357e-06
constant_acceleration,10.0,9.478420055752636e-05
constant_acceleration,10.0,9.609125204075468e-05
constant_acceleration,10.0,9.7721763450889e-06
constant_acceleration,10.0,9.832569705620312e-06
constant_acceleration,10.0,9.855102866129465e-05
constant_acceleration,10.0,9.968399087060756e-05
constant_acceleration,100.0,0.00012166365937201801
constant_acceleration,100.0,0.00013367094387091116
constant_acceleration,100.0,0.00013367240963418512
constant_acceleration,100.0,0.00015611819285623994
constant_acceleration,100.0,0.000156118219971046
constant_acceleration,100.0,0.00015635204557377564
constant_acceleration,100.0,0.00025977514376373926
constant_acceleration,100.0,0.0002691552032303186
constant_acceleration,100.0,0.0002879075851028943
constant_acceleration,100.0,0.0003071356918438019
constant_acceleration,100.0,0.0003159734625528707
constant_acceleration,100.0,0.00031597357832142503
constant_acceleration,100.0,0.00034351995273762
constant_acceleration,100.0,0.00034517348079991203
constant_acceleration,100.0,0.0003513217770756542
constant_acceleration,100.0,0.00035308107976888067
constant_acceleration,100.0,0.00038002402946409514
constant_acceleration,100.0,0.0003862404614280718
constant_acceleration,100.0,0.00041450442667262047
constant_acceleration,100.0,0.00041833952231087277
constant_acceleration,100.0,0.0004190940261217982
constant_acceleration,100.0,0.0004250546228293021
constant_acceleration,100.0,0.00042681227615914345
constant_acceleration,100.0,0.0004307100805884658
constant_acceleration,100.0,0.0005375028654089703
constant_acceleration,100.0,0.0005673125303931081
constant_acceleration,100.0,0.0005904273128253193
constant_acceleration,100.0,0.0005904558244071058
constant_acceleration,100.0,0.0005976445391763269
constant_acceleration,100.0,0.0006049374672984222
constant_acceleration,100.0,0.0006245938468911139
constant_acceleration,100.0,0.0006252786872405375
constant_acceleration,100.0,0.0006351936856178029
constant_acceleration,100.0,0.0006502594356306611
constant_acceleration,100.0,0.0006906291508965613
constant_acceleration,100.0,0.000715969613453315
constant_acceleration,100.0,0.0007164536517880064
constant_acceleration,100.0,0.0007515655148073164
constant_acceleration,100.0,0.0007580097635755209
constant_acceleration,100.0,0.0007776891540105349
constant_acceleration,100.0,0.0007849984848748343
constant_acceleration,100.0,0.0007939589057747958
constant_acceleration,100.0,0.0008008145975029081
constant_acceleration,100.0,0.0008049285131115868
constant_acceleration,100.0,0.0008247463078330547
constant_acceleration,100.0,0.0008247880788004307
constant_acceleration,100.0,0.0008594810509639632
constant_acceleration,100.0,0.0008753081998085915
constant_acceleration,100.0,0.0009002930476633551
constant_acceleration,100.0,0.0009569134823565606
constant_acceleration,100.0,0.0009591828149318054
constant_acceleration,100.0,0.0009676910692224639
constant_acceleration,100.0,0.0009746826414565725
constant_acceleration,100.0,0.0009813801085160126
constant_acceleration,100.0,0.0010164818154126652
constant_acceleration,100.0,0.0010466559778297248
constant_acceleration,100.0,0.0010482474996765057
constant_acceleration,100.0,0.001053274441084825
constant_acceleration,100.0,0.0010676767039236432
constant_acceleration,100.0,0.001080322567957156
constant_acceleration,100.0,0.00108090776622006
constant_acceleration,100.0,0.0010823252292201171
constant_acceleration,100.0,0.0011174127515603705
constant_acceleration,100.0,0.0011302227520133346
constant_acceleration,100.0,0.0011322752761944574
constant_acceleration,100.0,0.0011455198895988898
constant_acceleration,100.0,0.001150319479610166
constant_acceleration,100.0,0.0011887278255372441
constant_acceleration,100.0,0.0011928265617513682
constant_acceleration,100.0,0.0012412356483796204
constant_acceleration,100.0,0.001243472269982034
constant_acceleration,100.0,0.0012436920275987842
constant_acceleration,100.0,0.0012623206634043967
constant_acceleration,100.0,0.0012646515909723762
constant_acceleration,100.0,0.0013086754820907343
constant_acceleration,100.0,0.0013097679758222553
constant_acceleration,100.0,0.0013106386114165184
constant_acceleration,100.0,0.0013340880304777523
constant_acceleration,100.0,0.00165558236403213
constant_acceleration,100.0,0.0017621487965968382
constant_acceleration,100.0,0.0017788138843551743
constant_acceleration,100.0,0.0017948952631709498
constant_acceleration,100.0,0.0018166170818312013
constant_acceleration,100.0,0.0019010059307841155
constant_acceleration,100.0,0.0019083908691940096
constant_acceleration,100.0,0.001927679399086479
constant_acceleration,100.0,0.0019298432683265351
constant_acceleration,100.0,0.0019758537703198657
constant_acceleration,100.0,0.001979470158130949
constant_acceleration,100.0,0.00198201249853058
constant_acceleration,100.0,0.0020517116346909017
constant_acceleration,100.0,0.0020605456315658053
constant_acceleration,100.0,0.002096577928399385
constant_acceleration,100.0,0.0021290488240648165
constant_acceleration,100.0,0.002137563240376659
constant_acceleration,100.0,0.002304039757021713
constant_acceleration,100.0,0.0023975246225753253
constant_acceleration,100.0,0.0024088515313430234
constant_acceleration,100.0,0.0025197672764640535
constant_acceleration,100.0,0.0025999756338400165
constant_acceleration,100.0,0.0026192565375455883
constant_acceleration,100.0,0.002619861591457992
constant_acceleration,100.0,0.0026344240202304287
constant_acceleration,100.0,0.00263975901375123
constant_acceleration,100.0,0.002641604371391501
constant_acceleration,100.0,0.0026681452330085983
constant_acceleration,100.0,0.002748333482048279
constant_acceleration,100.0,0.0027572749891469303
constant_acceleration,100.0,0.0027959812007420344
constant_acceleration,100.0,0.002899679151994325
constant_acceleration,100.0,0.002931261021907161
constant_acceleration,100.0,0.0029434978174810184
constant_acceleration,100.0,0.003070704087916942
constant_acceleration,100.0,0.003121884326671759
constant_acceleration,100.0,0.0035097142488571672
constant_acceleration,100.0,0.003565437312959852
constant_acceleration,100.0,0.0038236620675572734
constant_acceleration,100.0,0.003824288544408806
constant_acceleration,100.0,0.0038881651496818267
constant_acceleration,100.0,0.003958179501548891
constant_acceleration,100.0,0.004035199559184566
constant_acceleration,100.0,0.00414138421616328
constant_acceleration,100.0,0.004201349220682782
constant_acceleration,100.0,0.004244814101228883
constant_acceleration,100.0,0.004261159442624427
constant_acceleration,100.0,0.004350445510528409
constant_acceleration,100.0,0.004350974710956546
constant_acceleration,100.0,0.00440866125668792
constant_acceleration,100.0,0.0046356451784749335
constant_acceleration,100.0,0.004778033430224796
constant_acceleration,100.0,0.004862626944077613
constant_acceleration,100.0,0.004945725830384055
constant_acceleration,100.0,0.005081163034077498
constant_acceleration,100.0,0.00524362939519011
constant_acceleration,100.0,0.005272525928196949
constant_acceleration,100.0,0.005292200046633094
constant_acceleration,100.0,0.005347989345112664
constant_acceleration,100.0,0.005532078581238554
constant_acceleration,100.0,0.005576477965550179
constant_acceleration,100.0,0.005602867968725734
constant_acceleration,100.0,0.005618067990440941
constant_acceleration,100.0,0.005747392007869818
constant_acceleration,100.0,0.005845145693026987
constant_acceleration,100.0,0.006074277263706339
constant_acceleration,100.0,0.006122844982263908
constant_acceleration,100.0,0.006186848393572321
constant_acceleration,100.0,0.00623786973259599
constant_acceleration,100.0,0.0066380476266537
constant_acceleration,100.0,0.007101799001282663
constant_acceleration,100.0,0.007136930025769819
constant_acceleration,100.0,0.008176850519494998
constant_acceleration,100.0,0.008975252802510698
constant_acceleration,100.0,0.009367949211497579
constant_acceleration,100.0,0.009488112075854573
constant_acceleration,100.0,0.009495372255930149
constant_acceleration,100.0,0.010197077096615572
constant_acceleration,100.0,0.010346772581455917
constant_acceleration,100.0,0.010846315207441863
constant_acceleration,100.0,0.011059543301481001
constant_acceleration,100.0,0.015188693147289425
constant_acceleration,100.0,0.016531255223588004
constant_acceleration,100.0,0.01673868416790452
constant_acceleration,100.0,0.01773785020631767
constant_acceleration,100.0,0.017910132359222408
constant_acceleration,100.0,0.018272704903731164
constant_acceleration,100.0,0.01844408033336336
constant_acceleration,100.0,0.01844423234235579
constant_acceleration,100.0,0.018535148610473832
constant_acceleration,100.0,0.019383651424930228
constant_acceleration,100.0,0.020331022042260224
constant_acceleration,100.0,0.020331798407865066
constant_acceleration,100.0,0.020923168660106056
constant_acceleration,100.0,0.022169058440671956
constant_acceleration,100.0,0.02450918824674311
constant_acceleration,100.0,8.018993567899423e-05
constant_acceleration,100.0,8.019000657433441e-05
constant_acceleration,100.0,8.032146467426142e-05
constant_acceleration,100.0,8.97883400235055e-05
constant_acceleration,100.0,8.980284751502766e-05
constant_acceleration,100.0,8.994158846323377e-05
constant_acceleration,150.0,0.00012203760228982917
constant_acceleration,150.0,0.00012203836181670825
constant_acceleration,150.0,0.000122418729956131
constant_acceleration,150.0,0.00013732883166010378
constant_acceleration,150.0,0.00013738833284580702
constant_acceleration,150.0,0.00013776730957066103
constant_acceleration,150.0,0.0002383179372632671
constant_acceleration,150.0,0.00023831903376163804
constant_acceleration,150.0,0.00023895632741428464
constant_acceleration,150.0,0.0003783380999139517
constant_acceleration,150.0,0.00040329623145415894
constant_acceleration,150.0,0.0004033285938358744
constant_acceleration,150.0,0.000495138064980399
constant_acceleration,150.0,0.0005077205262902846
constant_acceleration,150.0,0.0005429122257792419
constant_acceleration,150.0,0.0005451157875198294
constant_acceleration,150.0,0.0005599303397960012
constant_acceleration,150.0,0.0005837693260165842
constant_acceleration,150.0,0.0006685816190170168
constant_acceleration,150.0,0.0006710484041508861
constant_acceleration,150.0,0.0006821081241045075
constant_acceleration,150.0,0.0008873307660721275
constant_acceleration,150.0,0.0009452233352931178
constant_acceleration,150.0,0.0009453717074713294
constant_acceleration,150.0,0.0009710045970961875
constant_acceleration,150.0,0.0009860204824210536
constant_acceleration,150.0,0.0009894125602711472
constant_acceleration,150.0,0.0010501395389711206
constant_acceleration,150.0,0.001061011784381872
constant_acceleration,150.0,0.00110245216019946
constant_acceleration,150.0,0.0012095738973896572
constant_acceleration,150.0,0.001290663405522406
constant_acceleration,150.0,0.0012927204834365053
constant_acceleration,150.0,0.0013439098765787548
constant_acceleration,150.0,0.0013705625180193478
constant_acceleration,150.0,0.0015085456047746664
constant_acceleration,150.0,0.0015659015066487867
constant_acceleration,150.0,0.0015903053750152018
constant_acceleration,150.0,0.0016693409406707187
constant_acceleration,150.0,0.001779244093812618
constant_acceleration,150.0,0.0017794539044250174
constant_acceleration,150.0,0.0017815793300580785
constant_acceleration,150.0,0.0018072645211337664
constant_acceleration,150.0,0.0019288473249193517
constant_acceleration,150.0,0.001930727415619174
constant_acceleration,150.0,0.002042298205794275
constant_acceleration,150.0,0.0020718275809415206
constant_acceleration,150.0,0.0021719161131476747
constant_acceleration,150.0,0.0022114924023562163
constant_acceleration,150.0,0.0022128248913213387
constant_acceleration,150.0,0.002227228487434154
constant_acceleration,150.0,0.002316061660000179
constant_acceleration,150.0,0.00246705790409223
constant_acceleration,150.0,0.0024675434709644176
constant_acceleration,150.0,0.002479014474560428
constant_acceleration,150.0,0.002593193317471221
constant_acceleration,150.0,0.0026301854700935445
constant_acceleration,150.0,0.002694806846968492
constant_acceleration,150.0,0.002743282723870787
constant_acceleration,150.0,0.002745341068460715
constant_acceleration,150.0,0.0028287585516078564
constant_acceleration,150.0,0.0028616283496246124
constant_acceleration,150.0,0.00291783057330721
constant_acceleration,150.0,0.002918556236592963
constant_acceleration,150.0,0.002991604096507771
constant_acceleration,150.0,0.002997549808442501
constant_acceleration,150.0,0.003104883162304551
constant_acceleration,150.0,0.003123660901492738
constant_acceleration,150.0,0.0031329812073229053
constant_acceleration,150.0,0.003175108918578851
constant_acceleration,150.0,0.003333035793559829
constant_acceleration,150.0,0.0033384977574528146
constant_acceleration,150.0,0.0034207557003018804
constant_acceleration,150.0,0.0034291465075062177
constant_acceleration,150.0,0.0035563234817168757
constant_acceleration,150.0,0.003573758206507883
constant_acceleration,150.0,0.003608014324491427
constant_acceleration,150.0,0.0036418728315401696
constant_acceleration,150.0,0.003651135529057767
constant_acceleration,150.0,0.003688699565712893
constant_acceleration,150.0,0.003698067859601435
constant_acceleration,150.0,0.003784273397792499
constant_acceleration,150.0,0.0037862185109712432
constant_acceleration,150.0,0.0038418915773880025
constant_acceleration,150.0,0.003895377083196171
constant_acceleration,150.0,0.0040404892876624385
constant_acceleration,150.0,0.004045871153950205
constant_acceleration,150.0,0.004413055307176797
constant_acceleration,150.0,0.004484781164537335
constant_acceleration,150.0,0.004487622853601403
constant_acceleration,150.0,0.004857807267607507
constant_acceleration,150.0,0.005121823108304113
constant_acceleration,150.0,0.00515205501859108
constant_acceleration,150.0,0.005165429242927482
constant_acceleration,150.0,0.005334063536230235
constant_acceleration,150.0,0.0054210110892098234
constant_acceleration,150.0,0.005447169173497883
constant_acceleration,150.0,0.005454825979591187
constant_acceleration,150.0,0.00557054632498222
constant_acceleration,150.0,0.00571272294032017
constant_acceleration,150.0,0.0058264005288038165
constant_acceleration,150.0,0.005914345134448504
constant_acceleration,150.0,0.005935801934810436
constant_acceleration,150.0,0.006095652293975287
constant_acceleration,150.0,0.006105509494888825
constant_acceleration,150.0,0.0070557861925771535
constant_acceleration,150.0,0.007056249674085959
constant_acceleration,150.0,0.007324848677464984
constant_acceleration,150.0,0.007487286653413841
constant_acceleration,150.0,0.007503158296575113
constant_acceleration,150.0,0.007717686235821606
constant_acceleration,150.0,0.007801239163949794
constant_acceleration,150.0,0.00784062139629288
constant_acceleration,150.0,0.007878075320319628
constant_acceleration,150.0,0.008027821192312413
constant_acceleration,150.0,0.00847868923940786
constant_acceleration,150.0,0.008548888516313606
constant_acceleration,150.0,0.008646928585449236
constant_acceleration,150.0,0.009028367089755488
constant_acceleration,150.0,0.00914187151607937
constant_acceleration,150.0,0.00947508331220888
constant_acceleration,150.0,0.00954361892629736
constant_acceleration,150.0,0.010021334726144068
constant_acceleration,150.0,0.010095047518833049
constant_acceleration,150.0,0.010510668309896276
constant_acceleration,150.0,0.010658299329930895
constant_acceleration,150.0,0.010915508971045295
constant_acceleration,150.0,0.01152632571182061
constant_acceleration,150.0,0.011646832958208201
constant_acceleration,150.0,0.01203977805422046
constant_acceleration,150.0,0.012402888957409966
constant_acceleration,150.0,0.012420921849733538
constant_acceleration,150.0,0.012537717698938005
constant_acceleration,150.0,0.012799171273040732
constant_acceleration,150.0,0.012941776824208563
constant_acceleration,150.0,0.01295669590770762
constant_acceleration,150.0,0.013186241607966685
constant_acceleration,150.0,0.013233873498011464
constant_acceleration,150.0,0.01361427508641241
constant_acceleration,150.0,0.013667543531236358
constant_acceleration,150.0,0.014016732751705991
constant_acceleration,150.0,0.014042156722683918
constant_acceleration,150.0,0.014077342356276508
constant_acceleration,150.0,0.01422880825619927
constant_acceleration,150.0,0.01532361179871394
constant_acceleration,150.0,0.01624797963840727
constant_acceleration,150.0,0.016490079679966758
constant_acceleration,150.0,0.016704814999437698
constant_acceleration,150.0,0.016830877352988306
constant_acceleration,150.0,0.017784545647417892
constant_acceleration,150.0,0.01791851166136863
constant_acceleration,150.0,0.01803223833339134
constant_acceleration,150.0,0.01817131798669142
constant_acceleration,150.0,0.018895454555006658
constant_acceleration,150.0,0.019983104030097
constant_acceleration,150.0,0.02008680797418635
constant_acceleration,150.0,0.0232245076218474
constant_acceleration,150.0,0.02464286792095814
constant_acceleration,150.0,0.025017503640993314
constant_acceleration,150.0,0.025359195166097012
constant_acceleration,150.0,0.025832221468168284
constant_acceleration,150.0,0.026459730308282303
constant_acceleration,150.0,0.02681511851234888
constant_acceleration,150.0,0.027734769665026925
constant_acceleration,150.0,0.02773564457417793
constant_acceleration,150.0,0.027905602392331544
constant_acceleration,150.0,0.028011307601916214
constant_acceleration,150.0,0.028382675009514663
constant_acceleration,150.0,0.0390805436024673
constant_acceleration,150.0,0.04127482297131128
constant_acceleration,150.0,0.041807883433735905
constant_acceleration,150.0,0.0441299908144071
constant_acceleration,150.0,0.04416931631092463
constant_acceleration,150.0,0.047576303128093286
constant_acceleration,150.0,0.04806798722169654
constant_acceleration,150.0,0.050285523332324375
constant_acceleration,150.0,0.05062696102498372
constant_acceleration,150.0,0.053320664675352285
constant_acceleration,150.0,0.05354735655363629
constant_acceleration,150.0,0.057833269066438875
constant_acceleration,20.0,0.00010211523947987662
constant_acceleration,20.0,0.00010258235361480419
constant_acceleration,20.0,0.0001043418991665708
constant_acceleration,20.0,0.0001061921370610498
constant_acceleration,20.0,0.00010647857550694144
constant_acceleration,20.0,0.00010688641600589911
constant_acceleration,20.0,0.00010718433154962855
constant_acceleration,20.0,0.00012234443151071692
constant_acceleration,20.0,0.00012965743868875542
constant_acceleration,20.0,0.00013015622086644116
constant_acceleration,20.0,0.00013129019712816432
constant_acceleration,20.0,0.0001345020921618953
constant_acceleration,20.0,0.00013574956601912307
constant_acceleration,20.0,0.00013701753814859653
constant_acceleration,20.0,0.0001388098219715854
constant_acceleration,20.0,0.00013949339415605401
constant_acceleration,20.0,0.0001414137469015974
constant_acceleration,20.0,0.00014598532561756365
constant_acceleration,20.0,0.00015771604927288036
constant_acceleration,20.0,0.00016063202379147193
constant_acceleration,20.0,0.00018120383393013497
constant_acceleration,20.0,0.00018165494724256486
constant_acceleration,20.0,0.00019122316349911282
constant_acceleration,20.0,0.00019207590023774144
constant_acceleration,20.0,0.00019412604201559468
constant_acceleration,20.0,0.0001968904701749649
constant_acceleration,20.0,0.00020081661164810175
constant_acceleration,20.0,0.00020139155896641011
constant_acceleration,20.0,0.0002020400092954184
constant_acceleration,20.0,0.00020345489048256927
constant_acceleration,20.0,0.00020358766138252468
constant_acceleration,20.0,0.0002078548797407485
constant_acceleration,20.0,0.000220994285881405
constant_acceleration,20.0,0.0002263671319285671
constant_acceleration,20.0,0.00023716557490260375
constant_acceleration,20.0,0.00023857835841402297
constant_acceleration,20.0,0.0002386477314414006
constant_acceleration,20.0,0.0003159734941233803
constant_acceleration,20.0,0.0003838224939265284
constant_acceleration,20.0,0.0004218018902484162
constant_acceleration,20.0,0.0004436118186130164
constant_acceleration,20.0,0.0004563733180211674
constant_acceleration,20.0,0.0004585102404340475
constant_acceleration,20.0,0.0004718193047824751
constant_acceleration,20.0,0.0004888629768415927
constant_acceleration,20.0,0.0004911429695668035
constant_acceleration,20.0,0.0004912943814510221
constant_acceleration,20.0,0.00049129708956495
constant_acceleration,20.0,0.0005052291436824287
constant_acceleration,20.0,0.0005274749996321871
constant_acceleration,20.0,0.0005319542090803394
constant_acceleration,20.0,0.0005321278593676945
constant_acceleration,20.0,0.0005413592696035205
constant_acceleration,20.0,0.0005648569479370899
constant_acceleration,20.0,0.0005958285094214953
constant_acceleration,20.0,0.0006127559925561899
constant_acceleration,20.0,0.0006311879876467447
constant_acceleration,20.0,0.0006805715038665751
constant_acceleration,20.0,0.0006814020219969572
constant_acceleration,20.0,0.0007285207326032967
constant_acceleration,20.0,0.0007626333877014138
constant_acceleration,20.0,0.0007673416677903669
constant_acceleration,20.0,0.0007676061197671783
constant_acceleration,20.0,0.0007854340380907123
constant_acceleration,20.0,0.0007877903387955834
constant_acceleration,20.0,0.0007878680710219108
constant_acceleration,20.0,0.0007969997386004952
constant_acceleration,20.0,0.0037664115366089195
constant_acceleration,20.0,0.003766412035793745
constant_acceleration,20.0,0.0037677855346432056
constant_acceleration,20.0,1.1289810508620156e-05
constant_acceleration,20.0,1.1856973234587592e-05
constant_acceleration,20.0,1.2072946284932856e-05
constant_acceleration,20.0,1.2366733141074088e-05
constant_acceleration,20.0,1.2373898165213946e-05
constant_acceleration,20.0,1.2553845178850774e-05
constant_acceleration,20.0,1.258066180140951e-05
constant_acceleration,20.0,1.440899446467371e-05
constant_acceleration,20.0,1.4428241954126942e-05
constant_acceleration,20.0,1.4491247474821142e-05
constant_acceleration,20.0,1.5333783927506084e-05
constant_acceleration,20.0,1.5882711313320038e-05
constant_acceleration,20.0,1.5882711902235158e-05
constant_acceleration,20.0,1.5884819863270897e-05
constant_acceleration,20.0,1.6729502938634893e-05
constant_acceleration,20.0,1.7464026954325274e-05
constant_acceleration,20.0,1.7500830142257302e-05
constant_acceleration,20.0,1.752394513564635e-05
constant_acceleration,20.0,1.755951117650325e-05
constant_acceleration,20.0,1.7669929083996e-05
constant_acceleration,20.0,1.7748437346790067e-05
constant_acceleration,20.0,1.7774414117025193e-05
constant_acceleration,20.0,1.7774485522196428e-05
constant_acceleration,20.0,1.777700462093286e-05
constant_acceleration,20.0,1.858786894012133e-05
constant_acceleration,20.0,1.8835514374050084e-06
constant_acceleration,20.0,1.884546271928782e-05
constant_acceleration,20.0,2.0159563758913302e-05
constant_acceleration,20.0,2.13144090819263e-05
constant_acceleration,20.0,2.1681317275048598e-05
constant_acceleration,20.0,2.1759075323035016e-05
constant_acceleration,20.0,2.2685164601733164e-05
constant_acceleration,20.0,2.567398193792887e-05
constant_acceleration,20.0,2.6272460702372947e-05
constant_acceleration,20.0,2.634914972809057e-05
constant_acceleration,20.0,2.6424867403344714e-05
constant_acceleration,20.0,2.650800530518861e-05
constant_acceleration,20.0,2.6537575712348542e-05
constant_acceleration,20.0,2.6823026211189117e-05
constant_acceleration,20.0,2.7445994068414246e-05
constant_acceleration,20.0,2.7577962580103218e-05
constant_acceleration,20.0,2.7585723726185156e-05
constant_acceleration,20.0,2.794104336506375e-06
constant_acceleration,20.0,2.7957571833059523e-06
constant_acceleration,20.0,2.8168728000576474e-05
constant_acceleration,20.0,2.940732559978587e-05
constant_acceleration,20.0,2.963662977854223e-05
constant_acceleration,20.0,3.0188351492005464e-05
constant_acceleration,20.0,3.0827764445032565e-05
constant_acceleration,20.0,3.090040006466376e-05
constant_acceleration,20.0,3.0900402977695564e-05
constant_acceleration,20.0,3.090437940889373e-05
constant_acceleration,20.0,3.139438864005883e-05
constant_acceleration,20.0,3.487257071700393e-05
constant_acceleration,20.0,3.524035269141595e-05
constant_acceleration,20.0,3.5403211523881926e-05
constant_acceleration,20.0,3.630961592955391e-05
constant_acceleration,20.0,3.7109218002409446e-05
constant_acceleration,20.0,3.753920045702815e-05
constant_acceleration,20.0,3.9143333971737304e-05
constant_acceleration,20.0,3.96602759955538e-05
constant_acceleration,20.0,3.980059938475201e-05
constant_acceleration,20.0,4.091856051090677e-05
constant_acceleration,20.0,4.120193336127195e-05
constant_acceleration,20.0,4.124902935115821e-05
constant_acceleration,20.0,4.16133829552199e-05
constant_acceleration,20.0,4.3856070757626404e-05
constant_acceleration,20.0,4.464920364008537e-05
constant_acceleration,20.0,4.539570716525151e-06
constant_acceleration,20.0,4.6120667613954346e-05
constant_acceleration,20.0,4.673293923385918e-05
constant_acceleration,20.0,5.549225143985609e-05
constant_acceleration,20.0,5.612646908976595e-06
constant_acceleration,20.0,5.7076488516322874e-05
constant_acceleration,20.0,5.9447222484133915e-05
constant_acceleration,20.0,6.0871712093631295e-05
constant_acceleration,20.0,6.160150180197791e-05
constant_acceleration,20.0,6.373135127095348e-05
constant_acceleration,20.0,6.551674321475648e-05
constant_acceleration,20.0,6.556524543782984e-05
constant_acceleration,20.0,6.557722497460608e-05
constant_acceleration,20.0,6.566490475482371e-05
constant_acceleration,20.0,6.56988007101885e-05
constant_acceleration,20.0,6.5742999368180565e-06
constant_acceleration,20.0,6.577691877715867e-05
constant_acceleration,20.0,6.702816385786681e-06
constant_acceleration,20.0,6.712363684055202e-06
constant_acceleration,20.0,6.809738259304186e-05
constant_acceleration,20.0,6.854199203586174e-05
constant_acceleration,20.0,6.863490555363306e-05
constant_acceleration,20.0,7.748841879560078e-05
constant_acceleration,20.0,7.770410829132435e-05
constant_acceleration,20.0,7.86647478630205e-05
constant_acceleration,20.0,8.083876642068415e-05
constant_acceleration,20.0,8.086399135560338e-05
constant_acceleration,20.0,8.089874530432947e-05
constant_acceleration,20.0,8.343210519092818e-06
constant_acceleration,20.0,8.390453767238098e-06
constant_acceleration,20.0,8.397438329407387e-06
constant_acceleration,20.0,8.426719442134746e-06
constant_acceleration,20.0,8.450508307430204e-05
constant_acceleration,20.0,8.704773603060202e-05
constant_acceleration,20.0,8.780621100785093e-05
constant_acceleration,20.0,8.842645858144162e-05
constant_acceleration,20.0,8.871319540791575e-05
constant_acceleration,20.0,8.889235101540334e-05
constant_acceleration,20.0,9.174603940670405e-05
constant_acceleration,20.0,9.63020502117794e-06
constant_acceleration,20.0,9.678183755508552e-06
constant_acceleration,20.0,9.80348937512596e-05
constant_acceleration,40.0,0.00010071646882037556
constant_acceleration,40.0,0.00010098565291991408
constant_acceleration,40.0,0.00010191247802026868
constant_acceleration,40.0,0.0001036054530424335
constant_acceleration,40.0,0.00010528019696084071
constant_acceleration,40.0,0.00010746445737056636
constant_acceleration,40.0,0.0001142215771845583
constant_acceleration,40.0,0.00011456417035954743
constant_acceleration,40.0,0.00011840967294796818
constant_acceleration,40.0,0.00012065165521250966
constant_acceleration,40.0,0.00012173417020565194
constant_acceleration,40.0,0.00012201325591936305
constant_acceleration,40.0,0.00012214865853320137
constant_acceleration,40.0,0.00012227766926223
constant_acceleration,40.0,0.0001251808352422406
constant_acceleration,40.0,0.0001256518446628907
constant_acceleration,40.0,0.00012941594872905343
constant_acceleration,40.0,0.00013061261994052142
constant_acceleration,40.0,0.00013143873261982643
constant_acceleration,40.0,0.0001317125566555147
constant_acceleration,40.0,0.00013185210021065554
constant_acceleration,40.0,0.0001319245049799616
constant_acceleration,40.0,0.00013242879410253126
constant_acceleration,40.0,0.00013355770984668674
constant_acceleration,40.0,0.0001473046561450544
constant_acceleration,40.0,0.0001488665119968426
constant_acceleration,40.0,0.00015330806013412435
constant_acceleration,40.0,0.00016021890192952038
constant_acceleration,40.0,0.00016306319098651853
constant_acceleration,40.0,0.00016322850142700323
constant_acceleration,40.0,0.00016346892386789001
constant_acceleration,40.0,0.00018422634954580233
constant_acceleration,40.0,0.00018471251293418549
constant_acceleration,40.0,0.0001855541503342468
constant_acceleration,40.0,0.00019842536504760037
constant_acceleration,40.0,0.0002026860127856834
constant_acceleration,40.0,0.00020469726631063343
constant_acceleration,40.0,0.00021074609701298233
constant_acceleration,40.0,0.000215863628205606
constant_acceleration,40.0,0.0002174743710780237
constant_acceleration,40.0,0.00022089576180636986
constant_acceleration,40.0,0.00022143105719748496
constant_acceleration,40.0,0.00022325625433264454
constant_acceleration,40.0,0.00022697116430348547
constant_acceleration,40.0,0.00023767766976719846
constant_acceleration,40.0,0.0002385433159674337
constant_acceleration,40.0,0.00024142925445857377
constant_acceleration,40.0,0.000255827689517624
constant_acceleration,40.0,0.0002611940442977275
constant_acceleration,40.0,0.00027062989585164876
constant_acceleration,40.0,0.00027435143273406466
constant_acceleration,40.0,0.00028359595462670216
constant_acceleration,40.0,0.00028360486036580076
constant_acceleration,40.0,0.0002869689004986814
constant_acceleration,40.0,0.00029078204194944013
constant_acceleration,40.0,0.000294732676983278
constant_acceleration,40.0,0.00029626352742706183
constant_acceleration,40.0,0.0002968644186438474
constant_acceleration,40.0,0.00030163933349296055
constant_acceleration,40.0,0.00031015011822607577
constant_acceleration,40.0,0.000327751572678546
constant_acceleration,40.0,0.00032838082015488885
constant_acceleration,40.0,0.0003302033166247075
constant_acceleration,40.0,0.00034479179068368373
constant_acceleration,40.0,0.00037728521146159123
constant_acceleration,40.0,0.00040958859294385743
constant_acceleration,40.0,0.0004192353427729965
constant_acceleration,40.0,0.00042462360889522423
constant_acceleration,40.0,0.0004267093917968234
constant_acceleration,40.0,0.0004301394661590552
constant_acceleration,40.0,0.00043252544097652657
constant_acceleration,40.0,0.0004398990350595238
constant_acceleration,40.0,0.0004407138702486221
constant_acceleration,40.0,0.0004468065420520382
constant_acceleration,40.0,0.0004675591986187504
constant_acceleration,40.0,0.000471263854674114
constant_acceleration,40.0,0.0004769802240803087
constant_acceleration,40.0,0.0004793166281782136
constant_acceleration,40.0,0.0004794291036228824
constant_acceleration,40.0,0.00048346387125292636
constant_acceleration,40.0,0.00048564517149838433
constant_acceleration,40.0,0.0004892794360616692
constant_acceleration,40.0,0.0004932861572993321
constant_acceleration,40.0,0.0004986758124994359
constant_acceleration,40.0,0.0004991893327732242
constant_acceleration,40.0,0.0005109539245689851
constant_acceleration,40.0,0.0005285168356994929
constant_acceleration,40.0,0.0005293484829603131
constant_acceleration,40.0,0.0005362468127549252
constant_acceleration,40.0,0.0005550337339905058
constant_acceleration,40.0,0.0005684193817361611
constant_acceleration,40.0,0.000596424920153571
constant_acceleration,40.0,0.0005988909203482516
constant_acceleration,40.0,0.0006040678557291548
constant_acceleration,40.0,0.0006080319097623892
constant_acceleration,40.0,0.0006087821381144505
constant_acceleration,40.0,0.0006176991806536618
constant_acceleration,40.0,0.0006233214607226839
constant_acceleration,40.0,0.0007334830301116467
constant_acceleration,40.0,0.0009172594307307537
constant_acceleration,40.0,0.0009898160354858314
constant_acceleration,40.0,0.0009908096668044685
constant_acceleration,40.0,0.0009908309848602457
constant_acceleration,40.0,0.0010018631745080265
constant_acceleration,40.0,0.00114357639915993
constant_acceleration,40.0,0.0011558026319026004
constant_acceleration,40.0,0.001171364746742609
constant_acceleration,40.0,0.0011725790909889553
constant_acceleration,40.0,0.0012521562035895293
constant_acceleration,40.0,0.0013215067469524845
constant_acceleration,40.0,0.0013983251570759856
constant_acceleration,40.0,0.001422143682181029
constant_acceleration,40.0,0.0014818544333858271
constant_acceleration,40.0,0.0015229609906347579
constant_acceleration,40.0,0.001557534021118473
constant_acceleration,40.0,0.0015596039889720415
constant_acceleration,40.0,0.0015985103300035154
constant_acceleration,40.0,0.0016145450931252013
constant_acceleration,40.0,0.0016151751818572195
constant_acceleration,40.0,0.0016935820311088931
constant_acceleration,40.0,0.0017640692824179743
constant_acceleration,40.0,0.001884995021312551
constant_acceleration,40.0,0.0021177963432498365
constant_acceleration,40.0,0.0021329902538593745
constant_acceleration,40.0,0.002147053959810504
constant_acceleration,40.0,0.002174398892222667
constant_acceleration,40.0,0.0023862757014154364
constant_acceleration,40.0,0.0024010196790521174
constant_acceleration,40.0,0.002517112216229497
constant_acceleration,40.0,0.002606606671604928
constant_acceleration,40.0,0.0030341058782767474
constant_acceleration,40.0,0.0074876430297498775
constant_acceleration,40.0,0.007487647348336671
constant_acceleration,40.0,0.007495360354563169
constant_acceleration,40.0,1.0327153050099547e-05
constant_acceleration,40.0,1.285228504672911e-05
constant_acceleration,40.0,1.285576761811381e-05
constant_acceleration,40.0,2.4757356671325172e-05
constant_acceleration,40.0,3.072818082129009e-05
constant_acceleration,40.0,3.074855290679215e-05
constant_acceleration,40.0,3.118872917467363e-05
constant_acceleration,40.0,3.183158346529893e-05
constant_acceleration,40.0,3.183158585091258e-05
constant_acceleration,40.0,3.1843351080067084e-05
constant_acceleration,40.0,3.458369794143233e-05
constant_acceleration,40.0,3.561407595380972e-05
constant_acceleration,40.0,3.561463242039446e-05
constant_acceleration,40.0,3.5628409889515347e-05
constant_acceleration,40.0,3.900618089321776e-05
constant_acceleration,40.0,3.910761943629682e-05
constant_acceleration,40.0,4.295442155085806e-05
constant_acceleration,40.0,4.5708834182254377e-05
constant_acceleration,40.0,4.659494538717262e-05
constant_acceleration,40.0,4.9867147642106706e-05
constant_acceleration,40.0,5.345300767408466e-05
constant_acceleration,40.0,5.685992286619615e-05
constant_acceleration,40.0,5.6873731079018e-05
constant_acceleration,40.0,5.8275833276557835e-05
constant_acceleration,40.0,5.836831488930011e-05
constant_acceleration,40.0,6.117229485292814e-05
constant_acceleration,40.0,6.19296850698114e-05
constant_acceleration,40.0,6.192970108571763e-05
constant_acceleration,40.0,6.195170079609003e-05
constant_acceleration,40.0,6.465038465419717e-05
constant_acceleration,40.0,6.68543365377112e-05
constant_acceleration,40.0,6.692026784417501e-05
constant_acceleration,40.0,7.618796212803486e-05
constant_acceleration,40.0,7.868628837398745e-05
constant_acceleration,40.0,8.022686688594602e-05
constant_acceleration,40.0,8.027370521615114e-05
constant_acceleration,40.0,8.053111914023611e-05
constant_acceleration,40.0,8.15761732650946e-05
constant_acceleration,40.0,8.186128255254035e-05
constant_acceleration,40.0,8.203132812478811e-05
constant_acceleration,40.0,9.055308648108302e-05
constant_acceleration,40.0,9.228010228018416e-05
constant_acceleration,40.0,9.740979279457527e-05
constant_acceleration,40.0,9.755740228525439e-05
constant_acceleration,40.0,9.775718186911309e-05
constant_acceleration,40.0,9.980528813977381e-05
constant_acceleration,50.0,0.0001008265645284374
constant_acceleration,50.0,0.00010097126780986969
constant_acceleration,50.0,0.00010388410930303816
constant_acceleration,50.0,0.00010783323062984826
constant_acceleration,50.0,0.00010889583843571371
constant_acceleration,50.0,0.00011551739219651584
constant_acceleration,50.0,0.00011564496546970765
constant_acceleration,50.0,0.00011574785452457046
constant_acceleration,50.0,0.00011908852656862988
constant_acceleration,50.0,0.00013033500900069464
constant_acceleration,50.0,0.00013784762556996925
constant_acceleration,50.0,0.0001379008990309371
constant_acceleration,50.0,0.00013811639906501045
constant_acceleration,50.0,0.00014455225197357254
constant_acceleration,50.0,0.00014513205509014958
constant_acceleration,50.0,0.00016214235517994486
constant_acceleration,50.0,0.0001651668857792354
constant_acceleration,50.0,0.00016529405145058554
constant_acceleration,50.0,0.00016555528953103831
constant_acceleration,50.0,0.00016651225634010673
constant_acceleration,50.0,0.00017292415070708215
constant_acceleration,50.0,0.0001743028221548776
constant_acceleration,50.0,0.00017452510103223672
constant_acceleration,50.0,0.00017472473684735634
constant_acceleration,50.0,0.00017506982448181613
constant_acceleration,50.0,0.00017580083873878984
constant_acceleration,50.0,0.00018363848971195596
constant_acceleration,50.0,0.00018383792620798082
constant_acceleration,50.0,0.0001853382524806928
constant_acceleration,50.0,0.0001908578457145841
constant_acceleration,50.0,0.00019329267214719485
constant_acceleration,50.0,0.00019347854723808608
constant_acceleration,50.0,0.00019678867137976164
constant_acceleration,50.0,0.00020488390022309813
constant_acceleration,50.0,0.00020519665936860764
constant_acceleration,50.0,0.0002056718880363933
constant_acceleration,50.0,0.00020937199798759664
constant_acceleration,50.0,0.0002099948915158947
constant_acceleration,50.0,0.0002111423239933625
constant_acceleration,50.0,0.00021155622326484585
constant_acceleration,50.0,0.00021465793177387154
constant_acceleration,50.0,0.00021535612618303854
constant_acceleration,50.0,0.0002167609720642268
constant_acceleration,50.0,0.00021763071222231012
constant_acceleration,50.0,0.00021891036082185571
constant_acceleration,50.0,0.00022224158325673374
constant_acceleration,50.0,0.00022854907600034798
constant_acceleration,50.0,0.00025115028579057703
constant_acceleration,50.0,0.00025512499044572497
constant_acceleration,50.0,0.0002644076237204921
constant_acceleration,50.0,0.00026546463418319097
constant_acceleration,50.0,0.0002709684766128621
constant_acceleration,50.0,0.000273824772980569
constant_acceleration,50.0,0.00027654169999851
constant_acceleration,50.0,0.0002824554516776903
constant_acceleration,50.0,0.00028345530527907215
constant_acceleration,50.0,0.00031535518536138316
constant_acceleration,50.0,0.00031664526316702084
constant_acceleration,50.0,0.00031882055216393007
constant_acceleration,50.0,0.0003195826685515912
constant_acceleration,50.0,0.00034159220349754525
constant_acceleration,50.0,0.00036140680251505413
constant_acceleration,50.0,0.00036655629323730903
constant_acceleration,50.0,0.0003670663930425902
constant_acceleration,50.0,0.00037553949505282576
constant_acceleration,50.0,0.0003814395626590984
constant_acceleration,50.0,0.00039077345373885743
constant_acceleration,50.0,0.0004066176425784112
constant_acceleration,50.0,0.00041922750609523125
constant_acceleration,50.0,0.0004322828680770033
constant_acceleration,50.0,0.0004389963972440564
constant_acceleration,50.0,0.0004404363516457552
constant_acceleration,50.0,0.0004486872088262109
constant_acceleration,50.0,0.0004665221702463135
constant_acceleration,50.0,0.0004877669755154807
constant_acceleration,50.0,0.0004986388868838698
constant_acceleration,50.0,0.0004987587391563351
constant_acceleration,50.0,0.0004999248666778732
constant_acceleration,50.0,0.0005173862465726753
constant_acceleration,50.0,0.0005184823682582692
constant_acceleration,50.0,0.0005314908547143295
constant_acceleration,50.0,0.0005517026516146487
constant_acceleration,50.0,0.0005655495702660173
constant_acceleration,50.0,0.0005874712035038964
constant_acceleration,50.0,0.0005904297554541102
constant_acceleration,50.0,0.0005919322143845876
constant_acceleration,50.0,0.0006033968915103751
constant_acceleration,50.0,0.0006066334102276568
constant_acceleration,50.0,0.0006196866264379398
constant_acceleration,50.0,0.0006329265134382754
constant_acceleration,50.0,0.0006511882263823496
constant_acceleration,50.0,0.0006522326778001241
constant_acceleration,50.0,0.000668421777464769
constant_acceleration,50.0,0.0006749810796189636
constant_acceleration,50.0,0.0007048189012640018
constant_acceleration,50.0,0.0007169999349237998
constant_acceleration,50.0,0.000719058521736776
constant_acceleration,50.0,0.0007196274038023165
constant_acceleration,50.0,0.0007238288641341366
constant_acceleration,50.0,0.0007361073354347372
constant_acceleration,50.0,0.0007470917152039697
constant_acceleration,50.0,0.0008029158312469122
constant_acceleration,50.0,0.0008093858439483539
constant_acceleration,50.0,0.0008121966484139794
constant_acceleration,50.0,0.0008312821477034404
constant_acceleration,50.0,0.0008449115558574625
constant_acceleration,50.0,0.0008467869454688115
constant_acceleration,50.0,0.0008580823091999787
constant_acceleration,50.0,0.0008654487976611605
constant_acceleration,50.0,0.0008671292179046172
constant_acceleration,50.0,0.0008872020161136325
constant_acceleration,50.0,0.000998677700914563
constant_acceleration,50.0,0.001007517503973986
constant_acceleration,50.0,0.0010187176085419776
constant_acceleration,50.0,0.0010291823627142246
constant_acceleration,50.0,0.001038001718658199
constant_acceleration,50.0,0.0010579360425238787
constant_acceleration,50.0,0.0010674301264833035
constant_acceleration,50.0,0.0012427078972527688
constant_acceleration,50.0,0.0012446834833452832
constant_acceleration,50.0,0.0012447290944301297
constant_acceleration,50.0,0.001307108174552305
constant_acceleration,50.0,0.0015152957812872682
constant_acceleration,50.0,0.0015675917836637774
constant_acceleration,50.0,0.001569264219125434
constant_acceleration,50.0,0.001570004629245283
constant_acceleration,50.0,0.0016981290559428953
constant_acceleration,50.0,0.001823397802004157
constant_acceleration,50.0,0.0019055774185977655
constant_acceleration,50.0,0.0019655209222566297
constant_acceleration,50.0,0.002034780036391013
constant_acceleration,50.0,0.0020354834442513226
constant_acceleration,50.0,0.002039050820302904
constant_acceleration,50.0,0.002067329466846368
constant_acceleration,50.0,0.0020686806356250385
constant_acceleration,50.0,0.0020819659488105022
constant_acceleration,50.0,0.0021417188005070117
constant_acceleration,50.0,0.0022458950963594004
constant_acceleration,50.0,0.002282436878598817
constant_acceleration,50.0,0.002978074414473131
constant_acceleration,50.0,0.0029926382199057452
constant_acceleration,50.0,0.003026803981981717
constant_acceleration,50.0,0.0034353914693334925
constant_acceleration,50.0,0.003571376016812165
constant_acceleration,50.0,0.003585019848849142
constant_acceleration,50.0,0.0036455873460315654
constant_acceleration,50.0,0.00377645276197158
constant_acceleration,50.0,0.003976655827739396
constant_acceleration,50.0,0.004167538219402517
constant_acceleration,50.0,0.004326055393490836
constant_acceleration,50.0,0.004974758840763538
constant_acceleration,50.0,0.0093317313399218
constant_acceleration,50.0,0.009331740955514914
constant_acceleration,50.0,0.009345605502341904
constant_acceleration,50.0,1.8497692065453098e-05
constant_acceleration,50.0,2.2125876524908498e-05
constant_acceleration,50.0,2.2129954403260816e-05
constant_acceleration,50.0,3.983029185315393e-05
constant_acceleration,50.0,3.9830294839666424e-05
constant_acceleration,50.0,3.985128728848069e-05
constant_acceleration,50.0,4.423994850458909e-05
constant_acceleration,50.0,4.455877505500574e-05
constant_acceleration,50.0,4.4559956339102796e-05
constant_acceleration,50.0,4.458415738982386e-05
constant_acceleration,50.0,5.2799810559014406e-05
constant_acceleration,50.0,5.2823986602516724e-05
constant_acceleration,50.0,5.620619631815438e-05
constant_acceleration,50.0,6.0582222558630634e-05
constant_acceleration,50.0,6.75032269568488e-05
constant_acceleration,50.0,6.766223689480231e-05
constant_acceleration,50.0,7.228456474298327e-05
constant_acceleration,50.0,7.749269494805595e-05
constant_acceleration,50.0,7.749272264914384e-05
constant_acceleration,50.0,7.753171122169611e-05
constant_acceleration,50.0,8.18447415383544e-05
constant_acceleration,50.0,8.20533333703486e-05
constant_acceleration,50.0,8.39488827171652e-05
constant_acceleration,50.0,9.628434347396151e-05
constant_acceleration,50.0,9.786234462195176e-05
constant_acceleration,50.0,9.787728241155803e-05
constant_acceleration,60.0,0.00010734063689028434
constant_acceleration,60.0,0.00010757467754856399
constant_acceleration,60.0,0.00011157859605852553
constant_acceleration,60.0,0.0001245185764401628
constant_acceleration,60.0,0.00013037897971279947
constant_acceleration,60.0,0.00013302377997256225
constant_acceleration,60.0,0.00013449299950108536
constant_acceleration,60.0,0.0001372639418526245
constant_acceleration,60.0,0.00014860229693176613
constant_acceleration,60.0,0.00015476129343930183
constant_acceleration,60.0,0.00015477496835441244
constant_acceleration,60.0,0.00015740418995818507
constant_acceleration,60.0,0.00016029938885295396
constant_acceleration,60.0,0.00016051207200210154
constant_acceleration,60.0,0.00017591097226405704
constant_acceleration,60.0,0.00018382583765310206
constant_acceleration,60.0,0.0001839767438939606
constant_acceleration,60.0,0.00018737512407345492
constant_acceleration,60.0,0.00019915841968512504
constant_acceleration,60.0,0.00019978009780853486
constant_acceleration,60.0,0.00020139114102402377
constant_acceleration,60.0,0.00020479769469023597
constant_acceleration,60.0,0.00021544110150997485
constant_acceleration,60.0,0.000217623033548847
constant_acceleration,60.0,0.00021767656852445072
constant_acceleration,60.0,0.00023153297004660284
constant_acceleration,60.0,0.00023735947838409696
constant_acceleration,60.0,0.00024730914835491676
constant_acceleration,60.0,0.00024782922766441995
constant_acceleration,60.0,0.00024866481473934
constant_acceleration,60.0,0.00025774577593861873
constant_acceleration,60.0,0.000258316113838107
constant_acceleration,60.0,0.00026933837455852345
constant_acceleration,60.0,0.0002771761123957583
constant_acceleration,60.0,0.0002777971078078861
constant_acceleration,60.0,0.0002834413508866279
constant_acceleration,60.0,0.000284211064357763
constant_acceleration,60.0,0.0002848363056872248
constant_acceleration,60.0,0.0002874994220121318
constant_acceleration,60.0,0.0002904226425067652
constant_acceleration,60.0,0.0002937857429066183
constant_acceleration,60.0,0.00029640267026156064
constant_acceleration,60.0,0.0002997430669425277
constant_acceleration,60.0,0.00030054028393119883
constant_acceleration,60.0,0.00030139560360051623
constant_acceleration,60.0,0.00032672999044867056
constant_acceleration,60.0,0.00033050666603834286
constant_acceleration,60.0,0.0003313627567712507
constant_acceleration,60.0,0.00033203213892843306
constant_acceleration,60.0,0.00033450080791749316
constant_acceleration,60.0,0.00033574010464513116
constant_acceleration,60.0,0.00033634878533389545
constant_acceleration,60.0,0.00033664859783335025
constant_acceleration,60.0,0.00033807738440409785
constant_acceleration,60.0,0.00033843497625135496
constant_acceleration,60.0,0.0003390240693088099
constant_acceleration,60.0,0.00034647802712921006
constant_acceleration,60.0,0.0003490704964446636
constant_acceleration,60.0,0.0003502927963776367
constant_acceleration,60.0,0.00035769763633791154
constant_acceleration,60.0,0.00035925919299286004
constant_acceleration,60.0,0.0003752295346730707
constant_acceleration,60.0,0.0003797467920587192
constant_acceleration,60.0,0.00039997873152166155
constant_acceleration,60.0,0.00042609848841404247
constant_acceleration,60.0,0.00043415086087009316
constant_acceleration,60.0,0.00044322720924767315
constant_acceleration,60.0,0.00044989883695921456
constant_acceleration,60.0,0.0004709690592430064
constant_acceleration,60.0,0.0004962260062529512
constant_acceleration,60.0,0.0005069773540182413
constant_acceleration,60.0,0.0005080991200365637
constant_acceleration,60.0,0.0005304604611567001
constant_acceleration,60.0,0.0005749477858497135
constant_acceleration,60.0,0.0005968754932610695
constant_acceleration,60.0,0.0006271950757717817
constant_acceleration,60.0,0.0006563439394387979
constant_acceleration,60.0,0.0006604570902915068
constant_acceleration,60.0,0.0006706976346882744
constant_acceleration,60.0,0.0006961907061876983
constant_acceleration,60.0,0.0007016847689250726
constant_acceleration,60.0,0.0007080485169793051
constant_acceleration,60.0,0.0007281011984376718
constant_acceleration,60.0,0.0007363297747807309
constant_acceleration,60.0,0.0007576275628862618
constant_acceleration,60.0,0.0007701230158281951
constant_acceleration,60.0,0.000770559164175039
constant_acceleration,60.0,0.0007709131162060009
constant_acceleration,60.0,0.0007776476164502184
constant_acceleration,60.0,0.0007781605431584478
constant_acceleration,60.0,0.0007800962753051989
constant_acceleration,60.0,0.0007855635866909628
constant_acceleration,60.0,0.000785848421517736
constant_acceleration,60.0,0.0007998270181030893
constant_acceleration,60.0,0.0008180587219993494
constant_acceleration,60.0,0.0008311844754910951
constant_acceleration,60.0,0.0008330595969560203
constant_acceleration,60.0,0.0008366259349836318
constant_acceleration,60.0,0.0008491361565973486
constant_acceleration,60.0,0.0008525447035420227
constant_acceleration,60.0,0.0009547464985361601
constant_acceleration,60.0,0.000980481314054284
constant_acceleration,60.0,0.001045764811206469
constant_acceleration,60.0,0.001052821257390126
constant_acceleration,60.0,0.0010947373533342875
constant_acceleration,60.0,0.001113451112034664
constant_acceleration,60.0,0.00113469192617952
constant_acceleration,60.0,0.001141322295054246
constant_acceleration,60.0,0.0011592862893130952
constant_acceleration,60.0,0.0011711526149691257
constant_acceleration,60.0,0.0011815340956454164
constant_acceleration,60.0,0.001187601278086445
constant_acceleration,60.0,0.0012383725741333944
constant_acceleration,60.0,0.0012712658531066094
constant_acceleration,60.0,0.0012760144264100683
constant_acceleration,60.0,0.0013071410218165507
constant_acceleration,60.0,0.0013448892400545781
constant_acceleration,60.0,0.0013679507763616856
constant_acceleration,60.0,0.0013923416215106022
constant_acceleration,60.0,0.0014041701307484873
constant_acceleration,60.0,0.0014991600776097145
constant_acceleration,60.0,0.0015027000530995682
constant_acceleration,60.0,0.001502787600821219
constant_acceleration,60.0,0.0015376712720530364
constant_acceleration,60.0,0.0015567637937542787
constant_acceleration,60.0,0.0015868311331425978
constant_acceleration,60.0,0.0016231443963769484
constant_acceleration,60.0,0.0016368978995705108
constant_acceleration,60.0,0.0016641770929011832
constant_acceleration,60.0,0.001678882364663636
constant_acceleration,60.0,0.0019569257656527543
constant_acceleration,60.0,0.002044288458663321
constant_acceleration,60.0,0.002048541581834636
constant_acceleration,60.0,0.002110752299581336
constant_acceleration,60.0,0.0024628581223751717
constant_acceleration,60.0,0.002507190192943438
constant_acceleration,60.0,0.0025140667751381673
constant_acceleration,60.0,0.0025703254815007044
constant_acceleration,60.0,0.00257289498668204
constant_acceleration,60.0,0.0026277740010790408
constant_acceleration,60.0,0.0026354679898089807
constant_acceleration,60.0,0.0026467706393576997
constant_acceleration,60.0,0.0027413704726652046
constant_acceleration,60.0,0.002797782475828877
constant_acceleration,60.0,0.0031059409390389696
constant_acceleration,60.0,0.003138484405865163
constant_acceleration,60.0,0.0033488767853731066
constant_acceleration,60.0,0.003351937747327097
constant_acceleration,60.0,0.004504765017881355
constant_acceleration,60.0,0.004730530072806739
constant_acceleration,60.0,0.004792481711765814
constant_acceleration,60.0,0.005116722626602761
constant_acceleration,60.0,0.005507087531483137
constant_acceleration,60.0,0.0055459487379452225
constant_acceleration,60.0,0.005615852481915867
constant_acceleration,60.0,0.00573149801202802
constant_acceleration,60.0,0.006106168195616017
constant_acceleration,60.0,0.006337159539130554
constant_acceleration,60.0,0.006636541954892487
constant_acceleration,60.0,0.007549286546369679
constant_acceleration,60.0,0.011165887753158929
constant_acceleration,60.0,0.011165906899617833
constant_acceleration,60.0,0.01118848262310409
constant_acceleration,60.0,3.00743124807429e-05
constant_acceleration,60.0,3.49994653476406e-05
constant_acceleration,60.0,3.500374380699409e-05
constant_acceleration,60.0,4.784715364776127e-05
constant_acceleration,60.0,4.784715565380641e-05
constant_acceleration,60.0,4.7881051937409246e-05
constant_acceleration,60.0,5.3524879066240344e-05
constant_acceleration,60.0,5.352712326881048e-05
constant_acceleration,60.0,5.356553241581159e-05
constant_acceleration,60.0,7.176441214485061e-05
constant_acceleration,60.0,8.33594435063943e-05
constant_acceleration,60.0,8.338540051025372e-05
constant_acceleration,60.0,9.192112072155244e-05
constant_acceleration,60.0,9.30935387115798e-05
constant_acceleration,60.0,9.309358029652841e-05
constant_acceleration,60.0,9.315606166794629e-05
constant_acceleration,60.0,9.619275204816722e-05
constant_acceleration,80.0,0.0001244479755424638
constant_acceleration,80.0,0.00012444803783211508
constant_acceleration,80.0,0.00012457976260484287
constant_acceleration,80.0,0.00015612269662129274
constant_acceleration,80.0,0.00017509888900139588
constant_acceleration,80.0,0.00017511967562940778
constant_acceleration,80.0,0.00018717911161143894
constant_acceleration,80.0,0.00019281901329587628
constant_acceleration,80.0,0.0002000435606659912
constant_acceleration,80.0,0.0002030982874102472
constant_acceleration,80.0,0.0002169838247209285
constant_acceleration,80.0,0.00022375049957049705
constant_acceleration,80.0,0.00022868862380413866
constant_acceleration,80.0,0.00022913436106428747
constant_acceleration,80.0,0.00024386402725442823
constant_acceleration,80.0,0.0002694787822742228
constant_acceleration,80.0,0.0002706597896703804
constant_acceleration,80.0,0.00027420262479239087
constant_acceleration,80.0,0.00029046239880602847
constant_acceleration,80.0,0.0003032042984094088
constant_acceleration,80.0,0.00032615899761227225
constant_acceleration,80.0,0.0003261602859382912
constant_acceleration,80.0,0.00033439343182419115
constant_acceleration,80.0,0.000335484525767561
constant_acceleration,80.0,0.0003375041142440315
constant_acceleration,80.0,0.00034144072665781474
constant_acceleration,80.0,0.00034184519747454715
constant_acceleration,80.0,0.0003475928450064967
constant_acceleration,80.0,0.0003790722264187368
constant_acceleration,80.0,0.00039144816121521606
constant_acceleration,80.0,0.00039173435293324803
constant_acceleration,80.0,0.00040758536736247423
constant_acceleration,80.0,0.00042562311089184917
constant_acceleration,80.0,0.00044345755477581065
constant_acceleration,80.0,0.0004570896332584105
constant_acceleration,80.0,0.00045711804629753976
constant_acceleration,80.0,0.0004631095733925909
constant_acceleration,80.0,0.0004690608326766444
constant_acceleration,80.0,0.0004885842775570362
constant_acceleration,80.0,0.0004897538124095129
constant_acceleration,80.0,0.0005244668113364042
constant_acceleration,80.0,0.0005262941592381834
constant_acceleration,80.0,0.0005394779988940743
constant_acceleration,80.0,0.0005403747180903497
constant_acceleration,80.0,0.0005454247075029547
constant_acceleration,80.0,0.0005489787579883135
constant_acceleration,80.0,0.0005656731540158435
constant_acceleration,80.0,0.0005882067890877371
constant_acceleration,80.0,0.0005905487358392437
constant_acceleration,80.0,0.0005917316035147943
constant_acceleration,80.0,0.0005993390989208969
constant_acceleration,80.0,0.0006030077354659425
constant_acceleration,80.0,0.0006044781408194737
constant_acceleration,80.0,0.0006116890736509038
constant_acceleration,80.0,0.0006149917933766009
constant_acceleration,80.0,0.0006158420545028568
constant_acceleration,80.0,0.0006171361009627196
constant_acceleration,80.0,0.0006207681957634616
constant_acceleration,80.0,0.0006235885446784969
constant_acceleration,80.0,0.0006272233374047065
constant_acceleration,80.0,0.0006352295622650553
constant_acceleration,80.0,0.000651209118077381
constant_acceleration,80.0,0.0006550112088762019
constant_acceleration,80.0,0.0006587310480033384
constant_acceleration,80.0,0.0006699539776428836
constant_acceleration,80.0,0.0006920323200230551
constant_acceleration,80.0,0.0006934362719581026
constant_acceleration,80.0,0.000698106611684536
constant_acceleration,80.0,0.0007055103124103505
constant_acceleration,80.0,0.0007070183781203468
constant_acceleration,80.0,0.000715308765566746
constant_acceleration,80.0,0.0007164675290113586
constant_acceleration,80.0,0.000731536696491657
constant_acceleration,80.0,0.0007385483948541345
constant_acceleration,80.0,0.0007472692323282368
constant_acceleration,80.0,0.0009133189983918966
constant_acceleration,80.0,0.000959256579972936
constant_acceleration,80.0,0.0010254466117418852
constant_acceleration,80.0,0.0010801188417335962
constant_acceleration,80.0,0.0010822553388142454
constant_acceleration,80.0,0.0010823851381552077
constant_acceleration,80.0,0.0011336737914171148
constant_acceleration,80.0,0.0011974702140112384
constant_acceleration,80.0,0.001223463247074495
constant_acceleration,80.0,0.0012283526660810079
constant_acceleration,80.0,0.0012486479423270342
constant_acceleration,80.0,0.0012552059071279746
constant_acceleration,80.0,0.0013011658013060059
constant_acceleration,80.0,0.0013106974180960196
constant_acceleration,80.0,0.0013157543392628868
constant_acceleration,80.0,0.0013191581071010658
constant_acceleration,80.0,0.0013237617207409094
constant_acceleration,80.0,0.001332550181356079
constant_acceleration,80.0,0.0013440936644022379
constant_acceleration,80.0,0.0014068791515432456
constant_acceleration,80.0,0.0014147319624483903
constant_acceleration,80.0,0.0014362200970678678
constant_acceleration,80.0,0.0014628210143605477
constant_acceleration,80.0,0.001484129874059249
constant_acceleration,80.0,0.001493451735379146
constant_acceleration,80.0,0.001523576692451357
constant_acceleration,80.0,0.0015645570927504627
constant_acceleration,80.0,0.0015834019448487358
constant_acceleration,80.0,0.001614114762339459
constant_acceleration,80.0,0.0016420899010580244
constant_acceleration,80.0,0.0017009923753627703
constant_acceleration,80.0,0.0017119515344790686
constant_acceleration,80.0,0.0017448062233781463
constant_acceleration,80.0,0.0020291101627519337
constant_acceleration,80.0,0.002029432457251942
constant_acceleration,80.0,0.002038573117308849
constant_acceleration,80.0,0.0020388295284003767
constant_acceleration,80.0,0.0020591059551143187
constant_acceleration,80.0,0.002078547600088938
constant_acceleration,80.0,0.0021388850253466853
constant_acceleration,80.0,0.002244955249990113
constant_acceleration,80.0,0.0022857793493050805
constant_acceleration,80.0,0.0023363531319642843
constant_acceleration,80.0,0.0023734969261419705
constant_acceleration,80.0,0.0023742564556559834
constant_acceleration,80.0,0.0023743449124776586
constant_acceleration,80.0,0.002404971156645657
constant_acceleration,80.0,0.0024391515542672216
constant_acceleration,80.0,0.0024405379839329416
constant_acceleration,80.0,0.0024438004262143103
constant_acceleration,80.0,0.002666497365182036
constant_acceleration,80.0,0.0027211490489092794
constant_acceleration,80.0,0.0027280294836064074
constant_acceleration,80.0,0.0028783809163867254
constant_acceleration,80.0,0.003019514514152217
constant_acceleration,80.0,0.0030212317505371724
constant_acceleration,80.0,0.0030444899134353617
constant_acceleration,80.0,0.0031537525484079195
constant_acceleration,80.0,0.0032261523859742473
constant_acceleration,80.0,0.003284283461739029
constant_acceleration,80.0,0.003342877027245341
constant_acceleration,80.0,0.0033531205756974288
constant_acceleration,80.0,0.003392258225848894
constant_acceleration,80.0,0.0034202153187478795
constant_acceleration,80.0,0.0034647422988560053
constant_acceleration,80.0,0.0034943321251626083
constant_acceleration,80.0,0.0036911656512328642
constant_acceleration,80.0,0.0038267354581982462
constant_acceleration,80.0,0.0038338474653336592
constant_acceleration,80.0,0.004090450685134539
constant_acceleration,80.0,0.004359751437249577
constant_acceleration,80.0,0.004378377705789298
constant_acceleration,80.0,0.00452728074882839
constant_acceleration,80.0,0.005088460813955049
constant_acceleration,80.0,0.005416792975568752
constant_acceleration,80.0,0.005440519819864552
constant_acceleration,80.0,0.005459475449888287
constant_acceleration,80.0,0.006017400767136484
constant_acceleration,80.0,0.00606258415745179
constant_acceleration,80.0,0.006421262847980276
constant_acceleration,80.0,0.006510456590967948
constant_acceleration,80.0,0.008889294881448271
constant_acceleration,80.0,0.009735141248190337
constant_acceleration,80.0,0.009863101709137357
constant_acceleration,80.0,0.01003261196084031
constant_acceleration,80.0,0.010756763491561008
constant_acceleration,80.0,0.01089499104548677
constant_acceleration,80.0,0.011219980189478618
constant_acceleration,80.0,0.011772570863023742
constant_acceleration,80.0,0.01221153103119773
constant_acceleration,80.0,0.012288805865324008
constant_acceleration,80.0,0.013152788678243555
constant_acceleration,80.0,0.014714052900531937
constant_acceleration,80.0,0.014811139665961022
constant_acceleration,80.0,0.014811199751034522
constant_acceleration,80.0,0.014860497635240394
constant_acceleration,80.0,6.395033054472638e-05
constant_acceleration,80.0,6.395034388523171e-05
constant_acceleration,80.0,6.40230123564639e-05
constant_acceleration,80.0,6.570845895150006e-05
constant_acceleration,80.0,7.155231869893028e-05
constant_acceleration,80.0,7.155870878584652e-05
constant_acceleration,80.0,7.16381180415335e-05
constant_acceleration,80.0,7.380036027366664e-05
constant_acceleration,80.0,7.380332891790612e-05
constant_jerk,0.0,1.0177522549586204e-09
constant_jerk,0.0,1.0239305998829366e-09
constant_jerk,0.0,1.0817290934621647e-09
constant_jerk,0.0,1.095837020096068e-08
constant_jerk,0.0,1.0967598908692963e-09
constant_jerk,0.0,1.1270167056562281e-07
constant_jerk,0.0,1.1393550440565888e-07
constant_jerk,0.0,1.1425504100837453e-09
constant_jerk,0.0,1.1441225756194375e-08
constant_jerk,0.0,1.1833071584439455e-10
constant_jerk,0.0,1.2299281504073833e-07
constant_jerk,0.0,1.2621129586252195e-09
constant_jerk,0.0,1.30361119889184e-09
constant_jerk,0.0,1.3562409768770558e-08
constant_jerk,0.0,1.3593134343320554e-09
constant_jerk,0.0,1.375140341741056e-08
constant_jerk,0.0,1.3784209593521493e-09
constant_jerk,0.0,1.4217235577290565e-07
constant_jerk,0.0,1.4228870075087553e-07
constant_jerk,0.0,1.4252832652487067e-07
constant_jerk,0.0,1.4350919470237371e-08
constant_jerk,0.0,1.4616135997279678e-08
constant_jerk,0.0,1.520536261406482e-07
constant_jerk,0.0,1.5439911313322398e-07
constant_jerk,0.0,1.5717813405619947e-08
constant_jerk,0.0,1.573775931001875e-08
constant_jerk,0.0,1.5888084108908863e-09
constant_jerk,0.0,1.5913797043488448e-10
constant_jerk,0.0,1.5925226550392328e-07
constant_jerk,0.0,1.593268836155504e-08
constant_jerk,0.0,1.6145771454508914e-08
constant_jerk,0.0,1.6349519082551243e-06
constant_jerk,0.0,1.635195142494045e-06
constant_jerk,0.0,1.6536449660809353e-06
constant_jerk,0.0,1.6761094648490023e-08
constant_jerk,0.0,1.6780282697578427e-07
constant_jerk,0.0,1.7201794943410008e-08
constant_jerk,0.0,1.787915078406626e-07
constant_jerk,0.0,1.7889273167111207e-10
constant_jerk,0.0,1.8274405592260748e-09
constant_jerk,0.0,1.8308619576996875e-09
constant_jerk,0.0,1.864629498020989e-11
constant_jerk,0.0,1.8948992567424607e-07
constant_jerk,0.0,1.9086849695046714e-08
constant_jerk,0.0,1.9119846711626082e-07
constant_jerk,0.0,1.9129523592824384e-08
constant_jerk,0.0,1.9228112106065212e-10
constant_jerk,0.0,2.033174410543041e-09
constant_jerk,0.0,2.0554689114412295e-09
constant_jerk,0.0,2.064743492650172e-08
constant_jerk,0.0,2.09747527595933e-06
constant_jerk,0.0,2.108423907001486e-08
constant_jerk,0.0,2.164203184880351e-09
constant_jerk,0.0,2.2189966953881737e-10
constant_jerk,0.0,2.2236008762592476e-09
constant_jerk,0.0,2.358114758083936e-08
constant_jerk,0.0,2.371350798353736e-09
constant_jerk,0.0,2.3859269018465065e-08
constant_jerk,0.0,2.3959485880977728e-09
constant_jerk,0.0,2.431764710542233e-09
constant_jerk,0.0,2.503730761732674e-07
constant_jerk,0.0,2.51105580085035e-07
constant_jerk,0.0,2.6190840758789246e-06
constant_jerk,0.0,2.6333728088952294e-09
constant_jerk,0.0,2.6732738918180028e-09
constant_jerk,0.0,2.7086054283555008e-09
constant_jerk,0.0,2.7602672099350523e-10
constant_jerk,0.0,2.791532285399999e-10
constant_jerk,0.0,2.7968933746607577e-07
constant_jerk,0.0,2.801192845045838e-06
constant_jerk,0.0,2.8087799131964628e-08
constant_jerk,0.0,2.8243119978643234e-08
constant_jerk,0.0,2.852951140867252e-07
constant_jerk,0.0,2.863336674185768e-09
constant_jerk,0.0,2.932892672219634e-09
constant_jerk,0.0,2.9406490692572865e-09
constant_jerk,0.0,2.940758403770599e-08
constant_jerk,0.0,2.943754828893385e-09
constant_jerk,0.0,3.0327494658246604e-08
constant_jerk,0.0,3.0725193116007755e-07
constant_jerk,0.0,3.1946681928125494e-09
constant_jerk,0.0,3.2723767033222936e-09
constant_jerk,0.0,3.3115275814265247e-07
constant_jerk,0.0,3.327635939805118e-10
constant_jerk,0.0,3.337830595219824e-11
constant_jerk,0.0,3.3886089912535337e-09
constant_jerk,0.0,3.4175281763064827e-09
constant_jerk,0.0,3.4701209756710546e-07
constant_jerk,0.0,3.563074437217972e-08
constant_jerk,0.0,3.627000965638073e-07
constant_jerk,0.0,3.6470172870915045e-08
constant_jerk,0.0,3.650451239246509e-08
constant_jerk,0.0,3.7909534245515003e-11
constant_jerk,0.0,3.8217822951459895e-09
constant_jerk,0.0,3.867487633585115e-08
constant_jerk,0.0,3.914308975784057e-07
constant_jerk,0.0,3.9247621317838436e-08
constant_jerk,0.0,3.931336564700217e-07
constant_jerk,0.0,3.9469798332171233e-08
constant_jerk,0.0,3.9566995412715745e-06
constant_jerk,0.0,3.97500970488468e-09
constant_jerk,0.0,4.056945565191979e-08
constant_jerk,0.0,4.068848556348249e-08
constant_jerk,0.0,4.089570697161608e-10
constant_jerk,0.0,4.1297759611889505e-10
constant_jerk,0.0,4.1913099846957753e-07
constant_jerk,0.0,4.199955173323539e-07
constant_jerk,0.0,4.2224290563031555e-07
constant_jerk,0.0,4.284497393326547e-07
constant_jerk,0.0,4.29386981418178e-09
constant_jerk,0.0,4.3312248276017446e-09
constant_jerk,0.0,4.364514290625053e-08
constant_jerk,0.0,4.4028013851733345e-09
constant_jerk,0.0,4.426663963716544e-07
constant_jerk,0.0,4.428685458900462e-09
constant_jerk,0.0,4.440506968999059e-10
constant_jerk,0.0,4.451204969139341e-08
constant_jerk,0.0,4.593154543993035e-08
constant_jerk,0.0,4.713865213362888e-10
constant_jerk,0.0,4.742864598930475e-10
constant_jerk,0.0,4.881389547928425e-09
constant_jerk,0.0,4.905238987643319e-08
constant_jerk,0.0,5.089883343171161e-08
constant_jerk,0.0,5.181018136537387e-08
constant_jerk,0.0,5.218885971455636e-07
constant_jerk,0.0,5.270121365034981e-06
constant_jerk,0.0,5.285942606182267e-07
constant_jerk,0.0,5.295454569152601e-09
constant_jerk,0.0,5.382699020248307e-07
constant_jerk,0.0,5.606664817569368e-10
constant_jerk,0.0,5.631892642315382e-07
constant_jerk,0.0,5.646385069578054e-07
constant_jerk,0.0,5.7520980198186295e-06
constant_jerk,0.0,5.793209787792917e-10
constant_jerk,0.0,5.923698846213621e-07
constant_jerk,0.0,5.933277755643713e-10
constant_jerk,0.0,5.93792532956161e-07
constant_jerk,0.0,6.01182878781979e-08
constant_jerk,0.0,6.018913453266368e-08
constant_jerk,0.0,6.197549739190096e-08
constant_jerk,0.0,6.30010091175982e-09
constant_jerk,0.0,6.452808132621019e-08
constant_jerk,0.0,6.516369466572714e-11
constant_jerk,0.0,6.64914357482107e-09
constant_jerk,0.0,6.8040735198109e-08
constant_jerk,0.0,6.867611384389873e-08
constant_jerk,0.0,6.891862237355542e-07
constant_jerk,0.0,6.89927781207774e-11
constant_jerk,0.0,7.126253643345342e-10
constant_jerk,0.0,7.255499325611208e-07
constant_jerk,0.0,7.366641780948656e-07
constant_jerk,0.0,7.494072330368782e-07
constant_jerk,0.0,7.544559334868421e-10
constant_jerk,0.0,7.582914132740903e-06
constant_jerk,0.0,7.605291084486679e-09
constant_jerk,0.0,7.682703129897302e-10
constant_jerk,0.0,7.706976894160165e-10
constant_jerk,0.0,7.877065877131753e-09
constant_jerk,0.0,7.901433915185977e-12
constant_jerk,0.0,7.910354513887048e-10
constant_jerk,0.0,8.105501986852512e-09
constant_jerk,0.0,8.271562215064951e-09
constant_jerk,0.0,8.272125958548871e-08
constant_jerk,0.0,8.577462293932698e-06
constant_jerk,0.0,8.638279707666116e-10
constant_jerk,0.0,8.685818760466535e-09
constant_jerk,0.0,8.714423847105756e-10
constant_jerk,0.0,8.755972300594778e-10
constant_jerk,0.0,8.808590432241751e-09
constant_jerk,0.0,8.81416445699694e-10
constant_jerk,0.0,8.850964996169549e-07
constant_jerk,0.0,9.239126509102181e-11
constant_jerk,0.0,9.252201530202381e-10
constant_jerk,0.0,9.302193556874951e-10
constant_jerk,0.0,9.429577682658839e-08
constant_jerk,0.0,9.676730009760904e-07
constant_jerk,0.0,9.820579924481435e-09
constant_jerk,0.0,9.82098218463204e-09
constant_jerk,0.0,9.888265896169751e-10
constant_jerk,0.0,9.989195857502405e-07
constant_jerk,10.0,0.00010523761260365366
constant_jerk,10.0,0.00011778717677540539
constant_jerk,10.0,0.00011780996324063008
constant_jerk,10.0,0.00011790741134791896
constant_jerk,10.0,0.00016284213452404507
constant_jerk,10.0,0.00016567071539626117
constant_jerk,10.0,0.0001676012735051091
constant_jerk,10.0,0.00017487966327588893
constant_jerk,10.0,0.0001883383258614939
constant_jerk,10.0,0.00019499182390243962
constant_jerk,10.0,0.00020651527724141347
constant_jerk,10.0,0.0002080086145201267
constant_jerk,10.0,0.00021305356633844708
constant_jerk,10.0,0.00022037213444305346
constant_jerk,10.0,0.00022053724071584142
constant_jerk,10.0,0.00022482995339152083
constant_jerk,10.0,0.00024460305224787413
constant_jerk,10.0,0.00024460437070979407
constant_jerk,10.0,0.00024461967113950325
constant_jerk,10.0,0.00025570720629102553
constant_jerk,10.0,0.00025577287083539477
constant_jerk,10.0,0.0002559382541156386
constant_jerk,10.0,0.00026315528667867873
constant_jerk,10.0,0.0002660604787961338
constant_jerk,10.0,0.0002779388175069191
constant_jerk,10.0,0.0002832265743245546
constant_jerk,10.0,0.00038755726887503944
constant_jerk,10.0,0.0003876506597731929
constant_jerk,10.0,0.0003883183563070425
constant_jerk,10.0,0.00039081949152649907
constant_jerk,10.0,0.0003908525778939861
constant_jerk,10.0,0.00039103462431170277
constant_jerk,10.0,0.0018887206451078482
constant_jerk,10.0,0.0018887208255272995
constant_jerk,10.0,0.0018890618313925907
constant_jerk,10.0,1.022704204725228e-05
constant_jerk,10.0,1.0273828628926865e-06
constant_jerk,10.0,1.0585419800821182e-05
constant_jerk,10.0,1.0831104820901365e-07
constant_jerk,10.0,1.0890512102367121e-05
constant_jerk,10.0,1.100357621069782e-05
constant_jerk,10.0,1.171058569366902e-07
constant_jerk,10.0,1.2184706179580733e-06
constant_jerk,10.0,1.2200939317282106e-06
constant_jerk,10.0,1.2259380385909158e-05
constant_jerk,10.0,1.2488585007425904e-07
constant_jerk,10.0,1.254786541131536e-06
constant_jerk,10.0,1.292494696215223e-05
constant_jerk,10.0,1.3066263190706425e-05
constant_jerk,10.0,1.3323072136312685e-05
constant_jerk,10.0,1.3391505226854921e-05
constant_jerk,10.0,1.362638430304228e-06
constant_jerk,10.0,1.367500903633762e-07
constant_jerk,10.0,1.3718473221214926e-05
constant_jerk,10.0,1.4162024991279585e-06
constant_jerk,10.0,1.4806811063830369e-05
constant_jerk,10.0,1.512904860815309e-06
constant_jerk,10.0,1.539638747346614e-05
constant_jerk,10.0,1.543269374372894e-05
constant_jerk,10.0,1.5432694787406286e-05
constant_jerk,10.0,1.543384722532503e-05
constant_jerk,10.0,1.5677663199082874e-06
constant_jerk,10.0,1.5993589197862697e-05
constant_jerk,10.0,1.626749700122835e-05
constant_jerk,10.0,1.6419404846298128e-05
constant_jerk,10.0,1.7041647364664202e-05
constant_jerk,10.0,1.7400162805022863e-05
constant_jerk,10.0,1.8074301924337856e-06
constant_jerk,10.0,1.8364991909356496e-05
constant_jerk,10.0,1.864868795419204e-05
constant_jerk,10.0,1.8765017551124994e-06
constant_jerk,10.0,1.8823964129417065e-06
constant_jerk,10.0,1.9510107549329717e-05
constant_jerk,10.0,1.9680104702864222e-05
constant_jerk,10.0,1.975807142192748e-05
constant_jerk,10.0,2.142735634050669e-06
constant_jerk,10.0,2.154373036249526e-06
constant_jerk,10.0,2.3131440944041794e-05
constant_jerk,10.0,2.504649324584329e-05
constant_jerk,10.0,2.511827811879191e-05
constant_jerk,10.0,2.560250528831857e-06
constant_jerk,10.0,2.624655749558907e-06
constant_jerk,10.0,2.662983980982766e-05
constant_jerk,10.0,2.683960314045163e-06
constant_jerk,10.0,2.819831230872755e-05
constant_jerk,10.0,2.9317245505289e-07
constant_jerk,10.0,2.96736421037007e-06
constant_jerk,10.0,2.97659620796912e-07
constant_jerk,10.0,3.0507081479089068e-05
constant_jerk,10.0,3.077832493338721e-07
constant_jerk,10.0,3.0832341499685476e-05
constant_jerk,10.0,3.086404455387628e-06
constant_jerk,10.0,3.0895148314949526e-06
constant_jerk,10.0,3.0976083076095164e-06
constant_jerk,10.0,3.209717275105543e-07
constant_jerk,10.0,3.2396173928623798e-06
constant_jerk,10.0,3.2807012205364275e-05
constant_jerk,10.0,3.28085397282752e-05
constant_jerk,10.0,3.2833766030283675e-05
constant_jerk,10.0,3.381066821332618e-07
constant_jerk,10.0,3.4010684660159015e-06
constant_jerk,10.0,3.4330415838871343e-07
constant_jerk,10.0,3.4636765507432835e-06
constant_jerk,10.0,3.4980366380192534e-07
constant_jerk,10.0,3.5008534319697904e-06
constant_jerk,10.0,3.657157757711354e-05
constant_jerk,10.0,3.660003614403346e-06
constant_jerk,10.0,3.860138829933845e-06
constant_jerk,10.0,3.9261739505001284e-06
constant_jerk,10.0,3.937838276309737e-05
constant_jerk,10.0,3.958619086559801e-06
constant_jerk,10.0,3.959234007635849e-06
constant_jerk,10.0,3.978141914458799e-06
constant_jerk,10.0,3.9811705741902176e-05
constant_jerk,10.0,4.0188389992560615e-06
constant_jerk,10.0,4.027316483164531e-05
constant_jerk,10.0,4.027478028048707e-05
constant_jerk,10.0,4.028473268505035e-05
constant_jerk,10.0,4.2267052143863234e-06
constant_jerk,10.0,4.2472925360498196e-07
constant_jerk,10.0,4.508252178453658e-07
constant_jerk,10.0,4.5956668851386404e-05
constant_jerk,10.0,4.601761974543636e-05
constant_jerk,10.0,4.652411079922599e-06
constant_jerk,10.0,4.8137303899518204e-06
constant_jerk,10.0,4.871664461196634e-06
constant_jerk,10.0,5.0187287955038014e-05
constant_jerk,10.0,5.019108578976066e-06
constant_jerk,10.0,5.023875720584497e-06
constant_jerk,10.0,5.071121699363142e-07
constant_jerk,10.0,5.156154705244713e-05
constant_jerk,10.0,5.2982582970121756e-05
constant_jerk,10.0,5.300731714711423e-05
constant_jerk,10.0,5.307868333988097e-05
constant_jerk,10.0,5.326217373554061e-05
constant_jerk,10.0,5.4684887962364355e-06
constant_jerk,10.0,5.572866722417724e-07
constant_jerk,10.0,5.926163142466047e-06
constant_jerk,10.0,6.265374553263777e-06
constant_jerk,10.0,6.315216318989608e-06
constant_jerk,10.0,6.426082806044104e-06
constant_jerk,10.0,6.538474844224461e-06
constant_jerk,10.0,6.571378442203561e-05
constant_jerk,10.0,6.688022462957401e-06
constant_jerk,10.0,6.712061537462915e-06
constant_jerk,10.0,6.92727440865819e-05
constant_jerk,10.0,6.938337503960188e-05
constant_jerk,10.0,6.980108915438586e-06
constant_jerk,10.0,7.010887477772804e-05
constant_jerk,10.0,7.169194499190698e-05
constant_jerk,10.0,7.548837271089375e-06
constant_jerk,10.0,7.783649892947348e-07
constant_jerk,10.0,7.819214374197995e-07
constant_jerk,10.0,7.93240657672035e-06
constant_jerk,10.0,7.932406941701338e-06
constant_jerk,10.0,7.932982725695768e-06
constant_jerk,10.0,8.316262100866763e-06
constant_jerk,10.0,8.350330556977232e-05
constant_jerk,10.0,8.35694351780389e-05
constant_jerk,10.0,8.406507958920701e-05
constant_jerk,10.0,8.52409692273093e-06
constant_jerk,10.0,8.536952393368018e-05
constant_jerk,10.0,8.613183873430856e-07
constant_jerk,10.0,8.877927781146942e-06
constant_jerk,10.0,8.877951406585858e-06
constant_jerk,10.0,8.878703735523887e-06
constant_jerk,10.0,9.111549558419195e-05
constant_jerk,10.0,9.135065829238395e-07
constant_jerk,10.0,9.154113748801253e-05
constant_jerk,10.0,9.210114637198253e-05
constant_jerk,10.0,9.236460710356457e-06
constant_jerk,10.0,9.316312112427502e-06
constant_jerk,10.0,9.324188134488256e-06
constant_jerk,10.0,9.369716101367712e-05
constant_jerk,10.0,9.411081132755357e-06
constant_jerk,10.0,9.702726520025276e-08
constant_jerk,10.0,9.832569705620312e-06
constant_jerk,10.0,9.951259666587582e-05
constant_jerk,10.0,9.954370270956116e-05
constant_jerk,10.0,9.968399087060756e-05
constant_jerk,100.0,0.00011567572421973908
constant_jerk,100.0,0.00012166365937201801
constant_jerk,100.0,0.00012207135185517826
constant_jerk,100.0,0.0001357806058543921
constant_jerk,100.0,0.00014927880896756284
constant_jerk,100.0,0.0001552289054404081
constant_jerk,100.0,0.00015523193580806315
constant_jerk,100.0,0.00015635204557377564
constant_jerk,100.0,0.00017869422373753882
constant_jerk,100.0,0.00019670370243473194
constant_jerk,100.0,0.0002021977143205918
constant_jerk,100.0,0.00021725098866067876
constant_jerk,100.0,0.00024615073978798374
constant_jerk,100.0,0.00025977514376373926
constant_jerk,100.0,0.0002879075851028943
constant_jerk,100.0,0.00032400613409751396
constant_jerk,100.0,0.00034351995273762
constant_jerk,100.0,0.00035308107976888067
constant_jerk,100.0,0.00037866290011214106
constant_jerk,100.0,0.00038002402946409514
constant_jerk,100.0,0.0003832182087823362
constant_jerk,100.0,0.00039769931742847343
constant_jerk,100.0,0.0004250546228293021
constant_jerk,100.0,0.0004363694100946687
constant_jerk,100.0,0.0004394277518525147
constant_jerk,100.0,0.00045345898044291756
constant_jerk,100.0,0.0004972890327058401
constant_jerk,100.0,0.0005120809211583419
constant_jerk,100.0,0.000519725441347765
constant_jerk,100.0,0.0005241811076266042
constant_jerk,100.0,0.0005375028654089703
constant_jerk,100.0,0.0005452198470134562
constant_jerk,100.0,0.0005673125303931081
constant_jerk,100.0,0.0005871929834185413
constant_jerk,100.0,0.0005976445391763269
constant_jerk,100.0,0.0006502594356306611
constant_jerk,100.0,0.0006567167767816673
constant_jerk,100.0,0.0006693144213382575
constant_jerk,100.0,0.000685055919039419
constant_jerk,100.0,0.0006905807107029245
constant_jerk,100.0,0.0006906291508965613
constant_jerk,100.0,0.0007162336945894482
constant_jerk,100.0,0.0007515655148073164
constant_jerk,100.0,0.0007715622885001246
constant_jerk,100.0,0.0007776891540105349
constant_jerk,100.0,0.0007939589057747958
constant_jerk,100.0,0.0008424980014355368
constant_jerk,100.0,0.0008753081998085915
constant_jerk,100.0,0.0008967767918232419
constant_jerk,100.0,0.0009126958669457987
constant_jerk,100.0,0.0009312830805447395
constant_jerk,100.0,0.0009569134823565606
constant_jerk,100.0,0.0009676910692224639
constant_jerk,100.0,0.0009746826414565725
constant_jerk,100.0,0.0009813801085160126
constant_jerk,100.0,0.0010482474996765057
constant_jerk,100.0,0.0011040654660607455
constant_jerk,100.0,0.001112494828080158
constant_jerk,100.0,0.0011302227520133346
constant_jerk,100.0,0.0011322752761944574
constant_jerk,100.0,0.0011324732778617086
constant_jerk,100.0,0.0011384653382520774
constant_jerk,100.0,0.0011770126965411686
constant_jerk,100.0,0.0011887278255372441
constant_jerk,100.0,0.0011928265617513682
constant_jerk,100.0,0.001223997756318459
constant_jerk,100.0,0.0012322690492906825
constant_jerk,100.0,0.0012820534108997394
constant_jerk,100.0,0.0012865282948251399
constant_jerk,100.0,0.001323886831729564
constant_jerk,100.0,0.0013385090525606753
constant_jerk,100.0,0.0013635345419382313
constant_jerk,100.0,0.0013901495204945292
constant_jerk,100.0,0.001462273249299265
constant_jerk,100.0,0.001492870592796136
constant_jerk,100.0,0.001502596945527463
constant_jerk,100.0,0.0015278940646711973
constant_jerk,100.0,0.0015848567156755942
constant_jerk,100.0,0.0016361940037857416
constant_jerk,100.0,0.00165558236403213
constant_jerk,100.0,0.0016816197178160454
constant_jerk,100.0,0.001689097399443937
constant_jerk,100.0,0.0017621487965968382
constant_jerk,100.0,0.0017948952631709498
constant_jerk,100.0,0.0018283909998480525
constant_jerk,100.0,0.0019064883644470828
constant_jerk,100.0,0.001927679399086479
constant_jerk,100.0,0.0019298432683265351
constant_jerk,100.0,0.00198201249853058
constant_jerk,100.0,0.0020846174383931017
constant_jerk,100.0,0.00208603625957268
constant_jerk,100.0,0.002094156594770491
constant_jerk,100.0,0.0021048869556830195
constant_jerk,100.0,0.0021318658056287245
constant_jerk,100.0,0.0023975246225753253
constant_jerk,100.0,0.0024088515313430234
constant_jerk,100.0,0.0024854210985802917
constant_jerk,100.0,0.0024892522806565565
constant_jerk,100.0,0.0025197672764640535
constant_jerk,100.0,0.0025462965265909605
constant_jerk,100.0,0.0025835152129512597
constant_jerk,100.0,0.0025999756338400165
constant_jerk,100.0,0.00263975901375123
constant_jerk,100.0,0.0026959713190377477
constant_jerk,100.0,0.0027404445842759326
constant_jerk,100.0,0.002741218700284712
constant_jerk,100.0,0.002743498260858188
constant_jerk,100.0,0.0027919011729219795
constant_jerk,100.0,0.0027959812007420344
constant_jerk,100.0,0.003210292254727837
constant_jerk,100.0,0.0032774665708470213
constant_jerk,100.0,0.0033549767069179772
constant_jerk,100.0,0.0033691153932902517
constant_jerk,100.0,0.003376635551306542
constant_jerk,100.0,0.0035097142488571672
constant_jerk,100.0,0.0035233771574182124
constant_jerk,100.0,0.0035462393314899905
constant_jerk,100.0,0.003550898711350731
constant_jerk,100.0,0.003565437312959852
constant_jerk,100.0,0.0036008024655987863
constant_jerk,100.0,0.00360373053399295
constant_jerk,100.0,0.0038034866449447725
constant_jerk,100.0,0.003824288544408806
constant_jerk,100.0,0.003938503884107872
constant_jerk,100.0,0.003958179501548891
constant_jerk,100.0,0.004031671908163685
constant_jerk,100.0,0.004166063867410003
constant_jerk,100.0,0.004244814101228883
constant_jerk,100.0,0.004350974710956546
constant_jerk,100.0,0.004567574400501275
constant_jerk,100.0,0.004600124546840359
constant_jerk,100.0,0.004945725830384055
constant_jerk,100.0,0.00524362939519011
constant_jerk,100.0,0.005347989345112664
constant_jerk,100.0,0.00539693835359689
constant_jerk,100.0,0.005532078581238554
constant_jerk,100.0,0.005576477965550179
constant_jerk,100.0,0.005983764419082642
constant_jerk,100.0,0.0066380476266537
constant_jerk,100.0,0.006769410639272639
constant_jerk,100.0,0.007518196545799266
constant_jerk,100.0,0.008176850519494998
constant_jerk,100.0,0.009367949211497579
constant_jerk,100.0,0.009488112075854573
constant_jerk,100.0,0.00954865215139441
constant_jerk,100.0,0.00973965591269259
constant_jerk,100.0,0.009970355971545865
constant_jerk,100.0,0.012105896295863078
constant_jerk,100.0,0.01265678683199959
constant_jerk,100.0,0.015188693147289425
constant_jerk,100.0,0.01673868416790452
constant_jerk,100.0,0.01773785020631767
constant_jerk,100.0,0.018094457475658455
constant_jerk,100.0,0.018313812532988426
constant_jerk,100.0,0.018314369020484493
constant_jerk,100.0,0.018535148610473832
constant_jerk,100.0,0.019751140529062478
constant_jerk,100.0,0.020331798407865066
constant_jerk,100.0,0.0227412250933609
constant_jerk,100.0,0.023838296628946862
constant_jerk,100.0,0.02520819154157242
constant_jerk,100.0,0.027336355877397838
constant_jerk,100.0,0.029455033419746524
constant_jerk,100.0,0.03404474051537586
constant_jerk,100.0,2.4841974182672937e-05
constant_jerk,100.0,2.612847523660649e-05
constant_jerk,100.0,5.1736992745746144e-05
constant_jerk,100.0,5.580065210820158e-05
constant_jerk,100.0,6.079488808356491e-05
constant_jerk,100.0,6.810812603070807e-05
constant_jerk,100.0,7.388290770712471e-05
constant_jerk,100.0,7.611840475548215e-05
constant_jerk,100.0,7.982714342416627e-05
constant_jerk,100.0,7.982820906595889e-05
constant_jerk,100.0,8.028780161138218e-05
constant_jerk,100.0,8.032146467426142e-05
constant_jerk,100.0,8.170900265654206e-05
constant_jerk,100.0,8.923358078325115e-05
constant_jerk,100.0,8.928855925156052e-05
constant_jerk,100.0,8.994158846323377e-05
constant_jerk,150.0,0.00011978293806604192
constant_jerk,150.0,0.00011979090445526898
constant_jerk,150.0,0.000122418729956131
constant_jerk,150.0,0.00013438948743126037
constant_jerk,150.0,0.00013472122779014832
constant_jerk,150.0,0.00013776730957066103
constant_jerk,150.0,0.0002074972780231506
constant_jerk,150.0,0.0002238224906958853
constant_jerk,150.0,0.00023277624267659987
constant_jerk,150.0,0.00023279881647033168
constant_jerk,150.0,0.00023895632741428464
constant_jerk,150.0,0.00024373451468992244
constant_jerk,150.0,0.0002512062616365586
constant_jerk,150.0,0.00025372692186940765
constant_jerk,150.0,0.0002695478967220939
constant_jerk,150.0,0.0002746202592836478
constant_jerk,150.0,0.00029858257706588817
constant_jerk,150.0,0.0003779547124094934
constant_jerk,150.0,0.0003783380999139517
constant_jerk,150.0,0.0003993548315543615
constant_jerk,150.0,0.000495138064980399
constant_jerk,150.0,0.0005429122257792419
constant_jerk,150.0,0.0005443681272259441
constant_jerk,150.0,0.0005977706112960047
constant_jerk,150.0,0.0006655297186434841
constant_jerk,150.0,0.0006675945099127647
constant_jerk,150.0,0.0006685816190170168
constant_jerk,150.0,0.000716927587805552
constant_jerk,150.0,0.0007312906727188983
constant_jerk,150.0,0.0007515504942078705
constant_jerk,150.0,0.0007901339311819537
constant_jerk,150.0,0.0007946818051082002
constant_jerk,150.0,0.0008379058620748654
constant_jerk,150.0,0.0008873307660721275
constant_jerk,150.0,0.0009710045970961875
constant_jerk,150.0,0.0009872356115952052
constant_jerk,150.0,0.0009894125602711472
constant_jerk,150.0,0.0012071166584319416
constant_jerk,150.0,0.0012095738973896572
constant_jerk,150.0,0.0013439098765787548
constant_jerk,150.0,0.0013938214943124843
constant_jerk,150.0,0.0014281409423075406
constant_jerk,150.0,0.0015376729038001264
constant_jerk,150.0,0.0015659015066487867
constant_jerk,150.0,0.0016693409406707187
constant_jerk,150.0,0.0017351185424466069
constant_jerk,150.0,0.0017358625855973312
constant_jerk,150.0,0.0018072645211337664
constant_jerk,150.0,0.0019135902642284156
constant_jerk,150.0,0.002014850614484423
constant_jerk,150.0,0.0020190574455988446
constant_jerk,150.0,0.002025663077114945
constant_jerk,150.0,0.002030442743050114
constant_jerk,150.0,0.002042298205794275
constant_jerk,150.0,0.0020718275809415206
constant_jerk,150.0,0.0020819551169601025
constant_jerk,150.0,0.002201348482841152
constant_jerk,150.0,0.002247201355110596
constant_jerk,150.0,0.002297171775629808
constant_jerk,150.0,0.002316061660000179
constant_jerk,150.0,0.0024409117319804316
constant_jerk,150.0,0.002446330574373805
constant_jerk,150.0,0.002458330077753062
constant_jerk,150.0,0.002479014474560428
constant_jerk,150.0,0.002584331387889133
constant_jerk,150.0,0.002593193317471221
constant_jerk,150.0,0.002694806846968492
constant_jerk,150.0,0.0027110708713525586
constant_jerk,150.0,0.0027710404230609667
constant_jerk,150.0,0.0028287585516078564
constant_jerk,150.0,0.00291783057330721
constant_jerk,150.0,0.0030505010047707877
constant_jerk,150.0,0.003123660901492738
constant_jerk,150.0,0.0033704974021928837
constant_jerk,150.0,0.0034151667161881876
constant_jerk,150.0,0.0034207557003018804
constant_jerk,150.0,0.0034291465075062177
constant_jerk,150.0,0.0034643540465116858
constant_jerk,150.0,0.003573758206507883
constant_jerk,150.0,0.003608014324491427
constant_jerk,150.0,0.0036425831538296934
constant_jerk,150.0,0.0036747596984760987
constant_jerk,150.0,0.0037427673867525017
constant_jerk,150.0,0.0037708468377553083
constant_jerk,150.0,0.0037862185109712432
constant_jerk,150.0,0.004034836589845928
constant_jerk,150.0,0.004412448093958471
constant_jerk,150.0,0.004413055307176797
constant_jerk,150.0,0.004442384545112713
constant_jerk,150.0,0.004479417828101816
constant_jerk,150.0,0.004640851270481349
constant_jerk,150.0,0.004814371500600008
constant_jerk,150.0,0.0048405051987742195
constant_jerk,150.0,0.004857807267607507
constant_jerk,150.0,0.004964464528332375
constant_jerk,150.0,0.005077850375422061
constant_jerk,150.0,0.005121823108304113
constant_jerk,150.0,0.00515205501859108
constant_jerk,150.0,0.005393461510066218
constant_jerk,150.0,0.005531177645354193
constant_jerk,150.0,0.00557054632498222
constant_jerk,150.0,0.005696152020225719
constant_jerk,150.0,0.00571272294032017
constant_jerk,150.0,0.005806713376247244
constant_jerk,150.0,0.006011363310112338
constant_jerk,150.0,0.0062173063607617336
constant_jerk,150.0,0.006474013381776759
constant_jerk,150.0,0.006767500099436327
constant_jerk,150.0,0.006775975384802346
constant_jerk,150.0,0.0070557861925771535
constant_jerk,150.0,0.007056249674085959
constant_jerk,150.0,0.0072033147664965986
constant_jerk,150.0,0.007223326539921519
constant_jerk,150.0,0.007324848677464984
constant_jerk,150.0,0.007358788421614081
constant_jerk,150.0,0.007364016409942493
constant_jerk,150.0,0.007561861726312375
constant_jerk,150.0,0.008001572461582996
constant_jerk,150.0,0.008012610184940035
constant_jerk,150.0,0.008027821192312413
constant_jerk,150.0,0.008139796435361024
constant_jerk,150.0,0.008223757932277382
constant_jerk,150.0,0.00847868923940786
constant_jerk,150.0,0.00931119800960873
constant_jerk,150.0,0.009389057577128816
constant_jerk,150.0,0.00947508331220888
constant_jerk,150.0,0.00954361892629736
constant_jerk,150.0,0.009664278379515607
constant_jerk,150.0,0.009977125326985295
constant_jerk,150.0,0.010174031851826906
constant_jerk,150.0,0.010181535066125262
constant_jerk,150.0,0.010374347326831292
constant_jerk,150.0,0.010533012014523675
constant_jerk,150.0,0.010645177940791024
constant_jerk,150.0,0.010915508971045295
constant_jerk,150.0,0.011624542622243135
constant_jerk,150.0,0.011646832958208201
constant_jerk,150.0,0.01203977805422046
constant_jerk,150.0,0.012214193733898496
constant_jerk,150.0,0.012531175855304987
constant_jerk,150.0,0.012717606113364187
constant_jerk,150.0,0.012759948958449542
constant_jerk,150.0,0.012941776824208563
constant_jerk,150.0,0.013186241607966685
constant_jerk,150.0,0.013233873498011464
constant_jerk,150.0,0.013785141411553176
constant_jerk,150.0,0.015053864459564985
constant_jerk,150.0,0.01532361179871394
constant_jerk,150.0,0.016704814999437698
constant_jerk,150.0,0.016830877352988306
constant_jerk,150.0,0.01708051510865151
constant_jerk,150.0,0.018165823058551477
constant_jerk,150.0,0.018895454555006658
constant_jerk,150.0,0.020900969791530232
constant_jerk,150.0,0.0232245076218474
constant_jerk,150.0,0.025017503640993314
constant_jerk,150.0,0.025359195166097012
constant_jerk,150.0,0.02691857343467996
constant_jerk,150.0,0.026922860095226434
constant_jerk,150.0,0.027740561765775166
constant_jerk,150.0,0.028011307601916214
constant_jerk,150.0,0.03304350471587286
constant_jerk,150.0,0.03337197374041519
constant_jerk,150.0,0.03499010850351053
constant_jerk,150.0,0.0390805436024673
constant_jerk,150.0,0.03916877505180179
constant_jerk,150.0,0.04106709370199839
constant_jerk,150.0,0.041807883433735905
constant_jerk,150.0,0.047576303128093286
constant_jerk,150.0,0.05062696102498372
constant_jerk,150.0,0.06113427820232027
constant_jerk,150.0,0.06953714691968191
constant_jerk,150.0,0.07084584946028373
constant_jerk,150.0,0.07756097226007089
constant_jerk,150.0,0.08120158307611186
constant_jerk,150.0,0.08792485346919617
constant_jerk,150.0,0.09033031630354488
constant_jerk,150.0,0.10288187532877624
constant_jerk,150.0,8.100881892548615e-05
constant_jerk,150.0,8.532984885638386e-05
constant_jerk,20.0,0.00010383426197797753
constant_jerk,20.0,0.0001061921370610498
constant_jerk,20.0,0.00010641940175909404
constant_jerk,20.0,0.00010764790290027026
constant_jerk,20.0,0.00011074598656064356
constant_jerk,20.0,0.0001130002488357361
constant_jerk,20.0,0.00012965743868875542
constant_jerk,20.0,0.0001306375402283257
constant_jerk,20.0,0.0001345020921618953
constant_jerk,20.0,0.0001388098219715854
constant_jerk,20.0,0.0001397486452950705
constant_jerk,20.0,0.00014299669424472917
constant_jerk,20.0,0.0001594465016870477
constant_jerk,20.0,0.00017604113217505312
constant_jerk,20.0,0.00018120383393013497
constant_jerk,20.0,0.00018165494724256486
constant_jerk,20.0,0.00018553691241111203
constant_jerk,20.0,0.00018561052659467485
constant_jerk,20.0,0.00019122316349911282
constant_jerk,20.0,0.0001969400141549647
constant_jerk,20.0,0.00019972279574223667
constant_jerk,20.0,0.00019989261595814833
constant_jerk,20.0,0.00020139155896641011
constant_jerk,20.0,0.0002272100608719828
constant_jerk,20.0,0.0002359949599048176
constant_jerk,20.0,0.0002361216852779246
constant_jerk,20.0,0.00023716557490260375
constant_jerk,20.0,0.0002551641848596268
constant_jerk,20.0,0.00027972613488040003
constant_jerk,20.0,0.0003159734941233803
constant_jerk,20.0,0.0003654579811328987
constant_jerk,20.0,0.0003838224939265284
constant_jerk,20.0,0.0003977336143896831
constant_jerk,20.0,0.0004094178405808794
constant_jerk,20.0,0.00044364711714113157
constant_jerk,20.0,0.0004563733180211674
constant_jerk,20.0,0.0004585102404340475
constant_jerk,20.0,0.00047601134128625515
constant_jerk,20.0,0.0004909870958367934
constant_jerk,20.0,0.0004909944216436919
constant_jerk,20.0,0.0004911429695668035
constant_jerk,20.0,0.000500367834601796
constant_jerk,20.0,0.0005246768722603758
constant_jerk,20.0,0.0005250322922018694
constant_jerk,20.0,0.0005274749996321871
constant_jerk,20.0,0.0005413592696035205
constant_jerk,20.0,0.0005482458566720542
constant_jerk,20.0,0.0005595965698948261
constant_jerk,20.0,0.0005845911556163436
constant_jerk,20.0,0.0006127559925561899
constant_jerk,20.0,0.0006780924229806106
constant_jerk,20.0,0.0007458577826325783
constant_jerk,20.0,0.0007564828649188357
constant_jerk,20.0,0.0007570135457588261
constant_jerk,20.0,0.0007626333877014138
constant_jerk,20.0,0.0007833766005207872
constant_jerk,20.0,0.0007835598286120426
constant_jerk,20.0,0.0007854340380907123
constant_jerk,20.0,0.0037661449400003193
constant_jerk,20.0,0.003766145948964059
constant_jerk,20.0,0.0037677855346432056
constant_jerk,20.0,1.0364077703801198e-06
constant_jerk,20.0,1.0661881318633823e-05
constant_jerk,20.0,1.071983063762258e-05
constant_jerk,20.0,1.1191147615204925e-06
constant_jerk,20.0,1.1222226726334974e-05
constant_jerk,20.0,1.1289810508620156e-05
constant_jerk,20.0,1.1388273291639012e-05
constant_jerk,20.0,1.1856973234587592e-05
constant_jerk,20.0,1.1981118417846721e-06
constant_jerk,20.0,1.2008014236437424e-05
constant_jerk,20.0,1.2189576719050733e-06
constant_jerk,20.0,1.2570455900694327e-05
constant_jerk,20.0,1.2678715791172716e-05
constant_jerk,20.0,1.2985671762822689e-05
constant_jerk,20.0,1.3256548453606654e-06
constant_jerk,20.0,1.3372862175929927e-06
constant_jerk,20.0,1.4491247474821142e-05
constant_jerk,20.0,1.4566156261995653e-06
constant_jerk,20.0,1.5333783927506084e-05
constant_jerk,20.0,1.563776873314799e-05
constant_jerk,20.0,1.5881953909875348e-05
constant_jerk,20.0,1.5881955938751526e-05
constant_jerk,20.0,1.5884819863270897e-05
constant_jerk,20.0,1.6090306781913932e-05
constant_jerk,20.0,1.7464026954325274e-05
constant_jerk,20.0,1.755951117650325e-05
constant_jerk,20.0,1.7669929083996e-05
constant_jerk,20.0,1.7748437346790067e-05
constant_jerk,20.0,1.7773064057231152e-05
constant_jerk,20.0,1.7773193291184332e-05
constant_jerk,20.0,1.777700462093286e-05
constant_jerk,20.0,1.8417823501138916e-06
constant_jerk,20.0,1.8835514374050084e-06
constant_jerk,20.0,1.884546271928782e-05
constant_jerk,20.0,1.895185315839423e-05
constant_jerk,20.0,1.9837137449158432e-05
constant_jerk,20.0,1.9974293615150988e-06
constant_jerk,20.0,2.0159563758913302e-05
constant_jerk,20.0,2.0444808105458492e-05
constant_jerk,20.0,2.0602464399621657e-05
constant_jerk,20.0,2.13144090819263e-05
constant_jerk,20.0,2.252283297880463e-05
constant_jerk,20.0,2.3183138374960732e-05
constant_jerk,20.0,2.4006941120504285e-06
constant_jerk,20.0,2.5917667839070662e-05
constant_jerk,20.0,2.6158813249253048e-05
constant_jerk,20.0,2.6503159197940177e-05
constant_jerk,20.0,2.650800530518861e-05
constant_jerk,20.0,2.669497039642047e-05
constant_jerk,20.0,2.6892634039145855e-05
constant_jerk,20.0,2.7220232475507684e-06
constant_jerk,20.0,2.735768997116378e-05
constant_jerk,20.0,2.7585723726185156e-05
constant_jerk,20.0,2.8414279536908855e-05
constant_jerk,20.0,2.8626126646230785e-05
constant_jerk,20.0,2.99885204775831e-06
constant_jerk,20.0,3.0188351492005464e-05
constant_jerk,20.0,3.08985559859334e-05
constant_jerk,20.0,3.089856178431983e-05
constant_jerk,20.0,3.090437940889373e-05
constant_jerk,20.0,3.1809713203131166e-06
constant_jerk,20.0,3.229853946808024e-05
constant_jerk,20.0,3.524035269141595e-05
constant_jerk,20.0,3.55452138272118e-05
constant_jerk,20.0,3.556222243002809e-06
constant_jerk,20.0,3.6371821740702354e-05
constant_jerk,20.0,3.7109218002409446e-05
constant_jerk,20.0,3.784356424880771e-05
constant_jerk,20.0,3.794194488221441e-05
constant_jerk,20.0,3.9636902022179403e-07
constant_jerk,20.0,4.120193336127195e-05
constant_jerk,20.0,4.124902935115821e-05
constant_jerk,20.0,4.2043587470223825e-05
constant_jerk,20.0,4.254101678412356e-05
constant_jerk,20.0,4.275470328861824e-07
constant_jerk,20.0,4.3856070757626404e-05
constant_jerk,20.0,4.464920364008537e-05
constant_jerk,20.0,4.500393826161841e-05
constant_jerk,20.0,4.539570716525151e-06
constant_jerk,20.0,4.6120667613954346e-05
constant_jerk,20.0,4.9308528305536104e-06
constant_jerk,20.0,4.9856630400741806e-05
constant_jerk,20.0,5.044921088706172e-07
constant_jerk,20.0,5.185142166339736e-06
constant_jerk,20.0,5.203849002350741e-06
constant_jerk,20.0,5.237930324904701e-05
constant_jerk,20.0,5.389315126936292e-07
constant_jerk,20.0,5.5294254978788554e-05
constant_jerk,20.0,5.612646908976595e-06
constant_jerk,20.0,5.6232923423167765e-05
constant_jerk,20.0,5.823862457829545e-06
constant_jerk,20.0,5.897242569878672e-07
constant_jerk,20.0,5.9447222484133915e-05
constant_jerk,20.0,5.9765433840156936e-05
constant_jerk,20.0,6.382105789913779e-06
constant_jerk,20.0,6.47194217036065e-05
constant_jerk,20.0,6.566082546088686e-05
constant_jerk,20.0,6.566490475482371e-05
constant_jerk,20.0,6.5742999368180565e-06
constant_jerk,20.0,6.57985897962417e-05
constant_jerk,20.0,6.656403186213688e-05
constant_jerk,20.0,6.863490555363306e-05
constant_jerk,20.0,7.358150231928636e-06
constant_jerk,20.0,7.613591175376979e-05
constant_jerk,20.0,7.747809690355172e-05
constant_jerk,20.0,7.770410829132435e-05
constant_jerk,20.0,7.86647478630205e-05
constant_jerk,20.0,8.082807146364714e-05
constant_jerk,20.0,8.083876642068415e-05
constant_jerk,20.0,8.088930357584516e-05
constant_jerk,20.0,8.343210519092818e-06
constant_jerk,20.0,8.390453767238098e-06
constant_jerk,20.0,8.704773603060202e-05
constant_jerk,20.0,8.780621100785093e-05
constant_jerk,20.0,8.871319540791575e-05
constant_jerk,20.0,9.16315470342438e-06
constant_jerk,20.0,9.63020502117794e-06
constant_jerk,20.0,9.656864639540286e-05
constant_jerk,20.0,9.879455569263278e-05
constant_jerk,40.0,0.00010197960621681051
constant_jerk,40.0,0.0001036054530424335
constant_jerk,40.0,0.00010492966316683255
constant_jerk,40.0,0.00010528019696084071
constant_jerk,40.0,0.00010746445737056636
constant_jerk,40.0,0.00010797959921437998
constant_jerk,40.0,0.00011054409284994635
constant_jerk,40.0,0.00011210119030251535
constant_jerk,40.0,0.0001140149307418477
constant_jerk,40.0,0.00012312943936280979
constant_jerk,40.0,0.00012645919532055925
constant_jerk,40.0,0.00012896970302720936
constant_jerk,40.0,0.0001317125566555147
constant_jerk,40.0,0.00013190399186107846
constant_jerk,40.0,0.00013303893808417995
constant_jerk,40.0,0.00013691200576391982
constant_jerk,40.0,0.0001389962608366542
constant_jerk,40.0,0.0001473046561450544
constant_jerk,40.0,0.0001488665119968426
constant_jerk,40.0,0.00015416497335500056
constant_jerk,40.0,0.00015600834390032604
constant_jerk,40.0,0.0001596638673468901
constant_jerk,40.0,0.00016109211205955702
constant_jerk,40.0,0.0001612333271664264
constant_jerk,40.0,0.0001623816595237462
constant_jerk,40.0,0.00016301803667408604
constant_jerk,40.0,0.00016306319098651853
constant_jerk,40.0,0.00016356543408264565
constant_jerk,40.0,0.0001840716168107038
constant_jerk,40.0,0.0001898763222902458
constant_jerk,40.0,0.00019842536504760037
constant_jerk,40.0,0.00020469726631063343
constant_jerk,40.0,0.00020601299612367638
constant_jerk,40.0,0.0002060719929595346
constant_jerk,40.0,0.000215863628205606
constant_jerk,40.0,0.0002201682828068878
constant_jerk,40.0,0.00022089576180636986
constant_jerk,40.0,0.00022325625433264454
constant_jerk,40.0,0.0002266660652016087
constant_jerk,40.0,0.00022697116430348547
constant_jerk,40.0,0.00022853435522430854
constant_jerk,40.0,0.00023767766976719846
constant_jerk,40.0,0.00024142925445857377
constant_jerk,40.0,0.0002445813400653909
constant_jerk,40.0,0.00026657402816956623
constant_jerk,40.0,0.0002710580487534336
constant_jerk,40.0,0.00028359595462670216
constant_jerk,40.0,0.0002956004886418033
constant_jerk,40.0,0.00029817945131778857
constant_jerk,40.0,0.0003029316530102696
constant_jerk,40.0,0.0003160817762967685
constant_jerk,40.0,0.00031974513931917254
constant_jerk,40.0,0.000327751572678546
constant_jerk,40.0,0.000331855846735835
constant_jerk,40.0,0.0003361561260629286
constant_jerk,40.0,0.00034479179068368373
constant_jerk,40.0,0.00037728521146159123
constant_jerk,40.0,0.0003816393409935881
constant_jerk,40.0,0.0004027086734850863
constant_jerk,40.0,0.00040435428327785977
constant_jerk,40.0,0.0004045928463172066
constant_jerk,40.0,0.0004156611993694462
constant_jerk,40.0,0.0004182920215471951
constant_jerk,40.0,0.0004267093917968234
constant_jerk,40.0,0.0004301394661590552
constant_jerk,40.0,0.0004468065420520382
constant_jerk,40.0,0.00046252890260530926
constant_jerk,40.0,0.0004720851193643816
constant_jerk,40.0,0.0004733723951569579
constant_jerk,40.0,0.0004769802240803087
constant_jerk,40.0,0.0004793166281782136
constant_jerk,40.0,0.0004794291036228824
constant_jerk,40.0,0.00048346387125292636
constant_jerk,40.0,0.0004885047998762066
constant_jerk,40.0,0.0004892794360616692
constant_jerk,40.0,0.0004932861572993321
constant_jerk,40.0,0.0005076587439211207
constant_jerk,40.0,0.0005946485461848481
constant_jerk,40.0,0.0007233763036416448
constant_jerk,40.0,0.0007334830301116467
constant_jerk,40.0,0.000768148762019461
constant_jerk,40.0,0.0007683605298261675
constant_jerk,40.0,0.0009875893897817848
constant_jerk,40.0,0.0009876636066958532
constant_jerk,40.0,0.0009898160354858314
constant_jerk,40.0,0.0009942091269408554
constant_jerk,40.0,0.001099664920728795
constant_jerk,40.0,0.001102726705049213
constant_jerk,40.0,0.001103085596537624
constant_jerk,40.0,0.00114357639915993
constant_jerk,40.0,0.0011558026319026004
constant_jerk,40.0,0.0012521562035895293
constant_jerk,40.0,0.0012788699608374191
constant_jerk,40.0,0.0013351707039174615
constant_jerk,40.0,0.0013955319423714558
constant_jerk,40.0,0.0014402094810546363
constant_jerk,40.0,0.0014458214648973007
constant_jerk,40.0,0.0015229609906347579
constant_jerk,40.0,0.001568260536500255
constant_jerk,40.0,0.001570108768157536
constant_jerk,40.0,0.0015985103300035154
constant_jerk,40.0,0.0016360191508397342
constant_jerk,40.0,0.0016682565791239568
constant_jerk,40.0,0.0016935820311088931
constant_jerk,40.0,0.0017640692824179743
constant_jerk,40.0,0.001884995021312551
constant_jerk,40.0,0.001984810685727588
constant_jerk,40.0,0.0021329902538593745
constant_jerk,40.0,0.0021511398092309963
constant_jerk,40.0,0.0022351238346632195
constant_jerk,40.0,0.0026255607760304537
constant_jerk,40.0,0.003078269889834385
constant_jerk,40.0,0.007484779602585275
constant_jerk,40.0,0.007484789954867856
constant_jerk,40.0,0.007495360354563169
constant_jerk,40.0,1.0235412681485823e-05
constant_jerk,40.0,1.0327153050099547e-05
constant_jerk,40.0,1.3212445529228693e-05
constant_jerk,40.0,1.441755551952927e-05
constant_jerk,40.0,1.4557787294252238e-05
constant_jerk,40.0,1.6665050107840478e-05
constant_jerk,40.0,1.812138565558643e-05
constant_jerk,40.0,2.0717198356485533e-06
constant_jerk,40.0,2.1930818316719513e-06
constant_jerk,40.0,2.3940897434149585e-05
constant_jerk,40.0,2.4757356671325172e-05
constant_jerk,40.0,3.0299964014234815e-06
constant_jerk,40.0,3.073694230675553e-05
constant_jerk,40.0,3.094969353730361e-05
constant_jerk,40.0,3.118872917467363e-05
constant_jerk,40.0,3.182349030729291e-05
constant_jerk,40.0,3.1823510872748426e-05
constant_jerk,40.0,3.1843351080067084e-05
constant_jerk,40.0,3.247991518465048e-06
constant_jerk,40.0,3.458369794143233e-05
constant_jerk,40.0,3.463704267568299e-05
constant_jerk,40.0,3.474824373399075e-05
constant_jerk,40.0,3.5489849672277964e-06
constant_jerk,40.0,3.5600022094178115e-05
constant_jerk,40.0,3.560128017996241e-05
constant_jerk,40.0,3.5628409889515347e-05
constant_jerk,40.0,3.994501903724761e-05
constant_jerk,40.0,4.5708834182254377e-05
constant_jerk,40.0,4.659494538717262e-05
constant_jerk,40.0,5.032349469354617e-06
constant_jerk,40.0,5.0716706750106166e-05
constant_jerk,40.0,5.132999604810447e-05
constant_jerk,40.0,5.1735441024900565e-05
constant_jerk,40.0,5.345300767408466e-05
constant_jerk,40.0,5.4461631982397274e-06
constant_jerk,40.0,5.463651101404394e-05
constant_jerk,40.0,5.501674630365138e-05
constant_jerk,40.0,5.8088914553743605e-05
constant_jerk,40.0,5.8905496886354944e-05
constant_jerk,40.0,5.92633448357255e-06
constant_jerk,40.0,6.117229485292814e-05
constant_jerk,40.0,6.190994550858888e-05
constant_jerk,40.0,6.191000421412136e-05
constant_jerk,40.0,6.195170079609003e-05
constant_jerk,40.0,6.208709172800261e-05
constant_jerk,40.0,6.2763775589539555e-06
constant_jerk,40.0,6.465038465419717e-05
constant_jerk,40.0,6.694225396816102e-05
constant_jerk,40.0,6.816599235500237e-06
constant_jerk,40.0,6.833140464399364e-05
constant_jerk,40.0,7.558728870206859e-05
constant_jerk,40.0,7.868628837398745e-05
constant_jerk,40.0,7.9588080793666e-06
constant_jerk,40.0,8.053111914023611e-05
constant_jerk,40.0,8.186128255254035e-05
constant_jerk,40.0,8.742053100077403e-05
constant_jerk,40.0,8.749054115989686e-06
constant_jerk,40.0,9.158136887694475e-05
constant_jerk,40.0,9.228010228018416e-05
constant_jerk,40.0,9.31605900395048e-05
constant_jerk,40.0,9.629801201164923e-06
constant_jerk,40.0,9.740979279457527e-05
constant_jerk,40.0,9.755740228525439e-05
constant_jerk,40.0,9.775718186911309e-05
constant_jerk,40.0,9.980528813977381e-05
constant_jerk,50.0,0.00010190420146248858
constant_jerk,50.0,0.00010388410930303816
constant_jerk,50.0,0.00010389133958942747
constant_jerk,50.0,0.00010412344573487931
constant_jerk,50.0,0.00010889583843571371
constant_jerk,50.0,0.00011551739219651584
constant_jerk,50.0,0.0001249100142644887
constant_jerk,50.0,0.00012760734002188872
constant_jerk,50.0,0.00014406707118679783
constant_jerk,50.0,0.00014455225197357254
constant_jerk,50.0,0.00014513205509014958
constant_jerk,50.0,0.0001582691688598994
constant_jerk,50.0,0.0001594657034812417
constant_jerk,50.0,0.00016214235517994486
constant_jerk,50.0,0.00016379664867242235
constant_jerk,50.0,0.00016500441490512968
constant_jerk,50.0,0.0001651668857792354
constant_jerk,50.0,0.00016529405145058554
constant_jerk,50.0,0.00016594912114759497
constant_jerk,50.0,0.00016832198105298405
constant_jerk,50.0,0.00017452510103223672
constant_jerk,50.0,0.00017506982448181613
constant_jerk,50.0,0.00017580083873878984
constant_jerk,50.0,0.00017656161851585896
constant_jerk,50.0,0.00017750537815123003
constant_jerk,50.0,0.00018363848971195596
constant_jerk,50.0,0.00018383792620798082
constant_jerk,50.0,0.0001853382524806928
constant_jerk,50.0,0.00019752315503549503
constant_jerk,50.0,0.00020017252201890999
constant_jerk,50.0,0.00020052782062678204
constant_jerk,50.0,0.00020488390022309813
constant_jerk,50.0,0.00020491588305745267
constant_jerk,50.0,0.0002061257661385309
constant_jerk,50.0,0.00021518153271513844
constant_jerk,50.0,0.0002216571639931149
constant_jerk,50.0,0.0002261786949497456
constant_jerk,50.0,0.00023483377083422985
constant_jerk,50.0,0.0002462006510904111
constant_jerk,50.0,0.0002644076237204921
constant_jerk,50.0,0.00026546463418319097
constant_jerk,50.0,0.0002709684766128621
constant_jerk,50.0,0.000273824772980569
constant_jerk,50.0,0.00027471519847879
constant_jerk,50.0,0.00027898996036976065
constant_jerk,50.0,0.0002797404604500791
constant_jerk,50.0,0.00028148792230985265
constant_jerk,50.0,0.0002859417737954173
constant_jerk,50.0,0.0002989044841538548
constant_jerk,50.0,0.00030143180732055563
constant_jerk,50.0,0.00030396187004577284
constant_jerk,50.0,0.0003091150149146508
constant_jerk,50.0,0.00031585378325873115
constant_jerk,50.0,0.0003560663923132005
constant_jerk,50.0,0.00036140680251505413
constant_jerk,50.0,0.0003670663930425902
constant_jerk,50.0,0.0003685611937773815
constant_jerk,50.0,0.00037553949505282576
constant_jerk,50.0,0.0003764646245284176
constant_jerk,50.0,0.00039077345373885743
constant_jerk,50.0,0.0003929554010957942
constant_jerk,50.0,0.00039881187258233104
constant_jerk,50.0,0.0004066176425784112
constant_jerk,50.0,0.00041922750609523125
constant_jerk,50.0,0.00042736399834027465
constant_jerk,50.0,0.0004322828680770033
constant_jerk,50.0,0.0004542468881462085
constant_jerk,50.0,0.00047641334771529137
constant_jerk,50.0,0.0004844028969006127
constant_jerk,50.0,0.000493847771847722
constant_jerk,50.0,0.0005062859235885959
constant_jerk,50.0,0.0005101201119814292
constant_jerk,50.0,0.0005223067319850901
constant_jerk,50.0,0.0005255974924002895
constant_jerk,50.0,0.0005552901547011755
constant_jerk,50.0,0.0005655495702660173
constant_jerk,50.0,0.0005874712035038964
constant_jerk,50.0,0.000589708894268278
constant_jerk,50.0,0.0005927950086520428
constant_jerk,50.0,0.0005965341010393832
constant_jerk,50.0,0.0006033850152767892
constant_jerk,50.0,0.0006033968915103751
constant_jerk,50.0,0.0006066334102276568
constant_jerk,50.0,0.0006329265134382754
constant_jerk,50.0,0.0006668348321487239
constant_jerk,50.0,0.0006749810796189636
constant_jerk,50.0,0.0006999684803473437
constant_jerk,50.0,0.0007169999349237998
constant_jerk,50.0,0.000719058521736776
constant_jerk,50.0,0.0007392513365669022
constant_jerk,50.0,0.0007470917152039697
constant_jerk,50.0,0.0007767849780345994
constant_jerk,50.0,0.0008449115558574625
constant_jerk,50.0,0.0008580823091999787
constant_jerk,50.0,0.0008654487976611605
constant_jerk,50.0,0.0008792868628846479
constant_jerk,50.0,0.0010375049703347909
constant_jerk,50.0,0.0010543234093022982
constant_jerk,50.0,0.0012003087692241568
constant_jerk,50.0,0.0012370807977210227
constant_jerk,50.0,0.0012372586310952223
constant_jerk,50.0,0.0012427078972527688
constant_jerk,50.0,0.001307108174552305
constant_jerk,50.0,0.0013667936601708258
constant_jerk,50.0,0.0014051788452313224
constant_jerk,50.0,0.0014131647428405106
constant_jerk,50.0,0.0015152957812872682
constant_jerk,50.0,0.0015462071446160914
constant_jerk,50.0,0.001629442131485124
constant_jerk,50.0,0.0017594857004029315
constant_jerk,50.0,0.0017731780776987656
constant_jerk,50.0,0.001823397802004157
constant_jerk,50.0,0.0019055774185977655
constant_jerk,50.0,0.00195869487639331
constant_jerk,50.0,0.0019631174965062744
constant_jerk,50.0,0.0019655209222566297
constant_jerk,50.0,0.0020354834442513226
constant_jerk,50.0,0.0020615218078497816
constant_jerk,50.0,0.002071328298317837
constant_jerk,50.0,0.0024889136690307793
constant_jerk,50.0,0.002673913825790016
constant_jerk,50.0,0.002978074414473131
constant_jerk,50.0,0.0029926382199057452
constant_jerk,50.0,0.003026803981981717
constant_jerk,50.0,0.0030678190746103217
constant_jerk,50.0,0.00358901528066616
constant_jerk,50.0,0.0036455873460315654
constant_jerk,50.0,0.003669838454904
constant_jerk,50.0,0.003723287827455463
constant_jerk,50.0,0.004598337309987749
constant_jerk,50.0,0.005320067968403174
constant_jerk,50.0,0.009324884411225967
constant_jerk,50.0,0.00932490937437627
constant_jerk,50.0,0.009345605502341904
constant_jerk,50.0,1.0614480445961815e-05
constant_jerk,50.0,1.1204134726649604e-05
constant_jerk,50.0,1.2107750190002398e-05
constant_jerk,50.0,1.5183417457992203e-05
constant_jerk,50.0,1.6693622716848336e-05
constant_jerk,50.0,1.7168574703757747e-05
constant_jerk,50.0,1.8184279876747914e-05
constant_jerk,50.0,1.8497692065453098e-05
constant_jerk,50.0,2.3650167153852018e-05
constant_jerk,50.0,2.6057468000528096e-05
constant_jerk,50.0,2.7509090275552754e-05
constant_jerk,50.0,2.975092805391975e-05
constant_jerk,50.0,3.2186505199557135e-05
constant_jerk,50.0,3.6927377256825482e-06
constant_jerk,50.0,3.896380400602852e-06
constant_jerk,50.0,3.981098965717134e-05
constant_jerk,50.0,3.981103894578212e-05
constant_jerk,50.0,3.985128728848069e-05
constant_jerk,50.0,4.285968718491045e-05
constant_jerk,50.0,4.423994850458909e-05
constant_jerk,50.0,4.452578267500759e-05
constant_jerk,50.0,4.4528727139816794e-05
constant_jerk,50.0,4.458415738982386e-05
constant_jerk,50.0,5.620619631815438e-05
constant_jerk,50.0,5.78149670535274e-06
constant_jerk,50.0,5.848254988673946e-05
constant_jerk,50.0,5.894791293858049e-05
constant_jerk,50.0,6.0582222558630634e-05
constant_jerk,50.0,6.206751742040729e-06
constant_jerk,50.0,6.29143779246584e-05
constant_jerk,50.0,6.624250920429549e-05
constant_jerk,50.0,6.7775017984980535e-06
constant_jerk,50.0,7.290441691500231e-05
constant_jerk,50.0,7.493393165538303e-05
constant_jerk,50.0,7.744557578912173e-05
constant_jerk,50.0,7.744571640165215e-05
constant_jerk,50.0,7.753171122169611e-05
constant_jerk,50.0,8.18447415383544e-05
constant_jerk,50.0,8.39488827171652e-05
constant_jerk,50.0,8.657979001342297e-05
constant_jerk,50.0,8.992372735915679e-05
constant_jerk,50.0,9.009212682540165e-06
constant_jerk,50.0,9.170545671814929e-05
constant_jerk,50.0,9.249095440394935e-05
constant_jerk,50.0,9.628434347396151e-05
constant_jerk,50.0,9.75822619497128e-06
constant_jerk,60.0,0.00010129178156048251
constant_jerk,60.0,0.00010216515800256807
constant_jerk,60.0,0.00010294104873853436
constant_jerk,60.0,0.00010372719670376552
constant_jerk,60.0,0.0001148503489168149
constant_jerk,60.0,0.00012104513730036803
constant_jerk,60.0,0.00012994535664365066
constant_jerk,60.0,0.00013037897971279947
constant_jerk,60.0,0.00013302377997256225
constant_jerk,60.0,0.00013609949295642182
constant_jerk,60.0,0.0001372639418526245
constant_jerk,60.0,0.00015122479555815293
constant_jerk,60.0,0.00015257225641061948
constant_jerk,60.0,0.00015740418995818507
constant_jerk,60.0,0.00016283175348285806
constant_jerk,60.0,0.00017135540035143493
constant_jerk,60.0,0.00017591097226405704
constant_jerk,60.0,0.00018055562993312782
constant_jerk,60.0,0.00018737512407345492
constant_jerk,60.0,0.00019915841968512504
constant_jerk,60.0,0.00020145209976318154
constant_jerk,60.0,0.0002057694994871702
constant_jerk,60.0,0.00020828476985841523
constant_jerk,60.0,0.00022130015320647283
constant_jerk,60.0,0.00022724910611299242
constant_jerk,60.0,0.00022727298908783934
constant_jerk,60.0,0.00023153297004660284
constant_jerk,60.0,0.00023735947838409696
constant_jerk,60.0,0.00024730914835491676
constant_jerk,60.0,0.0002477046321310875
constant_jerk,60.0,0.0002497999068439154
constant_jerk,60.0,0.00025005122632091816
constant_jerk,60.0,0.00025774577593861873
constant_jerk,60.0,0.000258316113838107
constant_jerk,60.0,0.00026442070990663545
constant_jerk,60.0,0.00027036341863550433
constant_jerk,60.0,0.00028196490483479536
constant_jerk,60.0,0.0002834413508866279
constant_jerk,60.0,0.000284211064357763
constant_jerk,60.0,0.0002848363056872248
constant_jerk,60.0,0.0002874994220121318
constant_jerk,60.0,0.0002904226425067652
constant_jerk,60.0,0.00030054028393119883
constant_jerk,60.0,0.00030775299607014065
constant_jerk,60.0,0.0003294767620265991
constant_jerk,60.0,0.00032976970127582126
constant_jerk,60.0,0.0003309586979475386
constant_jerk,60.0,0.0003338111380940522
constant_jerk,60.0,0.00033450080791749316
constant_jerk,60.0,0.00034647802712921006
constant_jerk,60.0,0.00035062569202439956
constant_jerk,60.0,0.0003626790046677569
constant_jerk,60.0,0.0003731929594019424
constant_jerk,60.0,0.00038715628572089957
constant_jerk,60.0,0.0003961355771811011
constant_jerk,60.0,0.0004072794552547953
constant_jerk,60.0,0.00042609848841404247
constant_jerk,60.0,0.00043211749365121277
constant_jerk,60.0,0.00043415086087009316
constant_jerk,60.0,0.00044322720924767315
constant_jerk,60.0,0.00044837727360840245
constant_jerk,60.0,0.00046042046361184435
constant_jerk,60.0,0.0004649671472034063
constant_jerk,60.0,0.0004688473876431121
constant_jerk,60.0,0.00048427584425008504
constant_jerk,60.0,0.000518647615699563
constant_jerk,60.0,0.000522573180815431
constant_jerk,60.0,0.0005266173341599424
constant_jerk,60.0,0.0005355151951398914
constant_jerk,60.0,0.0005603111985789985
constant_jerk,60.0,0.0005749477858497135
constant_jerk,60.0,0.0005968754932610695
constant_jerk,60.0,0.0006080382025362824
constant_jerk,60.0,0.0006124766226716107
constant_jerk,60.0,0.0006203898140125103
constant_jerk,60.0,0.0006271950757717817
constant_jerk,60.0,0.0006275472714681406
constant_jerk,60.0,0.0006276439766010494
constant_jerk,60.0,0.0006604570902915068
constant_jerk,60.0,0.0006706976346882744
constant_jerk,60.0,0.0006829203540828996
constant_jerk,60.0,0.0006935135884156335
constant_jerk,60.0,0.0007016847689250726
constant_jerk,60.0,0.0007075630110997838
constant_jerk,60.0,0.0007141384973015164
constant_jerk,60.0,0.0007363297747807309
constant_jerk,60.0,0.0007663172987038082
constant_jerk,60.0,0.000770559164175039
constant_jerk,60.0,0.0007856145666958459
constant_jerk,60.0,0.0007987438488306748
constant_jerk,60.0,0.0007998270181030893
constant_jerk,60.0,0.0008410718631512138
constant_jerk,60.0,0.0008540189064301896
constant_jerk,60.0,0.0008805261726259886
constant_jerk,60.0,0.0008806263751560326
constant_jerk,60.0,0.0009547464985361601
constant_jerk,60.0,0.000980481314054284
constant_jerk,60.0,0.0010180545827684763
constant_jerk,60.0,0.001045764811206469
constant_jerk,60.0,0.001052821257390126
constant_jerk,60.0,0.0010947373533342875
constant_jerk,60.0,0.0010951083259690118
constant_jerk,60.0,0.0011683453357952658
constant_jerk,60.0,0.0011768484193483053
constant_jerk,60.0,0.0011815340956454164
constant_jerk,60.0,0.0013448892400545781
constant_jerk,60.0,0.0013923416215106022
constant_jerk,60.0,0.0014041701307484873
constant_jerk,60.0,0.0014830844611326854
constant_jerk,60.0,0.0014869224715823744
constant_jerk,60.0,0.0014873018856114899
constant_jerk,60.0,0.0014991600776097145
constant_jerk,60.0,0.001516960865436078
constant_jerk,60.0,0.0016691771648716823
constant_jerk,60.0,0.0017236711410548238
constant_jerk,60.0,0.0017402509954887871
constant_jerk,60.0,0.0017614474911203063
constant_jerk,60.0,0.0019569257656527543
constant_jerk,60.0,0.002070733298203837
constant_jerk,60.0,0.002100331668486795
constant_jerk,60.0,0.002110752299581336
constant_jerk,60.0,0.0022385522921488355
constant_jerk,60.0,0.002347574559852441
constant_jerk,60.0,0.0023569979861847346
constant_jerk,60.0,0.0023643148087960117
constant_jerk,60.0,0.0023919190888888812
constant_jerk,60.0,0.002507190192943438
constant_jerk,60.0,0.0025140667751381673
constant_jerk,60.0,0.0027413704726652046
constant_jerk,60.0,0.002797782475828877
constant_jerk,60.0,0.003121126640957374
constant_jerk,60.0,0.003182911141649408
constant_jerk,60.0,0.004169425728822186
constant_jerk,60.0,0.00418687572998442
constant_jerk,60.0,0.004504765017881355
constant_jerk,60.0,0.004730530072806739
constant_jerk,60.0,0.004792481711765814
constant_jerk,60.0,0.005212655739349608
constant_jerk,60.0,0.005730393049139809
constant_jerk,60.0,0.00573149801202802
constant_jerk,60.0,0.006003829532390804
constant_jerk,60.0,0.006011826514087535
constant_jerk,60.0,0.007401967844056451
constant_jerk,60.0,0.008515372612531312
constant_jerk,60.0,0.011151487501216306
constant_jerk,60.0,0.011151541103075676
constant_jerk,60.0,0.01118848262310409
constant_jerk,60.0,1.0028658975957997e-05
constant_jerk,60.0,1.0780475702886653e-05
constant_jerk,60.0,1.176485656405746e-05
constant_jerk,60.0,1.4878698765594614e-05
constant_jerk,60.0,1.6126213560584376e-05
constant_jerk,60.0,1.7535601283302578e-05
constant_jerk,60.0,1.8249453938165287e-05
constant_jerk,60.0,1.966373736742664e-05
constant_jerk,60.0,2.6333071938844398e-05
constant_jerk,60.0,2.79245269614789e-05
constant_jerk,60.0,2.8955174197384554e-05
constant_jerk,60.0,2.951918768480586e-05
constant_jerk,60.0,3.00743124807429e-05
constant_jerk,60.0,3.905291962753461e-05
constant_jerk,60.0,4.3024269430481994e-05
constant_jerk,60.0,4.7716370694180526e-05
constant_jerk,60.0,4.7806661321917525e-05
constant_jerk,60.0,4.7806766510026705e-05
constant_jerk,60.0,4.7881051937409246e-05
constant_jerk,60.0,4.846186148842712e-05
constant_jerk,60.0,5.227316818662386e-05
constant_jerk,60.0,5.345689564981612e-05
constant_jerk,60.0,5.346302007007105e-05
constant_jerk,60.0,5.356553241581159e-05
constant_jerk,60.0,6.004643722286033e-06
constant_jerk,60.0,6.324546367452681e-06
constant_jerk,60.0,7.078182772017749e-05
constant_jerk,60.0,7.176441214485061e-05
constant_jerk,60.0,9.192112072155244e-05
constant_jerk,60.0,9.299460902310885e-05
constant_jerk,60.0,9.299490892272539e-05
constant_jerk,60.0,9.315606166794629e-05
constant_jerk,60.0,9.619275204816722e-05
constant_jerk,80.0,0.00010719181960224864
constant_jerk,80.0,0.00011529034888254222
constant_jerk,80.0,0.00011824393725162544
constant_jerk,80.0,0.0001241135324685724
constant_jerk,80.0,0.00012411460036338508
constant_jerk,80.0,0.00012457976260484287
constant_jerk,80.0,0.00015612269662129274
constant_jerk,80.0,0.00016340744523904256
constant_jerk,80.0,0.00018717911161143894
constant_jerk,80.0,0.0002000435606659912
constant_jerk,80.0,0.00020076336768875796
constant_jerk,80.0,0.0002030982874102472
constant_jerk,80.0,0.00023175735164572369
constant_jerk,80.0,0.0002505664232989909
constant_jerk,80.0,0.00025283123355882665
constant_jerk,80.0,0.00026376443493742
constant_jerk,80.0,0.0002694787822742228
constant_jerk,80.0,0.0002782820568480045
constant_jerk,80.0,0.00028073426841802797
constant_jerk,80.0,0.000283987753834315
constant_jerk,80.0,0.0002844672236455051
constant_jerk,80.0,0.00029046239880602847
constant_jerk,80.0,0.00029125312666391313
constant_jerk,80.0,0.0003032042984094088
constant_jerk,80.0,0.00033439343182419115
constant_jerk,80.0,0.00033795735229703633
constant_jerk,80.0,0.00034455642128267594
constant_jerk,80.0,0.0003475928450064967
constant_jerk,80.0,0.00034789282767814535
constant_jerk,80.0,0.00035096751340356694
constant_jerk,80.0,0.0003550183979256176
constant_jerk,80.0,0.0003790722264187368
constant_jerk,80.0,0.0003934798315636989
constant_jerk,80.0,0.00039799612179866655
constant_jerk,80.0,0.00040758536736247423
constant_jerk,80.0,0.0004197670624539034
constant_jerk,80.0,0.00044760432312126644
constant_jerk,80.0,0.0004631095733925909
constant_jerk,80.0,0.000478521332622013
constant_jerk,80.0,0.0004897538124095129
constant_jerk,80.0,0.0005244668113364042
constant_jerk,80.0,0.0005262941592381834
constant_jerk,80.0,0.0005394779988940743
constant_jerk,80.0,0.0005403747180903497
constant_jerk,80.0,0.0005482776875703697
constant_jerk,80.0,0.0005636031869149528
constant_jerk,80.0,0.0005656731540158435
constant_jerk,80.0,0.0005974005468608277
constant_jerk,80.0,0.0005993390989208969
constant_jerk,80.0,0.0006037429057776769
constant_jerk,80.0,0.0006058521205320243
constant_jerk,80.0,0.0006149917933766009
constant_jerk,80.0,0.0006158420545028568
constant_jerk,80.0,0.0006171361009627196
constant_jerk,80.0,0.0006184068079106186
constant_jerk,80.0,0.0006234263892976974
constant_jerk,80.0,0.0006352295622650553
constant_jerk,80.0,0.000651209118077381
constant_jerk,80.0,0.0007369602380397067
constant_jerk,80.0,0.0007396128373326207
constant_jerk,80.0,0.0007409787187679964
constant_jerk,80.0,0.0007622373424378729
constant_jerk,80.0,0.0007625406676294652
constant_jerk,80.0,0.0007635574871631336
constant_jerk,80.0,0.0008405260575309428
constant_jerk,80.0,0.0008430142634744735
constant_jerk,80.0,0.0008547618659677139
constant_jerk,80.0,0.0008585579629975816
constant_jerk,80.0,0.0008663438304335485
constant_jerk,80.0,0.000899823254176689
constant_jerk,80.0,0.0009062530941724314
constant_jerk,80.0,0.0009133189983918966
constant_jerk,80.0,0.0009500022218161295
constant_jerk,80.0,0.000959256579972936
constant_jerk,80.0,0.0009651763179116439
constant_jerk,80.0,0.0009730795642347388
constant_jerk,80.0,0.0009769077308274569
constant_jerk,80.0,0.0010015039671099387
constant_jerk,80.0,0.0010075712044157858
constant_jerk,80.0,0.0010609290119879882
constant_jerk,80.0,0.0010704751927429702
constant_jerk,80.0,0.001079631590927834
constant_jerk,80.0,0.0011336737914171148
constant_jerk,80.0,0.0011974702140112384
constant_jerk,80.0,0.001223463247074495
constant_jerk,80.0,0.0012486479423270342
constant_jerk,80.0,0.0012722346482093284
constant_jerk,80.0,0.0013011658013060059
constant_jerk,80.0,0.0013021485787569136
constant_jerk,80.0,0.0013239595683329404
constant_jerk,80.0,0.001332550181356079
constant_jerk,80.0,0.0013584576392373306
constant_jerk,80.0,0.0013969234795348211
constant_jerk,80.0,0.0014147319624483903
constant_jerk,80.0,0.001435724941661928
constant_jerk,80.0,0.0014362200970678678
constant_jerk,80.0,0.0014423187972243449
constant_jerk,80.0,0.0014779267557583943
constant_jerk,80.0,0.001523576692451357
constant_jerk,80.0,0.0017255301212577693
constant_jerk,80.0,0.001805340433761976
constant_jerk,80.0,0.0018198775952872337
constant_jerk,80.0,0.0018351773465353782
constant_jerk,80.0,0.0018541509918489022
constant_jerk,80.0,0.001860300897346535
constant_jerk,80.0,0.0019866130486055436
constant_jerk,80.0,0.001987964439525463
constant_jerk,80.0,0.0020291101627519337
constant_jerk,80.0,0.002029432457251942
constant_jerk,80.0,0.002036979488677087
constant_jerk,80.0,0.0020591059551143187
constant_jerk,80.0,0.002078547600088938
constant_jerk,80.0,0.0021388850253466853
constant_jerk,80.0,0.0022422782556933483
constant_jerk,80.0,0.0023734969261419705
constant_jerk,80.0,0.002411320231802243
constant_jerk,80.0,0.0024405379839329416
constant_jerk,80.0,0.002450431415583668
constant_jerk,80.0,0.002466778738489711
constant_jerk,80.0,0.0027147202006081125
constant_jerk,80.0,0.0027537023713655145
constant_jerk,80.0,0.0027539876259667735
constant_jerk,80.0,0.0028199745269850557
constant_jerk,80.0,0.0028783809163867254
constant_jerk,80.0,0.003019514514152217
constant_jerk,80.0,0.0030444899134353617
constant_jerk,80.0,0.003126895578340807
constant_jerk,80.0,0.0031537525484079195
constant_jerk,80.0,0.0031602835971721323
constant_jerk,80.0,0.0034332657778291978
constant_jerk,80.0,0.003639662284684732
constant_jerk,80.0,0.0036911656512328642
constant_jerk,80.0,0.00369774471946207
constant_jerk,80.0,0.004090450685134539
constant_jerk,80.0,0.00452728074882839
constant_jerk,80.0,0.004978225441890014
constant_jerk,80.0,0.0050547382693653
constant_jerk,80.0,0.005136442065892135
constant_jerk,80.0,0.005440519819864552
constant_jerk,80.0,0.005459475449888287
constant_jerk,80.0,0.0064964385891584184
constant_jerk,80.0,0.006763821023403701
constant_jerk,80.0,0.008889294881448271
constant_jerk,80.0,0.009313743747461224
constant_jerk,80.0,0.009735141248190337
constant_jerk,80.0,0.009882749442896336
constant_jerk,80.0,0.01003261196084031
constant_jerk,80.0,0.011772570863023742
constant_jerk,80.0,0.012255869342957837
constant_jerk,80.0,0.012256343440367912
constant_jerk,80.0,0.01329286211667983
constant_jerk,80.0,0.014016675987309315
constant_jerk,80.0,0.014762296446487608
constant_jerk,80.0,0.01476248991398523
constant_jerk,80.0,0.014860497635240394
constant_jerk,80.0,0.016044677816392
constant_jerk,80.0,0.018430900265862027
constant_jerk,80.0,1.32287374598176e-05
constant_jerk,80.0,1.3914402670294097e-05
constant_jerk,80.0,2.4852534976937833e-05
constant_jerk,80.0,2.6770416823056346e-05
constant_jerk,80.0,2.9186426229500287e-05
constant_jerk,80.0,3.434944889404654e-05
constant_jerk,80.0,3.725817712771496e-05
constant_jerk,80.0,4.0359635652481515e-05
constant_jerk,80.0,4.049617617203952e-05
constant_jerk,80.0,4.3366030257994885e-05
constant_jerk,80.0,6.155692092388402e-05
constant_jerk,80.0,6.381367494046825e-05
constant_jerk,80.0,6.381404997469674e-05
constant_jerk,80.0,6.40230123564639e-05
constant_jerk,80.0,6.497042514298932e-05
constant_jerk,80.0,6.523887660521972e-05
constant_jerk,80.0,6.570845895150006e-05
constant_jerk,80.0,7.13323857484226e-05
constant_jerk,80.0,7.135301850643996e-05
constant_jerk,80.0,7.16381180415335e-05
constant_jerk,80.0,7.17373069293861e-05
constant_jerk,80.0,9.013815262526836e-05
constant_jerk,80.0,9.927217714657223e-05
constant_velocity,0.0,0.00010285877333615212
constant_velocity,0.0,0.00010288367402853231
constant_velocity,0.0,0.00011053041305637544
constant_velocity,0.0,0.00011146012099170291
constant_velocity,0.0,0.00012464871079843724
constant_velocity,0.0,0.00012471679834857266
constant_velocity,0.0,0.00012776186316358794
constant_velocity,0.0,0.00012809690027975977
constant_velocity,0.0,0.00013188357177073702
constant_velocity,0.0,0.00013311545151770991
constant_velocity,0.0,0.00013569205165761344
constant_velocity,0.0,0.00013585913590004025
constant_velocity,0.0,0.00013639725308493993
constant_velocity,0.0,0.0001367927760139854
constant_velocity,0.0,0.00013771537467594406
constant_velocity,0.0,0.00013782001798741774
constant_velocity,0.0,0.00013812958452775445
constant_velocity,0.0,0.00014103694617458764
constant_velocity,0.0,0.0001417109947086542
constant_velocity,0.0,0.0001423055763422404
constant_velocity,0.0,0.00014365456984926798
constant_velocity,0.0,0.00014423585062259075
constant_velocity,0.0,0.00014499295222200484
constant_velocity,0.0,0.00014565348551695402
constant_velocity,0.0,0.00016828760394124208
constant_velocity,0.0,0.00016828924151511277
constant_velocity,0.0,0.00016949465207766185
constant_velocity,0.0,0.00016951664752198024
constant_velocity,0.0,0.00017059963737963235
constant_velocity,0.0,0.00017071288948827156
constant_velocity,0.0,0.00020918697198280377
constant_velocity,0.0,0.00021177800324499515
constant_velocity,0.0,0.00021690075670087474
constant_velocity,0.0,0.00021972484471278073
constant_velocity,0.0,0.00022069305687544494
constant_velocity,0.0,0.00022204706021063946
constant_velocity,0.0,0.00025687368706289856
constant_velocity,0.0,0.00025696852966791044
constant_velocity,0.0,0.0002572411525404806
constant_velocity,0.0,0.0002623334066288339
constant_velocity,0.0,0.0002656080453786946
constant_velocity,0.0,0.0002742552600946963
constant_velocity,0.0,1.0239305998829366e-09
constant_velocity,0.0,1.0967598908692963e-09
constant_velocity,0.0,1.114685790086639e-06
constant_velocity,0.0,1.1152467494321969e-06
constant_velocity,0.0,1.1425504100837453e-09
constant_velocity,0.0,1.2621129586252195e-09
constant_velocity,0.0,1.30361119889184e-09
constant_velocity,0.0,1.3593134343320554e-09
constant_velocity,0.0,1.375140341741056e-08
constant_velocity,0.0,1.3784209593521493e-09
constant_velocity,0.0,1.5717813405619947e-08
constant_velocity,0.0,1.573775931001875e-08
constant_velocity,0.0,1.7127229155031492e-05
constant_velocity,0.0,1.7889273167111207e-10
constant_velocity,0.0,1.8274405592260748e-09
constant_velocity,0.0,1.8308619576996875e-09
constant_velocity,0.0,1.8473336686255767e-05
constant_velocity,0.0,1.9129523592824384e-08
constant_velocity,0.0,1.9228112106065212e-10
constant_velocity,0.0,1.9541159272492474e-06
constant_velocity,0.0,1.954769872255497e-06
constant_velocity,0.0,2.0296071925441457e-05
constant_velocity,0.0,2.033174410543041e-09
constant_velocity,0.0,2.0339886758865606e-05
constant_velocity,0.0,2.0554689114412295e-09
constant_velocity,0.0,2.0934475983738487e-05
constant_velocity,0.0,2.093920152558429e-05
constant_velocity,0.0,2.164203184880351e-09
constant_velocity,0.0,2.2189966953881737e-10
constant_velocity,0.0,2.2236008762592476e-09
constant_velocity,0.0,2.3959485880977728e-09
constant_velocity,0.0,2.7602672099350523e-10
constant_velocity,0.0,2.7863829789242485e-06
constant_velocity,0.0,2.8304175562750335e-06
constant_velocity,0.0,2.863336674185768e-09
constant_velocity,0.0,2.932892672219634e-09
constant_velocity,0.0,2.9406490692572865e-09
constant_velocity,0.0,2.943754828893385e-09
constant_velocity,0.0,3.0506359771648043e-05
constant_velocity,0.0,3.060923237732309e-05
constant_velocity,0.0,3.115389395626873e-05
constant_velocity,0.0,3.135238175420413e-05
constant_velocity,0.0,3.1946681928125494e-09
constant_velocity,0.0,3.251557633004328e-05
constant_velocity,0.0,3.2533263035965725e-05
constant_velocity,0.0,3.2723767033222936e-09
constant_velocity,0.0,3.285955034130272e-05
constant_velocity,0.0,3.3058900024866485e-05
constant_velocity,0.0,3.327635939805118e-10
constant_velocity,0.0,3.337830595219824e-11
constant_velocity,0.0,3.3886089912535337e-09
constant_velocity,0.0,3.6173181783706985e-05
constant_velocity,0.0,3.619153485650247e-05
constant_velocity,0.0,3.6222184424011415e-05
constant_velocity,0.0,3.6404668125002344e-05
constant_velocity,0.0,3.6405309161730655e-05
constant_velocity,0.0,3.6425724686391426e-05
constant_velocity,0.0,3.642846328697971e-05
constant_velocity,0.0,3.648542255141872e-05
constant_velocity,0.0,3.7909534245515003e-11
constant_velocity,0.0,3.8217822951459895e-09
constant_velocity,0.0,3.97500970488468e-09
constant_velocity,0.0,4.058187365402008e-05
constant_velocity,0.0,4.078324054987405e-05
constant_velocity,0.0,4.089570697161608e-10
constant_velocity,0.0,4.1297759611889505e-10
constant_velocity,0.0,4.2046774877714e-05
constant_velocity,0.0,4.217356628167272e-05
constant_velocity,0.0,4.29386981418178e-09
constant_velocity,0.0,4.3312248276017446e-09
constant_velocity,0.0,4.417695166626345e-06
constant_velocity,0.0,4.428685458900462e-09
constant_velocity,0.0,4.440506968999059e-10
constant_velocity,0.0,4.441299775590127e-06
constant_velocity,0.0,4.5084762150760914e-06
constant_velocity,0.0,4.5294690349052e-06
constant_velocity,0.0,4.594590394602724e-05
constant_velocity,0.0,4.6031442254170894e-05
constant_velocity,0.0,4.713865213362888e-10
constant_velocity,0.0,4.742864598930475e-10
constant_velocity,0.0,5.1611607515875575e-05
constant_velocity,0.0,5.1960766259731316e-05
constant_velocity,0.0,5.295454569152601e-09
constant_velocity,0.0,5.5704746788370794e-05
constant_velocity,0.0,5.582383277968413e-05
constant_velocity,0.0,5.606664817569368e-10
constant_velocity,0.0,5.622614210822027e-05
constant_velocity,0.0,5.71016097640832e-05
constant_velocity,0.0,5.7372758021248546e-05
constant_velocity,0.0,5.7849937666980615e-05
constant_velocity,0.0,5.793209787792917e-10
constant_velocity,0.0,5.811418771761054e-05
constant_velocity,0.0,5.8537741165148866e-05
constant_velocity,0.0,6.477458509571411e-05
constant_velocity,0.0,6.488834422491869e-05
constant_velocity,0.0,6.516369466572714e-11
constant_velocity,0.0,6.64914357482107e-09
constant_velocity,0.0,6.98776689806556e-06
constant_velocity,0.0,7.040374074558073e-05
constant_velocity,0.0,7.043130812972392e-05
constant_velocity,0.0,7.098616289099372e-06
constant_velocity,0.0,7.126253643345342e-10
constant_velocity,0.0,7.544559334868421e-10
constant_velocity,0.0,7.621025642592053e-05
constant_velocity,0.0,7.656286103026914e-05
constant_velocity,0.0,7.706976894160165e-10
constant_velocity,0.0,7.838392091733805e-06
constant_velocity,0.0,7.877065877131753e-09
constant_velocity,0.0,7.910354513887048e-10
constant_velocity,0.0,8.0819009707791e-06
constant_velocity,0.0,8.105501986852512e-09
constant_velocity,0.0,8.330930947358014e-05
constant_velocity,0.0,8.335680915784733e-05
constant_velocity,0.0,8.435428722347822e-05
constant_velocity,0.0,8.461821178772779e-05
constant_velocity,0.0,8.555493718213436e-05
constant_velocity,0.0,8.557782773405447e-05
constant_velocity,0.0,8.638279707666116e-10
constant_velocity,0.0,8.685818760466535e-09
constant_velocity,0.0,8.714423847105756e-10
constant_velocity,0.0,8.755972300594778e-10
constant_velocity,0.0,8.81416445699694e-10
constant_velocity,0.0,9.045353234414058e-05
constant_velocity,0.0,9.049571660746733e-05
constant_velocity,0.0,9.051105456714628e-05
constant_velocity,0.0,9.086706161341741e-05
constant_velocity,0.0,9.100302794871e-05
constant_velocity,0.0,9.108372578741428e-05
constant_velocity,0.0,9.239126509102181e-11
constant_velocity,0.0,9.247031301437135e-05
constant_velocity,0.0,9.253274819559042e-05
constant_velocity,0.0,9.302193556874951e-10
constant_velocity,0.0,9.430327202682339e-06
constant_velocity,0.0,9.446677511429855e-07
constant_velocity,0.0,9.449443218923477e-07
constant_velocity,0.0,9.607662855436734e-06
constant_velocity,0.0,9.869741129205074e-05
constant_velocity,0.0,9.916632034027811e-05
constant_velocity,10.0,0.00010041793030895822
constant_velocity,10.0,0.0001029737913432184
constant_velocity,10.0,0.00010675642099467476
constant_velocity,10.0,0.00011374703235746292
constant_velocity,10.0,0.00012201762410393872
constant_velocity,10.0,0.00012212540574607481
constant_velocity,10.0,0.0001248533148350034
constant_velocity,10.0,0.00012506456574257034
constant_velocity,10.0,0.0001252835931504473
constant_velocity,10.0,0.00012788091998083435
constant_velocity,10.0,0.00013026977444786743
constant_velocity,10.0,0.00013028957896292652
constant_velocity,10.0,0.00013054140680100688
constant_velocity,10.0,0.00013120156563530192
constant_velocity,10.0,0.0001312285310419318
constant_velocity,10.0,0.00013139079173893865
constant_velocity,10.0,0.00013570350465620234
constant_velocity,10.0,0.00013584658486580134
constant_velocity,10.0,0.00013743442040191667
constant_velocity,10.0,0.0001417113870289736
constant_velocity,10.0,0.0001445335716021831
constant_velocity,10.0,0.00014460483262033645
constant_velocity,10.0,0.00014469396078261196
constant_velocity,10.0,0.00014478993824143364
constant_velocity,10.0,0.0001448635184573705
constant_velocity,10.0,0.00014498435820300436
constant_velocity,10.0,0.000145864180043815
constant_velocity,10.0,0.00014589081552179354
constant_velocity,10.0,0.00016211599787043385
constant_velocity,10.0,0.00016229510688131352
constant_velocity,10.0,0.00016815300065332626
constant_velocity,10.0,0.00016826501989351532
constant_velocity,10.0,0.000168265762061954
constant_velocity,10.0,0.00016827806974623725
constant_velocity,10.0,0.0001709068379093688
constant_velocity,10.0,0.00020621853299134025
constant_velocity,10.0,0.00020657673979515491
constant_velocity,10.0,0.0002099976784647974
constant_velocity,10.0,0.00021352599716733533
constant_velocity,10.0,0.00022118258913580868
constant_velocity,10.0,0.00022346977682057413
constant_velocity,10.0,0.0002355841557733772
constant_velocity,10.0,0.00023696548992974408
constant_velocity,10.0,0.00023865161256476867
constant_velocity,10.0,0.00024014680516899138
constant_velocity,10.0,0.00024647462852363575
constant_velocity,10.0,0.00024888680837209043
constant_velocity,10.0,0.0002592906426699593
constant_velocity,10.0,0.0002593714773755895
constant_velocity,10.0,0.0002595419639147676
constant_velocity,10.0,0.0002598049118183291
constant_velocity,10.0,0.00028199408596982017
constant_velocity,10.0,0.00028202494383388265
constant_velocity,10.0,0.0002938624216199432
constant_velocity,10.0,0.00030419913952530055
constant_velocity,10.0,0.0003044126998575711
constant_velocity,10.0,0.00030598823115877846
constant_velocity,10.0,0.0003060457304029008
constant_velocity,10.0,0.00031307683297521487
constant_velocity,10.0,0.000331825049521399
constant_velocity,10.0,0.000331978372939025
constant_velocity,10.0,0.00033378012089251496
constant_velocity,10.0,0.0003338333024198357
constant_velocity,10.0,0.000342617153591608
constant_velocity,10.0,0.00034264277772248417
constant_velocity,10.0,0.0003512275246156698
constant_velocity,10.0,0.00035150720476155155
constant_velocity,10.0,0.0003615985418029825
constant_velocity,10.0,0.00036165567485558993
constant_velocity,10.0,0.00036166716503418633
constant_velocity,10.0,0.0003620571394123892
constant_velocity,10.0,0.00036222865104869876
constant_velocity,10.0,0.00036228856595662233
constant_velocity,10.0,0.0003705130668188434
constant_velocity,10.0,0.00037058295368910934
constant_velocity,10.0,0.0003940623365293171
constant_velocity,10.0,0.000394528510488354
constant_velocity,10.0,0.00041187968840493915
constant_velocity,10.0,0.0004119075593597901
constant_velocity,10.0,0.00041649368293255544
constant_velocity,10.0,0.00043844193503250734
constant_velocity,10.0,0.00043944076359172856
constant_velocity,10.0,0.00044554163878428906
constant_velocity,10.0,0.0004993708184454718
constant_velocity,10.0,0.0004994470324101639
constant_velocity,10.0,0.0005111703867145708
constant_velocity,10.0,0.0005115189004519639
constant_velocity,10.0,0.0005231334329239908
constant_velocity,10.0,0.0005244457306952967
constant_velocity,10.0,0.0005423551214755142
constant_velocity,10.0,0.0005427680520369375
constant_velocity,10.0,0.0005431361691255926
constant_velocity,10.0,0.000543799006740488
constant_velocity,10.0,0.0005460467060135016
constant_velocity,10.0,0.0005494573353345125
constant_velocity,10.0,0.0005691672971113809
constant_velocity,10.0,0.0005733338514448433
constant_velocity,10.0,0.0005818586722015683
constant_velocity,10.0,0.0005857877752933846
constant_velocity,10.0,0.0006329486487900314
constant_velocity,10.0,0.0006336223802975409
constant_velocity,10.0,0.0006722463884523882
constant_velocity,10.0,0.0006722637418404949
constant_velocity,10.0,0.0006735949564371794
constant_velocity,10.0,0.0006735996911886771
constant_velocity,10.0,0.0006835566823353826
constant_velocity,10.0,0.0006836834525591189
constant_velocity,10.0,0.0006939574481823206
constant_velocity,10.0,0.0006944926400483508
constant_velocity,10.0,0.000827178034099987
constant_velocity,10.0,0.0008369028827997755
constant_velocity,10.0,0.0008613575135019289
constant_velocity,10.0,0.0008687750368748464
constant_velocity,10.0,0.0009585453146966784
constant_velocity,10.0,0.0009595317882105899
constant_velocity,10.0,0.0010304469986986498
constant_velocity,10.0,0.0010389264029530786
constant_velocity,10.0,0.001048039202001067
constant_velocity,10.0,0.0010594339204047373
constant_velocity,10.0,0.00190625447893091
constant_velocity,10.0,0.0021503869280207455
constant_velocity,10.0,0.0021504376702787278
constant_velocity,10.0,1.55566479196692e-05
constant_velocity,10.0,1.7140643876013208e-05
constant_velocity,10.0,1.729821668912558e-05
constant_velocity,10.0,1.7298546798227674e-05
constant_velocity,10.0,1.9455284326369594e-05
constant_velocity,10.0,1.9621770407497458e-05
constant_velocity,10.0,2.0324804629343962e-05
constant_velocity,10.0,2.0957734356527468e-05
constant_velocity,10.0,3.052603552733458e-05
constant_velocity,10.0,3.2570536869682765e-05
constant_velocity,10.0,3.289929351886241e-05
constant_velocity,10.0,3.3098785365577585e-05
constant_velocity,10.0,3.373217645731562e-05
constant_velocity,10.0,3.617155480624672e-05
constant_velocity,10.0,3.6189736944029545e-05
constant_velocity,10.0,3.621715944303949e-05
constant_velocity,10.0,3.6469756724168305e-05
constant_velocity,10.0,3.658999703122645e-05
constant_velocity,10.0,3.723659343236217e-05
constant_velocity,10.0,3.7245431373127153e-05
constant_velocity,10.0,4.052313689722449e-05
constant_velocity,10.0,4.059666132253641e-05
constant_velocity,10.0,4.207045376818796e-05
constant_velocity,10.0,4.3022870408804964e-05
constant_velocity,10.0,4.411309049066977e-05
constant_velocity,10.0,4.412117655488979e-05
constant_velocity,10.0,4.435429326759312e-05
constant_velocity,10.0,5.163351190349006e-05
constant_velocity,10.0,5.3407524298221875e-05
constant_velocity,10.0,5.859296912897697e-05
constant_velocity,10.0,5.973809405669264e-05
constant_velocity,10.0,5.9759753370324514e-05
constant_velocity,10.0,6.487892242914123e-05
constant_velocity,10.0,6.983173037709855e-05
constant_velocity,10.0,7.050281135905608e-05
constant_velocity,10.0,7.631885776420244e-05
constant_velocity,10.0,7.843769320877752e-05
constant_velocity,10.0,7.844580360788652e-05
constant_velocity,10.0,7.988775040115318e-06
constant_velocity,10.0,8.124620142329246e-05
constant_velocity,10.0,8.128616967993386e-05
constant_velocity,10.0,8.344811783333734e-05
constant_velocity,10.0,8.345362321590121e-05
constant_velocity,10.0,8.382776619973267e-05
constant_velocity,10.0,8.383305623911033e-05
constant_velocity,10.0,8.565830938786656e-05
constant_velocity,10.0,8.786559441361167e-06
constant_velocity,10.0,8.786692408409405e-06
constant_velocity,10.0,8.948028806822053e-06
constant_velocity,10.0,9.046655174064807e-05
constant_velocity,10.0,9.049968197886017e-05
constant_velocity,10.0,9.050807598474106e-05
constant_velocity,10.0,9.263800741226971e-05
constant_velocity,10.0,9.686741317956994e-05
constant_velocity,10.0,9.888926738356712e-05
constant_velocity,10.0,9.937537190403624e-06
constant_velocity,10.0,9.937816669655495e-06
constant_velocity,10.0,9.988394625426936e-05
constant_velocity,100.0,0.0001238764703442696
constant_velocity,100.0,0.00013957395240877174
constant_velocity,100.0,0.00013957444514100942
constant_velocity,100.0,0.00014402159501308945
constant_velocity,100.0,0.00016329380754054505
constant_velocity,100.0,0.00016329474931174758
constant_velocity,100.0,0.0002494500426563788
constant_velocity,100.0,0.0002610561805830717
constant_velocity,100.0,0.00028239103338989556
constant_velocity,100.0,0.0002823922149254107
constant_velocity,100.0,0.00029064025666163346
constant_velocity,100.0,0.00029092710355601404
constant_velocity,100.0,0.0005432954079666078
constant_velocity,100.0,0.0005640883696505336
constant_velocity,100.0,0.0006061545710559816
constant_velocity,100.0,0.0006168212319350932
constant_velocity,100.0,0.0006168354131433591
constant_velocity,100.0,0.0006198629411496965
constant_velocity,100.0,0.0006215109952432404
constant_velocity,100.0,0.0006756435102803856
constant_velocity,100.0,0.0006756513885178774
constant_velocity,100.0,0.0008598796694267064
constant_velocity,100.0,0.0009717351645035341
constant_velocity,100.0,0.0009718168600271101
constant_velocity,100.0,0.001120078602690528
constant_velocity,100.0,0.001266674985917411
constant_velocity,100.0,0.0012668256672159152
constant_velocity,100.0,0.001287089180424138
constant_velocity,100.0,0.0014244187891660973
constant_velocity,100.0,0.001427685933747862
constant_velocity,100.0,0.002053018677958993
constant_velocity,100.0,0.0021163377650608418
constant_velocity,100.0,0.0024813086115820266
constant_velocity,100.0,0.00248133592481122
constant_velocity,100.0,0.0025603036834281833
constant_velocity,100.0,0.002560314064282368
constant_velocity,100.0,0.0030588524056467635
constant_velocity,100.0,0.003088907730494579
constant_velocity,100.0,0.0032555804500420185
constant_velocity,100.0,0.003304604221181471
constant_velocity,100.0,0.0035816456376879563
constant_velocity,100.0,0.003587863997085452
constant_velocity,100.0,0.00358808565589378
constant_velocity,100.0,0.0036937155986920835
constant_velocity,100.0,0.0036938596480836985
constant_velocity,100.0,0.0037049388726857094
constant_velocity,100.0,0.003717452918219063
constant_velocity,100.0,0.00371783195222344
constant_velocity,100.0,0.003921887973847064
constant_velocity,100.0,0.003922045375961403
constant_velocity,100.0,0.003996692387457041
constant_velocity,100.0,0.003996731180540421
constant_velocity,100.0,0.004038410163054772
constant_velocity,100.0,0.004211753590229127
constant_velocity,100.0,0.004307070979383192
constant_velocity,100.0,0.004307538771754597
constant_velocity,100.0,0.0043187780158634795
constant_velocity,100.0,0.004319207007763099
constant_velocity,100.0,0.004319225271841312
constant_velocity,100.0,0.004319652291975906
constant_velocity,100.0,0.004480977259101048
constant_velocity,100.0,0.0044810295522121615
constant_velocity,100.0,0.004845400164596128
constant_velocity,100.0,0.004872660553418325
constant_velocity,100.0,0.0048727571677772774
constant_velocity,100.0,0.005086915342399529
constant_velocity,100.0,0.00508701418513994
constant_velocity,100.0,0.005116018972178652
constant_velocity,100.0,0.005141076945534221
constant_velocity,100.0,0.005174956007810613
constant_velocity,100.0,0.005233395286661985
constant_velocity,100.0,0.005692353427738225
constant_velocity,100.0,0.005692841650752339
constant_velocity,100.0,0.005878314024357943
constant_velocity,100.0,0.006057583710513691
constant_velocity,100.0,0.006058777432238528
constant_velocity,100.0,0.0060920872540773325
constant_velocity,100.0,0.006092255589607192
constant_velocity,100.0,0.006115282439954162
constant_velocity,100.0,0.006116480287349342
constant_velocity,100.0,0.006193989812167056
constant_velocity,100.0,0.006194404088604917
constant_velocity,100.0,0.006559766022199394
constant_velocity,100.0,0.007048389821635306
constant_velocity,100.0,0.007048936016701869
constant_velocity,100.0,0.007138771980050688
constant_velocity,100.0,0.007587533709346311
constant_velocity,100.0,0.007931612396499423
constant_velocity,100.0,0.007931662372600541
constant_velocity,100.0,0.008308359476774012
constant_velocity,100.0,0.008469210927745465
constant_velocity,100.0,0.008635622433588834
constant_velocity,100.0,0.00863568305632746
constant_velocity,100.0,0.008656541879202574
constant_velocity,100.0,0.00897428183400376
constant_velocity,100.0,0.008989254255878017
constant_velocity,100.0,0.009008522778336065
constant_velocity,100.0,0.009153424612361145
constant_velocity,100.0,0.009153534755335356
constant_velocity,100.0,0.00941310420841371
constant_velocity,100.0,0.009738645907226754
constant_velocity,100.0,0.009961943095558748
constant_velocity,100.0,0.009962419424405261
constant_velocity,100.0,0.009994218419252889
constant_velocity,100.0,0.010242479875864253
constant_velocity,100.0,0.01024258393517958
constant_velocity,100.0,0.010400307433254279
constant_velocity,100.0,0.010472028877150616
constant_velocity,100.0,0.010472079122594673
constant_velocity,100.0,0.010802221072531076
constant_velocity,100.0,0.010803272560119745
constant_velocity,100.0,0.010827362044251393
constant_velocity,100.0,0.010828315058739817
constant_velocity,100.0,0.010861030619217836
constant_velocity,100.0,0.010861833181098395
constant_velocity,100.0,0.01138461336782946
constant_velocity,100.0,0.011384750550051267
constant_velocity,100.0,0.011724919687424507
constant_velocity,100.0,0.011725296687863266
constant_velocity,100.0,0.011855293265055971
constant_velocity,100.0,0.011882185054722607
constant_velocity,100.0,0.011883430213833382
constant_velocity,100.0,0.012582316488053307
constant_velocity,100.0,0.01258237123017099
constant_velocity,100.0,0.012667756497504354
constant_velocity,100.0,0.01267145575644976
constant_velocity,100.0,0.012812550670824046
constant_velocity,100.0,0.012819799793237066
constant_velocity,100.0,0.012851905001504797
constant_velocity,100.0,0.013444782506085589
constant_velocity,100.0,0.013494552900868399
constant_velocity,100.0,0.014122499817726297
constant_velocity,100.0,0.01412423665918383
constant_velocity,100.0,0.01459460732994958
constant_velocity,100.0,0.01467788994634712
constant_velocity,100.0,0.014953344100758105
constant_velocity,100.0,0.014956278754838867
constant_velocity,100.0,0.015157474729165616
constant_velocity,100.0,0.015160612081679207
constant_velocity,100.0,0.0152587717795468
constant_velocity,100.0,0.015261995356928295
constant_velocity,100.0,0.015322304564969988
constant_velocity,100.0,0.015322454212446913
constant_velocity,100.0,0.015467040017138372
constant_velocity,100.0,0.015467447440160103
constant_velocity,100.0,0.01617262067673574
constant_velocity,100.0,0.01617429823467795
constant_velocity,100.0,0.016260814329254608
constant_velocity,100.0,0.01626215766390513
constant_velocity,100.0,0.016651096973134414
constant_velocity,100.0,0.016655966653509557
constant_velocity,100.0,0.017364223704274283
constant_velocity,100.0,0.01746183054671176
constant_velocity,100.0,0.017463164783161435
constant_velocity,100.0,0.017495555698709208
constant_velocity,100.0,0.017496730746818852
constant_velocity,100.0,0.01759320456684131
constant_velocity,100.0,0.01861374295711583
constant_velocity,100.0,0.020028042112926504
constant_velocity,100.0,0.020030234756669537
constant_velocity,100.0,0.020035986353785357
constant_velocity,100.0,0.02003815073792162
constant_velocity,100.0,0.020572283847464175
constant_velocity,100.0,0.020573218805321904
constant_velocity,100.0,0.021001194409525442
constant_velocity,100.0,0.021001443284682477
constant_velocity,100.0,0.02170768954525276
constant_velocity,100.0,0.02187132794713813
constant_velocity,100.0,0.02187404721756504
constant_velocity,100.0,0.022065350924586325
constant_velocity,100.0,0.02306529711225634
constant_velocity,100.0,0.025839845765027385
constant_velocity,100.0,0.025840770920892826
constant_velocity,100.0,0.026090320684589708
constant_velocity,100.0,0.026092296053259977
constant_velocity,100.0,0.027282385612484767
constant_velocity,100.0,0.027286727044604765
constant_velocity,100.0,0.031686196408961205
constant_velocity,100.0,0.03624505635339423
constant_velocity,100.0,0.03624523607273444
constant_velocity,150.0,0.00024466919609955905
constant_velocity,150.0,0.00027045454359771084
constant_velocity,150.0,0.0002704552264853798
constant_velocity,150.0,0.00028885035582077226
constant_velocity,150.0,0.0003203925845087391
constant_velocity,150.0,0.00032039378263943707
constant_velocity,150.0,0.0004967518993136937
constant_velocity,150.0,0.0005055493419325914
constant_velocity,150.0,0.000550197218753557
constant_velocity,150.0,0.0005501988394093267
constant_velocity,150.0,0.0005545768752826831
constant_velocity,150.0,0.0005548451703610179
constant_velocity,150.0,0.0010866322447974901
constant_velocity,150.0,0.001087012767811045
constant_velocity,150.0,0.0011658573611429406
constant_velocity,150.0,0.00118594638108438
constant_velocity,150.0,0.001187633124988619
constant_velocity,150.0,0.0012052773281303756
constant_velocity,150.0,0.0012052789683543257
constant_velocity,150.0,0.0012797794579672425
constant_velocity,150.0,0.0012797868887106417
constant_velocity,150.0,0.001714300602692345
constant_velocity,150.0,0.0018996215008032786
constant_velocity,150.0,0.0018996929478878877
constant_velocity,150.0,0.0022341297256756524
constant_velocity,150.0,0.0024740624107193023
constant_velocity,150.0,0.0024742661250171387
constant_velocity,150.0,0.0025185565898472686
constant_velocity,150.0,0.002756486863356356
constant_velocity,150.0,0.002759801744502944
constant_velocity,150.0,0.004640553484937489
constant_velocity,150.0,0.004785148863982125
constant_velocity,150.0,0.005273859512038814
constant_velocity,150.0,0.005273883939889868
constant_velocity,150.0,0.005442935347612431
constant_velocity,150.0,0.005442948544321266
constant_velocity,150.0,0.0067943217720257115
constant_velocity,150.0,0.006859704512581358
constant_velocity,150.0,0.007249596381374489
constant_velocity,150.0,0.007484433590967854
constant_velocity,150.0,0.0076625052545523775
constant_velocity,150.0,0.007662918892433472
constant_velocity,150.0,0.0077857218900156755
constant_velocity,150.0,0.007785867177189418
constant_velocity,150.0,0.007845784132318625
constant_velocity,150.0,0.007896850009804644
constant_velocity,150.0,0.007903670042355398
constant_velocity,150.0,0.008211118031740709
constant_velocity,150.0,0.008211291791279465
constant_velocity,150.0,0.008401242453106396
constant_velocity,150.0,0.008509476880847853
constant_velocity,150.0,0.008509526016049044
constant_velocity,150.0,0.008839704835590203
constant_velocity,150.0,0.008840170704721062
constant_velocity,150.0,0.008909701322481268
constant_velocity,150.0,0.008910146202290173
constant_velocity,150.0,0.008919620976238718
constant_velocity,150.0,0.008920067033405553
constant_velocity,150.0,0.009032315352029533
constant_velocity,150.0,0.009456600092772063
constant_velocity,150.0,0.00955256480780911
constant_velocity,150.0,0.009552631236715044
constant_velocity,150.0,0.009622408009261825
constant_velocity,150.0,0.010245541595780314
constant_velocity,150.0,0.010245576138508902
constant_velocity,150.0,0.01050558040964203
constant_velocity,150.0,0.010636354466811437
constant_velocity,150.0,0.010636928940612703
constant_velocity,150.0,0.01064664944036886
constant_velocity,150.0,0.010739965840670836
constant_velocity,150.0,0.010740046289312771
constant_velocity,150.0,0.010960056259098483
constant_velocity,150.0,0.011440325006198593
constant_velocity,150.0,0.011701078374511408
constant_velocity,150.0,0.011701478815051656
constant_velocity,150.0,0.011852754448404262
constant_velocity,150.0,0.011853305612268111
constant_velocity,150.0,0.012275142026864942
constant_velocity,150.0,0.012275360416949857
constant_velocity,150.0,0.012925330546795826
constant_velocity,150.0,0.012949054261769536
constant_velocity,150.0,0.012949414712211458
constant_velocity,150.0,0.014611621326227295
constant_velocity,150.0,0.014612289520640687
constant_velocity,150.0,0.014852290734847243
constant_velocity,150.0,0.016164657757917943
constant_velocity,150.0,0.016887316663370244
constant_velocity,150.0,0.016887379484890552
constant_velocity,150.0,0.017007579502896136
constant_velocity,150.0,0.01810119920650208
constant_velocity,150.0,0.018384779469368347
constant_velocity,150.0,0.018384856612727877
constant_velocity,150.0,0.01918140881652291
constant_velocity,150.0,0.019289292082733823
constant_velocity,150.0,0.0192893542624175
constant_velocity,150.0,0.01957846025121664
constant_velocity,150.0,0.019753125850001572
constant_velocity,150.0,0.019850645436085414
constant_velocity,150.0,0.019988082755141055
constant_velocity,150.0,0.020398311377484955
constant_velocity,150.0,0.020398835358605708
constant_velocity,150.0,0.020942119249920708
constant_velocity,150.0,0.021346901287364696
constant_velocity,150.0,0.02160819270599579
constant_velocity,150.0,0.021807051846158852
constant_velocity,150.0,0.021807183562492432
constant_velocity,150.0,0.022268252026267293
constant_velocity,150.0,0.02226831585472515
constant_velocity,150.0,0.022288334290998836
constant_velocity,150.0,0.022289426816119586
constant_velocity,150.0,0.022421877762467176
constant_velocity,150.0,0.022422896899926027
constant_velocity,150.0,0.022612170729293737
constant_velocity,150.0,0.022613064838327993
constant_velocity,150.0,0.02343000330390537
constant_velocity,150.0,0.023431253584146765
constant_velocity,150.0,0.02352210618479825
constant_velocity,150.0,0.0242718151991394
constant_velocity,150.0,0.024271989428269004
constant_velocity,150.0,0.024467756795335662
constant_velocity,150.0,0.024468184670570818
constant_velocity,150.0,0.025217927459962965
constant_velocity,150.0,0.025812076990386984
constant_velocity,150.0,0.02617320231248753
constant_velocity,150.0,0.02675668752470487
constant_velocity,150.0,0.026756757225781903
constant_velocity,150.0,0.026813563375104557
constant_velocity,150.0,0.028316114358513323
constant_velocity,150.0,0.028318007855980497
constant_velocity,150.0,0.02862592057731955
constant_velocity,150.0,0.028626496534379306
constant_velocity,150.0,0.028694298765179895
constant_velocity,150.0,0.028709964795974516
constant_velocity,150.0,0.029001262033131556
constant_velocity,150.0,0.029001976066337115
constant_velocity,150.0,0.02949343478957385
constant_velocity,150.0,0.029863607568757874
constant_velocity,150.0,0.029906695917029005
constant_velocity,150.0,0.029908319738551136
constant_velocity,150.0,0.03188386157170634
constant_velocity,150.0,0.03195740314695592
constant_velocity,150.0,0.03255845030097955
constant_velocity,150.0,0.03255887851988462
constant_velocity,150.0,0.032648110438754555
constant_velocity,150.0,0.0326483006636119
constant_velocity,150.0,0.033245674706158655
constant_velocity,150.0,0.033247368828461236
constant_velocity,150.0,0.03375468471961179
constant_velocity,150.0,0.03375614769428106
constant_velocity,150.0,0.0345517372068841
constant_velocity,150.0,0.03596596862259684
constant_velocity,150.0,0.03596758210361437
constant_velocity,150.0,0.036068210123619666
constant_velocity,150.0,0.03606966971421282
constant_velocity,150.0,0.036520781719701675
constant_velocity,150.0,0.036550365767298004
constant_velocity,150.0,0.037284969113887526
constant_velocity,150.0,0.038145383323229885
constant_velocity,150.0,0.03814865726451726
constant_velocity,150.0,0.03937652787146141
constant_velocity,150.0,0.041158923025644986
constant_velocity,150.0,0.041161125503178075
constant_velocity,150.0,0.04119911736016657
constant_velocity,150.0,0.041201301991347875
constant_velocity,150.0,0.04123493987468683
constant_velocity,150.0,0.04123601452441301
constant_velocity,150.0,0.0434193613157387
constant_velocity,150.0,0.04477229347591854
constant_velocity,150.0,0.04477260960115677
constant_velocity,150.0,0.04685561768380471
constant_velocity,150.0,0.0476053876293471
constant_velocity,150.0,0.048060633209807996
constant_velocity,150.0,0.048064817261201126
constant_velocity,150.0,0.051957135408309395
constant_velocity,150.0,0.051958155923025044
constant_velocity,150.0,0.05388457228920846
constant_velocity,150.0,0.05388698179044125
constant_velocity,150.0,0.06426665774766416
constant_velocity,150.0,0.07163457881925576
constant_velocity,150.0,0.07163482480901176
constant_velocity,20.0,0.00010948144258074406
constant_velocity,20.0,0.0001221734983928347
constant_velocity,20.0,0.00012266941188336663
constant_velocity,20.0,0.00012266989281288035
constant_velocity,20.0,0.00012718058970652947
constant_velocity,20.0,0.000130503037233414
constant_velocity,20.0,0.00013149182628351578
constant_velocity,20.0,0.0001430418969343787
constant_velocity,20.0,0.00014469758006351437
constant_velocity,20.0,0.0001447697566542811
constant_velocity,20.0,0.00014486801337252564
constant_velocity,20.0,0.000146143169353345
constant_velocity,20.0,0.00016068573264551181
constant_velocity,20.0,0.00016075785247316907
constant_velocity,20.0,0.00016234394162834692
constant_velocity,20.0,0.00016834777446960157
constant_velocity,20.0,0.0001759586834864505
constant_velocity,20.0,0.00018302566750594577
constant_velocity,20.0,0.00018306407703347133
constant_velocity,20.0,0.0001888215222364827
constant_velocity,20.0,0.00018882737747242972
constant_velocity,20.0,0.00019497743155510585
constant_velocity,20.0,0.00019932220029093665
constant_velocity,20.0,0.00020657682937820466
constant_velocity,20.0,0.00022487317391625756
constant_velocity,20.0,0.0002598094697419874
constant_velocity,20.0,0.0002746794334582151
constant_velocity,20.0,0.0002747939188247557
constant_velocity,20.0,0.0002800446719557005
constant_velocity,20.0,0.00028092346193304995
constant_velocity,20.0,0.0002811639814663371
constant_velocity,20.0,0.00028241194884486974
constant_velocity,20.0,0.0002860491869211922
constant_velocity,20.0,0.00029359908062914406
constant_velocity,20.0,0.0002936210051860699
constant_velocity,20.0,0.0002950152944842577
constant_velocity,20.0,0.00029520239604532056
constant_velocity,20.0,0.00030498245157074946
constant_velocity,20.0,0.0003251616879541879
constant_velocity,20.0,0.00032531928446391664
constant_velocity,20.0,0.0003254422093376086
constant_velocity,20.0,0.000325483744478929
constant_velocity,20.0,0.00032560236073615387
constant_velocity,20.0,0.0003258011262583326
constant_velocity,20.0,0.0003287821514962082
constant_velocity,20.0,0.0003288116357894311
constant_velocity,20.0,0.0003305657231673219
constant_velocity,20.0,0.0003343935398480991
constant_velocity,20.0,0.0003430482436898976
constant_velocity,20.0,0.00036195258505373134
constant_velocity,20.0,0.00036205491671369866
constant_velocity,20.0,0.0003620646071376548
constant_velocity,20.0,0.0003646638222951077
constant_velocity,20.0,0.0003648320118757024
constant_velocity,20.0,0.00037123273476994566
constant_velocity,20.0,0.00037847908980133605
constant_velocity,20.0,0.0003786064210451314
constant_velocity,20.0,0.0003921105228589124
constant_velocity,20.0,0.00039502278578188685
constant_velocity,20.0,0.0004123592445049898
constant_velocity,20.0,0.00044230760591942056
constant_velocity,20.0,0.00046403209610311133
constant_velocity,20.0,0.00046440690979326904
constant_velocity,20.0,0.0004918869189521441
constant_velocity,20.0,0.0004941592778313248
constant_velocity,20.0,0.0005002425285018541
constant_velocity,20.0,0.00051189697791829
constant_velocity,20.0,0.0005220580216556549
constant_velocity,20.0,0.0005235179714889796
constant_velocity,20.0,0.0005243514294574076
constant_velocity,20.0,0.0005249358893439513
constant_velocity,20.0,0.0005265102844662109
constant_velocity,20.0,0.0005329474998163968
constant_velocity,20.0,0.0005429169738508039
constant_velocity,20.0,0.0005434058531451463
constant_velocity,20.0,0.0005465727754857118
constant_velocity,20.0,0.0005714483616459926
constant_velocity,20.0,0.0005717449034765989
constant_velocity,20.0,0.0005841123949648898
constant_velocity,20.0,0.0005841744894577858
constant_velocity,20.0,0.0006353806880871706
constant_velocity,20.0,0.0006354148445075979
constant_velocity,20.0,0.0006421554255059874
constant_velocity,20.0,0.0006422236311181971
constant_velocity,20.0,0.0006469969135400525
constant_velocity,20.0,0.0006730540414183297
constant_velocity,20.0,0.0006730655512291263
constant_velocity,20.0,0.0006841268757621195
constant_velocity,20.0,0.00068428997666745
constant_velocity,20.0,0.0006848741773188439
constant_velocity,20.0,0.0006946874653108409
constant_velocity,20.0,0.0007522930147487734
constant_velocity,20.0,0.0007523518827802009
constant_velocity,20.0,0.0007718151188392564
constant_velocity,20.0,0.000771843479556504
constant_velocity,20.0,0.0007813836974282771
constant_velocity,20.0,0.0007826467487781945
constant_velocity,20.0,0.0007829544388498169
constant_velocity,20.0,0.0008136340050609339
constant_velocity,20.0,0.0008136736711372806
constant_velocity,20.0,0.000813732074774251
constant_velocity,20.0,0.0008141772040294263
constant_velocity,20.0,0.0008143268197904556
constant_velocity,20.0,0.0008143475055504983
constant_velocity,20.0,0.0008287197686614045
constant_velocity,20.0,0.0008351687398721656
constant_velocity,20.0,0.0008352461009079884
constant_velocity,20.0,0.0008857248026274303
constant_velocity,20.0,0.0008862028706263551
constant_velocity,20.0,0.0009277666424707475
constant_velocity,20.0,0.000927797489624708
constant_velocity,20.0,0.0009715850170877589
constant_velocity,20.0,0.000977097907645714
constant_velocity,20.0,0.0009781580664694537
constant_velocity,20.0,0.0009884255122194208
constant_velocity,20.0,0.0010665363750942114
constant_velocity,20.0,0.0010956679779712557
constant_velocity,20.0,0.0011254314269273894
constant_velocity,20.0,0.0011255157898174602
constant_velocity,20.0,0.001150879667774116
constant_velocity,20.0,0.0011512479676027282
constant_velocity,20.0,0.0011581319993921554
constant_velocity,20.0,0.001162525814006159
constant_velocity,20.0,0.0011639140449636223
constant_velocity,20.0,0.0012203310460236778
constant_velocity,20.0,0.0012209963620998863
constant_velocity,20.0,0.0012211876793689063
constant_velocity,20.0,0.0012217695322524484
constant_velocity,20.0,0.0012221239739533937
constant_velocity,20.0,0.0012253699529764562
constant_velocity,20.0,0.001265921713758312
constant_velocity,20.0,0.0012702658096635112
constant_velocity,20.0,0.0012916230681150273
constant_velocity,20.0,0.001295760444247292
constant_velocity,20.0,0.00140315234935043
constant_velocity,20.0,0.0014039048243789216
constant_velocity,20.0,0.0015078986852850296
constant_velocity,20.0,0.001508508009202092
constant_velocity,20.0,0.0015121981246252452
constant_velocity,20.0,0.001512261754431731
constant_velocity,20.0,0.0015136767583381133
constant_velocity,20.0,0.0015137165812458462
constant_velocity,20.0,0.0015407766004484583
constant_velocity,20.0,0.0015409169294604292
constant_velocity,20.0,0.0018333254967661068
constant_velocity,20.0,0.0018425275227704537
constant_velocity,20.0,0.0019083185875322986
constant_velocity,20.0,0.0019158098317298645
constant_velocity,20.0,0.002109166740002184
constant_velocity,20.0,0.002110275041888425
constant_velocity,20.0,0.002287576024413709
constant_velocity,20.0,0.002296331649390917
constant_velocity,20.0,0.0023139601592657194
constant_velocity,20.0,0.0023251082095466125
constant_velocity,20.0,0.003904486656375907
constant_velocity,20.0,0.004420520879363276
constant_velocity,20.0,0.004420582368598991
constant_velocity,20.0,1.6326887122696055e-05
constant_velocity,20.0,1.801532783330754e-05
constant_velocity,20.0,1.8015489128029596e-05
constant_velocity,20.0,1.8327496419487334e-05
constant_velocity,20.0,2.0423408536090707e-05
constant_velocity,20.0,2.0423745534283913e-05
constant_velocity,20.0,3.1874923748313024e-05
constant_velocity,20.0,3.554844833826827e-05
constant_velocity,20.0,3.554884756347713e-05
constant_velocity,20.0,3.5683156101412426e-05
constant_velocity,20.0,3.974879776933142e-05
constant_velocity,20.0,4.001647301274112e-05
constant_velocity,20.0,6.794628143366372e-05
constant_velocity,20.0,7.663239520859291e-05
constant_velocity,20.0,7.66400311082822e-05
constant_velocity,20.0,7.701083107740265e-05
constant_velocity,20.0,8.139801171316567e-05
constant_velocity,20.0,8.279660123370015e-05
constant_velocity,20.0,8.392442929246168e-05
constant_velocity,20.0,8.634863162241215e-05
constant_velocity,20.0,8.819218880175588e-05
constant_velocity,20.0,9.038108148762401e-05
constant_velocity,20.0,9.038958782181815e-05
constant_velocity,40.0,0.0001488067158038503
constant_velocity,40.0,0.0001706393670975305
constant_velocity,40.0,0.0001708618785741276
constant_velocity,40.0,0.0001708646660790042
constant_velocity,40.0,0.00017791750602671116
constant_velocity,40.0,0.00018297173415144998
constant_velocity,40.0,0.0001847333381568627
constant_velocity,40.0,0.00019762177495930266
constant_velocity,40.0,0.00019763026965019978
constant_velocity,40.0,0.00023927634477417757
constant_velocity,40.0,0.00027220525659928286
constant_velocity,40.0,0.0002722561852066618
constant_velocity,40.0,0.00031220910156312063
constant_velocity,40.0,0.0003264395043884132
constant_velocity,40.0,0.0003364493882368553
constant_velocity,40.0,0.00035539997883608223
constant_velocity,40.0,0.0003555930625816383
constant_velocity,40.0,0.0003798568540277884
constant_velocity,40.0,0.0004096230603386938
constant_velocity,40.0,0.0004131207599783932
constant_velocity,40.0,0.000489309318187172
constant_velocity,40.0,0.0005005578533542245
constant_velocity,40.0,0.0005096116866683451
constant_velocity,40.0,0.0005096465606966544
constant_velocity,40.0,0.0005237916277680641
constant_velocity,40.0,0.0005254579999777806
constant_velocity,40.0,0.0005256613560663314
constant_velocity,40.0,0.00052566834278397
constant_velocity,40.0,0.0005789147463294377
constant_velocity,40.0,0.0005791938894381979
constant_velocity,40.0,0.0005794872223860294
constant_velocity,40.0,0.0005867077864491207
constant_velocity,40.0,0.0006492549238118482
constant_velocity,40.0,0.0006740183780572097
constant_velocity,40.0,0.000763652509811122
constant_velocity,40.0,0.0007637788940644504
constant_velocity,40.0,0.0007779824541547689
constant_velocity,40.0,0.0007782641678962239
constant_velocity,40.0,0.0008181689126624169
constant_velocity,40.0,0.0008182647330921422
constant_velocity,40.0,0.0008182908959372226
constant_velocity,40.0,0.0008183430883883304
constant_velocity,40.0,0.0008268585981586964
constant_velocity,40.0,0.0008715662174164212
constant_velocity,40.0,0.0009026231842212384
constant_velocity,40.0,0.0009029493896202205
constant_velocity,40.0,0.0009030244669022292
constant_velocity,40.0,0.000903193249992715
constant_velocity,40.0,0.000903353583894048
constant_velocity,40.0,0.0009035609737535364
constant_velocity,40.0,0.0009165411504533641
constant_velocity,40.0,0.0009165763398055284
constant_velocity,40.0,0.0009406870800279517
constant_velocity,40.0,0.0009452303430903226
constant_velocity,40.0,0.0010121936049770847
constant_velocity,40.0,0.0010123377872561985
constant_velocity,40.0,0.0010396366743959753
constant_velocity,40.0,0.0010419101878311186
constant_velocity,40.0,0.0010519330218363857
constant_velocity,40.0,0.0010520615990447528
constant_velocity,40.0,0.0011328789805135466
constant_velocity,40.0,0.0012190287747844987
constant_velocity,40.0,0.0012323595252366228
constant_velocity,40.0,0.001288764374484912
constant_velocity,40.0,0.0012891662869102475
constant_velocity,40.0,0.0013300162437950317
constant_velocity,40.0,0.0013321028027957873
constant_velocity,40.0,0.001342230159367011
constant_velocity,40.0,0.00137552631722851
constant_velocity,40.0,0.0013904042388769799
constant_velocity,40.0,0.0013920643878908956
constant_velocity,40.0,0.0013959466825836486
constant_velocity,40.0,0.001397504209147291
constant_velocity,40.0,0.001404213595734568
constant_velocity,40.0,0.0014485448509007435
constant_velocity,40.0,0.0014485707753803712
constant_velocity,40.0,0.0014487152705547803
constant_velocity,40.0,0.001490434172530246
constant_velocity,40.0,0.0015163544445529259
constant_velocity,40.0,0.0015164500209344407
constant_velocity,40.0,0.0015206761835460183
constant_velocity,40.0,0.0015210428125690153
constant_velocity,40.0,0.0015769224793163274
constant_velocity,40.0,0.0016265180539208803
constant_velocity,40.0,0.0016265574995406452
constant_velocity,40.0,0.001653172713566223
constant_velocity,40.0,0.001726916939469982
constant_velocity,40.0,0.0017699043205948839
constant_velocity,40.0,0.001769945084973589
constant_velocity,40.0,0.0018989346098126556
constant_velocity,40.0,0.0018990338688737757
constant_velocity,40.0,0.0020076670934259335
constant_velocity,40.0,0.00205052410547167
constant_velocity,40.0,0.002053439473091951
constant_velocity,40.0,0.002096784128023353
constant_velocity,40.0,0.0020968543598309467
constant_velocity,40.0,0.0021318984318680788
constant_velocity,40.0,0.0021322593885404755
constant_velocity,40.0,0.0021490501127900082
constant_velocity,40.0,0.0021490839501124327
constant_velocity,40.0,0.0021656503696733595
constant_velocity,40.0,0.00217256937478602
constant_velocity,40.0,0.0021738229261133698
constant_velocity,40.0,0.0022585473857849926
constant_velocity,40.0,0.0022593461346115504
constant_velocity,40.0,0.0022593533401617117
constant_velocity,40.0,0.002259913080519217
constant_velocity,40.0,0.002260064214418532
constant_velocity,40.0,0.0022605030779259488
constant_velocity,40.0,0.00228498307927149
constant_velocity,40.0,0.0023283054730578864
constant_velocity,40.0,0.002328397800645461
constant_velocity,40.0,0.0023484513804663053
constant_velocity,40.0,0.0024542798679545535
constant_velocity,40.0,0.002454769615058649
constant_velocity,40.0,0.0025602540396849702
constant_velocity,40.0,0.0025828849450737286
constant_velocity,40.0,0.0025829217544003275
constant_velocity,40.0,0.0026568415194434592
constant_velocity,40.0,0.0026579943660245864
constant_velocity,40.0,0.0026923342979791698
constant_velocity,40.0,0.002692443837127717
constant_velocity,40.0,0.0027495758584149942
constant_velocity,40.0,0.002777244321529616
constant_velocity,40.0,0.0031364378615931954
constant_velocity,40.0,0.00313653854443701
constant_velocity,40.0,0.003147324379334077
constant_velocity,40.0,0.0031488337215605437
constant_velocity,40.0,0.0032001042916722363
constant_velocity,40.0,0.0032005064285339116
constant_velocity,40.0,0.00322804287717279
constant_velocity,40.0,0.003352622733380801
constant_velocity,40.0,0.0033564640379383183
constant_velocity,40.0,0.003388552114407479
constant_velocity,40.0,0.0033887573029508875
constant_velocity,40.0,0.0033897584883996394
constant_velocity,40.0,0.0033898606387152918
constant_velocity,40.0,0.003410805031977362
constant_velocity,40.0,0.003415312214893666
constant_velocity,40.0,0.0034382602439886147
constant_velocity,40.0,0.0034609562315616777
constant_velocity,40.0,0.003465345766013162
constant_velocity,40.0,0.003769255842747965
constant_velocity,40.0,0.003770171500146114
constant_velocity,40.0,0.0037786160335133534
constant_velocity,40.0,0.0038978927373359016
constant_velocity,40.0,0.0038986632124855987
constant_velocity,40.0,0.004037653911258978
constant_velocity,40.0,0.004068511653058375
constant_velocity,40.0,0.004196455304659149
constant_velocity,40.0,0.00419680083267794
constant_velocity,40.0,0.004198168568624522
constant_velocity,40.0,0.004198487361873993
constant_velocity,40.0,0.004295308993919843
constant_velocity,40.0,0.0042954764753239776
constant_velocity,40.0,0.004921597528162654
constant_velocity,40.0,0.004928962042164327
constant_velocity,40.0,0.00509829108990004
constant_velocity,40.0,0.005105516942346537
constant_velocity,40.0,0.005633175721090063
constant_velocity,40.0,0.005634529127063061
constant_velocity,40.0,0.006187054514524222
constant_velocity,40.0,0.006196584593101732
constant_velocity,40.0,0.006197099692454766
constant_velocity,40.0,0.00620585070776797
constant_velocity,40.0,0.008545133251718007
constant_velocity,40.0,0.009872352213672457
constant_velocity,40.0,0.00987244355023222
constant_velocity,40.0,3.52422010515895e-05
constant_velocity,40.0,3.963691025633701e-05
constant_velocity,40.0,3.963715268335415e-05
constant_velocity,40.0,3.986677074914247e-05
constant_velocity,40.0,4.5311245604256524e-05
constant_velocity,40.0,4.531174361489044e-05
constant_velocity,40.0,6.936768029981742e-05
constant_velocity,40.0,7.795559652756162e-05
constant_velocity,40.0,7.883370568392881e-05
constant_velocity,40.0,7.883430008434833e-05
constant_velocity,40.0,8.588711203917961e-05
constant_velocity,40.0,8.62244420743292e-05
constant_velocity,50.0,0.00010140715021158717
constant_velocity,50.0,0.00010456942602917188
constant_velocity,50.0,0.00010457012231635162
constant_velocity,50.0,0.00011191178936787675
constant_velocity,50.0,0.00011221682029601189
constant_velocity,50.0,0.0001971475614506689
constant_velocity,50.0,0.0002205018807809828
constant_velocity,50.0,0.00022715449724010424
constant_velocity,50.0,0.00022715570201050178
constant_velocity,50.0,0.00023289932003111726
constant_velocity,50.0,0.0002377962728084555
constant_velocity,50.0,0.00023924678705195272
constant_velocity,50.0,0.0002600461916692577
constant_velocity,50.0,0.0002600533829842086
constant_velocity,50.0,0.00031649456703959443
constant_velocity,50.0,0.0003610566275559339
constant_velocity,50.0,0.00036113153323539307
constant_velocity,50.0,0.00041272147422930427
constant_velocity,50.0,0.0004708641172645975
constant_velocity,50.0,0.0004710929044676758
constant_velocity,50.0,0.0004895762932020302
constant_velocity,50.0,0.0005106650536761609
constant_velocity,50.0,0.0005262824690942573
constant_velocity,50.0,0.0005350884309093263
constant_velocity,50.0,0.0005380114793882428
constant_velocity,50.0,0.0007346453264344926
constant_velocity,50.0,0.0007346783837276407
constant_velocity,50.0,0.0007577751626925441
constant_velocity,50.0,0.0007577827154191335
constant_velocity,50.0,0.0007648615763172475
constant_velocity,50.0,0.0007802766153289275
constant_velocity,50.0,0.0008197850156396702
constant_velocity,50.0,0.0008203093767694123
constant_velocity,50.0,0.0009042249840967109
constant_velocity,50.0,0.0009046395509780457
constant_velocity,50.0,0.000904943458011998
constant_velocity,50.0,0.000918372170954238
constant_velocity,50.0,0.0010140395795282238
constant_velocity,50.0,0.0010534394370034375
constant_velocity,50.0,0.0010999149069154412
constant_velocity,50.0,0.0011000459770070066
constant_velocity,50.0,0.0011187840239493697
constant_velocity,50.0,0.001119085043787252
constant_velocity,50.0,0.0011767831779747992
constant_velocity,50.0,0.0011769478593518536
constant_velocity,50.0,0.0011802085317868338
constant_velocity,50.0,0.0011802368106556326
constant_velocity,50.0,0.0012918223644447471
constant_velocity,50.0,0.0012987217680495227
constant_velocity,50.0,0.0012990690829157612
constant_velocity,50.0,0.0012991583031710802
constant_velocity,50.0,0.0012992465623190093
constant_velocity,50.0,0.0012995487487284516
constant_velocity,50.0,0.0012995968711662126
constant_velocity,50.0,0.0013221276509967003
constant_velocity,50.0,0.0013221656942067062
constant_velocity,50.0,0.0013409728655099575
constant_velocity,50.0,0.001417244729012878
constant_velocity,50.0,0.0014291301193687632
constant_velocity,50.0,0.0014566357291829633
constant_velocity,50.0,0.001456768955841943
constant_velocity,50.0,0.001514957899790204
constant_velocity,50.0,0.0015150848093048494
constant_velocity,50.0,0.0015625461992002827
constant_velocity,50.0,0.0016299545122349887
constant_velocity,50.0,0.0016905660731195498
constant_velocity,50.0,0.0017726169615588292
constant_velocity,50.0,0.0018549190487031897
constant_velocity,50.0,0.0018553294708861198
constant_velocity,50.0,0.001884313254572174
constant_velocity,50.0,0.001886221448020707
constant_velocity,50.0,0.0019038094096027849
constant_velocity,50.0,0.001964317937223613
constant_velocity,50.0,0.0019659684522678154
constant_velocity,50.0,0.0019766997653846634
constant_velocity,50.0,0.0019782602531512893
constant_velocity,50.0,0.0020680941819413035
constant_velocity,50.0,0.002068203109303405
constant_velocity,50.0,0.0021007857090408867
constant_velocity,50.0,0.00215182652646235
constant_velocity,50.0,0.0021573794017720844
constant_velocity,50.0,0.002162635974765854
constant_velocity,50.0,0.0021630353795167793
constant_velocity,50.0,0.002262536356256965
constant_velocity,50.0,0.0022630362638714078
constant_velocity,50.0,0.002263152844479718
constant_velocity,50.0,0.0023330324514198733
constant_velocity,50.0,0.002345021761212521
constant_velocity,50.0,0.0023450582486447785
constant_velocity,50.0,0.0024606373568226867
constant_velocity,50.0,0.0025521896931707
constant_velocity,50.0,0.0025522337651492184
constant_velocity,50.0,0.002585973187617911
constant_velocity,50.0,0.0026675570335099636
constant_velocity,50.0,0.0027330597816279762
constant_velocity,50.0,0.0027331325706245906
constant_velocity,50.0,0.0030243369737681233
constant_velocity,50.0,0.0030244128768174517
constant_velocity,50.0,0.0030489138238171125
constant_velocity,50.0,0.0030492985456370514
constant_velocity,50.0,0.0030982623282034697
constant_velocity,50.0,0.0030982989040303334
constant_velocity,50.0,0.003142135390334559
constant_velocity,50.0,0.0031636717322690556
constant_velocity,50.0,0.0032054200579733592
constant_velocity,50.0,0.0032495691466695644
constant_velocity,50.0,0.003250427172912579
constant_velocity,50.0,0.0032512981998567315
constant_velocity,50.0,0.0032520641033762267
constant_velocity,50.0,0.0032529401847301857
constant_velocity,50.0,0.003253571160941547
constant_velocity,50.0,0.00335870543074567
constant_velocity,50.0,0.0033588052442738987
constant_velocity,50.0,0.0033629961387048966
constant_velocity,50.0,0.00339402308914399
constant_velocity,50.0,0.0033948912336535715
constant_velocity,50.0,0.0034786853184026224
constant_velocity,50.0,0.003528511852379411
constant_velocity,50.0,0.0035289896840559123
constant_velocity,50.0,0.0035512618416992867
constant_velocity,50.0,0.0037234602871506297
constant_velocity,50.0,0.003723500081341353
constant_velocity,50.0,0.0037810388186829613
constant_velocity,50.0,0.0037822238249832496
constant_velocity,50.0,0.0038714268109194413
constant_velocity,50.0,0.004076845120261465
constant_velocity,50.0,0.004204567025844347
constant_velocity,50.0,0.004204824876464314
constant_velocity,50.0,0.004303959028815244
constant_velocity,50.0,0.004473974275411171
constant_velocity,50.0,0.004475531278364343
constant_velocity,50.0,0.004523737904152582
constant_velocity,50.0,0.004523846752085483
constant_velocity,50.0,0.004609292164503599
constant_velocity,50.0,0.0046097008857914476
constant_velocity,50.0,0.0047915187068012805
constant_velocity,50.0,0.00479539769247974
constant_velocity,50.0,0.0048386643886643935
constant_velocity,50.0,0.004843113091654185
constant_velocity,50.0,0.004874496400971576
constant_velocity,50.0,0.004875887009109364
constant_velocity,50.0,0.004877123707878064
constant_velocity,50.0,0.00487819277796802
constant_velocity,50.0,0.0049038074107788324
constant_velocity,50.0,0.004908190151144344
constant_velocity,50.0,0.004956419700893436
constant_velocity,50.0,0.005208400143994739
constant_velocity,50.0,0.005369411023668997
constant_velocity,50.0,0.00537040336882744
constant_velocity,50.0,0.005491154845324166
constant_velocity,50.0,0.0054919998984936215
constant_velocity,50.0,0.005722640199047149
constant_velocity,50.0,0.006036567809191433
constant_velocity,50.0,0.006037241991932691
constant_velocity,50.0,0.006038387678610713
constant_velocity,50.0,0.006039034005906832
constant_velocity,50.0,0.00619613838154853
constant_velocity,50.0,0.006196319445050535
constant_velocity,50.0,0.006223481021578471
constant_velocity,50.0,0.006225258012550912
constant_velocity,50.0,0.0069434072298759685
constant_velocity,50.0,0.006949506370320641
constant_velocity,50.0,0.007203810266863566
constant_velocity,50.0,0.007210633976328951
constant_velocity,50.0,0.008018166420610701
constant_velocity,50.0,0.008019633390318942
constant_velocity,50.0,0.008727856632447302
constant_velocity,50.0,0.008735996305014732
constant_velocity,50.0,0.008809597937189056
constant_velocity,50.0,0.008818030373145718
constant_velocity,50.0,0.01133554029768361
constant_velocity,50.0,0.013152825491990483
constant_velocity,50.0,0.013152932269580553
constant_velocity,50.0,4.631205488585297e-05
constant_velocity,50.0,5.237467828437526e-05
constant_velocity,50.0,5.2374963588976755e-05
constant_velocity,50.0,5.2639316030783034e-05
constant_velocity,50.0,6.0137676737643805e-05
constant_velocity,50.0,6.013825699951487e-05
constant_velocity,50.0,9.157895167854022e-05
constant_velocity,60.0,0.00011661496784507052
constant_velocity,60.0,0.0001267654277553192
constant_velocity,60.0,0.00013338009033326544
constant_velocity,60.0,0.00013338088763050992
constant_velocity,60.0,0.00014065880175969956
constant_velocity,60.0,0.00014092296565955566
constant_velocity,60.0,0.0002518674799982252
constant_velocity,60.0,0.00027347286105812256
constant_velocity,60.0,0.00029025632938720145
constant_velocity,60.0,0.0002902619362566081
constant_velocity,60.0,0.0002938721896660301
constant_velocity,60.0,0.00029952558868985097
constant_velocity,60.0,0.0003008463203408138
constant_velocity,60.0,0.0003290197878363347
constant_velocity,60.0,0.0003290247647859164
constant_velocity,60.0,0.0004033867718847643
constant_velocity,60.0,0.0004603085740309591
constant_velocity,60.0,0.0004604004902065973
constant_velocity,60.0,0.0005257592124591825
constant_velocity,60.0,0.0005998900456459411
constant_velocity,60.0,0.0006001298582193663
constant_velocity,60.0,0.0006129132360414338
constant_velocity,60.0,0.0006805080555807498
constant_velocity,60.0,0.0006835119749882013
constant_velocity,60.0,0.0007361718647299593
constant_velocity,60.0,0.0007586737862512515
constant_velocity,60.0,0.001000975989208823
constant_velocity,60.0,0.0010010075058099516
constant_velocity,60.0,0.0010325242568494522
constant_velocity,60.0,0.001032532375602591
constant_velocity,60.0,0.0011016815403777531
constant_velocity,60.0,0.0011216106361071731
constant_velocity,60.0,0.0011798842025283716
constant_velocity,60.0,0.0011824124988452948
constant_velocity,60.0,0.0013011203977843528
constant_velocity,60.0,0.0013016662997355434
constant_velocity,60.0,0.0013017862010300044
constant_velocity,60.0,0.0013247877847515877
constant_velocity,60.0,0.001459299643589266
constant_velocity,60.0,0.0014972405409684824
constant_velocity,60.0,0.0014973756419078461
constant_velocity,60.0,0.0015171567170695394
constant_velocity,60.0,0.0015204878256656448
constant_velocity,60.0,0.0015208071153277522
constant_velocity,60.0,0.001599481490276055
constant_velocity,60.0,0.0015996395595892932
constant_velocity,60.0,0.001608938949266408
constant_velocity,60.0,0.0016089693408300905
constant_velocity,60.0,0.0017654828347297173
constant_velocity,60.0,0.0017655852972133634
constant_velocity,60.0,0.001765893969465348
constant_velocity,60.0,0.0017659522949263708
constant_velocity,60.0,0.0017661954648158437
constant_velocity,60.0,0.0017665654532523307
constant_velocity,60.0,0.0018026631843871856
constant_velocity,60.0,0.0018027040812223316
constant_velocity,60.0,0.0018594215797977235
constant_velocity,60.0,0.0018984129478952123
constant_velocity,60.0,0.00198109611304155
constant_velocity,60.0,0.0019812190012836344
constant_velocity,60.0,0.0019884490823108376
constant_velocity,60.0,0.002008621059652485
constant_velocity,60.0,0.0020620210100299745
constant_velocity,60.0,0.0020621448521968167
constant_velocity,60.0,0.0021994543542281576
constant_velocity,60.0,0.0022282653579282627
constant_velocity,60.0,0.002349928202236898
constant_velocity,60.0,0.0025185195469578036
constant_velocity,60.0,0.002520198439910766
constant_velocity,60.0,0.0025227957401874257
constant_velocity,60.0,0.002523211199107211
constant_velocity,60.0,0.0025561229709735937
constant_velocity,60.0,0.0026267381907672813
constant_velocity,60.0,0.0026283472983563566
constant_velocity,60.0,0.0026470533077853973
constant_velocity,60.0,0.0026485874078004856
constant_velocity,60.0,0.002701856244858721
constant_velocity,60.0,0.0027019779997866054
constant_velocity,60.0,0.0027398965916226605
constant_velocity,60.0,0.0029170411404122474
constant_velocity,60.0,0.0029174720063212304
constant_velocity,60.0,0.0030301387197782317
constant_velocity,60.0,0.003073237618558069
constant_velocity,60.0,0.003102280610831646
constant_velocity,60.0,0.0031957397076427456
constant_velocity,60.0,0.0031957791198555905
constant_velocity,60.0,0.0032555451856954598
constant_velocity,60.0,0.003256816904318457
constant_velocity,60.0,0.0032577709174848703
constant_velocity,60.0,0.0033655737935098487
constant_velocity,60.0,0.003478567756096471
constant_velocity,60.0,0.0034786151372574255
constant_velocity,60.0,0.0035375989223167988
constant_velocity,60.0,0.0037176526312649744
constant_velocity,60.0,0.003717713442291985
constant_velocity,60.0,0.0037279316932695306
constant_velocity,60.0,0.0037954338080005688
constant_velocity,60.0,0.004123072167474068
constant_velocity,60.0,0.004123153731294749
constant_velocity,60.0,0.004125147462155366
constant_velocity,60.0,0.0041255540990703795
constant_velocity,60.0,0.004221957458184505
constant_velocity,60.0,0.004221996771773009
constant_velocity,60.0,0.00441750343107681
constant_velocity,60.0,0.004418409806299584
constant_velocity,60.0,0.0044208724861978695
constant_velocity,60.0,0.004421683324355591
constant_velocity,60.0,0.004424571077629453
constant_velocity,60.0,0.004425241186183653
constant_velocity,60.0,0.004494409428756887
constant_velocity,60.0,0.004532009184533084
constant_velocity,60.0,0.004579555145537681
constant_velocity,60.0,0.004579662443780534
constant_velocity,60.0,0.004617028777288736
constant_velocity,60.0,0.004793775009487355
constant_velocity,60.0,0.004794223866198954
constant_velocity,60.0,0.004807364329901614
constant_velocity,60.0,0.004884008237980183
constant_velocity,60.0,0.0048849890140207925
constant_velocity,60.0,0.004907164334669753
constant_velocity,60.0,0.004991864165403551
constant_velocity,60.0,0.0050735895304168535
constant_velocity,60.0,0.0050736323114783845
constant_velocity,60.0,0.00508262536450837
constant_velocity,60.0,0.005083834220848104
constant_velocity,60.0,0.005464158861949656
constant_velocity,60.0,0.005650085105424829
constant_velocity,60.0,0.006011419889633576
constant_velocity,60.0,0.006013018450988008
constant_velocity,60.0,0.0060487399033133625
constant_velocity,60.0,0.006049279851056417
constant_velocity,60.0,0.006167084136413174
constant_velocity,60.0,0.0061672011501385975
constant_velocity,60.0,0.006208706117181377
constant_velocity,60.0,0.0062740971350707
constant_velocity,60.0,0.006274499843958154
constant_velocity,60.0,0.006465720192956744
constant_velocity,60.0,0.00646957843694037
constant_velocity,60.0,0.006485804582880496
constant_velocity,60.0,0.006490101527029859
constant_velocity,60.0,0.006569478964698133
constant_velocity,60.0,0.0065737667249167065
constant_velocity,60.0,0.006624820900991394
constant_velocity,60.0,0.006626286657346053
constant_velocity,60.0,0.006632538503847717
constant_velocity,60.0,0.006633671848388028
constant_velocity,60.0,0.006994922584885349
constant_velocity,60.0,0.007246493453083927
constant_velocity,60.0,0.007247559441823271
constant_velocity,60.0,0.007315072445966559
constant_velocity,60.0,0.007354128389696322
constant_velocity,60.0,0.0073550444468420744
constant_velocity,60.0,0.00808996976858263
constant_velocity,60.0,0.008204083986988879
constant_velocity,60.0,0.008205305268457594
constant_velocity,60.0,0.008206001579732775
constant_velocity,60.0,0.008207194173552689
constant_velocity,60.0,0.008448262668035224
constant_velocity,60.0,0.008448457312173405
constant_velocity,60.0,0.008777488878701495
constant_velocity,60.0,0.008844213753820504
constant_velocity,60.0,0.00924008845541492
constant_velocity,60.0,0.009244773106213319
constant_velocity,60.0,0.009619644095350807
constant_velocity,60.0,0.009625897153957593
constant_velocity,60.0,0.010818241389505445
constant_velocity,60.0,0.010819817158352387
constant_velocity,60.0,0.011616246261717854
constant_velocity,60.0,0.01162269602908801
constant_velocity,60.0,0.011824944243126318
constant_velocity,60.0,0.011832859720779425
constant_velocity,60.0,0.014511814474789877
constant_velocity,60.0,0.016851317429925416
constant_velocity,60.0,0.016851439447356252
constant_velocity,60.0,5.870943183275753e-05
constant_velocity,60.0,6.657273575044059e-05
constant_velocity,60.0,6.657306385235422e-05
constant_velocity,60.0,6.705903737329921e-05
constant_velocity,60.0,7.676764488125211e-05
constant_velocity,60.0,7.676830500917138e-05
constant_velocity,80.0,0.00010147376774040998
constant_velocity,80.0,0.0001158785731159205
constant_velocity,80.0,0.00011587938231690634
constant_velocity,80.0,0.00017617242213040064
constant_velocity,80.0,0.00018657102517597978
constant_velocity,80.0,0.00020090826729421974
constant_velocity,80.0,0.0002009092609629895
constant_velocity,80.0,0.00020862182190305566
constant_velocity,80.0,0.00020887640150393474
constant_velocity,80.0,0.0003824599637726046
constant_velocity,80.0,0.00040233891474317755
constant_velocity,80.0,0.00043574841772086583
constant_velocity,80.0,0.0004382341550556332
constant_velocity,80.0,0.0004382469420568697
constant_velocity,80.0,0.0004466366802051691
constant_velocity,80.0,0.0004483075557642389
constant_velocity,80.0,0.0004878174363326978
constant_velocity,80.0,0.00048781881636481776
constant_velocity,80.0,0.0006087608049735901
constant_velocity,80.0,0.0006921675755628167
constant_velocity,80.0,0.0006922668988702915
constant_velocity,80.0,0.0007929160685502913
constant_velocity,80.0,0.0009018199739245777
constant_velocity,80.0,0.0009020225846780367
constant_velocity,80.0,0.0009197297944123705
constant_velocity,80.0,0.0010239146327424415
constant_velocity,80.0,0.001027625555934217
constant_velocity,80.0,0.0013114272268594052
constant_velocity,80.0,0.001351642656974621
constant_velocity,80.0,0.0016579299848957503
constant_velocity,80.0,0.0016579594287376093
constant_velocity,80.0,0.001710423024289625
constant_velocity,80.0,0.0017104322747028482
constant_velocity,80.0,0.0019586469137537793
constant_velocity,80.0,0.001986766192665693
constant_velocity,80.0,0.002091188389161759
constant_velocity,80.0,0.002108675422658657
constant_velocity,80.0,0.0023059499559675576
constant_velocity,80.0,0.0023068029003398224
constant_velocity,80.0,0.0023074594136140414
constant_velocity,80.0,0.0023632922803892512
constant_velocity,80.0,0.002474460024124596
constant_velocity,80.0,0.002474601075449731
constant_velocity,80.0,0.0025033633469444595
constant_velocity,80.0,0.002503715478741699
constant_velocity,80.0,0.0025898977478461737
constant_velocity,80.0,0.002635249059304841
constant_velocity,80.0,0.0026353995006030413
constant_velocity,80.0,0.0026677922346704025
constant_velocity,80.0,0.002667826838327524
constant_velocity,80.0,0.0026968954431421193
constant_velocity,80.0,0.002904374123928902
constant_velocity,80.0,0.002904819344514525
constant_velocity,80.0,0.002907825603511362
constant_velocity,80.0,0.002908226798838087
constant_velocity,80.0,0.002908307974783364
constant_velocity,80.0,0.0029087118577742106
constant_velocity,80.0,0.002989942771499366
constant_velocity,80.0,0.0029899893717544126
constant_velocity,80.0,0.003244956099937077
constant_velocity,80.0,0.0032687585350103356
constant_velocity,80.0,0.0032688683906649586
constant_velocity,80.0,0.003299773934019916
constant_velocity,80.0,0.0033946697458861457
constant_velocity,80.0,0.003407549446237528
constant_velocity,80.0,0.0034076590451427797
constant_velocity,80.0,0.0034333576739293908
constant_velocity,80.0,0.0035566426981192396
constant_velocity,80.0,0.0038142906332755745
constant_velocity,80.0,0.003993633771529488
constant_velocity,80.0,0.003994743015494157
constant_velocity,80.0,0.004160426647945752
constant_velocity,80.0,0.004160844473043425
constant_velocity,80.0,0.004187766779045984
constant_velocity,80.0,0.004196739695460086
constant_velocity,80.0,0.004198184207766733
constant_velocity,80.0,0.0042239669759015965
constant_velocity,80.0,0.004224112881775682
constant_velocity,80.0,0.004234753453012237
constant_velocity,80.0,0.004236158074056974
constant_velocity,80.0,0.0045566550395991865
constant_velocity,80.0,0.00476181676553793
constant_velocity,80.0,0.004762307258710041
constant_velocity,80.0,0.004863689515949663
constant_velocity,80.0,0.005296031304893273
constant_velocity,80.0,0.005296077543215879
constant_velocity,80.0,0.005382879317413958
constant_velocity,80.0,0.005404078696735054
constant_velocity,80.0,0.005527874641231372
constant_velocity,80.0,0.0057657525910298916
constant_velocity,80.0,0.005765806593093581
constant_velocity,80.0,0.005771183827442171
constant_velocity,80.0,0.005776369443904241
constant_velocity,80.0,0.005782293096972799
constant_velocity,80.0,0.006004136296096539
constant_velocity,80.0,0.006136550635759966
constant_velocity,80.0,0.006136608769561236
constant_velocity,80.0,0.006263786291924157
constant_velocity,80.0,0.006575638617273221
constant_velocity,80.0,0.006641938884193646
constant_velocity,80.0,0.006744145468501243
constant_velocity,80.0,0.0067445905251559204
constant_velocity,80.0,0.00683672783541172
constant_velocity,80.0,0.006836820680463614
constant_velocity,80.0,0.0069949338781552005
constant_velocity,80.0,0.006994978662628679
constant_velocity,80.0,0.007274196545509947
constant_velocity,80.0,0.007275186204802532
constant_velocity,80.0,0.007284421964077558
constant_velocity,80.0,0.007285312259843948
constant_velocity,80.0,0.0072973033439609515
constant_velocity,80.0,0.007298045067158487
constant_velocity,80.0,0.0075961020203596345
constant_velocity,80.0,0.007596224275960459
constant_velocity,80.0,0.007782074606668214
constant_velocity,80.0,0.007889268330111462
constant_velocity,80.0,0.007889675864122299
constant_velocity,80.0,0.008082480475069459
constant_velocity,80.0,0.008181024452087899
constant_velocity,80.0,0.008182260673665304
constant_velocity,80.0,0.008207397276434908
constant_velocity,80.0,0.008392664343282006
constant_velocity,80.0,0.008405067960225453
constant_velocity,80.0,0.008405116719723434
constant_velocity,80.0,0.00841100055687599
constant_velocity,80.0,0.008533099234642974
constant_velocity,80.0,0.00865326816449169
constant_velocity,80.0,0.00866700585229267
constant_velocity,80.0,0.009484591095635963
constant_velocity,80.0,0.009619637953832435
constant_velocity,80.0,0.009687253416003305
constant_velocity,80.0,0.009688923928586769
constant_velocity,80.0,0.010226259313301764
constant_velocity,80.0,0.010226392653449502
constant_velocity,80.0,0.010366332971736388
constant_velocity,80.0,0.010366735121694507
constant_velocity,80.0,0.010376073433426582
constant_velocity,80.0,0.01037981643941765
constant_velocity,80.0,0.010470553128958277
constant_velocity,80.0,0.010474197353839233
constant_velocity,80.0,0.010510657345746835
constant_velocity,80.0,0.010514510283367522
constant_velocity,80.0,0.010716793301520982
constant_velocity,80.0,0.010718622083137803
constant_velocity,80.0,0.010901370513183397
constant_velocity,80.0,0.010902961740626571
constant_velocity,80.0,0.010933276309934794
constant_velocity,80.0,0.01093452518078909
constant_velocity,80.0,0.011075985933690673
constant_velocity,80.0,0.011820471838069387
constant_velocity,80.0,0.011821676992278927
constant_velocity,80.0,0.01186768408242345
constant_velocity,80.0,0.01188951299953521
constant_velocity,80.0,0.01189056279088261
constant_velocity,80.0,0.012442282660788317
constant_velocity,80.0,0.013500114457412374
constant_velocity,80.0,0.013502195351358305
constant_velocity,80.0,0.013503503090236625
constant_velocity,80.0,0.013505554681495606
constant_velocity,80.0,0.014012812739888764
constant_velocity,80.0,0.014013034525771947
constant_velocity,80.0,0.014079497469933066
constant_velocity,80.0,0.01453155027386349
constant_velocity,80.0,0.014533256952223532
constant_velocity,80.0,0.0148897665090152
constant_velocity,80.0,0.015272025019349184
constant_velocity,80.0,0.015281024663287535
constant_velocity,80.0,0.015285701542757688
constant_velocity,80.0,0.01764995236407178
constant_velocity,80.0,0.0176517343128857
constant_velocity,80.0,0.01826467456450033
constant_velocity,80.0,0.01826729638760597
constant_velocity,80.0,0.018939491431522376
constant_velocity,80.0,0.018945863630573066
constant_velocity,80.0,0.02216135721453321
constant_velocity,80.0,0.025596982659136795
constant_velocity,80.0,0.02559713418550171
constant_velocity,80.0,8.800517267562267e-05
constant_velocity,80.0,9.97091676210508e-05
constant_velocity,80.0,9.970957956765114e-05
local_polynomial,0.0,0.0001076563485618593
local_polynomial,0.0,0.00011664854275508812
local_polynomial,0.0,0.00011920060656621499
local_polynomial,0.0,0.00012912292701679047
local_polynomial,0.0,0.0001492537108484827
local_polynomial,0.0,0.00016138000279911023
local_polynomial,0.0,0.00017307038547567405
local_polynomial,0.0,0.00018688267162728325
local_polynomial,0.0,1.0000705087572393e-06
local_polynomial,0.0,1.0197598147621807e-09
local_polynomial,0.0,1.0376740966955919e-05
local_polynomial,0.0,1.0503360665486351e-07
local_polynomial,0.0,1.051565899827652e-06
local_polynomial,0.0,1.0610703496072028e-05
local_polynomial,0.0,1.0729899247781486e-07
local_polynomial,0.0,1.0935627535500697e-05
local_polynomial,0.0,1.1004612938451122e-05
local_polynomial,0.0,1.1257331043390917e-05
local_polynomial,0.0,1.1407898542483169e-07
local_polynomial,0.0,1.14383605634248e-05
local_polynomial,0.0,1.1458664887014978e-08
local_polynomial,0.0,1.1529872394989144e-05
local_polynomial,0.0,1.2110058441624388e-05
local_polynomial,0.0,1.2275028379701686e-10
local_polynomial,0.0,1.233021291542484e-07
local_polynomial,0.0,1.2629090308025743e-06
local_polynomial,0.0,1.2761549330023513e-05
local_polynomial,0.0,1.3170501465841429e-05
local_polynomial,0.0,1.3430914301052378e-05
local_polynomial,0.0,1.3443553870964443e-05
local_polynomial,0.0,1.3582024902272907e-08
local_polynomial,0.0,1.3620834066945753e-06
local_polynomial,0.0,1.3845718616450556e-05
local_polynomial,0.0,1.3872572267337483e-05
local_polynomial,0.0,1.3965717665047012e-06
local_polynomial,0.0,1.4034225352083552e-06
local_polynomial,0.0,1.423632727986987e-07
local_polynomial,0.0,1.4272399500334357e-07
local_polynomial,0.0,1.4342096611494505e-05
local_polynomial,0.0,1.4497490660281026e-06
local_polynomial,0.0,1.4499957328526569e-06
local_polynomial,0.0,1.4588086484066788e-05
local_polynomial,0.0,1.4641446658090213e-08
local_polynomial,0.0,1.4846108202977578e-05
local_polynomial,0.0,1.5795744328591953e-05
local_polynomial,0.0,1.5947584989626666e-07
local_polynomial,0.0,1.5957655501575975e-08
local_polynomial,0.0,1.6066233117121596e-05
local_polynomial,0.0,1.6369054117841316e-06
local_polynomial,0.0,1.6371913971220481e-06
local_polynomial,0.0,1.6556950040111916e-06
local_polynomial,0.0,1.6800397259076814e-07
local_polynomial,0.0,1.7117899776822984e-05
local_polynomial,0.0,1.712201085514807e-05
local_polynomial,0.0,1.8380636673336268e-05
local_polynomial,0.0,1.8437726313555367e-05
local_polynomial,0.0,1.860119623999355e-06
local_polynomial,0.0,1.8971345028404902e-07
local_polynomial,0.0,1.969474304494192e-05
local_polynomial,0.0,1.979714615041944e-05
local_polynomial,0.0,2.0029968387730286e-05
local_polynomial,0.0,2.0526122166670557e-06
local_polynomial,0.0,2.1000249711772538e-06
local_polynomial,0.0,2.156075425478504e-05
local_polynomial,0.0,2.307519499455559e-06
local_polynomial,0.0,2.314879410354113e-05
local_polynomial,0.0,2.3469550766740644e-05
local_polynomial,0.0,2.3513955907024324e-08
local_polynomial,0.0,2.361120406062867e-08
local_polynomial,0.0,2.3758370623024863e-09
local_polynomial,0.0,2.4331616716189785e-06
local_polynomial,0.0,2.505538478197963e-07
local_polynomial,0.0,2.514585891943704e-07
local_polynomial,0.0,2.5225533927160193e-08
local_polynomial,0.0,2.5355284288782066e-06
local_polynomial,0.0,2.6220965224224045e-06
local_polynomial,0.0,2.654448148552331e-07
local_polynomial,0.0,2.685940555369537e-06
local_polynomial,0.0,2.765723112806022e-06
local_polynomial,0.0,2.777452776015862e-06
local_polynomial,0.0,2.800202490563797e-07
local_polynomial,0.0,2.8044985417335594e-06
local_polynomial,0.0,2.855974783430496e-07
local_polynomial,0.0,2.8594134821567894e-10
local_polynomial,0.0,2.8646227024614313e-07
local_polynomial,0.0,2.9337776721487513e-05
local_polynomial,0.0,2.9353760370261627e-07
local_polynomial,0.0,2.9794320144995566e-05
local_polynomial,0.0,3.0479804658021496e-06
local_polynomial,0.0,3.0495689922195788e-05
local_polynomial,0.0,3.0593566132067852e-06
local_polynomial,0.0,3.076845007471242e-07
local_polynomial,0.0,3.1089748938372155e-06
local_polynomial,0.0,3.120920338729729e-07
local_polynomial,0.0,3.1489142678540074e-05
local_polynomial,0.0,3.167380796281111e-07
local_polynomial,0.0,3.2266474459069887e-06
local_polynomial,0.0,3.294097257345692e-05
local_polynomial,0.0,3.2979863294945343e-07
local_polynomial,0.0,3.3155413951337053e-07
local_polynomial,0.0,3.3971048987635425e-07
local_polynomial,0.0,3.4084786458286904e-06
local_polynomial,0.0,3.4213754346261077e-06
local_polynomial,0.0,3.450933555122421e-07
local_polynomial,0.0,3.474974469751929e-07
local_polynomial,0.0,3.5670084334443775e-05
local_polynomial,0.0,3.5681691638234554e-08
local_polynomial,0.0,3.6091801279741892e-06
local_polynomial,0.0,3.770261009094456e-09
local_polynomial,0.0,3.870905392248519e-06
local_polynomial,0.0,3.925971446656051e-09
local_polynomial,0.0,3.930467158926817e-08
local_polynomial,0.0,3.950675407886419e-08
local_polynomial,0.0,3.961691856225067e-06
local_polynomial,0.0,4.133133592951082e-05
local_polynomial,0.0,4.1538246598791516e-08
local_polynomial,0.0,4.1957340235752736e-07
local_polynomial,0.0,4.20499754637508e-07
local_polynomial,0.0,4.227544830306683e-07
local_polynomial,0.0,4.290467241331121e-07
local_polynomial,0.0,4.432354211213738e-07
local_polynomial,0.0,4.531396966724325e-05
local_polynomial,0.0,4.899547561328629e-06
local_polynomial,0.0,4.910069642969905e-07
local_polynomial,0.0,4.911043545753018e-08
local_polynomial,0.0,5.022794939551782e-07
local_polynomial,0.0,5.172798319768494e-06
local_polynomial,0.0,5.225210899464309e-07
local_polynomial,0.0,5.2763137676846045e-06
local_polynomial,0.0,5.389161798540775e-07
local_polynomial,0.0,5.400897356720747e-06
local_polynomial,0.0,5.520567371933177e-05
local_polynomial,0.0,5.574071910466223e-06
local_polynomial,0.0,5.639920614895672e-07
local_polynomial,0.0,5.65308650378916e-07
local_polynomial,0.0,5.665762945653677e-06
local_polynomial,0.0,5.758955459201613e-06
local_polynomial,0.0,5.785261218803118e-06
local_polynomial,0.0,5.860442015517584e-05
local_polynomial,0.0,5.931344416094669e-07
local_polynomial,0.0,5.976719001547124e-05
local_polynomial,0.0,5.996648877009397e-06
local_polynomial,0.0,6.238475043054142e-06
local_polynomial,0.0,6.34633236783114e-05
local_polynomial,0.0,6.46211894466133e-08
local_polynomial,0.0,6.552982026057516e-05
local_polynomial,0.0,6.605751299422825e-06
local_polynomial,0.0,6.729877759746961e-06
local_polynomial,0.0,6.77089910729845e-06
local_polynomial,0.0,6.875834165744039e-08
local_polynomial,0.0,6.900034058594907e-07
local_polynomial,0.0,6.972479895599203e-07
local_polynomial,0.0,7.072184722034854e-05
local_polynomial,0.0,7.264406771464076e-07
local_polynomial,0.0,7.376629582000376e-07
local_polynomial,0.0,7.45611662803699e-06
local_polynomial,0.0,7.504215796823424e-07
local_polynomial,0.0,7.591933751792682e-06
local_polynomial,0.0,7.681650115693972e-07
local_polynomial,0.0,7.710672789574673e-07
local_polynomial,0.0,7.961716991413607e-06
local_polynomial,0.0,8.058945421519116e-06
local_polynomial,0.0,8.123460601801452e-06
local_polynomial,0.0,8.356276716140176e-06
local_polynomial,0.0,8.495035206637896e-07
local_polynomial,0.0,8.529382523650309e-06
local_polynomial,0.0,8.549278785241856e-06
local_polynomial,0.0,8.587717065400512e-06
local_polynomial,0.0,8.771803445884158e-07
local_polynomial,0.0,8.821442187176236e-09
local_polynomial,0.0,8.861175308507786e-07
local_polynomial,0.0,9.038818526197891e-07
local_polynomial,0.0,9.04272341395375e-09
local_polynomial,0.0,9.20896771766098e-06
local_polynomial,0.0,9.404319263254844e-09
local_polynomial,0.0,9.45454735543142e-08
local_polynomial,0.0,9.478450756550642e-06
local_polynomial,0.0,9.688034316426562e-07
local_polynomial,0.0,9.731783662383031e-07
local_polynomial,0.0,9.867692343822339e-06
local_polynomial,10.0,0.0001003383972137726
local_polynomial,10.0,0.00010524911927607928
local_polynomial,10.0,0.00010714681248971401
local_polynomial,10.0,0.00010805411275426361
local_polynomial,10.0,0.00011732049482280855
local_polynomial,10.0,0.00011780997609396258
local_polynomial,10.0,0.00011810917985803616
local_polynomial,10.0,0.00011812619509850698
local_polynomial,10.0,0.00011833395405994658
local_polynomial,10.0,0.00012318339772131556
local_polynomial,10.0,0.00012507480804071927
local_polynomial,10.0,0.000155354730420028
local_polynomial,10.0,0.00015888761908522644
local_polynomial,10.0,0.0001628535399087722
local_polynomial,10.0,0.000174881174827305
local_polynomial,10.0,0.00020011419880262417
local_polynomial,10.0,0.00021305466183077997
local_polynomial,10.0,0.0002200436468703999
local_polynomial,10.0,0.00022054175124344564
local_polynomial,10.0,0.00024460438517280564
local_polynomial,10.0,0.0002446427188481429
local_polynomial,10.0,0.0002446437110807672
local_polynomial,10.0,0.0002557729741962285
local_polynomial,10.0,0.0002589155657983025
local_polynomial,10.0,0.00025896421223862303
local_polynomial,10.0,0.0002698180388975615
local_polynomial,10.0,0.0002730923902071142
local_polynomial,10.0,0.00027794740327516816
local_polynomial,10.0,0.00028322980095256536
local_polynomial,10.0,0.0002873528406532476
local_polynomial,10.0,0.0002901294931689277
local_polynomial,10.0,0.00038765056085267595
local_polynomial,10.0,0.0003908526078783774
local_polynomial,10.0,0.0003913085501454984
local_polynomial,10.0,0.0003913333926709069
local_polynomial,10.0,0.0003944846427376162
local_polynomial,10.0,0.000394553561847999
local_polynomial,10.0,0.00047264201974367984
local_polynomial,10.0,0.0004731754801915711
local_polynomial,10.0,0.0004784295773876209
local_polynomial,10.0,0.0004806547857359521
local_polynomial,10.0,0.000551628003235173
local_polynomial,10.0,0.0005585213124222262
local_polynomial,10.0,0.0006698089046331776
local_polynomial,10.0,0.000678155032545793
local_polynomial,10.0,0.0018887207034359872
local_polynomial,10.0,0.0018894412944019787
local_polynomial,10.0,0.0018894414308934585
local_polynomial,10.0,1.0028819172399184e-06
local_polynomial,10.0,1.0310179263823388e-06
local_polynomial,10.0,1.0355453833291468e-05
local_polynomial,10.0,1.0413916522213645e-05
local_polynomial,10.0,1.0586527644099133e-05
local_polynomial,10.0,1.061838425801159e-05
local_polynomial,10.0,1.0676418260106907e-05
local_polynomial,10.0,1.0832498220540832e-07
local_polynomial,10.0,1.0837259449097553e-06
local_polynomial,10.0,1.0891597447853239e-05
local_polynomial,10.0,1.1140504730476787e-06
local_polynomial,10.0,1.1437890647337978e-05
local_polynomial,10.0,1.1439309958148493e-05
local_polynomial,10.0,1.1670435122567368e-05
local_polynomial,10.0,1.1800376964804395e-06
local_polynomial,10.0,1.1959590523089153e-05
local_polynomial,10.0,1.213095029868949e-06
local_polynomial,10.0,1.2260376080913862e-05
local_polynomial,10.0,1.2827990180557854e-05
local_polynomial,10.0,1.3038562589184245e-05
local_polynomial,10.0,1.3066306015842488e-05
local_polynomial,10.0,1.3129981776195847e-06
local_polynomial,10.0,1.3222147468902049e-06
local_polynomial,10.0,1.3720010349376567e-05
local_polynomial,10.0,1.416304379007218e-06
local_polynomial,10.0,1.4702803532313875e-05
local_polynomial,10.0,1.4795301471492655e-05
local_polynomial,10.0,1.4808381334854277e-05
local_polynomial,10.0,1.5432694834522446e-05
local_polynomial,10.0,1.5432733802797023e-05
local_polynomial,10.0,1.5432734593516178e-05
local_polynomial,10.0,1.5994840807243514e-05
local_polynomial,10.0,1.6268768836509103e-05
local_polynomial,10.0,1.8402050991906343e-05
local_polynomial,10.0,1.8649245630098388e-05
local_polynomial,10.0,1.8876274300724462e-05
local_polynomial,10.0,1.9647673377220924e-06
local_polynomial,10.0,1.97516651223148e-06
local_polynomial,10.0,1.9760107246205132e-05
local_polynomial,10.0,2.2176571276092447e-05
local_polynomial,10.0,2.251898899366291e-05
local_polynomial,10.0,2.2610948025033424e-05
local_polynomial,10.0,2.3090232944730428e-05
local_polynomial,10.0,2.541462464459598e-05
local_polynomial,10.0,2.6053518116635234e-05
local_polynomial,10.0,2.6338554249869615e-06
local_polynomial,10.0,2.663008825643625e-05
local_polynomial,10.0,2.707785799112489e-06
local_polynomial,10.0,2.844820772010978e-05
local_polynomial,10.0,2.8702970070602528e-05
local_polynomial,10.0,2.9022197611171217e-06
local_polynomial,10.0,2.976810393454641e-07
local_polynomial,10.0,2.983689224214938e-06
local_polynomial,10.0,3.036521809946638e-05
local_polynomial,10.0,3.0426773127226925e-05
local_polynomial,10.0,3.083718552461936e-05
local_polynomial,10.0,3.086643620766918e-06
local_polynomial,10.0,3.0978525768531578e-06
local_polynomial,10.0,3.136667112446143e-05
local_polynomial,10.0,3.209943794600942e-07
local_polynomial,10.0,3.21690059182302e-05
local_polynomial,10.0,3.283377222771708e-05
local_polynomial,10.0,3.3174793603908607e-05
local_polynomial,10.0,3.31759759158026e-05
local_polynomial,10.0,3.4013968872049045e-06
local_polynomial,10.0,3.4334616092878725e-07
local_polynomial,10.0,3.4639549459069234e-06
local_polynomial,10.0,3.4912125206471618e-06
local_polynomial,10.0,3.498287252931841e-07
local_polynomial,10.0,3.5003557536370977e-05
local_polynomial,10.0,3.5160527214166233e-06
local_polynomial,10.0,3.567798938432407e-05
local_polynomial,10.0,3.653665301508325e-05
local_polynomial,10.0,3.658940157005303e-05
local_polynomial,10.0,3.86053767133343e-06
local_polynomial,10.0,3.9813946122326426e-05
local_polynomial,10.0,4.028473449030724e-05
local_polynomial,10.0,4.038141281377535e-05
local_polynomial,10.0,4.043101651093138e-05
local_polynomial,10.0,4.0435132269192007e-05
local_polynomial,10.0,4.110948819492479e-05
local_polynomial,10.0,4.134373128514937e-05
local_polynomial,10.0,4.207063947306383e-07
local_polynomial,10.0,4.227930055277841e-07
local_polynomial,10.0,4.237034312821608e-05
local_polynomial,10.0,4.549910457441173e-05
local_polynomial,10.0,4.586146760763043e-05
local_polynomial,10.0,4.595980528836041e-05
local_polynomial,10.0,4.602169439314835e-05
local_polynomial,10.0,4.771276213619186e-06
local_polynomial,10.0,4.9051430502404285e-06
local_polynomial,10.0,4.922551839025456e-05
local_polynomial,10.0,5.005059892603094e-05
local_polynomial,10.0,5.071754659074856e-07
local_polynomial,10.0,5.156179568211311e-05
local_polynomial,10.0,5.326222067409531e-05
local_polynomial,10.0,5.372295707346686e-05
local_polynomial,10.0,5.4636225287441585e-05
local_polynomial,10.0,5.468925007947686e-06
local_polynomial,10.0,5.5068851102240824e-05
local_polynomial,10.0,5.600348080373911e-05
local_polynomial,10.0,5.639089032233762e-05
local_polynomial,10.0,5.6493398932800764e-05
local_polynomial,10.0,6.543644223316857e-05
local_polynomial,10.0,6.579487346217561e-05
local_polynomial,10.0,6.65912936924612e-05
local_polynomial,10.0,6.67651442568037e-05
local_polynomial,10.0,6.6885587505838914e-06
local_polynomial,10.0,6.712764019996404e-06
local_polynomial,10.0,7.010905887212949e-05
local_polynomial,10.0,7.549440890405249e-06
local_polynomial,10.0,7.819773281912184e-07
local_polynomial,10.0,7.869395255649637e-05
local_polynomial,10.0,7.916906009973157e-05
local_polynomial,10.0,7.932406966959125e-06
local_polynomial,10.0,7.932420479475492e-06
local_polynomial,10.0,7.932420755904027e-06
local_polynomial,10.0,8.524936833102768e-06
local_polynomial,10.0,8.536984586104753e-05
local_polynomial,10.0,8.613791407586156e-07
local_polynomial,10.0,8.877951407361117e-06
local_polynomial,10.0,8.878342816742754e-06
local_polynomial,10.0,8.878358610974677e-06
local_polynomial,10.0,9.136158575990998e-07
local_polynomial,10.0,9.324928713623038e-06
local_polynomial,10.0,9.34321308096306e-05
local_polynomial,10.0,9.369753249387088e-05
local_polynomial,10.0,9.762956674516982e-05
local_polynomial,10.0,9.8284888325331e-05
local_polynomial,10.0,9.954371524121026e-05
local_polynomial,10.0,9.992595880650593e-05
local_polynomial,10.0,9.994943364656182e-05
local_polynomial,100.0,0.000108359576211918
local_polynomial,100.0,0.00010841051287547793
local_polynomial,100.0,0.00011213934660059457
local_polynomial,100.0,0.00011215292187434114
local_polynomial,100.0,0.0001220730450527412
local_polynomial,100.0,0.00015523201007770746
local_polynomial,100.0,0.00015524762211943945
local_polynomial,100.0,0.000155247629450137
local_polynomial,100.0,0.00016801653009221172
local_polynomial,100.0,0.00016803066675561697
local_polynomial,100.0,0.0001786944006629987
local_polynomial,100.0,0.00019670390240973865
local_polynomial,100.0,0.0002172542272608311
local_polynomial,100.0,0.00024113864829016846
local_polynomial,100.0,0.0002412605630758807
local_polynomial,100.0,0.00026538955107199965
local_polynomial,100.0,0.00026552008502197453
local_polynomial,100.0,0.0002981041650899916
local_polynomial,100.0,0.00029814104618643643
local_polynomial,100.0,0.0003240064565944484
local_polynomial,100.0,0.00039770579519047454
local_polynomial,100.0,0.0004358813710016143
local_polynomial,100.0,0.0004372685140230109
local_polynomial,100.0,0.0004374891285148289
local_polynomial,100.0,0.0004382216188716508
local_polynomial,100.0,0.00045345506412660595
local_polynomial,100.0,0.000479756685902983
local_polynomial,100.0,0.000480560426041811
local_polynomial,100.0,0.0004972896822709981
local_polynomial,100.0,0.0005120880290015478
local_polynomial,100.0,0.000656789087077175
local_polynomial,100.0,0.0006588320512543855
local_polynomial,100.0,0.0006589586424488518
local_polynomial,100.0,0.0006610849268076955
local_polynomial,100.0,0.0006666468729295552
local_polynomial,100.0,0.0006693206936233564
local_polynomial,100.0,0.0006850569264827527
local_polynomial,100.0,0.0006905817277877493
local_polynomial,100.0,0.0007715634434736977
local_polynomial,100.0,0.0008170706899319404
local_polynomial,100.0,0.0008334505821470063
local_polynomial,100.0,0.0008841814620826036
local_polynomial,100.0,0.0008858441709612942
local_polynomial,100.0,0.0008967748664157453
local_polynomial,100.0,0.0009198223893086766
local_polynomial,100.0,0.0009201435156635523
local_polynomial,100.0,0.0009267291986008266
local_polynomial,100.0,0.0009270551428184585
local_polynomial,100.0,0.0010330341249741295
local_polynomial,100.0,0.0010334561156594565
local_polynomial,100.0,0.0010499487639557097
local_polynomial,100.0,0.0010655749113036535
local_polynomial,100.0,0.0011040763817055461
local_polynomial,100.0,0.0011770131916114181
local_polynomial,100.0,0.0012322708170123325
local_polynomial,100.0,0.0012865368593978506
local_polynomial,100.0,0.0012873986746286645
local_polynomial,100.0,0.0012875369801379358
local_polynomial,100.0,0.0013385245471065805
local_polynomial,100.0,0.0013635659417379755
local_polynomial,100.0,0.001404486052567866
local_polynomial,100.0,0.0014045933598251805
local_polynomial,100.0,0.0014390524184321885
local_polynomial,100.0,0.0014434542497297606
local_polynomial,100.0,0.0015025991284515817
local_polynomial,100.0,0.001636138818608253
local_polynomial,100.0,0.0016362171642790434
local_polynomial,100.0,0.0016591595503668752
local_polynomial,100.0,0.0016595090506762368
local_polynomial,100.0,0.001665349732629517
local_polynomial,100.0,0.001681669067173132
local_polynomial,100.0,0.001689099882313319
local_polynomial,100.0,0.0017307631226038153
local_polynomial,100.0,0.0017433717126992883
local_polynomial,100.0,0.0018284086702124115
local_polynomial,100.0,0.0019064910037749666
local_polynomial,100.0,0.002019084318761915
local_polynomial,100.0,0.002019664160586018
local_polynomial,100.0,0.0020941596203324815
local_polynomial,100.0,0.00211818113305946
local_polynomial,100.0,0.0021320396504199775
local_polynomial,100.0,0.0021322041807595384
local_polynomial,100.0,0.002155859604319015
local_polynomial,100.0,0.0021763553588130605
local_polynomial,100.0,0.002266509818942967
local_polynomial,100.0,0.0022672807853979103
local_polynomial,100.0,0.00239860859821167
local_polynomial,100.0,0.0024024888730238706
local_polynomial,100.0,0.0024892573055293045
local_polynomial,100.0,0.002497541976155311
local_polynomial,100.0,0.002497550254828478
local_polynomial,100.0,0.002499605773818889
local_polynomial,100.0,0.0025311917665052403
local_polynomial,100.0,0.002531639885451987
local_polynomial,100.0,0.0025463202406281584
local_polynomial,100.0,0.002728043145767282
local_polynomial,100.0,0.002741222773901374
local_polynomial,100.0,0.002743501956868918
local_polynomial,100.0,0.0028167052245092906
local_polynomial,100.0,0.0028174310715610067
local_polynomial,100.0,0.003353776743384592
local_polynomial,100.0,0.0033549795148996833
local_polynomial,100.0,0.003359902315569558
local_polynomial,100.0,0.003376670930959907
local_polynomial,100.0,0.0035462446207129143
local_polynomial,100.0,0.0035510706741265696
local_polynomial,100.0,0.003603735922270979
local_polynomial,100.0,0.003653718354551408
local_polynomial,100.0,0.0036539780787903744
local_polynomial,100.0,0.003656511576147702
local_polynomial,100.0,0.0036568981871992674
local_polynomial,100.0,0.0036721392872614256
local_polynomial,100.0,0.003673530678926568
local_polynomial,100.0,0.0038035883014509377
local_polynomial,100.0,0.004031697947172815
local_polynomial,100.0,0.004166071126189719
local_polynomial,100.0,0.00422492689540568
local_polynomial,100.0,0.004225103088549915
local_polynomial,100.0,0.004420412368338266
local_polynomial,100.0,0.0044314253772192265
local_polynomial,100.0,0.004530736125294094
local_polynomial,100.0,0.004550149452589562
local_polynomial,100.0,0.004568586162623672
local_polynomial,100.0,0.0046001558483914655
local_polynomial,100.0,0.004632912584128479
local_polynomial,100.0,0.004633409972498779
local_polynomial,100.0,0.004753193393652722
local_polynomial,100.0,0.004755110917356609
local_polynomial,100.0,0.004829205764938771
local_polynomial,100.0,0.004831196543920357
local_polynomial,100.0,0.0050243882171579195
local_polynomial,100.0,0.005471771834694196
local_polynomial,100.0,0.005480261514890133
local_polynomial,100.0,0.005852535469053008
local_polynomial,100.0,0.006064535959268997
local_polynomial,100.0,0.006076041874519701
local_polynomial,100.0,0.0067694442459574075
local_polynomial,100.0,0.008838190095802107
local_polynomial,100.0,0.008878139266851293
local_polynomial,100.0,0.0097396604699167
local_polynomial,100.0,0.012105923731261941
local_polynomial,100.0,0.012656819553737573
local_polynomial,100.0,0.012938122862972246
local_polynomial,100.0,0.012956739239300697
local_polynomial,100.0,0.015875549010739856
local_polynomial,100.0,0.01590921370253423
local_polynomial,100.0,0.01662209903330946
local_polynomial,100.0,0.016662154161925322
local_polynomial,100.0,0.01831437923884599
local_polynomial,100.0,0.01836160335819086
local_polynomial,100.0,0.01836160474285449
local_polynomial,100.0,0.02274129048406661
local_polynomial,100.0,0.025208254572937593
local_polynomial,100.0,0.029455123100338473
local_polynomial,100.0,0.029644672774221874
local_polynomial,100.0,0.029750462171306374
local_polynomial,100.0,0.03323165450018722
local_polynomial,100.0,0.03332871998075385
local_polynomial,100.0,0.03404493776080785
local_polynomial,100.0,0.03814907654408483
local_polynomial,100.0,0.03839766881150677
local_polynomial,100.0,0.04430686313488546
local_polynomial,100.0,0.044557879401450444
local_polynomial,100.0,2.6128832581545307e-05
local_polynomial,100.0,3.598246686714257e-05
local_polynomial,100.0,3.598525481026743e-05
local_polynomial,100.0,6.810819400178453e-05
local_polynomial,100.0,7.388298921390761e-05
local_polynomial,100.0,7.982824276101281e-05
local_polynomial,100.0,7.983397608028915e-05
local_polynomial,100.0,7.983397864555906e-05
local_polynomial,100.0,8.028788722911365e-05
local_polynomial,100.0,8.171021344079419e-05
local_polynomial,100.0,8.928874710334078e-05
local_polynomial,100.0,8.940709273938169e-05
local_polynomial,100.0,8.940745319035752e-05
local_polynomial,100.0,9.19166593905416e-05
local_polynomial,100.0,9.196294439466415e-05
local_polynomial,100.0,9.973345724683911e-05
local_polynomial,100.0,9.977725431900298e-05
local_polynomial,150.0,0.00010960707240312429
local_polynomial,150.0,0.00010961149094076024
local_polynomial,150.0,0.00011979107039581929
local_polynomial,150.0,0.00011982285862286228
local_polynomial,150.0,0.00011982286449335146
local_polynomial,150.0,0.0001347224842709258
local_polynomial,150.0,0.0001353003562070934
local_polynomial,150.0,0.00013530271778171459
local_polynomial,150.0,0.0002327991872293006
local_polynomial,150.0,0.00023288510847057297
local_polynomial,150.0,0.00023288512526585642
local_polynomial,150.0,0.0002537269806794502
local_polynomial,150.0,0.00026955115448793214
local_polynomial,150.0,0.0002746203513367604
local_polynomial,150.0,0.0002985826646774527
local_polynomial,150.0,0.0003152178438448697
local_polynomial,150.0,0.0003153034365524401
local_polynomial,150.0,0.0003409148804774357
local_polynomial,150.0,0.0003409879624965482
local_polynomial,150.0,0.0003441883127668093
local_polynomial,150.0,0.000344212269073681
local_polynomial,150.0,0.00037075910033485703
local_polynomial,150.0,0.00037084885528895696
local_polynomial,150.0,0.0003993591575427729
local_polynomial,150.0,0.0005124742067157545
local_polynomial,150.0,0.0005124970808991855
local_polynomial,150.0,0.000665529869658088
local_polynomial,150.0,0.0007169363388108369
local_polynomial,150.0,0.0007312908583548094
local_polynomial,150.0,0.0007901611112382497
local_polynomial,150.0,0.000826796480214588
local_polynomial,150.0,0.0008270223779445698
local_polynomial,150.0,0.0008378885714302365
local_polynomial,150.0,0.000878411555926977
local_polynomial,150.0,0.0008856805229856627
local_polynomial,150.0,0.0009081340845066042
local_polynomial,150.0,0.0009083712176511346
local_polynomial,150.0,0.0009110176078107665
local_polynomial,150.0,0.0009139153768193654
local_polynomial,150.0,0.0009151798251458141
local_polynomial,150.0,0.0009152454336213092
local_polynomial,150.0,0.0012071169356004372
local_polynomial,150.0,0.0014996876486577451
local_polynomial,150.0,0.0015000961310019786
local_polynomial,150.0,0.0015376907702587515
local_polynomial,150.0,0.0017353218847765818
local_polynomial,150.0,0.0017358634108418228
local_polynomial,150.0,0.001839878686117219
local_polynomial,150.0,0.0018529216712905132
local_polynomial,150.0,0.0020415847095515667
local_polynomial,150.0,0.002081937167887812
local_polynomial,150.0,0.002085478537060463
local_polynomial,150.0,0.0021243125971419363
local_polynomial,150.0,0.0021243685819542454
local_polynomial,150.0,0.0022013637465543487
local_polynomial,150.0,0.0024191581309687044
local_polynomial,150.0,0.002446332115043436
local_polynomial,150.0,0.002458331636882203
local_polynomial,150.0,0.0024641686452521326
local_polynomial,150.0,0.0025843312465830977
local_polynomial,150.0,0.0026593237154050793
local_polynomial,150.0,0.0026609053484793472
local_polynomial,150.0,0.0027110726837929282
local_polynomial,150.0,0.0027710782025057337
local_polynomial,150.0,0.0029723403230695255
local_polynomial,150.0,0.0029725024109773226
local_polynomial,150.0,0.0029965827818818724
local_polynomial,150.0,0.0029975910068304338
local_polynomial,150.0,0.0030093325174691344
local_polynomial,150.0,0.0030103585386620766
local_polynomial,150.0,0.0032493896156964765
local_polynomial,150.0,0.003249499864290978
local_polynomial,150.0,0.003308970404751458
local_polynomial,150.0,0.0033102660830632504
local_polynomial,150.0,0.003370578437480044
local_polynomial,150.0,0.0034643799122944336
local_polynomial,150.0,0.003770872315373938
local_polynomial,150.0,0.003820583721371862
local_polynomial,150.0,0.003820599919313729
local_polynomial,150.0,0.0039519831727554515
local_polynomial,150.0,0.004032887727288041
local_polynomial,150.0,0.004034875612720241
local_polynomial,150.0,0.0041697015893365705
local_polynomial,150.0,0.004180720154163163
local_polynomial,150.0,0.004479420406026834
local_polynomial,150.0,0.004814504281176993
local_polynomial,150.0,0.0048278942990864415
local_polynomial,150.0,0.004840562765697634
local_polynomial,150.0,0.004855581866648891
local_polynomial,150.0,0.005393464780100511
local_polynomial,150.0,0.0055145232154508285
local_polynomial,150.0,0.005515810895353371
local_polynomial,150.0,0.005697065107066904
local_polynomial,150.0,0.005748102387967914
local_polynomial,150.0,0.005770035545507904
local_polynomial,150.0,0.0057965931115810205
local_polynomial,150.0,0.005799732670175759
local_polynomial,150.0,0.00580675287517223
local_polynomial,150.0,0.006011367103762973
local_polynomial,150.0,0.006313058673246822
local_polynomial,150.0,0.0066173090115703
local_polynomial,150.0,0.006619239295583764
local_polynomial,150.0,0.00676750338981957
local_polynomial,150.0,0.00689573257043662
local_polynomial,150.0,0.007004784001606343
local_polynomial,150.0,0.007017950459181889
local_polynomial,150.0,0.007223325625015702
local_polynomial,150.0,0.007358923428860361
local_polynomial,150.0,0.007359249236254056
local_polynomial,150.0,0.0073617041904377135
local_polynomial,150.0,0.007561866208236061
local_polynomial,150.0,0.00822381375041503
local_polynomial,150.0,0.008289280785499748
local_polynomial,150.0,0.008289509796163717
local_polynomial,150.0,0.00831950480192714
local_polynomial,150.0,0.008319781412182623
local_polynomial,150.0,0.008356172813108742
local_polynomial,150.0,0.008356317351125653
local_polynomial,150.0,0.009291895042685901
local_polynomial,150.0,0.009294386568842888
local_polynomial,150.0,0.009311682987371785
local_polynomial,150.0,0.009664284704966539
local_polynomial,150.0,0.009944910631956851
local_polynomial,150.0,0.00996101567358296
local_polynomial,150.0,0.009977129849695485
local_polynomial,150.0,0.010181996707478314
local_polynomial,150.0,0.01064526906319149
local_polynomial,150.0,0.01171340019005123
local_polynomial,150.0,0.011714086596342975
local_polynomial,150.0,0.011806369895961526
local_polynomial,150.0,0.011810719110423635
local_polynomial,150.0,0.012117507565220783
local_polynomial,150.0,0.012164355942948886
local_polynomial,150.0,0.0122169686836779
local_polynomial,150.0,0.012327706749468051
local_polynomial,150.0,0.01232824799579165
local_polynomial,150.0,0.01253118412162465
local_polynomial,150.0,0.01269965865026266
local_polynomial,150.0,0.012717614563374377
local_polynomial,150.0,0.01281443858067476
local_polynomial,150.0,0.012843364030832066
local_polynomial,150.0,0.013785161502809595
local_polynomial,150.0,0.0148166344453008
local_polynomial,150.0,0.015053969798207707
local_polynomial,150.0,0.015310497450241536
local_polynomial,150.0,0.01531634870401409
local_polynomial,150.0,0.015533102910733204
local_polynomial,150.0,0.015539151064546302
local_polynomial,150.0,0.016676665629593822
local_polynomial,150.0,0.016701034753783737
local_polynomial,150.0,0.018144857172845308
local_polynomial,150.0,0.01817639586693914
local_polynomial,150.0,0.020901081884065236
local_polynomial,150.0,0.024865508076468947
local_polynomial,150.0,0.024967050514169604
local_polynomial,150.0,0.026922934056845493
local_polynomial,150.0,0.0270806898833149
local_polynomial,150.0,0.027080693446908603
local_polynomial,150.0,0.03304350463225078
local_polynomial,150.0,0.03916885231442504
local_polynomial,150.0,0.040116008899427937
local_polynomial,150.0,0.040169571272032446
local_polynomial,150.0,0.04106718326353637
local_polynomial,150.0,0.04704606888429362
local_polynomial,150.0,0.047138159588173856
local_polynomial,150.0,0.04936942574918423
local_polynomial,150.0,0.04947863628671771
local_polynomial,150.0,0.07084602154556773
local_polynomial,150.0,0.08120166644141667
local_polynomial,150.0,0.08471421361571932
local_polynomial,150.0,0.08499271186964759
local_polynomial,150.0,0.08792512573049929
local_polynomial,150.0,0.09732504195300803
local_polynomial,150.0,0.09758141997671138
local_polynomial,150.0,0.10288240482565138
local_polynomial,150.0,0.10414680012760215
local_polynomial,150.0,0.10476587927154994
local_polynomial,150.0,0.12194808537239812
local_polynomial,150.0,0.12257444423557136
local_polynomial,150.0,8.533075040434872e-05
local_polynomial,20.0,0.00010146916207329898
local_polynomial,20.0,0.0001023773529769408
local_polynomial,20.0,0.00010253585038749113
local_polynomial,20.0,0.00010386374721009637
local_polynomial,20.0,0.00010764801109935013
local_polynomial,20.0,0.00011074652541968312
local_polynomial,20.0,0.00011301198898046342
local_polynomial,20.0,0.00011490790582504619
local_polynomial,20.0,0.00011533405582370244
local_polynomial,20.0,0.00011628504589688685
local_polynomial,20.0,0.00011688756663063931
local_polynomial,20.0,0.00013064076679435784
local_polynomial,20.0,0.00013152153033152143
local_polynomial,20.0,0.00013270540280523152
local_polynomial,20.0,0.00013374444396667678
local_polynomial,20.0,0.00013494498128266576
local_polynomial,20.0,0.00014299724229504908
local_polynomial,20.0,0.00014518058263338
local_polynomial,20.0,0.0001460262132113773
local_polynomial,20.0,0.0001549554224894694
local_polynomial,20.0,0.00015599516764122352
local_polynomial,20.0,0.00015945059995739475
local_polynomial,20.0,0.00016173479305185178
local_polynomial,20.0,0.0001631240103156355
local_polynomial,20.0,0.00018553758438780938
local_polynomial,20.0,0.00018664427579254003
local_polynomial,20.0,0.00019694095248129086
local_polynomial,20.0,0.00019861867364632038
local_polynomial,20.0,0.00019989264307010725
local_polynomial,20.0,0.00020092253693396192
local_polynomial,20.0,0.00020095084566001647
local_polynomial,20.0,0.00021917868435074789
local_polynomial,20.0,0.00022184478757083305
local_polynomial,20.0,0.0002361217353739751
local_polynomial,20.0,0.00023695293965129424
local_polynomial,20.0,0.00023697357927462818
local_polynomial,20.0,0.00023773729465393408
local_polynomial,20.0,0.00023851063937725732
local_polynomial,20.0,0.0002551978637181834
local_polynomial,20.0,0.0002563077668032319
local_polynomial,20.0,0.00025712956992760276
local_polynomial,20.0,0.0002981756665878045
local_polynomial,20.0,0.00029871137997997344
local_polynomial,20.0,0.00038065633295268517
local_polynomial,20.0,0.0003834556845875752
local_polynomial,20.0,0.0003870096769595524
local_polynomial,20.0,0.00040942074932704
local_polynomial,20.0,0.00043607237554001615
local_polynomial,20.0,0.00047601354433160655
local_polynomial,20.0,0.0004909944679622185
local_polynomial,20.0,0.0004910784866961778
local_polynomial,20.0,0.0004910796958896351
local_polynomial,20.0,0.0005250325287319423
local_polynomial,20.0,0.000531476293948484
local_polynomial,20.0,0.0005315339152979153
local_polynomial,20.0,0.0005482543957406622
local_polynomial,20.0,0.0005596117745648907
local_polynomial,20.0,0.0006238982333169821
local_polynomial,20.0,0.0006261743191921669
local_polynomial,20.0,0.0006488046601201999
local_polynomial,20.0,0.00065089648413007
local_polynomial,20.0,0.0006780985719458348
local_polynomial,20.0,0.0007458734401926935
local_polynomial,20.0,0.0007570134728784642
local_polynomial,20.0,0.0007725034400060518
local_polynomial,20.0,0.0007725890777515705
local_polynomial,20.0,0.0007835599595341836
local_polynomial,20.0,0.0007848304446364399
local_polynomial,20.0,0.0007848605825358624
local_polynomial,20.0,0.001101510216249055
local_polynomial,20.0,0.0011043463492498074
local_polynomial,20.0,0.0011049377483987519
local_polynomial,20.0,0.0011095580921472359
local_polynomial,20.0,0.001330241020878486
local_polynomial,20.0,0.0013320428572862648
local_polynomial,20.0,0.0015817043944344393
local_polynomial,20.0,0.0015819715834689506
local_polynomial,20.0,0.003766145707060147
local_polynomial,20.0,0.003767637117887622
local_polynomial,20.0,0.00376763728614494
local_polynomial,20.0,1.0364363837921953e-06
local_polynomial,20.0,1.0662204685827116e-05
local_polynomial,20.0,1.0715768593156327e-06
local_polynomial,20.0,1.0720159449360434e-05
local_polynomial,20.0,1.073594007275304e-06
local_polynomial,20.0,1.1191449222642376e-06
local_polynomial,20.0,1.1388809732549756e-05
local_polynomial,20.0,1.1740247142097917e-05
local_polynomial,20.0,1.1874976122512418e-05
local_polynomial,20.0,1.2008386917809577e-05
local_polynomial,20.0,1.2189911069817118e-06
local_polynomial,20.0,1.2986350372447918e-05
local_polynomial,20.0,1.3373693115365158e-06
local_polynomial,20.0,1.5881956093215974e-05
local_polynomial,20.0,1.588199594462369e-05
local_polynomial,20.0,1.58819962834339e-05
local_polynomial,20.0,1.7773193561532746e-05
local_polynomial,20.0,1.777423048973359e-05
local_polynomial,20.0,1.7774247221416833e-05
local_polynomial,20.0,1.8952438177192868e-05
local_polynomial,20.0,1.9975557406086018e-06
local_polynomial,20.0,2.252399642970456e-05
local_polynomial,20.0,2.318385674825247e-05
local_polynomial,20.0,2.467768450690998e-06
local_polynomial,20.0,2.496085469680605e-06
local_polynomial,20.0,2.5335273050520942e-05
local_polynomial,20.0,2.5511540826821488e-05
local_polynomial,20.0,2.5569077391052007e-05
local_polynomial,20.0,2.5744843122690424e-05
local_polynomial,20.0,2.6159622569347866e-05
local_polynomial,20.0,2.6503665272809535e-05
local_polynomial,20.0,2.6695056833876358e-05
local_polynomial,20.0,2.6699687724951095e-06
local_polynomial,20.0,2.677438242102544e-05
local_polynomial,20.0,2.7004477951841325e-06
local_polynomial,20.0,2.722097980122953e-06
local_polynomial,20.0,2.862453162435089e-05
local_polynomial,20.0,2.862746317573091e-05
local_polynomial,20.0,2.8878785008549345e-05
local_polynomial,20.0,2.9057450345778053e-06
local_polynomial,20.0,2.9389969784416942e-06
local_polynomial,20.0,2.9989333542356732e-06
local_polynomial,20.0,3.0291425769004903e-05
local_polynomial,20.0,3.0427660377676437e-05
local_polynomial,20.0,3.089856210435311e-05
local_polynomial,20.0,3.0898675296295616e-05
local_polynomial,20.0,3.089867626526606e-05
local_polynomial,20.0,3.104161578118188e-05
local_polynomial,20.0,3.114760849396804e-05
local_polynomial,20.0,3.2299534031506106e-05
local_polynomial,20.0,3.3322377007624122e-06
local_polynomial,20.0,3.341195680889179e-06
local_polynomial,20.0,3.5547082246941215e-05
local_polynomial,20.0,3.556440979677051e-06
local_polynomial,20.0,3.637365087949085e-05
local_polynomial,20.0,4.204533746828449e-05
local_polynomial,20.0,4.254234522531819e-05
local_polynomial,20.0,4.275744884348056e-07
local_polynomial,20.0,4.500683687393573e-05
local_polynomial,20.0,4.5122947887461386e-05
local_polynomial,20.0,4.555622652632672e-05
local_polynomial,20.0,4.930988942498169e-06
local_polynomial,20.0,4.985928015255717e-05
local_polynomial,20.0,5.00153530513384e-06
local_polynomial,20.0,5.0115973061012355e-06
local_polynomial,20.0,5.241388813324574e-05
local_polynomial,20.0,5.2685283799483616e-05
local_polynomial,20.0,5.5229075416333114e-05
local_polynomial,20.0,5.5295943637255546e-05
local_polynomial,20.0,5.574330217486403e-05
local_polynomial,20.0,5.6234639914656235e-05
local_polynomial,20.0,5.976593334610777e-05
local_polynomial,20.0,6.231754053598435e-05
local_polynomial,20.0,6.28867469461471e-05
local_polynomial,20.0,6.306834096505644e-05
local_polynomial,20.0,6.3336787299124e-05
local_polynomial,20.0,6.479956132544564e-06
local_polynomial,20.0,6.5543607402644324e-06
local_polynomial,20.0,6.579861221736956e-05
local_polynomial,20.0,6.656747812873894e-05
local_polynomial,20.0,6.664630869162059e-05
local_polynomial,20.0,6.666796083751876e-05
local_polynomial,20.0,6.685636770422946e-05
local_polynomial,20.0,6.718077602782031e-05
local_polynomial,20.0,7.140906819544473e-06
local_polynomial,20.0,7.222881373109725e-06
local_polynomial,20.0,7.6887964289015e-05
local_polynomial,20.0,7.761436288397271e-05
local_polynomial,20.0,8.088930275858092e-05
local_polynomial,20.0,8.127162157887302e-05
local_polynomial,20.0,8.127247074071956e-05
local_polynomial,20.0,8.262374463989542e-05
local_polynomial,20.0,8.317864273995865e-05
local_polynomial,20.0,8.448999916773436e-05
local_polynomial,20.0,8.512551495611389e-05
local_polynomial,20.0,8.858671169339224e-06
local_polynomial,20.0,8.88282228641112e-06
local_polynomial,20.0,9.177001234626045e-05
local_polynomial,20.0,9.252714888559793e-05
local_polynomial,20.0,9.88043184406616e-05
local_polynomial,40.0,0.0001019820444821344
local_polynomial,40.0,0.00010213361095301186
local_polynomial,40.0,0.00010213396776044004
local_polynomial,40.0,0.00010358950496133346
local_polynomial,40.0,0.00010374159722457425
local_polynomial,40.0,0.00011210227539051908
local_polynomial,40.0,0.00011402296279016284
local_polynomial,40.0,0.00012646041861422624
local_polynomial,40.0,0.00012897257196107408
local_polynomial,40.0,0.00013303912091101395
local_polynomial,40.0,0.0001368052601284454
local_polynomial,40.0,0.00013696551716596412
local_polynomial,40.0,0.00015600985079328029
local_polynomial,40.0,0.00015654088992337616
local_polynomial,40.0,0.00015936445519004261
local_polynomial,40.0,0.00016109648039979417
local_polynomial,40.0,0.00016123735946738126
local_polynomial,40.0,0.00016328133669524938
local_polynomial,40.0,0.00016356536506033072
local_polynomial,40.0,0.00016359420104047502
local_polynomial,40.0,0.00016540427818567116
local_polynomial,40.0,0.00016543934102124233
local_polynomial,40.0,0.00017695307962664971
local_polynomial,40.0,0.00017738387887958313
local_polynomial,40.0,0.00018407275978366816
local_polynomial,40.0,0.00018988421961865687
local_polynomial,40.0,0.00019991611144529363
local_polynomial,40.0,0.0002002630284991305
local_polynomial,40.0,0.00020601499364853598
local_polynomial,40.0,0.00022210425300426488
local_polynomial,40.0,0.00022421201961331342
local_polynomial,40.0,0.0002255027744237394
local_polynomial,40.0,0.00022586776424937834
local_polynomial,40.0,0.00022667191728048148
local_polynomial,40.0,0.0002285346994383762
local_polynomial,40.0,0.0002554620616582956
local_polynomial,40.0,0.0002574279650291454
local_polynomial,40.0,0.0002665765971674234
local_polynomial,40.0,0.0002710606609613391
local_polynomial,40.0,0.00027575658942084465
local_polynomial,40.0,0.00027812715464657525
local_polynomial,40.0,0.00027817642210153866
local_polynomial,40.0,0.00027863053145134103
local_polynomial,40.0,0.0002801707547266786
local_polynomial,40.0,0.00028024326533208406
local_polynomial,40.0,0.0002877821498023248
local_polynomial,40.0,0.00028857094454433574
local_polynomial,40.0,0.00029560193899404516
local_polynomial,40.0,0.000302938962269578
local_polynomial,40.0,0.0003160847137883464
local_polynomial,40.0,0.0003180862503953645
local_polynomial,40.0,0.00032178919977833174
local_polynomial,40.0,0.0003362008981816734
local_polynomial,40.0,0.00036747877959764064
local_polynomial,40.0,0.0003680399309902957
local_polynomial,40.0,0.0003750100602961813
local_polynomial,40.0,0.00037962038620346537
local_polynomial,40.0,0.0003934241522488256
local_polynomial,40.0,0.00039384678489773415
local_polynomial,40.0,0.00040435437145930716
local_polynomial,40.0,0.00040461968677200477
local_polynomial,40.0,0.0004097806798541597
local_polynomial,40.0,0.00040982977321977516
local_polynomial,40.0,0.00042208196622937314
local_polynomial,40.0,0.00042301152272033543
local_polynomial,40.0,0.0004529299890949907
local_polynomial,40.0,0.00047337273169259633
local_polynomial,40.0,0.00047501990236984196
local_polynomial,40.0,0.0004757300050543237
local_polynomial,40.0,0.0004780299814350367
local_polynomial,40.0,0.0004780663494683021
local_polynomial,40.0,0.0004829910169175723
local_polynomial,40.0,0.0004837041815977351
local_polynomial,40.0,0.000488506570403609
local_polynomial,40.0,0.0004935386258478771
local_polynomial,40.0,0.0005076623531741566
local_polynomial,40.0,0.000526448516656251
local_polynomial,40.0,0.0005269826435126099
local_polynomial,40.0,0.0005946543319081849
local_polynomial,40.0,0.0006686458345114574
local_polynomial,40.0,0.0006729723790067082
local_polynomial,40.0,0.0006825451242891334
local_polynomial,40.0,0.0006825700533458346
local_polynomial,40.0,0.0007235051554350171
local_polynomial,40.0,0.0007355406457190674
local_polynomial,40.0,0.0007358104720252712
local_polynomial,40.0,0.0007683661167249478
local_polynomial,40.0,0.0009112837983199806
local_polynomial,40.0,0.0009876638553174037
local_polynomial,40.0,0.0009880173109254296
local_polynomial,40.0,0.000988019481299965
local_polynomial,40.0,0.0010332312074065983
local_polynomial,40.0,0.0010373877969497008
local_polynomial,40.0,0.0010558481185567446
local_polynomial,40.0,0.0011030863017505665
local_polynomial,40.0,0.0011256005687602304
local_polynomial,40.0,0.0011256971759959738
local_polynomial,40.0,0.0012788767435295923
local_polynomial,40.0,0.001335176283749964
local_polynomial,40.0,0.0013651777818729262
local_polynomial,40.0,0.0013655016414656183
local_polynomial,40.0,0.0014458229952042025
local_polynomial,40.0,0.0015080438807318183
local_polynomial,40.0,0.0015082006129822623
local_polynomial,40.0,0.001570109707430656
local_polynomial,40.0,0.001577243493769966
local_polynomial,40.0,0.0015772968512589498
local_polynomial,40.0,0.001937640898896383
local_polynomial,40.0,0.0019388068079240152
local_polynomial,40.0,0.0019694099294707127
local_polynomial,40.0,0.001971344686192838
local_polynomial,40.0,0.0021511578523188773
local_polynomial,40.0,0.002235137695558821
local_polynomial,40.0,0.0026255841268957134
local_polynomial,40.0,0.0030783044147331853
local_polynomial,40.0,0.0035488008593803017
local_polynomial,40.0,0.0035577072367891367
local_polynomial,40.0,0.0037275843035361957
local_polynomial,40.0,0.003734156205421842
local_polynomial,40.0,0.004597064162312412
local_polynomial,40.0,0.004628691530218016
local_polynomial,40.0,0.005323737204254359
local_polynomial,40.0,0.005352639560320035
local_polynomial,40.0,0.007484789593499878
local_polynomial,40.0,0.007489777543218102
local_polynomial,40.0,0.007489777853901302
local_polynomial,40.0,1.0235733972706727e-05
local_polynomial,40.0,1.0561334886544884e-05
local_polynomial,40.0,1.0595782693284467e-05
local_polynomial,40.0,1.2206660628032955e-05
local_polynomial,40.0,1.2215793143627782e-05
local_polynomial,40.0,1.321255641490627e-05
local_polynomial,40.0,1.4557908525130133e-05
local_polynomial,40.0,1.812195322724073e-05
local_polynomial,40.0,1.8359651557470515e-05
local_polynomial,40.0,1.8369822108526606e-05
local_polynomial,40.0,2.1931509245707163e-06
local_polynomial,40.0,2.352072224390645e-05
local_polynomial,40.0,2.3598255484186643e-05
local_polynomial,40.0,2.394109926581049e-05
local_polynomial,40.0,2.591986087955076e-05
local_polynomial,40.0,2.60050647188557e-05
local_polynomial,40.0,3.1823512167305545e-05
local_polynomial,40.0,3.1823739140040945e-05
local_polynomial,40.0,3.182373975741753e-05
local_polynomial,40.0,3.2446318488973286e-05
local_polynomial,40.0,3.247096053850289e-05
local_polynomial,40.0,3.560128395870374e-05
local_polynomial,40.0,3.560658358347491e-05
local_polynomial,40.0,3.560659891757128e-05
local_polynomial,40.0,3.935063922671748e-06
local_polynomial,40.0,3.9370992289314e-06
local_polynomial,40.0,4.262585642547508e-05
local_polynomial,40.0,4.276625211482972e-05
local_polynomial,40.0,5.032391907610183e-06
local_polynomial,40.0,5.0717962521269945e-05
local_polynomial,40.0,5.133048932006137e-05
local_polynomial,40.0,5.1735940116535054e-05
local_polynomial,40.0,5.446208556341034e-06
local_polynomial,40.0,5.808947685796865e-05
local_polynomial,40.0,5.890701742493895e-05
local_polynomial,40.0,5.926384449992632e-06
local_polynomial,40.0,6.191000700209582e-05
local_polynomial,40.0,6.191063975784213e-05
local_polynomial,40.0,6.191064152285198e-05
local_polynomial,40.0,6.208732987909335e-05
local_polynomial,40.0,6.816813240112909e-06
local_polynomial,40.0,8.151158662599827e-05
local_polynomial,40.0,8.165194007575629e-05
local_polynomial,40.0,8.684240195538912e-05
local_polynomial,40.0,8.785646252403938e-05
local_polynomial,40.0,8.96019453800046e-06
local_polynomial,40.0,8.989698185074758e-06
local_polynomial,40.0,9.14302267759898e-05
local_polynomial,40.0,9.157870568871053e-05
local_polynomial,40.0,9.158225444566234e-05
local_polynomial,40.0,9.221504637010677e-05
local_polynomial,40.0,9.236282702908373e-05
local_polynomial,40.0,9.71251896389191e-06
local_polynomial,40.0,9.743912181829132e-06
local_polynomial,50.0,0.00010190626616769651
local_polynomial,50.0,0.00010389199611660562
local_polynomial,50.0,0.0001230217563023218
local_polynomial,50.0,0.00012317079496136234
local_polynomial,50.0,0.00013644506124954
local_polynomial,50.0,0.00013795465797567644
local_polynomial,50.0,0.0001509385501279183
local_polynomial,50.0,0.00015103124060391235
local_polynomial,50.0,0.00015228441221771535
local_polynomial,50.0,0.00015237620825791674
local_polynomial,50.0,0.00016316269434252402
local_polynomial,50.0,0.00016330737572133372
local_polynomial,50.0,0.00016379768261249336
local_polynomial,50.0,0.00016501803610445806
local_polynomial,50.0,0.0001683224012884992
local_polynomial,50.0,0.00017103940205180992
local_polynomial,50.0,0.00017112447368219198
local_polynomial,50.0,0.0001749855125154898
local_polynomial,50.0,0.00017529369807085042
local_polynomial,50.0,0.0001765649296944028
local_polynomial,50.0,0.0002005290869092016
local_polynomial,50.0,0.0002061255754631427
local_polynomial,50.0,0.0002095496749513108
local_polynomial,50.0,0.0002096257387573707
local_polynomial,50.0,0.00021904883894238573
local_polynomial,50.0,0.0002216612008259369
local_polynomial,50.0,0.0002238850633069262
local_polynomial,50.0,0.0002261801231412385
local_polynomial,50.0,0.000269825938832394
local_polynomial,50.0,0.0002700598259293404
local_polynomial,50.0,0.0002747214273032888
local_polynomial,50.0,0.00027899172024264073
local_polynomial,50.0,0.0002797458977765505
local_polynomial,50.0,0.000282493174663858
local_polynomial,50.0,0.00028336923268003274
local_polynomial,50.0,0.0002989059313261821
local_polynomial,50.0,0.00030143228471816666
local_polynomial,50.0,0.00031586556793047617
local_polynomial,50.0,0.0003303192701619783
local_polynomial,50.0,0.0003305564950802589
local_polynomial,50.0,0.0003442294480036134
local_polynomial,50.0,0.00034748601579020686
local_polynomial,50.0,0.00035123905710494484
local_polynomial,50.0,0.00035449609846957
local_polynomial,50.0,0.0003685635235210826
local_polynomial,50.0,0.00037248622628698795
local_polynomial,50.0,0.0003727173656042457
local_polynomial,50.0,0.00039296344872352624
local_polynomial,50.0,0.0004273694232785285
local_polynomial,50.0,0.000433512458657471
local_polynomial,50.0,0.0004371736449636349
local_polynomial,50.0,0.0004488792070673588
local_polynomial,50.0,0.0004495307526482429
local_polynomial,50.0,0.0004542488319643621
local_polynomial,50.0,0.00045567827597657037
local_polynomial,50.0,0.0004564469009390005
local_polynomial,50.0,0.0004595201704310861
local_polynomial,50.0,0.000459877372667989
local_polynomial,50.0,0.00047641635317683013
local_polynomial,50.0,0.0004844059533811916
local_polynomial,50.0,0.00048736491081398614
local_polynomial,50.0,0.0004923507444964108
local_polynomial,50.0,0.0004939188723880377
local_polynomial,50.0,0.0005101202510968921
local_polynomial,50.0,0.0005130418723992586
local_polynomial,50.0,0.0005197524796673432
local_polynomial,50.0,0.0005207595404981766
local_polynomial,50.0,0.0005208223943732239
local_polynomial,50.0,0.0005256073951119951
local_polynomial,50.0,0.0005927957002067353
local_polynomial,50.0,0.0006022298735237207
local_polynomial,50.0,0.0006022768885573424
local_polynomial,50.0,0.0006069032088297698
local_polynomial,50.0,0.0006072364459862759
local_polynomial,50.0,0.0006285462725247972
local_polynomial,50.0,0.0006288344320429537
local_polynomial,50.0,0.0006429795608113953
local_polynomial,50.0,0.0006554295984845789
local_polynomial,50.0,0.0006563382631498667
local_polynomial,50.0,0.0006668746408457655
local_polynomial,50.0,0.0007010007942936245
local_polynomial,50.0,0.0007392537664027575
local_polynomial,50.0,0.0007767908196700657
local_polynomial,50.0,0.0007841630362462187
local_polynomial,50.0,0.0007845633184457439
local_polynomial,50.0,0.000797273492374982
local_polynomial,50.0,0.0007976679901053495
local_polynomial,50.0,0.0008423525362014029
local_polynomial,50.0,0.0008441235122280254
local_polynomial,50.0,0.0010212588915222492
local_polynomial,50.0,0.0010267653267118028
local_polynomial,50.0,0.0010375126780536046
local_polynomial,50.0,0.0010485950920416202
local_polynomial,50.0,0.001049309786369615
local_polynomial,50.0,0.001054529722922868
local_polynomial,50.0,0.001138922729940974
local_polynomial,50.0,0.0011402200392755777
local_polynomial,50.0,0.0012372591090593782
local_polynomial,50.0,0.0012379237562683031
local_polynomial,50.0,0.0012379266082244054
local_polynomial,50.0,0.0013012189117963906
local_polynomial,50.0,0.0013667996840327735
local_polynomial,50.0,0.0014131657900017026
local_polynomial,50.0,0.0014514360306642016
local_polynomial,50.0,0.0014515580402439988
local_polynomial,50.0,0.001502983308025892
local_polynomial,50.0,0.001665814593341557
local_polynomial,50.0,0.0016734846357752324
local_polynomial,50.0,0.0017731824845866396
local_polynomial,50.0,0.001883353425446814
local_polynomial,50.0,0.0018835591656143264
local_polynomial,50.0,0.0019631194536825994
local_polynomial,50.0,0.001977595140075807
local_polynomial,50.0,0.0019776645327931994
local_polynomial,50.0,0.0020615310127358602
local_polynomial,50.0,0.002071336027988101
local_polynomial,50.0,0.002236562806789411
local_polynomial,50.0,0.002238072417098355
local_polynomial,50.0,0.003011721148098338
local_polynomial,50.0,0.0030158201498088314
local_polynomial,50.0,0.0031083499660150573
local_polynomial,50.0,0.003113812753269564
local_polynomial,50.0,0.0036698570042623955
local_polynomial,50.0,0.003723311631120044
local_polynomial,50.0,0.004598365710543592
local_polynomial,50.0,0.005320116312176129
local_polynomial,50.0,0.00563455164115622
local_polynomial,50.0,0.0056528500789708265
local_polynomial,50.0,0.0060145681296264325
local_polynomial,50.0,0.006029820743133303
local_polynomial,50.0,0.007399740180774504
local_polynomial,50.0,0.007453423654956675
local_polynomial,50.0,0.008526690935164817
local_polynomial,50.0,0.008577537658566798
local_polynomial,50.0,0.00932490918755574
local_polynomial,50.0,0.009332998539782318
local_polynomial,50.0,0.009332998955259084
local_polynomial,50.0,1.0614538087767747e-05
local_polynomial,50.0,1.2108058725811684e-05
local_polynomial,50.0,1.4819088504199139e-05
local_polynomial,50.0,1.4849785862468446e-05
local_polynomial,50.0,1.60734448247751e-05
local_polynomial,50.0,1.6105732090475985e-05
local_polynomial,50.0,1.7472729668222634e-05
local_polynomial,50.0,1.7508359697699464e-05
local_polynomial,50.0,1.818473816228896e-05
local_polynomial,50.0,1.998123263163045e-05
local_polynomial,50.0,1.9990694925047137e-05
local_polynomial,50.0,2.36502942417201e-05
local_polynomial,50.0,2.605760741472707e-05
local_polynomial,50.0,3.0053564056267346e-05
local_polynomial,50.0,3.0064037117671484e-05
local_polynomial,50.0,3.2187325104908965e-05
local_polynomial,50.0,3.889525431240274e-05
local_polynomial,50.0,3.8964786069497895e-06
local_polynomial,50.0,3.8975940628676056e-05
local_polynomial,50.0,3.9811041685032476e-05
local_polynomial,50.0,3.981149661704318e-05
local_polynomial,50.0,3.9811497436106326e-05
local_polynomial,50.0,4.285865497998817e-05
local_polynomial,50.0,4.285991849467787e-05
local_polynomial,50.0,4.2947087937311764e-05
local_polynomial,50.0,4.452873634680794e-05
local_polynomial,50.0,4.453904623387886e-05
local_polynomial,50.0,4.453905237972835e-05
local_polynomial,50.0,5.3110797021917904e-05
local_polynomial,50.0,5.313634547951958e-05
local_polynomial,50.0,6.441418758654512e-06
local_polynomial,50.0,6.443511886619566e-06
local_polynomial,50.0,7.049722836535537e-05
local_polynomial,50.0,7.064332849391887e-05
local_polynomial,50.0,7.744572234046785e-05
local_polynomial,50.0,7.744698275976112e-05
local_polynomial,50.0,7.744698510101207e-05
local_polynomial,50.0,8.658160178831718e-05
local_polynomial,50.0,8.992405626764815e-05
local_polynomial,50.0,9.009261329182523e-06
local_polynomial,50.0,9.170603403502327e-05
local_polynomial,50.0,9.249153776159741e-05
local_polynomial,50.0,9.75827877706387e-06
local_polynomial,60.0,0.00010973590101002277
local_polynomial,60.0,0.00010989020628840619
local_polynomial,60.0,0.00012994577037924357
local_polynomial,60.0,0.00013610199750561963
local_polynomial,60.0,0.0001512254565827206
local_polynomial,60.0,0.00015257292381666007
local_polynomial,60.0,0.00016283443114804274
local_polynomial,60.0,0.00017135615146522253
local_polynomial,60.0,0.00018084215007674822
local_polynomial,60.0,0.0001809938204866404
local_polynomial,60.0,0.00020180616268203742
local_polynomial,60.0,0.0002039161240924633
local_polynomial,60.0,0.0002057703593549454
local_polynomial,60.0,0.00021651953968377996
local_polynomial,60.0,0.00021704869151743984
local_polynomial,60.0,0.00022727016562382592
local_polynomial,60.0,0.00023452214033309205
local_polynomial,60.0,0.00023455035542882787
local_polynomial,60.0,0.0002366292445171408
local_polynomial,60.0,0.00023665623985005525
local_polynomial,60.0,0.00024625217783353053
local_polynomial,60.0,0.00024657490147377107
local_polynomial,60.0,0.0002500507941267629
local_polynomial,60.0,0.0002558894608872243
local_polynomial,60.0,0.0002560316526834418
local_polynomial,60.0,0.00026559425721567364
local_polynomial,60.0,0.000265601512557345
local_polynomial,60.0,0.0002703645995356257
local_polynomial,60.0,0.000281969336679673
local_polynomial,60.0,0.0002957052084161162
local_polynomial,60.0,0.00030226238378665564
local_polynomial,60.0,0.000330960144403132
local_polynomial,60.0,0.0003506312429265493
local_polynomial,60.0,0.0003731945920289065
local_polynomial,60.0,0.00038715683574198293
local_polynomial,60.0,0.0004196986790915526
local_polynomial,60.0,0.0004198412137368091
local_polynomial,60.0,0.0004237955327381706
local_polynomial,60.0,0.00042492336960458143
local_polynomial,60.0,0.00043212599411228777
local_polynomial,60.0,0.0004483843889048723
local_polynomial,60.0,0.0004486539429751373
local_polynomial,60.0,0.0004535218584041222
local_polynomial,60.0,0.00046042247450490715
local_polynomial,60.0,0.000464968873366359
local_polynomial,60.0,0.00048429260596239673
local_polynomial,60.0,0.0005135619969861618
local_polynomial,60.0,0.0005136722005285883
local_polynomial,60.0,0.0005222727017162185
local_polynomial,60.0,0.0005268550872682778
local_polynomial,60.0,0.000560320087340239
local_polynomial,60.0,0.0005788512963608504
local_polynomial,60.0,0.0005789273387877001
local_polynomial,60.0,0.0006080408653115027
local_polynomial,60.0,0.0006203900183939005
local_polynomial,60.0,0.0006276543748149076
local_polynomial,60.0,0.0006396070690202851
local_polynomial,60.0,0.0006396852018114472
local_polynomial,60.0,0.0006422252399215598
local_polynomial,60.0,0.000647425289998306
local_polynomial,60.0,0.0006748345299284246
local_polynomial,60.0,0.0006778985076421907
local_polynomial,60.0,0.0006792519102931855
local_polynomial,60.0,0.0006829227514483682
local_polynomial,60.0,0.0006840858334774673
local_polynomial,60.0,0.0006866357973317746
local_polynomial,60.0,0.0006873663228846666
local_polynomial,60.0,0.0006936187953104588
local_polynomial,60.0,0.0007030164163708285
local_polynomial,60.0,0.0007099987828250926
local_polynomial,60.0,0.0007141397888212907
local_polynomial,60.0,0.0007145457682830367
local_polynomial,60.0,0.000714733867434545
local_polynomial,60.0,0.0007317808750223805
local_polynomial,60.0,0.0007318399294956424
local_polynomial,60.0,0.0007856180089025196
local_polynomial,60.0,0.0007987473501567665
local_polynomial,60.0,0.0008410849789079552
local_polynomial,60.0,0.0008877993703071086
local_polynomial,60.0,0.0009426405528984643
local_polynomial,60.0,0.0009427090341426937
local_polynomial,60.0,0.0009456731102655109
local_polynomial,60.0,0.0009463791839451485
local_polynomial,60.0,0.0009660466814605474
local_polynomial,60.0,0.0009788702095244114
local_polynomial,60.0,0.0009797221702165938
local_polynomial,60.0,0.0010181112632997532
local_polynomial,60.0,0.0010951114627397245
local_polynomial,60.0,0.001168354095741712
local_polynomial,60.0,0.0012179313789252213
local_polynomial,60.0,0.0012179730724515884
local_polynomial,60.0,0.0012381954182382983
local_polynomial,60.0,0.0012382210823325052
local_polynomial,60.0,0.0012685993371090842
local_polynomial,60.0,0.0012719876815269133
local_polynomial,60.0,0.00147529869617287
local_polynomial,60.0,0.0014825740430120266
local_polynomial,60.0,0.001483391033069534
local_polynomial,60.0,0.0014873027326245587
local_polynomial,60.0,0.0014884932269055807
local_polynomial,60.0,0.0014884968948745277
local_polynomial,60.0,0.0015486488119146541
local_polynomial,60.0,0.0015503617172107755
local_polynomial,60.0,0.0016691875279908036
local_polynomial,60.0,0.0016954161966401017
local_polynomial,60.0,0.001698066026289054
local_polynomial,60.0,0.0017402524440743845
local_polynomial,60.0,0.0018023402369416659
local_polynomial,60.0,0.0018024902548364364
local_polynomial,60.0,0.0018143385456407645
local_polynomial,60.0,0.0020916906583030425
local_polynomial,60.0,0.002100341858205698
local_polynomial,60.0,0.0022385585125775523
local_polynomial,60.0,0.002283276901129323
local_polynomial,60.0,0.0022835386123283025
local_polynomial,60.0,0.0023570016811151917
local_polynomial,60.0,0.0023841758975248896
local_polynomial,60.0,0.0023842639133408745
local_polynomial,60.0,0.002522725961184002
local_polynomial,60.0,0.002534792315653541
local_polynomial,60.0,0.0031211368946437953
local_polynomial,60.0,0.003182923276525998
local_polynomial,60.0,0.003443237541099327
local_polynomial,60.0,0.003447042462077381
local_polynomial,60.0,0.004479903782564265
local_polynomial,60.0,0.004487869586998157
local_polynomial,60.0,0.004663500199232561
local_polynomial,60.0,0.004673522019151043
local_polynomial,60.0,0.005730417281143597
local_polynomial,60.0,0.006003860021253546
local_polynomial,60.0,0.007402002739994467
local_polynomial,60.0,0.008474334636402944
local_polynomial,60.0,0.00850455026089116
local_polynomial,60.0,0.008515439147596737
local_polynomial,60.0,0.00915609042658394
local_polynomial,60.0,0.009182317477771628
local_polynomial,60.0,0.011151541420816816
local_polynomial,60.0,0.011163935319629259
local_polynomial,60.0,0.011163935864942505
local_polynomial,60.0,0.011173010386429504
local_polynomial,60.0,0.011253977671311704
local_polynomial,60.0,0.01284784123393988
local_polynomial,60.0,0.01292610721504405
local_polynomial,60.0,1.487875298172828e-05
local_polynomial,60.0,1.6126272986124626e-05
local_polynomial,60.0,1.7535666041272415e-05
local_polynomial,60.0,1.9664163887782807e-05
local_polynomial,60.0,2.3067533208776853e-05
local_polynomial,60.0,2.3099947222893902e-05
local_polynomial,60.0,2.5030845839011427e-05
local_polynomial,60.0,2.506440758687719e-05
local_polynomial,60.0,2.7203416248932444e-05
local_polynomial,60.0,2.7240737355195812e-05
local_polynomial,60.0,2.9519813840428046e-05
local_polynomial,60.0,3.062194765882976e-05
local_polynomial,60.0,3.0631887069739595e-05
local_polynomial,60.0,3.9053061217823935e-05
local_polynomial,60.0,4.302442538553408e-05
local_polynomial,60.0,4.604133450356907e-05
local_polynomial,60.0,4.605224676195465e-05
local_polynomial,60.0,4.7806771674782596e-05
local_polynomial,60.0,4.780761201855596e-05
local_polynomial,60.0,4.7807613083768674e-05
local_polynomial,60.0,5.2274303458559104e-05
local_polynomial,60.0,5.3463039676090693e-05
local_polynomial,60.0,5.348164616320678e-05
local_polynomial,60.0,5.3481660624537874e-05
local_polynomial,60.0,6.053748359863441e-05
local_polynomial,60.0,6.062270729032151e-05
local_polynomial,60.0,6.324680109577925e-06
local_polynomial,60.0,6.669628943535018e-05
local_polynomial,60.0,6.678935907958485e-05
local_polynomial,60.0,7.07820854420521e-05
local_polynomial,60.0,8.139431847224654e-05
local_polynomial,60.0,8.14211780980674e-05
local_polynomial,60.0,9.299492017090778e-05
local_polynomial,60.0,9.299723692503394e-05
local_polynomial,60.0,9.299723996950288e-05
local_polynomial,60.0,9.86733012156589e-06
local_polynomial,60.0,9.869507277429865e-06
local_polynomial,80.0,0.00011529234423218493
local_polynomial,80.0,0.00012411463235118022
local_polynomial,80.0,0.00012412118271362397
local_polynomial,80.0,0.0001241211875853823
local_polynomial,80.0,0.00012860085430210628
local_polynomial,80.0,0.00012870025581012347
local_polynomial,80.0,0.00014162077313127505
local_polynomial,80.0,0.0001417283149984698
local_polynomial,80.0,0.00016340774449971745
local_polynomial,80.0,0.00016620036732602387
local_polynomial,80.0,0.00016623117321790205
local_polynomial,80.0,0.00023316010260170808
local_polynomial,80.0,0.00023334003529194768
local_polynomial,80.0,0.0002637649845080186
local_polynomial,80.0,0.0002844716292799757
local_polynomial,80.0,0.0002912558460962097
local_polynomial,80.0,0.0003138175561770979
local_polynomial,80.0,0.00031505535244472636
local_polynomial,80.0,0.00034455488766758663
local_polynomial,80.0,0.00034789365779820116
local_polynomial,80.0,0.00035096835111549524
local_polynomial,80.0,0.00035502263629948893
local_polynomial,80.0,0.0003583114717289381
local_polynomial,80.0,0.00035869088147253607
local_polynomial,80.0,0.0003620900291041037
local_polynomial,80.0,0.0003622343028703381
local_polynomial,80.0,0.00038807003745280444
local_polynomial,80.0,0.00039167175780253856
local_polynomial,80.0,0.000393480777062308
local_polynomial,80.0,0.0003980378587743595
local_polynomial,80.0,0.0004954407914219988
local_polynomial,80.0,0.0004955682186574752
local_polynomial,80.0,0.000495636150710197
local_polynomial,80.0,0.0004964952123368193
local_polynomial,80.0,0.0004996575866367027
local_polynomial,80.0,0.0004997874757720401
local_polynomial,80.0,0.000511172663564065
local_polynomial,80.0,0.0005210822088847673
local_polynomial,80.0,0.0005592782420619591
local_polynomial,80.0,0.0005594606487138471
local_polynomial,80.0,0.0006037502024797253
local_polynomial,80.0,0.0006058522452789207
local_polynomial,80.0,0.0006234278620610923
local_polynomial,80.0,0.0007090021545781151
local_polynomial,80.0,0.0007181500551087566
local_polynomial,80.0,0.0007396224996179387
local_polynomial,80.0,0.0007622391508366266
local_polynomial,80.0,0.0008290501733755227
local_polynomial,80.0,0.0008318532964775499
local_polynomial,80.0,0.0008585600099263705
local_polynomial,80.0,0.0008663441936467944
local_polynomial,80.0,0.0008894674096012745
local_polynomial,80.0,0.0008895450124286179
local_polynomial,80.0,0.0008998416558506848
local_polynomial,80.0,0.0009062677032045644
local_polynomial,80.0,0.0009176620205710896
local_polynomial,80.0,0.0009177722385804053
local_polynomial,80.0,0.0009652062146325142
local_polynomial,80.0,0.000973083240172444
local_polynomial,80.0,0.0009769192785134384
local_polynomial,80.0,0.0010015061884223611
local_polynomial,80.0,0.0010115206296288164
local_polynomial,80.0,0.001019490298782904
local_polynomial,80.0,0.0010238601347061897
local_polynomial,80.0,0.001023945064006149
local_polynomial,80.0,0.00106093152429356
local_polynomial,80.0,0.001082891818472684
local_polynomial,80.0,0.0010861466840209233
local_polynomial,80.0,0.0010863437783750094
local_polynomial,80.0,0.0010998208454845776
local_polynomial,80.0,0.0012222370427838996
local_polynomial,80.0,0.0012225371208610541
local_polynomial,80.0,0.0012387242609059681
local_polynomial,80.0,0.0012475185447066374
local_polynomial,80.0,0.0012724344466679524
local_polynomial,80.0,0.0012984358574476237
local_polynomial,80.0,0.0013110173884766838
local_polynomial,80.0,0.0013576432433372667
local_polynomial,80.0,0.0013584734129645504
local_polynomial,80.0,0.0013605748521558951
local_polynomial,80.0,0.0013928062336443987
local_polynomial,80.0,0.0013934189424012597
local_polynomial,80.0,0.0013969268240669635
local_polynomial,80.0,0.0014357280857656206
local_polynomial,80.0,0.0015126750150537516
local_polynomial,80.0,0.0015128949804305044
local_polynomial,80.0,0.0015726361764156146
local_polynomial,80.0,0.0017097298869503453
local_polynomial,80.0,0.0018053447683168652
local_polynomial,80.0,0.0018198996030446845
local_polynomial,80.0,0.0018351817581820772
local_polynomial,80.0,0.0018916765227829824
local_polynomial,80.0,0.0018949442870853535
local_polynomial,80.0,0.001986259355692859
local_polynomial,80.0,0.001986836243269045
local_polynomial,80.0,0.0019879666740858677
local_polynomial,80.0,0.001988031254303334
local_polynomial,80.0,0.001988689992322319
local_polynomial,80.0,0.0019913355222062556
local_polynomial,80.0,0.001991341231699085
local_polynomial,80.0,0.0020370833077687687
local_polynomial,80.0,0.0022422830824190437
local_polynomial,80.0,0.0024504487712336646
local_polynomial,80.0,0.002466781035868278
local_polynomial,80.0,0.002521703350299122
local_polynomial,80.0,0.0025287751441507465
local_polynomial,80.0,0.0025680944586593504
local_polynomial,80.0,0.0025689219520630972
local_polynomial,80.0,0.0026101518955800552
local_polynomial,80.0,0.0026110204759930765
local_polynomial,80.0,0.002612437296140069
local_polynomial,80.0,0.00261264599517501
local_polynomial,80.0,0.0027337139554706904
local_polynomial,80.0,0.0027466133997070207
local_polynomial,80.0,0.0027542953252515327
local_polynomial,80.0,0.0028200123934136213
local_polynomial,80.0,0.0030676562645951715
local_polynomial,80.0,0.00307217249770153
local_polynomial,80.0,0.003160294361815539
local_polynomial,80.0,0.003180742026295646
local_polynomial,80.0,0.003240060298452317
local_polynomial,80.0,0.003240191430478091
local_polynomial,80.0,0.0032483290787093284
local_polynomial,80.0,0.0032487127997482216
local_polynomial,80.0,0.003393510623769741
local_polynomial,80.0,0.003399868904558283
local_polynomial,80.0,0.0036396812016139457
local_polynomial,80.0,0.003687271011580656
local_polynomial,80.0,0.005043049858985179
local_polynomial,80.0,0.005054744127528998
local_polynomial,80.0,0.005066856066082632
local_polynomial,80.0,0.006496455646426062
local_polynomial,80.0,0.0067638413313569155
local_polynomial,80.0,0.007124127303320819
local_polynomial,80.0,0.00713410917463613
local_polynomial,80.0,0.008922499534767944
local_polynomial,80.0,0.008941170347724889
local_polynomial,80.0,0.009340605347689938
local_polynomial,80.0,0.00936312168303273
local_polynomial,80.0,0.012255909732976529
local_polynomial,80.0,0.013292908334820351
local_polynomial,80.0,0.014762493025028111
local_polynomial,80.0,0.0147881648820011
local_polynomial,80.0,0.014788165774868724
local_polynomial,80.0,0.01604473300211561
local_polynomial,80.0,0.016896921327284063
local_polynomial,80.0,0.016959049402493317
local_polynomial,80.0,0.01843101943380643
local_polynomial,80.0,0.018610404549995626
local_polynomial,80.0,0.0186662937510465
local_polynomial,80.0,0.022098951896652844
local_polynomial,80.0,0.022251278470052083
local_polynomial,80.0,0.025473955318758606
local_polynomial,80.0,0.02562525481159058
local_polynomial,80.0,1.3914630023028577e-05
local_polynomial,80.0,2.011208914481813e-05
local_polynomial,80.0,2.011451267983287e-05
local_polynomial,80.0,3.434951189618321e-05
local_polynomial,80.0,3.725824879405992e-05
local_polynomial,80.0,4.049625307432267e-05
local_polynomial,80.0,4.336677790523271e-05
local_polynomial,80.0,4.901249052049543e-05
local_polynomial,80.0,4.9050265496601835e-05
local_polynomial,80.0,5.320016465414646e-05
local_polynomial,80.0,5.323768364306866e-05
local_polynomial,80.0,5.780208764794756e-05
local_polynomial,80.0,5.784467177987676e-05
local_polynomial,80.0,6.252487058095695e-05
local_polynomial,80.0,6.253624372290451e-05
local_polynomial,80.0,6.38140645667101e-05
local_polynomial,80.0,6.38164579709889e-05
local_polynomial,80.0,6.381645967581036e-05
local_polynomial,80.0,6.497149615491178e-05
local_polynomial,80.0,7.135308680582686e-05
local_polynomial,80.0,7.140418722003481e-05
local_polynomial,80.0,7.14043032489998e-05
local_polynomial,80.0,9.013831696058427e-05
local_polynomial,80.0,9.387186568004803e-05
local_polynomial,80.0,9.388407231846596e-05
local_polynomial,80.0,9.927236008925009e-05
zero_order_hold,0.0,0.00010912789662492985
zero_order_hold,0.0,0.00010912790486261284
zero_order_hold,0.0,0.00011847335070029314
zero_order_hold,0.0,0.00011847336080346912
zero_order_hold,0.0,0.00019535666696468372
zero_order_hold,0.0,0.00019536071912004197
zero_order_hold,0.0,0.00022503572713109798
zero_order_hold,0.0,0.00022503576404608703
zero_order_hold,0.0,0.0004498993753777395
zero_order_hold,0.0,0.0004499691799688339
zero_order_hold,0.0,0.00046457478035444403
zero_order_hold,0.0,0.00046457575387019273
zero_order_hold,0.0,0.00047009812012601163
zero_order_hold,0.0,0.0004700981222210552
zero_order_hold,0.0,0.0006901502617812191
zero_order_hold,0.0,0.0006901664089358569
zero_order_hold,0.0,0.0007757684281428611
zero_order_hold,0.0,0.0007765256206170917
zero_order_hold,0.0,0.0008407573165168863
zero_order_hold,0.0,0.0008408336430320186
zero_order_hold,0.0,0.0009326069179921479
zero_order_hold,0.0,0.0009326628663381965
zero_order_hold,0.0,0.0009647640863879314
zero_order_hold,0.0,0.0009647864764321017
zero_order_hold,0.0,0.0010200467219414243
zero_order_hold,0.0,0.001020375479527871
zero_order_hold,0.0,0.001092568739258856
zero_order_hold,0.0,0.0010928259157055892
zero_order_hold,0.0,0.0015156360470671378
zero_order_hold,0.0,0.0015156631654443446
zero_order_hold,0.0,0.0016093515272637888
zero_order_hold,0.0,0.001609374194752601
zero_order_hold,0.0,0.0016157078861470608
zero_order_hold,0.0,0.0016157302485137537
zero_order_hold,0.0,0.001710290317167195
zero_order_hold,0.0,0.0017103285421592317
zero_order_hold,0.0,0.0023525154111367877
zero_order_hold,0.0,0.0023525173609695482
zero_order_hold,0.0,0.002361908445397851
zero_order_hold,0.0,0.0023622358671020103
zero_order_hold,0.0,0.0023681279771016494
zero_order_hold,0.0,0.0023690602257327564
zero_order_hold,0.0,0.002462109829831585
zero_order_hold,0.0,0.002462896568195385
zero_order_hold,0.0,0.002573044170539971
zero_order_hold,0.0,0.0025770595373457565
zero_order_hold,0.0,0.0027118875725393684
zero_order_hold,0.0,0.002712327358986813
zero_order_hold,0.0,0.002714362390174853
zero_order_hold,0.0,0.002715080992817126
zero_order_hold,0.0,0.003051298268716463
zero_order_hold,0.0,0.003051387975557436
zero_order_hold,0.0,0.003220867534706907
zero_order_hold,0.0,0.003223045033676263
zero_order_hold,0.0,0.0033741579834500137
zero_order_hold,0.0,0.003378373918633028
zero_order_hold,0.0,0.003679191359876961
zero_order_hold,0.0,0.0036791941844231952
zero_order_hold,0.0,0.0037542926724030987
zero_order_hold,0.0,0.0037543046649456055
zero_order_hold,0.0,0.004072107611246922
zero_order_hold,0.0,0.004072162386915199
zero_order_hold,0.0,0.004104746373499409
zero_order_hold,0.0,0.004107094684757342
zero_order_hold,0.0,0.00425089643972268
zero_order_hold,0.0,0.004250981965436489
zero_order_hold,0.0,0.004336085356854122
zero_order_hold,0.0,0.004336130860684539
zero_order_hold,0.0,0.004421139477490143
zero_order_hold,0.0,0.004421142553540978
zero_order_hold,0.0,0.004548821158170073
zero_order_hold,0.0,0.004548873158828929
zero_order_hold,0.0,0.004785301058919331
zero_order_hold,0.0,0.004785301830045362
zero_order_hold,0.0,0.004816344739928359
zero_order_hold,0.0,0.004816378056268755
zero_order_hold,0.0,0.005217989282298142
zero_order_hold,0.0,0.0052179897515962645
zero_order_hold,0.0,0.005221365204211474
zero_order_hold,0.0,0.005221365284862535
zero_order_hold,0.0,0.005853850872987092
zero_order_hold,0.0,0.0058539442092991854
zero_order_hold,0.0,0.006392548111683817
zero_order_hold,0.0,0.00639267172326121
zero_order_hold,0.0,0.006762106969138311
zero_order_hold,0.0,0.006762167741624387
zero_order_hold,0.0,0.007029329475072572
zero_order_hold,0.0,0.007029456122380891
zero_order_hold,0.0,0.007091128712168283
zero_order_hold,0.0,0.007091252147693986
zero_order_hold,0.0,0.01003404628174956
zero_order_hold,0.0,0.010034086867433832
zero_order_hold,0.0,0.01193199647217013
zero_order_hold,0.0,0.0119320124764267
zero_order_hold,0.0,0.01195864399613212
zero_order_hold,0.0,0.011958646052733099
zero_order_hold,0.0,0.011965480638935001
zero_order_hold,0.0,0.011965481329640528
zero_order_hold,0.0,0.013056337159403887
zero_order_hold,0.0,0.013056338450114922
zero_order_hold,0.0,0.014619161797586943
zero_order_hold,0.0,0.014619166548676312
zero_order_hold,0.0,0.017928620457070315
zero_order_hold,0.0,0.017928622473251707
zero_order_hold,0.0,0.017973271910786123
zero_order_hold,0.0,0.017973306920759703
zero_order_hold,0.0,0.01804786481584984
zero_order_hold,0.0,0.01804786893456994
zero_order_hold,0.0,0.019253173240116994
zero_order_hold,0.0,0.019253179714361652
zero_order_hold,0.0,0.019596085741335457
zero_order_hold,0.0,0.019596086166805547
zero_order_hold,0.0,0.02224208190143235
zero_order_hold,0.0,0.022242082391680133
zero_order_hold,0.0,0.022251015148132724
zero_order_hold,0.0,0.022251018847006053
zero_order_hold,0.0,0.027112463421331518
zero_order_hold,0.0,0.027112466266828738
zero_order_hold,0.0,0.028101577189909976
zero_order_hold,0.0,0.028101580535478468
zero_order_hold,0.0,1.0239305998829366e-09
zero_order_hold,0.0,1.0967598908692963e-09
zero_order_hold,0.0,1.1425504100837453e-09
zero_order_hold,0.0,1.2621129586252195e-09
zero_order_hold,0.0,1.30361119889184e-09
zero_order_hold,0.0,1.3593134343320554e-09
zero_order_hold,0.0,1.375140341741056e-08
zero_order_hold,0.0,1.3784209593521493e-09
zero_order_hold,0.0,1.5717813405619947e-08
zero_order_hold,0.0,1.573775931001875e-08
zero_order_hold,0.0,1.7889273167111207e-10
zero_order_hold,0.0,1.8274405592260748e-09
zero_order_hold,0.0,1.8308619576996875e-09
zero_order_hold,0.0,1.9129523592824384e-08
zero_order_hold,0.0,1.9228112106065212e-10
zero_order_hold,0.0,2.033174410543041e-09
zero_order_hold,0.0,2.0554689114412295e-09
zero_order_hold,0.0,2.164203184880351e-09
zero_order_hold,0.0,2.2189966953881737e-10
zero_order_hold,0.0,2.2236008762592476e-09
zero_order_hold,0.0,2.3959485880977728e-09
zero_order_hold,0.0,2.7602672099350523e-10
zero_order_hold,0.0,2.863336674185768e-09
zero_order_hold,0.0,2.932892672219634e-09
zero_order_hold,0.0,2.9406490692572865e-09
zero_order_hold,0.0,2.943754828893385e-09
zero_order_hold,0.0,3.1946681928125494e-09
zero_order_hold,0.0,3.2723767033222936e-09
zero_order_hold,0.0,3.327635939805118e-10
zero_order_hold,0.0,3.337830595219824e-11
zero_order_hold,0.0,3.3886089912535337e-09
zero_order_hold,0.0,3.7909534245515003e-11
zero_order_hold,0.0,3.8217822951459895e-09
zero_order_hold,0.0,3.97500970488468e-09
zero_order_hold,0.0,4.089570697161608e-10
zero_order_hold,0.0,4.1297759611889505e-10
zero_order_hold,0.0,4.29386981418178e-09
zero_order_hold,0.0,4.3312248276017446e-09
zero_order_hold,0.0,4.428685458900462e-09
zero_order_hold,0.0,4.440506968999059e-10
zero_order_hold,0.0,4.713865213362888e-10
zero_order_hold,0.0,4.742864598930475e-10
zero_order_hold,0.0,5.295454569152601e-09
zero_order_hold,0.0,5.606664817569368e-10
zero_order_hold,0.0,5.793209787792917e-10
zero_order_hold,0.0,6.516369466572714e-11
zero_order_hold,0.0,6.64914357482107e-09
zero_order_hold,0.0,7.126253643345342e-10
zero_order_hold,0.0,7.544559334868421e-10
zero_order_hold,0.0,7.706976894160165e-10
zero_order_hold,0.0,7.877065877131753e-09
zero_order_hold,0.0,7.910354513887048e-10
zero_order_hold,0.0,8.105501986852512e-09
zero_order_hold,0.0,8.638279707666116e-10
zero_order_hold,0.0,8.685818760466535e-09
zero_order_hold,0.0,8.714423847105756e-10
zero_order_hold,0.0,8.755972300594778e-10
zero_order_hold,0.0,8.81416445699694e-10
zero_order_hold,0.0,9.239126509102181e-11
zero_order_hold,0.0,9.302193556874951e-10
zero_order_hold,10.0,0.00010930491771298
zero_order_hold,10.0,0.00011861465129160767
zero_order_hold,10.0,0.00019569497017958858
zero_order_hold,10.0,0.00021806315161841948
zero_order_hold,10.0,0.00021806316110540552
zero_order_hold,10.0,0.00022531341302401992
zero_order_hold,10.0,0.00023697805916192177
zero_order_hold,10.0,0.00023697806673330526
zero_order_hold,10.0,0.00039082908260978515
zero_order_hold,10.0,0.0003908322909147553
zero_order_hold,10.0,0.00045024491949668716
zero_order_hold,10.0,0.0004502449503895124
zero_order_hold,10.0,0.00045054209771441204
zero_order_hold,10.0,0.0004654034847784475
zero_order_hold,10.0,0.0004706725359954168
zero_order_hold,10.0,0.0006911928172413192
zero_order_hold,10.0,0.0007767671888527398
zero_order_hold,10.0,0.0008418898462970946
zero_order_hold,10.0,0.0008994294708826235
zero_order_hold,10.0,0.0008994353810281235
zero_order_hold,10.0,0.0009297377098590619
zero_order_hold,10.0,0.0009297389251361313
zero_order_hold,10.0,0.0009341355016995011
zero_order_hold,10.0,0.0009407003955528921
zero_order_hold,10.0,0.000940700426297038
zero_order_hold,10.0,0.0009660852480059346
zero_order_hold,10.0,0.0010214057967855728
zero_order_hold,10.0,0.0010940642128777248
zero_order_hold,10.0,0.00137922609443855
zero_order_hold,10.0,0.0013792388300634447
zero_order_hold,10.0,0.0015178156793322344
zero_order_hold,10.0,0.0015490047706369242
zero_order_hold,10.0,0.0015498629108644858
zero_order_hold,10.0,0.0016115284285723255
zero_order_hold,10.0,0.0016178816355773386
zero_order_hold,10.0,0.001677697825463216
zero_order_hold,10.0,0.001677780639797874
zero_order_hold,10.0,0.0017123258172086107
zero_order_hold,10.0,0.001864011954097155
zero_order_hold,10.0,0.0018640600000859957
zero_order_hold,10.0,0.0019294650311627811
zero_order_hold,10.0,0.001929480495317336
zero_order_hold,10.0,0.00203699434534644
zero_order_hold,10.0,0.0020373919276433874
zero_order_hold,10.0,0.002183557661489839
zero_order_hold,10.0,0.002183870998076303
zero_order_hold,10.0,0.0023557291489694635
zero_order_hold,10.0,0.0023663567687106607
zero_order_hold,10.0,0.002371612282728438
zero_order_hold,10.0,0.0024666008292868586
zero_order_hold,10.0,0.0025768508453660774
zero_order_hold,10.0,0.002717130291251619
zero_order_hold,10.0,0.002717681046910776
zero_order_hold,10.0,0.0030347756336279318
zero_order_hold,10.0,0.0030348080976786143
zero_order_hold,10.0,0.003055630128052321
zero_order_hold,10.0,0.003222251325886654
zero_order_hold,10.0,0.0032222784879520493
zero_order_hold,10.0,0.0032264443349965355
zero_order_hold,10.0,0.0032349616556978955
zero_order_hold,10.0,0.0032349884537579616
zero_order_hold,10.0,0.0033780307466427235
zero_order_hold,10.0,0.0034166382634963767
zero_order_hold,10.0,0.0034166843319053705
zero_order_hold,10.0,0.003684080305973742
zero_order_hold,10.0,0.0037615600390303277
zero_order_hold,10.0,0.004077556923678704
zero_order_hold,10.0,0.004110143580663401
zero_order_hold,10.0,0.004256674416224668
zero_order_hold,10.0,0.004341538191120401
zero_order_hold,10.0,0.004429258654622639
zero_order_hold,10.0,0.004557326190894399
zero_order_hold,10.0,0.004699377569466422
zero_order_hold,10.0,0.004699378154913175
zero_order_hold,10.0,0.004722295252640115
zero_order_hold,10.0,0.004722645123995183
zero_order_hold,10.0,0.004732256593058832
zero_order_hold,10.0,0.004733365471158429
zero_order_hold,10.0,0.004794529965479238
zero_order_hold,10.0,0.004821798662104329
zero_order_hold,10.0,0.004921548258577485
zero_order_hold,10.0,0.004922500871037198
zero_order_hold,10.0,0.005129663343005208
zero_order_hold,10.0,0.00513404405005905
zero_order_hold,10.0,0.005227365572481101
zero_order_hold,10.0,0.0052274049014142225
zero_order_hold,10.0,0.0054273718515117425
zero_order_hold,10.0,0.005427856296660402
zero_order_hold,10.0,0.005427912326491426
zero_order_hold,10.0,0.005428755089970067
zero_order_hold,10.0,0.005862034384573764
zero_order_hold,10.0,0.006093726614484843
zero_order_hold,10.0,0.0060938195531748274
zero_order_hold,10.0,0.0064018740335161795
zero_order_hold,10.0,0.006428149045198843
zero_order_hold,10.0,0.006430708938650365
zero_order_hold,10.0,0.0067341910445749996
zero_order_hold,10.0,0.006738946157959849
zero_order_hold,10.0,0.006770282069290078
zero_order_hold,10.0,0.007039438256040186
zero_order_hold,10.0,0.0071012393046337415
zero_order_hold,10.0,0.0073542685251112
zero_order_hold,10.0,0.007354271998427679
zero_order_hold,10.0,0.007512566720597321
zero_order_hold,10.0,0.007512579739229413
zero_order_hold,10.0,0.008153122254281867
zero_order_hold,10.0,0.008153187902169946
zero_order_hold,10.0,0.0082027983578634
zero_order_hold,10.0,0.008205514526658074
zero_order_hold,10.0,0.00849943109258305
zero_order_hold,10.0,0.008499534660418537
zero_order_hold,10.0,0.008681204587443602
zero_order_hold,10.0,0.008681259170390292
zero_order_hold,10.0,0.008830499342135022
zero_order_hold,10.0,0.008830502348396625
zero_order_hold,10.0,0.00910067073436702
zero_order_hold,10.0,0.009100739801141922
zero_order_hold,10.0,0.009588783060043586
zero_order_hold,10.0,0.009588783992006241
zero_order_hold,10.0,0.00964191109268107
zero_order_hold,10.0,0.009641951106028277
zero_order_hold,10.0,0.010052202765908251
zero_order_hold,10.0,0.010454528575878082
zero_order_hold,10.0,0.01045452914316322
zero_order_hold,10.0,0.010454725900868548
zero_order_hold,10.0,0.01045472599832044
zero_order_hold,10.0,0.011720949979823665
zero_order_hold,10.0,0.011721061767438751
zero_order_hold,10.0,0.011953748468880119
zero_order_hold,10.0,0.011982068783987674
zero_order_hold,10.0,0.011983325955931004
zero_order_hold,10.0,0.012790397449006126
zero_order_hold,10.0,0.012790550220786552
zero_order_hold,10.0,0.013080403741093798
zero_order_hold,10.0,0.013537863925536964
zero_order_hold,10.0,0.013537936859669452
zero_order_hold,10.0,0.014074893970968023
zero_order_hold,10.0,0.014075045578976339
zero_order_hold,10.0,0.014198530104213535
zero_order_hold,10.0,0.014198677889207607
zero_order_hold,10.0,0.01463819017706049
zero_order_hold,10.0,0.017960156515965185
zero_order_hold,10.0,0.01800861354466496
zero_order_hold,10.0,0.018068990283539553
zero_order_hold,10.0,0.01928905890374352
zero_order_hold,10.0,0.019620812417101462
zero_order_hold,10.0,0.020028270208866703
zero_order_hold,10.0,0.0200283244880402
zero_order_hold,10.0,0.022268110941049656
zero_order_hold,10.0,0.02229426195737201
zero_order_hold,10.0,0.023843123330564195
zero_order_hold,10.0,0.023843140520412753
zero_order_hold,10.0,0.023963422753312952
zero_order_hold,10.0,0.023963425238885783
zero_order_hold,10.0,0.02396623779382829
zero_order_hold,10.0,0.02396623862846774
zero_order_hold,10.0,0.02616027603129372
zero_order_hold,10.0,0.02616027759157994
zero_order_hold,10.0,0.027152778102011516
zero_order_hold,10.0,0.028141583181601273
zero_order_hold,10.0,0.029248261027850435
zero_order_hold,10.0,0.029248265206876362
zero_order_hold,10.0,0.035859643787858435
zero_order_hold,10.0,0.035859680692802196
zero_order_hold,10.0,0.03591944666593773
zero_order_hold,10.0,0.03591944910250777
zero_order_hold,10.0,0.036077934593164905
zero_order_hold,10.0,0.03607793931423344
zero_order_hold,10.0,0.03848649103426383
zero_order_hold,10.0,0.038486491566630206
zero_order_hold,10.0,0.03924125143669598
zero_order_hold,10.0,0.039241251950845435
zero_order_hold,10.0,0.04453574640097952
zero_order_hold,10.0,0.04453574699329712
zero_order_hold,10.0,0.04458721630452616
zero_order_hold,10.0,0.04458722077490599
zero_order_hold,10.0,0.054215250271479325
zero_order_hold,10.0,0.05421525413444136
zero_order_hold,10.0,0.05627883686906723
zero_order_hold,10.0,0.056278839099815896
zero_order_hold,100.0,0.0010745965661988072
zero_order_hold,100.0,0.001180087902058747
zero_order_hold,100.0,0.0011809533818687196
zero_order_hold,100.0,0.0011809535025030004
zero_order_hold,100.0,0.00129800016426818
zero_order_hold,100.0,0.0012980001795883658
zero_order_hold,100.0,0.0019448969565510604
zero_order_hold,100.0,0.002140869125796242
zero_order_hold,100.0,0.0021408749563315665
zero_order_hold,100.0,0.002246095410672432
zero_order_hold,100.0,0.002471148510442367
zero_order_hold,100.0,0.002471148534460985
zero_order_hold,100.0,0.004457035197774922
zero_order_hold,100.0,0.0046367745223902775
zero_order_hold,100.0,0.0046988327153152385
zero_order_hold,100.0,0.004902748586501213
zero_order_hold,100.0,0.004902767582668433
zero_order_hold,100.0,0.005104988284110731
zero_order_hold,100.0,0.005104988644502775
zero_order_hold,100.0,0.0051708244798577595
zero_order_hold,100.0,0.005170825005399869
zero_order_hold,100.0,0.006807637509940462
zero_order_hold,100.0,0.007248921587443279
zero_order_hold,100.0,0.007481782394075572
zero_order_hold,100.0,0.007481794307840702
zero_order_hold,100.0,0.00786434721477243
zero_order_hold,100.0,0.007865029989967147
zero_order_hold,100.0,0.008088746935375906
zero_order_hold,100.0,0.008825504128297211
zero_order_hold,100.0,0.00882562417934401
zero_order_hold,100.0,0.009216895781013089
zero_order_hold,100.0,0.00958822824418318
zero_order_hold,100.0,0.009637188324970288
zero_order_hold,100.0,0.010137581179309862
zero_order_hold,100.0,0.010137606026438876
zero_order_hold,100.0,0.010425123473659434
zero_order_hold,100.0,0.010498079845535059
zero_order_hold,100.0,0.010498597706116455
zero_order_hold,100.0,0.010543854453675588
zero_order_hold,100.0,0.010543861445414157
zero_order_hold,100.0,0.011377749080220087
zero_order_hold,100.0,0.011378230276854811
zero_order_hold,100.0,0.015237695885591842
zero_order_hold,100.0,0.016182516654659418
zero_order_hold,100.0,0.016246409118532753
zero_order_hold,100.0,0.01662018043468166
zero_order_hold,100.0,0.016729159216397015
zero_order_hold,100.0,0.016729230298170368
zero_order_hold,100.0,0.017770315310503416
zero_order_hold,100.0,0.01777037562626935
zero_order_hold,100.0,0.017840764798120783
zero_order_hold,100.0,0.01784082431747089
zero_order_hold,100.0,0.018200202419706973
zero_order_hold,100.0,0.0182003149312236
zero_order_hold,100.0,0.022457822016643383
zero_order_hold,100.0,0.022908002039041118
zero_order_hold,100.0,0.023222220246561107
zero_order_hold,100.0,0.023396394989777632
zero_order_hold,100.0,0.02366342955411057
zero_order_hold,100.0,0.024484753147200812
zero_order_hold,100.0,0.024486088931143072
zero_order_hold,100.0,0.02519178507677083
zero_order_hold,100.0,0.02519179614856785
zero_order_hold,100.0,0.02537465187836683
zero_order_hold,100.0,0.025375187332576158
zero_order_hold,100.0,0.025533442297210694
zero_order_hold,100.0,0.02553469269538272
zero_order_hold,100.0,0.0255750404249018
zero_order_hold,100.0,0.02557764508263129
zero_order_hold,100.0,0.026415205642942394
zero_order_hold,100.0,0.02659772145917125
zero_order_hold,100.0,0.028828558455287482
zero_order_hold,100.0,0.02882975954398077
zero_order_hold,100.0,0.029011388044497075
zero_order_hold,100.0,0.029012208357442636
zero_order_hold,100.0,0.029620752393367443
zero_order_hold,100.0,0.02999714686575253
zero_order_hold,100.0,0.031240010479259513
zero_order_hold,100.0,0.03214800782140825
zero_order_hold,100.0,0.03214998560706232
zero_order_hold,100.0,0.032878875547943505
zero_order_hold,100.0,0.03287899136696312
zero_order_hold,100.0,0.033799819273133046
zero_order_hold,100.0,0.03380288536693736
zero_order_hold,100.0,0.036619557837563994
zero_order_hold,100.0,0.03780088611421972
zero_order_hold,100.0,0.03921426682980612
zero_order_hold,100.0,0.04019393393832707
zero_order_hold,100.0,0.04019395097009211
zero_order_hold,100.0,0.04094770939784712
zero_order_hold,100.0,0.04152083253141855
zero_order_hold,100.0,0.041520847812968616
zero_order_hold,100.0,0.04170721347457931
zero_order_hold,100.0,0.04265495004949262
zero_order_hold,100.0,0.04265771560536949
zero_order_hold,100.0,0.04360672316200686
zero_order_hold,100.0,0.04373829715924286
zero_order_hold,100.0,0.044721527418071685
zero_order_hold,100.0,0.04496708990118897
zero_order_hold,100.0,0.044967236207278445
zero_order_hold,100.0,0.04571824804055665
zero_order_hold,100.0,0.04571850871603859
zero_order_hold,100.0,0.047896357859336595
zero_order_hold,100.0,0.04789648125283127
zero_order_hold,100.0,0.04794901059079376
zero_order_hold,100.0,0.04794901455730871
zero_order_hold,100.0,0.0484388178645358
zero_order_hold,100.0,0.04875419344318346
zero_order_hold,100.0,0.049049465788676576
zero_order_hold,100.0,0.0490496872461933
zero_order_hold,100.0,0.052813226822678826
zero_order_hold,100.0,0.05310692829002018
zero_order_hold,100.0,0.053218494157467384
zero_order_hold,100.0,0.05321858647760352
zero_order_hold,100.0,0.053618786791352374
zero_order_hold,100.0,0.05361878917145217
zero_order_hold,100.0,0.0580912845670947
zero_order_hold,100.0,0.058091284817257
zero_order_hold,100.0,0.05840970077627073
zero_order_hold,100.0,0.05840970223785894
zero_order_hold,100.0,0.05885853314912296
zero_order_hold,100.0,0.0632368580587425
zero_order_hold,100.0,0.0646263891817685
zero_order_hold,100.0,0.06462663601880522
zero_order_hold,100.0,0.06800650379288076
zero_order_hold,100.0,0.06929690028955761
zero_order_hold,100.0,0.06929730941311818
zero_order_hold,100.0,0.0706686977476936
zero_order_hold,100.0,0.07129219106875957
zero_order_hold,100.0,0.07470457849299669
zero_order_hold,100.0,0.07470474464410053
zero_order_hold,100.0,0.07758553142991877
zero_order_hold,100.0,0.07758586253240889
zero_order_hold,100.0,0.07827258118058074
zero_order_hold,100.0,0.07827290471940827
zero_order_hold,100.0,0.09867816340051623
zero_order_hold,100.0,0.10811207997366208
zero_order_hold,100.0,0.10811214389829099
zero_order_hold,100.0,0.11856092140722499
zero_order_hold,100.0,0.12140684645164525
zero_order_hold,100.0,0.12187278307492778
zero_order_hold,100.0,0.13004594322196497
zero_order_hold,100.0,0.13004596470229646
zero_order_hold,100.0,0.13294245392849302
zero_order_hold,100.0,0.13353138263415473
zero_order_hold,100.0,0.13353138476844095
zero_order_hold,100.0,0.13403210650855926
zero_order_hold,100.0,0.1340321128555614
zero_order_hold,100.0,0.14621590650295418
zero_order_hold,100.0,0.14621591052563845
zero_order_hold,100.0,0.14681524867689213
zero_order_hold,100.0,0.16133085262710908
zero_order_hold,100.0,0.1613308617213251
zero_order_hold,100.0,0.17619311785813335
zero_order_hold,100.0,0.17985423755919872
zero_order_hold,100.0,0.1823715613349165
zero_order_hold,100.0,0.1919698459072323
zero_order_hold,100.0,0.192945856784379
zero_order_hold,100.0,0.19294585850437715
zero_order_hold,100.0,0.19749432330299557
zero_order_hold,100.0,0.19749434166803193
zero_order_hold,100.0,0.19841412425298943
zero_order_hold,100.0,0.20057487662483345
zero_order_hold,100.0,0.20057488285143474
zero_order_hold,100.0,0.21063969246846456
zero_order_hold,100.0,0.21063971861660089
zero_order_hold,100.0,0.21824099248577702
zero_order_hold,100.0,0.2182409938069003
zero_order_hold,100.0,0.22498627980061592
zero_order_hold,100.0,0.22673230336213454
zero_order_hold,100.0,0.24746640717258916
zero_order_hold,100.0,0.2474664086875672
zero_order_hold,100.0,0.2493544000296739
zero_order_hold,100.0,0.24935441144567055
zero_order_hold,100.0,0.26925496044369185
zero_order_hold,100.0,0.28481270273020753
zero_order_hold,100.0,0.29596077110572805
zero_order_hold,100.0,0.2959607841152825
zero_order_hold,100.0,0.31324576270228344
zero_order_hold,100.0,0.31324577536248704
zero_order_hold,150.0,0.0015942582163474624
zero_order_hold,150.0,0.0016989660598142361
zero_order_hold,150.0,0.001698966153340751
zero_order_hold,150.0,0.0017628981934693332
zero_order_hold,150.0,0.0018801818369497219
zero_order_hold,150.0,0.0018801818650097453
zero_order_hold,150.0,0.002906001582657085
zero_order_hold,150.0,0.0031023180239731535
zero_order_hold,150.0,0.0031023255593269267
zero_order_hold,150.0,0.003358936410868776
zero_order_hold,150.0,0.0035832760372282806
zero_order_hold,150.0,0.003583276092302224
zero_order_hold,150.0,0.006642761714873657
zero_order_hold,150.0,0.0069363583941358005
zero_order_hold,150.0,0.007033628452103397
zero_order_hold,150.0,0.0070865889749314745
zero_order_hold,150.0,0.007086595123117777
zero_order_hold,150.0,0.007406351490718662
zero_order_hold,150.0,0.00740635163426766
zero_order_hold,150.0,0.007505214783889506
zero_order_hold,150.0,0.007505215557599752
zero_order_hold,150.0,0.01001935743147549
zero_order_hold,150.0,0.010109858853683042
zero_order_hold,150.0,0.010501389526362157
zero_order_hold,150.0,0.010501841343609918
zero_order_hold,150.0,0.010773996505346987
zero_order_hold,150.0,0.010773997349337408
zero_order_hold,150.0,0.011679797754193538
zero_order_hold,150.0,0.012334432618958864
zero_order_hold,150.0,0.012334559023095356
zero_order_hold,150.0,0.013626602932882094
zero_order_hold,150.0,0.013715623616109293
zero_order_hold,150.0,0.014298768029245677
zero_order_hold,150.0,0.014345871027001146
zero_order_hold,150.0,0.0143461525290349
zero_order_hold,150.0,0.014630565078436627
zero_order_hold,150.0,0.01463057609254075
zero_order_hold,150.0,0.01479989912647872
zero_order_hold,150.0,0.0152461250722376
zero_order_hold,150.0,0.015246140124680525
zero_order_hold,150.0,0.015612340024626421
zero_order_hold,150.0,0.01561265416188249
zero_order_hold,150.0,0.022766394003501413
zero_order_hold,150.0,0.024198154275741356
zero_order_hold,150.0,0.024202062064329607
zero_order_hold,150.0,0.02421627678125722
zero_order_hold,150.0,0.0242163609685215
zero_order_hold,150.0,0.024295231433938583
zero_order_hold,150.0,0.025651756747647626
zero_order_hold,150.0,0.025651901582993127
zero_order_hold,150.0,0.025747438081033167
zero_order_hold,150.0,0.025747510152906158
zero_order_hold,150.0,0.025851446973919372
zero_order_hold,150.0,0.02585151802739024
zero_order_hold,150.0,0.03170290209256226
zero_order_hold,150.0,0.032344846381515586
zero_order_hold,150.0,0.033126336200068184
zero_order_hold,150.0,0.033417062981354384
zero_order_hold,150.0,0.03341789821781495
zero_order_hold,150.0,0.03368789368935898
zero_order_hold,150.0,0.03373392284345336
zero_order_hold,150.0,0.03373619602059813
zero_order_hold,150.0,0.03378820181945765
zero_order_hold,150.0,0.034952532092065405
zero_order_hold,150.0,0.034953358507138925
zero_order_hold,150.0,0.0356754684414646
zero_order_hold,150.0,0.035676068654371465
zero_order_hold,150.0,0.03591835924732274
zero_order_hold,150.0,0.03591837624981147
zero_order_hold,150.0,0.03810965703358734
zero_order_hold,150.0,0.03823376280242472
zero_order_hold,150.0,0.04022646991297656
zero_order_hold,150.0,0.040227357297714914
zero_order_hold,150.0,0.04024874339460214
zero_order_hold,150.0,0.04024963121154945
zero_order_hold,150.0,0.04083523333843382
zero_order_hold,150.0,0.042842592229272704
zero_order_hold,150.0,0.04284353581758765
zero_order_hold,150.0,0.042885881536327164
zero_order_hold,150.0,0.04436684363203995
zero_order_hold,150.0,0.04474327605099635
zero_order_hold,150.0,0.044745156999131674
zero_order_hold,150.0,0.04713093578540777
zero_order_hold,150.0,0.04713106163929103
zero_order_hold,150.0,0.05469222894072582
zero_order_hold,150.0,0.055575568378170154
zero_order_hold,150.0,0.056863613765817465
zero_order_hold,150.0,0.058203321190494886
zero_order_hold,150.0,0.058203332288831795
zero_order_hold,150.0,0.05841417129946411
zero_order_hold,150.0,0.058415793050459776
zero_order_hold,150.0,0.06056574116248094
zero_order_hold,150.0,0.06056575581857479
zero_order_hold,150.0,0.0610210603709252
zero_order_hold,150.0,0.06123847275152692
zero_order_hold,150.0,0.06475740879878668
zero_order_hold,150.0,0.06475775033512138
zero_order_hold,150.0,0.06510738720317587
zero_order_hold,150.0,0.06516247970036192
zero_order_hold,150.0,0.06516265512397489
zero_order_hold,150.0,0.06526123940003646
zero_order_hold,150.0,0.06550695816228175
zero_order_hold,150.0,0.0692029370415132
zero_order_hold,150.0,0.06920293753860793
zero_order_hold,150.0,0.06946231145400192
zero_order_hold,150.0,0.06946246095664019
zero_order_hold,150.0,0.0695297951975893
zero_order_hold,150.0,0.06953009576779662
zero_order_hold,150.0,0.07256296650033717
zero_order_hold,150.0,0.07378513823192027
zero_order_hold,150.0,0.07726492420939327
zero_order_hold,150.0,0.07726503772424156
zero_order_hold,150.0,0.07868076602566816
zero_order_hold,150.0,0.07868076919724373
zero_order_hold,150.0,0.07966557067861288
zero_order_hold,150.0,0.08034623337980774
zero_order_hold,150.0,0.0849695642179743
zero_order_hold,150.0,0.0849695645541979
zero_order_hold,150.0,0.08568551878744067
zero_order_hold,150.0,0.08568552075612862
zero_order_hold,150.0,0.08797462467440718
zero_order_hold,150.0,0.09305740201051498
zero_order_hold,150.0,0.0935911512440816
zero_order_hold,150.0,0.09359144552738909
zero_order_hold,150.0,0.09866455334671659
zero_order_hold,150.0,0.09866509224404055
zero_order_hold,150.0,0.10181755569315208
zero_order_hold,150.0,0.10558512796169592
zero_order_hold,150.0,0.10652984836313675
zero_order_hold,150.0,0.1083892326979805
zero_order_hold,150.0,0.10838943503771792
zero_order_hold,150.0,0.11231012470263532
zero_order_hold,150.0,0.11231051543927209
zero_order_hold,150.0,0.11332022337045063
zero_order_hold,150.0,0.11332060586870672
zero_order_hold,150.0,0.14643273604294738
zero_order_hold,150.0,0.15555660024838158
zero_order_hold,150.0,0.1555566213384478
zero_order_hold,150.0,0.17697847299649141
zero_order_hold,150.0,0.18339113306471447
zero_order_hold,150.0,0.1844669385279623
zero_order_hold,150.0,0.18822710294658224
zero_order_hold,150.0,0.1882271234170179
zero_order_hold,150.0,0.19558235598718457
zero_order_hold,150.0,0.19558235883905106
zero_order_hold,150.0,0.19670435776696493
zero_order_hold,150.0,0.19670436622262835
zero_order_hold,150.0,0.2011734816496624
zero_order_hold,150.0,0.21454005307844115
zero_order_hold,150.0,0.21454005849883306
zero_order_hold,150.0,0.2205504572870651
zero_order_hold,150.0,0.23500165334906933
zero_order_hold,150.0,0.2350016700036435
zero_order_hold,150.0,0.2610877249436643
zero_order_hold,150.0,0.2690207279056898
zero_order_hold,150.0,0.2758018303243092
zero_order_hold,150.0,0.2772364946328084
zero_order_hold,150.0,0.2772365616079546
zero_order_hold,150.0,0.2864397757728863
zero_order_hold,150.0,0.28643978403088993
zero_order_hold,150.0,0.28711862907626756
zero_order_hold,150.0,0.2941155501924471
zero_order_hold,150.0,0.29411555849931187
zero_order_hold,150.0,0.2994437707562053
zero_order_hold,150.0,0.3054717142148681
zero_order_hold,150.0,0.30547174642735414
zero_order_hold,150.0,0.3193752900460328
zero_order_hold,150.0,0.3193752918226593
zero_order_hold,150.0,0.33936514733206913
zero_order_hold,150.0,0.34316099458447386
zero_order_hold,150.0,0.3619495906034514
zero_order_hold,150.0,0.3619495926306224
zero_order_hold,150.0,0.36592795651991245
zero_order_hold,150.0,0.3659279717304888
zero_order_hold,150.0,0.4014758783263236
zero_order_hold,150.0,0.4278578855526377
zero_order_hold,150.0,0.4278579036011831
zero_order_hold,150.0,0.4300043396193595
zero_order_hold,150.0,0.4585791570369664
zero_order_hold,150.0,0.4585791702919191
zero_order_hold,20.0,0.00021823692251912122
zero_order_hold,20.0,0.00023712840474756448
zero_order_hold,20.0,0.0003267326686126544
zero_order_hold,20.0,0.000326732696199037
zero_order_hold,20.0,0.00035545798294016117
zero_order_hold,20.0,0.00035545798797764067
zero_order_hold,20.0,0.0003911473662122953
zero_order_hold,20.0,0.0004505369453237305
zero_order_hold,20.0,0.0005862911201844204
zero_order_hold,20.0,0.0005862981947453798
zero_order_hold,20.0,0.0006755158852720094
zero_order_hold,20.0,0.0006755159101297022
zero_order_hold,20.0,0.000900038528103525
zero_order_hold,20.0,0.000930528097610271
zero_order_hold,20.0,0.0009412798179351542
zero_order_hold,20.0,0.0013483168374957975
zero_order_hold,20.0,0.001348342793718629
zero_order_hold,20.0,0.0013803001314945207
zero_order_hold,20.0,0.0013951702615469825
zero_order_hold,20.0,0.0013951716049375935
zero_order_hold,20.0,0.001411573738085571
zero_order_hold,20.0,0.0014115737873664253
zero_order_hold,20.0,0.0015509624337514333
zero_order_hold,20.0,0.001679922381289574
zero_order_hold,20.0,0.0018654001207963696
zero_order_hold,20.0,0.0019308754845454525
zero_order_hold,20.0,0.002037689281277429
zero_order_hold,20.0,0.0020668041995019755
zero_order_hold,20.0,0.002066812492889626
zero_order_hold,20.0,0.0021849897252584198
zero_order_hold,20.0,0.002316239397783897
zero_order_hold,20.0,0.002317175786193106
zero_order_hold,20.0,0.0025093667130379953
zero_order_hold,20.0,0.0025094555564361353
zero_order_hold,20.0,0.0027938102624520365
zero_order_hold,20.0,0.002793866817603255
zero_order_hold,20.0,0.002893571636375513
zero_order_hold,20.0,0.0028935802703553264
zero_order_hold,20.0,0.0030391545573890517
zero_order_hold,20.0,0.0030469034674408977
zero_order_hold,20.0,0.0030473621816044017
zero_order_hold,20.0,0.003226623498991694
zero_order_hold,20.0,0.003239327395411063
zero_order_hold,20.0,0.0032694122997548383
zero_order_hold,20.0,0.0032697766399546273
zero_order_hold,20.0,0.003418684298909347
zero_order_hold,20.0,0.004556587448961476
zero_order_hold,20.0,0.004556625108097337
zero_order_hold,20.0,0.004699432554016217
zero_order_hold,20.0,0.004731192387344727
zero_order_hold,20.0,0.0047364904304982944
zero_order_hold,20.0,0.00483791685193444
zero_order_hold,20.0,0.004837948396595762
zero_order_hold,20.0,0.004856982528989853
zero_order_hold,20.0,0.00485701365376259
zero_order_hold,20.0,0.004926347231397608
zero_order_hold,20.0,0.005116351018527313
zero_order_hold,20.0,0.00511640486193498
zero_order_hold,20.0,0.0051375776447951235
zero_order_hold,20.0,0.005434609950862132
zero_order_hold,20.0,0.0054377184606772344
zero_order_hold,20.0,0.00610160001309658
zero_order_hold,20.0,0.006434274690021398
zero_order_hold,20.0,0.006739109027422142
zero_order_hold,20.0,0.007037646339492566
zero_order_hold,20.0,0.007037647104854779
zero_order_hold,20.0,0.0070784654522177345
zero_order_hold,20.0,0.007078837562826419
zero_order_hold,20.0,0.007083704627231125
zero_order_hold,20.0,0.007084966226804428
zero_order_hold,20.0,0.007364067246810974
zero_order_hold,20.0,0.007369093913270947
zero_order_hold,20.0,0.007370191236646389
zero_order_hold,20.0,0.00752716687922304
zero_order_hold,20.0,0.007656742831319069
zero_order_hold,20.0,0.007661353981072804
zero_order_hold,20.0,0.00813433070309505
zero_order_hold,20.0,0.008135285697288146
zero_order_hold,20.0,0.008141026886624934
zero_order_hold,20.0,0.008141555621196695
zero_order_hold,20.0,0.008164066325904844
zero_order_hold,20.0,0.008211830477855531
zero_order_hold,20.0,0.008507178674033316
zero_order_hold,20.0,0.008692152793006292
zero_order_hold,20.0,0.008846776360517271
zero_order_hold,20.0,0.009109342658252374
zero_order_hold,20.0,0.009125905049829302
zero_order_hold,20.0,0.009126001045614509
zero_order_hold,20.0,0.009604340876417497
zero_order_hold,20.0,0.009607204791470269
zero_order_hold,20.0,0.00960734775354779
zero_order_hold,20.0,0.009652857014199283
zero_order_hold,20.0,0.01006131830497877
zero_order_hold,20.0,0.010066455064231173
zero_order_hold,20.0,0.010466847267699452
zero_order_hold,20.0,0.010473382394176646
zero_order_hold,20.0,0.011024930358430744
zero_order_hold,20.0,0.011024934489247556
zero_order_hold,20.0,0.011274832491732988
zero_order_hold,20.0,0.01127484615365034
zero_order_hold,20.0,0.01173738855321871
zero_order_hold,20.0,0.012241109270343824
zero_order_hold,20.0,0.012241185524817014
zero_order_hold,20.0,0.012279254880153663
zero_order_hold,20.0,0.01228227729813532
zero_order_hold,20.0,0.01273995156106192
zero_order_hold,20.0,0.012740073087841764
zero_order_hold,20.0,0.012803258376443454
zero_order_hold,20.0,0.013033539559162081
zero_order_hold,20.0,0.013033603025055305
zero_order_hold,20.0,0.013227861527280477
zero_order_hold,20.0,0.013227864607333875
zero_order_hold,20.0,0.013554275284679597
zero_order_hold,20.0,0.01364771607053516
zero_order_hold,20.0,0.013647802236512907
zero_order_hold,20.0,0.014095202745806253
zero_order_hold,20.0,0.014218841662165606
zero_order_hold,20.0,0.014410327526268104
zero_order_hold,20.0,0.014410328619322755
zero_order_hold,20.0,0.014475061397822744
zero_order_hold,20.0,0.014475107990812135
zero_order_hold,20.0,0.015700060727880785
zero_order_hold,20.0,0.015700060842166488
zero_order_hold,20.0,0.015709565827501527
zero_order_hold,20.0,0.015709566493044582
zero_order_hold,20.0,0.01759826765098908
zero_order_hold,20.0,0.01759839739843868
zero_order_hold,20.0,0.01918458424174414
zero_order_hold,20.0,0.019184766157404616
zero_order_hold,20.0,0.02006464744539318
zero_order_hold,20.0,0.020324648147604485
zero_order_hold,20.0,0.020324733000690216
zero_order_hold,20.0,0.021132824243885847
zero_order_hold,20.0,0.02113300011154144
zero_order_hold,20.0,0.021318368043824643
zero_order_hold,20.0,0.021318539505804854
zero_order_hold,20.0,0.0238867500808521
zero_order_hold,20.0,0.024002088260468166
zero_order_hold,20.0,0.02401054786119703
zero_order_hold,20.0,0.026208675758276363
zero_order_hold,20.0,0.029286424005411874
zero_order_hold,20.0,0.029982115793101796
zero_order_hold,20.0,0.029982181640733754
zero_order_hold,20.0,0.03573299101774451
zero_order_hold,20.0,0.035733009734518574
zero_order_hold,20.0,0.03593043840010967
zero_order_hold,20.0,0.03598285189105657
zero_order_hold,20.0,0.03600209467550934
zero_order_hold,20.0,0.0360020956543113
zero_order_hold,20.0,0.03601402972542827
zero_order_hold,20.0,0.03601403264065242
zero_order_hold,20.0,0.036120260018773845
zero_order_hold,20.0,0.03855849473161071
zero_order_hold,20.0,0.03929089224048584
zero_order_hold,20.0,0.0393116814155259
zero_order_hold,20.0,0.03931168324618046
zero_order_hold,20.0,0.04388716471929795
zero_order_hold,20.0,0.0438871671391207
zero_order_hold,20.0,0.04458798742824557
zero_order_hold,20.0,0.04467421465859686
zero_order_hold,20.0,0.053659128244059946
zero_order_hold,20.0,0.05365916683390889
zero_order_hold,20.0,0.05397210626778421
zero_order_hold,20.0,0.05397210912542227
zero_order_hold,20.0,0.05408991386493318
zero_order_hold,20.0,0.05408991865540504
zero_order_hold,20.0,0.05426315139909809
zero_order_hold,20.0,0.05635918030372339
zero_order_hold,20.0,0.05769963223385567
zero_order_hold,20.0,0.05769964366890537
zero_order_hold,20.0,0.05893540289849441
zero_order_hold,20.0,0.05893540350151797
zero_order_hold,20.0,0.06688079004864382
zero_order_hold,20.0,0.06688079074318087
zero_order_hold,20.0,0.06700804381245688
zero_order_hold,20.0,0.06700804905556579
zero_order_hold,20.0,0.08129381955083632
zero_order_hold,20.0,0.08129382443109927
zero_order_hold,20.0,0.08453160980879675
zero_order_hold,20.0,0.08453161100965438
zero_order_hold,40.0,0.0004349246999813939
zero_order_hold,40.0,0.00047380234573646593
zero_order_hold,40.0,0.0005429304686475283
zero_order_hold,40.0,0.000542930531173149
zero_order_hold,40.0,0.0005920811605101505
zero_order_hold,40.0,0.0005920811605479619
zero_order_hold,40.0,0.0007812299110770634
zero_order_hold,40.0,0.0009006143703835905
zero_order_hold,40.0,0.0009765605440653196
zero_order_hold,40.0,0.0009765679406385504
zero_order_hold,40.0,0.0011257213536066978
zero_order_hold,40.0,0.0011257213663506747
zero_order_hold,40.0,0.0017957774240315435
zero_order_hold,40.0,0.001859768239395794
zero_order_hold,40.0,0.001882131166372024
zero_order_hold,40.0,0.002243375944178205
zero_order_hold,40.0,0.00224338721808154
zero_order_hold,40.0,0.0023252979687004155
zero_order_hold,40.0,0.0023252991972174735
zero_order_hold,40.0,0.002353051939534184
zero_order_hold,40.0,0.0023530519867618347
zero_order_hold,40.0,0.0027519001178248777
zero_order_hold,40.0,0.0030772514246652253
zero_order_hold,40.0,0.003338700534019644
zero_order_hold,40.0,0.0034355457651325514
zero_order_hold,40.0,0.003435547530916496
zero_order_hold,40.0,0.0037196289895051107
zero_order_hold,40.0,0.0038188524262075868
zero_order_hold,40.0,0.003819860390205695
zero_order_hold,40.0,0.0038561381048433457
zero_order_hold,40.0,0.004041987045577138
zero_order_hold,40.0,0.004151408129784376
zero_order_hold,40.0,0.004151507596138826
zero_order_hold,40.0,0.004343994787290543
zero_order_hold,40.0,0.004646264021213976
zero_order_hold,40.0,0.004646275160164023
zero_order_hold,40.0,0.004817633917572896
zero_order_hold,40.0,0.0048176382808717355
zero_order_hold,40.0,0.0050297024364048095
zero_order_hold,40.0,0.005030251867083107
zero_order_hold,40.0,0.005410336485869505
zero_order_hold,40.0,0.005410781996416943
zero_order_hold,40.0,0.00608906715080753
zero_order_hold,40.0,0.00646437490778158
zero_order_hold,40.0,0.006489787794076494
zero_order_hold,40.0,0.006805352633023218
zero_order_hold,40.0,0.007604910139070423
zero_order_hold,40.0,0.007604957592300616
zero_order_hold,40.0,0.00807442057088095
zero_order_hold,40.0,0.008074460430549492
zero_order_hold,40.0,0.00810621621008407
zero_order_hold,40.0,0.00810625554700007
zero_order_hold,40.0,0.008484625935938432
zero_order_hold,40.0,0.008484695090173303
zero_order_hold,40.0,0.009346906265874384
zero_order_hold,40.0,0.009411067702224179
zero_order_hold,40.0,0.009445252993797148
zero_order_hold,40.0,0.00978940022412216
zero_order_hold,40.0,0.010157922793487114
zero_order_hold,40.0,0.010840801803136128
zero_order_hold,40.0,0.010867156281475073
zero_order_hold,40.0,0.011674633758098248
zero_order_hold,40.0,0.011674637185044072
zero_order_hold,40.0,0.011711179480080972
zero_order_hold,40.0,0.011712652695493228
zero_order_hold,40.0,0.011766223071453216
zero_order_hold,40.0,0.01176663897193579
zero_order_hold,40.0,0.012160071914202531
zero_order_hold,40.0,0.012188358463483227
zero_order_hold,40.0,0.012189663880070674
zero_order_hold,40.0,0.012573544956748577
zero_order_hold,40.0,0.01257816915708458
zero_order_hold,40.0,0.01272429001308508
zero_order_hold,40.0,0.013344701398348278
zero_order_hold,40.0,0.01350075857644656
zero_order_hold,40.0,0.013501889226341846
zero_order_hold,40.0,0.01353878536333154
zero_order_hold,40.0,0.013539399981174873
zero_order_hold,40.0,0.014710549864326995
zero_order_hold,40.0,0.015070569888481357
zero_order_hold,40.0,0.015154027546046847
zero_order_hold,40.0,0.015154129187222459
zero_order_hold,40.0,0.015790207382148203
zero_order_hold,40.0,0.015793380975837497
zero_order_hold,40.0,0.01633636514128729
zero_order_hold,40.0,0.016356183024912388
zero_order_hold,40.0,0.01654889059252706
zero_order_hold,40.0,0.016554246970081718
zero_order_hold,40.0,0.016970077521525778
zero_order_hold,40.0,0.017413319931225288
zero_order_hold,40.0,0.017645716556583237
zero_order_hold,40.0,0.018176840182673827
zero_order_hold,40.0,0.01835177963780822
zero_order_hold,40.0,0.018351789285650642
zero_order_hold,40.0,0.01881142208052754
zero_order_hold,40.0,0.01881143286011804
zero_order_hold,40.0,0.01928737639622884
zero_order_hold,40.0,0.01933618654608903
zero_order_hold,40.0,0.020311722701657712
zero_order_hold,40.0,0.02031512386475632
zero_order_hold,40.0,0.020430274169234902
zero_order_hold,40.0,0.02043037057389697
zero_order_hold,40.0,0.02098175996425127
zero_order_hold,40.0,0.021021165579723597
zero_order_hold,40.0,0.021171860994095563
zero_order_hold,40.0,0.02117201813976547
zero_order_hold,40.0,0.02175259172113393
zero_order_hold,40.0,0.021752672163412506
zero_order_hold,40.0,0.021985727451967817
zero_order_hold,40.0,0.021985729742535355
zero_order_hold,40.0,0.02269324495772867
zero_order_hold,40.0,0.022693365354865807
zero_order_hold,40.0,0.023515903390036088
zero_order_hold,40.0,0.02410713035076946
zero_order_hold,40.0,0.024107131766358376
zero_order_hold,40.0,0.024157565395192003
zero_order_hold,40.0,0.024157624669040506
zero_order_hold,40.0,0.025579628859183214
zero_order_hold,40.0,0.026226567886525273
zero_order_hold,40.0,0.02622656803457702
zero_order_hold,40.0,0.02627492821973564
zero_order_hold,40.0,0.02627492908260005
zero_order_hold,40.0,0.027152878068050692
zero_order_hold,40.0,0.028240189662975573
zero_order_hold,40.0,0.028487747857261186
zero_order_hold,40.0,0.029371462417082404
zero_order_hold,40.0,0.029371626141697707
zero_order_hold,40.0,0.03192637200646225
zero_order_hold,40.0,0.03192661198926139
zero_order_hold,40.0,0.033920815808489886
zero_order_hold,40.0,0.03392092351511876
zero_order_hold,40.0,0.03527034444730478
zero_order_hold,40.0,0.03527056602430613
zero_order_hold,40.0,0.03558004634044935
zero_order_hold,40.0,0.035580262459593705
zero_order_hold,40.0,0.03996804982817938
zero_order_hold,40.0,0.04768896699666551
zero_order_hold,40.0,0.04814521863469293
zero_order_hold,40.0,0.04820551989708295
zero_order_hold,40.0,0.04976661987678345
zero_order_hold,40.0,0.04976664709326601
zero_order_hold,40.0,0.05260829466996194
zero_order_hold,40.0,0.05861249588779409
zero_order_hold,40.0,0.059447469306384906
zero_order_hold,40.0,0.059447491842041345
zero_order_hold,40.0,0.06017840071808107
zero_order_hold,40.0,0.06017840198566487
zero_order_hold,40.0,0.06025150318919775
zero_order_hold,40.0,0.06025150696462059
zero_order_hold,40.0,0.06575635685601082
zero_order_hold,40.0,0.06575635922975677
zero_order_hold,40.0,0.07151381407445208
zero_order_hold,40.0,0.07216845673838242
zero_order_hold,40.0,0.07221437955136081
zero_order_hold,40.0,0.07319378386265323
zero_order_hold,40.0,0.07319378566185326
zero_order_hold,40.0,0.07703727253882749
zero_order_hold,40.0,0.07877848237971237
zero_order_hold,40.0,0.08899773077358382
zero_order_hold,40.0,0.08899776852381584
zero_order_hold,40.0,0.08938222651617055
zero_order_hold,40.0,0.08968897037485225
zero_order_hold,40.0,0.09005836424999335
zero_order_hold,40.0,0.09005836884405549
zero_order_hold,40.0,0.0902614370610902
zero_order_hold,40.0,0.09026144076198839
zero_order_hold,40.0,0.09606423031518901
zero_order_hold,40.0,0.09606425171283403
zero_order_hold,40.0,0.09847028910814047
zero_order_hold,40.0,0.09847028988949269
zero_order_hold,40.0,0.10834433796101914
zero_order_hold,40.0,0.11172420104693734
zero_order_hold,40.0,0.11172420194626043
zero_order_hold,40.0,0.11210134121061195
zero_order_hold,40.0,0.11210134800082278
zero_order_hold,40.0,0.11302174986466765
zero_order_hold,40.0,0.13531278760768234
zero_order_hold,40.0,0.13531279452320338
zero_order_hold,40.0,0.14126293577185337
zero_order_hold,40.0,0.1412629370824248
zero_order_hold,50.0,0.0005426524531831308
zero_order_hold,50.0,0.0005919372012038582
zero_order_hold,50.0,0.0006504070594302781
zero_order_hold,50.0,0.0006504071376300795
zero_order_hold,50.0,0.000710181379622755
zero_order_hold,50.0,0.0007101813822026376
zero_order_hold,50.0,0.0009758546581546013
zero_order_hold,50.0,0.0011254183357191166
zero_order_hold,50.0,0.0011713046176987198
zero_order_hold,50.0,0.001171311719766964
zero_order_hold,50.0,0.0013505704603539036
zero_order_hold,50.0,0.0013505704670146634
zero_order_hold,50.0,0.002242037200163422
zero_order_hold,50.0,0.0023237993659543485
zero_order_hold,50.0,0.0023522964118568085
zero_order_hold,50.0,0.002689402261273788
zero_order_hold,50.0,0.00268942946261544
zero_order_hold,50.0,0.0027897971519439376
zero_order_hold,50.0,0.0027897981633949152
zero_order_hold,50.0,0.00282349999376837
zero_order_hold,50.0,0.00282350001554494
zero_order_hold,50.0,0.003434221731714909
zero_order_hold,50.0,0.0038223428664659127
zero_order_hold,50.0,0.004116424603171805
zero_order_hold,50.0,0.004116426223115272
zero_order_hold,50.0,0.004156782665030917
zero_order_hold,50.0,0.004547745124118458
zero_order_hold,50.0,0.004548745685329523
zero_order_hold,50.0,0.004642978525221144
zero_order_hold,50.0,0.004816393550307391
zero_order_hold,50.0,0.004959282228538138
zero_order_hold,50.0,0.004959386280673584
zero_order_hold,50.0,0.005024023774524459
zero_order_hold,50.0,0.005405629050581195
zero_order_hold,50.0,0.0055686835084737315
zero_order_hold,50.0,0.005568712996267875
zero_order_hold,50.0,0.00577721402784673
zero_order_hold,50.0,0.0057772216685613165
zero_order_hold,50.0,0.005996567503422477
zero_order_hold,50.0,0.005997143796348769
zero_order_hold,50.0,0.006458922151228742
zero_order_hold,50.0,0.006459396100150462
zero_order_hold,50.0,0.007615982474438763
zero_order_hold,50.0,0.00808546921992799
zero_order_hold,50.0,0.00811724801048914
zero_order_hold,50.0,0.008481720571546263
zero_order_hold,50.0,0.00912977749565859
zero_order_hold,50.0,0.009129829505980437
zero_order_hold,50.0,0.009693709423696769
zero_order_hold,50.0,0.009693753180368544
zero_order_hold,50.0,0.009731887411913007
zero_order_hold,50.0,0.009731930598025441
zero_order_hold,50.0,0.01014902993977352
zero_order_hold,50.0,0.010149106609143584
zero_order_hold,50.0,0.011648851273204556
zero_order_hold,50.0,0.01170404787726732
zero_order_hold,50.0,0.011788437019712886
zero_order_hold,50.0,0.012175880262269189
zero_order_hold,50.0,0.012593678718634385
zero_order_hold,50.0,0.013517622593029324
zero_order_hold,50.0,0.013563920198999596
zero_order_hold,50.0,0.01397072021031038
zero_order_hold,50.0,0.01397072494790308
zero_order_hold,50.0,0.01397099970811292
zero_order_hold,50.0,0.013972527161158748
zero_order_hold,50.0,0.014091285392560007
zero_order_hold,50.0,0.01409172276291068
zero_order_hold,50.0,0.014543581976367202
zero_order_hold,50.0,0.01454494676399669
zero_order_hold,50.0,0.014941873630112054
zero_order_hold,50.0,0.014946301137990245
zero_order_hold,50.0,0.015170499037198923
zero_order_hold,50.0,0.015774169281344227
zero_order_hold,50.0,0.016148767292408748
zero_order_hold,50.0,0.01614995775954348
zero_order_hold,50.0,0.016210052960796268
zero_order_hold,50.0,0.01621070835995687
zero_order_hold,50.0,0.01655851530979001
zero_order_hold,50.0,0.018147902311224866
zero_order_hold,50.0,0.01814800656830658
zero_order_hold,50.0,0.018376428518168203
zero_order_hold,50.0,0.018769461332712928
zero_order_hold,50.0,0.01877263039260881
zero_order_hold,50.0,0.01884841396292336
zero_order_hold,50.0,0.019681206973609054
zero_order_hold,50.0,0.01968641574869345
zero_order_hold,50.0,0.02033314646691395
zero_order_hold,50.0,0.020457927505805266
zero_order_hold,50.0,0.021172746361821357
zero_order_hold,50.0,0.021780239716584795
zero_order_hold,50.0,0.022007342839913225
zero_order_hold,50.0,0.022007356616465686
zero_order_hold,50.0,0.022026706959341422
zero_order_hold,50.0,0.022585812429257678
zero_order_hold,50.0,0.022585821537067816
zero_order_hold,50.0,0.02268207142069899
zero_order_hold,50.0,0.02415435267162669
zero_order_hold,50.0,0.024185182693964167
zero_order_hold,50.0,0.024243174763057238
zero_order_hold,50.0,0.024246640805594254
zero_order_hold,50.0,0.02452761892499759
zero_order_hold,50.0,0.02452772479152128
zero_order_hold,50.0,0.02535305646871023
zero_order_hold,50.0,0.025353231246693447
zero_order_hold,50.0,0.026115700047838437
zero_order_hold,50.0,0.026115788519726152
zero_order_hold,50.0,0.0262571884500096
zero_order_hold,50.0,0.02632283120492698
zero_order_hold,50.0,0.02634580087963763
zero_order_hold,50.0,0.026345801964214866
zero_order_hold,50.0,0.02718022306171893
zero_order_hold,50.0,0.027180360538168063
zero_order_hold,50.0,0.028982152540861138
zero_order_hold,50.0,0.028982154117721735
zero_order_hold,50.0,0.029003660827137342
zero_order_hold,50.0,0.029003726159854696
zero_order_hold,50.0,0.029413016682801583
zero_order_hold,50.0,0.031507698087409615
zero_order_hold,50.0,0.031507698252394266
zero_order_hold,50.0,0.03158515162718684
zero_order_hold,50.0,0.031585152589123366
zero_order_hold,50.0,0.031941991632945664
zero_order_hold,50.0,0.033962245696422574
zero_order_hold,50.0,0.03526134131183215
zero_order_hold,50.0,0.03526152091677477
zero_order_hold,50.0,0.0353216959805874
zero_order_hold,50.0,0.03563140055322399
zero_order_hold,50.0,0.038260328075548355
zero_order_hold,50.0,0.03826059688768873
zero_order_hold,50.0,0.040724989223044336
zero_order_hold,50.0,0.040725107780540615
zero_order_hold,50.0,0.04234229194954097
zero_order_hold,50.0,0.04234253476319837
zero_order_hold,50.0,0.0427143070177239
zero_order_hold,50.0,0.0427145439113823
zero_order_hold,50.0,0.04985800771771502
zero_order_hold,50.0,0.05955745273810538
zero_order_hold,50.0,0.05959641272971609
zero_order_hold,50.0,0.0595964200685541
zero_order_hold,50.0,0.06026923571444652
zero_order_hold,50.0,0.06037140598187863
zero_order_hold,50.0,0.06587938021159523
zero_order_hold,50.0,0.07127138605690543
zero_order_hold,50.0,0.07127140956561538
zero_order_hold,50.0,0.07231849689647744
zero_order_hold,50.0,0.07231849830858607
zero_order_hold,50.0,0.07243775866390853
zero_order_hold,50.0,0.07243776286941032
zero_order_hold,50.0,0.07329002796081209
zero_order_hold,50.0,0.07904936279422196
zero_order_hold,50.0,0.07904936544071373
zero_order_hold,50.0,0.0878611565383769
zero_order_hold,50.0,0.087861158525453
zero_order_hold,50.0,0.08917554192568333
zero_order_hold,50.0,0.09016475852565167
zero_order_hold,50.0,0.0904224736461467
zero_order_hold,50.0,0.0962460222070079
zero_order_hold,50.0,0.09859580860809247
zero_order_hold,50.0,0.10653713403548257
zero_order_hold,50.0,0.10653716021874937
zero_order_hold,50.0,0.10801417619486824
zero_order_hold,50.0,0.10801418058340344
zero_order_hold,50.0,0.10849736537594708
zero_order_hold,50.0,0.1084973694986615
zero_order_hold,50.0,0.111856184415982
zero_order_hold,50.0,0.11232266539903299
zero_order_hold,50.0,0.11521510810758603
zero_order_hold,50.0,0.11521512126588765
zero_order_hold,50.0,0.11831083836245243
zero_order_hold,50.0,0.11831083923326294
zero_order_hold,50.0,0.1342221617970392
zero_order_hold,50.0,0.1342221627988867
zero_order_hold,50.0,0.13477269556895402
zero_order_hold,50.0,0.13477270313270762
zero_order_hold,50.0,0.13530905706026006
zero_order_hold,50.0,0.14146633743983447
zero_order_hold,50.0,0.16224265943438138
zero_order_hold,50.0,0.16224266736736365
zero_order_hold,50.0,0.1697410574791536
zero_order_hold,50.0,0.16974106227348387
zero_order_hold,60.0,0.0006499512612831014
zero_order_hold,60.0,0.0007099204985233253
zero_order_hold,60.0,0.0007574462210483229
zero_order_hold,60.0,0.0007574463130164875
zero_order_hold,60.0,0.0008281204461243542
zero_order_hold,60.0,0.00082812045124895
zero_order_hold,60.0,0.0011702174870139804
zero_order_hold,60.0,0.0013500325701833974
zero_order_hold,60.0,0.0013657836027153457
zero_order_hold,60.0,0.0013657911458401402
zero_order_hold,60.0,0.0015752102902589955
zero_order_hold,60.0,0.0015752102908184024
zero_order_hold,60.0,0.0026872424995042863
zero_order_hold,60.0,0.00278738713293718
zero_order_hold,60.0,0.002822235343279552
zero_order_hold,60.0,0.0031343367481463844
zero_order_hold,60.0,0.003134354214924747
zero_order_hold,60.0,0.0032538495044617654
zero_order_hold,60.0,0.003253850230389729
zero_order_hold,60.0,0.0032936852289893277
zero_order_hold,60.0,0.0032936852567566123
zero_order_hold,60.0,0.0041141117497824784
zero_order_hold,60.0,0.004551028751004318
zero_order_hold,60.0,0.0047948376757063335
zero_order_hold,60.0,0.004794841299022885
zero_order_hold,60.0,0.0049656924561457105
zero_order_hold,60.0,0.0052577871833208965
zero_order_hold,60.0,0.005258754560716584
zero_order_hold,60.0,0.005563691336491904
zero_order_hold,60.0,0.0057568782203184215
zero_order_hold,60.0,0.00575698637886508
zero_order_hold,60.0,0.0057748933758981205
zero_order_hold,60.0,0.005989066385706441
zero_order_hold,60.0,0.0064513441298800454
zero_order_hold,60.0,0.0064883471295992525
zero_order_hold,60.0,0.006488390619631625
zero_order_hold,60.0,0.006734942585793484
zero_order_hold,60.0,0.006734954703831619
zero_order_hold,60.0,0.006943683074170567
zero_order_hold,60.0,0.006944272893714641
zero_order_hold,60.0,0.0074890206136246
zero_order_hold,60.0,0.007489514131794091
zero_order_hold,60.0,0.009143109219217252
zero_order_hold,60.0,0.009707010613903824
zero_order_hold,60.0,0.009745168124575829
zero_order_hold,60.0,0.0101442418985387
zero_order_hold,60.0,0.010654034424864385
zero_order_hold,60.0,0.010654090748740677
zero_order_hold,60.0,0.011312669536234755
zero_order_hold,60.0,0.011312717000580804
zero_order_hold,60.0,0.011357246947372073
zero_order_hold,60.0,0.011357293794970257
zero_order_hold,60.0,0.011797728415363204
zero_order_hold,60.0,0.011797812494557889
zero_order_hold,60.0,0.013935121721221442
zero_order_hold,60.0,0.0139573351259347
zero_order_hold,60.0,0.014117952773766738
zero_order_hold,60.0,0.014522300015304648
zero_order_hold,60.0,0.014965923733131046
zero_order_hold,60.0,0.016168997380737488
zero_order_hold,60.0,0.016185364846622415
zero_order_hold,60.0,0.01618691194020419
zero_order_hold,60.0,0.016240038852737056
zero_order_hold,60.0,0.01625057709827928
zero_order_hold,60.0,0.016250583132550827
zero_order_hold,60.0,0.01639901944044363
zero_order_hold,60.0,0.016399477875728097
zero_order_hold,60.0,0.016853065539154773
zero_order_hold,60.0,0.0168544594614292
zero_order_hold,60.0,0.017238149260906655
zero_order_hold,60.0,0.017242275651382193
zero_order_hold,60.0,0.01816709408974822
zero_order_hold,60.0,0.0187421149432807
zero_order_hold,60.0,0.018765815625467207
zero_order_hold,60.0,0.018767046054541697
zero_order_hold,60.0,0.01885384590113342
zero_order_hold,60.0,0.01885454006107609
zero_order_hold,60.0,0.01969449083737953
zero_order_hold,60.0,0.021127062746058144
zero_order_hold,60.0,0.02112716950020594
zero_order_hold,60.0,0.021656514394585737
zero_order_hold,60.0,0.021659578037746582
zero_order_hold,60.0,0.022036980276525803
zero_order_hold,60.0,0.022630402099993882
zero_order_hold,60.0,0.02272300225517094
zero_order_hold,60.0,0.022727921778881627
zero_order_hold,60.0,0.02426994372753964
zero_order_hold,60.0,0.024560909260218557
zero_order_hold,60.0,0.025349801381153197
zero_order_hold,60.0,0.025657241612830145
zero_order_hold,60.0,0.025657257284722457
zero_order_hold,60.0,0.026148979039292652
zero_order_hold,60.0,0.026364329907938293
zero_order_hold,60.0,0.026364338767538843
zero_order_hold,60.0,0.026395091102550013
zero_order_hold,60.0,0.027161509660051562
zero_order_hold,60.0,0.02810331456028506
zero_order_hold,60.0,0.028106764886857143
zero_order_hold,60.0,0.028624279446133428
zero_order_hold,60.0,0.02862439432977248
zero_order_hold,60.0,0.029036894864348278
zero_order_hold,60.0,0.029039147646645478
zero_order_hold,60.0,0.029504553242099663
zero_order_hold,60.0,0.029504745517997664
zero_order_hold,60.0,0.03047881464147508
zero_order_hold,60.0,0.030478910807750923
zero_order_hold,60.0,0.030693016018863976
zero_order_hold,60.0,0.030693016351211543
zero_order_hold,60.0,0.03154457067367769
zero_order_hold,60.0,0.031636263261821514
zero_order_hold,60.0,0.03163641775872773
zero_order_hold,60.0,0.03164294651583832
zero_order_hold,60.0,0.03385083021201843
zero_order_hold,60.0,0.03385090139484921
zero_order_hold,60.0,0.0338747650592716
zero_order_hold,60.0,0.033874766797298596
zero_order_hold,60.0,0.0353113715948554
zero_order_hold,60.0,0.036800718167038685
zero_order_hold,60.0,0.03680071834898997
zero_order_hold,60.0,0.03691366954339511
zero_order_hold,60.0,0.03691367060468433
zero_order_hold,60.0,0.03827860895802007
zero_order_hold,60.0,0.040774852420841126
zero_order_hold,60.0,0.04114945687922764
zero_order_hold,60.0,0.041149651569264124
zero_order_hold,60.0,0.04240412193477785
zero_order_hold,60.0,0.0427761389349674
zero_order_hold,60.0,0.04456087815719455
zero_order_hold,60.0,0.0445611756027966
zero_order_hold,60.0,0.04752978153832206
zero_order_hold,60.0,0.0475299105226163
zero_order_hold,60.0,0.04941134392549385
zero_order_hold,60.0,0.04941160680751013
zero_order_hold,60.0,0.04984586785488735
zero_order_hold,60.0,0.049846124399811065
zero_order_hold,60.0,0.05970625888416076
zero_order_hold,60.0,0.06938419087083757
zero_order_hold,60.0,0.0693841955248629
zero_order_hold,60.0,0.07140373491079792
zero_order_hold,60.0,0.07242798709547539
zero_order_hold,60.0,0.07258248872098305
zero_order_hold,60.0,0.0791978110645686
zero_order_hold,60.0,0.08307265894680092
zero_order_hold,60.0,0.08307268305075302
zero_order_hold,60.0,0.08449298701529878
zero_order_hold,60.0,0.08449298857196101
zero_order_hold,60.0,0.08466862085244084
zero_order_hold,60.0,0.08466862548771062
zero_order_hold,60.0,0.08797699165163667
zero_order_hold,60.0,0.0923893070193792
zero_order_hold,60.0,0.09238930993943344
zero_order_hold,60.0,0.10253765265353819
zero_order_hold,60.0,0.10253765370493621
zero_order_hold,60.0,0.10675083927212736
zero_order_hold,60.0,0.10814208427715107
zero_order_hold,60.0,0.10869163022696178
zero_order_hold,60.0,0.11543395573193187
zero_order_hold,60.0,0.11846203389290241
zero_order_hold,60.0,0.1239902221509496
zero_order_hold,60.0,0.12399023252800617
zero_order_hold,60.0,0.125950579784501
zero_order_hold,60.0,0.12595058126619998
zero_order_hold,60.0,0.1267936418532894
zero_order_hold,60.0,0.1267936463977041
zero_order_hold,60.0,0.13434459584633662
zero_order_hold,60.0,0.1343445991843047
zero_order_hold,60.0,0.13438109830383965
zero_order_hold,60.0,0.13503983536769948
zero_order_hold,60.0,0.13820000243201583
zero_order_hold,60.0,0.13820000339248342
zero_order_hold,60.0,0.15677068862062757
zero_order_hold,60.0,0.15677068972506006
zero_order_hold,60.0,0.1575264461724596
zero_order_hold,60.0,0.15752645450922365
zero_order_hold,60.0,0.16221918372244223
zero_order_hold,60.0,0.16998616887398818
zero_order_hold,60.0,0.1891145998695319
zero_order_hold,60.0,0.18911460881955136
zero_order_hold,60.0,0.19829383025169384
zero_order_hold,60.0,0.19829383934185504
zero_order_hold,80.0,0.000863209307860865
zero_order_hold,80.0,0.0009453822683546425
zero_order_hold,80.0,0.000970155693057962
zero_order_hold,80.0,0.0009701558051663491
zero_order_hold,80.0,0.001063461394850936
zero_order_hold,80.0,0.0010634614050710498
zero_order_hold,80.0,0.00155815584299583
zero_order_hold,80.0,0.0017539329967453854
zero_order_hold,80.0,0.0017539407063222698
zero_order_hold,80.0,0.0017985923886528297
zero_order_hold,80.0,0.0020237551265932406
zero_order_hold,80.0,0.0020237551382895555
zero_order_hold,80.0,0.0035744234355309895
zero_order_hold,80.0,0.003713113773317219
zero_order_hold,80.0,0.0037612622402674475
zero_order_hold,80.0,0.0040207790658701335
zero_order_hold,80.0,0.0040207914113754495
zero_order_hold,80.0,0.0041804777974113715
zero_order_hold,80.0,0.00418047789861951
zero_order_hold,80.0,0.004233076341241643
zero_order_hold,80.0,0.004233076562880523
zero_order_hold,80.0,0.0054662536338596955
zero_order_hold,80.0,0.0059478347604308285
zero_order_hold,80.0,0.006143853977899761
zero_order_hold,80.0,0.006143864071626913
zero_order_hold,80.0,0.006551635866720952
zero_order_hold,80.0,0.006611544537850207
zero_order_hold,80.0,0.006612387345060518
zero_order_hold,80.0,0.007317254292573968
zero_order_hold,80.0,0.007317369269425117
zero_order_hold,80.0,0.007396169732440678
zero_order_hold,80.0,0.00768600291049373
zero_order_hold,80.0,0.00785911729566158
zero_order_hold,80.0,0.008318857681320761
zero_order_hold,80.0,0.008318858359188453
zero_order_hold,80.0,0.008484442923740823
zero_order_hold,80.0,0.008644124306205926
zero_order_hold,80.0,0.008644139339100743
zero_order_hold,80.0,0.008770628546592127
zero_order_hold,80.0,0.00877120567715615
zero_order_hold,80.0,0.009483736534754797
zero_order_hold,80.0,0.009484241665970701
zero_order_hold,80.0,0.01219476900680932
zero_order_hold,80.0,0.012948388546079177
zero_order_hold,80.0,0.012999359183357685
zero_order_hold,80.0,0.013420487379215354
zero_order_hold,80.0,0.013697536360541015
zero_order_hold,80.0,0.013697600561258893
zero_order_hold,80.0,0.014546601282887334
zero_order_hold,80.0,0.014546655571194245
zero_order_hold,80.0,0.014604047928791828
zero_order_hold,80.0,0.014604101510393175
zero_order_hold,80.0,0.015040822067785222
zero_order_hold,80.0,0.015040920619085334
zero_order_hold,80.0,0.018319584933576133
zero_order_hold,80.0,0.018457459092037085
zero_order_hold,80.0,0.01872107141419512
zero_order_hold,80.0,0.01907059084298943
zero_order_hold,80.0,0.01948616287765207
zero_order_hold,80.0,0.020454889385034432
zero_order_hold,80.0,0.020456380557431188
zero_order_hold,80.0,0.020758300892073787
zero_order_hold,80.0,0.020758309475869933
zero_order_hold,80.0,0.020946568925468853
zero_order_hold,80.0,0.020947067690673112
zero_order_hold,80.0,0.021312581570183533
zero_order_hold,80.0,0.021313949203740665
zero_order_hold,80.0,0.02137360971475847
zero_order_hold,80.0,0.02150258950871159
zero_order_hold,80.0,0.02158680669810062
zero_order_hold,80.0,0.021590157180991974
zero_order_hold,80.0,0.023886949544859846
zero_order_hold,80.0,0.023888200925825644
zero_order_hold,80.0,0.02403055891821929
zero_order_hold,80.0,0.024031322764300124
zero_order_hold,80.0,0.02411514370843366
zero_order_hold,80.0,0.02439175600592179
zero_order_hold,80.0,0.025685895041141348
zero_order_hold,80.0,0.027037678732530306
zero_order_hold,80.0,0.02703779017894083
zero_order_hold,80.0,0.027121383051357067
zero_order_hold,80.0,0.027123991378857296
zero_order_hold,80.0,0.028495215864299976
zero_order_hold,80.0,0.028499269184336023
zero_order_hold,80.0,0.02934082456484583
zero_order_hold,80.0,0.030207020753340003
zero_order_hold,80.0,0.031920514630876966
zero_order_hold,80.0,0.032763039098338685
zero_order_hold,80.0,0.03293876720357927
zero_order_hold,80.0,0.032938783673854964
zero_order_hold,80.0,0.03360803783128229
zero_order_hold,80.0,0.03393398193407361
zero_order_hold,80.0,0.033933991314840865
zero_order_hold,80.0,0.03488479631119218
zero_order_hold,80.0,0.035093187327650356
zero_order_hold,80.0,0.03557202130210303
zero_order_hold,80.0,0.035575228942294826
zero_order_hold,80.0,0.036022928559855345
zero_order_hold,80.0,0.03680810306797246
zero_order_hold,80.0,0.036808234597929944
zero_order_hold,80.0,0.037699279544079645
zero_order_hold,80.0,0.03769950636390283
zero_order_hold,80.0,0.038742020718866725
zero_order_hold,80.0,0.03886172834290142
zero_order_hold,80.0,0.03919802695124691
zero_order_hold,80.0,0.03919813745069464
zero_order_hold,80.0,0.039348021725370344
zero_order_hold,80.0,0.039348021786062615
zero_order_hold,80.0,0.040435035016787295
zero_order_hold,80.0,0.040435223272345645
zero_order_hold,80.0,0.042155114051420084
zero_order_hold,80.0,0.04233833007812114
zero_order_hold,80.0,0.043542008329556375
zero_order_hold,80.0,0.04354209054502067
zero_order_hold,80.0,0.04371229346205482
zero_order_hold,80.0,0.043712295521786425
zero_order_hold,80.0,0.04710000245845697
zero_order_hold,80.0,0.04742234515777396
zero_order_hold,80.0,0.047422345373761186
zero_order_hold,80.0,0.047625390951424325
zero_order_hold,80.0,0.04762539221227795
zero_order_hold,80.0,0.050848593160599795
zero_order_hold,80.0,0.052908750367233984
zero_order_hold,80.0,0.052908972770065774
zero_order_hold,80.0,0.05439949605969569
zero_order_hold,80.0,0.05655675417341425
zero_order_hold,80.0,0.057035412664821414
zero_order_hold,80.0,0.0570357666108873
zero_order_hold,80.0,0.05705401041813399
zero_order_hold,80.0,0.061131053104136863
zero_order_hold,80.0,0.06113120159674643
zero_order_hold,80.0,0.0635260315865679
zero_order_hold,80.0,0.06352633098666297
zero_order_hold,80.0,0.06408626988177014
zero_order_hold,80.0,0.06408656224569795
zero_order_hold,80.0,0.07927672769843119
zero_order_hold,80.0,0.08883310539556973
zero_order_hold,80.0,0.0888331216465034
zero_order_hold,80.0,0.09502845205311429
zero_order_hold,80.0,0.09684899394982731
zero_order_hold,80.0,0.09713904051937473
zero_order_hold,80.0,0.10597619987241116
zero_order_hold,80.0,0.10660614048023687
zero_order_hold,80.0,0.10660616548758617
zero_order_hold,80.0,0.10894444709873721
zero_order_hold,80.0,0.10894444894441578
zero_order_hold,80.0,0.10926295587850808
zero_order_hold,80.0,0.10926296137152286
zero_order_hold,80.0,0.11737843927864179
zero_order_hold,80.0,0.11920949621592293
zero_order_hold,80.0,0.11920949968559705
zero_order_hold,80.0,0.1319172132042936
zero_order_hold,80.0,0.13191721996764358
zero_order_hold,80.0,0.14164311247843311
zero_order_hold,80.0,0.1440383660422964
zero_order_hold,80.0,0.145411663944761
zero_order_hold,80.0,0.1537459599629501
zero_order_hold,80.0,0.15834082017049525
zero_order_hold,80.0,0.1586386685311945
zero_order_hold,80.0,0.15863867048255476
zero_order_hold,80.0,0.16176363686827427
zero_order_hold,80.0,0.16176365192037634
zero_order_hold,80.0,0.16356576542504456
zero_order_hold,80.0,0.16356577081181348
zero_order_hold,80.0,0.17253769426559556
zero_order_hold,80.0,0.1725377131218537
zero_order_hold,80.0,0.17812381093590562
zero_order_hold,80.0,0.17812381207629188
zero_order_hold,80.0,0.17958298661392205
zero_order_hold,80.0,0.18072240243676926
zero_order_hold,80.0,0.20201862984373228
zero_order_hold,80.0,0.20201863115343588
zero_order_hold,80.0,0.20327892770321854
zero_order_hold,80.0,0.20327893758288793
zero_order_hold,80.0,0.21586382957660932
zero_order_hold,80.0,0.2272505609427489
zero_order_hold,80.0,0.24267200656587234
zero_order_hold,80.0,0.24267201754781298
zero_order_hold,80.0,0.25562223075704266
zero_order_hold,80.0,0.25562224275890033
