dt_s,q,branch,jerk_rad_s3,acceleration_rad_s2,direction,rho,critical_velocity_rad_s,reference_velocity_rad_s,velocity_limit_inactive,completed,failure_layer,failure_reason,valid_cycles,total_cycles,rest_to_rest_pulse_fraction,stop_go_event_rate_hz,endpoint_stop_fraction,profile_peak_velocity_to_reference_median,profile_velocity_ripple_to_reference_median,profile_velocity_ripple_to_reference_p95,profile_min_abs_velocity_to_reference_p05,profile_near_zero_cycle_fraction,position_rmse,lag_s,profile_exact_fraction,profile_constraint_violation_count,fallback_rate,solver_failure_count,deadline_miss_rate,evidence_role,required,analysis_failure
0.002,0.25,acceleration_limited,1000,0.125,-1,0.5,5.4687500000000001e-05,-2.7343750000000001e-05,true,true,,,500,500,1,499.99999999999955,1,1.2485297677899863,1.2485297677905403,1.2485297677954279,0,1,5.4687500000000112e-08,0.0020000000000000018,1,0,0,0,0,required_grid,true,
0.002,0.25,acceleration_limited,1000,0.125,1,0.5,5.4687500000000001e-05,2.7343750000000001e-05,true,true,,,500,500,1,499.99999999999955,1,1.2485297677899863,1.2485297677905403,1.2485297677954279,0,1,5.4687500000000112e-08,0.0020000000000000018,1,0,0,0,0,required_grid,true,
0.002,0.25,acceleration_limited,1000,0.125,-1,0.80000000000000004,5.4687500000000001e-05,-4.3750000000000006e-05,true,true,,,500,500,1,499.99999999999955,1,1.4700768345936872,1.4700768345940229,1.4700768345959077,0,1,8.7499999999997495e-08,0.0020000000000000018,1,0,0,0,0,required_grid,true,
0.002,0.25,acceleration_limited,1000,0.125,1,0.80000000000000004,5.4687500000000001e-05,4.3750000000000006e-05,true,true,,,500,500,1,499.99999999999955,1,1.4700768345936872,1.4700768345940229,1.4700768345959077,0,1,8.7499999999997495e-08,0.0020000000000000018,1,0,0,0,0,required_grid,true,
0.002,0.25,acceleration_limited,1000,0.125,-1,0.90000000000000002,5.4687500000000001e-05,-4.921875e-05,true,true,,,500,500,1,499.99999999999955,1,1.6131183096858128,1.6131183096859647,1.6131183096879274,0,1,9.8437499999997456e-08,0.0020000000000000018,1,0,0,0,0,required_grid,true,
0.002,0.25,acceleration_limited,1000,0.125,1,0.90000000000000002,5.4687500000000001e-05,4.921875e-05,true,true,,,500,500,1,499.99999999999955,1,1.6131183096858128,1.6131183096859647,1.6131183096879274,0,1,9.8437499999997456e-08,0.0020000000000000018,1,0,0,0,0,required_grid,true,
0.002,0.25,acceleration_limited,1000,0.125,-1,0.94999999999999996,5.4687500000000001e-05,-5.1953124999999997e-05,true,true,,,500,500,1,499.99999999999955,1,1.7303985204037924,1.7303985204041603,1.7303985204049617,0,1,1.0390625000000083e-07,0.0020000000000000018,1,0,0,0,0,required_grid,true,
0.002,0.25,acceleration_limited,1000,0.125,1,0.94999999999999996,5.4687500000000001e-05,5.1953124999999997e-05,true,true,,,500,500,1,499.99999999999955,1,1.7303985204037924,1.7303985204041603,1.7303985204049617,0,1,1.0390625000000083e-07,0.0020000000000000018,1,0,0,0,0.002,required_grid,true,
0.002,0.25,acceleration_limited,1000,0.125,-1,0.97999999999999998,5.4687500000000001e-05,-5.3593749999999998e-05,true,true,,,500,500,1,499.99999999999955,1,1.845344025926553,1.8453440259269844,1.8453440259275904,0,1,1.071874999999987e-07,0.0020000000000000018,1,0,0,0,0,required_grid,true,
0.002,0.25,acceleration_limited,1000,0.125,1,0.97999999999999998,5.4687500000000001e-05,5.3593749999999998e-05,true,true,,,500,500,1,499.99999999999955,1,1.845344025926553,1.8453440259269844,1.8453440259275904,0,1,1.071874999999987e-07,0.0020000000000000018,1,0,0,0,0,required_grid,true,
0.002,0.25,acceleration_limited,1000,0.125,-1,0.98999999999999999,5.4687500000000001e-05,-5.4140625000000003e-05,true,true,,,500,500,1,499.99999999999955,1,1.9047619047618696,1.9047619047627027,1.9047619047634332,0,1,1.0828125000000116e-07,0.0020000000000000018,1,0,0,0,0,required_grid,true,
0.002,0.25,acceleration_limited,1000,0.125,1,0.98999999999999999,5.4687500000000001e-05,5.4140625000000003e-05,true,true,,,500,500,1,499.99999999999955,1,1.9047619047618696,1.9047619047627027,1.9047619047634332,0,1,1.0828125000000116e-07,0.0020000000000000018,1,0,0,0,0,required_grid,true,
0.002,0.25,acceleration_limited,1000,0.125,-1,0.995,5.4687500000000001e-05,-5.4414062499999999e-05,true,true,,,500,500,1,499.99999999999955,1,1.9445768876014797,1.9445768876017695,1.944576887603416,0,1,1.0882812500000004e-07,0.0020000000000000018,1,0,0,0,0,required_grid,true,
0.002,0.25,acceleration_limited,1000,0.125,1,0.995,5.4687500000000001e-05,5.4414062499999999e-05,true,true,,,500,500,1,499.99999999999955,1,1.9445768876014797,1.9445768876017695,1.944576887603416,0,1,1.0882812500000004e-07,0.0020000000000000018,1,0,0,0,0,required_grid,true,
0.002,0.25,acceleration_limited,1000,0.125,-1,1,5.4687500000000001e-05,-5.4687500000000001e-05,true,true,,,500,500,1,499.99999999999955,1,2.0000000000002274,2.0000000000002571,2.0000000000007012,0,1,1.0937499999999788e-07,0.0020000000000000018,1,0,0,0,0,required_grid,true,
0.002,0.25,acceleration_limited,1000,0.125,1,1,5.4687500000000001e-05,5.4687500000000001e-05,true,true,,,500,500,1,499.99999999999955,1,2.0000000000002274,2.0000000000002571,2.0000000000007012,0,1,1.0937499999999788e-07,0.0020000000000000018,1,0,0,0,0,required_grid,true,
0.002,0.25,acceleration_limited,1000,0.125,-1,1.0049999999999999,5.4687500000000001e-05,-5.4960937499999997e-05,true,true,,,500,500,0,0,0,1.9947551984978691,1.9855122945518657,1.9953499629495783,0,0.31893687707641194,1.1026396359642699e-07,0.0020000000000000018,1,0,0,0,0,required_grid,true,
0.002,0.25,acceleration_limited,1000,0.125,1,1.0049999999999999,5.4687500000000001e-05,5.4960937499999997e-05,true,true,,,500,500,0,0,0,1.9947551984978691,1.9855122945518657,1.9953499629495783,0,0.31893687707641194,1.1026396359642699e-07,0.0020000000000000018,1,0,0,0,0,required_grid,true,
0.002,0.25,acceleration_limited,1000,0.125,-1,1.01,5.4687500000000001e-05,-5.5234374999999999e-05,true,true,,,500,500,0,0,0,1.9895865680046454,1.9711028113219291,1.9907329206466293,0,0.33222591362126247,1.1082873086314253e-07,0.0020000000000000018,1,0,0,0,0,required_grid,true,
0.002,0.25,acceleration_limited,1000,0.125,1,1.01,5.4687500000000001e-05,5.5234374999999999e-05,true,true,,,500,500,0,0,0,1.9895865680046454,1.9711028113219291,1.9907329206466293,0,0.33222591362126247,1.1082873086314253e-07,0.0020000000000000018,1,0,0,0,0,required_grid,true,
0.002,0.25,acceleration_limited,1000,0.125,-1,1.02,5.4687500000000001e-05,-5.5781250000000004e-05,true,true,,,500,500,0,0,0,1.9794779498724624,1.9425312993419392,1.981596259776278,0,0.32890365448504982,1.1196228643035974e-07,0.0020000000000000018,1,0,0,0,0,required_grid,true,
0.002,0.25,acceleration_limited,1000,0.125,1,1.02,5.4687500000000001e-05,5.5781250000000004e-05,true,true,,,500,500,0,0,0,1.9794779498724624,1.9425312993419392,1.981596259776278,0,0.32890365448504982,1.1196228643035974e-07,0.0020000000000000018,1,0,0,0,0,required_grid,true,
0.002,0.25,acceleration_limited,1000,0.125,-1,1.05,5.4687500000000001e-05,-5.7421875000000005e-05,true,true,,,500,500,0,0,0,1.950970558223859,1.8588680478633623,1.9549387160209566,0,0.33887043189368771,1.153957092243552e-07,0.0020000000000000018,1,0,0,0,0,required_grid,true,
0.002,0.25,acceleration_limited,1000,0.125,1,1.05,5.4687500000000001e-05,5.7421875000000005e-05,true,true,,,500,500,0,0,0,1.950970558223859,1.8588680478633623,1.9549387160209566,0,0.33887043189368771,1.153957092243552e-07,0.0020000000000000018,1,0,0,0,0,required_grid,true,
0.002,0.25,acceleration_limited,1000,0.125,-1,1.1000000000000001,5.4687500000000001e-05,-6.0156250000000009e-05,true,true,,,500,500,0,0,0,1.9095021219196651,1.7833589420457863,1.9128511938738828,0,0.49833887043189368,1.2123124432974285e-07,0.0020000000000000018,1,0,0,0,0,required_grid,true,
0.002,0.25,acceleration_limited,1000,0.125,1,1.1000000000000001,5.4687500000000001e-05,6.0156250000000009e-05,true,true,,,500,500,0,0,0,1.9095021219196651,1.7833589420457863,1.9128511938738828,0,0.49833887043189368,1.2123124432974285e-07,0.0020000000000000018,1,0,0,0,0,required_grid,true,
0.002,0.25,acceleration_limited,1000,0.125,-1,1.2,5.4687500000000001e-05,-6.5624999999999996e-05,true,true,,,500,500,0,0,0,1.8333333333368687,1.6666666665136194,1.6667729891506631,0.16655768923575834,0,1.3273762218880879e-07,0.0020000000000000018,1,0,0,0,0,required_grid,true,
0.002,0.25,acceleration_limited,1000,0.125,1,1.2,5.4687500000000001e-05,6.5624999999999996e-05,true,true,,,500,500,0,0,0,1.8333333333368687,1.6666666665136194,1.6667729891506631,0.16655768923575834,0,1.3273762218880879e-07,0.0020000000000000018,1,0,0,0,0,required_grid,true,
0.002,0.25,acceleration_limited,1000,0.125,-1,2,5.4687500000000001e-05,-0.000109375,true,true,,,500,500,0,0,0,1.4999999999997689,0.99999999999978084,1.0000000000000029,0.49999999999990036,0,2.3445638020832965e-07,0.0020000000000000018,1,0,0,0,0,required_grid,true,
0.002,0.25,acceleration_limited,1000,0.125,1,2,5.4687500000000001e-05,0.000109375,true,true,,,500,500,0,0,0,1.4999999999997689,0.99999999999978084,1.0000000000000029,0.49999999999990036,0,2.3445638020832965e-07,0.0020000000000000018,1,0,0,0,0,required_grid,true,
0.002,0.25,acceleration_limited,4000,0.5,-1,0.5,0.00021875,-0.000109375,true,true,,,500,500,1,499.99999999999955,1,1.2485297677899863,1.2485297677905403,1.2485297677954279,0,1,2.1875000000000045e-07,0.0020000000000000018,1,0,0,0,0,required_grid,true,
0.002,0.25,acceleration_limited,4000,0.5,1,0.5,0.00021875,0.000109375,true,true,,,500,500,1,499.99999999999955,1,1.2485297677899863,1.2485297677905403,1.2485297677954279,0,1,2.1875000000000045e-07,0.0020000000000000018,1,0,0,0,0,required_grid,true,
0.002,0.25,acceleration_limited,4000,0.5,-1,0.80000000000000004,0.00021875,-0.00017500000000000003,true,true,,,500,500,1,499.99999999999955,1,1.4700768345936872,1.4700768345940229,1.4700768345959077,0,1,3.4999999999998998e-07,0.0020000000000000018,1,0,0,0,0,required_grid,true,
0.002,0.25,acceleration_limited,4000,0.5,1,0.80000000000000004,0.00021875,0.00017500000000000003,true,true,,,500,500,1,499.99999999999955,1,1.4700768345936872,1.4700768345940229,1.4700768345959077,0,1,3.4999999999998998e-07,0.0020000000000000018,1,0,0,0,0,required_grid,true,
0.002,0.25,acceleration_limited,4000,0.5,-1,0.90000000000000002,0.00021875,-0.000196875,true,true,,,500,500,1,499.99999999999955,1,1.6131183096858128,1.6131183096859647,1.6131183096879274,0,1,3.9374999999998982e-07,0.0020000000000000018,1,0,0,0,0,required_grid,true,
0.002,0.25,acceleration_limited,4000,0.5,1,0.90000000000000002,0.00021875,0.000196875,true,true,,,500,500,1,499.99999999999955,1,1.6131183096858128,1.6131183096859647,1.6131183096879274,0,1,3.9374999999998982e-07,0.0020000000000000018,1,0,0,0,0,required_grid,true,
0.002,0.25,acceleration_limited,4000,0.5,-1,0.94999999999999996,0.00021875,-0.00020781249999999999,true,true,,,500,500,1,499.99999999999955,1,1.7303985204037924,1.7303985204041603,1.7303985204049617,0,1,4.1562500000000333e-07,0.0020000000000000018,1,0,0,0,0,required_grid,true,
0.002,0.25,acceleration_limited,4000,0.5,1,0.94999999999999996,0.00021875,0.00020781249999999999,true,true,,,500,500,1,499.99999999999955,1,1.7303985204037924,1.7303985204041603,1.7303985204049617,0,1,4.1562500000000333e-07,0.0020000000000000018,1,0,0,0,0.002,required_grid,true,
0.002,0.25,acceleration_limited,4000,0.5,-1,0.97999999999999998,0.00021875,-0.00021437499999999999,true,true,,,500,500,1,499.99999999999955,1,1.845344025926553,1.8453440259269844,1.8453440259275904,0,1,4.2874999999999478e-07,0.0020000000000000018,1,0,0,0,0,required_grid,true,
0.002,0.25,acceleration_limited,4000,0.5,1,0.97999999999999998,0.00021875,0.00021437499999999999,true,true,,,500,500,1,499.99999999999955,1,1.845344025926553,1.8453440259269844,1.8453440259275904,0,1,4.2874999999999478e-07,0.0020000000000000018,1,0,0,0,0,required_grid,true,
0.002,0.25,acceleration_limited,4000,0.5,-1,0.98999999999999999,0.00021875,-0.00021656250000000001,true,true,,,500,500,1,499.99999999999955,1,1.9047619047618696,1.9047619047627027,1.9047619047634332,0,1,4.3312500000000464e-07,0.0020000000000000018,1,0,0,0,0,required_grid,true,
0.002,0.25,acceleration_limited,4000,0.5,1,0.98999999999999999,0.00021875,0.00021656250000000001,true,true,,,500,500,1,499.99999999999955,1,1.9047619047618696,1.9047619047627027,1.9047619047634332,0,1,4.3312500000000464e-07,0.0020000000000000018,1,0,0,0,0,required_grid,true,
0.002,0.25,acceleration_limited,4000,0.5,-1,0.995,0.00021875,-0.00021765624999999999,true,true,,,500,500,1,499.99999999999955,1,1.9445768876014797,1.9445768876017695,1.944576887603416,0,1,4.3531250000000017e-07,0.0020000000000000018,1,0,0,0,0,required_grid,true,
0.002,0.25,acceleration_limited,4000,0.5,1,0.995,0.00021875,0.00021765624999999999,true,true,,,500,500,1,499.99999999999955,1,1.9445768876014797,1.9445768876017695,1.944576887603416,0,1,4.3531250000000017e-07,0.0020000000000000018,1,0,0,0,0,required_grid,true,
0.002,0.25,acceleration_limited,4000,0.5,-1,1,0.00021875,-0.00021875,true,true,,,500,500,1,499.99999999999955,1,2.0000000000002274,2.0000000000002571,2.0000000000007012,0,1,4.3749999999999152e-07,0.0020000000000000018,1,0,0,0,0,required_grid,true,
0.002,0.25,acceleration_limited,4000,0.5,1,1,0.00021875,0.00021875,true,true,,,500,500,1,499.99999999999955,1,2.0000000000002274,2.0000000000002571,2.0000000000007012,0,1,4.3749999999999152e-07,0.0020000000000000018,1,0,0,0,0,required_grid,true,
0.002,0.25,acceleration_limited,4000,0.5,-1,1.0049999999999999,0.00021875,-0.00021984374999999999,true,true,,,500,500,0,0,0,1.9947551984978691,1.9855122945518657,1.9953499629495783,0,0.31893687707641194,4.4105585438570794e-07,0.0020000000000000018,1,0,0,0,0,required_grid,true,
0.002,0.25,acceleration_limited,4000,0.5,1,1.0049999999999999,0.00021875,0.00021984374999999999,true,true,,,500,500,0,0,0,1.9947551984978691,1.9855122945518657,1.9953499629495783,0,0.31893687707641194,4.4105585438570794e-07,0.0020000000000000018,1,0,0,0,0,required_grid,true,
0.002,0.25,acceleration_limited,4000,0.5,-1,1.01,0.00021875,-0.0002209375,true,true,,,500,500,0,0,0,1.9895865680046454,1.9711028113219291,1.9907329206466293,0,0.33222591362126247,4.4331492345257011e-07,0.0020000000000000018,1,0,0,0,0,required_grid,true,
0.002,0.25,acceleration_limited,4000,0.5,1,1.01,0.00021875,0.0002209375,true,true,,,500,500,0,0,0,1.9895865680046454,1.9711028113219291,1.9907329206466293,0,0.33222591362126247,4.4331492345257011e-07,0.0020000000000000018,1,0,0,0,0,required_grid,true,
0.002,0.25,acceleration_limited,4000,0.5,-1,1.02,0.00021875,-0.00022312500000000002,true,true,,,500,500,0,0,0,1.9794779498724624,1.9425312993419392,1.981596259776278,0,0.32890365448504982,4.4784914572143898e-07,0.0020000000000000018,1,0,0,0,0,required_grid,true,
0.002,0.25,acceleration_limited,4000,0.5,1,1.02,0.00021875,0.00022312500000000002,true,true,,,500,500,0,0,0,1.9794779498724624,1.9425312993419392,1.981596259776278,0,0.32890365448504982,4.4784914572143898e-07,0.0020000000000000018,1,0,0,0,0,required_grid,true,
0.002,0.25,acceleration_limited,4000,0.5,-1,1.05,0.00021875,-0.00022968750000000002,true,true,,,500,500,0,0,0,1.950970558223859,1.8588680478633623,1.9549387160209566,0,0.33887043189368771,4.6158283689742082e-07,0.0020000000000000018,1,0,0,0,0,required_grid,true,
0.002,0.25,acceleration_limited,4000,0.5,1,1.05,0.00021875,0.00022968750000000002,true,true,,,500,500,0,0,0,1.950970558223859,1.8588680478633623,1.9549387160209566,0,0.33887043189368771,4.6158283689742082e-07,0.0020000000000000018,1,0,0,0,0,required_grid,true,
0.002,0.25,acceleration_limited,4000,0.5,-1,1.1000000000000001,0.00021875,-0.00024062500000000003,true,true,,,500,500,0,0,0,1.9095021219196651,1.7833589420457863,1.9128511938738828,0,0.49833887043189368,4.8492497731897141e-07,0.0020000000000000018,1,0,0,0,0,required_grid,true,
0.002,0.25,acceleration_limited,4000,0.5,1,1.1000000000000001,0.00021875,0.00024062500000000003,true,true,,,500,500,0,0,0,1.9095021219196651,1.7833589420457863,1.9128511938738828,0,0.49833887043189368,4.8492497731897141e-07,0.0020000000000000018,1,0,0,0,0,required_grid,true,
0.002,0.25,acceleration_limited,4000,0.5,-1,1.2,0.00021875,-0.00026249999999999998,true,true,,,500,500,0,0,0,1.8333333333368687,1.6666666665136194,1.6667729891506631,0.16655768923575834,0,5.3095048875523517e-07,0.0020000000000000018,1,0,0,0,0,required_grid,true,
0.002,0.25,acceleration_limited,4000,0.5,1,1.2,0.00021875,0.00026249999999999998,true,true,,,500,500,0,0,0,1.8333333333368687,1.6666666665136194,1.6667729891506631,0.16655768923575834,0,5.3095048875523517e-07,0.0020000000000000018,1,0,0,0,0,required_grid,true,
0.002,0.25,acceleration_limited,4000,0.5,-1,2,0.00021875,-0.00043750000000000001,true,true,,,500,500,0,0,0,1.4999999999997689,0.99999999999978084,1.0000000000000029,0.49999999999990036,0,9.3782552083331861e-07,0.0020000000000000018,1,0,0,0,0,required_grid,true,
0.002,0.25,acceleration_limited,4000,0.5,1,2,0.00021875,0.00043750000000000001,true,true,,,500,500,0,0,0,1.4999999999997689,0.99999999999978084,1.0000000000000029,0.49999999999990036,0,9.3782552083331861e-07,0.0020000000000000018,1,0,0,0,0,required_grid,true,
0.002,0.5,acceleration_limited,1000,0.25,-1,0.5,9.3750000000000002e-05,-4.6875000000000001e-05,true,true,,,500,500,1,499.99999999999955,1,1.9999999999995595,1.9999999999998548,2.0000000000010991,0,1,9.3749999999999976e-08,0.0020000000000000018,1,0,0,0,0,required_grid,true,
0.002,0.5,acceleration_limited,1000,0.25,1,0.5,9.3750000000000002e-05,4.6875000000000001e-05,true,true,,,500,500,1,499.99999999999955,1,1.9999999999995595,1.9999999999998548,2.0000000000010991,0,1,9.3749999999999976e-08,0.0020000000000000018,1,0,0,0,0,required_grid,true,
0.002,0.5,acceleration_limited,1000,0.25,-1,0.80000000000000004,9.3750000000000002e-05,-7.5000000000000007e-05,true,true,,,500,500,1,499.99999999999955,1,1.5600982836581569,1.5600982836581569,1.5600982836596371,0,1,1.50000000000001e-07,0.0020000000000000018,1,0,0,0,0,required_grid,true,
0.002,0.5,acceleration_limited,1000,0.25,1,0.80000000000000004,9.3750000000000002e-05,7.5000000000000007e-05,true,true,,,500,500,1,499.99999999999955,1,1.5600982836581569,1.5600982836581569,1.5600982836596371,0,1,1.50000000000001e-07,0.0020000000000000018,1,0,0,0,0,required_grid,true,
0.002,0.5,acceleration_limited,1000,0.25,-1,0.90000000000000002,9.3750000000000002e-05,-8.4375000000000004e-05,true,true,,,500,500,1,499.99999999999955,1,1.7006226237931104,1.7006226237931108,1.7006226237942623,0,1,1.6874999999999965e-07,0.0020000000000000018,1,0,0,0,0,required_grid,true,
0.002,0.5,acceleration_limited,1000,0.25,1,0.90000000000000002,9.3750000000000002e-05,8.4375000000000004e-05,true,true,,,500,500,1,499.99999999999955,1,1.7006226237931104,1.7006226237931108,1.7006226237942623,0,1,1.6874999999999965e-07,0.0020000000000000018,1,0,0,0,0,required_grid,true,
0.002,0.5,acceleration_limited,1000,0.25,-1,0.94999999999999996,9.3750000000000002e-05,-8.9062500000000003e-05,true,true,,,500,500,1,499.99999999999955,1,1.8091547749266561,1.809154774926812,1.8091547749291492,0,1,1.7812500000000118e-07,0.0020000000000000018,1,0,0,0,0,required_grid,true,
0.002,0.5,acceleration_limited,1000,0.25,1,0.94999999999999996,9.3750000000000002e-05,8.9062500000000003e-05,true,true,,,500,500,1,499.99999999999955,1,1.8091547749266561,1.809154774926812,1.8091547749291492,0,1,1.7812500000000118e-07,0.0020000000000000018,1,0,0,0,0,required_grid,true,
0.002,0.5,acceleration_limited,1000,0.25,-1,0.97999999999999998,9.3750000000000002e-05,-9.1874999999999997e-05,true,true,,,500,500,1,499.99999999999955,1,1.9047619047617872,1.9047619047620894,1.9047619047642046,0,1,1.8375000000000446e-07,0.0020000000000000018,1,0,0,0,0,required_grid,true,
0.002,0.5,acceleration_limited,1000,0.25,1,0.97999999999999998,9.3750000000000002e-05,9.1874999999999997e-05,true,true,,,500,500,1,499.99999999999955,1,1.9047619047617872,1.9047619047620894,1.9047619047642046,0,1,1.8375000000000446e-07,0.0020000000000000018,1,0,0,0,0,required_grid,true,
0.002,0.5,acceleration_limited,1000,0.25,-1,0.98999999999999999,9.3750000000000002e-05,-9.2812499999999999e-05,true,true,,,500,500,1,499.99999999999955,1,1.9472887184980268,1.947288718498392,1.9472887185001198,0,1,1.8562499999999597e-07,0.0020000000000000018,1,0,0,0,0,required_grid,true,
0.002,0.5,acceleration_limited,1000,0.25,1,0.98999999999999999,9.3750000000000002e-05,9.2812499999999999e-05,true,true,,,500,500,1,499.99999999999955,1,1.9472887184980268,1.947288718498392,1.9472887185001198,0,1,1.8562499999999597e-07,0.0020000000000000018,1,0,0,0,0,required_grid,true,
0.002,0.5,acceleration_limited,1000,0.25,-1,0.995,9.3750000000000002e-05,-9.3281250000000007e-05,true,true,,,500,500,1,499.99999999999955,1,1.9720090879173784,1.9720090879175978,1.9720090879197592,0,1,1.8656249999999991e-07,0.0020000000000000018,1,0,0,0,0,required_grid,true,
0.002,0.5,acceleration_limited,1000,0.25,1,0.995,9.3750000000000002e-05,9.3281250000000007e-05,true,true,,,500,500,1,499.99999999999955,1,1.9720090879173784,1.9720090879175978,1.9720090879197592,0,1,1.8656249999999991e-07,0.0020000000000000018,1,0,0,0,0,required_grid,true,
0.002,0.5,acceleration_limited,1000,0.25,-1,1,9.3750000000000002e-05,-9.3750000000000002e-05,true,true,,,500,500,1,499.99999999999955,1,2.0000000000000036,2.0000000000002234,2.0000000000008531,0,1,1.8750000000000249e-07,0.0020000000000000018,1,0,0,0,0,required_grid,true,
0.002,0.5,acceleration_limited,1000,0.25,1,1,9.3750000000000002e-05,9.3750000000000002e-05,true,true,,,500,500,1,499.99999999999955,1,2.0000000000000036,2.0000000000002234,2.0000000000008531,0,1,1.8750000000000249e-07,0.0020000000000000018,1,0,0,0,0,required_grid,true,
0.002,0.5,acceleration_limited,1000,0.25,-1,1.0049999999999999,9.3750000000000002e-05,-9.4218749999999996e-05,true,true,,,500,500,0,0,0,1.9956145210687468,1.9948126276935374,1.9957286624014106,0,0.3687707641196013,1.9109338201976439e-07,0.0020000000000000018,1,0,0,0,0,required_grid,true,
0.002,0.5,acceleration_limited,1000,0.25,1,1.0049999999999999,9.3750000000000002e-05,9.4218749999999996e-05,true,true,,,500,500,0,0,0,1.9956145210687468,1.9948126276935374,1.9957286624014106,0,0.3687707641196013,1.9109338201976439e-07,0.0020000000000000018,1,0,0,0,0,required_grid,true,
0.002,0.5,acceleration_limited,1000,0.25,-1,1.01,9.3750000000000002e-05,-9.4687500000000004e-05,true,true,,,500,500,0,0,0,1.9892093215251465,1.9727953681194381,1.9914858607354409,0,0.34883720930232559,1.9208411634857281e-07,0.0020000000000000018,1,0,0,0,0,required_grid,true,
0.002,0.5,acceleration_limited,1000,0.25,1,1.01,9.3750000000000002e-05,9.4687500000000004e-05,true,true,,,500,500,0,0,0,1.9892093215251465,1.9727953681194381,1.9914858607354409,0,0.34883720930232559,1.9208411634857281e-07,0.0020000000000000018,1,0,0,0,0,required_grid,true,
0.002,0.5,acceleration_limited,1000,0.25,-1,1.02,9.3750000000000002e-05,-9.5625000000000007e-05,true,true,,,500,500,0,0,0,1.9786341117777557,1.945530817454775,1.9830845813168474,0,0.34219269102990035,1.9407235187047392e-07,0.0020000000000000018,1,0,0,0,0,required_grid,true,
0.002,0.5,acceleration_limited,1000,0.25,1,1.02,9.3750000000000002e-05,9.5625000000000007e-05,true,true,,,500,500,0,0,0,1.9786341117777557,1.945530817454775,1.9830845813168474,0,0.34219269102990035,1.9407235187047392e-07,0.0020000000000000018,1,0,0,0,0,required_grid,true,
0.002,0.5,acceleration_limited,1000,0.25,-1,1.05,9.3750000000000002e-05,-9.8437500000000001e-05,true,true,,,500,500,0,0,0,1.9578664760730058,1.9530512257500712,1.9585331211347592,0,0.33554817275747506,2.0009617083937233e-07,0.0020000000000000018,1,0,0,0,0,required_grid,true,
0.002,0.5,acceleration_limited,1000,0.25,1,1.05,9.3750000000000002e-05,9.8437500000000001e-05,true,true,,,500,500,0,0,0,1.9578664760730058,1.9530512257500712,1.9585331211347592,0,0.33554817275747506,2.0009617083937233e-07,0.0020000000000000018,1,0,0,0,0,required_grid,true,
0.002,0.5,acceleration_limited,1000,0.25,-1,1.1000000000000001,9.3750000000000002e-05,-0.00010312500000000001,true,true,,,500,500,0,0,0,1.9031548618082261,1.7371213947643349,1.9196510085932268,0,0.3122923588039867,2.1030973283738108e-07,0.0020000000000000018,1,0,0,0,0,required_grid,true,
0.002,0.5,acceleration_limited,1000,0.25,1,1.1000000000000001,9.3750000000000002e-05,0.00010312500000000001,true,true,,,500,500,0,0,0,1.9031548618082261,1.7371213947643349,1.9196510085932268,0,0.3122923588039867,2.1030973283738108e-07,0.0020000000000000018,1,0,0,0,0,required_grid,true,
0.002,0.5,acceleration_limited,1000,0.25,-1,1.2,9.3750000000000002e-05,-0.0001125,true,true,,,500,500,0,0,0,1.831577036013786,1.571695719829892,1.8486288010007865,0,0.49833887043189368,2.3147108141883309e-07,0.0020000000000000018,1,0,0,0,0,required_grid,true,
0.002,0.5,acceleration_limited,1000,0.25,1,1.2,9.3750000000000002e-05,0.0001125,true,true,,,500,500,0,0,0,1.831577036013786,1.571695719829892,1.8486288010007865,0,0.49833887043189368,2.3147108141883309e-07,0.0020000000000000018,1,0,0,0,0,required_grid,true,
0.002,0.5,acceleration_limited,1000,0.25,-1,2,9.3750000000000002e-05,-0.0001875,true,true,,,500,500,0,0,0,1.4999999999999112,0.99999999999992872,1.000000000000077,0.49999999999989853,0,4.0690104166666378e-07,0.0020000000000000018,1,0,0,0,0,required_grid,true,
0.002,0.5,acceleration_limited,1000,0.25,1,2,9.3750000000000002e-05,0.0001875,true,true,,,500,500,0,0,0,1.4999999999999112,0.99999999999992872,1.000000000000077,0.49999999999989853,0,4.0690104166666378e-07,0.0020000000000000018,1,0,0,0,0,required_grid,true,
0.002,0.5,acceleration_limited,4000,1,-1,0.5,0.00037500000000000001,-0.0001875,true,true,,,500,500,1,499.99999999999955,1,1.3333333333333304,1.3333333333377766,2.0000000000010991,0,1,3.7499999999999974e-07,0.0020000000000000018,1,0,0,0,0,required_grid,true,
0.002,0.5,acceleration_limited,4000,1,1,0.5,0.00037500000000000001,0.0001875,true,true,,,500,500,1,499.99999999999955,1,1.3333333333333304,1.3333333333377766,2.0000000000010991,0,1,3.7499999999999974e-07,0.0020000000000000018,1,0,0,0,0,required_grid,true,
0.002,0.5,acceleration_limited,4000,1,-1,0.80000000000000004,0.00037500000000000001,-0.00030000000000000003,true,true,,,500,500,1,499.99999999999955,1,1.5600982836581569,1.5600982836581569,1.5600982836596371,0,1,6.00000000000004e-07,0.0020000000000000018,1,0,0,0,0,required_grid,true,
0.002,0.5,acceleration_limited,4000,1,1,0.80000000000000004,0.00037500000000000001,0.00030000000000000003,true,true,,,500,500,1,499.99999999999955,1,1.5600982836581569,1.5600982836581569,1.5600982836596371,0,1,6.00000000000004e-07,0.0020000000000000018,1,0,0,0,0,required_grid,true,
0.002,0.5,acceleration_limited,4000,1,-1,0.90000000000000002,0.00037500000000000001,-0.00033750000000000002,true,true,,,500,500,1,499.99999999999955,1,1.7006226237931104,1.7006226237931108,1.7006226237942623,0,1,6.7499999999999862e-07,0.0020000000000000018,1,0,0,0,0,required_grid,true,
0.002,0.5,acceleration_limited,4000,1,1,0.90000000000000002,0.00037500000000000001,0.00033750000000000002,true,true,,,500,500,1,499.99999999999955,1,1.7006226237931104,1.7006226237931108,1.7006226237942623,0,1,6.7499999999999862e-07,0.0020000000000000018,1,0,0,0,0,required_grid,true,
0.002,0.5,acceleration_limited,4000,1,-1,0.94999999999999996,0.00037500000000000001,-0.00035625000000000001,true,true,,,500,500,1,499.99999999999955,1,1.8091547749266561,1.809154774926812,1.8091547749291492,0,1,7.1250000000000472e-07,0.0020000000000000018,1,0,0,0,0,required_grid,true,
0.002,0.5,acceleration_limited,4000,1,1,0.94999999999999996,0.00037500000000000001,0.00035625000000000001,true,true,,,500,500,1,499.99999999999955,1,1.8091547749266561,1.809154774926812,1.8091547749291492,0,1,7.1250000000000472e-07,0.0020000000000000018,1,0,0,0,0,required_grid,true,
0.002,0.5,acceleration_limited,4000,1,-1,0.97999999999999998,0.00037500000000000001,-0.00036749999999999999,true,true,,,500,500,1,499.99999999999955,1,1.9047619047617872,1.9047619047620894,1.9047619047642046,0,1,7.3500000000001784e-07,0.0020000000000000018,1,0,0,0,0,required_grid,true,
0.002,0.5,acceleration_limited,4000,1,1,0.97999999999999998,0.00037500000000000001,0.00036749999999999999,true,true,,,500,500,1,499.99999999999955,1,1.9047619047617872,1.9047619047620894,1.9047619047642046,0,1,7.3500000000001784e-07,0.0020000000000000018,1,0,0,0,0,required_grid,true,
0.002,0.5,acceleration_limited,4000,1,-1,0.98999999999999999,0.00037500000000000001,-0.00037125,true,true,,,500,500,1,499.99999999999955,1,1.9472887184980268,1.947288718498392,1.9472887185001198,0,1,7.4249999999998389e-07,0.0020000000000000018,1,0,0,0,0,required_grid,true,
0.002,0.5,acceleration_limited,4000,1,1,0.98999999999999999,0.00037500000000000001,0.00037125,true,true,,,500,500,1,499.99999999999955,1,1.9472887184980268,1.947288718498392,1.9472887185001198,0,1,7.4249999999998389e-07,0.0020000000000000018,1,0,0,0,0,required_grid,true,
0.002,0.5,acceleration_limited,4000,1,-1,0.995,0.00037500000000000001,-0.00037312500000000003,true,true,,,500,500,1,499.99999999999955,1,1.9720090879173784,1.9720090879175978,1.9720090879197592,0,1,7.4624999999999963e-07,0.0020000000000000018,1,0,0,0,0,required_grid,true,
0.002,0.5,acceleration_limited,4000,1,1,0.995,0.00037500000000000001,0.00037312500000000003,true,true,,,500,500,1,499.99999999999955,1,1.9720090879173784,1.9720090879175978,1.9720090879197592,0,1,7.4624999999999963e-07,0.0020000000000000018,1,0,0,0,0,required_grid,true,
0.002,0.5,acceleration_limited,4000,1,-1,1,0.00037500000000000001,-0.00037500000000000001,true,true,,,500,500,1,499.99999999999955,1,2.0000000000000036,2.0000000000002234,2.0000000000008531,0,1,7.5000000000000997e-07,0.0020000000000000018,1,0,0,0,0,required_grid,true,
0.002,0.5,acceleration_limited,4000,1,1,1,0.00037500000000000001,0.00037500000000000001,true,true,,,500,500,1,499.99999999999955,1,2.0000000000000036,2.0000000000002234,2.0000000000008531,0,1,7.5000000000000997e-07,0.0020000000000000018,1,0,0,0,0,required_grid,true,
0.002,0.5,acceleration_limited,4000,1,-1,1.0049999999999999,0.00037500000000000001,-0.00037687499999999999,true,true,,,500,500,0,0,0,1.9956145210687468,1.9948126276935374,1.9957286624014106,0,0.3687707641196013,7.6437352807905755e-07,0.0020000000000000018,1,0,0,0,0,required_grid,true,
0.002,0.5,acceleration_limited,4000,1,1,1.0049999999999999,0.00037500000000000001,0.00037687499999999999,true,true,,,500,500,0,0,0,1.9956145210687468,1.9948126276935374,1.9957286624014106,0,0.3687707641196013,7.6437352807905755e-07,0.0020000000000000018,1,0,0,0,0,required_grid,true,
0.002,0.5,acceleration_limited,4000,1,-1,1.01,0.00037500000000000001,-0.00037875000000000002,true,true,,,500,500,0,0,0,1.9892093215251465,1.9727953681194381,1.9914858607354409,0,0.34883720930232559,7.6833646539429124e-07,0.0020000000000000018,1,0,0,0,0,required_grid,true,
0.002,0.5,acceleration_limited,4000,1,1,1.01,0.00037500000000000001,0.00037875000000000002,true,true,,,500,500,0,0,0,1.9892093215251465,1.9727953681194381,1.9914858607354409,0,0.34883720930232559,7.6833646539429124e-07,0.0020000000000000018,1,0,0,0,0,required_grid,true,
0.002,0.5,acceleration_limited,4000,1,-1,1.02,0.00037500000000000001,-0.00038250000000000003,true,true,,,500,500,0,0,0,1.9786341117777557,1.945530817454775,1.9830845813168474,0,0.34219269102990035,7.7628940748189567e-07,0.0020000000000000018,1,0,0,0,0,required_grid,true,
0.002,0.5,acceleration_limited,4000,1,1,1.02,0.00037500000000000001,0.00038250000000000003,true,true,,,500,500,0,0,0,1.9786341117777557,1.945530817454775,1.9830845813168474,0,0.34219269102990035,7.7628940748189567e-07,0.0020000000000000018,1,0,0,0,0,required_grid,true,
0.002,0.5,acceleration_limited,4000,1,-1,1.05,0.00037500000000000001,-0.00039375,true,true,,,500,500,0,0,0,1.9578664760730058,1.9530512257500712,1.9585331211347592,0,0.33554817275747506,8.0038468335748932e-07,0.0020000000000000018,1,0,0,0,0,required_grid,true,
0.002,0.5,acceleration_limited,4000,1,1,1.05,0.00037500000000000001,0.00039375,true,true,,,500,500,0,0,0,1.9578664760730058,1.9530512257500712,1.9585331211347592,0,0.33554817275747506,8.0038468335748932e-07,0.0020000000000000018,1,0,0,0,0,required_grid,true,
0.002,0.5,acceleration_limited,4000,1,-1,1.1000000000000001,0.00037500000000000001,-0.00041250000000000005,true,true,,,500,500,0,0,0,1.9031548618082261,1.7371213947643349,1.9196510085932268,0,0.3122923588039867,8.412389313495243e-07,0.0020000000000000018,1,0,0,0,0,required_grid,true,
0.002,0.5,acceleration_limited,4000,1,1,1.1000000000000001,0.00037500000000000001,0.00041250000000000005,true,true,,,500,500,0,0,0,1.9031548618082261,1.7371213947643349,1.9196510085932268,0,0.3122923588039867,8.412389313495243e-07,0.0020000000000000018,1,0,0,0,0,required_grid,true,
0.002,0.5,acceleration_limited,4000,1,-1,1.2,0.00037500000000000001,-0.00044999999999999999,true,true,,,500,500,0,0,0,1.831577036013786,1.571695719829892,1.8486288010007865,0,0.49833887043189368,9.2588432567533238e-07,0.0020000000000000018,1,0,0,0,0,required_grid,true,
0.002,0.5,acceleration_limited,4000,1,1,1.2,0.00037500000000000001,0.00044999999999999999,true,true,,,500,500,0,0,0,1.831577036013786,1.571695719829892,1.8486288010007865,0,0.49833887043189368,9.2588432567533238e-07,0.0020000000000000018,1,0,0,0,0,required_grid,true,
0.002,0.5,acceleration_limited,4000,1,-1,2,0.00037500000000000001,-0.00075000000000000002,true,true,,,500,500,0,0,0,1.4999999999999112,0.99999999999992872,1.000000000000077,0.49999999999989853,0,1.6276041666666551e-06,0.0020000000000000018,1,0,0,0,0,required_grid,true,
0.002,0.5,acceleration_limited,4000,1,1,2,0.00037500000000000001,0.00075000000000000002,true,true,,,500,500,0,0,0,1.4999999999999112,0.99999999999992872,1.000000000000077,0.49999999999989853,0,1.6276041666666551e-06,0.0020000000000000018,1,0,0,0,0,required_grid,true,
0.002,0.80000000000000004,acceleration_limited,1000,0.40000000000000002,-1,0.5,0.00011999999999999999,-5.9999999999999995e-05,true,true,,,500,500,1,499.99999999999955,1,1.9999999999998934,2.0000000000005307,2.0000000000006941,0,1,1.2000000000000092e-07,0.0020000000000000018,1,0,0,0,0,required_grid,true,
0.002,0.80000000000000004,acceleration_limited,1000,0.40000000000000002,1,0.5,0.00011999999999999999,5.9999999999999995e-05,true,true,,,500,500,1,499.99999999999955,1,1.9999999999996536,2.0000000000002132,2.0000000000004272,0,1,1.1998703711579666e-07,0.0020000000000000018,1,0,0,0,0,required_grid,true,
0.002,0.80000000000000004,acceleration_limited,1000,0.40000000000000002,-1,0.80000000000000004,0.00011999999999999999,-9.6000000000000002e-05,true,true,,,500,500,1,499.99999999999955,1,1.6666666666667609,1.6666666666676868,2.0000000000001128,0,1,1.9200000000000233e-07,0.0020000000000000018,1,0,0,0,0,required_grid,true,
0.002,0.80000000000000004,acceleration_limited,1000,0.40000000000000002,1,0.80000000000000004,0.00011999999999999999,9.6000000000000002e-05,true,true,,,500,500,1,499.99999999999955,1,1.6666666666667609,1.6666666666676868,2.0000000000001128,0,1,1.9200000000000233e-07,0.0020000000000000018,1,0,0,0,0,required_grid,true,
0.002,0.80000000000000004,acceleration_limited,1000,0.40000000000000002,-1,0.90000000000000002,0.00011999999999999999,-0.000108,true,true,,,500,500,1,499.99999999999955,1,1.7917490147524506,1.7917490147524946,1.791749014754507,0,1,2.1600000000000188e-07,0.0020000000000000018,1,0,0,0,0,required_grid,true,
0.002,0.80000000000000004,acceleration_limited,1000,0.40000000000000002,1,0.90000000000000002,0.00011999999999999999,0.000108,true,true,,,500,500,1,499.99999999999955,1,1.7917490147524506,1.7917490147524946,1.791749014754507,0,1,2.1600000000000188e-07,0.0020000000000000018,1,0,0,0,0,required_grid,true,
0.002,0.80000000000000004,acceleration_limited,1000,0.40000000000000002,-1,0.94999999999999996,0.00011999999999999999,-0.00011399999999999998,true,true,,,500,500,1,499.99999999999955,1,1.8786837505036296,1.8786837505036937,1.8786837505055123,0,1,2.2800000000000175e-07,0.0020000000000000018,1,0,0,0,0,required_grid,true,
0.002,0.80000000000000004,acceleration_limited,1000,0.40000000000000002,1,0.94999999999999996,0.00011999999999999999,0.00011399999999999998,true,true,,,500,500,1,499.99999999999955,1,1.8786837505036296,1.8786837505036937,1.8786837505055123,0,1,2.2800000000000175e-07,0.0020000000000000018,1,0,0,0,0,required_grid,true,
0.002,0.80000000000000004,acceleration_limited,1000,0.40000000000000002,-1,0.97999999999999998,0.00011999999999999999,-0.00011759999999999999,true,true,,,500,500,1,499.99999999999955,1,1.945458894490393,1.9454588944906901,1.9454588944922815,0,1,2.3520000000000624e-07,0.0020000000000000018,1,0,0,0,0,required_grid,true,
0.002,0.80000000000000004,acceleration_limited,1000,0.40000000000000002,1,0.97999999999999998,0.00011999999999999999,0.00011759999999999999,true,true,,,500,500,1,499.99999999999955,1,1.945458894490393,1.9454588944906901,1.9454588944922815,0,1,2.3520000000000624e-07,0.0020000000000000018,1,0,0,0,0,required_grid,true,
0.002,0.80000000000000004,acceleration_limited,1000,0.40000000000000002,-1,0.98999999999999999,0.00011999999999999999,-0.00011879999999999999,true,true,,,500,500,1,499.99999999999955,1,1.9714609229112703,1.971460922911356,1.9714609229131383,0,1,2.3759999999999432e-07,0.0020000000000000018,1,0,0,0,0,required_grid,true,
0.002,0.80000000000000004,acceleration_limited,1000,0.40000000000000002,1,0.98999999999999999,0.00011999999999999999,0.00011879999999999999,true,true,,,500,500,1,499.99999999999955,1,1.9714609229112703,1.971460922911356,1.9714609229131383,0,1,2.3759999999999432e-07,0.0020000000000000018,1,0,0,0,0,required_grid,true,
0.002,0.80000000000000004,acceleration_limited,1000,0.40000000000000002,-1,0.995,0.00011999999999999999,-0.00011939999999999999,true,true,,,500,500,1,499.99999999999955,1,1.985378849134793,1.985378849134793,1.9853788491367417,0,1,2.3880000000000328e-07,0.0020000000000000018,1,0,0,0,0,required_grid,true,
0.002,0.80000000000000004,acceleration_limited,1000,0.40000000000000002,1,0.995,0.00011999999999999999,0.00011939999999999999,true,true,,,500,500,1,499.99999999999955,1,1.985378849134793,1.985378849134793,1.9853788491367417,0,1,2.3880000000000328e-07,0.0020000000000000018,1,0,0,0,0,required_grid,true,
0.002,0.80000000000000004,acceleration_limited,1000,0.40000000000000002,-1,1,0.00011999999999999999,-0.00011999999999999999,true,true,,,500,500,1,499.99999999999955,1,2.0000000000000222,2.0000000000000835,2.0000000000004947,0,1,2.4000000000000173e-07,0.0020000000000000018,1,0,0,0,0,required_grid,true,
0.002,0.80000000000000004,acceleration_limited,1000,0.40000000000000002,1,1,0.00011999999999999999,0.00011999999999999999,true,true,,,500,500,1,499.99999999999955,1,2.0000000000000222,2.0000000000000835,2.0000000000004947,0,1,2.4000000000000173e-07,0.0020000000000000018,1,0,0,0,0,required_grid,true,
0.002,0.80000000000000004,acceleration_limited,1000,0.40000000000000002,-1,1.0049999999999999,0.00011999999999999999,-0.00012059999999999998,true,true,,,500,500,0,0,0,1.9956586318289418,1.9932378277120946,1.9962613859676037,0,0.38870431893687707,2.519252520012204e-07,0.0020000000000000018,1,0,0,0,0,required_grid,true,
0.002,0.80000000000000004,acceleration_limited,1000,0.40000000000000002,1,1.0049999999999999,0.00011999999999999999,0.00012059999999999998,true,true,,,500,500,0,0,0,1.9956586318289418,1.9932378277120946,1.9962613859676037,0,0.38870431893687707,2.519252520012204e-07,0.0020000000000000018,1,0,0,0,0,required_grid,true,
0.002,0.80000000000000004,acceleration_limited,1000,0.40000000000000002,-1,1.01,0.00011999999999999999,-0.00012119999999999999,true,true,,,500,500,0,0,0,1.989431985913835,1.9768067459719505,1.9925453857968514,0,0.34883720930232559,2.5325593427445069e-07,0.0020000000000000018,1,0,0,0,0,required_grid,true,
0.002,0.80000000000000004,acceleration_limited,1000,0.40000000000000002,1,1.01,0.00011999999999999999,0.00012119999999999999,true,true,,,500,500,0,0,0,1.989431985913835,1.9768067459719505,1.9925453857968514,0,0.34883720930232559,2.5325593427445069e-07,0.0020000000000000018,1,0,0,0,0,required_grid,true,
0.002,0.80000000000000004,acceleration_limited,1000,0.40000000000000002,-1,1.02,0.00011999999999999999,-0.00012239999999999999,true,true,,,500,500,0,0,0,1.978916285385022,1.9531485212427298,1.9851802925735771,0,0.35880398671096347,2.5585699809942629e-07,0.0020000000000000018,1,0,0,0,0,required_grid,true,
0.002,0.80000000000000004,acceleration_limited,1000,0.40000000000000002,1,1.02,0.00011999999999999999,0.00012239999999999999,true,true,,,500,500,0,0,0,1.978916285385022,1.9531485212427298,1.9851802925735771,0,0.35880398671096347,2.5585699809942629e-07,0.0020000000000000018,1,0,0,0,0,required_grid,true,
0.002,0.80000000000000004,acceleration_limited,1000,0.40000000000000002,-1,1.05,0.00011999999999999999,-0.000126,true,true,,,500,500,0,0,0,1.9484326872074527,1.8831681219840817,1.9636040545628328,0,0.38538205980066448,2.6371350507789731e-07,0.0020000000000000018,1,0,0,0,0,required_grid,true,
0.002,0.80000000000000004,acceleration_limited,1000,0.40000000000000002,1,1.05,0.00011999999999999999,0.000126,true,true,,,500,500,0,0,0,1.9484326872074527,1.8831681219840817,1.9636040545628328,0,0.38538205980066448,2.6371350507789731e-07,0.0020000000000000018,1,0,0,0,0,required_grid,true,
0.002,0.80000000000000004,acceleration_limited,1000,0.40000000000000002,-1,1.1000000000000001,0.00011999999999999999,-0.00013200000000000001,true,true,,,500,500,0,0,0,1.9004855762951116,1.7657716618278745,1.929272807679131,0,0.38205980066445183,2.7701585322989816e-07,0.0020000000000000018,1,0,0,0,0,required_grid,true,
0.002,0.80000000000000004,acceleration_limited,1000,0.40000000000000002,1,1.1000000000000001,0.00011999999999999999,0.00013200000000000001,true,true,,,500,500,0,0,0,1.9004855762951116,1.7657716618278745,1.929272807679131,0,0.38205980066445183,2.7701585322989816e-07,0.0020000000000000018,1,0,0,0,0,required_grid,true,
0.002,0.80000000000000004,acceleration_limited,1000,0.40000000000000002,-1,1.2,0.00011999999999999999,-0.00014399999999999998,true,true,,,500,500,0,0,0,1.8174954561942247,1.5372861350624352,1.8660549686338526,0,0.34883720930232559,3.0450118249114698e-07,0.0020000000000000018,1,0,0,0,0,required_grid,true,
0.002,0.80000000000000004,acceleration_limited,1000,0.40000000000000002,1,1.2,0.00011999999999999999,0.00014399999999999998,true,true,,,500,500,0,0,0,1.8174954561942247,1.5372861350624352,1.8660549686338526,0,0.34883720930232559,3.0450118249114698e-07,0.0020000000000000018,1,0,0,0,0,required_grid,true,
0.002,0.80000000000000004,acceleration_limited,1000,0.40000000000000002,-1,2,0.00011999999999999999,-0.00023999999999999998,true,true,,,500,500,0,0,0,1.5000000000000662,1.0000000000000586,1.0000000000008915,0.49999999999905531,0,5.3266666666659227e-07,0.0020000000000000018,1,0,0,0,0,required_grid,true,
0.002,0.80000000000000004,acceleration_limited,1000,0.40000000000000002,1,2,0.00011999999999999999,0.00023999999999999998,true,true,,,500,500,0,0,0,1.5000000000000662,1.0000000000000586,1.0000000000008915,0.49999999999905531,0,5.3266666666659227e-07,0.0020000000000000018,1,0,0,0,0,required_grid,true,
0.002,0.80000000000000004,acceleration_limited,4000,1.6000000000000001,-1,0.5,0.00047999999999999996,-0.00023999999999999998,true,true,,,500,500,1,499.99999999999955,1,1.9836766478793222,1.9836766478813885,2.000000000000695,0,1,4.7857203571062237e-07,0.0020000000000000018,1,0,0,0,0,required_grid,true,
0.002,0.80000000000000004,acceleration_limited,4000,1.6000000000000001,1,0.5,0.00047999999999999996,0.00023999999999999998,true,true,,,500,500,1,499.99999999999955,1,1.9999999999996521,2.0000000000000417,2.0000000000005413,0,1,4.7971474719132363e-07,0.0020000000000000018,1,0,0,0,0,required_grid,true,
0.002,0.80000000000000004,acceleration_limited,4000,1.6000000000000001,-1,0.80000000000000004,0.00047999999999999996,-0.00038400000000000001,true,true,,,500,500,1,499.99999999999955,1,1.6666666666667609,1.6666666666676868,2.0000000000001128,0,1,7.6801231861802403e-07,0.0020000000000000018,1,0,0,0,0,required_grid,true,
0.002,0.80000000000000004,acceleration_limited,4000,1.6000000000000001,1,0.80000000000000004,0.00047999999999999996,0.00038400000000000001,true,true,,,500,500,1,499.99999999999955,1,1.6666666666667609,1.6666666666676868,2.0000000000001128,0,1,7.6801231861802403e-07,0.0020000000000000018,1,0,0,0,0,required_grid,true,
0.002,0.80000000000000004,acceleration_limited,4000,1.6000000000000001,-1,0.90000000000000002,0.00047999999999999996,-0.00043199999999999998,true,true,,,500,500,1,499.99999999999955,1,1.7917490147524506,1.7917490147524946,1.791749014754507,0,1,8.6400000000000752e-07,0.0020000000000000018,1,0,0,0,0,required_grid,true,
0.002,0.80000000000000004,acceleration_limited,4000,1.6000000000000001,1,0.90000000000000002,0.00047999999999999996,0.00043199999999999998,true,true,,,500,500,1,499.99999999999955,1,1.7917490147524506,1.7917490147524946,1.791749014754507,0,1,8.6400000000000752e-07,0.0020000000000000018,1,0,0,0,0,required_grid,true,
0.002,0.80000000000000004,acceleration_limited,4000,1.6000000000000001,-1,0.94999999999999996,0.00047999999999999996,-0.00045599999999999992,true,true,,,500,500,1,499.99999999999955,1,1.8786837505036296,1.8786837505036937,1.8786837505055123,0,1,9.12000000000007e-07,0.0020000000000000018,1,0,0,0,0,required_grid,true,
0.002,0.80000000000000004,acceleration_limited,4000,1.6000000000000001,1,0.94999999999999996,0.00047999999999999996,0.00045599999999999992,true,true,,,500,500,1,499.99999999999955,1,1.8786837505036296,1.8786837505036937,1.8786837505055123,0,1,9.12000000000007e-07,0.0020000000000000018,1,0,0,0,0.002,required_grid,true,
0.002,0.80000000000000004,acceleration_limited,4000,1.6000000000000001,-1,0.97999999999999998,0.00047999999999999996,-0.00047039999999999994,true,true,,,500,500,1,499.99999999999955,1,1.945458894490393,1.9454588944906901,1.9454588944922815,0,1,9.4080000000002494e-07,0.0020000000000000018,1,0,0,0,0,required_grid,true,
0.002,0.80000000000000004,acceleration_limited,4000,1.6000000000000001,1,0.97999999999999998,0.00047999999999999996,0.00047039999999999994,true,true,,,500,500,1,499.99999999999955,1,1.945458894490393,1.9454588944906901,1.9454588944922815,0,1,9.4080000000002494e-07,0.0020000000000000018,1,0,0,0,0,required_grid,true,
0.002,0.80000000000000004,acceleration_limited,4000,1.6000000000000001,-1,0.98999999999999999,0.00047999999999999996,-0.00047519999999999995,true,true,,,500,500,1,499.99999999999955,1,1.9714609229112703,1.971460922911356,1.9714609229131383,0,1,9.5039999999997728e-07,0.0020000000000000018,1,0,0,0,0,required_grid,true,
0.002,0.80000000000000004,acceleration_limited,4000,1.6000000000000001,1,0.98999999999999999,0.00047999999999999996,0.00047519999999999995,true,true,,,500,500,1,499.99999999999955,1,1.9714609229112703,1.971460922911356,1.9714609229131383,0,1,9.5039999999997728e-07,0.0020000000000000018,1,0,0,0,0,required_grid,true,
0.002,0.80000000000000004,acceleration_limited,4000,1.6000000000000001,-1,0.995,0.00047999999999999996,-0.00047759999999999995,true,true,,,500,500,1,499.99999999999955,1,1.985378849134793,1.985378849134793,1.9853788491367417,0,1,9.5520000000001311e-07,0.0020000000000000018,1,0,0,0,0,required_grid,true,
0.002,0.80000000000000004,acceleration_limited,4000,1.6000000000000001,1,0.995,0.00047999999999999996,0.00047759999999999995,true,true,,,500,500,1,499.99999999999955,1,1.985378849134793,1.985378849134793,1.9853788491367417,0,1,9.5520000000001311e-07,0.0020000000000000018,1,0,0,0,0,required_grid,true,
0.002,0.80000000000000004,acceleration_limited,4000,1.6000000000000001,-1,1,0.00047999999999999996,-0.00047999999999999996,true,true,,,500,500,1,499.99999999999955,1,2.0000000000000222,2.0000000000000835,2.0000000000004947,0,1,9.600000000000069e-07,0.0020000000000000018,1,0,0,0,0,required_grid,true,
0.002,0.80000000000000004,acceleration_limited,4000,1.6000000000000001,1,1,0.00047999999999999996,0.00047999999999999996,true,true,,,500,500,1,499.99999999999955,1,2.0000000000000222,2.0000000000000835,2.0000000000004947,0,1,9.600000000000069e-07,0.0020000000000000018,1,0,0,0,0,required_grid,true,
0.002,0.80000000000000004,acceleration_limited,4000,1.6000000000000001,-1,1.0049999999999999,0.00047999999999999996,-0.00048239999999999991,true,true,,,500,500,0,0,0,1.9956586318289418,1.9932378277120946,1.9962613859676037,0,0.38870431893687707,1.0077010080048816e-06,0.0020000000000000018,1,0,0,0,0,required_grid,true,
0.002,0.80000000000000004,acceleration_limited,4000,1.6000000000000001,1,1.0049999999999999,0.00047999999999999996,0.00048239999999999991,true,true,,,500,500,0,0,0,1.9956586318289418,1.9932378277120946,1.9962613859676037,0,0.38870431893687707,1.0077010080048816e-06,0.0020000000000000018,1,0,0,0,0,required_grid,true,
0.002,0.80000000000000004,acceleration_limited,4000,1.6000000000000001,-1,1.01,0.00047999999999999996,-0.00048479999999999997,true,true,,,500,500,0,0,0,1.989431985913835,1.9768067459719505,1.9925453857968514,0,0.34883720930232559,1.0130237370978028e-06,0.0020000000000000018,1,0,0,0,0,required_grid,true,
0.002,0.80000000000000004,acceleration_limited,4000,1.6000000000000001,1,1.01,0.00047999999999999996,0.00048479999999999997,true,true,,,500,500,0,0,0,1.989431985913835,1.9768067459719505,1.9925453857968514,0,0.34883720930232559,1.0130237370978028e-06,0.0020000000000000018,1,0,0,0,0,required_grid,true,
0.002,0.80000000000000004,acceleration_limited,4000,1.6000000000000001,-1,1.02,0.00047999999999999996,-0.00048959999999999997,true,true,,,500,500,0,0,0,1.978916285385022,1.9531485212427298,1.9851802925735771,0,0.35880398671096347,1.0234279923977052e-06,0.0020000000000000018,1,0,0,0,0,required_grid,true,
0.002,0.80000000000000004,acceleration_limited,4000,1.6000000000000001,1,1.02,0.00047999999999999996,0.00048959999999999997,true,true,,,500,500,0,0,0,1.978916285385022,1.9531485212427298,1.9851802925735771,0,0.35880398671096347,1.0234279923977052e-06,0.0020000000000000018,1,0,0,0,0,required_grid,true,
0.002,0.80000000000000004,acceleration_limited,4000,1.6000000000000001,-1,1.05,0.00047999999999999996,-0.000504,true,true,,,500,500,0,0,0,1.9484326872074527,1.8831681219840817,1.9636040545628328,0,0.38538205980066448,1.0548540203115892e-06,0.0020000000000000018,1,0,0,0,0,required_grid,true,
0.002,0.80000000000000004,acceleration_limited,4000,1.6000000000000001,1,1.05,0.00047999999999999996,0.000504,true,true,,,500,500,0,0,0,1.9484326872074527,1.8831681219840817,1.9636040545628328,0,0.38538205980066448,1.0548540203115892e-06,0.0020000000000000018,1,0,0,0,0,required_grid,true,
0.002,0.80000000000000004,acceleration_limited,4000,1.6000000000000001,-1,1.1000000000000001,0.00047999999999999996,-0.00052800000000000004,true,true,,,500,500,0,0,0,1.9004855762951116,1.7657716618278745,1.929272807679131,0,0.38205980066445183,1.1080634129195926e-06,0.0020000000000000018,1,0,0,0,0,required_grid,true,
0.002,0.80000000000000004,acceleration_limited,4000,1.6000000000000001,1,1.1000000000000001,0.00047999999999999996,0.00052800000000000004,true,true,,,500,500,0,0,0,1.9004855762951116,1.7657716618278745,1.929272807679131,0,0.38205980066445183,1.1080634129195926e-06,0.0020000000000000018,1,0,0,0,0,required_grid,true,
0.002,0.80000000000000004,acceleration_limited,4000,1.6000000000000001,-1,1.2,0.00047999999999999996,-0.00057599999999999991,true,true,,,500,500,0,0,0,1.8174954561942247,1.5372861350624352,1.8660549686338526,0,0.34883720930232559,1.2180047299645879e-06,0.0020000000000000018,1,0,0,0,0,required_grid,true,
0.002,0.80000000000000004,acceleration_limited,4000,1.6000000000000001,1,1.2,0.00047999999999999996,0.00057599999999999991,true,true,,,500,500,0,0,0,1.8174954561942247,1.5372861350624352,1.8660549686338526,0,0.34883720930232559,1.2180047299645879e-06,0.0020000000000000018,1,0,0,0,0,required_grid,true,
0.002,0.80000000000000004,acceleration_limited,4000,1.6000000000000001,-1,2,0.00047999999999999996,-0.00095999999999999992,true,true,,,500,500,0,0,0,1.5000000000000662,1.0000000000000586,1.0000000000008915,0.49999999999905531,0,2.1306666666663691e-06,0.0020000000000000018,1,0,0,0,0,required_grid,true,
0.002,0.80000000000000004,acceleration_limited,4000,1.6000000000000001,1,2,0.00047999999999999996,0.00095999999999999992,true,true,,,500,500,0,0,0,1.5000000000000662,1.0000000000000586,1.0000000000008915,0.49999999999905531,0,2.1306666666663691e-06,0.0020000000000000018,1,0,0,0,0,required_grid,true,
0.002,0.94999999999999996,acceleration_limited,1000,0.47500000000000003,-1,0.5,0.00012468750000000002,-6.2343750000000008e-05,true,true,,,500,500,1,499.99999999999955,1,2.0000000000000098,2.0000000000000102,2.0000000000009157,0,1,1.246874999999996e-07,0.0020000000000000018,1,0,0,0,0,required_grid,true,
0.002,0.94999999999999996,acceleration_limited,1000,0.47500000000000003,1,0.5,0.00012468750000000002,6.2343750000000008e-05,true,true,,,500,500,1,499.99999999999955,1,1.9999999999997096,2.0000000000003095,2.0000000000006364,0,1,1.2466766494627661e-07,0.0020000000000000018,1,0,0,0,0,required_grid,true,
0.002,0.94999999999999996,acceleration_limited,1000,0.47500000000000003,-1,0.80000000000000004,0.00012468750000000002,-9.9750000000000012e-05,true,true,,,500,500,1,499.99999999999955,1,1.9999999999999087,2.0000000000002154,2.0076126513410251,0,1,1.9960107833553326e-07,0.0020000000000000018,1,0,0,0,0,required_grid,true,
0.002,0.94999999999999996,acceleration_limited,1000,0.47500000000000003,1,0.80000000000000004,0.00012468750000000002,9.9750000000000012e-05,true,true,,,500,500,1,499.99999999999955,1,1.9999999999998201,2.0000000000001439,2.0000000000005533,0,1,1.9950252758252088e-07,0.0020000000000000018,1,0,0,0,0,required_grid,true,
0.002,0.94999999999999996,acceleration_limited,1000,0.47500000000000003,-1,0.90000000000000002,0.00012468750000000002,-0.00011221875000000001,true,true,,,500,500,1,499.99999999999955,1,2.0000000000000773,2.0000000000000777,2.0000000000002185,0,1,2.2452764341834747e-07,0.0020000000000000018,1,0,0,0,0,required_grid,true,
0.002,0.94999999999999996,acceleration_limited,1000,0.47500000000000003,1,0.90000000000000002,0.00012468750000000002,0.00011221875000000001,true,true,,,500,500,1,499.99999999999955,1,1.9999999999997295,2.0000000000001164,2.0000000000005991,0,1,2.2456769554509832e-07,0.0020000000000000018,1,0,0,0,0,required_grid,true,
0.002,0.94999999999999996,acceleration_limited,1000,0.47500000000000003,-1,0.94999999999999996,0.00012468750000000002,-0.00011845312500000001,true,true,,,500,500,1,499.99999999999955,1,1.9047619047619346,1.9047619047629143,2.0000000000000253,0,1,2.3737330666464591e-07,0.0020000000000000018,1,0,0,0,0,required_grid,true,
0.002,0.94999999999999996,acceleration_limited,1000,0.47500000000000003,1,0.94999999999999996,0.00012468750000000002,0.00011845312500000001,true,true,,,500,500,1,499.99999999999955,1,1.9047619047619346,1.9047619047629143,2.0000000000000253,0,1,2.3737330666464591e-07,0.0020000000000000018,1,0,0,0,0,required_grid,true,
0.002,0.94999999999999996,acceleration_limited,1000,0.47500000000000003,-1,0.97999999999999998,0.00012468750000000002,-0.00012219375000000003,true,true,,,500,500,1,499.99999999999955,1,1.9585522845738199,1.9585522845738188,1.9585522845740728,0,1,2.4438750000000012e-07,0.0020000000000000018,1,0,0,0,0,required_grid,true,
0.002,0.94999999999999996,acceleration_limited,1000,0.47500000000000003,1,0.97999999999999998,0.00012468750000000002,0.00012219375000000003,true,true,,,500,500,1,499.99999999999955,1,1.9585522845738199,1.9585522845738188,1.9585522845740728,0,1,2.4438750000000012e-07,0.0020000000000000018,1,0,0,0,0,required_grid,true,
0.002,0.94999999999999996,acceleration_limited,1000,0.47500000000000003,-1,0.98999999999999999,0.00012468750000000002,-0.00012344062500000002,true,true,,,500,500,1,499.99999999999955,1,1.9786175433702233,1.9786175433702229,1.9786175433705391,0,1,2.4688125000000464e-07,0.0020000000000000018,1,0,0,0,0,required_grid,true,
0.002,0.94999999999999996,acceleration_limited,1000,0.47500000000000003,1,0.98999999999999999,0.00012468750000000002,0.00012344062500000002,true,true,,,500,500,1,499.99999999999955,1,1.9786175433702233,1.9786175433702229,1.9786175433705391,0,1,2.4688125000000464e-07,0.0020000000000000018,1,0,0,0,0.012,required_grid,true,
0.002,0.94999999999999996,acceleration_limited,1000,0.47500000000000003,-1,0.995,0.00012468750000000002,-0.0001240640625,true,true,,,500,500,1,499.99999999999955,1,1.989132425475346,1.9891324254753469,1.9891324254755596,0,1,2.4812812499999615e-07,0.0020000000000000018,1,0,0,0,0,required_grid,true,
0.002,0.94999999999999996,acceleration_limited,1000,0.47500000000000003,1,0.995,0.00012468750000000002,0.0001240640625,true,true,,,500,500,1,499.99999999999955,1,1.989132425475346,1.9891324254753469,1.9891324254755596,0,1,2.4812812499999615e-07,0.0020000000000000018,1,0,0,0,0,required_grid,true,
0.002,0.94999999999999996,acceleration_limited,1000,0.47500000000000003,-1,1,0.00012468750000000002,-0.00012468750000000002,true,true,,,500,500,1,499.99999999999955,1,2.0000000000000049,2.0000000000001257,2.0000000000003895,0,1,2.4937499999999883e-07,0.0020000000000000018,1,0,0,0,0,required_grid,true,
0.002,0.94999999999999996,acceleration_limited,1000,0.47500000000000003,1,1,0.00012468750000000002,0.00012468750000000002,true,true,,,500,500,1,499.99999999999955,1,2.0000000000000049,2.0000000000001257,2.0000000000003895,0,1,2.4937499999999883e-07,0.0020000000000000018,1,0,0,0,0,required_grid,true,
0.002,0.94999999999999996,acceleration_limited,1000,0.47500000000000003,-1,1.0049999999999999,0.00012468750000000002,-0.0001253109375,true,true,,,500,500,0,0,0,1.9955531055584874,1.9922847657299652,1.9965671564281771,0,0.37873754152823919,2.6776159530586627e-07,0.0020000000000000018,1,0,0,0,0,required_grid,true,
0.002,0.94999999999999996,acceleration_limited,1000,0.47500000000000003,1,1.0049999999999999,0.00012468750000000002,0.0001253109375,true,true,,,500,500,0,0,0,1.9955531055584874,1.9922847657299652,1.9965671564281771,0,0.37873754152823919,2.6776159530586627e-07,0.0020000000000000018,1,0,0,0,0,required_grid,true,
0.002,0.94999999999999996,acceleration_limited,1000,0.47500000000000003,-1,1.01,0.00012468750000000002,-0.00012593437500000001,true,true,,,500,500,0,0,0,1.9899579431124004,1.9795973081147955,1.9931537435794051,0,0.30897009966777411,2.6995520165534497e-07,0.0020000000000000018,1,0,0,0,0,required_grid,true,
0.002,0.94999999999999996,acceleration_limited,1000,0.47500000000000003,1,1.01,0.00012468750000000002,0.00012593437500000001,true,true,,,500,500,0,0,0,1.9899579431124004,1.9795973081147955,1.9931537435794051,0,0.30897009966777411,2.6995520165534497e-07,0.0020000000000000018,1,0,0,0,0,required_grid,true,
0.002,0.94999999999999996,acceleration_limited,1000,0.47500000000000003,-1,1.02,0.00012468750000000002,-0.00012718125,true,true,,,500,500,0,0,0,1.9801439973943114,1.9597154594986894,1.9863844525657224,0,0.33554817275747506,2.7267802508840818e-07,0.0020000000000000018,1,0,0,0,0,required_grid,true,
0.002,0.94999999999999996,acceleration_limited,1000,0.47500000000000003,1,1.02,0.00012468750000000002,0.00012718125,true,true,,,500,500,0,0,0,1.9801439973943114,1.9597154594986894,1.9863844525657224,0,0.33554817275747506,2.7267802508840818e-07,0.0020000000000000018,1,0,0,0,0,required_grid,true,
0.002,0.94999999999999996,acceleration_limited,1000,0.47500000000000003,-1,1.05,0.00012468750000000002,-0.00013092187500000002,true,true,,,500,500,0,0,0,1.9552738326480363,1.9175993629022361,1.9665236875591403,0,0.34219269102990035,2.8091155168639072e-07,0.0020000000000000018,1,0,0,0,0,required_grid,true,
0.002,0.94999999999999996,acceleration_limited,1000,0.47500000000000003,1,1.05,0.00012468750000000002,0.00013092187500000002,true,true,,,500,500,0,0,0,1.9552738326480363,1.9175993629022361,1.9665236875591403,0,0.34219269102990035,2.8091155168639072e-07,0.0020000000000000018,1,0,0,0,0,required_grid,true,
0.002,0.94999999999999996,acceleration_limited,1000,0.47500000000000003,-1,1.1000000000000001,0.00012468750000000002,-0.00013715625000000002,true,true,,,500,500,0,0,0,1.9030362149302975,1.789185908390492,1.9348304656788018,0,0.33887043189368771,2.9481650187883009e-07,0.0020000000000000018,1,0,0,0,0,required_grid,true,
0.002,0.94999999999999996,acceleration_limited,1000,0.47500000000000003,1,1.1000000000000001,0.00012468750000000002,0.00013715625000000002,true,true,,,500,500,0,0,0,1.9030362149302975,1.789185908390492,1.9348304656788018,0,0.33887043189368771,2.9481650187883009e-07,0.0020000000000000018,1,0,0,0,0,required_grid,true,
0.002,0.94999999999999996,acceleration_limited,1000,0.47500000000000003,-1,1.2,0.00012468750000000002,-0.00014962500000000002,true,true,,,500,500,0,0,0,1.8366523562350858,1.684438866937918,1.8761789809216152,0,0.29900332225913623,3.2322962627493698e-07,0.0020000000000000018,1,0,0,0,0,required_grid,true,
0.002,0.94999999999999996,acceleration_limited,1000,0.47500000000000003,1,1.2,0.00012468750000000002,0.00014962500000000002,true,true,,,500,500,0,0,0,1.8366523562350858,1.684438866937918,1.8761789809216152,0,0.29900332225913623,3.2322962627493698e-07,0.0020000000000000018,1,0,0,0,0,required_grid,true,
0.002,0.94999999999999996,acceleration_limited,1000,0.47500000000000003,-1,2,0.00012468750000000002,-0.00024937500000000003,true,true,,,500,500,0,0,0,1.583938079842995,1.5511589987058152,1.5736446397247807,0,0.37541528239202659,5.7579837960372909e-07,0.0020000000000000018,1,0,0,0,0,required_grid,true,
0.002,0.94999999999999996,acceleration_limited,1000,0.47500000000000003,1,2,0.00012468750000000002,0.00024937500000000003,true,true,,,500,500,0,0,0,1.583938079842995,1.5511589987058152,1.5736446397247807,0,0.37541528239202659,5.7579837960372909e-07,0.0020000000000000018,1,0,0,0,0,required_grid,true,
0.002,0.94999999999999996,acceleration_limited,4000,1.9000000000000001,-1,0.5,0.00049875000000000006,-0.00024937500000000003,true,true,,,500,500,1,499.99999999999955,1,1.9839762407414299,1.9839762407417194,2.0000000000009144,0,1,4.9742601092196382e-07,0.0020000000000000018,1,0,0,0,0,required_grid,true,
0.002,0.94999999999999996,acceleration_limited,4000,1.9000000000000001,1,0.5,0.00049875000000000006,0.00024937500000000003,true,true,,,500,500,1,499.99999999999955,1,1.9999999999997453,2.0000000000000817,2.0000000000005271,0,1,4.9841933245053883e-07,0.0020000000000000018,1,0,0,0,0,required_grid,true,
0.002,0.94999999999999996,acceleration_limited,4000,1.9000000000000001,-1,0.80000000000000004,0.00049875000000000006,-0.00039900000000000005,true,true,,,500,500,1,499.99999999999955,1,1.9999999999999101,2.0000000000001594,2.0076126513415109,0,1,7.9931327061469698e-07,0.0020000000000000018,1,0,0,0,0,required_grid,true,
0.002,0.94999999999999996,acceleration_limited,4000,1.9000000000000001,1,0.80000000000000004,0.00049875000000000006,0.00039900000000000005,true,true,,,500,500,1,499.99999999999955,1,1.9999999999996676,2.0000000000002816,2.0076126513406454,0,1,7.9821229003988736e-07,0.0020000000000000018,1,0,0,0,0,required_grid,true,
0.002,0.94999999999999996,acceleration_limited,4000,1.9000000000000001,-1,0.90000000000000002,0.00049875000000000006,-0.00044887500000000006,true,true,,,500,500,1,499.99999999999955,1,2.0000000000000764,2.0000000000000777,2.0000000000002163,0,1,8.9775000000000477e-07,0.0020000000000000018,1,0,0,0,0,required_grid,true,
0.002,0.94999999999999996,acceleration_limited,4000,1.9000000000000001,1,0.90000000000000002,0.00049875000000000006,0.00044887500000000006,true,true,,,500,500,1,499.99999999999955,1,1.9999999999997102,2.0000000000000333,2.0000000000005991,0,1,8.9775000000000413e-07,0.0020000000000000018,1,0,0,0,0,required_grid,true,
0.002,0.94999999999999996,acceleration_limited,4000,1.9000000000000001,-1,0.94999999999999996,0.00049875000000000006,-0.00047381250000000006,true,true,,,500,500,1,499.99999999999955,1,1.9047619047619313,1.9047619047619317,1.9999999999999825,0,1,9.4762500000002106e-07,0.0020000000000000018,1,0,0,0,0,required_grid,true,
0.002,0.94999999999999996,acceleration_limited,4000,1.9000000000000001,1,0.94999999999999996,0.00049875000000000006,0.00047381250000000006,true,true,,,500,500,1,499.99999999999955,1,1.9047619047619313,1.9047619047619317,1.9999999999999825,0,1,9.4762500000002106e-07,0.0020000000000000018,1,0,0,0,0,required_grid,true,
0.002,0.94999999999999996,acceleration_limited,4000,1.9000000000000001,-1,0.97999999999999998,0.00049875000000000006,-0.0004887750000000001,true,true,,,500,500,1,499.99999999999955,1,1.9585522845738199,1.9585522845738188,1.9585522845740728,0,1,9.7755000000000049e-07,0.0020000000000000018,1,0,0,0,0,required_grid,true,
0.002,0.94999999999999996,acceleration_limited,4000,1.9000000000000001,1,0.97999999999999998,0.00049875000000000006,0.0004887750000000001,true,true,,,500,500,1,499.99999999999955,1,1.9585522845738199,1.9585522845738188,1.9585522845740728,0,1,9.7755000000000049e-07,0.0020000000000000018,1,0,0,0,0.02,required_grid,true,
0.002,0.94999999999999996,acceleration_limited,4000,1.9000000000000001,-1,0.98999999999999999,0.00049875000000000006,-0.00049376250000000008,true,true,,,500,500,1,499.99999999999955,1,1.9786175433702233,1.9786175433702229,1.9786175433705391,0,1,9.8752500000001855e-07,0.0020000000000000018,1,0,0,0,0,required_grid,true,
0.002,0.94999999999999996,acceleration_limited,4000,1.9000000000000001,1,0.98999999999999999,0.00049875000000000006,0.00049376250000000008,true,true,,,500,500,1,499.99999999999955,1,1.9786175433702233,1.9786175433702229,1.9786175433705391,0,1,9.8752500000001855e-07,0.0020000000000000018,1,0,0,0,0,required_grid,true,
0.002,0.94999999999999996,acceleration_limited,4000,1.9000000000000001,-1,0.995,0.00049875000000000006,-0.00049625625000000002,true,true,,,500,500,1,499.99999999999955,1,1.989132425475346,1.9891324254753469,1.9891324254755596,0,1,9.925124999999846e-07,0.0020000000000000018,1,0,0,0,0,required_grid,true,
0.002,0.94999999999999996,acceleration_limited,4000,1.9000000000000001,1,0.995,0.00049875000000000006,0.00049625625000000002,true,true,,,500,500,1,499.99999999999955,1,1.989132425475346,1.9891324254753469,1.9891324254755596,0,1,9.925124999999846e-07,0.0020000000000000018,1,0,0,0,0,required_grid,true,
0.002,0.94999999999999996,acceleration_limited,4000,1.9000000000000001,-1,1,0.00049875000000000006,-0.00049875000000000006,true,true,,,500,500,1,499.99999999999955,1,2.0000000000000049,2.0000000000001257,2.0000000000003895,0,1,9.9749999999999532e-07,0.0020000000000000018,1,0,0,0,0,required_grid,true,
0.002,0.94999999999999996,acceleration_limited,4000,1.9000000000000001,1,1,0.00049875000000000006,0.00049875000000000006,true,true,,,500,500,1,499.99999999999955,1,2.0000000000000049,2.0000000000001257,2.0000000000003895,0,1,9.9749999999999532e-07,0.0020000000000000018,1,0,0,0,0,required_grid,true,
0.002,0.94999999999999996,acceleration_limited,4000,1.9000000000000001,-1,1.0049999999999999,0.00049875000000000006,-0.00050124375,true,true,,,500,500,0,0,0,1.9955531055584874,1.9922847657299652,1.9965671564281771,0,0.37873754152823919,1.0710463812234651e-06,0.0020000000000000018,1,0,0,0,0,required_grid,true,
0.002,0.94999999999999996,acceleration_limited,4000,1.9000000000000001,1,1.0049999999999999,0.00049875000000000006,0.00050124375,true,true,,,500,500,0,0,0,1.9955531055584874,1.9922847657299652,1.9965671564281771,0,0.37873754152823919,1.0710463812234651e-06,0.0020000000000000018,1,0,0,0,0,required_grid,true,
0.002,0.94999999999999996,acceleration_limited,4000,1.9000000000000001,-1,1.01,0.00049875000000000006,-0.00050373750000000004,true,true,,,500,500,0,0,0,1.9899579431124004,1.9795973081147955,1.9931537435794051,0,0.30897009966777411,1.0798208066213799e-06,0.0020000000000000018,1,0,0,0,0,required_grid,true,
0.002,0.94999999999999996,acceleration_limited,4000,1.9000000000000001,1,1.01,0.00049875000000000006,0.00050373750000000004,true,true,,,500,500,0,0,0,1.9899579431124004,1.9795973081147955,1.9931537435794051,0,0.30897009966777411,1.0798208066213799e-06,0.0020000000000000018,1,0,0,0,0,required_grid,true,
0.002,0.94999999999999996,acceleration_limited,4000,1.9000000000000001,-1,1.02,0.00049875000000000006,-0.00050872500000000002,true,true,,,500,500,0,0,0,1.9801439973943114,1.9597154594986894,1.9863844525657224,0,0.33554817275747506,1.0907121003536327e-06,0.0020000000000000018,1,0,0,0,0,required_grid,true,
0.002,0.94999999999999996,acceleration_limited,4000,1.9000000000000001,1,1.02,0.00049875000000000006,0.00050872500000000002,true,true,,,500,500,0,0,0,1.9801439973943114,1.9597154594986894,1.9863844525657224,0,0.33554817275747506,1.0907121003536327e-06,0.0020000000000000018,1,0,0,0,0,required_grid,true,
0.002,0.94999999999999996,acceleration_limited,4000,1.9000000000000001,-1,1.05,0.00049875000000000006,-0.00052368750000000006,true,true,,,500,500,0,0,0,1.9552738326480363,1.9175993629022361,1.9665236875591403,0,0.34219269102990035,1.1236462067455629e-06,0.0020000000000000018,1,0,0,0,0.0060000000000000001,required_grid,true,
0.002,0.94999999999999996,acceleration_limited,4000,1.9000000000000001,1,1.05,0.00049875000000000006,0.00052368750000000006,true,true,,,500,500,0,0,0,1.9552738326480363,1.9175993629022361,1.9665236875591403,0,0.34219269102990035,1.1236462067455629e-06,0.0020000000000000018,1,0,0,0,0,required_grid,true,
0.002,0.94999999999999996,acceleration_limited,4000,1.9000000000000001,-1,1.1000000000000001,0.00049875000000000006,-0.00054862500000000007,true,true,,,500,500,0,0,0,1.9030362149302975,1.789185908390492,1.9348304656788018,0,0.33887043189368771,1.1792660075153204e-06,0.0020000000000000018,1,0,0,0,0,required_grid,true,
0.002,0.94999999999999996,acceleration_limited,4000,1.9000000000000001,1,1.1000000000000001,0.00049875000000000006,0.00054862500000000007,true,true,,,500,500,0,0,0,1.9030362149302975,1.789185908390492,1.9348304656788018,0,0.33887043189368771,1.1792660075153204e-06,0.0020000000000000018,1,0,0,0,0,required_grid,true,
0.002,0.94999999999999996,acceleration_limited,4000,1.9000000000000001,-1,1.2,0.00049875000000000006,-0.00059850000000000007,true,true,,,500,500,0,0,0,1.8366523562350858,1.684438866937918,1.8761789809216152,0,0.29900332225913623,1.2929185050997479e-06,0.0020000000000000018,1,0,0,0,0,required_grid,true,
0.002,0.94999999999999996,acceleration_limited,4000,1.9000000000000001,1,1.2,0.00049875000000000006,0.00059850000000000007,true,true,,,500,500,0,0,0,1.8366523562350858,1.684438866937918,1.8761789809216152,0,0.29900332225913623,1.2929185050997479e-06,0.0020000000000000018,1,0,0,0,0,required_grid,true,
0.002,0.94999999999999996,acceleration_limited,4000,1.9000000000000001,-1,2,0.00049875000000000006,-0.00099750000000000012,true,true,,,500,500,0,0,0,1.583938079842995,1.5511589987058152,1.5736446397247807,0,0.37541528239202659,2.3031935184149164e-06,0.0020000000000000018,1,0,0,0,0,required_grid,true,
0.002,0.94999999999999996,acceleration_limited,4000,1.9000000000000001,1,2,0.00049875000000000006,0.00099750000000000012,true,true,,,500,500,0,0,0,1.583938079842995,1.5511589987058152,1.5736446397247807,0,0.37541528239202659,2.3031935184149164e-06,0.0020000000000000018,1,0,0,0,0,required_grid,true,
0.002,1,jerk_limited,1000,0.5,-1,0.5,0.000125,-6.2500000000000001e-05,true,true,,,500,500,1,499.99999999999955,1,2.0000000000001403,2.0000000000001426,2.0000000000001434,0,1,1.2499999999999859e-07,0.0020000000000000018,1,0,0,0,0,required_grid,true,
0.002,1,jerk_limited,1000,0.5,1,0.5,0.000125,6.2500000000000001e-05,true,true,,,500,500,1,499.99999999999955,1,1.9999999999996443,1.9999999999998903,2.0000000000004969,0,1,1.2499338188458442e-07,0.0020000000000000018,1,0,0,0,0,required_grid,true,
0.002,1,jerk_limited,1000,0.5,-1,0.80000000000000004,0.000125,-0.0001,true,true,,,500,500,1,499.99999999999955,1,1.9999999999997411,2.0000000000002376,2.0079260706659317,0,1,2.0004748671258664e-07,0.0020000000000000018,1,0,0,0,0,required_grid,true,
0.002,1,jerk_limited,1000,0.5,1,0.80000000000000004,0.000125,0.0001,true,true,,,500,500,1,499.99999999999955,1,1.999999999999915,2.0000000000001887,2.000000000000635,0,1,2.0002902099727231e-07,0.0020000000000000018,1,0,0,0,0,required_grid,true,
0.002,1,jerk_limited,1000,0.5,-1,0.90000000000000002,0.000125,-0.00011250000000000001,true,true,,,500,500,1,499.99999999999955,1,2.0000000000000866,2.0000000000000884,2.0272111095111618,0,1,2.2516377161718601e-07,0.0020000000000000018,1,0,0,0,0,required_grid,true,
0.002,1,jerk_limited,1000,0.5,1,0.90000000000000002,0.000125,0.00011250000000000001,true,true,,,500,500,1,499.99999999999955,1,1.9999999999998854,2.0000000000001146,2.0000000000006168,0,1,2.2513307351366789e-07,0.0020000000000000018,1,0,0,0,0,required_grid,true,
0.002,1,jerk_limited,1000,0.5,-1,0.94999999999999996,0.000125,-0.00011875,true,true,,,500,500,1,499.99999999999955,1,2.0000000000001359,2.0000000000001363,2.00000000000025,0,1,2.3747152125260538e-07,0.0020000000000000018,1,0,0,0,0.002,required_grid,true,
0.002,1,jerk_limited,1000,0.5,1,0.94999999999999996,0.000125,0.00011875,true,true,,,500,500,1,499.99999999999955,1,1.9999999999997287,2.0000000000002101,2.0000000000006675,0,1,2.3747152125259529e-07,0.0020000000000000018,1,0,0,0,0,required_grid,true,
0.002,1,jerk_limited,1000,0.5,-1,0.97999999999999998,0.000125,-0.0001225,true,true,,,500,500,0,0,0,2.0468836385498528,2.0468836385498528,2.0468836385500802,0,1,2.4806667828470105e-07,0.0020000000000000018,1,0,0,0,0,required_grid,true,
0.002,1,jerk_limited,1000,0.5,1,0.97999999999999998,0.000125,0.0001225,true,true,,,500,500,0,0,0,2.0468836385498528,2.0468836385498528,2.0468836385500802,0,1,2.4806667828470105e-07,0.0020000000000000018,1,0,0,0,0,required_grid,true,
0.002,1,jerk_limited,1000,0.5,-1,0.98999999999999999,0.000125,-0.00012375,true,true,,,500,500,0.083056478405315617,41.528239202657772,0.083056478405315617,2.0067114596958913,2.0067114596958913,2.0424834049377085,0,1,2.4927978954223449e-07,0.0020000000000000018,1,0,0,0,0,required_grid,true,
0.002,1,jerk_limited,1000,0.5,1,0.98999999999999999,0.000125,0.00012375,true,true,,,500,500,0.05647840531561462,28.239202657807283,0.05647840531561462,2.0067114596958913,2.0067114596958913,2.0424834049377085,0,1,2.4961740132580575e-07,0.0020000000000000018,1,0,0,0,0,required_grid,true,
0.002,1,jerk_limited,1000,0.5,-1,0.995,0.000125,-0.000124375,true,true,,,500,500,0,0,0,2.00334448783522,2.00334448783522,2.0390728738111972,0,1,2.498739383031867e-07,0.0020000000000000018,1,0,0,0,0,required_grid,true,
0.002,1,jerk_limited,1000,0.5,1,0.995,0.000125,0.000124375,true,true,,,500,500,0.28239202657807311,141.19601328903642,0.28239202657807311,2.0033444878351618,2.0033444878351618,2.0390728738109707,0,1,2.4898897316864202e-07,0.0020000000000000018,1,0,0,0,0,required_grid,true,
0.002,1,jerk_limited,1000,0.5,-1,1,0.000125,-0.000125,true,false,follower,InvariantViolationError: ordinary Ruckig unshielded method failure: ruckig_exception (not_run),5,500,,,,,,,,,,,,,,,,exact_boundary_seam_diagnostic,false,ValueError: evaluation window 'main_evaluation' has no samples
0.002,1,jerk_limited,1000,0.5,1,1,0.000125,0.000125,true,false,follower,InvariantViolationError: ordinary Ruckig unshielded method failure: ruckig_exception (not_run),5,500,,,,,,,,,,,,,,,,exact_boundary_seam_diagnostic,false,ValueError: evaluation window 'main_evaluation' has no samples
0.002,1,jerk_limited,1000,0.5,-1,1.0049999999999999,0.000125,-0.00012562499999999998,true,true,,,500,500,0,0,0,1.9966758961933988,1.9966758961933984,1.9966758961937676,0,0.53156146179401997,2.7063751355498554e-07,0.0020000000000000018,1,0,0,0,0,required_grid,true,
0.002,1,jerk_limited,1000,0.5,1,1.0049999999999999,0.000125,0.00012562499999999998,true,true,,,500,500,0,0,0,1.9966758961933988,1.9966758961933984,1.9966758961937676,0,0.53156146179401997,2.7063751355498554e-07,0.0020000000000000018,1,0,0,0,0,required_grid,true,
0.002,1,jerk_limited,1000,0.5,-1,1.01,0.000125,-0.00012625000000000001,true,true,,,500,500,0,0,0,1.9929542139879217,1.9917002158794306,1.9933701333307492,0,0.46843853820598008,2.7325560261524014e-07,0.0020000000000000018,1,0,0,0,0,required_grid,true,
0.002,1,jerk_limited,1000,0.5,1,1.01,0.000125,0.00012625000000000001,true,true,,,500,500,0,0,0,1.9929542139879217,1.9917002158794306,1.9933701333307492,0,0.46843853820598008,2.7325560261524014e-07,0.0020000000000000018,1,0,0,0,0,required_grid,true,
0.002,1,jerk_limited,1000,0.5,-1,1.02,0.000125,-0.00012750000000000001,true,true,,,500,500,0,0,0,1.9836318143966041,1.9739614752026122,1.9868129314553351,0,0.41196013289036543,2.758256673501773e-07,0.0020000000000000018,1,0,0,0,0,required_grid,true,
0.002,1,jerk_limited,1000,0.5,1,1.02,0.000125,0.00012750000000000001,true,true,,,500,500,0,0,0,1.9836318143966041,1.9739614752026122,1.9868129314553351,0,0.41196013289036543,2.758256673501773e-07,0.0020000000000000018,1,0,0,0,0,required_grid,true,
0.002,1,jerk_limited,1000,0.5,-1,1.05,0.000125,-0.00013125000000000002,true,true,,,500,500,0,0,0,1.9583709992017979,1.9298024220332533,1.9675637555727596,0,0.40863787375415284,2.8345911393871408e-07,0.0020000000000000018,1,0,0,0,0,required_grid,true,
0.002,1,jerk_limited,1000,0.5,1,1.05,0.000125,0.00013125000000000002,true,true,,,500,500,0,0,0,1.9583709992017979,1.9298024220332533,1.9675637555727596,0,0.40863787375415284,2.8345911393871408e-07,0.0020000000000000018,1,0,0,0,0,required_grid,true,
0.002,1,jerk_limited,1000,0.5,-1,1.1000000000000001,0.000125,-0.00013750000000000001,true,true,,,500,500,0,0,0,1.9210217345395686,1.8703073762173905,1.9368137895453461,0,0.40531561461794019,2.9653303636848953e-07,0.0020000000000000018,1,0,0,0,0,required_grid,true,
0.002,1,jerk_limited,1000,0.5,1,1.1000000000000001,0.000125,0.00013750000000000001,true,true,,,500,500,0,0,0,1.9210217345395686,1.8703073762173905,1.9368137895453461,0,0.40531561461794019,2.9653303636848953e-07,0.0020000000000000018,1,0,0,0,0,required_grid,true,
0.002,1,jerk_limited,1000,0.5,-1,1.2,0.000125,-0.00014999999999999999,true,true,,,500,500,0,0,0,1.8593410093716245,1.7900943525318433,1.8798034326833979,0,0.43189368770764119,3.234872512406955e-07,0.0020000000000000018,1,0,0,0,0,required_grid,true,
0.002,1,jerk_limited,1000,0.5,1,1.2,0.000125,0.00014999999999999999,true,true,,,500,500,0,0,0,1.8593410093716245,1.7900943525318433,1.8798034326833979,0,0.43189368770764119,3.234872512406955e-07,0.0020000000000000018,1,0,0,0,0,required_grid,true,
0.002,1,jerk_limited,1000,0.5,-1,2,0.000125,-0.00025000000000000001,true,true,,,500,500,0,0,0,1.5615528128088141,1.5615528128087832,1.6361674139523139,0,0.34551495016611294,5.7549903672416662e-07,0.0020000000000000018,1,0,0,0,0,required_grid,true,
0.002,1,jerk_limited,1000,0.5,1,2,0.000125,0.00025000000000000001,true,true,,,500,500,0,0,0,1.5615528128088141,1.5615528128087832,1.6361674139523139,0,0.34551495016611294,5.7549903672416662e-07,0.0020000000000000018,1,0,0,0,0,required_grid,true,
0.002,1,jerk_limited,4000,2,-1,0.5,0.00050000000000000001,-0.00025000000000000001,true,true,,,500,500,1,499.99999999999955,1,1.9840000000000964,1.984000000000419,2.0000000000001434,0,1,4.9890021239412838e-07,0.0020000000000000018,1,0,0,0,0,required_grid,true,
0.002,1,jerk_limited,4000,2,1,0.5,0.00050000000000000001,0.00025000000000000001,true,true,,,500,500,1,499.99999999999955,1,1.9999999999996174,2.0000000000001066,2.000000000000496,0,1,4.9981466332473814e-07,0.0020000000000000018,1,0,0,0,0,required_grid,true,
0.002,1,jerk_limited,4000,2,-1,0.80000000000000004,0.00050000000000000001,-0.00040000000000000002,true,true,,,500,500,1,499.99999999999955,1,1.9999999999997407,2.0000000000002376,2.0079260706664295,0,1,8.0127599891546413e-07,0.0020000000000000018,1,0,0,0,0,required_grid,true,
0.002,1,jerk_limited,4000,2,1,0.80000000000000004,0.00050000000000000001,0.00040000000000000002,true,true,,,500,500,1,499.99999999999955,1,1.9999999999999181,2.0000000000000524,2.0079260706665889,0,1,8.0059079776056727e-07,0.0020000000000000018,1,0,0,0,0,required_grid,true,
0.002,1,jerk_limited,4000,2,-1,0.90000000000000002,0.00050000000000000001,-0.00045000000000000004,true,true,,,500,500,1,499.99999999999955,1,2.0000000000000866,2.0000000000000866,2.000000000000318,0,1,9.0000000000001298e-07,0.0020000000000000018,1,0,0,0,0,required_grid,true,
0.002,1,jerk_limited,4000,2,1,0.90000000000000002,0.00050000000000000001,0.00045000000000000004,true,true,,,500,500,1,499.99999999999955,1,1.9999999999997271,2.0000000000000528,2.0000000000006164,0,1,9.0000000000002082e-07,0.0020000000000000018,1,0,0,0,0,required_grid,true,
0.002,1,jerk_limited,4000,2,-1,0.94999999999999996,0.00050000000000000001,-0.000475,true,true,,,500,500,1,499.99999999999955,1,2.0000000000001354,2.0000000000001359,2.0000000000001363,0,1,9.5000000000000107e-07,0.0020000000000000018,1,0,0,0,0,required_grid,true,
0.002,1,jerk_limited,4000,2,1,0.94999999999999996,0.00050000000000000001,0.000475,true,true,,,500,500,1,499.99999999999955,1,1.9999999999994564,2.0000000000001097,2.0000000000004392,0,1,9.499999999999764e-07,0.0020000000000000018,1,0,0,0,0,required_grid,true,
0.002,1,jerk_limited,4000,2,-1,0.97999999999999998,0.00050000000000000001,-0.00048999999999999998,true,true,,,500,500,1,499.99999999999955,1,1.9999999999999625,1.9999999999999634,2.0000000000008664,0,1,9.8000000000000862e-07,0.0020000000000000018,1,0,0,0,0,required_grid,true,
0.002,1,jerk_limited,4000,2,1,0.97999999999999998,0.00050000000000000001,0.00048999999999999998,true,true,,,500,500,1,499.99999999999955,1,1.9999999999997411,2.0000000000000195,2.0000000000006284,0,1,9.8000000000000269e-07,0.0020000000000000018,1,0,0,0,0,required_grid,true,
0.002,1,jerk_limited,4000,2,-1,0.98999999999999999,0.00050000000000000001,-0.000495,true,true,,,500,500,1,499.99999999999955,1,1.9803884044370115,1.9803884044383555,2.0202020202024724,0,1,9.8728578567271108e-07,0.0020000000000000018,1,0,0,0,0,required_grid,true,
0.002,1,jerk_limited,4000,2,1,0.98999999999999999,0.00050000000000000001,0.000495,true,true,,,500,500,1,499.99999999999955,1,2.000000000000008,2.0000000000000084,2.0202020202024724,0,1,9.855274992750128e-07,0.0020000000000000018,1,0,0,0,0,required_grid,true,
0.002,1,jerk_limited,4000,2,-1,0.995,0.00050000000000000001,-0.0004975,true,true,,,500,500,1,499.99999999999955,1,2.010050251255838,2.0100502512562848,2.0100502512567315,0,1,9.9075598673397619e-07,0.0020000000000000018,1,0,0,0,0,required_grid,true,
0.002,1,jerk_limited,4000,2,1,0.995,0.00050000000000000001,0.0004975,true,true,,,500,500,1,499.99999999999955,1,2.0100502512558394,2.0100502512562848,2.0100502512567315,0,1,9.9092187522060863e-07,0.0020000000000000018,1,0,0,0,0,required_grid,true,
0.002,1,jerk_limited,4000,2,-1,1,0.00050000000000000001,-0.00050000000000000001,true,false,follower,InvariantViolationError: ordinary Ruckig unshielded method failure: ruckig_exception (not_run),5,500,,,,,,,,,,,,,,,,exact_boundary_seam_diagnostic,false,ValueError: evaluation window 'main_evaluation' has no samples
0.002,1,jerk_limited,4000,2,1,1,0.00050000000000000001,0.00050000000000000001,true,false,follower,InvariantViolationError: ordinary Ruckig unshielded method failure: ruckig_exception (not_run),5,500,,,,,,,,,,,,,,,,exact_boundary_seam_diagnostic,false,ValueError: evaluation window 'main_evaluation' has no samples
0.002,1,jerk_limited,4000,2,-1,1.0049999999999999,0.00050000000000000001,-0.00050249999999999991,true,true,,,500,500,0,0,0,1.9966758961933988,1.9966758961933984,1.9966758961937676,0,0.53156146179401997,1.0825500542199422e-06,0.0020000000000000018,1,0,0,0,0,required_grid,true,
0.002,1,jerk_limited,4000,2,1,1.0049999999999999,0.00050000000000000001,0.00050249999999999991,true,true,,,500,500,0,0,0,1.9966758961933988,1.9966758961933984,1.9966758961937676,0,0.53156146179401997,1.0825500542199422e-06,0.0020000000000000018,1,0,0,0,0,required_grid,true,
0.002,1,jerk_limited,4000,2,-1,1.01,0.00050000000000000001,-0.00050500000000000002,true,true,,,500,500,0,0,0,1.9929542139879217,1.9917002158794306,1.9933701333307492,0,0.46843853820598008,1.0930224104609606e-06,0.0020000000000000018,1,0,0,0,0,required_grid,true,
0.002,1,jerk_limited,4000,2,1,1.01,0.00050000000000000001,0.00050500000000000002,true,true,,,500,500,0,0,0,1.9929542139879217,1.9917002158794306,1.9933701333307492,0,0.46843853820598008,1.0930224104609606e-06,0.0020000000000000018,1,0,0,0,0,required_grid,true,
0.002,1,jerk_limited,4000,2,-1,1.02,0.00050000000000000001,-0.00051000000000000004,true,true,,,500,500,0,0,0,1.9836318143966041,1.9739614752026122,1.9868129314553351,0,0.41196013289036543,1.1033026694007092e-06,0.0020000000000000018,1,0,0,0,0,required_grid,true,
0.002,1,jerk_limited,4000,2,1,1.02,0.00050000000000000001,0.00051000000000000004,true,true,,,500,500,0,0,0,1.9836318143966041,1.9739614752026122,1.9868129314553351,0,0.41196013289036543,1.1033026694007092e-06,0.0020000000000000018,1,0,0,0,0,required_grid,true,
0.002,1,jerk_limited,4000,2,-1,1.05,0.00050000000000000001,-0.00052500000000000008,true,true,,,500,500,0,0,0,1.9583709992017979,1.9298024220332533,1.9675637555727596,0,0.40863787375415284,1.1338364557548563e-06,0.0020000000000000018,1,0,0,0,0,required_grid,true,
0.002,1,jerk_limited,4000,2,1,1.05,0.00050000000000000001,0.00052500000000000008,true,true,,,500,500,0,0,0,1.9583709992017979,1.9298024220332533,1.9675637555727596,0,0.40863787375415284,1.1338364557548563e-06,0.0020000000000000018,1,0,0,0,0,required_grid,true,
0.002,1,jerk_limited,4000,2,-1,1.1000000000000001,0.00050000000000000001,-0.00055000000000000003,true,true,,,500,500,0,0,0,1.9210217345395686,1.8703073762173905,1.9368137895453461,0,0.40531561461794019,1.1861321454739581e-06,0.0020000000000000018,1,0,0,0,0,required_grid,true,
0.002,1,jerk_limited,4000,2,1,1.1000000000000001,0.00050000000000000001,0.00055000000000000003,true,true,,,500,500,0,0,0,1.9210217345395686,1.8703073762173905,1.9368137895453461,0,0.40531561461794019,1.1861321454739581e-06,0.0020000000000000018,1,0,0,0,0,required_grid,true,
0.002,1,jerk_limited,4000,2,-1,1.2,0.00050000000000000001,-0.00059999999999999995,true,true,,,500,500,0,0,0,1.8593410093716245,1.7900943525318433,1.8798034326833979,0,0.43189368770764119,1.293949004962782e-06,0.0020000000000000018,1,0,0,0,0,required_grid,true,
0.002,1,jerk_limited,4000,2,1,1.2,0.00050000000000000001,0.00059999999999999995,true,true,,,500,500,0,0,0,1.8593410093716245,1.7900943525318433,1.8798034326833979,0,0.43189368770764119,1.293949004962782e-06,0.0020000000000000018,1,0,0,0,0,required_grid,true,
0.002,1,jerk_limited,4000,2,-1,2,0.00050000000000000001,-0.001,true,true,,,500,500,0,0,0,1.5615528128088141,1.5615528128087832,1.6361674139523139,0,0.34551495016611294,2.3019961468966665e-06,0.0020000000000000018,1,0,0,0,0,required_grid,true,
0.002,1,jerk_limited,4000,2,1,2,0.00050000000000000001,0.001,true,true,,,500,500,0,0,0,1.5615528128088141,1.5615528128087832,1.6361674139523139,0,0.34551495016611294,2.3019961468966665e-06,0.0020000000000000018,1,0,0,0,0,required_grid,true,
0.002,1.05,jerk_limited,1000,0.52500000000000002,-1,0.5,0.000125,-6.2500000000000001e-05,true,true,,,500,500,1,499.99999999999955,1,2.0000000000001403,2.0000000000001426,2.0000000000001434,0,1,1.2499999999999859e-07,0.0020000000000000018,1,0,0,0,0,required_grid,true,
0.002,1.05,jerk_limited,1000,0.52500000000000002,1,0.5,0.000125,6.2500000000000001e-05,true,true,,,500,500,1,499.99999999999955,1,1.9999999999996443,1.9999999999998903,2.0000000000004969,0,1,1.2499338188458442e-07,0.0020000000000000018,1,0,0,0,0,required_grid,true,
0.002,1.05,jerk_limited,1000,0.52500000000000002,-1,0.80000000000000004,0.000125,-0.0001,true,true,,,500,500,1,499.99999999999955,1,1.9999999999997411,2.0000000000002376,2.0079260706659317,0,1,2.0004748671258664e-07,0.0020000000000000018,1,0,0,0,0,required_grid,true,
0.002,1.05,jerk_limited,1000,0.52500000000000002,1,0.80000000000000004,0.000125,0.0001,true,true,,,500,500,1,499.99999999999955,1,1.999999999999915,2.0000000000001887,2.000000000000635,0,1,2.0002902099727231e-07,0.0020000000000000018,1,0,0,0,0,required_grid,true,
0.002,1.05,jerk_limited,1000,0.52500000000000002,-1,0.90000000000000002,0.000125,-0.00011250000000000001,true,true,,,500,500,1,499.99999999999955,1,2.0000000000000866,2.0000000000000884,2.0272111095111618,0,1,2.2516377161718601e-07,0.0020000000000000018,1,0,0,0,0,required_grid,true,
0.002,1.05,jerk_limited,1000,0.52500000000000002,1,0.90000000000000002,0.000125,0.00011250000000000001,true,true,,,500,500,1,499.99999999999955,1,1.9999999999998854,2.0000000000001146,2.0000000000006168,0,1,2.2513307351366789e-07,0.0020000000000000018,1,0,0,0,0,required_grid,true,
0.002,1.05,jerk_limited,1000,0.52500000000000002,-1,0.94999999999999996,0.000125,-0.00011875,true,true,,,500,500,1,499.99999999999955,1,2.0000000000001359,2.0000000000001363,2.0000000000001372,0,1,2.3754765152271693e-07,0.0020000000000000018,1,0,0,0,0,required_grid,true,
0.002,1.05,jerk_limited,1000,0.52500000000000002,1,0.94999999999999996,0.000125,0.00011875,true,true,,,500,500,1,499.99999999999955,1,1.9999999999997584,2.0000000000002092,2.0000000000004401,0,1,2.3751588490312114e-07,0.0020000000000000018,1,0,0,0,0,required_grid,true,
0.002,1.05,jerk_limited,1000,0.52500000000000002,-1,0.97999999999999998,0.000125,-0.0001225,true,true,,,500,500,0,0,0,2.0468846146086741,2.0468846146086741,2.0468846146095818,0,1,2.4806662934789747e-07,0.0020000000000000018,1,0,0,0,0,required_grid,true,
0.002,1.05,jerk_limited,1000,0.52500000000000002,1,0.97999999999999998,0.000125,0.0001225,true,true,,,500,500,0,0,0,2.0468846146086741,2.0468846146086741,2.0468846146095818,0,1,2.4806662934789747e-07,0.0020000000000000018,1,0,0,0,0,required_grid,true,
0.002,1.05,jerk_limited,1000,0.52500000000000002,-1,0.98999999999999999,0.000125,-0.00012375,true,true,,,500,500,0,0,0,2.0067114596961075,2.006711459696108,2.0424962211165245,0,1,2.4975112983150095e-07,0.0020000000000000018,1,0,0,0,0,required_grid,true,
0.002,1.05,jerk_limited,1000,0.52500000000000002,1,0.98999999999999999,0.000125,0.00012375,true,true,,,500,500,0.12624584717607973,63.122923588039811,0.12624584717607973,2.0067114596959454,2.0067114596959459,2.0424962211165245,0,1,2.4946149995915994e-07,0.0020000000000000018,1,0,0,0,0,required_grid,true,
0.002,1.05,jerk_limited,1000,0.52500000000000002,-1,0.995,0.000125,-0.000124375,true,true,,,500,500,0,0,0,2.0033444878351285,2.003344487835129,2.0390947185138488,0,1,2.4989593560078147e-07,0.0020000000000000018,1,0,0,0,0,required_grid,true,
0.002,1.05,jerk_limited,1000,0.52500000000000002,1,0.995,0.000125,0.000124375,true,true,,,500,500,0.39867109634551495,199.33554817275729,0.39867109634551495,2.0033444878347213,2.0033444878347231,2.0390947185138484,0,1,2.4944692545748532e-07,0.0020000000000000018,1,0,0,0,0.002,required_grid,true,
0.002,1.05,jerk_limited,1000,0.52500000000000002,-1,1,0.000125,-0.000125,true,true,,,500,500,1,499.99999999999955,1,1.9999999999999913,2.0000000000002416,2.0000000000012528,0,1,2.5000000000000248e-07,0.0020000000000000018,1,0,0,0,0,required_grid,true,
0.002,1.05,jerk_limited,1000,0.52500000000000002,1,1,0.000125,0.000125,true,true,,,500,500,1,499.99999999999955,1,1.9999999999999913,2.0000000000002416,2.0000000000012528,0,1,2.5000000000000248e-07,0.0020000000000000018,1,0,0,0,0,required_grid,true,
0.002,1.05,jerk_limited,1000,0.52500000000000002,-1,1.0049999999999999,0.000125,-0.00012562499999999998,true,true,,,500,500,0,0,0,1.9966777347470404,1.9966777347470426,1.9966777347474347,0,0.70099667774086383,2.7053194056725555e-07,0.0020000000000000018,1,0,0,0,0,required_grid,true,
0.002,1.05,jerk_limited,1000,0.52500000000000002,1,1.0049999999999999,0.000125,0.00012562499999999998,true,true,,,500,500,0,0,0,1.9966777347470404,1.9966777347470426,1.9966777347474347,0,0.70099667774086383,2.7053194056725555e-07,0.0020000000000000018,1,0,0,0,0,required_grid,true,
0.002,1.05,jerk_limited,1000,0.52500000000000002,-1,1.01,0.000125,-0.00012625000000000001,true,true,,,500,500,0,0,0,1.993377434954523,1.9933774349545239,1.9933774349550211,0,0.62790697674418605,2.7302277924488057e-07,0.0020000000000000018,1,0,0,0,0,required_grid,true,
0.002,1.05,jerk_limited,1000,0.52500000000000002,1,1.01,0.000125,0.00012625000000000001,true,true,,,500,500,0,0,0,1.993377434954523,1.9933774349545239,1.9933774349550211,0,0.62790697674418605,2.7302277924488057e-07,0.0020000000000000018,1,0,0,0,0,required_grid,true,
0.002,1.05,jerk_limited,1000,0.52500000000000002,-1,1.02,0.000125,-0.00012750000000000001,true,true,,,500,500,0,0,0,1.9868417243177097,1.9868417243177097,1.9868417243182079,0,0.60465116279069764,2.7542789154970458e-07,0.0020000000000000018,1,0,0,0,0,required_grid,true,
0.002,1.05,jerk_limited,1000,0.52500000000000002,1,1.02,0.000125,0.00012750000000000001,true,true,,,500,500,0,0,0,1.9868417243177097,1.9868417243177097,1.9868417243182079,0,0.60465116279069764,2.7542789154970458e-07,0.0020000000000000018,1,0,0,0,0.002,required_grid,true,
0.002,1.05,jerk_limited,1000,0.52500000000000002,-1,1.05,0.000125,-0.00013125000000000002,true,true,,,500,500,0,0,0,1.9677362936122036,1.9677362936122038,1.967736293612635,0,0.61794019933554822,2.8254076170066327e-07,0.0020000000000000018,1,0,0,0,0,required_grid,true,
0.002,1.05,jerk_limited,1000,0.52500000000000002,1,1.05,0.000125,0.00013125000000000002,true,true,,,500,500,0,0,0,1.9677362936122036,1.9677362936122038,1.967736293612635,0,0.61794019933554822,2.8254076170066327e-07,0.0020000000000000018,1,0,0,0,0,required_grid,true,
0.002,1.05,jerk_limited,1000,0.52500000000000002,-1,1.1000000000000001,0.000125,-0.00013750000000000001,true,true,,,500,500,0,0,0,1.9374586123027546,1.9374586123027546,1.9374586123032527,0,0.59800664451827246,2.9502466593280958e-07,0.0020000000000000018,1,0,0,0,0,required_grid,true,
0.002,1.05,jerk_limited,1000,0.52500000000000002,1,1.1000000000000001,0.000125,0.00013750000000000001,true,true,,,500,500,0,0,0,1.9374586123027546,1.9374586123027546,1.9374586123032527,0,0.59800664451827246,2.9502466593280958e-07,0.0020000000000000018,1,0,0,0,0,required_grid,true,
0.002,1.05,jerk_limited,1000,0.52500000000000002,-1,1.2,0.000125,-0.00014999999999999999,true,true,,,500,500,0,0,0,1.8819823261067758,1.8819823261067758,1.8819823261070241,0,0.5714285714285714,3.2210467758913606e-07,0.0020000000000000018,1,0,0,0,0,required_grid,true,
0.002,1.05,jerk_limited,1000,0.52500000000000002,1,1.2,0.000125,0.00014999999999999999,true,true,,,500,500,0,0,0,1.8819823261067758,1.8819823261067758,1.8819823261070241,0,0.5714285714285714,3.2210467758913606e-07,0.0020000000000000018,1,0,0,0,0,required_grid,true,
0.002,1.05,jerk_limited,1000,0.52500000000000002,-1,2,0.000125,-0.00025000000000000001,true,true,,,500,500,0,0,0,1.5709838614064098,1.5709838614064096,1.6848977147168287,0,0.35215946843853818,5.7416756664562929e-07,0.0020000000000000018,1,0,0,0,0,required_grid,true,
0.002,1.05,jerk_limited,1000,0.52500000000000002,1,2,0.000125,0.00025000000000000001,true,true,,,500,500,0,0,0,1.5709838614064098,1.5709838614064096,1.6848977147168287,0,0.35215946843853818,5.7416756664562929e-07,0.0020000000000000018,1,0,0,0,0,required_grid,true,
0.002,1.05,jerk_limited,4000,2.1000000000000001,-1,0.5,0.00050000000000000001,-0.00025000000000000001,true,true,,,500,500,1,499.99999999999955,1,1.9840000000000964,1.984000000000419,2.0000000000001434,0,1,4.9890021239412838e-07,0.0020000000000000018,1,0,0,0,0,required_grid,true,
0.002,1.05,jerk_limited,4000,2.1000000000000001,1,0.5,0.00050000000000000001,0.00025000000000000001,true,true,,,500,500,1,499.99999999999955,1,1.9999999999996174,2.0000000000001066,2.000000000000496,0,1,4.9981466332473814e-07,0.0020000000000000018,1,0,0,0,0,required_grid,true,
0.002,1.05,jerk_limited,4000,2.1000000000000001,-1,0.80000000000000004,0.00050000000000000001,-0.00040000000000000002,true,true,,,500,500,1,499.99999999999955,1,1.9999999999997407,2.0000000000002376,2.0079260706664295,0,1,8.0127599891546413e-07,0.0020000000000000018,1,0,0,0,0,required_grid,true,
0.002,1.05,jerk_limited,4000,2.1000000000000001,1,0.80000000000000004,0.00050000000000000001,0.00040000000000000002,true,true,,,500,500,1,499.99999999999955,1,1.9999999999999181,2.0000000000000524,2.0079260706665889,0,1,8.0059079776056727e-07,0.0020000000000000018,1,0,0,0,0,required_grid,true,
0.002,1.05,jerk_limited,4000,2.1000000000000001,-1,0.90000000000000002,0.00050000000000000001,-0.00045000000000000004,true,true,,,500,500,1,499.99999999999955,1,2.0000000000000862,2.0000000000000866,2.000000000000318,0,1,9.0000000000001383e-07,0.0020000000000000018,1,0,0,0,0,required_grid,true,
0.002,1.05,jerk_limited,4000,2.1000000000000001,1,0.90000000000000002,0.00050000000000000001,0.00045000000000000004,true,true,,,500,500,1,499.99999999999955,1,1.9999999999997276,2.0000000000000528,2.0000000000006164,0,1,9.0000000000002114e-07,0.0020000000000000018,1,0,0,0,0,required_grid,true,
0.002,1.05,jerk_limited,4000,2.1000000000000001,-1,0.94999999999999996,0.00050000000000000001,-0.000475,true,true,,,500,500,1,499.99999999999955,1,2.0000000000001354,2.0000000000001359,2.0000000000001363,0,1,9.5000000000000086e-07,0.0020000000000000018,1,0,0,0,0,required_grid,true,
0.002,1.05,jerk_limited,4000,2.1000000000000001,1,0.94999999999999996,0.00050000000000000001,0.000475,true,true,,,500,500,1,499.99999999999955,1,1.9999999999995459,2.0000000000001097,2.0000000000004396,0,1,9.4999999999997767e-07,0.0020000000000000018,1,0,0,0,0,required_grid,true,
0.002,1.05,jerk_limited,4000,2.1000000000000001,-1,0.97999999999999998,0.00050000000000000001,-0.00048999999999999998,true,true,,,500,500,1,499.99999999999955,1,1.9999999999999625,1.9999999999999634,2.0000000000008664,0,1,9.8000000000000671e-07,0.0020000000000000018,1,0,0,0,0,required_grid,true,
0.002,1.05,jerk_limited,4000,2.1000000000000001,1,0.97999999999999998,0.00050000000000000001,0.00048999999999999998,true,true,,,500,500,1,499.99999999999955,1,1.9999999999997411,2.0000000000000195,2.0000000000006284,0,1,9.8000000000000269e-07,0.0020000000000000018,1,0,0,0,0,required_grid,true,
0.002,1.05,jerk_limited,4000,2.1000000000000001,-1,0.98999999999999999,0.00050000000000000001,-0.000495,true,true,,,500,500,1,499.99999999999955,1,1.999999999999823,2.0000000000002691,2.0000000000003224,0,1,9.9000000000000259e-07,0.0020000000000000018,1,0,0,0,0,required_grid,true,
0.002,1.05,jerk_limited,4000,2.1000000000000001,1,0.98999999999999999,0.00050000000000000001,0.000495,true,true,,,500,500,1,499.99999999999955,1,1.999999999999619,2.0000000000000089,2.0000000000005076,0,1,9.9000000000000513e-07,0.0020000000000000018,1,0,0,0,0,required_grid,true,
0.002,1.05,jerk_limited,4000,2.1000000000000001,-1,0.995,0.00050000000000000001,-0.0004975,true,true,,,500,500,1,499.99999999999955,1,1.9999999999999778,2.0000000000000409,2.0000000000004232,0,1,9.9500000000001588e-07,0.0020000000000000018,1,0,0,0,0,required_grid,true,
0.002,1.05,jerk_limited,4000,2.1000000000000001,1,0.995,0.00050000000000000001,0.0004975,true,true,,,500,500,1,499.99999999999955,1,1.9999999999997764,2.0000000000000573,2.000000000000556,0,1,9.9500000000001101e-07,0.0020000000000000018,1,0,0,0,0,required_grid,true,
0.002,1.05,jerk_limited,4000,2.1000000000000001,-1,1,0.00050000000000000001,-0.00050000000000000001,true,true,,,500,500,1,499.99999999999955,1,1.9999999999999913,2.0000000000002416,2.0000000000012528,0,1,1.0000000000000099e-06,0.0020000000000000018,1,0,0,0,0,required_grid,true,
0.002,1.05,jerk_limited,4000,2.1000000000000001,1,1,0.00050000000000000001,0.00050000000000000001,true,true,,,500,500,1,499.99999999999955,1,1.9999999999999913,2.0000000000002416,2.0000000000012528,0,1,1.0000000000000099e-06,0.0020000000000000018,1,0,0,0,0,required_grid,true,
0.002,1.05,jerk_limited,4000,2.1000000000000001,-1,1.0049999999999999,0.00050000000000000001,-0.00050249999999999991,true,true,,,500,500,0,0,0,1.9966777347470404,1.9966777347470426,1.9966777347474347,0,0.70099667774086383,1.0821277622690222e-06,0.0020000000000000018,1,0,0,0,0,required_grid,true,
0.002,1.05,jerk_limited,4000,2.1000000000000001,1,1.0049999999999999,0.00050000000000000001,0.00050249999999999991,true,true,,,500,500,0,0,0,1.9966777347470404,1.9966777347470426,1.9966777347474347,0,0.70099667774086383,1.0821277622690222e-06,0.0020000000000000018,1,0,0,0,0,required_grid,true,
0.002,1.05,jerk_limited,4000,2.1000000000000001,-1,1.01,0.00050000000000000001,-0.00050500000000000002,true,true,,,500,500,0,0,0,1.993377434954523,1.9933774349545239,1.9933774349550211,0,0.62790697674418605,1.0920911169795223e-06,0.0020000000000000018,1,0,0,0,0,required_grid,true,
0.002,1.05,jerk_limited,4000,2.1000000000000001,1,1.01,0.00050000000000000001,0.00050500000000000002,true,true,,,500,500,0,0,0,1.993377434954523,1.9933774349545239,1.9933774349550211,0,0.62790697674418605,1.0920911169795223e-06,0.0020000000000000018,1,0,0,0,0,required_grid,true,
0.002,1.05,jerk_limited,4000,2.1000000000000001,-1,1.02,0.00050000000000000001,-0.00051000000000000004,true,true,,,500,500,0,0,0,1.9868417243177097,1.9868417243177097,1.9868417243182079,0,0.60465116279069764,1.1017115661988183e-06,0.0020000000000000018,1,0,0,0,0,required_grid,true,
0.002,1.05,jerk_limited,4000,2.1000000000000001,1,1.02,0.00050000000000000001,0.00051000000000000004,true,true,,,500,500,0,0,0,1.9868417243177097,1.9868417243177097,1.9868417243182079,0,0.60465116279069764,1.1017115661988183e-06,0.0020000000000000018,1,0,0,0,0,required_grid,true,
0.002,1.05,jerk_limited,4000,2.1000000000000001,-1,1.05,0.00050000000000000001,-0.00052500000000000008,true,true,,,500,500,0,0,0,1.9677362936122036,1.9677362936122038,1.967736293612635,0,0.61794019933554822,1.1301630468026531e-06,0.0020000000000000018,1,0,0,0,0,required_grid,true,
0.002,1.05,jerk_limited,4000,2.1000000000000001,1,1.05,0.00050000000000000001,0.00052500000000000008,true,true,,,500,500,0,0,0,1.9677362936122036,1.9677362936122038,1.967736293612635,0,0.61794019933554822,1.1301630468026531e-06,0.0020000000000000018,1,0,0,0,0,required_grid,true,
0.002,1.05,jerk_limited,4000,2.1000000000000001,-1,1.1000000000000001,0.00050000000000000001,-0.00055000000000000003,true,true,,,500,500,0,0,0,1.9374586123027546,1.9374586123027546,1.9374586123032527,0,0.59800664451827246,1.1800986637312383e-06,0.0020000000000000018,1,0,0,0,0,required_grid,true,
0.002,1.05,jerk_limited,4000,2.1000000000000001,1,1.1000000000000001,0.00050000000000000001,0.00055000000000000003,true,true,,,500,500,0,0,0,1.9374586123027546,1.9374586123027546,1.9374586123032527,0,0.59800664451827246,1.1800986637312383e-06,0.0020000000000000018,1,0,0,0,0,required_grid,true,
0.002,1.05,jerk_limited,4000,2.1000000000000001,-1,1.2,0.00050000000000000001,-0.00059999999999999995,true,true,,,500,500,0,0,0,1.8819823261067758,1.8819823261067758,1.8819823261070241,0,0.5714285714285714,1.2884187103565442e-06,0.0020000000000000018,1,0,0,0,0,required_grid,true,
0.002,1.05,jerk_limited,4000,2.1000000000000001,1,1.2,0.00050000000000000001,0.00059999999999999995,true,true,,,500,500,0,0,0,1.8819823261067758,1.8819823261067758,1.8819823261070241,0,0.5714285714285714,1.2884187103565442e-06,0.0020000000000000018,1,0,0,0,0,required_grid,true,
0.002,1.05,jerk_limited,4000,2.1000000000000001,-1,2,0.00050000000000000001,-0.001,true,true,,,500,500,0,0,0,1.5709838614064098,1.5709838614064096,1.6848977147168287,0,0.35215946843853818,2.2966702665825172e-06,0.0020000000000000018,1,0,0,0,0,required_grid,true,
0.002,1.05,jerk_limited,4000,2.1000000000000001,1,2,0.00050000000000000001,0.001,true,true,,,500,500,0,0,0,1.5709838614064098,1.5709838614064096,1.6848977147168287,0,0.35215946843853818,2.2966702665825172e-06,0.0020000000000000018,1,0,0,0,0,required_grid,true,
0.002,1.25,jerk_limited,1000,0.625,-1,0.5,0.000125,-6.2500000000000001e-05,true,true,,,500,500,1,499.99999999999955,1,2.0000000000001403,2.0000000000001426,2.0000000000001434,0,1,1.2499999999999859e-07,0.0020000000000000018,1,0,0,0,0,required_grid,true,
0.002,1.25,jerk_limited,1000,0.625,1,0.5,0.000125,6.2500000000000001e-05,true,true,,,500,500,1,499.99999999999955,1,1.9999999999996443,1.9999999999998903,2.0000000000004969,0,1,1.2499338188458442e-07,0.0020000000000000018,1,0,0,0,0,required_grid,true,
0.002,1.25,jerk_limited,1000,0.625,-1,0.80000000000000004,0.000125,-0.0001,true,true,,,500,500,1,499.99999999999955,1,1.9999999999997411,2.0000000000002376,2.0079260706659317,0,1,2.0004748671258664e-07,0.0020000000000000018,1,0,0,0,0,required_grid,true,
0.002,1.25,jerk_limited,1000,0.625,1,0.80000000000000004,0.000125,0.0001,true,true,,,500,500,1,499.99999999999955,1,1.999999999999915,2.0000000000001887,2.000000000000635,0,1,2.0002902099727231e-07,0.0020000000000000018,1,0,0,0,0,required_grid,true,
0.002,1.25,jerk_limited,1000,0.625,-1,0.90000000000000002,0.000125,-0.00011250000000000001,true,true,,,500,500,1,499.99999999999955,1,2.0000000000000866,2.0000000000000884,2.0272111095111618,0,1,2.2516377161718601e-07,0.0020000000000000018,1,0,0,0,0,required_grid,true,
0.002,1.25,jerk_limited,1000,0.625,1,0.90000000000000002,0.000125,0.00011250000000000001,true,true,,,500,500,1,499.99999999999955,1,1.9999999999998854,2.0000000000001146,2.0000000000006168,0,1,2.2513307351366789e-07,0.0020000000000000018,1,0,0,0,0,required_grid,true,
0.002,1.25,jerk_limited,1000,0.625,-1,0.94999999999999996,0.000125,-0.00011875,true,true,,,500,500,1,499.99999999999955,1,2.0000000000001359,2.0000000000001363,2.0000000000001372,0,1,2.3754765152271693e-07,0.0020000000000000018,1,0,0,0,0,required_grid,true,
0.002,1.25,jerk_limited,1000,0.625,1,0.94999999999999996,0.000125,0.00011875,true,true,,,500,500,1,499.99999999999955,1,1.9999999999997584,2.0000000000002092,2.0000000000004401,0,1,2.3751588490312114e-07,0.0020000000000000018,1,0,0,0,0,required_grid,true,
0.002,1.25,jerk_limited,1000,0.625,-1,0.97999999999999998,0.000125,-0.0001225,true,true,,,500,500,0,0,0,2.0468846146086741,2.0468846146086741,2.0468846146095818,0,1,2.4806662934789747e-07,0.0020000000000000018,1,0,0,0,0,required_grid,true,
0.002,1.25,jerk_limited,1000,0.625,1,0.97999999999999998,0.000125,0.0001225,true,true,,,500,500,0,0,0,2.0468846146086741,2.0468846146086741,2.0468846146095818,0,1,2.4806662934789747e-07,0.0020000000000000018,1,0,0,0,0,required_grid,true,
0.002,1.25,jerk_limited,1000,0.625,-1,0.98999999999999999,0.000125,-0.00012375,true,true,,,500,500,0,0,0,2.0067114596961075,2.006711459696108,2.0424962211165245,0,1,2.4975112983150095e-07,0.0020000000000000018,1,0,0,0,0,required_grid,true,
0.002,1.25,jerk_limited,1000,0.625,1,0.98999999999999999,0.000125,0.00012375,true,true,,,500,500,0.12624584717607973,63.122923588039811,0.12624584717607973,2.0067114596959454,2.0067114596959459,2.0424962211165245,0,1,2.4946149995915994e-07,0.0020000000000000018,1,0,0,0,0,required_grid,true,
0.002,1.25,jerk_limited,1000,0.625,-1,0.995,0.000125,-0.000124375,true,true,,,500,500,0,0,0,2.0033444878351285,2.003344487835129,2.0390947185138488,0,1,2.4989593560078147e-07,0.0020000000000000018,1,0,0,0,0,required_grid,true,
0.002,1.25,jerk_limited,1000,0.625,1,0.995,0.000125,0.000124375,true,true,,,500,500,0.39867109634551495,199.33554817275729,0.39867109634551495,2.0033444878347213,2.0033444878347231,2.0390947185138484,0,1,2.4944692545748532e-07,0.0020000000000000018,1,0,0,0,0,required_grid,true,
0.002,1.25,jerk_limited,1000,0.625,-1,1,0.000125,-0.000125,true,true,,,500,500,1,499.99999999999955,1,1.9999999999999913,2.0000000000002416,2.0000000000012528,0,1,2.5000000000000248e-07,0.0020000000000000018,1,0,0,0,0,required_grid,true,
0.002,1.25,jerk_limited,1000,0.625,1,1,0.000125,0.000125,true,true,,,500,500,1,499.99999999999955,1,1.9999999999999913,2.0000000000002416,2.0000000000012528,0,1,2.5000000000000248e-07,0.0020000000000000018,1,0,0,0,0,required_grid,true,
0.002,1.25,jerk_limited,1000,0.625,-1,1.0049999999999999,0.000125,-0.00012562499999999998,true,true,,,500,500,0,0,0,1.9966777347470404,1.9966777347470426,1.9966777347474347,0,0.70099667774086383,2.7053194056725555e-07,0.0020000000000000018,1,0,0,0,0,required_grid,true,
0.002,1.25,jerk_limited,1000,0.625,1,1.0049999999999999,0.000125,0.00012562499999999998,true,true,,,500,500,0,0,0,1.9966777347470404,1.9966777347470426,1.9966777347474347,0,0.70099667774086383,2.7053194056725555e-07,0.0020000000000000018,1,0,0,0,0,required_grid,true,
0.002,1.25,jerk_limited,1000,0.625,-1,1.01,0.000125,-0.00012625000000000001,true,true,,,500,500,0,0,0,1.993377434954523,1.9933774349545239,1.9933774349550211,0,0.62790697674418605,2.7302277924488057e-07,0.0020000000000000018,1,0,0,0,0,required_grid,true,
0.002,1.25,jerk_limited,1000,0.625,1,1.01,0.000125,0.00012625000000000001,true,true,,,500,500,0,0,0,1.993377434954523,1.9933774349545239,1.9933774349550211,0,0.62790697674418605,2.7302277924488057e-07,0.0020000000000000018,1,0,0,0,0,required_grid,true,
0.002,1.25,jerk_limited,1000,0.625,-1,1.02,0.000125,-0.00012750000000000001,true,true,,,500,500,0,0,0,1.9868417243177097,1.9868417243177097,1.9868417243182079,0,0.60465116279069764,2.7542789154970458e-07,0.0020000000000000018,1,0,0,0,0,required_grid,true,
0.002,1.25,jerk_limited,1000,0.625,1,1.02,0.000125,0.00012750000000000001,true,true,,,500,500,0,0,0,1.9868417243177097,1.9868417243177097,1.9868417243182079,0,0.60465116279069764,2.7542789154970458e-07,0.0020000000000000018,1,0,0,0,0,required_grid,true,
0.002,1.25,jerk_limited,1000,0.625,-1,1.05,0.000125,-0.00013125000000000002,true,true,,,500,500,0,0,0,1.9677362936122036,1.9677362936122038,1.967736293612635,0,0.61794019933554822,2.8254076170066327e-07,0.0020000000000000018,1,0,0,0,0,required_grid,true,
0.002,1.25,jerk_limited,1000,0.625,1,1.05,0.000125,0.00013125000000000002,true,true,,,500,500,0,0,0,1.9677362936122036,1.9677362936122038,1.967736293612635,0,0.61794019933554822,2.8254076170066327e-07,0.0020000000000000018,1,0,0,0,0,required_grid,true,
0.002,1.25,jerk_limited,1000,0.625,-1,1.1000000000000001,0.000125,-0.00013750000000000001,true,true,,,500,500,0,0,0,1.9374586123027546,1.9374586123027546,1.9374586123032527,0,0.59800664451827246,2.9502466593280958e-07,0.0020000000000000018,1,0,0,0,0,required_grid,true,
0.002,1.25,jerk_limited,1000,0.625,1,1.1000000000000001,0.000125,0.00013750000000000001,true,true,,,500,500,0,0,0,1.9374586123027546,1.9374586123027546,1.9374586123032527,0,0.59800664451827246,2.9502466593280958e-07,0.0020000000000000018,1,0,0,0,0,required_grid,true,
0.002,1.25,jerk_limited,1000,0.625,-1,1.2,0.000125,-0.00014999999999999999,true,true,,,500,500,0,0,0,1.8820720577618975,1.882072057761897,1.8820720577623524,0,0.6312292358803987,3.2124098055097338e-07,0.0020000000000000018,1,0,0,0,0,required_grid,true,
0.002,1.25,jerk_limited,1000,0.625,1,1.2,0.000125,0.00014999999999999999,true,true,,,500,500,0,0,0,1.8820720577618975,1.882072057761897,1.8820720577623524,0,0.6312292358803987,3.2124098055097338e-07,0.0020000000000000018,1,0,0,0,0,required_grid,true,
0.002,1.25,jerk_limited,1000,0.625,-1,2,0.000125,-0.00025000000000000001,true,true,,,500,500,0,0,0,1.5873680702046113,1.5865420186971271,1.8101417196055283,0,0.35880398671096347,5.7144072345948717e-07,0.0020000000000000018,1,0,0,0,0,required_grid,true,
0.002,1.25,jerk_limited,1000,0.625,1,2,0.000125,0.00025000000000000001,true,true,,,500,500,0,0,0,1.5873680702046113,1.5865420186971271,1.8101417196055283,0,0.35880398671096347,5.7144072345948717e-07,0.0020000000000000018,1,0,0,0,0,required_grid,true,
0.002,1.25,jerk_limited,4000,2.5,-1,0.5,0.00050000000000000001,-0.00025000000000000001,true,true,,,500,500,1,499.99999999999955,1,1.9840000000000964,1.984000000000419,2.0000000000001434,0,1,4.9890021239412838e-07,0.0020000000000000018,1,0,0,0,0,required_grid,true,
0.002,1.25,jerk_limited,4000,2.5,1,0.5,0.00050000000000000001,0.00025000000000000001,true,true,,,500,500,1,499.99999999999955,1,1.9999999999996174,2.0000000000001066,2.000000000000496,0,1,4.9981466332473814e-07,0.0020000000000000018,1,0,0,0,0,required_grid,true,
0.002,1.25,jerk_limited,4000,2.5,-1,0.80000000000000004,0.00050000000000000001,-0.00040000000000000002,true,true,,,500,500,1,499.99999999999955,1,1.9999999999997407,2.0000000000002376,2.0079260706664295,0,1,8.0127599891546413e-07,0.0020000000000000018,1,0,0,0,0,required_grid,true,
0.002,1.25,jerk_limited,4000,2.5,1,0.80000000000000004,0.00050000000000000001,0.00040000000000000002,true,true,,,500,500,1,499.99999999999955,1,1.9999999999999181,2.0000000000000524,2.0079260706665889,0,1,8.0059079776056727e-07,0.0020000000000000018,1,0,0,0,0,required_grid,true,
0.002,1.25,jerk_limited,4000,2.5,-1,0.90000000000000002,0.00050000000000000001,-0.00045000000000000004,true,true,,,500,500,1,499.99999999999955,1,2.0000000000000862,2.0000000000000866,2.000000000000318,0,1,9.0000000000001086e-07,0.0020000000000000018,1,0,0,0,0,required_grid,true,
0.002,1.25,jerk_limited,4000,2.5,1,0.90000000000000002,0.00050000000000000001,0.00045000000000000004,true,true,,,500,500,1,499.99999999999955,1,1.999999999999728,2.0000000000001119,2.0000000000006164,0,1,9.0000000000002389e-07,0.0020000000000000018,1,0,0,0,0,required_grid,true,
0.002,1.25,jerk_limited,4000,2.5,-1,0.94999999999999996,0.00050000000000000001,-0.000475,true,true,,,500,500,1,499.99999999999955,1,2.0000000000001354,2.0000000000001359,2.0000000000001363,0,1,9.5000000000000086e-07,0.0020000000000000018,1,0,0,0,0,required_grid,true,
0.002,1.25,jerk_limited,4000,2.5,1,0.94999999999999996,0.00050000000000000001,0.000475,true,true,,,500,500,1,499.99999999999955,1,1.9999999999995464,2.0000000000001097,2.0000000000004392,0,1,9.4999999999997841e-07,0.0020000000000000018,1,0,0,0,0,required_grid,true,
0.002,1.25,jerk_limited,4000,2.5,-1,0.97999999999999998,0.00050000000000000001,-0.00048999999999999998,true,true,,,500,500,1,499.99999999999955,1,1.9999999999999625,1.9999999999999634,2.0000000000004117,0,1,9.8000000000000629e-07,0.0020000000000000018,1,0,0,0,0,required_grid,true,
0.002,1.25,jerk_limited,4000,2.5,1,0.97999999999999998,0.00050000000000000001,0.00048999999999999998,true,true,,,500,500,1,499.99999999999955,1,1.9999999999997411,2.0000000000000195,2.0000000000006284,0,1,9.8000000000000269e-07,0.0020000000000000018,1,0,0,0,0,required_grid,true,
0.002,1.25,jerk_limited,4000,2.5,-1,0.98999999999999999,0.00050000000000000001,-0.000495,true,true,,,500,500,1,499.99999999999955,1,1.9999999999998235,2.0000000000002691,2.0000000000003224,0,1,9.9000000000000174e-07,0.0020000000000000018,1,0,0,0,0,required_grid,true,
0.002,1.25,jerk_limited,4000,2.5,1,0.98999999999999999,0.00050000000000000001,0.000495,true,true,,,500,500,1,499.99999999999955,1,1.999999999999619,2.0000000000000089,2.0000000000005076,0,1,9.9000000000000513e-07,0.0020000000000000018,1,0,0,0,0,required_grid,true,
0.002,1.25,jerk_limited,4000,2.5,-1,0.995,0.00050000000000000001,-0.0004975,true,true,,,500,500,1,499.99999999999955,1,1.9999999999999778,2.0000000000000187,2.0000000000004232,0,1,9.9500000000001821e-07,0.0020000000000000018,1,0,0,0,0,required_grid,true,
0.002,1.25,jerk_limited,4000,2.5,1,0.995,0.00050000000000000001,0.0004975,true,true,,,500,500,1,499.99999999999955,1,1.9999999999997764,2.0000000000000582,2.000000000000556,0,1,9.9500000000001186e-07,0.0020000000000000018,1,0,0,0,0,required_grid,true,
0.002,1.25,jerk_limited,4000,2.5,-1,1,0.00050000000000000001,-0.00050000000000000001,true,true,,,500,500,1,499.99999999999955,1,1.9999999999999913,2.0000000000002416,2.0000000000012528,0,1,1.0000000000000099e-06,0.0020000000000000018,1,0,0,0,0,required_grid,true,
0.002,1.25,jerk_limited,4000,2.5,1,1,0.00050000000000000001,0.00050000000000000001,true,true,,,500,500,1,499.99999999999955,1,1.9999999999999913,2.0000000000002416,2.0000000000012528,0,1,1.0000000000000099e-06,0.0020000000000000018,1,0,0,0,0,required_grid,true,
0.002,1.25,jerk_limited,4000,2.5,-1,1.0049999999999999,0.00050000000000000001,-0.00050249999999999991,true,true,,,500,500,0,0,0,1.9966777347470404,1.9966777347470426,1.9966777347474347,0,0.70099667774086383,1.0821277622690222e-06,0.0020000000000000018,1,0,0,0,0,required_grid,true,
0.002,1.25,jerk_limited,4000,2.5,1,1.0049999999999999,0.00050000000000000001,0.00050249999999999991,true,true,,,500,500,0,0,0,1.9966777347470404,1.9966777347470426,1.9966777347474347,0,0.70099667774086383,1.0821277622690222e-06,0.0020000000000000018,1,0,0,0,0,required_grid,true,
0.002,1.25,jerk_limited,4000,2.5,-1,1.01,0.00050000000000000001,-0.00050500000000000002,true,true,,,500,500,0,0,0,1.993377434954523,1.9933774349545239,1.9933774349550211,0,0.62790697674418605,1.0920911169795223e-06,0.0020000000000000018,1,0,0,0,0,required_grid,true,
0.002,1.25,jerk_limited,4000,2.5,1,1.01,0.00050000000000000001,0.00050500000000000002,true,true,,,500,500,0,0,0,1.993377434954523,1.9933774349545239,1.9933774349550211,0,0.62790697674418605,1.0920911169795223e-06,0.0020000000000000018,1,0,0,0,0,required_grid,true,
0.002,1.25,jerk_limited,4000,2.5,-1,1.02,0.00050000000000000001,-0.00051000000000000004,true,true,,,500,500,0,0,0,1.9868417243177097,1.9868417243177097,1.9868417243182079,0,0.60465116279069764,1.1017115661988183e-06,0.0020000000000000018,1,0,0,0,0,required_grid,true,
0.002,1.25,jerk_limited,4000,2.5,1,1.02,0.00050000000000000001,0.00051000000000000004,true,true,,,500,500,0,0,0,1.9868417243177097,1.9868417243177097,1.9868417243182079,0,0.60465116279069764,1.1017115661988183e-06,0.0020000000000000018,1,0,0,0,0.002,required_grid,true,
0.002,1.25,jerk_limited,4000,2.5,-1,1.05,0.00050000000000000001,-0.00052500000000000008,true,true,,,500,500,0,0,0,1.9677362936122036,1.9677362936122038,1.967736293612635,0,0.61794019933554822,1.1301630468026531e-06,0.0020000000000000018,1,0,0,0,0,required_grid,true,
0.002,1.25,jerk_limited,4000,2.5,1,1.05,0.00050000000000000001,0.00052500000000000008,true,true,,,500,500,0,0,0,1.9677362936122036,1.9677362936122038,1.967736293612635,0,0.61794019933554822,1.1301630468026531e-06,0.0020000000000000018,1,0,0,0,0,required_grid,true,
0.002,1.25,jerk_limited,4000,2.5,-1,1.1000000000000001,0.00050000000000000001,-0.00055000000000000003,true,true,,,500,500,0,0,0,1.9374586123027546,1.9374586123027546,1.9374586123032527,0,0.59800664451827246,1.1800986637312383e-06,0.0020000000000000018,1,0,0,0,0,required_grid,true,
0.002,1.25,jerk_limited,4000,2.5,1,1.1000000000000001,0.00050000000000000001,0.00055000000000000003,true,true,,,500,500,0,0,0,1.9374586123027546,1.9374586123027546,1.9374586123032527,0,0.59800664451827246,1.1800986637312383e-06,0.0020000000000000018,1,0,0,0,0,required_grid,true,
0.002,1.25,jerk_limited,4000,2.5,-1,1.2,0.00050000000000000001,-0.00059999999999999995,true,true,,,500,500,0,0,0,1.8820720577618975,1.882072057761897,1.8820720577623524,0,0.6312292358803987,1.2849639222038935e-06,0.0020000000000000018,1,0,0,0,0,required_grid,true,
0.002,1.25,jerk_limited,4000,2.5,1,1.2,0.00050000000000000001,0.00059999999999999995,true,true,,,500,500,0,0,0,1.8820720577618975,1.882072057761897,1.8820720577623524,0,0.6312292358803987,1.2849639222038935e-06,0.0020000000000000018,1,0,0,0,0,required_grid,true,
0.002,1.25,jerk_limited,4000,2.5,-1,2,0.00050000000000000001,-0.001,true,true,,,500,500,0,0,0,1.5873680702046113,1.5865420186971271,1.8101417196055283,0,0.35880398671096347,2.2857628938379487e-06,0.0020000000000000018,1,0,0,0,0,required_grid,true,
0.002,1.25,jerk_limited,4000,2.5,1,2,0.00050000000000000001,0.001,true,true,,,500,500,0,0,0,1.5873680702046113,1.5865420186971271,1.8101417196055283,0,0.35880398671096347,2.2857628938379487e-06,0.0020000000000000018,1,0,0,0,0,required_grid,true,
0.002,2,jerk_limited,1000,1,-1,0.5,0.000125,-6.2500000000000001e-05,true,true,,,500,500,1,499.99999999999955,1,2.0000000000001403,2.0000000000001426,2.0000000000001434,0,1,1.2499999999999859e-07,0.0020000000000000018,1,0,0,0,0,required_grid,true,
0.002,2,jerk_limited,1000,1,1,0.5,0.000125,6.2500000000000001e-05,true,true,,,500,500,1,499.99999999999955,1,1.9999999999996443,1.9999999999998903,2.0000000000004969,0,1,1.2499338188458442e-07,0.0020000000000000018,1,0,0,0,0,required_grid,true,
0.002,2,jerk_limited,1000,1,-1,0.80000000000000004,0.000125,-0.0001,true,true,,,500,500,1,499.99999999999955,1,1.9999999999997411,2.0000000000002376,2.0079260706659317,0,1,2.0004748671258664e-07,0.0020000000000000018,1,0,0,0,0,required_grid,true,
0.002,2,jerk_limited,1000,1,1,0.80000000000000004,0.000125,0.0001,true,true,,,500,500,1,499.99999999999955,1,1.999999999999915,2.0000000000001887,2.000000000000635,0,1,2.0002902099727231e-07,0.0020000000000000018,1,0,0,0,0,required_grid,true,
0.002,2,jerk_limited,1000,1,-1,0.90000000000000002,0.000125,-0.00011250000000000001,true,true,,,500,500,1,499.99999999999955,1,2.0000000000000866,2.0000000000000884,2.0272111095111618,0,1,2.2516377161718601e-07,0.0020000000000000018,1,0,0,0,0,required_grid,true,
0.002,2,jerk_limited,1000,1,1,0.90000000000000002,0.000125,0.00011250000000000001,true,true,,,500,500,1,499.99999999999955,1,1.9999999999998854,2.0000000000001146,2.0000000000006168,0,1,2.2513307351366789e-07,0.0020000000000000018,1,0,0,0,0,required_grid,true,
0.002,2,jerk_limited,1000,1,-1,0.94999999999999996,0.000125,-0.00011875,true,true,,,500,500,1,499.99999999999955,1,2.0000000000001359,2.0000000000001363,2.0000000000001372,0,1,2.3754765152271693e-07,0.0020000000000000018,1,0,0,0,0,required_grid,true,
0.002,2,jerk_limited,1000,1,1,0.94999999999999996,0.000125,0.00011875,true,true,,,500,500,1,499.99999999999955,1,1.9999999999997584,2.0000000000002092,2.0000000000004401,0,1,2.3751588490312114e-07,0.0020000000000000018,1,0,0,0,0,required_grid,true,
0.002,2,jerk_limited,1000,1,-1,0.97999999999999998,0.000125,-0.0001225,true,true,,,500,500,0,0,0,2.0468846146086741,2.0468846146086741,2.0468846146095818,0,1,2.4806662934789747e-07,0.0020000000000000018,1,0,0,0,0,required_grid,true,
0.002,2,jerk_limited,1000,1,1,0.97999999999999998,0.000125,0.0001225,true,true,,,500,500,0,0,0,2.0468846146086741,2.0468846146086741,2.0468846146095818,0,1,2.4806662934789747e-07,0.0020000000000000018,1,0,0,0,0,required_grid,true,
0.002,2,jerk_limited,1000,1,-1,0.98999999999999999,0.000125,-0.00012375,true,true,,,500,500,0,0,0,2.0067114596961075,2.006711459696108,2.0424962211165245,0,1,2.4975112983150095e-07,0.0020000000000000018,1,0,0,0,0,required_grid,true,
0.002,2,jerk_limited,1000,1,1,0.98999999999999999,0.000125,0.00012375,true,true,,,500,500,0.12624584717607973,63.122923588039811,0.12624584717607973,2.0067114596959454,2.0067114596959459,2.0424962211165245,0,1,2.4946149995915994e-07,0.0020000000000000018,1,0,0,0,0,required_grid,true,
0.002,2,jerk_limited,1000,1,-1,0.995,0.000125,-0.000124375,true,true,,,500,500,0,0,0,2.0033444878351285,2.003344487835129,2.0390947185138488,0,1,2.4989593560078147e-07,0.0020000000000000018,1,0,0,0,0,required_grid,true,
0.002,2,jerk_limited,1000,1,1,0.995,0.000125,0.000124375,true,true,,,500,500,0.39867109634551495,199.33554817275729,0.39867109634551495,2.0033444878347213,2.0033444878347231,2.0390947185138484,0,1,2.4944692545748532e-07,0.0020000000000000018,1,0,0,0,0,required_grid,true,
0.002,2,jerk_limited,1000,1,-1,1,0.000125,-0.000125,true,true,,,500,500,1,499.99999999999955,1,1.9999999999999913,2.0000000000002416,2.0000000000012528,0,1,2.5000000000000248e-07,0.0020000000000000018,1,0,0,0,0,required_grid,true,
0.002,2,jerk_limited,1000,1,1,1,0.000125,0.000125,true,true,,,500,500,1,499.99999999999955,1,1.9999999999999913,2.0000000000002416,2.0000000000012528,0,1,2.5000000000000248e-07,0.0020000000000000018,1,0,0,0,0,required_grid,true,
0.002,2,jerk_limited,1000,1,-1,1.0049999999999999,0.000125,-0.00012562499999999998,true,true,,,500,500,0,0,0,1.9966777347470404,1.9966777347470426,1.9966777347474347,0,0.70099667774086383,2.7053194056725555e-07,0.0020000000000000018,1,0,0,0,0,required_grid,true,
0.002,2,jerk_limited,1000,1,1,1.0049999999999999,0.000125,0.00012562499999999998,true,true,,,500,500,0,0,0,1.9966777347470404,1.9966777347470426,1.9966777347474347,0,0.70099667774086383,2.7053194056725555e-07,0.0020000000000000018,1,0,0,0,0,required_grid,true,
0.002,2,jerk_limited,1000,1,-1,1.01,0.000125,-0.00012625000000000001,true,true,,,500,500,0,0,0,1.993377434954523,1.9933774349545239,1.9933774349550211,0,0.62790697674418605,2.7302277924488057e-07,0.0020000000000000018,1,0,0,0,0,required_grid,true,
0.002,2,jerk_limited,1000,1,1,1.01,0.000125,0.00012625000000000001,true,true,,,500,500,0,0,0,1.993377434954523,1.9933774349545239,1.9933774349550211,0,0.62790697674418605,2.7302277924488057e-07,0.0020000000000000018,1,0,0,0,0,required_grid,true,
0.002,2,jerk_limited,1000,1,-1,1.02,0.000125,-0.00012750000000000001,true,true,,,500,500,0,0,0,1.9868417243177097,1.9868417243177097,1.9868417243182079,0,0.60465116279069764,2.7542789154970458e-07,0.0020000000000000018,1,0,0,0,0,required_grid,true,
0.002,2,jerk_limited,1000,1,1,1.02,0.000125,0.00012750000000000001,true,true,,,500,500,0,0,0,1.9868417243177097,1.9868417243177097,1.9868417243182079,0,0.60465116279069764,2.7542789154970458e-07,0.0020000000000000018,1,0,0,0,0,required_grid,true,
0.002,2,jerk_limited,1000,1,-1,1.05,0.000125,-0.00013125000000000002,true,true,,,500,500,0,0,0,1.9677362936122036,1.9677362936122038,1.967736293612635,0,0.61794019933554822,2.8254076170066327e-07,0.0020000000000000018,1,0,0,0,0,required_grid,true,
0.002,2,jerk_limited,1000,1,1,1.05,0.000125,0.00013125000000000002,true,true,,,500,500,0,0,0,1.9677362936122036,1.9677362936122038,1.967736293612635,0,0.61794019933554822,2.8254076170066327e-07,0.0020000000000000018,1,0,0,0,0,required_grid,true,
0.002,2,jerk_limited,1000,1,-1,1.1000000000000001,0.000125,-0.00013750000000000001,true,true,,,500,500,0,0,0,1.9374586123027546,1.9374586123027546,1.9374586123032527,0,0.59800664451827246,2.9502466593280958e-07,0.0020000000000000018,1,0,0,0,0,required_grid,true,
0.002,2,jerk_limited,1000,1,1,1.1000000000000001,0.000125,0.00013750000000000001,true,true,,,500,500,0,0,0,1.9374586123027546,1.9374586123027546,1.9374586123032527,0,0.59800664451827246,2.9502466593280958e-07,0.0020000000000000018,1,0,0,0,0,required_grid,true,
0.002,2,jerk_limited,1000,1,-1,1.2,0.000125,-0.00014999999999999999,true,true,,,500,500,0,0,0,1.8820720577618975,1.882072057761897,1.8820720577623524,0,0.6312292358803987,3.2124098055097338e-07,0.0020000000000000018,1,0,0,0,0.002,required_grid,true,
0.002,2,jerk_limited,1000,1,1,1.2,0.000125,0.00014999999999999999,true,true,,,500,500,0,0,0,1.8820720577618975,1.882072057761897,1.8820720577623524,0,0.6312292358803987,3.2124098055097338e-07,0.0020000000000000018,1,0,0,0,0,required_grid,true,
0.002,2,jerk_limited,1000,1,-1,2,0.000125,-0.00025000000000000001,true,true,,,500,500,0,0,0,1.5874010519680728,1.5607417274163555,1.8247390697080557,0,0.34883720930232559,5.7093511799994412e-07,0.0020000000000000018,1,0,0,0,0,required_grid,true,
0.002,2,jerk_limited,1000,1,1,2,0.000125,0.00025000000000000001,true,true,,,500,500,0,0,0,1.5874010519680728,1.5607417274163555,1.8247390697080557,0,0.34883720930232559,5.7093511799994412e-07,0.0020000000000000018,1,0,0,0,0,required_grid,true,
0.002,2,jerk_limited,4000,4,-1,0.5,0.00050000000000000001,-0.00025000000000000001,true,true,,,500,500,1,499.99999999999955,1,1.9840000000000964,1.984000000000419,2.0000000000001434,0,1,4.9890021239412838e-07,0.0020000000000000018,1,0,0,0,0,required_grid,true,
0.002,2,jerk_limited,4000,4,1,0.5,0.00050000000000000001,0.00025000000000000001,true,true,,,500,500,1,499.99999999999955,1,1.9999999999996174,2.0000000000001066,2.000000000000496,0,1,4.9981466332473814e-07,0.0020000000000000018,1,0,0,0,0,required_grid,true,
0.002,2,jerk_limited,4000,4,-1,0.80000000000000004,0.00050000000000000001,-0.00040000000000000002,true,true,,,500,500,1,499.99999999999955,1,1.9999999999997407,2.0000000000002376,2.0079260706664295,0,1,8.0127599891546413e-07,0.0020000000000000018,1,0,0,0,0,required_grid,true,
0.002,2,jerk_limited,4000,4,1,0.80000000000000004,0.00050000000000000001,0.00040000000000000002,true,true,,,500,500,1,499.99999999999955,1,1.9999999999999181,2.0000000000000524,2.0079260706665889,0,1,8.0059079776056727e-07,0.0020000000000000018,1,0,0,0,0,required_grid,true,
0.002,2,jerk_limited,4000,4,-1,0.90000000000000002,0.00050000000000000001,-0.00045000000000000004,true,true,,,500,500,1,499.99999999999955,1,2.0000000000000866,2.0000000000000866,2.000000000000318,0,1,9.0000000000001182e-07,0.0020000000000000018,1,0,0,0,0,required_grid,true,
0.002,2,jerk_limited,4000,4,1,0.90000000000000002,0.00050000000000000001,0.00045000000000000004,true,true,,,500,500,1,499.99999999999955,1,1.9999999999997271,2.0000000000000528,2.0000000000006164,0,1,9.0000000000002114e-07,0.0020000000000000018,1,0,0,0,0,required_grid,true,
0.002,2,jerk_limited,4000,4,-1,0.94999999999999996,0.00050000000000000001,-0.000475,true,true,,,500,500,1,499.99999999999955,1,2.0000000000001354,2.0000000000001359,2.0000000000001363,0,1,9.5000000000000096e-07,0.0020000000000000018,1,0,0,0,0,required_grid,true,
0.002,2,jerk_limited,4000,4,1,0.94999999999999996,0.00050000000000000001,0.000475,true,true,,,500,500,1,499.99999999999955,1,1.9999999999995464,2.0000000000001097,2.0000000000004392,0,1,9.4999999999997841e-07,0.0020000000000000018,1,0,0,0,0,required_grid,true,
0.002,2,jerk_limited,4000,4,-1,0.97999999999999998,0.00050000000000000001,-0.00048999999999999998,true,true,,,500,500,1,499.99999999999955,1,1.9999999999999625,1.9999999999999634,2.0000000000008673,0,1,9.8000000000000968e-07,0.0020000000000000018,1,0,0,0,0,required_grid,true,
0.002,2,jerk_limited,4000,4,1,0.97999999999999998,0.00050000000000000001,0.00048999999999999998,true,true,,,500,500,1,499.99999999999955,1,1.9999999999997411,2.0000000000000195,2.0000000000006284,0,1,9.8000000000000269e-07,0.0020000000000000018,1,0,0,0,0,required_grid,true,
0.002,2,jerk_limited,4000,4,-1,0.98999999999999999,0.00050000000000000001,-0.000495,true,true,,,500,500,1,499.99999999999955,1,1.999999999999823,2.0000000000002691,2.0000000000004472,0,1,9.9000000000000259e-07,0.0020000000000000018,1,0,0,0,0,required_grid,true,
0.002,2,jerk_limited,4000,4,1,0.98999999999999999,0.00050000000000000001,0.000495,true,true,,,500,500,1,499.99999999999955,1,1.999999999999619,2.0000000000000089,2.0000000000005076,0,1,9.9000000000000513e-07,0.0020000000000000018,1,0,0,0,0,required_grid,true,
0.002,2,jerk_limited,4000,4,-1,0.995,0.00050000000000000001,-0.0004975,true,true,,,500,500,1,499.99999999999955,1,1.9999999999999778,2.0000000000000409,2.0000000000004232,0,1,9.9500000000001588e-07,0.0020000000000000018,1,0,0,0,0,required_grid,true,
0.002,2,jerk_limited,4000,4,1,0.995,0.00050000000000000001,0.0004975,true,true,,,500,500,1,499.99999999999955,1,1.9999999999997764,2.0000000000000582,2.000000000000556,0,1,9.9500000000001186e-07,0.0020000000000000018,1,0,0,0,0,required_grid,true,
0.002,2,jerk_limited,4000,4,-1,1,0.00050000000000000001,-0.00050000000000000001,true,true,,,500,500,1,499.99999999999955,1,1.9999999999999913,2.0000000000002416,2.0000000000012528,0,1,1.0000000000000099e-06,0.0020000000000000018,1,0,0,0,0,required_grid,true,
0.002,2,jerk_limited,4000,4,1,1,0.00050000000000000001,0.00050000000000000001,true,true,,,500,500,1,499.99999999999955,1,1.9999999999999913,2.0000000000002416,2.0000000000012528,0,1,1.0000000000000099e-06,0.0020000000000000018,1,0,0,0,0,required_grid,true,
0.002,2,jerk_limited,4000,4,-1,1.0049999999999999,0.00050000000000000001,-0.00050249999999999991,true,true,,,500,500,0,0,0,1.9966777347470404,1.9966777347470426,1.9966777347474347,0,0.70099667774086383,1.0821277622690222e-06,0.0020000000000000018,1,0,0,0,0,required_grid,true,
0.002,2,jerk_limited,4000,4,1,1.0049999999999999,0.00050000000000000001,0.00050249999999999991,true,true,,,500,500,0,0,0,1.9966777347470404,1.9966777347470426,1.9966777347474347,0,0.70099667774086383,1.0821277622690222e-06,0.0020000000000000018,1,0,0,0,0,required_grid,true,
0.002,2,jerk_limited,4000,4,-1,1.01,0.00050000000000000001,-0.00050500000000000002,true,true,,,500,500,0,0,0,1.993377434954523,1.9933774349545239,1.9933774349550211,0,0.62790697674418605,1.0920911169795223e-06,0.0020000000000000018,1,0,0,0,0,required_grid,true,
0.002,2,jerk_limited,4000,4,1,1.01,0.00050000000000000001,0.00050500000000000002,true,true,,,500,500,0,0,0,1.993377434954523,1.9933774349545239,1.9933774349550211,0,0.62790697674418605,1.0920911169795223e-06,0.0020000000000000018,1,0,0,0,0,required_grid,true,
0.002,2,jerk_limited,4000,4,-1,1.02,0.00050000000000000001,-0.00051000000000000004,true,true,,,500,500,0,0,0,1.9868417243177097,1.9868417243177097,1.9868417243182079,0,0.60465116279069764,1.1017115661988183e-06,0.0020000000000000018,1,0,0,0,0,required_grid,true,
0.002,2,jerk_limited,4000,4,1,1.02,0.00050000000000000001,0.00051000000000000004,true,true,,,500,500,0,0,0,1.9868417243177097,1.9868417243177097,1.9868417243182079,0,0.60465116279069764,1.1017115661988183e-06,0.0020000000000000018,1,0,0,0,0,required_grid,true,
0.002,2,jerk_limited,4000,4,-1,1.05,0.00050000000000000001,-0.00052500000000000008,true,true,,,500,500,0,0,0,1.9677362936122036,1.9677362936122038,1.967736293612635,0,0.61794019933554822,1.1301630468026531e-06,0.0020000000000000018,1,0,0,0,0,required_grid,true,
0.002,2,jerk_limited,4000,4,1,1.05,0.00050000000000000001,0.00052500000000000008,true,true,,,500,500,0,0,0,1.9677362936122036,1.9677362936122038,1.967736293612635,0,0.61794019933554822,1.1301630468026531e-06,0.0020000000000000018,1,0,0,0,0,required_grid,true,
0.002,2,jerk_limited,4000,4,-1,1.1000000000000001,0.00050000000000000001,-0.00055000000000000003,true,true,,,500,500,0,0,0,1.9374586123027546,1.9374586123027546,1.9374586123032527,0,0.59800664451827246,1.1800986637312383e-06,0.0020000000000000018,1,0,0,0,0,required_grid,true,
0.002,2,jerk_limited,4000,4,1,1.1000000000000001,0.00050000000000000001,0.00055000000000000003,true,true,,,500,500,0,0,0,1.9374586123027546,1.9374586123027546,1.9374586123032527,0,0.59800664451827246,1.1800986637312383e-06,0.0020000000000000018,1,0,0,0,0,required_grid,true,
0.002,2,jerk_limited,4000,4,-1,1.2,0.00050000000000000001,-0.00059999999999999995,true,true,,,500,500,0,0,0,1.8820720577618975,1.882072057761897,1.8820720577623524,0,0.6312292358803987,1.2849639222038935e-06,0.0020000000000000018,1,0,0,0,0,required_grid,true,
0.002,2,jerk_limited,4000,4,1,1.2,0.00050000000000000001,0.00059999999999999995,true,true,,,500,500,0,0,0,1.8820720577618975,1.882072057761897,1.8820720577623524,0,0.6312292358803987,1.2849639222038935e-06,0.0020000000000000018,1,0,0,0,0,required_grid,true,
0.002,2,jerk_limited,4000,4,-1,2,0.00050000000000000001,-0.001,true,true,,,500,500,0,0,0,1.5874010519680728,1.5607417274163555,1.8247390697080557,0,0.34883720930232559,2.2837404719997765e-06,0.0020000000000000018,1,0,0,0,0,required_grid,true,
0.002,2,jerk_limited,4000,4,1,2,0.00050000000000000001,0.001,true,true,,,500,500,0,0,0,1.5874010519680728,1.5607417274163555,1.8247390697080557,0,0.34883720930232559,2.2837404719997765e-06,0.0020000000000000018,1,0,0,0,0,required_grid,true,
0.002,4,jerk_limited,1000,2,-1,0.5,0.000125,-6.2500000000000001e-05,true,true,,,500,500,1,499.99999999999955,1,2.0000000000001403,2.0000000000001426,2.0000000000001434,0,1,1.2499999999999859e-07,0.0020000000000000018,1,0,0,0,0,required_grid,true,
0.002,4,jerk_limited,1000,2,1,0.5,0.000125,6.2500000000000001e-05,true,true,,,500,500,1,499.99999999999955,1,1.9999999999996443,1.9999999999998903,2.0000000000004969,0,1,1.2499338188458442e-07,0.0020000000000000018,1,0,0,0,0,required_grid,true,
0.002,4,jerk_limited,1000,2,-1,0.80000000000000004,0.000125,-0.0001,true,true,,,500,500,1,499.99999999999955,1,1.9999999999997411,2.0000000000002376,2.0079260706659317,0,1,2.0004748671258664e-07,0.0020000000000000018,1,0,0,0,0,required_grid,true,
0.002,4,jerk_limited,1000,2,1,0.80000000000000004,0.000125,0.0001,true,true,,,500,500,1,499.99999999999955,1,1.999999999999915,2.0000000000001887,2.000000000000635,0,1,2.0002902099727231e-07,0.0020000000000000018,1,0,0,0,0,required_grid,true,
0.002,4,jerk_limited,1000,2,-1,0.90000000000000002,0.000125,-0.00011250000000000001,true,true,,,500,500,1,499.99999999999955,1,2.0000000000000866,2.0000000000000884,2.0272111095111618,0,1,2.2516377161718601e-07,0.0020000000000000018,1,0,0,0,0,required_grid,true,
0.002,4,jerk_limited,1000,2,1,0.90000000000000002,0.000125,0.00011250000000000001,true,true,,,500,500,1,499.99999999999955,1,1.9999999999998854,2.0000000000001146,2.0000000000006168,0,1,2.2513307351366789e-07,0.0020000000000000018,1,0,0,0,0,required_grid,true,
0.002,4,jerk_limited,1000,2,-1,0.94999999999999996,0.000125,-0.00011875,true,true,,,500,500,1,499.99999999999955,1,2.0000000000001359,2.0000000000001363,2.0000000000001372,0,1,2.3754765152271693e-07,0.0020000000000000018,1,0,0,0,0,required_grid,true,
0.002,4,jerk_limited,1000,2,1,0.94999999999999996,0.000125,0.00011875,true,true,,,500,500,1,499.99999999999955,1,1.9999999999997584,2.0000000000002092,2.0000000000004401,0,1,2.3751588490312114e-07,0.0020000000000000018,1,0,0,0,0,required_grid,true,
0.002,4,jerk_limited,1000,2,-1,0.97999999999999998,0.000125,-0.0001225,true,true,,,500,500,0,0,0,2.0468846146086741,2.0468846146086741,2.0468846146095818,0,1,2.4806662934789747e-07,0.0020000000000000018,1,0,0,0,0,required_grid,true,
0.002,4,jerk_limited,1000,2,1,0.97999999999999998,0.000125,0.0001225,true,true,,,500,500,0,0,0,2.0468846146086741,2.0468846146086741,2.0468846146095818,0,1,2.4806662934789747e-07,0.0020000000000000018,1,0,0,0,0,required_grid,true,
0.002,4,jerk_limited,1000,2,-1,0.98999999999999999,0.000125,-0.00012375,true,true,,,500,500,0,0,0,2.0067114596961075,2.006711459696108,2.0424962211165245,0,1,2.4975112983150095e-07,0.0020000000000000018,1,0,0,0,0,required_grid,true,
0.002,4,jerk_limited,1000,2,1,0.98999999999999999,0.000125,0.00012375,true,true,,,500,500,0.12624584717607973,63.122923588039811,0.12624584717607973,2.0067114596959454,2.0067114596959459,2.0424962211165245,0,1,2.4946149995915994e-07,0.0020000000000000018,1,0,0,0,0,required_grid,true,
0.002,4,jerk_limited,1000,2,-1,0.995,0.000125,-0.000124375,true,true,,,500,500,0,0,0,2.0033444878351285,2.003344487835129,2.0390947185138488,0,1,2.4989593560078147e-07,0.0020000000000000018,1,0,0,0,0,required_grid,true,
0.002,4,jerk_limited,1000,2,1,0.995,0.000125,0.000124375,true,true,,,500,500,0.39867109634551495,199.33554817275729,0.39867109634551495,2.0033444878347213,2.0033444878347231,2.0390947185138484,0,1,2.4944692545748532e-07,0.0020000000000000018,1,0,0,0,0,required_grid,true,
0.002,4,jerk_limited,1000,2,-1,1,0.000125,-0.000125,true,true,,,500,500,1,499.99999999999955,1,1.9999999999999913,2.0000000000002416,2.0000000000012528,0,1,2.5000000000000248e-07,0.0020000000000000018,1,0,0,0,0,required_grid,true,
0.002,4,jerk_limited,1000,2,1,1,0.000125,0.000125,true,true,,,500,500,1,499.99999999999955,1,1.9999999999999913,2.0000000000002416,2.0000000000012528,0,1,2.5000000000000248e-07,0.0020000000000000018,1,0,0,0,0,required_grid,true,
0.002,4,jerk_limited,1000,2,-1,1.0049999999999999,0.000125,-0.00012562499999999998,true,true,,,500,500,0,0,0,1.9966777347470404,1.9966777347470426,1.9966777347474347,0,0.70099667774086383,2.7053194056725555e-07,0.0020000000000000018,1,0,0,0,0,required_grid,true,
0.002,4,jerk_limited,1000,2,1,1.0049999999999999,0.000125,0.00012562499999999998,true,true,,,500,500,0,0,0,1.9966777347470404,1.9966777347470426,1.9966777347474347,0,0.70099667774086383,2.7053194056725555e-07,0.0020000000000000018,1,0,0,0,0,required_grid,true,
0.002,4,jerk_limited,1000,2,-1,1.01,0.000125,-0.00012625000000000001,true,true,,,500,500,0,0,0,1.993377434954523,1.9933774349545239,1.9933774349550211,0,0.62790697674418605,2.7302277924488057e-07,0.0020000000000000018,1,0,0,0,0,required_grid,true,
0.002,4,jerk_limited,1000,2,1,1.01,0.000125,0.00012625000000000001,true,true,,,500,500,0,0,0,1.993377434954523,1.9933774349545239,1.9933774349550211,0,0.62790697674418605,2.7302277924488057e-07,0.0020000000000000018,1,0,0,0,0,required_grid,true,
0.002,4,jerk_limited,1000,2,-1,1.02,0.000125,-0.00012750000000000001,true,true,,,500,500,0,0,0,1.9868417243177097,1.9868417243177097,1.9868417243182079,0,0.60465116279069764,2.7542789154970458e-07,0.0020000000000000018,1,0,0,0,0,required_grid,true,
0.002,4,jerk_limited,1000,2,1,1.02,0.000125,0.00012750000000000001,true,true,,,500,500,0,0,0,1.9868417243177097,1.9868417243177097,1.9868417243182079,0,0.60465116279069764,2.7542789154970458e-07,0.0020000000000000018,1,0,0,0,0,required_grid,true,
0.002,4,jerk_limited,1000,2,-1,1.05,0.000125,-0.00013125000000000002,true,true,,,500,500,0,0,0,1.9677362936122036,1.9677362936122038,1.967736293612635,0,0.61794019933554822,2.8254076170066327e-07,0.0020000000000000018,1,0,0,0,0,required_grid,true,
0.002,4,jerk_limited,1000,2,1,1.05,0.000125,0.00013125000000000002,true,true,,,500,500,0,0,0,1.9677362936122036,1.9677362936122038,1.967736293612635,0,0.61794019933554822,2.8254076170066327e-07,0.0020000000000000018,1,0,0,0,0,required_grid,true,
0.002,4,jerk_limited,1000,2,-1,1.1000000000000001,0.000125,-0.00013750000000000001,true,true,,,500,500,0,0,0,1.9374586123027546,1.9374586123027546,1.9374586123032527,0,0.59800664451827246,2.9502466593280958e-07,0.0020000000000000018,1,0,0,0,0,required_grid,true,
0.002,4,jerk_limited,1000,2,1,1.1000000000000001,0.000125,0.00013750000000000001,true,true,,,500,500,0,0,0,1.9374586123027546,1.9374586123027546,1.9374586123032527,0,0.59800664451827246,2.9502466593280958e-07,0.0020000000000000018,1,0,0,0,0,required_grid,true,
0.002,4,jerk_limited,1000,2,-1,1.2,0.000125,-0.00014999999999999999,true,true,,,500,500,0,0,0,1.8820720577618975,1.882072057761897,1.8820720577623524,0,0.6312292358803987,3.2124098055097338e-07,0.0020000000000000018,1,0,0,0,0,required_grid,true,
0.002,4,jerk_limited,1000,2,1,1.2,0.000125,0.00014999999999999999,true,true,,,500,500,0,0,0,1.8820720577618975,1.882072057761897,1.8820720577623524,0,0.6312292358803987,3.2124098055097338e-07,0.0020000000000000018,1,0,0,0,0,required_grid,true,
0.002,4,jerk_limited,1000,2,-1,2,0.000125,-0.00025000000000000001,true,true,,,500,500,0,0,0,1.5874010519680728,1.5607417274163555,1.8247390697080557,0,0.34883720930232559,5.7093511799994412e-07,0.0020000000000000018,1,0,0,0,0,required_grid,true,
0.002,4,jerk_limited,1000,2,1,2,0.000125,0.00025000000000000001,true,true,,,500,500,0,0,0,1.5874010519680728,1.5607417274163555,1.8247390697080557,0,0.34883720930232559,5.7093511799994412e-07,0.0020000000000000018,1,0,0,0,0,required_grid,true,
0.002,4,jerk_limited,4000,8,-1,0.5,0.00050000000000000001,-0.00025000000000000001,true,true,,,500,500,1,499.99999999999955,1,1.9840000000000964,1.984000000000419,2.0000000000001434,0,1,4.9890021239412838e-07,0.0020000000000000018,1,0,0,0,0,required_grid,true,
0.002,4,jerk_limited,4000,8,1,0.5,0.00050000000000000001,0.00025000000000000001,true,true,,,500,500,1,499.99999999999955,1,1.9999999999996174,2.0000000000001066,2.000000000000496,0,1,4.9981466332473814e-07,0.0020000000000000018,1,0,0,0,0,required_grid,true,
0.002,4,jerk_limited,4000,8,-1,0.80000000000000004,0.00050000000000000001,-0.00040000000000000002,true,true,,,500,500,1,499.99999999999955,1,1.9999999999997407,2.0000000000002376,2.0079260706664295,0,1,8.0127599891546413e-07,0.0020000000000000018,1,0,0,0,0,required_grid,true,
0.002,4,jerk_limited,4000,8,1,0.80000000000000004,0.00050000000000000001,0.00040000000000000002,true,true,,,500,500,1,499.99999999999955,1,1.9999999999999181,2.0000000000000524,2.0079260706665889,0,1,8.0059079776056727e-07,0.0020000000000000018,1,0,0,0,0,required_grid,true,
0.002,4,jerk_limited,4000,8,-1,0.90000000000000002,0.00050000000000000001,-0.00045000000000000004,true,true,,,500,500,1,499.99999999999955,1,2.0000000000000866,2.0000000000000866,2.000000000000318,0,1,9.0000000000001182e-07,0.0020000000000000018,1,0,0,0,0,required_grid,true,
0.002,4,jerk_limited,4000,8,1,0.90000000000000002,0.00050000000000000001,0.00045000000000000004,true,true,,,500,500,1,499.99999999999955,1,1.9999999999997271,2.0000000000000528,2.0000000000006164,0,1,9.0000000000002114e-07,0.0020000000000000018,1,0,0,0,0,required_grid,true,
0.002,4,jerk_limited,4000,8,-1,0.94999999999999996,0.00050000000000000001,-0.000475,true,true,,,500,500,1,499.99999999999955,1,2.0000000000001354,2.0000000000001359,2.0000000000001363,0,1,9.5000000000000096e-07,0.0020000000000000018,1,0,0,0,0,required_grid,true,
0.002,4,jerk_limited,4000,8,1,0.94999999999999996,0.00050000000000000001,0.000475,true,true,,,500,500,1,499.99999999999955,1,1.9999999999995464,2.0000000000001097,2.0000000000004392,0,1,9.4999999999997841e-07,0.0020000000000000018,1,0,0,0,0,required_grid,true,
0.002,4,jerk_limited,4000,8,-1,0.97999999999999998,0.00050000000000000001,-0.00048999999999999998,true,true,,,500,500,1,499.99999999999955,1,1.9999999999999625,1.9999999999999634,2.0000000000008673,0,1,9.8000000000000968e-07,0.0020000000000000018,1,0,0,0,0,required_grid,true,
0.002,4,jerk_limited,4000,8,1,0.97999999999999998,0.00050000000000000001,0.00048999999999999998,true,true,,,500,500,1,499.99999999999955,1,1.9999999999997411,2.0000000000000195,2.0000000000006284,0,1,9.8000000000000269e-07,0.0020000000000000018,1,0,0,0,0,required_grid,true,
0.002,4,jerk_limited,4000,8,-1,0.98999999999999999,0.00050000000000000001,-0.000495,true,true,,,500,500,1,499.99999999999955,1,1.999999999999823,2.0000000000002691,2.0000000000004472,0,1,9.9000000000000259e-07,0.0020000000000000018,1,0,0,0,0,required_grid,true,
0.002,4,jerk_limited,4000,8,1,0.98999999999999999,0.00050000000000000001,0.000495,true,true,,,500,500,1,499.99999999999955,1,1.999999999999619,2.0000000000000089,2.0000000000005076,0,1,9.9000000000000513e-07,0.0020000000000000018,1,0,0,0,0,required_grid,true,
0.002,4,jerk_limited,4000,8,-1,0.995,0.00050000000000000001,-0.0004975,true,true,,,500,500,1,499.99999999999955,1,1.9999999999999778,2.0000000000000409,2.0000000000004232,0,1,9.9500000000001588e-07,0.0020000000000000018,1,0,0,0,0,required_grid,true,
0.002,4,jerk_limited,4000,8,1,0.995,0.00050000000000000001,0.0004975,true,true,,,500,500,1,499.99999999999955,1,1.9999999999997764,2.0000000000000582,2.000000000000556,0,1,9.9500000000001186e-07,0.0020000000000000018,1,0,0,0,0,required_grid,true,
0.002,4,jerk_limited,4000,8,-1,1,0.00050000000000000001,-0.00050000000000000001,true,true,,,500,500,1,499.99999999999955,1,1.9999999999999913,2.0000000000002416,2.0000000000012528,0,1,1.0000000000000099e-06,0.0020000000000000018,1,0,0,0,0,required_grid,true,
0.002,4,jerk_limited,4000,8,1,1,0.00050000000000000001,0.00050000000000000001,true,true,,,500,500,1,499.99999999999955,1,1.9999999999999913,2.0000000000002416,2.0000000000012528,0,1,1.0000000000000099e-06,0.0020000000000000018,1,0,0,0,0,required_grid,true,
0.002,4,jerk_limited,4000,8,-1,1.0049999999999999,0.00050000000000000001,-0.00050249999999999991,true,true,,,500,500,0,0,0,1.9966777347470404,1.9966777347470426,1.9966777347474347,0,0.70099667774086383,1.0821277622690222e-06,0.0020000000000000018,1,0,0,0,0,required_grid,true,
0.002,4,jerk_limited,4000,8,1,1.0049999999999999,0.00050000000000000001,0.00050249999999999991,true,true,,,500,500,0,0,0,1.9966777347470404,1.9966777347470426,1.9966777347474347,0,0.70099667774086383,1.0821277622690222e-06,0.0020000000000000018,1,0,0,0,0,required_grid,true,
0.002,4,jerk_limited,4000,8,-1,1.01,0.00050000000000000001,-0.00050500000000000002,true,true,,,500,500,0,0,0,1.993377434954523,1.9933774349545239,1.9933774349550211,0,0.62790697674418605,1.0920911169795223e-06,0.0020000000000000018,1,0,0,0,0,required_grid,true,
0.002,4,jerk_limited,4000,8,1,1.01,0.00050000000000000001,0.00050500000000000002,true,true,,,500,500,0,0,0,1.993377434954523,1.9933774349545239,1.9933774349550211,0,0.62790697674418605,1.0920911169795223e-06,0.0020000000000000018,1,0,0,0,0,required_grid,true,
0.002,4,jerk_limited,4000,8,-1,1.02,0.00050000000000000001,-0.00051000000000000004,true,true,,,500,500,0,0,0,1.9868417243177097,1.9868417243177097,1.9868417243182079,0,0.60465116279069764,1.1017115661988183e-06,0.0020000000000000018,1,0,0,0,0,required_grid,true,
0.002,4,jerk_limited,4000,8,1,1.02,0.00050000000000000001,0.00051000000000000004,true,true,,,500,500,0,0,0,1.9868417243177097,1.9868417243177097,1.9868417243182079,0,0.60465116279069764,1.1017115661988183e-06,0.0020000000000000018,1,0,0,0,0,required_grid,true,
0.002,4,jerk_limited,4000,8,-1,1.05,0.00050000000000000001,-0.00052500000000000008,true,true,,,500,500,0,0,0,1.9677362936122036,1.9677362936122038,1.967736293612635,0,0.61794019933554822,1.1301630468026531e-06,0.0020000000000000018,1,0,0,0,0,required_grid,true,
0.002,4,jerk_limited,4000,8,1,1.05,0.00050000000000000001,0.00052500000000000008,true,true,,,500,500,0,0,0,1.9677362936122036,1.9677362936122038,1.967736293612635,0,0.61794019933554822,1.1301630468026531e-06,0.0020000000000000018,1,0,0,0,0,required_grid,true,
0.002,4,jerk_limited,4000,8,-1,1.1000000000000001,0.00050000000000000001,-0.00055000000000000003,true,true,,,500,500,0,0,0,1.9374586123027546,1.9374586123027546,1.9374586123032527,0,0.59800664451827246,1.1800986637312383e-06,0.0020000000000000018,1,0,0,0,0,required_grid,true,
0.002,4,jerk_limited,4000,8,1,1.1000000000000001,0.00050000000000000001,0.00055000000000000003,true,true,,,500,500,0,0,0,1.9374586123027546,1.9374586123027546,1.9374586123032527,0,0.59800664451827246,1.1800986637312383e-06,0.0020000000000000018,1,0,0,0,0,required_grid,true,
0.002,4,jerk_limited,4000,8,-1,1.2,0.00050000000000000001,-0.00059999999999999995,true,true,,,500,500,0,0,0,1.8820720577618975,1.882072057761897,1.8820720577623524,0,0.6312292358803987,1.2849639222038935e-06,0.0020000000000000018,1,0,0,0,0.002,required_grid,true,
0.002,4,jerk_limited,4000,8,1,1.2,0.00050000000000000001,0.00059999999999999995,true,true,,,500,500,0,0,0,1.8820720577618975,1.882072057761897,1.8820720577623524,0,0.6312292358803987,1.2849639222038935e-06,0.0020000000000000018,1,0,0,0,0,required_grid,true,
0.002,4,jerk_limited,4000,8,-1,2,0.00050000000000000001,-0.001,true,true,,,500,500,0,0,0,1.5874010519680728,1.5607417274163555,1.8247390697080557,0,0.34883720930232559,2.2837404719997765e-06,0.0020000000000000018,1,0,0,0,0,required_grid,true,
0.002,4,jerk_limited,4000,8,1,2,0.00050000000000000001,0.001,true,true,,,500,500,0,0,0,1.5874010519680728,1.5607417274163555,1.8247390697080557,0,0.34883720930232559,2.2837404719997765e-06,0.0020000000000000018,1,0,0,0,0,required_grid,true,
0.0050000000000000001,0.25,acceleration_limited,1000,0.3125,-1,0.5,0.00034179687500000003,-0.00017089843750000002,true,true,,,200,200,1,199.99999999999983,1,1.2485297677900962,1.248529767790217,1.248529767792375,0,1,8.5449218749999345e-07,0.0050000000000000044,1,0,0,0,0,required_grid,true,
0.0050000000000000001,0.25,acceleration_limited,1000,0.3125,1,0.5,0.00034179687500000003,0.00017089843750000002,true,true,,,200,200,1,199.99999999999983,1,1.2485297677900962,1.248529767790217,1.248529767792375,0,1,8.5449218749999345e-07,0.0050000000000000044,1,0,0,0,0,required_grid,true,
0.0050000000000000001,0.25,acceleration_limited,1000,0.3125,-1,0.80000000000000004,0.00034179687500000003,-0.00027343750000000003,true,true,,,200,200,1,199.99999999999983,1,1.470076834593691,1.4700768345938251,1.4700768345943815,0,1,1.3671874999999951e-06,0.0050000000000000044,1,0,0,0,0,required_grid,true,
0.0050000000000000001,0.25,acceleration_limited,1000,0.3125,1,0.80000000000000004,0.00034179687500000003,0.00027343750000000003,true,true,,,200,200,1,199.99999999999983,1,1.470076834593691,1.4700768345938251,1.4700768345943815,0,1,1.3671874999999951e-06,0.0050000000000000044,1,0,0,0,0,required_grid,true,
0.0050000000000000001,0.25,acceleration_limited,1000,0.3125,-1,0.90000000000000002,0.00034179687500000003,-0.00030761718750000006,true,true,,,200,200,1,199.99999999999983,1,1.6131183096858996,1.613118309686129,1.6131183096866186,0,1,1.538085937499999e-06,0.0050000000000000044,1,0,0,0,0,required_grid,true,
0.0050000000000000001,0.25,acceleration_limited,1000,0.3125,1,0.90000000000000002,0.00034179687500000003,0.00030761718750000006,true,true,,,200,200,1,199.99999999999983,1,1.6131183096858996,1.613118309686129,1.6131183096866186,0,1,1.538085937499999e-06,0.0050000000000000044,1,0,0,0,0,required_grid,true,
0.0050000000000000001,0.25,acceleration_limited,1000,0.3125,-1,0.94999999999999996,0.00034179687500000003,-0.00032470703125000002,true,true,,,200,200,1,199.99999999999983,1,1.7303985204038121,1.7303985204040131,1.7303985204042795,0,1,1.6235351562499679e-06,0.0050000000000000044,1,0,0,0,0,required_grid,true,
0.0050000000000000001,0.25,acceleration_limited,1000,0.3125,1,0.94999999999999996,0.00034179687500000003,0.00032470703125000002,true,true,,,200,200,1,199.99999999999983,1,1.7303985204038121,1.7303985204040131,1.7303985204042795,0,1,1.6235351562499679e-06,0.0050000000000000044,1,0,0,0,0,required_grid,true,
0.0050000000000000001,0.25,acceleration_limited,1000,0.3125,-1,0.97999999999999998,0.00034179687500000003,-0.00033496093750000003,true,true,,,200,200,1,199.99999999999983,1,1.8453440259266394,1.8453440259266396,1.8453440259269154,0,1,1.6748046874999817e-06,0.0050000000000000044,1,0,0,0,0,required_grid,true,
0.0050000000000000001,0.25,acceleration_limited,1000,0.3125,1,0.97999999999999998,0.00034179687500000003,0.00033496093750000003,true,true,,,200,200,1,199.99999999999983,1,1.8453440259266394,1.8453440259266396,1.8453440259269154,0,1,1.6748046874999817e-06,0.0050000000000000044,1,0,0,0,0,required_grid,true,
0.0050000000000000001,0.25,acceleration_limited,1000,0.3125,-1,0.98999999999999999,0.00034179687500000003,-0.00033837890625000003,true,true,,,200,200,1,199.99999999999983,1,1.9047619047618647,1.9047619047621513,1.9047619047625821,0,1,1.6918945312499884e-06,0.0050000000000000044,1,0,0,0,0,required_grid,true,
0.0050000000000000001,0.25,acceleration_limited,1000,0.3125,1,0.98999999999999999,0.00034179687500000003,0.00033837890625000003,true,true,,,200,200,1,199.99999999999983,1,1.9047619047618647,1.9047619047621513,1.9047619047625821,0,1,1.6918945312499884e-06,0.0050000000000000044,1,0,0,0,0,required_grid,true,
0.0050000000000000001,0.25,acceleration_limited,1000,0.3125,-1,0.995,0.00034179687500000003,-0.000340087890625,true,true,,,200,200,1,199.99999999999983,1,1.9445768876013845,1.9445768876015264,1.9445768876019811,0,1,1.7004394531249961e-06,0.0050000000000000044,1,0,0,0,0,required_grid,true,
0.0050000000000000001,0.25,acceleration_limited,1000,0.3125,1,0.995,0.00034179687500000003,0.000340087890625,true,true,,,200,200,1,199.99999999999983,1,1.9445768876013845,1.9445768876015264,1.9445768876019811,0,1,1.7004394531249961e-06,0.0050000000000000044,1,0,0,0,0,required_grid,true,
0.0050000000000000001,0.25,acceleration_limited,1000,0.3125,-1,1,0.00034179687500000003,-0.00034179687500000003,true,true,,,200,200,1,199.99999999999983,1,2.0000000000000373,2.0000000000000373,2.0000000000003211,0,1,1.7089843749999941e-06,0.0050000000000000044,1,0,0,0,0,required_grid,true,
0.0050000000000000001,0.25,acceleration_limited,1000,0.3125,1,1,0.00034179687500000003,0.00034179687500000003,true,true,,,200,200,1,199.99999999999983,1,2.0000000000000373,2.0000000000000373,2.0000000000003211,0,1,1.7089843749999941e-06,0.0050000000000000044,1,0,0,0,0,required_grid,true,
0.0050000000000000001,0.25,acceleration_limited,1000,0.3125,-1,1.0049999999999999,0.00034179687500000003,-0.00034350585937500001,true,true,,,200,200,0,0,0,1.9947550747136034,1.9855101804700734,1.9953499629493412,0,0.33057851239669422,1.7228731181733122e-06,0.0050000000000000044,1,0,0,0,0,required_grid,true,
0.0050000000000000001,0.25,acceleration_limited,1000,0.3125,1,1.0049999999999999,0.00034179687500000003,0.00034350585937500001,true,true,,,200,200,0,0,0,1.9947550747136034,1.9855101804700734,1.9953499629493412,0,0.33057851239669422,1.7228731181733122e-06,0.0050000000000000044,1,0,0,0,0,required_grid,true,
0.0050000000000000001,0.25,acceleration_limited,1000,0.3125,-1,1.01,0.00034179687500000003,-0.00034521484375000004,true,true,,,200,200,0,0,0,1.9895865680062919,1.9711028113538385,1.9907329206464437,0,0.30578512396694213,1.7316963351719666e-06,0.0050000000000000044,1,0,0,0,0,required_grid,true,
0.0050000000000000001,0.25,acceleration_limited,1000,0.3125,1,1.01,0.00034179687500000003,0.00034521484375000004,true,true,,,200,200,0,0,0,1.9895865680062919,1.9711028113538385,1.9907329206464437,0,0.30578512396694213,1.7316963351719666e-06,0.0050000000000000044,1,0,0,0,0,required_grid,true,
0.0050000000000000001,0.25,acceleration_limited,1000,0.3125,-1,1.02,0.00034179687500000003,-0.00034863281250000004,true,true,,,200,200,0,0,0,1.97947779331145,1.9425279244330682,1.9815962597759629,0,0.32231404958677684,1.7494049587613339e-06,0.0050000000000000044,1,0,0,0,0,required_grid,true,
0.0050000000000000001,0.25,acceleration_limited,1000,0.3125,1,1.02,0.00034179687500000003,0.00034863281250000004,true,true,,,200,200,0,0,0,1.97947779331145,1.9425279244330682,1.9815962597759629,0,0.32231404958677684,1.7494049587613339e-06,0.0050000000000000044,1,0,0,0,0,required_grid,true,
0.0050000000000000001,0.25,acceleration_limited,1000,0.3125,-1,1.05,0.00034179687500000003,-0.00035888671875000005,true,true,,,200,200,0,0,0,1.9509704757824031,1.8588640505535636,1.9549387160206764,0,0.33057851239669422,1.8030403910462817e-06,0.0050000000000000044,1,0,0,0,0,required_grid,true,
0.0050000000000000001,0.25,acceleration_limited,1000,0.3125,1,1.05,0.00034179687500000003,0.00035888671875000005,true,true,,,200,200,0,0,0,1.9509704757824031,1.8588640505535636,1.9549387160206764,0,0.33057851239669422,1.8030403910462817e-06,0.0050000000000000044,1,0,0,0,0,required_grid,true,
0.0050000000000000001,0.25,acceleration_limited,1000,0.3125,-1,1.1000000000000001,0.00034179687500000003,-0.00037597656250000006,true,true,,,200,200,0,0,0,1.9095545175843018,1.7851350825963812,1.9128511938736124,0,0.49586776859504134,1.8941933485278911e-06,0.0050000000000000044,1,0,0,0,0,required_grid,true,
0.0050000000000000001,0.25,acceleration_limited,1000,0.3125,1,1.1000000000000001,0.00034179687500000003,0.00037597656250000006,true,true,,,200,200,0,0,0,1.9095545175843018,1.7851350825963812,1.9128511938736124,0,0.49586776859504134,1.8941933485278911e-06,0.0050000000000000044,1,0,0,0,0,required_grid,true,
0.0050000000000000001,0.25,acceleration_limited,1000,0.3125,-1,1.2,0.00034179687500000003,-0.00041015625000000004,true,true,,,200,200,0,0,0,1.8333339568196794,1.6666417340622568,1.6719235988579515,0.16128590719585367,0,2.0740217144737042e-06,0.0050000000000000044,1,0,0,0,0,required_grid,true,
0.0050000000000000001,0.25,acceleration_limited,1000,0.3125,1,1.2,0.00034179687500000003,0.00041015625000000004,true,true,,,200,200,0,0,0,1.8333339568196794,1.6666417340622568,1.6719235988579515,0.16128590719585367,0,2.0740217144737042e-06,0.0050000000000000044,1,0,0,0,0,required_grid,true,
0.0050000000000000001,0.25,acceleration_limited,1000,0.3125,-1,2,0.00034179687500000003,-0.00068359375000000007,true,true,,,200,200,0,0,0,1.499999999999952,0.99999999999995826,0.99999999999998401,0.49999999999996941,0,3.6633809407551886e-06,0.0050000000000000044,1,0,0,0,0,required_grid,true,
0.0050000000000000001,0.25,acceleration_limited,1000,0.3125,1,2,0.00034179687500000003,0.00068359375000000007,true,true,,,200,200,0,0,0,1.499999999999952,0.99999999999995826,0.99999999999998401,0.49999999999996941,0,3.6633809407551886e-06,0.0050000000000000044,1,0,0,0,0,required_grid,true,
0.0050000000000000001,0.25,acceleration_limited,4000,1.25,-1,0.5,0.0013671875000000001,-0.00068359375000000007,true,true,,,200,200,1,199.99999999999983,1,1.2485297677900962,1.248529767790217,1.248529767792375,0,1,3.4179687499999738e-06,0.0050000000000000044,1,0,0,0,0,required_grid,true,
0.0050000000000000001,0.25,acceleration_limited,4000,1.25,1,0.5,0.0013671875000000001,0.00068359375000000007,true,true,,,200,200,1,199.99999999999983,1,1.2485297677900962,1.248529767790217,1.248529767792375,0,1,3.4179687499999738e-06,0.0050000000000000044,1,0,0,0,0,required_grid,true,
0.0050000000000000001,0.25,acceleration_limited,4000,1.25,-1,0.80000000000000004,0.0013671875000000001,-0.0010937500000000001,true,true,,,200,200,1,199.99999999999983,1,1.470076834593691,1.4700768345938251,1.4700768345943815,0,1,5.4687499999999805e-06,0.0050000000000000044,1,0,0,0,0,required_grid,true,
0.0050000000000000001,0.25,acceleration_limited,4000,1.25,1,0.80000000000000004,0.0013671875000000001,0.0010937500000000001,true,true,,,200,200,1,199.99999999999983,1,1.470076834593691,1.4700768345938251,1.4700768345943815,0,1,5.4687499999999805e-06,0.0050000000000000044,1,0,0,0,0,required_grid,true,
0.0050000000000000001,0.25,acceleration_limited,4000,1.25,-1,0.90000000000000002,0.0013671875000000001,-0.0012304687500000002,true,true,,,200,200,1,199.99999999999983,1,1.6131183096858996,1.613118309686129,1.6131183096866186,0,1,6.1523437499999958e-06,0.0050000000000000044,1,0,0,0,0,required_grid,true,
0.0050000000000000001,0.25,acceleration_limited,4000,1.25,1,0.90000000000000002,0.0013671875000000001,0.0012304687500000002,true,true,,,200,200,1,199.99999999999983,1,1.6131183096858996,1.613118309686129,1.6131183096866186,0,1,6.1523437499999958e-06,0.0050000000000000044,1,0,0,0,0,required_grid,true,
0.0050000000000000001,0.25,acceleration_limited,4000,1.25,-1,0.94999999999999996,0.0013671875000000001,-0.0012988281250000001,true,true,,,200,200,1,199.99999999999983,1,1.7303985204038121,1.7303985204040131,1.7303985204042795,0,1,6.4941406249998718e-06,0.0050000000000000044,1,0,0,0,0,required_grid,true,
0.0050000000000000001,0.25,acceleration_limited,4000,1.25,1,0.94999999999999996,0.0013671875000000001,0.0012988281250000001,true,true,,,200,200,1,199.99999999999983,1,1.7303985204038121,1.7303985204040131,1.7303985204042795,0,1,6.4941406249998718e-06,0.0050000000000000044,1,0,0,0,0,required_grid,true,
0.0050000000000000001,0.25,acceleration_limited,4000,1.25,-1,0.97999999999999998,0.0013671875000000001,-0.0013398437500000001,true,true,,,200,200,1,199.99999999999983,1,1.8453440259266394,1.8453440259266396,1.8453440259269154,0,1,6.6992187499999269e-06,0.0050000000000000044,1,0,0,0,0,required_grid,true,
0.0050000000000000001,0.25,acceleration_limited,4000,1.25,1,0.97999999999999998,0.0013671875000000001,0.0013398437500000001,true,true,,,200,200,1,199.99999999999983,1,1.8453440259266394,1.8453440259266396,1.8453440259269154,0,1,6.6992187499999269e-06,0.0050000000000000044,1,0,0,0,0,required_grid,true,
0.0050000000000000001,0.25,acceleration_limited,4000,1.25,-1,0.98999999999999999,0.0013671875000000001,-0.0013535156250000001,true,true,,,200,200,1,199.99999999999983,1,1.9047619047618647,1.9047619047621513,1.9047619047625821,0,1,6.7675781249999538e-06,0.0050000000000000044,1,0,0,0,0,required_grid,true,
0.0050000000000000001,0.25,acceleration_limited,4000,1.25,1,0.98999999999999999,0.0013671875000000001,0.0013535156250000001,true,true,,,200,200,1,199.99999999999983,1,1.9047619047618647,1.9047619047621513,1.9047619047625821,0,1,6.7675781249999538e-06,0.0050000000000000044,1,0,0,0,0,required_grid,true,
0.0050000000000000001,0.25,acceleration_limited,4000,1.25,-1,0.995,0.0013671875000000001,-0.0013603515625,true,true,,,200,200,1,199.99999999999983,1,1.9445768876013845,1.9445768876015264,1.9445768876019811,0,1,6.8017578124999846e-06,0.0050000000000000044,1,0,0,0,0,required_grid,true,
0.0050000000000000001,0.25,acceleration_limited,4000,1.25,1,0.995,0.0013671875000000001,0.0013603515625,true,true,,,200,200,1,199.99999999999983,1,1.9445768876013845,1.9445768876015264,1.9445768876019811,0,1,6.8017578124999846e-06,0.0050000000000000044,1,0,0,0,0,required_grid,true,
0.0050000000000000001,0.25,acceleration_limited,4000,1.25,-1,1,0.0013671875000000001,-0.0013671875000000001,true,true,,,200,200,1,199.99999999999983,1,2.0000000000000373,2.0000000000000373,2.0000000000003211,0,1,6.8359374999999764e-06,0.0050000000000000044,1,0,0,0,0,required_grid,true,
0.0050000000000000001,0.25,acceleration_limited,4000,1.25,1,1,0.0013671875000000001,0.0013671875000000001,true,true,,,200,200,1,199.99999999999983,1,2.0000000000000373,2.0000000000000373,2.0000000000003211,0,1,6.8359374999999764e-06,0.0050000000000000044,1,0,0,0,0,required_grid,true,
0.0050000000000000001,0.25,acceleration_limited,4000,1.25,-1,1.0049999999999999,0.0013671875000000001,-0.0013740234375,true,true,,,200,200,0,0,0,1.9947550747136034,1.9855101804700734,1.9953499629493412,0,0.33057851239669422,6.8914924726932488e-06,0.0050000000000000044,1,0,0,0,0,required_grid,true,
0.0050000000000000001,0.25,acceleration_limited,4000,1.25,1,1.0049999999999999,0.0013671875000000001,0.0013740234375,true,true,,,200,200,0,0,0,1.9947550747136034,1.9855101804700734,1.9953499629493412,0,0.33057851239669422,6.8914924726932488e-06,0.0050000000000000044,1,0,0,0,0,required_grid,true,
0.0050000000000000001,0.25,acceleration_limited,4000,1.25,-1,1.01,0.0013671875000000001,-0.0013808593750000001,true,true,,,200,200,0,0,0,1.9895865680062919,1.9711028113538385,1.9907329206464437,0,0.30578512396694213,6.9267853406878662e-06,0.0050000000000000044,1,0,0,0,0,required_grid,true,
0.0050000000000000001,0.25,acceleration_limited,4000,1.25,1,1.01,0.0013671875000000001,0.0013808593750000001,true,true,,,200,200,0,0,0,1.9895865680062919,1.9711028113538385,1.9907329206464437,0,0.30578512396694213,6.9267853406878662e-06,0.0050000000000000044,1,0,0,0,0,required_grid,true,
0.0050000000000000001,0.25,acceleration_limited,4000,1.25,-1,1.02,0.0013671875000000001,-0.0013945312500000002,true,true,,,200,200,0,0,0,1.97947779331145,1.9425279244330682,1.9815962597759629,0,0.32231404958677684,6.9976198350453355e-06,0.0050000000000000044,1,0,0,0,0,required_grid,true,
0.0050000000000000001,0.25,acceleration_limited,4000,1.25,1,1.02,0.0013671875000000001,0.0013945312500000002,true,true,,,200,200,0,0,0,1.97947779331145,1.9425279244330682,1.9815962597759629,0,0.32231404958677684,6.9976198350453355e-06,0.0050000000000000044,1,0,0,0,0,required_grid,true,
0.0050000000000000001,0.25,acceleration_limited,4000,1.25,-1,1.05,0.0013671875000000001,-0.0014355468750000002,true,true,,,200,200,0,0,0,1.9509704757824031,1.8588640505535636,1.9549387160206764,0,0.33057851239669422,7.2121615641851268e-06,0.0050000000000000044,1,0,0,0,0,required_grid,true,
0.0050000000000000001,0.25,acceleration_limited,4000,1.25,1,1.05,0.0013671875000000001,0.0014355468750000002,true,true,,,200,200,0,0,0,1.9509704757824031,1.8588640505535636,1.9549387160206764,0,0.33057851239669422,7.2121615641851268e-06,0.0050000000000000044,1,0,0,0,0,required_grid,true,
0.0050000000000000001,0.25,acceleration_limited,4000,1.25,-1,1.1000000000000001,0.0013671875000000001,-0.0015039062500000003,true,true,,,200,200,0,0,0,1.9095545175843018,1.7851350825963812,1.9128511938736124,0,0.49586776859504134,7.5767733941115643e-06,0.0050000000000000044,1,0,0,0,0,required_grid,true,
0.0050000000000000001,0.25,acceleration_limited,4000,1.25,1,1.1000000000000001,0.0013671875000000001,0.0015039062500000003,true,true,,,200,200,0,0,0,1.9095545175843018,1.7851350825963812,1.9128511938736124,0,0.49586776859504134,7.5767733941115643e-06,0.0050000000000000044,1,0,0,0,0,required_grid,true,
0.0050000000000000001,0.25,acceleration_limited,4000,1.25,-1,1.2,0.0013671875000000001,-0.0016406250000000002,true,true,,,200,200,0,0,0,1.8333339568196794,1.6666417340622568,1.6719235988579515,0.16128590719585367,0,8.2960868578948168e-06,0.0050000000000000044,1,0,0,0,0,required_grid,true,
0.0050000000000000001,0.25,acceleration_limited,4000,1.25,1,1.2,0.0013671875000000001,0.0016406250000000002,true,true,,,200,200,0,0,0,1.8333339568196794,1.6666417340622568,1.6719235988579515,0.16128590719585367,0,8.2960868578948168e-06,0.0050000000000000044,1,0,0,0,0,required_grid,true,
0.0050000000000000001,0.25,acceleration_limited,4000,1.25,-1,2,0.0013671875000000001,-0.0027343750000000003,true,true,,,200,200,0,0,0,1.499999999999952,0.99999999999995826,0.99999999999998401,0.49999999999996941,0,1.4653523763020754e-05,0.0050000000000000044,1,0,0,0,0,required_grid,true,
0.0050000000000000001,0.25,acceleration_limited,4000,1.25,1,2,0.0013671875000000001,0.0027343750000000003,true,true,,,200,200,0,0,0,1.499999999999952,0.99999999999995826,0.99999999999998401,0.49999999999996941,0,1.4653523763020754e-05,0.0050000000000000044,1,0,0,0,0,required_grid,true,
0.0050000000000000001,0.5,acceleration_limited,1000,0.625,-1,0.5,0.00058593750000000009,-0.00029296875000000004,true,true,,,200,200,1,199.99999999999983,1,1.3333333333332764,1.3333333333335131,1.3333333333342239,0,1,1.4648437500000038e-06,0.0050000000000000044,1,0,0,0,0,required_grid,true,
0.0050000000000000001,0.5,acceleration_limited,1000,0.625,1,0.5,0.00058593750000000009,0.00029296875000000004,true,true,,,200,200,1,199.99999999999983,1,1.3333333333332764,1.3333333333335131,1.3333333333342239,0,1,1.4648437500000038e-06,0.0050000000000000044,1,0,0,0,0,required_grid,true,
0.0050000000000000001,0.5,acceleration_limited,1000,0.625,-1,0.80000000000000004,0.00058593750000000009,-0.00046875000000000009,true,true,,,200,200,1,199.99999999999983,1,1.5600982836583692,1.5600982836583692,1.5600982836594059,0,1,2.3437500000000053e-06,0.0050000000000000044,1,0,0,0,0,required_grid,true,
0.0050000000000000001,0.5,acceleration_limited,1000,0.625,1,0.80000000000000004,0.00058593750000000009,0.00046875000000000009,true,true,,,200,200,1,199.99999999999983,1,1.5600982836583692,1.5600982836583692,1.5600982836594059,0,1,2.3437500000000053e-06,0.0050000000000000044,1,0,0,0,0,required_grid,true,
0.0050000000000000001,0.5,acceleration_limited,1000,0.625,-1,0.90000000000000002,0.00058593750000000009,-0.00052734375000000014,true,true,,,200,200,1,199.99999999999983,1,1.7006226237930651,1.7006226237930642,1.7006226237931958,0,1,2.6367187499999743e-06,0.0050000000000000044,1,0,0,0,0,required_grid,true,
0.0050000000000000001,0.5,acceleration_limited,1000,0.625,1,0.90000000000000002,0.00058593750000000009,0.00052734375000000014,true,true,,,200,200,1,199.99999999999983,1,1.7006226237930651,1.7006226237930642,1.7006226237931958,0,1,2.6367187499999743e-06,0.0050000000000000044,1,0,0,0,0,required_grid,true,
0.0050000000000000001,0.5,acceleration_limited,1000,0.625,-1,0.94999999999999996,0.00058593750000000009,-0.00055664062500000006,true,true,,,200,200,1,199.99999999999983,1,1.8091547749267545,1.8091547749268169,1.8091547749277517,0,1,2.7832031249999899e-06,0.0050000000000000044,1,0,0,0,0,required_grid,true,
0.0050000000000000001,0.5,acceleration_limited,1000,0.625,1,0.94999999999999996,0.00058593750000000009,0.00055664062500000006,true,true,,,200,200,1,199.99999999999983,1,1.8091547749267545,1.8091547749268169,1.8091547749277517,0,1,2.7832031249999899e-06,0.0050000000000000044,1,0,0,0,0,required_grid,true,
0.0050000000000000001,0.5,acceleration_limited,1000,0.625,-1,0.97999999999999998,0.00058593750000000009,-0.00057421875000000008,true,true,,,200,200,1,199.99999999999983,1,1.904761904761896,1.9047619047620168,1.9047619047623794,0,1,2.8710937500000122e-06,0.0050000000000000044,1,0,0,0,0,required_grid,true,
0.0050000000000000001,0.5,acceleration_limited,1000,0.625,1,0.97999999999999998,0.00058593750000000009,0.00057421875000000008,true,true,,,200,200,1,199.99999999999983,1,1.904761904761896,1.9047619047620168,1.9047619047623794,0,1,2.8710937500000122e-06,0.0050000000000000044,1,0,0,0,0,required_grid,true,
0.0050000000000000001,0.5,acceleration_limited,1000,0.625,-1,0.98999999999999999,0.00058593750000000009,-0.00058007812500000008,true,true,,,200,200,1,199.99999999999983,1,1.9472887184984382,1.9472887184984382,1.9472887184989764,0,1,2.9003906250000135e-06,0.0050000000000000044,1,0,0,0,0,required_grid,true,
0.0050000000000000001,0.5,acceleration_limited,1000,0.625,1,0.98999999999999999,0.00058593750000000009,0.00058007812500000008,true,true,,,200,200,1,199.99999999999983,1,1.9472887184984382,1.9472887184984382,1.9472887184989764,0,1,2.9003906250000135e-06,0.0050000000000000044,1,0,0,0,0,required_grid,true,
0.0050000000000000001,0.5,acceleration_limited,1000,0.625,-1,0.995,0.00058593750000000009,-0.00058300781250000008,true,true,,,200,200,1,199.99999999999983,1,1.9720090879175549,1.9720090879176728,1.9720090879181422,0,1,2.9150390625000214e-06,0.0050000000000000044,1,0,0,0,0,required_grid,true,
0.0050000000000000001,0.5,acceleration_limited,1000,0.625,1,0.995,0.00058593750000000009,0.00058300781250000008,true,true,,,200,200,1,199.99999999999983,1,1.9720090879175549,1.9720090879176728,1.9720090879181422,0,1,2.9150390625000214e-06,0.0050000000000000044,1,0,0,0,0,required_grid,true,
0.0050000000000000001,0.5,acceleration_limited,1000,0.625,-1,1,0.00058593750000000009,-0.00058593750000000009,true,true,,,200,200,1,199.99999999999983,1,1.9999999999999738,2.0000000000000417,2.0000000000001945,0,1,2.9296874999999988e-06,0.0050000000000000044,1,0,0,0,0,required_grid,true,
0.0050000000000000001,0.5,acceleration_limited,1000,0.625,1,1,0.00058593750000000009,0.00058593750000000009,true,true,,,200,200,1,199.99999999999983,1,1.9999999999999738,2.0000000000000417,2.0000000000001945,0,1,2.9296874999999988e-06,0.0050000000000000044,1,0,0,0,0,required_grid,true,
0.0050000000000000001,0.5,acceleration_limited,1000,0.625,-1,1.0049999999999999,0.00058593750000000009,-0.00058886718749999998,true,true,,,200,200,0,0,0,1.9957042097180369,1.9955325787544731,1.9957286624012458,0,0.47933884297520662,2.9830039528807555e-06,0.0050000000000000044,1,0,0,0,0,required_grid,true,
0.0050000000000000001,0.5,acceleration_limited,1000,0.625,1,1.0049999999999999,0.00058593750000000009,0.00058886718749999998,true,true,,,200,200,0,0,0,1.9957042097180369,1.9955325787544731,1.9957286624012458,0,0.47933884297520662,2.9830039528807555e-06,0.0050000000000000044,1,0,0,0,0,required_grid,true,
0.0050000000000000001,0.5,acceleration_limited,1000,0.625,-1,1.01,0.00058593750000000009,-0.00059179687500000009,true,true,,,200,200,0,0,0,1.9892140706025625,1.9728352351396916,1.9914858607353181,0,0.38842975206611569,3.0013062268188614e-06,0.0050000000000000044,1,0,0,0,0,required_grid,true,
0.0050000000000000001,0.5,acceleration_limited,1000,0.625,1,1.01,0.00058593750000000009,0.00059179687500000009,true,true,,,200,200,0,0,0,1.9892140706025625,1.9728352351396916,1.9914858607353181,0,0.38842975206611569,3.0013062268188614e-06,0.0050000000000000044,1,0,0,0,0,required_grid,true,
0.0050000000000000001,0.5,acceleration_limited,1000,0.625,-1,1.02,0.00058593750000000009,-0.0005976562500000001,true,true,,,200,200,0,0,0,1.9786286036035421,1.9454820682408436,1.9830845813167099,0,0.34710743801652894,3.0323558565949559e-06,0.0050000000000000044,1,0,0,0,0,required_grid,true,
0.0050000000000000001,0.5,acceleration_limited,1000,0.625,1,1.02,0.00058593750000000009,0.0005976562500000001,true,true,,,200,200,0,0,0,1.9786286036035421,1.9454820682408436,1.9830845813167099,0,0.34710743801652894,3.0323558565949559e-06,0.0050000000000000044,1,0,0,0,0,required_grid,true,
0.0050000000000000001,0.5,acceleration_limited,1000,0.625,-1,1.05,0.00058593750000000009,-0.00061523437500000011,true,true,,,200,200,0,0,0,1.9578708238726403,1.9530872138184687,1.9585331211346813,0,0.33884297520661155,3.1265540987861245e-06,0.0050000000000000044,1,0,0,0,0,required_grid,true,
0.0050000000000000001,0.5,acceleration_limited,1000,0.625,1,1.05,0.00058593750000000009,0.00061523437500000011,true,true,,,200,200,0,0,0,1.9578708238726403,1.9530872138184687,1.9585331211346813,0,0.33884297520661155,3.1265540987861245e-06,0.0050000000000000044,1,0,0,0,0,required_grid,true,
0.0050000000000000001,0.5,acceleration_limited,1000,0.625,-1,1.1000000000000001,0.00058593750000000009,-0.00064453125000000014,true,true,,,200,200,0,0,0,1.9031434804329745,1.7369266064078321,1.9196510085930618,0,0.31404958677685951,3.2859725164230923e-06,0.0050000000000000044,1,0,0,0,0,required_grid,true,
0.0050000000000000001,0.5,acceleration_limited,1000,0.625,1,1.1000000000000001,0.00058593750000000009,0.00064453125000000014,true,true,,,200,200,0,0,0,1.9031434804329745,1.7369266064078321,1.9196510085930618,0,0.31404958677685951,3.2859725164230923e-06,0.0050000000000000044,1,0,0,0,0,required_grid,true,
0.0050000000000000001,0.5,acceleration_limited,1000,0.625,-1,1.2,0.00058593750000000009,-0.00070312500000000008,true,true,,,200,200,0,0,0,1.8318529979196105,1.5789823852463956,1.8486288010006227,0,0.49586776859504134,3.6164015378850564e-06,0.0050000000000000044,1,0,0,0,0,required_grid,true,
0.0050000000000000001,0.5,acceleration_limited,1000,0.625,1,1.2,0.00058593750000000009,0.00070312500000000008,true,true,,,200,200,0,0,0,1.8318529979196105,1.5789823852463956,1.8486288010006227,0,0.49586776859504134,3.6164015378850564e-06,0.0050000000000000044,1,0,0,0,0,required_grid,true,
0.0050000000000000001,0.5,acceleration_limited,1000,0.625,-1,2,0.00058593750000000009,-0.0011718750000000002,true,true,,,200,200,0,0,0,1.4999999999999558,0.99999999999995859,1.0000000000011131,0.49999999999857542,0,6.3578287760447197e-06,0.0050000000000000044,1,0,0,0,0,required_grid,true,
0.0050000000000000001,0.5,acceleration_limited,1000,0.625,1,2,0.00058593750000000009,0.0011718750000000002,true,true,,,200,200,0,0,0,1.4999999999999558,0.99999999999995859,1.0000000000011131,0.49999999999857542,0,6.3578287760447197e-06,0.0050000000000000044,1,0,0,0,0,required_grid,true,
0.0050000000000000001,0.5,acceleration_limited,4000,2.5,-1,0.5,0.0023437500000000003,-0.0011718750000000002,true,true,,,200,200,1,199.99999999999983,1,1.3333333333332764,1.3333333333335131,1.3333333333342239,0,1,5.8593750000000154e-06,0.0050000000000000044,1,0,0,0,0,required_grid,true,
0.0050000000000000001,0.5,acceleration_limited,4000,2.5,1,0.5,0.0023437500000000003,0.0011718750000000002,true,true,,,200,200,1,199.99999999999983,1,1.3333333333332764,1.3333333333335131,1.3333333333342239,0,1,5.8593750000000154e-06,0.0050000000000000044,1,0,0,0,0,required_grid,true,
0.0050000000000000001,0.5,acceleration_limited,4000,2.5,-1,0.80000000000000004,0.0023437500000000003,-0.0018750000000000004,true,true,,,200,200,1,199.99999999999983,1,1.5600982836583692,1.5600982836583692,1.5600982836594059,0,1,9.3750000000000212e-06,0.0050000000000000044,1,0,0,0,0,required_grid,true,
0.0050000000000000001,0.5,acceleration_limited,4000,2.5,1,0.80000000000000004,0.0023437500000000003,0.0018750000000000004,true,true,,,200,200,1,199.99999999999983,1,1.5600982836583692,1.5600982836583692,1.5600982836594059,0,1,9.3750000000000212e-06,0.0050000000000000044,1,0,0,0,0,required_grid,true,
0.0050000000000000001,0.5,acceleration_limited,4000,2.5,-1,0.90000000000000002,0.0023437500000000003,-0.0021093750000000006,true,true,,,200,200,1,199.99999999999983,1,1.7006226237930651,1.7006226237930642,1.7006226237931958,0,1,1.0546874999999897e-05,0.0050000000000000044,1,0,0,0,0,required_grid,true,
0.0050000000000000001,0.5,acceleration_limited,4000,2.5,1,0.90000000000000002,0.0023437500000000003,0.0021093750000000006,true,true,,,200,200,1,199.99999999999983,1,1.7006226237930651,1.7006226237930642,1.7006226237931958,0,1,1.0546874999999897e-05,0.0050000000000000044,1,0,0,0,0,required_grid,true,
0.0050000000000000001,0.5,acceleration_limited,4000,2.5,-1,0.94999999999999996,0.0023437500000000003,-0.0022265625000000002,true,true,,,200,200,1,199.99999999999983,1,1.8091547749267545,1.8091547749268169,1.8091547749277517,0,1,1.113281249999996e-05,0.0050000000000000044,1,0,0,0,0,required_grid,true,
0.0050000000000000001,0.5,acceleration_limited,4000,2.5,1,0.94999999999999996,0.0023437500000000003,0.0022265625000000002,true,true,,,200,200,1,199.99999999999983,1,1.8091547749267545,1.8091547749268169,1.8091547749277517,0,1,1.113281249999996e-05,0.0050000000000000044,1,0,0,0,0,required_grid,true,
0.0050000000000000001,0.5,acceleration_limited,4000,2.5,-1,0.97999999999999998,0.0023437500000000003,-0.0022968750000000003,true,true,,,200,200,1,199.99999999999983,1,1.904761904761896,1.9047619047620168,1.9047619047623794,0,1,1.1484375000000049e-05,0.0050000000000000044,1,0,0,0,0,required_grid,true,
0.0050000000000000001,0.5,acceleration_limited,4000,2.5,1,0.97999999999999998,0.0023437500000000003,0.0022968750000000003,true,true,,,200,200,1,199.99999999999983,1,1.904761904761896,1.9047619047620168,1.9047619047623794,0,1,1.1484375000000049e-05,0.0050000000000000044,1,0,0,0,0,required_grid,true,
0.0050000000000000001,0.5,acceleration_limited,4000,2.5,-1,0.98999999999999999,0.0023437500000000003,-0.0023203125000000003,true,true,,,200,200,1,199.99999999999983,1,1.9472887184984382,1.9472887184984382,1.9472887184989764,0,1,1.1601562500000054e-05,0.0050000000000000044,1,0,0,0,0,required_grid,true,
0.0050000000000000001,0.5,acceleration_limited,4000,2.5,1,0.98999999999999999,0.0023437500000000003,0.0023203125000000003,true,true,,,200,200,1,199.99999999999983,1,1.9472887184984382,1.9472887184984382,1.9472887184989764,0,1,1.1601562500000054e-05,0.0050000000000000044,1,0,0,0,0,required_grid,true,
0.0050000000000000001,0.5,acceleration_limited,4000,2.5,-1,0.995,0.0023437500000000003,-0.0023320312500000003,true,true,,,200,200,1,199.99999999999983,1,1.9720090879175549,1.9720090879176728,1.9720090879181422,0,1,1.1660156250000086e-05,0.0050000000000000044,1,0,0,0,0,required_grid,true,
0.0050000000000000001,0.5,acceleration_limited,4000,2.5,1,0.995,0.0023437500000000003,0.0023320312500000003,true,true,,,200,200,1,199.99999999999983,1,1.9720090879175549,1.9720090879176728,1.9720090879181422,0,1,1.1660156250000086e-05,0.0050000000000000044,1,0,0,0,0,required_grid,true,
0.0050000000000000001,0.5,acceleration_limited,4000,2.5,-1,1,0.0023437500000000003,-0.0023437500000000003,true,true,,,200,200,1,199.99999999999983,1,1.9999999999999738,2.0000000000000417,2.0000000000001945,0,1,1.1718749999999995e-05,0.0050000000000000044,1,0,0,0,0,required_grid,true,
0.0050000000000000001,0.5,acceleration_limited,4000,2.5,1,1,0.0023437500000000003,0.0023437500000000003,true,true,,,200,200,1,199.99999999999983,1,1.9999999999999738,2.0000000000000417,2.0000000000001945,0,1,1.1718749999999995e-05,0.0050000000000000044,1,0,0,0,0,required_grid,true,
0.0050000000000000001,0.5,acceleration_limited,4000,2.5,-1,1.0049999999999999,0.0023437500000000003,-0.0023554687499999999,true,true,,,200,200,0,0,0,1.9957042097180369,1.9955325787544731,1.9957286624012458,0,0.47933884297520662,1.1932015811523022e-05,0.0050000000000000044,1,0,0,0,0,required_grid,true,
0.0050000000000000001,0.5,acceleration_limited,4000,2.5,1,1.0049999999999999,0.0023437500000000003,0.0023554687499999999,true,true,,,200,200,0,0,0,1.9957042097180369,1.9955325787544731,1.9957286624012458,0,0.47933884297520662,1.1932015811523022e-05,0.0050000000000000044,1,0,0,0,0,required_grid,true,
0.0050000000000000001,0.5,acceleration_limited,4000,2.5,-1,1.01,0.0023437500000000003,-0.0023671875000000004,true,true,,,200,200,0,0,0,1.9892140706025625,1.9728352351396916,1.9914858607353181,0,0.38842975206611569,1.2005224907275445e-05,0.0050000000000000044,1,0,0,0,0,required_grid,true,
0.0050000000000000001,0.5,acceleration_limited,4000,2.5,1,1.01,0.0023437500000000003,0.0023671875000000004,true,true,,,200,200,0,0,0,1.9892140706025625,1.9728352351396916,1.9914858607353181,0,0.38842975206611569,1.2005224907275445e-05,0.0050000000000000044,1,0,0,0,0,required_grid,true,
0.0050000000000000001,0.5,acceleration_limited,4000,2.5,-1,1.02,0.0023437500000000003,-0.0023906250000000004,true,true,,,200,200,0,0,0,1.9786286036035421,1.9454820682408436,1.9830845813167099,0,0.34710743801652894,1.2129423426379823e-05,0.0050000000000000044,1,0,0,0,0,required_grid,true,
0.0050000000000000001,0.5,acceleration_limited,4000,2.5,1,1.02,0.0023437500000000003,0.0023906250000000004,true,true,,,200,200,0,0,0,1.9786286036035421,1.9454820682408436,1.9830845813167099,0,0.34710743801652894,1.2129423426379823e-05,0.0050000000000000044,1,0,0,0,0,required_grid,true,
0.0050000000000000001,0.5,acceleration_limited,4000,2.5,-1,1.05,0.0023437500000000003,-0.0024609375000000005,true,true,,,200,200,0,0,0,1.9578708238726403,1.9530872138184687,1.9585331211346813,0,0.33884297520661155,1.2506216395144498e-05,0.0050000000000000044,1,0,0,0,0,required_grid,true,
0.0050000000000000001,0.5,acceleration_limited,4000,2.5,1,1.05,0.0023437500000000003,0.0024609375000000005,true,true,,,200,200,0,0,0,1.9578708238726403,1.9530872138184687,1.9585331211346813,0,0.33884297520661155,1.2506216395144498e-05,0.0050000000000000044,1,0,0,0,0,required_grid,true,
0.0050000000000000001,0.5,acceleration_limited,4000,2.5,-1,1.1000000000000001,0.0023437500000000003,-0.0025781250000000006,true,true,,,200,200,0,0,0,1.9031434804329745,1.7369266064078321,1.9196510085930618,0,0.31404958677685951,1.3143890065692369e-05,0.0050000000000000044,1,0,0,0,0,required_grid,true,
0.0050000000000000001,0.5,acceleration_limited,4000,2.5,1,1.1000000000000001,0.0023437500000000003,0.0025781250000000006,true,true,,,200,200,0,0,0,1.9031434804329745,1.7369266064078321,1.9196510085930618,0,0.31404958677685951,1.3143890065692369e-05,0.0050000000000000044,1,0,0,0,0,required_grid,true,
0.0050000000000000001,0.5,acceleration_limited,4000,2.5,-1,1.2,0.0023437500000000003,-0.0028125000000000003,true,true,,,200,200,0,0,0,1.8318529979196105,1.5789823852463956,1.8486288010006227,0,0.49586776859504134,1.4465606151540226e-05,0.0050000000000000044,1,0,0,0,0,required_grid,true,
0.0050000000000000001,0.5,acceleration_limited,4000,2.5,1,1.2,0.0023437500000000003,0.0028125000000000003,true,true,,,200,200,0,0,0,1.8318529979196105,1.5789823852463956,1.8486288010006227,0,0.49586776859504134,1.4465606151540226e-05,0.0050000000000000044,1,0,0,0,0,required_grid,true,
0.0050000000000000001,0.5,acceleration_limited,4000,2.5,-1,2,0.0023437500000000003,-0.0046875000000000007,true,true,,,200,200,0,0,0,1.4999999999999558,0.99999999999995859,1.0000000000011131,0.49999999999857542,0,2.5431315104178879e-05,0.0050000000000000044,1,0,0,0,0,required_grid,true,
0.0050000000000000001,0.5,acceleration_limited,4000,2.5,1,2,0.0023437500000000003,0.0046875000000000007,true,true,,,200,200,0,0,0,1.4999999999999558,0.99999999999995859,1.0000000000011131,0.49999999999857542,0,2.5431315104178879e-05,0.0050000000000000044,1,0,0,0,0,required_grid,true,
0.0050000000000000001,0.80000000000000004,acceleration_limited,1000,1,-1,0.5,0.00075000000000000002,-0.00037500000000000001,true,true,,,200,200,1,199.99999999999983,1,2.0000000000000187,2.0000000000000187,2.0000000000007874,0,1,1.8750000000000009e-06,0.0050000000000000044,1,0,0,0,0,required_grid,true,
0.0050000000000000001,0.80000000000000004,acceleration_limited,1000,1,1,0.5,0.00075000000000000002,0.00037500000000000001,true,true,,,200,200,1,199.99999999999983,1,1.9999999999999503,2.0000000000002713,2.0000000000003033,0,1,1.8750000000000704e-06,0.0050000000000000044,1,0,0,0,0,required_grid,true,
0.0050000000000000001,0.80000000000000004,acceleration_limited,1000,1,-1,0.80000000000000004,0.00075000000000000002,-0.00060000000000000006,true,true,,,200,200,1,199.99999999999983,1,1.6666666666666698,1.6666666666666694,2.0000000000001612,0,1,3.0000798012320521e-06,0.0050000000000000044,1,0,0,0,0,required_grid,true,
0.0050000000000000001,0.80000000000000004,acceleration_limited,1000,1,1,0.80000000000000004,0.00075000000000000002,0.00060000000000000006,true,true,,,200,200,1,199.99999999999983,1,1.6666666666666698,1.6666666666666694,2.0000000000001612,0,1,3.0000798012320521e-06,0.0050000000000000044,1,0,0,0,0,required_grid,true,
0.0050000000000000001,0.80000000000000004,acceleration_limited,1000,1,-1,0.90000000000000002,0.00075000000000000002,-0.00067500000000000004,true,true,,,200,200,1,199.99999999999983,1,1.7917490147524853,1.7917490147524857,1.7917490147524857,0,1,3.3749999999999918e-06,0.0050000000000000044,1,0,0,0,0,required_grid,true,
0.0050000000000000001,0.80000000000000004,acceleration_limited,1000,1,1,0.90000000000000002,0.00075000000000000002,0.00067500000000000004,true,true,,,200,200,1,199.99999999999983,1,1.7917490147524853,1.7917490147524857,1.7917490147524857,0,1,3.3749999999999918e-06,0.0050000000000000044,1,0,0,0,0,required_grid,true,
0.0050000000000000001,0.80000000000000004,acceleration_limited,1000,1,-1,0.94999999999999996,0.00075000000000000002,-0.00071250000000000003,true,true,,,200,200,1,199.99999999999983,1,1.878683750503656,1.8786837505036951,1.8786837505038232,0,1,3.562500000000015e-06,0.0050000000000000044,1,0,0,0,0,required_grid,true,
0.0050000000000000001,0.80000000000000004,acceleration_limited,1000,1,1,0.94999999999999996,0.00075000000000000002,0.00071250000000000003,true,true,,,200,200,1,199.99999999999983,1,1.878683750503656,1.8786837505036951,1.8786837505038232,0,1,3.562500000000015e-06,0.0050000000000000044,1,0,0,0,0,required_grid,true,
0.0050000000000000001,0.80000000000000004,acceleration_limited,1000,1,-1,0.97999999999999998,0.00075000000000000002,-0.00073499999999999998,true,true,,,200,200,1,199.99999999999983,1,1.9454588944903828,1.9454588944903828,1.9454588944904583,0,1,3.6750000000000034e-06,0.0050000000000000044,1,0,0,0,0,required_grid,true,
0.0050000000000000001,0.80000000000000004,acceleration_limited,1000,1,1,0.97999999999999998,0.00075000000000000002,0.00073499999999999998,true,true,,,200,200,1,199.99999999999983,1,1.9454588944903828,1.9454588944903828,1.9454588944904583,0,1,3.6750000000000034e-06,0.0050000000000000044,1,0,0,0,0,required_grid,true,
0.0050000000000000001,0.80000000000000004,acceleration_limited,1000,1,-1,0.98999999999999999,0.00075000000000000002,-0.0007425,true,true,,,200,200,1,199.99999999999983,1,1.9714609229115627,1.9714609229115627,1.9714609229117122,0,1,3.7125000000000449e-06,0.0050000000000000044,1,0,0,0,0,required_grid,true,
0.0050000000000000001,0.80000000000000004,acceleration_limited,1000,1,1,0.98999999999999999,0.00075000000000000002,0.0007425,true,true,,,200,200,1,199.99999999999983,1,1.9714609229115627,1.9714609229115627,1.9714609229117122,0,1,3.7125000000000449e-06,0.0050000000000000044,1,0,0,0,0,required_grid,true,
0.0050000000000000001,0.80000000000000004,acceleration_limited,1000,1,-1,0.995,0.00075000000000000002,-0.00074625000000000006,true,true,,,200,200,1,199.99999999999983,1,1.9853788491348048,1.9853788491348048,1.9853788491348792,0,1,3.7312500000000174e-06,0.0050000000000000044,1,0,0,0,0,required_grid,true,
0.0050000000000000001,0.80000000000000004,acceleration_limited,1000,1,1,0.995,0.00075000000000000002,0.00074625000000000006,true,true,,,200,200,1,199.99999999999983,1,1.9853788491348048,1.9853788491348048,1.9853788491348792,0,1,3.7312500000000174e-06,0.0050000000000000044,1,0,0,0,0,required_grid,true,
0.0050000000000000001,0.80000000000000004,acceleration_limited,1000,1,-1,1,0.00075000000000000002,-0.00075000000000000002,true,true,,,200,200,1,199.99999999999983,1,2.0000000000000036,2.00000000000004,2.0000000000002252,0,1,3.7500000000000162e-06,0.0050000000000000044,1,0,0,0,0,required_grid,true,
0.0050000000000000001,0.80000000000000004,acceleration_limited,1000,1,1,1,0.00075000000000000002,0.00075000000000000002,true,true,,,200,200,1,199.99999999999983,1,2.0000000000000036,2.00000000000004,2.0000000000002252,0,1,3.7500000000000162e-06,0.0050000000000000044,1,0,0,0,0,required_grid,true,
0.0050000000000000001,0.80000000000000004,acceleration_limited,1000,1,-1,1.0049999999999999,0.00075000000000000002,-0.00075374999999999997,true,true,,,200,200,0,0,0,1.9962613859674061,1.9962613859674061,1.9962613859675264,0,0.72727272727272729,3.8786329899502242e-06,0.0050000000000000044,1,0,0,0,0,required_grid,true,
0.0050000000000000001,0.80000000000000004,acceleration_limited,1000,1,1,1.0049999999999999,0.00075000000000000002,0.00075374999999999997,true,true,,,200,200,0,0,0,1.9962613859674061,1.9962613859674061,1.9962613859675264,0,0.72727272727272729,3.8786329899502242e-06,0.0050000000000000044,1,0,0,0,0,required_grid,true,
0.0050000000000000001,0.80000000000000004,acceleration_limited,1000,1,-1,1.01,0.00075000000000000002,-0.00075750000000000004,true,true,,,200,200,0,0,0,1.9919777343103926,1.9896927989628341,1.9925453857967761,0,0.46280991735537191,3.9496851731359784e-06,0.0050000000000000044,1,0,0,0,0,required_grid,true,
0.0050000000000000001,0.80000000000000004,acceleration_limited,1000,1,1,1.01,0.00075000000000000002,0.00075750000000000004,true,true,,,200,200,0,0,0,1.9919777343103926,1.9896927989628341,1.9925453857967761,0,0.46280991735537191,3.9496851731359784e-06,0.0050000000000000044,1,0,0,0,0,required_grid,true,
0.0050000000000000001,0.80000000000000004,acceleration_limited,1000,1,-1,1.02,0.00075000000000000002,-0.00076500000000000005,true,true,,,200,200,0,0,0,1.978893965034781,1.9530326039319761,1.9851802925734372,0,0.38016528925619836,3.9976821902129473e-06,0.0050000000000000044,1,0,0,0,0,required_grid,true,
0.0050000000000000001,0.80000000000000004,acceleration_limited,1000,1,1,1.02,0.00075000000000000002,0.00076500000000000005,true,true,,,200,200,0,0,0,1.978893965034781,1.9530326039319761,1.9851802925734372,0,0.38016528925619836,3.9976821902129473e-06,0.0050000000000000044,1,0,0,0,0,required_grid,true,
0.0050000000000000001,0.80000000000000004,acceleration_limited,1000,1,-1,1.05,0.00075000000000000002,-0.00078750000000000001,true,true,,,200,200,0,0,0,1.948309406265845,1.8824855087124961,1.9636040545627544,0,0.38016528925619836,4.1204767110477876e-06,0.0050000000000000044,1,0,0,0,0,required_grid,true,
0.0050000000000000001,0.80000000000000004,acceleration_limited,1000,1,1,1.05,0.00075000000000000002,0.00078750000000000001,true,true,,,200,200,0,0,0,1.948309406265845,1.8824855087124961,1.9636040545627544,0,0.38016528925619836,4.1204767110477876e-06,0.0050000000000000044,1,0,0,0,0,required_grid,true,
0.0050000000000000001,0.80000000000000004,acceleration_limited,1000,1,-1,1.1000000000000001,0.00075000000000000002,-0.0008250000000000001,true,true,,,200,200,0,0,0,1.9002648689635793,1.7643758551427617,1.9292728076790653,0,0.39669421487603307,4.3281948444708384e-06,0.0050000000000000044,1,0,0,0,0.0050000000000000001,required_grid,true,
0.0050000000000000001,0.80000000000000004,acceleration_limited,1000,1,1,1.1000000000000001,0.00075000000000000002,0.0008250000000000001,true,true,,,200,200,0,0,0,1.9002648689635793,1.7643758551427617,1.9292728076790653,0,0.39669421487603307,4.3281948444708384e-06,0.0050000000000000044,1,0,0,0,0,required_grid,true,
0.0050000000000000001,0.80000000000000004,acceleration_limited,1000,1,-1,1.2,0.00075000000000000002,-0.00089999999999999998,true,true,,,200,200,0,0,0,1.8173967542151854,1.536335477089452,1.8660549686337591,0,0.35537190082644626,4.757198534233942e-06,0.0050000000000000044,1,0,0,0,0,required_grid,true,
0.0050000000000000001,0.80000000000000004,acceleration_limited,1000,1,1,1.2,0.00075000000000000002,0.00089999999999999998,true,true,,,200,200,0,0,0,1.8173967542151854,1.536335477089452,1.8660549686337591,0,0.35537190082644626,4.757198534233942e-06,0.0050000000000000044,1,0,0,0,0,required_grid,true,
0.0050000000000000001,0.80000000000000004,acceleration_limited,1000,1,-1,2,0.00075000000000000002,-0.0015,true,true,,,200,200,0,0,0,1.5000000000000204,1.0000000000000402,1.0000049770101405,0.49999452529777128,0,8.3229161483613918e-06,0.0050000000000000044,1,0,0,0,0,required_grid,true,
0.0050000000000000001,0.80000000000000004,acceleration_limited,1000,1,1,2,0.00075000000000000002,0.0015,true,true,,,200,200,0,0,0,1.5000000000000204,1.0000000000000402,1.0000049770101405,0.49999452529777128,0,8.3229161483613918e-06,0.0050000000000000044,1,0,0,0,0,required_grid,true,
0.0050000000000000001,0.80000000000000004,acceleration_limited,4000,4,-1,0.5,0.0030000000000000001,-0.0015,true,true,,,200,200,1,199.99999999999983,1,2.0000000000000187,2.0000000000000187,2.0000000000007883,0,1,7.500000000000001e-06,0.0050000000000000044,1,0,0,0,0,required_grid,true,
0.0050000000000000001,0.80000000000000004,acceleration_limited,4000,4,1,0.5,0.0030000000000000001,0.0015,true,true,,,200,200,1,199.99999999999983,1,1.999999999999948,2.0000000000001261,2.0000000000003033,0,1,7.5000000000000603e-06,0.0050000000000000044,1,0,0,0,0,required_grid,true,
0.0050000000000000001,0.80000000000000004,acceleration_limited,4000,4,-1,0.80000000000000004,0.0030000000000000001,-0.0024000000000000002,true,true,,,200,200,1,199.99999999999983,1,1.6666666666666694,1.6666666666666694,2.0000000000000124,0,1,1.2000000000000182e-05,0.0050000000000000044,1,0,0,0,0,required_grid,true,
0.0050000000000000001,0.80000000000000004,acceleration_limited,4000,4,1,0.80000000000000004,0.0030000000000000001,0.0024000000000000002,true,true,,,200,200,1,199.99999999999983,1,1.6666666666666694,1.6666666666666694,2.0000000000000124,0,1,1.2000000000000182e-05,0.0050000000000000044,1,0,0,0,0,required_grid,true,
0.0050000000000000001,0.80000000000000004,acceleration_limited,4000,4,-1,0.90000000000000002,0.0030000000000000001,-0.0027000000000000001,true,true,,,200,200,1,199.99999999999983,1,1.7917490147524853,1.7917490147524857,1.7917490147524857,0,1,1.3499999999999967e-05,0.0050000000000000044,1,0,0,0,0,required_grid,true,
0.0050000000000000001,0.80000000000000004,acceleration_limited,4000,4,1,0.90000000000000002,0.0030000000000000001,0.0027000000000000001,true,true,,,200,200,1,199.99999999999983,1,1.7917490147524853,1.7917490147524857,1.7917490147524857,0,1,1.3499999999999967e-05,0.0050000000000000044,1,0,0,0,0,required_grid,true,
0.0050000000000000001,0.80000000000000004,acceleration_limited,4000,4,-1,0.94999999999999996,0.0030000000000000001,-0.0028500000000000001,true,true,,,200,200,1,199.99999999999983,1,1.878683750503656,1.8786837505036951,1.8786837505038232,0,1,1.425000000000006e-05,0.0050000000000000044,1,0,0,0,0,required_grid,true,
0.0050000000000000001,0.80000000000000004,acceleration_limited,4000,4,1,0.94999999999999996,0.0030000000000000001,0.0028500000000000001,true,true,,,200,200,1,199.99999999999983,1,1.878683750503656,1.8786837505036951,1.8786837505038232,0,1,1.425000000000006e-05,0.0050000000000000044,1,0,0,0,0,required_grid,true,
0.0050000000000000001,0.80000000000000004,acceleration_limited,4000,4,-1,0.97999999999999998,0.0030000000000000001,-0.0029399999999999999,true,true,,,200,200,1,199.99999999999983,1,1.9454588944903828,1.9454588944903828,1.9454588944904583,0,1,1.4700000000000013e-05,0.0050000000000000044,1,0,0,0,0,required_grid,true,
0.0050000000000000001,0.80000000000000004,acceleration_limited,4000,4,1,0.97999999999999998,0.0030000000000000001,0.0029399999999999999,true,true,,,200,200,1,199.99999999999983,1,1.9454588944903828,1.9454588944903828,1.9454588944904583,0,1,1.4700000000000013e-05,0.0050000000000000044,1,0,0,0,0,required_grid,true,
0.0050000000000000001,0.80000000000000004,acceleration_limited,4000,4,-1,0.98999999999999999,0.0030000000000000001,-0.00297,true,true,,,200,200,1,199.99999999999983,1,1.9714609229115627,1.9714609229115627,1.9714609229117122,0,1,1.485000000000018e-05,0.0050000000000000044,1,0,0,0,0,required_grid,true,
0.0050000000000000001,0.80000000000000004,acceleration_limited,4000,4,1,0.98999999999999999,0.0030000000000000001,0.00297,true,true,,,200,200,1,199.99999999999983,1,1.9714609229115627,1.9714609229115627,1.9714609229117122,0,1,1.485000000000018e-05,0.0050000000000000044,1,0,0,0,0,required_grid,true,
0.0050000000000000001,0.80000000000000004,acceleration_limited,4000,4,-1,0.995,0.0030000000000000001,-0.0029850000000000002,true,true,,,200,200,1,199.99999999999983,1,1.9853788491348048,1.9853788491348048,1.9853788491348792,0,1,1.492500000000007e-05,0.0050000000000000044,1,0,0,0,0,required_grid,true,
0.0050000000000000001,0.80000000000000004,acceleration_limited,4000,4,1,0.995,0.0030000000000000001,0.0029850000000000002,true,true,,,200,200,1,199.99999999999983,1,1.9853788491348048,1.9853788491348048,1.9853788491348792,0,1,1.492500000000007e-05,0.0050000000000000044,1,0,0,0,0,required_grid,true,
0.0050000000000000001,0.80000000000000004,acceleration_limited,4000,4,-1,1,0.0030000000000000001,-0.0030000000000000001,true,true,,,200,200,1,199.99999999999983,1,2.0000000000000036,2.00000000000004,2.0000000000002252,0,1,1.5000000000000065e-05,0.0050000000000000044,1,0,0,0,0,required_grid,true,
0.0050000000000000001,0.80000000000000004,acceleration_limited,4000,4,1,1,0.0030000000000000001,0.0030000000000000001,true,true,,,200,200,1,199.99999999999983,1,2.0000000000000036,2.00000000000004,2.0000000000002252,0,1,1.5000000000000065e-05,0.0050000000000000044,1,0,0,0,0,required_grid,true,
0.0050000000000000001,0.80000000000000004,acceleration_limited,4000,4,-1,1.0049999999999999,0.0030000000000000001,-0.0030149999999999999,true,true,,,200,200,0,0,0,1.9962613859674061,1.9962613859674061,1.9962613859675264,0,0.72727272727272729,1.5514531959800897e-05,0.0050000000000000044,1,0,0,0,0,required_grid,true,
0.0050000000000000001,0.80000000000000004,acceleration_limited,4000,4,1,1.0049999999999999,0.0030000000000000001,0.0030149999999999999,true,true,,,200,200,0,0,0,1.9962613859674061,1.9962613859674061,1.9962613859675264,0,0.72727272727272729,1.5514531959800897e-05,0.0050000000000000044,1,0,0,0,0,required_grid,true,
0.0050000000000000001,0.80000000000000004,acceleration_limited,4000,4,-1,1.01,0.0030000000000000001,-0.0030300000000000001,true,true,,,200,200,0,0,0,1.9919777343103926,1.9896927989628341,1.9925453857967761,0,0.46280991735537191,1.5798740692543914e-05,0.0050000000000000044,1,0,0,0,0,required_grid,true,
0.0050000000000000001,0.80000000000000004,acceleration_limited,4000,4,1,1.01,0.0030000000000000001,0.0030300000000000001,true,true,,,200,200,0,0,0,1.9919777343103926,1.9896927989628341,1.9925453857967761,0,0.46280991735537191,1.5798740692543914e-05,0.0050000000000000044,1,0,0,0,0,required_grid,true,
0.0050000000000000001,0.80000000000000004,acceleration_limited,4000,4,-1,1.02,0.0030000000000000001,-0.0030600000000000002,true,true,,,200,200,0,0,0,1.978893965034781,1.9530326039319761,1.9851802925734372,0,0.38016528925619836,1.5990728760851789e-05,0.0050000000000000044,1,0,0,0,0,required_grid,true,
0.0050000000000000001,0.80000000000000004,acceleration_limited,4000,4,1,1.02,0.0030000000000000001,0.0030600000000000002,true,true,,,200,200,0,0,0,1.978893965034781,1.9530326039319761,1.9851802925734372,0,0.38016528925619836,1.5990728760851789e-05,0.0050000000000000044,1,0,0,0,0,required_grid,true,
0.0050000000000000001,0.80000000000000004,acceleration_limited,4000,4,-1,1.05,0.0030000000000000001,-0.00315,true,true,,,200,200,0,0,0,1.948309406265845,1.8824855087124961,1.9636040545627544,0,0.38016528925619836,1.648190684419115e-05,0.0050000000000000044,1,0,0,0,0,required_grid,true,
0.0050000000000000001,0.80000000000000004,acceleration_limited,4000,4,1,1.05,0.0030000000000000001,0.00315,true,true,,,200,200,0,0,0,1.948309406265845,1.8824855087124961,1.9636040545627544,0,0.38016528925619836,1.648190684419115e-05,0.0050000000000000044,1,0,0,0,0,required_grid,true,
0.0050000000000000001,0.80000000000000004,acceleration_limited,4000,4,-1,1.1000000000000001,0.0030000000000000001,-0.0033000000000000004,true,true,,,200,200,0,0,0,1.9002648689635793,1.7643758551427617,1.9292728076790653,0,0.39669421487603307,1.7312779377883353e-05,0.0050000000000000044,1,0,0,0,0,required_grid,true,
0.0050000000000000001,0.80000000000000004,acceleration_limited,4000,4,1,1.1000000000000001,0.0030000000000000001,0.0033000000000000004,true,true,,,200,200,0,0,0,1.9002648689635793,1.7643758551427617,1.9292728076790653,0,0.39669421487603307,1.7312779377883353e-05,0.0050000000000000044,1,0,0,0,0,required_grid,true,
0.0050000000000000001,0.80000000000000004,acceleration_limited,4000,4,-1,1.2,0.0030000000000000001,-0.0035999999999999999,true,true,,,200,200,0,0,0,1.8173967542151854,1.536335477089452,1.8660549686337591,0,0.35537190082644626,1.9028794136935768e-05,0.0050000000000000044,1,0,0,0,0,required_grid,true,
0.0050000000000000001,0.80000000000000004,acceleration_limited,4000,4,1,1.2,0.0030000000000000001,0.0035999999999999999,true,true,,,200,200,0,0,0,1.8173967542151854,1.536335477089452,1.8660549686337591,0,0.35537190082644626,1.9028794136935768e-05,0.0050000000000000044,1,0,0,0,0,required_grid,true,
0.0050000000000000001,0.80000000000000004,acceleration_limited,4000,4,-1,2,0.0030000000000000001,-0.0060000000000000001,true,true,,,200,200,0,0,0,1.5000000000000204,1.0000000000000402,1.0000049770101405,0.49999452529777128,0,3.3291664593445567e-05,0.0050000000000000044,1,0,0,0,0,required_grid,true,
0.0050000000000000001,0.80000000000000004,acceleration_limited,4000,4,1,2,0.0030000000000000001,0.0060000000000000001,true,true,,,200,200,0,0,0,1.5000000000000204,1.0000000000000402,1.0000049770101405,0.49999452529777128,0,3.3291664593445567e-05,0.0050000000000000044,1,0,0,0,0,required_grid,true,
0.0050000000000000001,0.94999999999999996,acceleration_limited,1000,1.1875,-1,0.5,0.00077929687500000004,-0.00038964843750000002,true,true,,,200,200,1,199.99999999999983,1,2.0000000000000102,2.0000000000000102,2.0000000000001421,0,1,1.9482421874999973e-06,0.0050000000000000044,1,0,0,0,0,required_grid,true,
0.0050000000000000001,0.94999999999999996,acceleration_limited,1000,1.1875,1,0.5,0.00077929687500000004,0.00038964843750000002,true,true,,,200,200,1,199.99999999999983,1,1.9999999999999889,2.0000000000002842,2.0000000000005724,0,1,1.9482421875001341e-06,0.0050000000000000044,1,0,0,0,0,required_grid,true,
0.0050000000000000001,0.94999999999999996,acceleration_limited,1000,1.1875,-1,0.80000000000000004,0.00077929687500000004,-0.00062343750000000008,true,true,,,200,200,1,199.99999999999983,1,1.9999999999999611,2.0000000000000591,2.0000000000000653,0,1,3.1171875000000122e-06,0.0050000000000000044,1,0,0,0,0,required_grid,true,
0.0050000000000000001,0.94999999999999996,acceleration_limited,1000,1.1875,1,0.80000000000000004,0.00077929687500000004,0.00062343750000000008,true,true,,,200,200,1,199.99999999999983,1,1.9999999999999336,2.0000000000001452,2.0000000000003917,0,1,3.1171875000000698e-06,0.0050000000000000044,1,0,0,0,0,required_grid,true,
0.0050000000000000001,0.94999999999999996,acceleration_limited,1000,1.1875,-1,0.90000000000000002,0.00077929687500000004,-0.00070136718750000006,true,true,,,200,200,1,199.99999999999983,1,1.9999999999998903,1.9999999999999714,2.00000000000027,0,1,3.506835937499975e-06,0.0050000000000000044,1,0,0,0,0,required_grid,true,
0.0050000000000000001,0.94999999999999996,acceleration_limited,1000,1.1875,1,0.90000000000000002,0.00077929687500000004,0.00070136718750000006,true,true,,,200,200,1,199.99999999999983,1,1.99999999999996,2.0000000000001918,2.0000000000003983,0,1,3.5068359375001233e-06,0.0050000000000000044,1,0,0,0,0,required_grid,true,
0.0050000000000000001,0.94999999999999996,acceleration_limited,1000,1.1875,-1,0.94999999999999996,0.00077929687500000004,-0.00074033203125,true,true,,,200,200,1,199.99999999999983,1,1.9047619047619304,1.9047619047621274,2.0000000000000107,0,1,3.7016601562500314e-06,0.0050000000000000044,1,0,0,0,0,required_grid,true,
0.0050000000000000001,0.94999999999999996,acceleration_limited,1000,1.1875,1,0.94999999999999996,0.00077929687500000004,0.00074033203125,true,true,,,200,200,1,199.99999999999983,1,1.9047619047619304,1.9047619047621274,2.0000000000000107,0,1,3.7016601562500314e-06,0.0050000000000000044,1,0,0,0,0,required_grid,true,
0.0050000000000000001,0.94999999999999996,acceleration_limited,1000,1.1875,-1,0.97999999999999998,0.00077929687500000004,-0.00076371093750000007,true,true,,,200,200,1,199.99999999999983,1,1.9585522845737755,1.9585522845737755,1.9585522845740344,0,1,3.8185546875000059e-06,0.0050000000000000044,1,0,0,0,0,required_grid,true,
0.0050000000000000001,0.94999999999999996,acceleration_limited,1000,1.1875,1,0.97999999999999998,0.00077929687500000004,0.00076371093750000007,true,true,,,200,200,1,199.99999999999983,1,1.9585522845737755,1.9585522845737755,1.9585522845740344,0,1,3.8185546875000059e-06,0.0050000000000000044,1,0,0,0,0,required_grid,true,
0.0050000000000000001,0.94999999999999996,acceleration_limited,1000,1.1875,-1,0.98999999999999999,0.00077929687500000004,-0.00077150390625000005,true,true,,,200,200,1,199.99999999999983,1,1.9786175433702808,1.9786175433702831,1.9786175433702868,0,1,3.8575195312500447e-06,0.0050000000000000044,1,0,0,0,0,required_grid,true,
0.0050000000000000001,0.94999999999999996,acceleration_limited,1000,1.1875,1,0.98999999999999999,0.00077929687500000004,0.00077150390625000005,true,true,,,200,200,1,199.99999999999983,1,1.9786175433702808,1.9786175433702831,1.9786175433702868,0,1,3.8575195312500447e-06,0.0050000000000000044,1,0,0,0,0,required_grid,true,
0.0050000000000000001,0.94999999999999996,acceleration_limited,1000,1.1875,-1,0.995,0.00077929687500000004,-0.00077540039062499999,true,true,,,200,200,1,199.99999999999983,1,1.9891324254752618,1.9891324254752618,1.9891324254754319,0,1,3.8770019531250061e-06,0.0050000000000000044,1,0,0,0,0,required_grid,true,
0.0050000000000000001,0.94999999999999996,acceleration_limited,1000,1.1875,1,0.995,0.00077929687500000004,0.00077540039062499999,true,true,,,200,200,1,199.99999999999983,1,1.9891324254752618,1.9891324254752618,1.9891324254754319,0,1,3.8770019531250061e-06,0.0050000000000000044,1,0,0,0,0,required_grid,true,
0.0050000000000000001,0.94999999999999996,acceleration_limited,1000,1.1875,-1,1,0.00077929687500000004,-0.00077929687500000004,true,true,,,200,200,1,199.99999999999983,1,2.0000000000000044,2.0000000000000369,2.0000000000002531,0,1,3.896484375000025e-06,0.0050000000000000044,1,0,0,0,0,required_grid,true,
0.0050000000000000001,0.94999999999999996,acceleration_limited,1000,1.1875,1,1,0.00077929687500000004,0.00077929687500000004,true,true,,,200,200,1,199.99999999999983,1,2.0000000000000044,2.0000000000000369,2.0000000000002531,0,1,3.896484375000025e-06,0.0050000000000000044,1,0,0,0,0,required_grid,true,
0.0050000000000000001,0.94999999999999996,acceleration_limited,1000,1.1875,-1,1.0049999999999999,0.00077929687500000004,-0.00078319335937499998,true,true,,,200,200,0,0,0,1.9965671564280396,1.9965671564280392,1.9965671564281391,0,0.88429752066115708,4.045981180600165e-06,0.0050000000000000044,1,0,0,0,0,required_grid,true,
0.0050000000000000001,0.94999999999999996,acceleration_limited,1000,1.1875,1,1.0049999999999999,0.00077929687500000004,0.00078319335937499998,true,true,,,200,200,0,0,0,1.9965671564280396,1.9965671564280392,1.9965671564281391,0,0.88429752066115708,4.045981180600165e-06,0.0050000000000000044,1,0,0,0,0,required_grid,true,
0.0050000000000000001,0.94999999999999996,acceleration_limited,1000,1.1875,-1,1.01,0.00077929687500000004,-0.00078708984375000003,true,true,,,200,200,0,0,0,1.9931537435791407,1.9931537435791409,1.9931537435793159,0,0.50413223140495866,4.1831195484692088e-06,0.0050000000000000044,1,0,0,0,0,required_grid,true,
0.0050000000000000001,0.94999999999999996,acceleration_limited,1000,1.1875,1,1.01,0.00077929687500000004,0.00078708984375000003,true,true,,,200,200,0,0,0,1.9931537435791407,1.9931537435791409,1.9931537435793159,0,0.50413223140495866,4.1831195484692088e-06,0.0050000000000000044,1,0,0,0,0,required_grid,true,
0.0050000000000000001,0.94999999999999996,acceleration_limited,1000,1.1875,-1,1.02,0.00077929687500000004,-0.00079488281250000002,true,true,,,200,200,0,0,0,1.9793980254963839,1.9564982001362732,1.9863844525657044,0,0.33057851239669422,4.2604867950124181e-06,0.0050000000000000044,1,0,0,0,0,required_grid,true,
0.0050000000000000001,0.94999999999999996,acceleration_limited,1000,1.1875,1,1.02,0.00077929687500000004,0.00079488281250000002,true,true,,,200,200,0,0,0,1.9793980254963839,1.9564982001362732,1.9863844525657044,0,0.33057851239669422,4.2604867950124181e-06,0.0050000000000000044,1,0,0,0,0,required_grid,true,
0.0050000000000000001,0.94999999999999996,acceleration_limited,1000,1.1875,-1,1.05,0.00077929687500000004,-0.00081826171875000009,true,true,,,200,200,0,0,0,1.9562476200686341,1.9218960312450375,1.9665236875590404,0,0.34710743801652894,4.389291924970646e-06,0.0050000000000000044,1,0,0,0,0,required_grid,true,
0.0050000000000000001,0.94999999999999996,acceleration_limited,1000,1.1875,1,1.05,0.00077929687500000004,0.00081826171875000009,true,true,,,200,200,0,0,0,1.9562476200686341,1.9218960312450375,1.9665236875590404,0,0.34710743801652894,4.389291924970646e-06,0.0050000000000000044,1,0,0,0,0,required_grid,true,
0.0050000000000000001,0.94999999999999996,acceleration_limited,1000,1.1875,-1,1.1000000000000001,0.00077929687500000004,-0.00085722656250000013,true,true,,,200,200,0,0,0,1.9033681633199941,1.7907934780687529,1.934830465678701,0,0.33884297520661155,4.6063492976103345e-06,0.0050000000000000044,1,0,0,0,0,required_grid,true,
0.0050000000000000001,0.94999999999999996,acceleration_limited,1000,1.1875,1,1.1000000000000001,0.00077929687500000004,0.00085722656250000013,true,true,,,200,200,0,0,0,1.9033681633199941,1.7907934780687529,1.934830465678701,0,0.33884297520661155,4.6063492976103345e-06,0.0050000000000000044,1,0,0,0,0,required_grid,true,
0.0050000000000000001,0.94999999999999996,acceleration_limited,1000,1.1875,-1,1.2,0.00077929687500000004,-0.00093515625000000001,true,true,,,200,200,0,0,0,1.8367552350327681,1.6849844962164675,1.8761789809215554,0,0.23966942148760331,5.0507602632199426e-06,0.0050000000000000044,1,0,0,0,0,required_grid,true,
0.0050000000000000001,0.94999999999999996,acceleration_limited,1000,1.1875,1,1.2,0.00077929687500000004,0.00093515625000000001,true,true,,,200,200,0,0,0,1.8367552350327681,1.6849844962164675,1.8761789809215554,0,0.23966942148760331,5.0507602632199426e-06,0.0050000000000000044,1,0,0,0,0,required_grid,true,
0.0050000000000000001,0.94999999999999996,acceleration_limited,1000,1.1875,-1,2,0.00077929687500000004,-0.0015585937500000001,true,true,,,200,200,0,0,0,1.5839303855783564,1.551158998705819,1.57354060512509,0,0.32231404958677684,8.9925300367983497e-06,0.0050000000000000044,1,0,0,0,0,required_grid,true,
0.0050000000000000001,0.94999999999999996,acceleration_limited,1000,1.1875,1,2,0.00077929687500000004,0.0015585937500000001,true,true,,,200,200,0,0,0,1.5839303855783564,1.551158998705819,1.57354060512509,0,0.32231404958677684,8.9925300367983497e-06,0.0050000000000000044,1,0,0,0,0,required_grid,true,
0.0050000000000000001,0.94999999999999996,acceleration_limited,4000,4.75,-1,0.5,0.0031171875000000002,-0.0015585937500000001,true,true,,,200,200,1,199.99999999999983,1,2.0000000000000093,2.0000000000000098,2.0000000000001426,0,1,7.7929687499999976e-06,0.0050000000000000044,1,0,0,0,0,required_grid,true,
0.0050000000000000001,0.94999999999999996,acceleration_limited,4000,4.75,1,0.5,0.0031171875000000002,0.0015585937500000001,true,true,,,200,200,1,199.99999999999983,1,1.9999999999998848,2.0000000000001168,2.0000000000003499,0,1,7.7929687499999569e-06,0.0050000000000000044,1,0,0,0,0,required_grid,true,
0.0050000000000000001,0.94999999999999996,acceleration_limited,4000,4.75,-1,0.80000000000000004,0.0031171875000000002,-0.0024937500000000003,true,true,,,200,200,1,199.99999999999983,1,1.7001340536785605,1.7001340536785634,2.00000000000006,0,1,1.2468750000000022e-05,0.0050000000000000044,1,0,0,0,0,required_grid,true,
0.0050000000000000001,0.94999999999999996,acceleration_limited,4000,4.75,1,0.80000000000000004,0.0031171875000000002,0.0024937500000000003,true,true,,,200,200,1,199.99999999999983,1,1.9999999999999314,2.0000000000001097,2.0000000000003215,0,1,1.2468750000000129e-05,0.0050000000000000044,1,0,0,0,0,required_grid,true,
0.0050000000000000001,0.94999999999999996,acceleration_limited,4000,4.75,-1,0.90000000000000002,0.0031171875000000002,-0.0028054687500000002,true,true,,,200,200,1,199.99999999999983,1,1.8278017881832433,1.8278017881833171,2.0000000000002118,0,1,1.4027343749999865e-05,0.0050000000000000044,1,0,0,0,0,required_grid,true,
0.0050000000000000001,0.94999999999999996,acceleration_limited,4000,4.75,1,0.90000000000000002,0.0031171875000000002,0.0028054687500000002,true,true,,,200,200,1,199.99999999999983,1,1.8278017881832784,1.8278017881832793,2.0000000000002447,0,1,1.4027343749999944e-05,0.0050000000000000044,1,0,0,0,0,required_grid,true,
0.0050000000000000001,0.94999999999999996,acceleration_limited,4000,4.75,-1,0.94999999999999996,0.0031171875000000002,-0.002961328125,true,true,,,200,200,1,199.99999999999983,1,1.9047619047619311,1.9047619047619688,2.0000000000000107,0,1,1.480664062500012e-05,0.0050000000000000044,1,0,0,0,0,required_grid,true,
0.0050000000000000001,0.94999999999999996,acceleration_limited,4000,4.75,1,0.94999999999999996,0.0031171875000000002,0.002961328125,true,true,,,200,200,1,199.99999999999983,1,1.9047619047619311,1.9047619047619688,2.0000000000000107,0,1,1.480664062500012e-05,0.0050000000000000044,1,0,0,0,0,required_grid,true,
0.0050000000000000001,0.94999999999999996,acceleration_limited,4000,4.75,-1,0.97999999999999998,0.0031171875000000002,-0.0030548437500000003,true,true,,,200,200,1,199.99999999999983,1,1.9585522845737755,1.9585522845737755,1.9585522845740344,0,1,1.5274218750000024e-05,0.0050000000000000044,1,0,0,0,0,required_grid,true,
0.0050000000000000001,0.94999999999999996,acceleration_limited,4000,4.75,1,0.97999999999999998,0.0031171875000000002,0.0030548437500000003,true,true,,,200,200,1,199.99999999999983,1,1.9585522845737755,1.9585522845737755,1.9585522845740344,0,1,1.5274218750000024e-05,0.0050000000000000044,1,0,0,0,0,required_grid,true,
0.0050000000000000001,0.94999999999999996,acceleration_limited,4000,4.75,-1,0.98999999999999999,0.0031171875000000002,-0.0030860156250000002,true,true,,,200,200,1,199.99999999999983,1,1.9786175433702808,1.9786175433702831,1.9786175433702868,0,1,1.5430078125000179e-05,0.0050000000000000044,1,0,0,0,0,required_grid,true,
0.0050000000000000001,0.94999999999999996,acceleration_limited,4000,4.75,1,0.98999999999999999,0.0031171875000000002,0.0030860156250000002,true,true,,,200,200,1,199.99999999999983,1,1.9786175433702808,1.9786175433702831,1.9786175433702868,0,1,1.5430078125000179e-05,0.0050000000000000044,1,0,0,0,0,required_grid,true,
0.0050000000000000001,0.94999999999999996,acceleration_limited,4000,4.75,-1,0.995,0.0031171875000000002,-0.0031016015625,true,true,,,200,200,1,199.99999999999983,1,1.9891324254752618,1.9891324254752618,1.9891324254754319,0,1,1.5508007812500024e-05,0.0050000000000000044,1,0,0,0,0,required_grid,true,
0.0050000000000000001,0.94999999999999996,acceleration_limited,4000,4.75,1,0.995,0.0031171875000000002,0.0031016015625,true,true,,,200,200,1,199.99999999999983,1,1.9891324254752618,1.9891324254752618,1.9891324254754319,0,1,1.5508007812500024e-05,0.0050000000000000044,1,0,0,0,0,required_grid,true,
0.0050000000000000001,0.94999999999999996,acceleration_limited,4000,4.75,-1,1,0.0031171875000000002,-0.0031171875000000002,true,true,,,200,200,1,199.99999999999983,1,2.0000000000000044,2.0000000000000369,2.0000000000002531,0,1,1.55859375000001e-05,0.0050000000000000044,1,0,0,0,0,required_grid,true,
0.0050000000000000001,0.94999999999999996,acceleration_limited,4000,4.75,1,1,0.0031171875000000002,0.0031171875000000002,true,true,,,200,200,1,199.99999999999983,1,2.0000000000000044,2.0000000000000369,2.0000000000002531,0,1,1.55859375000001e-05,0.0050000000000000044,1,0,0,0,0,required_grid,true,
0.0050000000000000001,0.94999999999999996,acceleration_limited,4000,4.75,-1,1.0049999999999999,0.0031171875000000002,-0.0031327734374999999,true,true,,,200,200,0,0,0,1.9965671564280396,1.9965671564280392,1.9965671564281391,0,0.88429752066115708,1.618392472240066e-05,0.0050000000000000044,1,0,0,0,0,required_grid,true,
0.0050000000000000001,0.94999999999999996,acceleration_limited,4000,4.75,1,1.0049999999999999,0.0031171875000000002,0.0031327734374999999,true,true,,,200,200,0,0,0,1.9965671564280396,1.9965671564280392,1.9965671564281391,0,0.88429752066115708,1.618392472240066e-05,0.0050000000000000044,1,0,0,0,0,required_grid,true,
0.0050000000000000001,0.94999999999999996,acceleration_limited,4000,4.75,-1,1.01,0.0031171875000000002,-0.0031483593750000001,true,true,,,200,200,0,0,0,1.9931537435791407,1.9931537435791409,1.9931537435793159,0,0.50413223140495866,1.6732478193876835e-05,0.0050000000000000044,1,0,0,0,0,required_grid,true,
0.0050000000000000001,0.94999999999999996,acceleration_limited,4000,4.75,1,1.01,0.0031171875000000002,0.0031483593750000001,true,true,,,200,200,0,0,0,1.9931537435791407,1.9931537435791409,1.9931537435793159,0,0.50413223140495866,1.6732478193876835e-05,0.0050000000000000044,1,0,0,0,0,required_grid,true,
0.0050000000000000001,0.94999999999999996,acceleration_limited,4000,4.75,-1,1.02,0.0031171875000000002,-0.0031795312500000001,true,true,,,200,200,0,0,0,1.9793980254963839,1.9564982001362732,1.9863844525657044,0,0.33057851239669422,1.7041947180049672e-05,0.0050000000000000044,1,0,0,0,0,required_grid,true,
0.0050000000000000001,0.94999999999999996,acceleration_limited,4000,4.75,1,1.02,0.0031171875000000002,0.0031795312500000001,true,true,,,200,200,0,0,0,1.9793980254963839,1.9564982001362732,1.9863844525657044,0,0.33057851239669422,1.7041947180049672e-05,0.0050000000000000044,1,0,0,0,0,required_grid,true,
0.0050000000000000001,0.94999999999999996,acceleration_limited,4000,4.75,-1,1.05,0.0031171875000000002,-0.0032730468750000003,true,true,,,200,200,0,0,0,1.9562476200686341,1.9218960312450375,1.9665236875590404,0,0.34710743801652894,1.7557167699882584e-05,0.0050000000000000044,1,0,0,0,0,required_grid,true,
0.0050000000000000001,0.94999999999999996,acceleration_limited,4000,4.75,1,1.05,0.0031171875000000002,0.0032730468750000003,true,true,,,200,200,0,0,0,1.9562476200686341,1.9218960312450375,1.9665236875590404,0,0.34710743801652894,1.7557167699882584e-05,0.0050000000000000044,1,0,0,0,0,required_grid,true,
0.0050000000000000001,0.94999999999999996,acceleration_limited,4000,4.75,-1,1.1000000000000001,0.0031171875000000002,-0.0034289062500000005,true,true,,,200,200,0,0,0,1.9033681633199941,1.7907934780687529,1.934830465678701,0,0.33884297520661155,1.8425397190441338e-05,0.0050000000000000044,1,0,0,0,0,required_grid,true,
0.0050000000000000001,0.94999999999999996,acceleration_limited,4000,4.75,1,1.1000000000000001,0.0031171875000000002,0.0034289062500000005,true,true,,,200,200,0,0,0,1.9033681633199941,1.7907934780687529,1.934830465678701,0,0.33884297520661155,1.8425397190441338e-05,0.0050000000000000044,1,0,0,0,0,required_grid,true,
0.0050000000000000001,0.94999999999999996,acceleration_limited,4000,4.75,-1,1.2,0.0031171875000000002,-0.003740625,true,true,,,200,200,0,0,0,1.8367552350327681,1.6849844962164675,1.8761789809215554,0,0.23966942148760331,2.0203041052879771e-05,0.0050000000000000044,1,0,0,0,0,required_grid,true,
0.0050000000000000001,0.94999999999999996,acceleration_limited,4000,4.75,1,1.2,0.0031171875000000002,0.003740625,true,true,,,200,200,0,0,0,1.8367552350327681,1.6849844962164675,1.8761789809215554,0,0.23966942148760331,2.0203041052879771e-05,0.0050000000000000044,1,0,0,0,0,required_grid,true,
0.0050000000000000001,0.94999999999999996,acceleration_limited,4000,4.75,-1,2,0.0031171875000000002,-0.0062343750000000003,true,true,,,200,200,0,0,0,1.5839303855783564,1.551158998705819,1.57354060512509,0,0.32231404958677684,3.5970120147193399e-05,0.0050000000000000044,1,0,0,0,0,required_grid,true,
0.0050000000000000001,0.94999999999999996,acceleration_limited,4000,4.75,1,2,0.0031171875000000002,0.0062343750000000003,true,true,,,200,200,0,0,0,1.5839303855783564,1.551158998705819,1.57354060512509,0,0.32231404958677684,3.5970120147193399e-05,0.0050000000000000044,1,0,0,0,0,required_grid,true,
0.0050000000000000001,1,jerk_limited,1000,1.25,-1,0.5,0.00078125000000000004,-0.00039062500000000002,true,true,,,200,200,1,199.99999999999983,1,1.9999999999998912,2.0000000000005547,2.0000000000005924,0,1,1.9531250000000039e-06,0.0050000000000000044,1,0,0,0,0,required_grid,true,
0.0050000000000000001,1,jerk_limited,1000,1.25,1,0.5,0.00078125000000000004,0.00039062500000000002,true,true,,,200,200,1,199.99999999999983,1,1.9999999999998899,2.0000000000000382,2.0000000000003264,0,1,1.953124999999942e-06,0.0050000000000000044,1,0,0,0,0,required_grid,true,
0.0050000000000000001,1,jerk_limited,1000,1.25,-1,0.80000000000000004,0.00078125000000000004,-0.00062500000000000012,true,true,,,200,200,1,199.99999999999983,1,1.9999999999999394,2.0000000000000133,2.0000000000004037,0,1,3.1249999999999841e-06,0.0050000000000000044,1,0,0,0,0,required_grid,true,
0.0050000000000000001,1,jerk_limited,1000,1.25,1,0.80000000000000004,0.00078125000000000004,0.00062500000000000012,true,true,,,200,200,1,199.99999999999983,1,1.9999999999999167,2.0000000000001483,2.0000000000003268,0,1,3.1249999999999997e-06,0.0050000000000000044,1,0,0,0,0,required_grid,true,
0.0050000000000000001,1,jerk_limited,1000,1.25,-1,0.90000000000000002,0.00078125000000000004,-0.00070312500000000008,true,true,,,200,200,1,199.99999999999983,1,1.9999999999998985,2.0000000000000786,2.0000000000003748,0,1,3.5156249999999902e-06,0.0050000000000000044,1,0,0,0,0,required_grid,true,
0.0050000000000000001,1,jerk_limited,1000,1.25,1,0.90000000000000002,0.00078125000000000004,0.00070312500000000008,true,true,,,200,200,1,199.99999999999983,1,1.9999999999999403,2.0000000000001492,2.0000000000003566,0,1,3.515625000000024e-06,0.0050000000000000044,1,0,0,0,0,required_grid,true,
0.0050000000000000001,1,jerk_limited,1000,1.25,-1,0.94999999999999996,0.00078125000000000004,-0.00074218750000000001,true,true,,,200,200,1,199.99999999999983,1,1.9999999999999545,2.0000000000001354,2.0000000000002456,0,1,3.7109375000000195e-06,0.0050000000000000044,1,0,0,0,0,required_grid,true,
0.0050000000000000001,1,jerk_limited,1000,1.25,1,0.94999999999999996,0.00078125000000000004,0.00074218750000000001,true,true,,,200,200,1,199.99999999999983,1,1.9999999999999059,2.0000000000001363,2.0000000000003424,0,1,3.7109375000000008e-06,0.0050000000000000044,1,0,0,0,0,required_grid,true,
0.0050000000000000001,1,jerk_limited,1000,1.25,-1,0.97999999999999998,0.00078125000000000004,-0.00076562500000000003,true,true,,,200,200,1,199.99999999999983,1,1.9999999999999627,2.0000000000000275,2.0000000000001745,0,1,3.828125000000016e-06,0.0050000000000000044,1,0,0,0,0,required_grid,true,
0.0050000000000000001,1,jerk_limited,1000,1.25,1,0.97999999999999998,0.00078125000000000004,0.00076562500000000003,true,true,,,200,200,1,199.99999999999983,1,1.9999999999999076,2.0000000000001377,2.0000000000003149,0,1,3.8281249999999719e-06,0.0050000000000000044,1,0,0,0,0,required_grid,true,
0.0050000000000000001,1,jerk_limited,1000,1.25,-1,0.98999999999999999,0.00078125000000000004,-0.00077343750000000004,true,true,,,200,200,1,199.99999999999983,1,1.9999999999999121,2.000000000000091,2.0000000000002811,0,1,3.8671874999999907e-06,0.0050000000000000044,1,0,0,0,0,required_grid,true,
0.0050000000000000001,1,jerk_limited,1000,1.25,1,0.98999999999999999,0.00078125000000000004,0.00077343750000000004,true,true,,,200,200,1,199.99999999999983,1,1.9999999999999161,2.0000000000001297,2.0000000000002784,0,1,3.8671874999999873e-06,0.0050000000000000044,1,0,0,0,0,required_grid,true,
0.0050000000000000001,1,jerk_limited,1000,1.25,-1,0.995,0.00078125000000000004,-0.00077734375000000004,true,true,,,200,200,1,199.99999999999983,1,1.999999999999889,2.0000000000000666,2.0000000000003895,0,1,3.8867187500000119e-06,0.0050000000000000044,1,0,0,0,0,required_grid,true,
0.0050000000000000001,1,jerk_limited,1000,1.25,1,0.995,0.00078125000000000004,0.00077734375000000004,true,true,,,200,200,1,199.99999999999983,1,1.9999999999999063,2.0000000000001115,2.000000000000318,0,1,3.88671875e-06,0.0050000000000000044,1,0,0,0,0,required_grid,true,
0.0050000000000000001,1,jerk_limited,1000,1.25,-1,1,0.00078125000000000004,-0.00078125000000000004,true,false,follower,InvariantViolationError: ordinary Ruckig unshielded method failure: ruckig_exception (not_run),5,200,,,,,,,,,,,,,,,,exact_boundary_seam_diagnostic,false,ValueError: evaluation window 'main_evaluation' has no samples
0.0050000000000000001,1,jerk_limited,1000,1.25,1,1,0.00078125000000000004,0.00078125000000000004,true,false,follower,InvariantViolationError: ordinary Ruckig unshielded method failure: ruckig_exception (not_run),5,200,,,,,,,,,,,,,,,,exact_boundary_seam_diagnostic,false,ValueError: evaluation window 'main_evaluation' has no samples
0.0050000000000000001,1,jerk_limited,1000,1.25,-1,1.0049999999999999,0.00078125000000000004,-0.00078515624999999994,true,true,,,200,200,0,0,0,1.9966758961936173,1.9966758961936175,1.9966758961937066,0,0.96694214876033058,4.0527963668831963e-06,0.0050000000000000044,1,0,0,0,0,required_grid,true,
0.0050000000000000001,1,jerk_limited,1000,1.25,1,1.0049999999999999,0.00078125000000000004,0.00078515624999999994,true,true,,,200,200,0,0,0,1.9966758961936173,1.9966758961936175,1.9966758961937066,0,0.96694214876033058,4.0527963668831963e-06,0.0050000000000000044,1,0,0,0,0,required_grid,true,
0.0050000000000000001,1,jerk_limited,1000,1.25,-1,1.01,0.00078125000000000004,-0.00078906250000000005,true,true,,,200,200,0,0,0,1.9933701333305129,1.9933701333305129,1.9933701333306335,0,0.60330578512396693,4.2194983886519355e-06,0.0050000000000000044,1,0,0,0,0,required_grid,true,
0.0050000000000000001,1,jerk_limited,1000,1.25,1,1.01,0.00078125000000000004,0.00078906250000000005,true,true,,,200,200,0,0,0,1.9933701333305129,1.9933701333305129,1.9933701333306335,0,0.60330578512396693,4.2194983886519355e-06,0.0050000000000000044,1,0,0,0,0,required_grid,true,
0.0050000000000000001,1,jerk_limited,1000,1.25,-1,1.02,0.00078125000000000004,-0.00079687500000000006,true,true,,,200,200,0,0,0,1.9841843096594172,1.9761996655997911,1.9868129314552712,0,0.41322314049586778,4.3090341557089683e-06,0.0050000000000000044,1,0,0,0,0,required_grid,true,
0.0050000000000000001,1,jerk_limited,1000,1.25,1,1.02,0.00078125000000000004,0.00079687500000000006,true,true,,,200,200,0,0,0,1.9841843096594172,1.9761996655997911,1.9868129314552712,0,0.41322314049586778,4.3090341557089683e-06,0.0050000000000000044,1,0,0,0,0,required_grid,true,
0.0050000000000000001,1,jerk_limited,1000,1.25,-1,1.05,0.00078125000000000004,-0.00082031250000000008,true,true,,,200,200,0,0,0,1.958751533230312,1.9313812455088082,1.9675637555726087,0,0.41322314049586778,4.4293015700132024e-06,0.0050000000000000044,1,0,0,0,0,required_grid,true,
0.0050000000000000001,1,jerk_limited,1000,1.25,1,1.05,0.00078125000000000004,0.00082031250000000008,true,true,,,200,200,0,0,0,1.958751533230312,1.9313812455088082,1.9675637555726087,0,0.41322314049586778,4.4293015700132024e-06,0.0050000000000000044,1,0,0,0,0,required_grid,true,
0.0050000000000000001,1,jerk_limited,1000,1.25,-1,1.1000000000000001,0.00078125000000000004,-0.00085937500000000011,true,true,,,200,200,0,0,0,1.919175559893942,1.8623545299240396,1.9368137895452386,0,0.39669421487603307,4.6334569217602964e-06,0.0050000000000000044,1,0,0,0,0,required_grid,true,
0.0050000000000000001,1,jerk_limited,1000,1.25,1,1.1000000000000001,0.00078125000000000004,0.00085937500000000011,true,true,,,200,200,0,0,0,1.919175559893942,1.8623545299240396,1.9368137895452386,0,0.39669421487603307,4.6334569217602964e-06,0.0050000000000000044,1,0,0,0,0,required_grid,true,
0.0050000000000000001,1,jerk_limited,1000,1.25,-1,1.2,0.00078125000000000004,-0.00093749999999999997,true,true,,,200,200,0,0,0,1.8566694934295276,1.7779543028188696,1.8798034326833493,0,0.42148760330578511,5.0537467284562963e-06,0.0050000000000000044,1,0,0,0,0,required_grid,true,
0.0050000000000000001,1,jerk_limited,1000,1.25,1,1.2,0.00078125000000000004,0.00093749999999999997,true,true,,,200,200,0,0,0,1.8566694934295276,1.7779543028188696,1.8798034326833493,0,0.42148760330578511,5.0537467284562963e-06,0.0050000000000000044,1,0,0,0,0,required_grid,true,
0.0050000000000000001,1,jerk_limited,1000,1.25,-1,2,0.00078125000000000004,-0.0015625000000000001,true,true,,,200,200,0,0,0,1.5615528128088245,1.561552812808809,1.6346823123764411,0,0.37190082644628097,8.9867310519035918e-06,0.0050000000000000044,1,0,0,0,0,required_grid,true,
0.0050000000000000001,1,jerk_limited,1000,1.25,1,2,0.00078125000000000004,0.0015625000000000001,true,true,,,200,200,0,0,0,1.5615528128088245,1.561552812808809,1.6346823123764411,0,0.37190082644628097,8.9867310519035918e-06,0.0050000000000000044,1,0,0,0,0,required_grid,true,
0.0050000000000000001,1,jerk_limited,4000,5,-1,0.5,0.0031250000000000002,-0.0015625000000000001,true,true,,,200,200,1,199.99999999999983,1,1.9999999999998912,2.0000000000005178,2.0000000000005924,0,1,7.81249999999999e-06,0.0050000000000000044,1,0,0,0,0,required_grid,true,
0.0050000000000000001,1,jerk_limited,4000,5,1,0.5,0.0031250000000000002,0.0015625000000000001,true,true,,,200,200,1,199.99999999999983,1,1.9999999999999167,2.0000000000001217,2.0000000000003273,0,1,7.8125000000000239e-06,0.0050000000000000044,1,0,0,0,0,required_grid,true,
0.0050000000000000001,1,jerk_limited,4000,5,-1,0.80000000000000004,0.0031250000000000002,-0.0025000000000000005,true,true,,,200,200,1,199.99999999999983,1,1.7024335825561812,1.7024335825561816,2.0000000000000386,0,1,1.2499999999999967e-05,0.0050000000000000044,1,0,0,0,0,required_grid,true,
0.0050000000000000001,1,jerk_limited,4000,5,1,0.80000000000000004,0.0031250000000000002,0.0025000000000000005,true,true,,,200,200,1,199.99999999999983,1,1.9999999999999014,2.0000000000000964,2.0000000000002576,0,1,1.2499999999999967e-05,0.0050000000000000044,1,0,0,0,0,required_grid,true,
0.0050000000000000001,1,jerk_limited,4000,5,-1,0.90000000000000002,0.0031250000000000002,-0.0028125000000000003,true,true,,,200,200,1,199.99999999999983,1,1.8310464800500974,1.8310464800507071,2.0000000000003748,0,1,1.4062499999999932e-05,0.0050000000000000044,1,0,0,0,0,required_grid,true,
0.0050000000000000001,1,jerk_limited,4000,5,1,0.90000000000000002,0.0031250000000000002,0.0028125000000000003,true,true,,,200,200,1,199.99999999999983,1,1.9999999999999396,2.0000000000001497,2.0000000000003575,0,1,1.4062500000000096e-05,0.0050000000000000044,1,0,0,0,0,required_grid,true,
0.0050000000000000001,1,jerk_limited,4000,5,-1,0.94999999999999996,0.0031250000000000002,-0.00296875,true,true,,,200,200,1,199.99999999999983,1,1.9999999999999531,2.0000000000001354,2.0000000000002456,0,1,1.4843750000000086e-05,0.0050000000000000044,1,0,0,0,0,required_grid,true,
0.0050000000000000001,1,jerk_limited,4000,5,1,0.94999999999999996,0.0031250000000000002,0.00296875,true,true,,,200,200,1,199.99999999999983,1,1.9999999999998697,2.0000000000000475,2.0000000000002833,0,1,1.4843749999999937e-05,0.0050000000000000044,1,0,0,0,0,required_grid,true,
0.0050000000000000001,1,jerk_limited,4000,5,-1,0.97999999999999998,0.0031250000000000002,-0.0030625000000000001,true,true,,,200,200,1,199.99999999999983,1,1.9615102407552605,1.9615102407556129,2.0000000000001741,0,1,1.531250000000005e-05,0.0050000000000000044,1,0,0,0,0,required_grid,true,
0.0050000000000000001,1,jerk_limited,4000,5,1,0.97999999999999998,0.0031250000000000002,0.0030625000000000001,true,true,,,200,200,1,199.99999999999983,1,1.9999999999998181,2.0000000000000213,2.0000000000002869,0,1,1.5312499999999983e-05,0.0050000000000000044,1,0,0,0,0,required_grid,true,
0.0050000000000000001,1,jerk_limited,4000,5,-1,0.98999999999999999,0.0031250000000000002,-0.0030937500000000001,true,true,,,200,200,1,199.99999999999983,1,1.9803884044369229,1.9803884044369238,2.0000000000002314,0,1,1.5468749999999969e-05,0.0050000000000000044,1,0,0,0,0,required_grid,true,
0.0050000000000000001,1,jerk_limited,4000,5,1,0.98999999999999999,0.0031250000000000002,0.0030937500000000001,true,true,,,200,200,1,199.99999999999983,1,1.9803884044369233,1.9803884044369233,2.0000000000002509,0,1,1.5468749999999959e-05,0.0050000000000000044,1,0,0,0,0,required_grid,true,
0.0050000000000000001,1,jerk_limited,4000,5,-1,0.995,0.0031250000000000002,-0.0031093750000000002,true,true,,,200,200,1,199.99999999999983,1,1.990098525753931,1.9900985257541084,2.0000000000002451,0,1,1.5546875000000024e-05,0.0050000000000000044,1,0,0,0,0,required_grid,true,
0.0050000000000000001,1,jerk_limited,4000,5,1,0.995,0.0031250000000000002,0.0031093750000000002,true,true,,,200,200,1,199.99999999999983,1,1.9999999999998919,2.000000000000083,2.000000000000318,0,1,1.5546875000000017e-05,0.0050000000000000044,1,0,0,0,0,required_grid,true,
0.0050000000000000001,1,jerk_limited,4000,5,-1,1,0.0031250000000000002,-0.0031250000000000002,true,false,follower,InvariantViolationError: ordinary Ruckig unshielded method failure: ruckig_exception (not_run),5,200,,,,,,,,,,,,,,,,exact_boundary_seam_diagnostic,false,ValueError: evaluation window 'main_evaluation' has no samples
0.0050000000000000001,1,jerk_limited,4000,5,1,1,0.0031250000000000002,0.0031250000000000002,true,false,follower,InvariantViolationError: ordinary Ruckig unshielded method failure: ruckig_exception (not_run),5,200,,,,,,,,,,,,,,,,exact_boundary_seam_diagnostic,false,ValueError: evaluation window 'main_evaluation' has no samples
0.0050000000000000001,1,jerk_limited,4000,5,-1,1.0049999999999999,0.0031250000000000002,-0.0031406249999999998,true,true,,,200,200,0,0,0,1.9966758961936173,1.9966758961936175,1.9966758961937066,0,0.96694214876033058,1.6211185467532785e-05,0.0050000000000000044,1,0,0,0,0,required_grid,true,
0.0050000000000000001,1,jerk_limited,4000,5,1,1.0049999999999999,0.0031250000000000002,0.0031406249999999998,true,true,,,200,200,0,0,0,1.9966758961936173,1.9966758961936175,1.9966758961937066,0,0.96694214876033058,1.6211185467532785e-05,0.0050000000000000044,1,0,0,0,0,required_grid,true,
0.0050000000000000001,1,jerk_limited,4000,5,-1,1.01,0.0031250000000000002,-0.0031562500000000002,true,true,,,200,200,0,0,0,1.9933701333305129,1.9933701333305129,1.9933701333306335,0,0.60330578512396693,1.6877993554607742e-05,0.0050000000000000044,1,0,0,0,0,required_grid,true,
0.0050000000000000001,1,jerk_limited,4000,5,1,1.01,0.0031250000000000002,0.0031562500000000002,true,true,,,200,200,0,0,0,1.9933701333305129,1.9933701333305129,1.9933701333306335,0,0.60330578512396693,1.6877993554607742e-05,0.0050000000000000044,1,0,0,0,0,required_grid,true,
0.0050000000000000001,1,jerk_limited,4000,5,-1,1.02,0.0031250000000000002,-0.0031875000000000002,true,true,,,200,200,0,0,0,1.9841843096594172,1.9761996655997911,1.9868129314552712,0,0.41322314049586778,1.7236136622835873e-05,0.0050000000000000044,1,0,0,0,0,required_grid,true,
0.0050000000000000001,1,jerk_limited,4000,5,1,1.02,0.0031250000000000002,0.0031875000000000002,true,true,,,200,200,0,0,0,1.9841843096594172,1.9761996655997911,1.9868129314552712,0,0.41322314049586778,1.7236136622835873e-05,0.0050000000000000044,1,0,0,0,0,required_grid,true,
0.0050000000000000001,1,jerk_limited,4000,5,-1,1.05,0.0031250000000000002,-0.0032812500000000003,true,true,,,200,200,0,0,0,1.958751533230312,1.9313812455088082,1.9675637555726087,0,0.41322314049586778,1.7717206280052809e-05,0.0050000000000000044,1,0,0,0,0,required_grid,true,
0.0050000000000000001,1,jerk_limited,4000,5,1,1.05,0.0031250000000000002,0.0032812500000000003,true,true,,,200,200,0,0,0,1.958751533230312,1.9313812455088082,1.9675637555726087,0,0.41322314049586778,1.7717206280052809e-05,0.0050000000000000044,1,0,0,0,0,required_grid,true,
0.0050000000000000001,1,jerk_limited,4000,5,-1,1.1000000000000001,0.0031250000000000002,-0.0034375000000000005,true,true,,,200,200,0,0,0,1.919175559893942,1.8623545299240396,1.9368137895452386,0,0.39669421487603307,1.8533827687041186e-05,0.0050000000000000044,1,0,0,0,0,required_grid,true,
0.0050000000000000001,1,jerk_limited,4000,5,1,1.1000000000000001,0.0031250000000000002,0.0034375000000000005,true,true,,,200,200,0,0,0,1.919175559893942,1.8623545299240396,1.9368137895452386,0,0.39669421487603307,1.8533827687041186e-05,0.0050000000000000044,1,0,0,0,0,required_grid,true,
0.0050000000000000001,1,jerk_limited,4000,5,-1,1.2,0.0031250000000000002,-0.0037499999999999999,true,true,,,200,200,0,0,0,1.8566694934295276,1.7779543028188696,1.8798034326833493,0,0.42148760330578511,2.0214986913825185e-05,0.0050000000000000044,1,0,0,0,0,required_grid,true,
0.0050000000000000001,1,jerk_limited,4000,5,1,1.2,0.0031250000000000002,0.0037499999999999999,true,true,,,200,200,0,0,0,1.8566694934295276,1.7779543028188696,1.8798034326833493,0,0.42148760330578511,2.0214986913825185e-05,0.0050000000000000044,1,0,0,0,0,required_grid,true,
0.0050000000000000001,1,jerk_limited,4000,5,-1,2,0.0031250000000000002,-0.0062500000000000003,true,true,,,200,200,0,0,0,1.5615528128088245,1.561552812808809,1.6346823123764411,0,0.37190082644628097,3.5946924207614367e-05,0.0050000000000000044,1,0,0,0,0,required_grid,true,
0.0050000000000000001,1,jerk_limited,4000,5,1,2,0.0031250000000000002,0.0062500000000000003,true,true,,,200,200,0,0,0,1.5615528128088245,1.561552812808809,1.6346823123764411,0,0.37190082644628097,3.5946924207614367e-05,0.0050000000000000044,1,0,0,0,0,required_grid,true,
0.0050000000000000001,1.05,jerk_limited,1000,1.3125,-1,0.5,0.00078125000000000004,-0.00039062500000000002,true,true,,,200,200,1,199.99999999999983,1,1.9999999999998912,2.0000000000005551,2.0000000000005924,0,1,1.9531250000000017e-06,0.0050000000000000044,1,0,0,0,0,required_grid,true,
0.0050000000000000001,1.05,jerk_limited,1000,1.3125,1,0.5,0.00078125000000000004,0.00039062500000000002,true,true,,,200,200,1,199.99999999999983,1,1.9999999999998885,2.0000000000000382,2.0000000000003268,0,1,1.9531249999999399e-06,0.0050000000000000044,1,0,0,0,0,required_grid,true,
0.0050000000000000001,1.05,jerk_limited,1000,1.3125,-1,0.80000000000000004,0.00078125000000000004,-0.00062500000000000012,true,true,,,200,200,1,199.99999999999983,1,1.9999999999999389,2.0000000000000133,2.0000000000004037,0,1,3.1249999999999862e-06,0.0050000000000000044,1,0,0,0,0,required_grid,true,
0.0050000000000000001,1.05,jerk_limited,1000,1.3125,1,0.80000000000000004,0.00078125000000000004,0.00062500000000000012,true,true,,,200,200,1,199.99999999999983,1,1.9999999999999167,2.0000000000001483,2.000000000000326,0,1,3.1249999999999997e-06,0.0050000000000000044,1,0,0,0,0,required_grid,true,
0.0050000000000000001,1.05,jerk_limited,1000,1.3125,-1,0.90000000000000002,0.00078125000000000004,-0.00070312500000000008,true,true,,,200,200,1,199.99999999999983,1,1.9999999999998992,2.0000000000000786,2.0000000000003748,0,1,3.5156249999999957e-06,0.0050000000000000044,1,0,0,0,0,required_grid,true,
0.0050000000000000001,1.05,jerk_limited,1000,1.3125,1,0.90000000000000002,0.00078125000000000004,0.00070312500000000008,true,true,,,200,200,1,199.99999999999983,1,1.9999999999999403,2.0000000000001492,2.0000000000003566,0,1,3.515625000000024e-06,0.0050000000000000044,1,0,0,0,0,required_grid,true,
0.0050000000000000001,1.05,jerk_limited,1000,1.3125,-1,0.94999999999999996,0.00078125000000000004,-0.00074218750000000001,true,true,,,200,200,1,199.99999999999983,1,1.9999999999999545,2.0000000000001354,2.0000000000002456,0,1,3.7109375000000195e-06,0.0050000000000000044,1,0,0,0,0,required_grid,true,
0.0050000000000000001,1.05,jerk_limited,1000,1.3125,1,0.94999999999999996,0.00078125000000000004,0.00074218750000000001,true,true,,,200,200,1,199.99999999999983,1,1.9999999999999656,2.0000000000001945,2.000000000000401,0,1,3.7109375000001554e-06,0.0050000000000000044,1,0,0,0,0,required_grid,true,
0.0050000000000000001,1.05,jerk_limited,1000,1.3125,-1,0.97999999999999998,0.00078125000000000004,-0.00076562500000000003,true,true,,,200,200,1,199.99999999999983,1,1.9999999999999627,2.0000000000000275,2.0000000000003197,0,1,3.8281250000000185e-06,0.0050000000000000044,1,0,0,0,0,required_grid,true,
0.0050000000000000001,1.05,jerk_limited,1000,1.3125,1,0.97999999999999998,0.00078125000000000004,0.00076562500000000003,true,true,,,200,200,1,199.99999999999983,1,1.9999999999999054,2.0000000000001377,2.0000000000002869,0,1,3.8281249999999711e-06,0.0050000000000000044,1,0,0,0,0,required_grid,true,
0.0050000000000000001,1.05,jerk_limited,1000,1.3125,-1,0.98999999999999999,0.00078125000000000004,-0.00077343750000000004,true,true,,,200,200,1,199.99999999999983,1,1.9999999999999121,2.000000000000091,2.0000000000002696,0,1,3.8671874999999932e-06,0.0050000000000000044,1,0,0,0,0,required_grid,true,
0.0050000000000000001,1.05,jerk_limited,1000,1.3125,1,0.98999999999999999,0.00078125000000000004,0.00077343750000000004,true,true,,,200,200,1,199.99999999999983,1,1.9999999999999167,2.0000000000001292,2.0000000000003073,0,1,3.8671874999999873e-06,0.0050000000000000044,1,0,0,0,0,required_grid,true,
0.0050000000000000001,1.05,jerk_limited,1000,1.3125,-1,0.995,0.00078125000000000004,-0.00077734375000000004,true,true,,,200,200,1,199.99999999999983,1,1.9999999999998896,2.0000000000000671,2.0000000000003895,0,1,3.8867187500000127e-06,0.0050000000000000044,1,0,0,0,0,required_grid,true,
0.0050000000000000001,1.05,jerk_limited,1000,1.3125,1,0.995,0.00078125000000000004,0.00077734375000000004,true,true,,,200,200,1,199.99999999999983,1,1.9999999999999063,2.0000000000001124,2.000000000000318,0,1,3.8867187500000102e-06,0.0050000000000000044,1,0,0,0,0,required_grid,true,
0.0050000000000000001,1.05,jerk_limited,1000,1.3125,-1,1,0.00078125000000000004,-0.00078125000000000004,true,true,,,200,200,1,199.99999999999983,1,1.9999999999999512,2.0000000000001128,2.0000000000002736,0,1,3.9062500000000128e-06,0.0050000000000000044,1,0,0,0,0,required_grid,true,
0.0050000000000000001,1.05,jerk_limited,1000,1.3125,1,1,0.00078125000000000004,0.00078125000000000004,true,true,,,200,200,1,199.99999999999983,1,1.9999999999999512,2.0000000000001128,2.0000000000002736,0,1,3.9062500000000128e-06,0.0050000000000000044,1,0,0,0,0,required_grid,true,
0.0050000000000000001,1.05,jerk_limited,1000,1.3125,-1,1.0049999999999999,0.00078125000000000004,-0.00078515624999999994,true,true,,,200,200,0,0,0,1.9966777347471629,1.9966777347471611,1.9966777347473099,0,0.97520661157024791,4.0525017087940811e-06,0.0050000000000000044,1,0,0,0,0,required_grid,true,
0.0050000000000000001,1.05,jerk_limited,1000,1.3125,1,1.0049999999999999,0.00078125000000000004,0.00078515624999999994,true,true,,,200,200,0,0,0,1.9966777347471629,1.9966777347471611,1.9966777347473099,0,0.97520661157024791,4.0525017087940811e-06,0.0050000000000000044,1,0,0,0,0,required_grid,true,
0.0050000000000000001,1.05,jerk_limited,1000,1.3125,-1,1.01,0.00078125000000000004,-0.00078906250000000005,true,true,,,200,200,0,0,0,1.9933774349546489,1.9933774349546489,1.9933774349547582,0,0.73553719008264462,4.2173893372334747e-06,0.0050000000000000044,1,0,0,0,0,required_grid,true,
0.0050000000000000001,1.05,jerk_limited,1000,1.3125,1,1.01,0.00078125000000000004,0.00078906250000000005,true,true,,,200,200,0,0,0,1.9933774349546489,1.9933774349546489,1.9933774349547582,0,0.73553719008264462,4.2173893372334747e-06,0.0050000000000000044,1,0,0,0,0,required_grid,true,
0.0050000000000000001,1.05,jerk_limited,1000,1.3125,-1,1.02,0.00078125000000000004,-0.00079687500000000006,true,true,,,200,200,0,0,0,1.986841724317838,1.9868417243178385,1.9868417243180023,0,0.66942148760330578,4.3005211787907155e-06,0.0050000000000000044,1,0,0,0,0,required_grid,true,
0.0050000000000000001,1.05,jerk_limited,1000,1.3125,1,1.02,0.00078125000000000004,0.00079687500000000006,true,true,,,200,200,0,0,0,1.986841724317838,1.9868417243178385,1.9868417243180023,0,0.66942148760330578,4.3005211787907155e-06,0.0050000000000000044,1,0,0,0,0,required_grid,true,
0.0050000000000000001,1.05,jerk_limited,1000,1.3125,-1,1.05,0.00078125000000000004,-0.00082031250000000008,true,true,,,200,200,0,0,0,1.9677362936123166,1.9677362936123166,1.9677362936124927,0,0.60330578512396693,4.4131337249958499e-06,0.0050000000000000044,1,0,0,0,0,required_grid,true,
0.0050000000000000001,1.05,jerk_limited,1000,1.3125,1,1.05,0.00078125000000000004,0.00082031250000000008,true,true,,,200,200,0,0,0,1.9677362936123166,1.9677362936123166,1.9677362936124927,0,0.60330578512396693,4.4131337249958499e-06,0.0050000000000000044,1,0,0,0,0,required_grid,true,
0.0050000000000000001,1.05,jerk_limited,1000,1.3125,-1,1.1000000000000001,0.00078125000000000004,-0.00085937500000000011,true,true,,,200,200,0,0,0,1.937458612302853,1.9374586123028525,1.9374586123030333,0,0.63636363636363635,4.6058420763341653e-06,0.0050000000000000044,1,0,0,0,0,required_grid,true,
0.0050000000000000001,1.05,jerk_limited,1000,1.3125,1,1.1000000000000001,0.00078125000000000004,0.00085937500000000011,true,true,,,200,200,0,0,0,1.937458612302853,1.9374586123028525,1.9374586123030333,0,0.63636363636363635,4.6058420763341653e-06,0.0050000000000000044,1,0,0,0,0,required_grid,true,
0.0050000000000000001,1.05,jerk_limited,1000,1.3125,-1,1.2,0.00078125000000000004,-0.00093749999999999997,true,true,,,200,200,0,0,0,1.8819823261068209,1.8819823261068209,1.8819823261069237,0,0.58677685950413228,5.0335504275965672e-06,0.0050000000000000044,1,0,0,0,0,required_grid,true,
0.0050000000000000001,1.05,jerk_limited,1000,1.3125,1,1.2,0.00078125000000000004,0.00093749999999999997,true,true,,,200,200,0,0,0,1.8819823261068209,1.8819823261068209,1.8819823261069237,0,0.58677685950413228,5.0335504275965672e-06,0.0050000000000000044,1,0,0,0,0,required_grid,true,
0.0050000000000000001,1.05,jerk_limited,1000,1.3125,-1,2,0.00078125000000000004,-0.0015625000000000001,true,true,,,200,200,0,0,0,1.5709838614063882,1.5709838614063887,1.6876844171880712,0,0.33884297520661155,8.9653690404107619e-06,0.0050000000000000044,1,0,0,0,0,required_grid,true,
0.0050000000000000001,1.05,jerk_limited,1000,1.3125,1,2,0.00078125000000000004,0.0015625000000000001,true,true,,,200,200,0,0,0,1.5709838614063882,1.5709838614063887,1.6876844171880712,0,0.33884297520661155,8.9653690404107619e-06,0.0050000000000000044,1,0,0,0,0,required_grid,true,
0.0050000000000000001,1.05,jerk_limited,4000,5.25,-1,0.5,0.0031250000000000002,-0.0015625000000000001,true,true,,,200,200,1,199.99999999999983,1,1.9999999999998912,2.0000000000005547,2.000000000000592,0,1,7.8125000000000222e-06,0.0050000000000000044,1,0,0,0,0,required_grid,true,
0.0050000000000000001,1.05,jerk_limited,4000,5.25,1,0.5,0.0031250000000000002,0.0015625000000000001,true,true,,,200,200,1,199.99999999999983,1,1.9999999999999167,2.0000000000001217,2.0000000000003273,0,1,7.8125000000000239e-06,0.0050000000000000044,1,0,0,0,0,required_grid,true,
0.0050000000000000001,1.05,jerk_limited,4000,5.25,-1,0.80000000000000004,0.0031250000000000002,-0.0025000000000000005,true,true,,,200,200,1,199.99999999999983,1,1.7024335825561812,1.7024335825561816,2.0000000000000386,0,1,1.2499999999999958e-05,0.0050000000000000044,1,0,0,0,0,required_grid,true,
0.0050000000000000001,1.05,jerk_limited,4000,5.25,1,0.80000000000000004,0.0031250000000000002,0.0025000000000000005,true,true,,,200,200,1,199.99999999999983,1,1.9999999999999021,2.0000000000000973,2.0000000000002576,0,1,1.2499999999999967e-05,0.0050000000000000044,1,0,0,0,0,required_grid,true,
0.0050000000000000001,1.05,jerk_limited,4000,5.25,-1,0.90000000000000002,0.0031250000000000002,-0.0028125000000000003,true,true,,,200,200,1,199.99999999999983,1,1.831046480050097,1.8310464800507071,2.0000000000003748,0,1,1.4062499999999952e-05,0.0050000000000000044,1,0,0,0,0,required_grid,true,
0.0050000000000000001,1.05,jerk_limited,4000,5.25,1,0.90000000000000002,0.0031250000000000002,0.0028125000000000003,true,true,,,200,200,1,199.99999999999983,1,1.9999999999999396,2.0000000000001497,2.0000000000003575,0,1,1.4062500000000096e-05,0.0050000000000000044,1,0,0,0,0,required_grid,true,
0.0050000000000000001,1.05,jerk_limited,4000,5.25,-1,0.94999999999999996,0.0031250000000000002,-0.00296875,true,true,,,200,200,1,199.99999999999983,1,1.9999999999999531,2.0000000000001354,2.0000000000002456,0,1,1.4843750000000091e-05,0.0050000000000000044,1,0,0,0,0,required_grid,true,
0.0050000000000000001,1.05,jerk_limited,4000,5.25,1,0.94999999999999996,0.0031250000000000002,0.00296875,true,true,,,200,200,1,199.99999999999983,1,1.9087204308183439,1.9087204308183447,2.0000000000002833,0,1,1.4843750000000032e-05,0.0050000000000000044,1,0,0,0,0,required_grid,true,
0.0050000000000000001,1.05,jerk_limited,4000,5.25,-1,0.97999999999999998,0.0031250000000000002,-0.0030625000000000001,true,true,,,200,200,1,199.99999999999983,1,1.9615102407552605,1.9615102407556158,2.0000000000001741,0,1,1.5312500000000067e-05,0.0050000000000000044,1,0,0,0,0,required_grid,true,
0.0050000000000000001,1.05,jerk_limited,4000,5.25,1,0.97999999999999998,0.0031250000000000002,0.0030625000000000001,true,true,,,200,200,1,199.99999999999983,1,1.9999999999998748,2.0000000000000808,2.0000000000002869,0,1,1.5312499999999966e-05,0.0050000000000000044,1,0,0,0,0,required_grid,true,
0.0050000000000000001,1.05,jerk_limited,4000,5.25,-1,0.98999999999999999,0.0031250000000000002,-0.0030937500000000001,true,true,,,200,200,1,199.99999999999983,1,1.9803884044369233,1.9803884044369238,2.0000000000002314,0,1,1.5468749999999942e-05,0.0050000000000000044,1,0,0,0,0,required_grid,true,
0.0050000000000000001,1.05,jerk_limited,4000,5.25,1,0.98999999999999999,0.0031250000000000002,0.0030937500000000001,true,true,,,200,200,1,199.99999999999983,1,1.9803884044369233,1.9803884044369233,2.0000000000002509,0,1,1.5468749999999949e-05,0.0050000000000000044,1,0,0,0,0,required_grid,true,
0.0050000000000000001,1.05,jerk_limited,4000,5.25,-1,0.995,0.0031250000000000002,-0.0031093750000000002,true,true,,,200,200,1,199.99999999999983,1,1.990098525753931,1.9900985257541099,2.0000000000002447,0,1,1.5546875000000037e-05,0.0050000000000000044,1,0,0,0,0,required_grid,true,
0.0050000000000000001,1.05,jerk_limited,4000,5.25,1,0.995,0.0031250000000000002,0.0031093750000000002,true,true,,,200,200,1,199.99999999999983,1,1.9999999999999063,2.000000000000083,2.000000000000318,0,1,1.5546875000000068e-05,0.0050000000000000044,1,0,0,0,0,required_grid,true,
0.0050000000000000001,1.05,jerk_limited,4000,5.25,-1,1,0.0031250000000000002,-0.0031250000000000002,true,true,,,200,200,1,199.99999999999983,1,1.9999999999999512,2.0000000000001128,2.0000000000002736,0,1,1.5625000000000051e-05,0.0050000000000000044,1,0,0,0,0,required_grid,true,
0.0050000000000000001,1.05,jerk_limited,4000,5.25,1,1,0.0031250000000000002,0.0031250000000000002,true,true,,,200,200,1,199.99999999999983,1,1.9999999999999512,2.0000000000001128,2.0000000000002736,0,1,1.5625000000000051e-05,0.0050000000000000044,1,0,0,0,0,required_grid,true,
0.0050000000000000001,1.05,jerk_limited,4000,5.25,-1,1.0049999999999999,0.0031250000000000002,-0.0031406249999999998,true,true,,,200,200,0,0,0,1.9966777347471629,1.9966777347471611,1.9966777347473099,0,0.97520661157024791,1.6210006835176324e-05,0.0050000000000000044,1,0,0,0,0,required_grid,true,
0.0050000000000000001,1.05,jerk_limited,4000,5.25,1,1.0049999999999999,0.0031250000000000002,0.0031406249999999998,true,true,,,200,200,0,0,0,1.9966777347471629,1.9966777347471611,1.9966777347473099,0,0.97520661157024791,1.6210006835176324e-05,0.0050000000000000044,1,0,0,0,0,required_grid,true,
0.0050000000000000001,1.05,jerk_limited,4000,5.25,-1,1.01,0.0031250000000000002,-0.0031562500000000002,true,true,,,200,200,0,0,0,1.9933774349546489,1.9933774349546489,1.9933774349547582,0,0.73553719008264462,1.6869557348933899e-05,0.0050000000000000044,1,0,0,0,0,required_grid,true,
0.0050000000000000001,1.05,jerk_limited,4000,5.25,1,1.01,0.0031250000000000002,0.0031562500000000002,true,true,,,200,200,0,0,0,1.9933774349546489,1.9933774349546489,1.9933774349547582,0,0.73553719008264462,1.6869557348933899e-05,0.0050000000000000044,1,0,0,0,0,required_grid,true,
0.0050000000000000001,1.05,jerk_limited,4000,5.25,-1,1.02,0.0031250000000000002,-0.0031875000000000002,true,true,,,200,200,0,0,0,1.986841724317838,1.9868417243178385,1.9868417243180023,0,0.66942148760330578,1.7202084715162862e-05,0.0050000000000000044,1,0,0,0,0,required_grid,true,
0.0050000000000000001,1.05,jerk_limited,4000,5.25,1,1.02,0.0031250000000000002,0.0031875000000000002,true,true,,,200,200,0,0,0,1.986841724317838,1.9868417243178385,1.9868417243180023,0,0.66942148760330578,1.7202084715162862e-05,0.0050000000000000044,1,0,0,0,0,required_grid,true,
0.0050000000000000001,1.05,jerk_limited,4000,5.25,-1,1.05,0.0031250000000000002,-0.0032812500000000003,true,true,,,200,200,0,0,0,1.9677362936123166,1.9677362936123166,1.9677362936124927,0,0.60330578512396693,1.76525348999834e-05,0.0050000000000000044,1,0,0,0,0,required_grid,true,
0.0050000000000000001,1.05,jerk_limited,4000,5.25,1,1.05,0.0031250000000000002,0.0032812500000000003,true,true,,,200,200,0,0,0,1.9677362936123166,1.9677362936123166,1.9677362936124927,0,0.60330578512396693,1.76525348999834e-05,0.0050000000000000044,1,0,0,0,0,required_grid,true,
0.0050000000000000001,1.05,jerk_limited,4000,5.25,-1,1.1000000000000001,0.0031250000000000002,-0.0034375000000000005,true,true,,,200,200,0,0,0,1.937458612302853,1.9374586123028525,1.9374586123030333,0,0.63636363636363635,1.8423368305336661e-05,0.0050000000000000044,1,0,0,0,0,required_grid,true,
0.0050000000000000001,1.05,jerk_limited,4000,5.25,1,1.1000000000000001,0.0031250000000000002,0.0034375000000000005,true,true,,,200,200,0,0,0,1.937458612302853,1.9374586123028525,1.9374586123030333,0,0.63636363636363635,1.8423368305336661e-05,0.0050000000000000044,1,0,0,0,0,required_grid,true,
0.0050000000000000001,1.05,jerk_limited,4000,5.25,-1,1.2,0.0031250000000000002,-0.0037499999999999999,true,true,,,200,200,0,0,0,1.8819823261068209,1.8819823261068209,1.8819823261069237,0,0.58677685950413228,2.0134201710386269e-05,0.0050000000000000044,1,0,0,0,0,required_grid,true,
0.0050000000000000001,1.05,jerk_limited,4000,5.25,1,1.2,0.0031250000000000002,0.0037499999999999999,true,true,,,200,200,0,0,0,1.8819823261068209,1.8819823261068209,1.8819823261069237,0,0.58677685950413228,2.0134201710386269e-05,0.0050000000000000044,1,0,0,0,0,required_grid,true,
0.0050000000000000001,1.05,jerk_limited,4000,5.25,-1,2,0.0031250000000000002,-0.0062500000000000003,true,true,,,200,200,0,0,0,1.5709838614063882,1.5709838614063887,1.6876844171880712,0,0.33884297520661155,3.5861476161643048e-05,0.0050000000000000044,1,0,0,0,0,required_grid,true,
0.0050000000000000001,1.05,jerk_limited,4000,5.25,1,2,0.0031250000000000002,0.0062500000000000003,true,true,,,200,200,0,0,0,1.5709838614063882,1.5709838614063887,1.6876844171880712,0,0.33884297520661155,3.5861476161643048e-05,0.0050000000000000044,1,0,0,0,0,required_grid,true,
0.0050000000000000001,1.25,jerk_limited,1000,1.5625,-1,0.5,0.00078125000000000004,-0.00039062500000000002,true,true,,,200,200,1,199.99999999999983,1,1.9999999999998912,2.0000000000005547,2.0000000000005924,0,1,1.9531250000000043e-06,0.0050000000000000044,1,0,0,0,0,required_grid,true,
0.0050000000000000001,1.25,jerk_limited,1000,1.5625,1,0.5,0.00078125000000000004,0.00039062500000000002,true,true,,,200,200,1,199.99999999999983,1,1.9999999999998885,2.0000000000000382,2.0000000000003268,0,1,1.9531249999999399e-06,0.0050000000000000044,1,0,0,0,0,required_grid,true,
0.0050000000000000001,1.25,jerk_limited,1000,1.5625,-1,0.80000000000000004,0.00078125000000000004,-0.00062500000000000012,true,true,,,200,200,1,199.99999999999983,1,1.9999999999999389,2.0000000000000133,2.0000000000004037,0,1,3.1249999999999858e-06,0.0050000000000000044,1,0,0,0,0,required_grid,true,
0.0050000000000000001,1.25,jerk_limited,1000,1.5625,1,0.80000000000000004,0.00078125000000000004,0.00062500000000000012,true,true,,,200,200,1,199.99999999999983,1,1.9999999999999167,2.0000000000001483,2.000000000000326,0,1,3.1249999999999997e-06,0.0050000000000000044,1,0,0,0,0,required_grid,true,
0.0050000000000000001,1.25,jerk_limited,1000,1.5625,-1,0.90000000000000002,0.00078125000000000004,-0.00070312500000000008,true,true,,,200,200,1,199.99999999999983,1,1.9999999999998985,1.9999999999999931,2.0000000000003757,0,1,3.5156249999999855e-06,0.0050000000000000044,1,0,0,0,0,required_grid,true,
0.0050000000000000001,1.25,jerk_limited,1000,1.5625,1,0.90000000000000002,0.00078125000000000004,0.00070312500000000008,true,true,,,200,200,1,199.99999999999983,1,1.9999999999999403,2.0000000000001492,2.0000000000003566,0,1,3.515625000000024e-06,0.0050000000000000044,1,0,0,0,0,required_grid,true,
0.0050000000000000001,1.25,jerk_limited,1000,1.5625,-1,0.94999999999999996,0.00078125000000000004,-0.00074218750000000001,true,true,,,200,200,1,199.99999999999983,1,1.9999999999999545,2.0000000000001354,2.0000000000002456,0,1,3.7109375000000199e-06,0.0050000000000000044,1,0,0,0,0,required_grid,true,
0.0050000000000000001,1.25,jerk_limited,1000,1.5625,1,0.94999999999999996,0.00078125000000000004,0.00074218750000000001,true,true,,,200,200,1,199.99999999999983,1,1.9999999999999651,2.0000000000001945,2.000000000000401,0,1,3.7109375000001567e-06,0.0050000000000000044,1,0,0,0,0,required_grid,true,
0.0050000000000000001,1.25,jerk_limited,1000,1.5625,-1,0.97999999999999998,0.00078125000000000004,-0.00076562500000000003,true,true,,,200,200,1,199.99999999999983,1,1.9999999999999627,2.0000000000000275,2.0000000000003197,0,1,3.8281250000000185e-06,0.0050000000000000044,1,0,0,0,0,required_grid,true,
0.0050000000000000001,1.25,jerk_limited,1000,1.5625,1,0.97999999999999998,0.00078125000000000004,0.00076562500000000003,true,true,,,200,200,1,199.99999999999983,1,1.9999999999999076,2.0000000000001106,2.0000000000002869,0,1,3.8281249999999651e-06,0.0050000000000000044,1,0,0,0,0,required_grid,true,
0.0050000000000000001,1.25,jerk_limited,1000,1.5625,-1,0.98999999999999999,0.00078125000000000004,-0.00077343750000000004,true,true,,,200,200,1,199.99999999999983,1,1.9999999999999121,2.0000000000001266,2.0000000000002323,0,1,3.8671874999999932e-06,0.0050000000000000044,1,0,0,0,0,required_grid,true,
0.0050000000000000001,1.25,jerk_limited,1000,1.5625,1,0.98999999999999999,0.00078125000000000004,0.00077343750000000004,true,true,,,200,200,1,199.99999999999983,1,1.999999999999917,2.0000000000001297,2.0000000000003082,0,1,3.8671874999999915e-06,0.0050000000000000044,1,0,0,0,0,required_grid,true,
0.0050000000000000001,1.25,jerk_limited,1000,1.5625,-1,0.995,0.00078125000000000004,-0.00077734375000000004,true,true,,,200,200,1,199.99999999999983,1,1.9999999999998896,2.0000000000000671,2.0000000000003881,0,1,3.8867187500000153e-06,0.0050000000000000044,1,0,0,0,0,required_grid,true,
0.0050000000000000001,1.25,jerk_limited,1000,1.5625,1,0.995,0.00078125000000000004,0.00077734375000000004,true,true,,,200,200,1,199.99999999999983,1,1.9999999999999269,2.0000000000001115,2.000000000000318,0,1,3.886718750000011e-06,0.0050000000000000044,1,0,0,0,0,required_grid,true,
0.0050000000000000001,1.25,jerk_limited,1000,1.5625,-1,1,0.00078125000000000004,-0.00078125000000000004,true,true,,,200,200,1,199.99999999999983,1,1.9999999999999512,2.0000000000001128,2.0000000000002736,0,1,3.9062500000000128e-06,0.0050000000000000044,1,0,0,0,0,required_grid,true,
0.0050000000000000001,1.25,jerk_limited,1000,1.5625,1,1,0.00078125000000000004,0.00078125000000000004,true,true,,,200,200,1,199.99999999999983,1,1.9999999999999512,2.0000000000001128,2.0000000000002736,0,1,3.9062500000000128e-06,0.0050000000000000044,1,0,0,0,0,required_grid,true,
0.0050000000000000001,1.25,jerk_limited,1000,1.5625,-1,1.0049999999999999,0.00078125000000000004,-0.00078515624999999994,true,true,,,200,200,0,0,0,1.9966777347471629,1.9966777347471611,1.9966777347473099,0,0.97520661157024791,4.0525017087940811e-06,0.0050000000000000044,1,0,0,0,0,required_grid,true,
0.0050000000000000001,1.25,jerk_limited,1000,1.5625,1,1.0049999999999999,0.00078125000000000004,0.00078515624999999994,true,true,,,200,200,0,0,0,1.9966777347471629,1.9966777347471611,1.9966777347473099,0,0.97520661157024791,4.0525017087940811e-06,0.0050000000000000044,1,0,0,0,0,required_grid,true,
0.0050000000000000001,1.25,jerk_limited,1000,1.5625,-1,1.01,0.00078125000000000004,-0.00078906250000000005,true,true,,,200,200,0,0,0,1.9933774349546489,1.9933774349546489,1.9933774349547582,0,0.73553719008264462,4.2173893372334747e-06,0.0050000000000000044,1,0,0,0,0,required_grid,true,
0.0050000000000000001,1.25,jerk_limited,1000,1.5625,1,1.01,0.00078125000000000004,0.00078906250000000005,true,true,,,200,200,0,0,0,1.9933774349546489,1.9933774349546489,1.9933774349547582,0,0.73553719008264462,4.2173893372334747e-06,0.0050000000000000044,1,0,0,0,0,required_grid,true,
0.0050000000000000001,1.25,jerk_limited,1000,1.5625,-1,1.02,0.00078125000000000004,-0.00079687500000000006,true,true,,,200,200,0,0,0,1.986841724317838,1.9868417243178385,1.9868417243180023,0,0.66942148760330578,4.3005211787907155e-06,0.0050000000000000044,1,0,0,0,0,required_grid,true,
0.0050000000000000001,1.25,jerk_limited,1000,1.5625,1,1.02,0.00078125000000000004,0.00079687500000000006,true,true,,,200,200,0,0,0,1.986841724317838,1.9868417243178385,1.9868417243180023,0,0.66942148760330578,4.3005211787907155e-06,0.0050000000000000044,1,0,0,0,0,required_grid,true,
0.0050000000000000001,1.25,jerk_limited,1000,1.5625,-1,1.05,0.00078125000000000004,-0.00082031250000000008,true,true,,,200,200,0,0,0,1.9677362936123166,1.9677362936123166,1.9677362936124927,0,0.60330578512396693,4.4131337249958499e-06,0.0050000000000000044,1,0,0,0,0,required_grid,true,
0.0050000000000000001,1.25,jerk_limited,1000,1.5625,1,1.05,0.00078125000000000004,0.00082031250000000008,true,true,,,200,200,0,0,0,1.9677362936123166,1.9677362936123166,1.9677362936124927,0,0.60330578512396693,4.4131337249958499e-06,0.0050000000000000044,1,0,0,0,0,required_grid,true,
0.0050000000000000001,1.25,jerk_limited,1000,1.5625,-1,1.1000000000000001,0.00078125000000000004,-0.00085937500000000011,true,true,,,200,200,0,0,0,1.937458612302853,1.9374586123028525,1.9374586123030333,0,0.63636363636363635,4.6058420763341653e-06,0.0050000000000000044,1,0,0,0,0,required_grid,true,
0.0050000000000000001,1.25,jerk_limited,1000,1.5625,1,1.1000000000000001,0.00078125000000000004,0.00085937500000000011,true,true,,,200,200,0,0,0,1.937458612302853,1.9374586123028525,1.9374586123030333,0,0.63636363636363635,4.6058420763341653e-06,0.0050000000000000044,1,0,0,0,0,required_grid,true,
0.0050000000000000001,1.25,jerk_limited,1000,1.5625,-1,1.2,0.00078125000000000004,-0.00093749999999999997,true,true,,,200,200,0,0,0,1.8820720577619994,1.8820720577619985,1.8820720577621715,0,0.62809917355371903,5.0241928940852657e-06,0.0050000000000000044,1,0,0,0,0,required_grid,true,
0.0050000000000000001,1.25,jerk_limited,1000,1.5625,1,1.2,0.00078125000000000004,0.00093749999999999997,true,true,,,200,200,0,0,0,1.8820720577619994,1.8820720577619985,1.8820720577621715,0,0.62809917355371903,5.0241928940852657e-06,0.0050000000000000044,1,0,0,0,0,required_grid,true,
0.0050000000000000001,1.25,jerk_limited,1000,1.5625,-1,2,0.00078125000000000004,-0.0015625000000000001,true,true,,,200,200,0,0,0,1.5873680702046471,1.587368070204584,1.7734601837961927,0,0.4049586776859504,8.9141498448305216e-06,0.0050000000000000044,1,0,0,0,0,required_grid,true,
0.0050000000000000001,1.25,jerk_limited,1000,1.5625,1,2,0.00078125000000000004,0.0015625000000000001,true,true,,,200,200,0,0,0,1.5873680702046471,1.587368070204584,1.7734601837961927,0,0.4049586776859504,8.9141498448305216e-06,0.0050000000000000044,1,0,0,0,0,required_grid,true,
0.0050000000000000001,1.25,jerk_limited,4000,6.25,-1,0.5,0.0031250000000000002,-0.0015625000000000001,true,true,,,200,200,1,199.99999999999983,1,1.9999999999998912,2.0000000000005169,2.0000000000005924,0,1,7.8125000000000137e-06,0.0050000000000000044,1,0,0,0,0,required_grid,true,
0.0050000000000000001,1.25,jerk_limited,4000,6.25,1,0.5,0.0031250000000000002,0.0015625000000000001,true,true,,,200,200,1,199.99999999999983,1,1.9999999999999163,2.0000000000001217,2.0000000000003268,0,1,7.8125000000000239e-06,0.0050000000000000044,1,0,0,0,0,required_grid,true,
0.0050000000000000001,1.25,jerk_limited,4000,6.25,-1,0.80000000000000004,0.0031250000000000002,-0.0025000000000000005,true,true,,,200,200,1,199.99999999999983,1,1.7024335825561812,1.7024335825564014,2.0000000000002083,0,1,1.2499999999999955e-05,0.0050000000000000044,1,0,0,0,0,required_grid,true,
0.0050000000000000001,1.25,jerk_limited,4000,6.25,1,0.80000000000000004,0.0031250000000000002,0.0025000000000000005,true,true,,,200,200,1,199.99999999999983,1,1.9999999999999001,2.000000000000079,2.0000000000002576,0,1,1.2499999999999963e-05,0.0050000000000000044,1,0,0,0,0,required_grid,true,
0.0050000000000000001,1.25,jerk_limited,4000,6.25,-1,0.90000000000000002,0.0031250000000000002,-0.0028125000000000003,true,true,,,200,200,1,199.99999999999983,1,1.8310464800500983,1.8310464800507071,2.0000000000003748,0,1,1.4062499999999923e-05,0.0050000000000000044,1,0,0,0,0,required_grid,true,
0.0050000000000000001,1.25,jerk_limited,4000,6.25,1,0.90000000000000002,0.0031250000000000002,0.0028125000000000003,true,true,,,200,200,1,199.99999999999983,1,1.9999999999999396,2.0000000000001492,2.0000000000003575,0,1,1.4062500000000096e-05,0.0050000000000000044,1,0,0,0,0,required_grid,true,
0.0050000000000000001,1.25,jerk_limited,4000,6.25,-1,0.94999999999999996,0.0031250000000000002,-0.00296875,true,true,,,200,200,1,199.99999999999983,1,1.9999999999999531,2.0000000000001203,2.0000000000002456,0,1,1.4843750000000097e-05,0.0050000000000000044,1,0,0,0,0,required_grid,true,
0.0050000000000000001,1.25,jerk_limited,4000,6.25,1,0.94999999999999996,0.0031250000000000002,0.00296875,true,true,,,200,200,1,199.99999999999983,1,1.908720430818309,1.908720430818345,2.0000000000002829,0,1,1.4843750000000012e-05,0.0050000000000000044,1,0,0,0,0,required_grid,true,
0.0050000000000000001,1.25,jerk_limited,4000,6.25,-1,0.97999999999999998,0.0031250000000000002,-0.0030625000000000001,true,true,,,200,200,1,199.99999999999983,1,1.9615102407552605,1.9615102407556151,2.0000000000001741,0,1,1.5312500000000064e-05,0.0050000000000000044,1,0,0,0,0,required_grid,true,
0.0050000000000000001,1.25,jerk_limited,4000,6.25,1,0.97999999999999998,0.0031250000000000002,0.0030625000000000001,true,true,,,200,200,1,199.99999999999983,1,1.9999999999998748,2.0000000000000537,2.0000000000002869,0,1,1.5312499999999983e-05,0.0050000000000000044,1,0,0,0,0,required_grid,true,
0.0050000000000000001,1.25,jerk_limited,4000,6.25,-1,0.98999999999999999,0.0031250000000000002,-0.0030937500000000001,true,true,,,200,200,1,199.99999999999983,1,1.9803884044369233,1.9803884044369238,2.0000000000002314,0,1,1.5468749999999956e-05,0.0050000000000000044,1,0,0,0,0,required_grid,true,
0.0050000000000000001,1.25,jerk_limited,4000,6.25,1,0.98999999999999999,0.0031250000000000002,0.0030937500000000001,true,true,,,200,200,1,199.99999999999983,1,1.9803884044369233,1.9803884044369233,2.0000000000002509,0,1,1.5468749999999959e-05,0.0050000000000000044,1,0,0,0,0,required_grid,true,
0.0050000000000000001,1.25,jerk_limited,4000,6.25,-1,0.995,0.0031250000000000002,-0.0031093750000000002,true,true,,,200,200,1,199.99999999999983,1,1.9900985257539312,1.9900985257541082,2.0000000000002824,0,1,1.554687500000002e-05,0.0050000000000000044,1,0,0,0,0,required_grid,true,
0.0050000000000000001,1.25,jerk_limited,4000,6.25,1,0.995,0.0031250000000000002,0.0031093750000000002,true,true,,,200,200,1,199.99999999999983,1,1.9999999999999063,2.0000000000000835,2.000000000000318,0,1,1.5546875000000027e-05,0.0050000000000000044,1,0,0,0,0,required_grid,true,
0.0050000000000000001,1.25,jerk_limited,4000,6.25,-1,1,0.0031250000000000002,-0.0031250000000000002,true,true,,,200,200,1,199.99999999999983,1,1.9999999999999512,2.0000000000001128,2.0000000000002736,0,1,1.5625000000000051e-05,0.0050000000000000044,1,0,0,0,0,required_grid,true,
0.0050000000000000001,1.25,jerk_limited,4000,6.25,1,1,0.0031250000000000002,0.0031250000000000002,true,true,,,200,200,1,199.99999999999983,1,1.9999999999999512,2.0000000000001128,2.0000000000002736,0,1,1.5625000000000051e-05,0.0050000000000000044,1,0,0,0,0,required_grid,true,
0.0050000000000000001,1.25,jerk_limited,4000,6.25,-1,1.0049999999999999,0.0031250000000000002,-0.0031406249999999998,true,true,,,200,200,0,0,0,1.9966777347471629,1.9966777347471611,1.9966777347473099,0,0.97520661157024791,1.6210006835176324e-05,0.0050000000000000044,1,0,0,0,0,required_grid,true,
0.0050000000000000001,1.25,jerk_limited,4000,6.25,1,1.0049999999999999,0.0031250000000000002,0.0031406249999999998,true,true,,,200,200,0,0,0,1.9966777347471629,1.9966777347471611,1.9966777347473099,0,0.97520661157024791,1.6210006835176324e-05,0.0050000000000000044,1,0,0,0,0,required_grid,true,
0.0050000000000000001,1.25,jerk_limited,4000,6.25,-1,1.01,0.0031250000000000002,-0.0031562500000000002,true,true,,,200,200,0,0,0,1.9933774349546489,1.9933774349546489,1.9933774349547582,0,0.73553719008264462,1.6869557348933899e-05,0.0050000000000000044,1,0,0,0,0,required_grid,true,
0.0050000000000000001,1.25,jerk_limited,4000,6.25,1,1.01,0.0031250000000000002,0.0031562500000000002,true,true,,,200,200,0,0,0,1.9933774349546489,1.9933774349546489,1.9933774349547582,0,0.73553719008264462,1.6869557348933899e-05,0.0050000000000000044,1,0,0,0,0,required_grid,true,
0.0050000000000000001,1.25,jerk_limited,4000,6.25,-1,1.02,0.0031250000000000002,-0.0031875000000000002,true,true,,,200,200,0,0,0,1.986841724317838,1.9868417243178385,1.9868417243180023,0,0.66942148760330578,1.7202084715162862e-05,0.0050000000000000044,1,0,0,0,0,required_grid,true,
0.0050000000000000001,1.25,jerk_limited,4000,6.25,1,1.02,0.0031250000000000002,0.0031875000000000002,true,true,,,200,200,0,0,0,1.986841724317838,1.9868417243178385,1.9868417243180023,0,0.66942148760330578,1.7202084715162862e-05,0.0050000000000000044,1,0,0,0,0,required_grid,true,
0.0050000000000000001,1.25,jerk_limited,4000,6.25,-1,1.05,0.0031250000000000002,-0.0032812500000000003,true,true,,,200,200,0,0,0,1.9677362936123166,1.9677362936123166,1.9677362936124927,0,0.60330578512396693,1.76525348999834e-05,0.0050000000000000044,1,0,0,0,0,required_grid,true,
0.0050000000000000001,1.25,jerk_limited,4000,6.25,1,1.05,0.0031250000000000002,0.0032812500000000003,true,true,,,200,200,0,0,0,1.9677362936123166,1.9677362936123166,1.9677362936124927,0,0.60330578512396693,1.76525348999834e-05,0.0050000000000000044,1,0,0,0,0,required_grid,true,
0.0050000000000000001,1.25,jerk_limited,4000,6.25,-1,1.1000000000000001,0.0031250000000000002,-0.0034375000000000005,true,true,,,200,200,0,0,0,1.937458612302853,1.9374586123028525,1.9374586123030333,0,0.63636363636363635,1.8423368305336661e-05,0.0050000000000000044,1,0,0,0,0,required_grid,true,
0.0050000000000000001,1.25,jerk_limited,4000,6.25,1,1.1000000000000001,0.0031250000000000002,0.0034375000000000005,true,true,,,200,200,0,0,0,1.937458612302853,1.9374586123028525,1.9374586123030333,0,0.63636363636363635,1.8423368305336661e-05,0.0050000000000000044,1,0,0,0,0,required_grid,true,
0.0050000000000000001,1.25,jerk_limited,4000,6.25,-1,1.2,0.0031250000000000002,-0.0037499999999999999,true,true,,,200,200,0,0,0,1.8820720577619994,1.8820720577619985,1.8820720577621715,0,0.62809917355371903,2.0096771576341063e-05,0.0050000000000000044,1,0,0,0,0,required_grid,true,
0.0050000000000000001,1.25,jerk_limited,4000,6.25,1,1.2,0.0031250000000000002,0.0037499999999999999,true,true,,,200,200,0,0,0,1.8820720577619994,1.8820720577619985,1.8820720577621715,0,0.62809917355371903,2.0096771576341063e-05,0.0050000000000000044,1,0,0,0,0,required_grid,true,
0.0050000000000000001,1.25,jerk_limited,4000,6.25,-1,2,0.0031250000000000002,-0.0062500000000000003,true,true,,,200,200,0,0,0,1.5873680702046471,1.587368070204584,1.7734601837961927,0,0.4049586776859504,3.5656599379322086e-05,0.0050000000000000044,1,0,0,0,0,required_grid,true,
0.0050000000000000001,1.25,jerk_limited,4000,6.25,1,2,0.0031250000000000002,0.0062500000000000003,true,true,,,200,200,0,0,0,1.5873680702046471,1.587368070204584,1.7734601837961927,0,0.4049586776859504,3.5656599379322086e-05,0.0050000000000000044,1,0,0,0,0,required_grid,true,
0.0050000000000000001,2,jerk_limited,1000,2.5,-1,0.5,0.00078125000000000004,-0.00039062500000000002,true,true,,,200,200,1,199.99999999999983,1,1.9999999999998912,2.0000000000005547,2.000000000000592,0,1,1.9531250000000051e-06,0.0050000000000000044,1,0,0,0,0,required_grid,true,
0.0050000000000000001,2,jerk_limited,1000,2.5,1,0.5,0.00078125000000000004,0.00039062500000000002,true,true,,,200,200,1,199.99999999999983,1,1.9999999999998885,2.0000000000000382,2.0000000000003268,0,1,1.9531249999999399e-06,0.0050000000000000044,1,0,0,0,0,required_grid,true,
0.0050000000000000001,2,jerk_limited,1000,2.5,-1,0.80000000000000004,0.00078125000000000004,-0.00062500000000000012,true,true,,,200,200,1,199.99999999999983,1,1.9999999999999385,2.0000000000000133,2.0000000000004037,0,1,3.1249999999999879e-06,0.0050000000000000044,1,0,0,0,0,required_grid,true,
0.0050000000000000001,2,jerk_limited,1000,2.5,1,0.80000000000000004,0.00078125000000000004,0.00062500000000000012,true,true,,,200,200,1,199.99999999999983,1,1.9999999999999167,2.0000000000001483,2.0000000000003268,0,1,3.1249999999999997e-06,0.0050000000000000044,1,0,0,0,0,required_grid,true,
0.0050000000000000001,2,jerk_limited,1000,2.5,-1,0.90000000000000002,0.00078125000000000004,-0.00070312500000000008,true,true,,,200,200,1,199.99999999999983,1,1.9999999999998992,2.0000000000000786,2.0000000000003757,0,1,3.5156249999999944e-06,0.0050000000000000044,1,0,0,0,0,required_grid,true,
0.0050000000000000001,2,jerk_limited,1000,2.5,1,0.90000000000000002,0.00078125000000000004,0.00070312500000000008,true,true,,,200,200,1,199.99999999999983,1,1.9999999999999403,2.0000000000001492,2.0000000000003566,0,1,3.515625000000024e-06,0.0050000000000000044,1,0,0,0,0,required_grid,true,
0.0050000000000000001,2,jerk_limited,1000,2.5,-1,0.94999999999999996,0.00078125000000000004,-0.00074218750000000001,true,true,,,200,200,1,199.99999999999983,1,1.9999999999999545,2.0000000000001354,2.0000000000002456,0,1,3.7109375000000195e-06,0.0050000000000000044,1,0,0,0,0,required_grid,true,
0.0050000000000000001,2,jerk_limited,1000,2.5,1,0.94999999999999996,0.00078125000000000004,0.00074218750000000001,true,true,,,200,200,1,199.99999999999983,1,1.9999999999999656,2.0000000000001945,2.000000000000401,0,1,3.7109375000001554e-06,0.0050000000000000044,1,0,0,0,0,required_grid,true,
0.0050000000000000001,2,jerk_limited,1000,2.5,-1,0.97999999999999998,0.00078125000000000004,-0.00076562500000000003,true,true,,,200,200,1,199.99999999999983,1,1.9999999999999627,2.0000000000000275,2.0000000000003197,0,1,3.8281250000000151e-06,0.0050000000000000044,1,0,0,0,0,required_grid,true,
0.0050000000000000001,2,jerk_limited,1000,2.5,1,0.97999999999999998,0.00078125000000000004,0.00076562500000000003,true,true,,,200,200,1,199.99999999999983,1,1.9999999999999061,2.0000000000001106,2.0000000000002869,0,1,3.8281249999999702e-06,0.0050000000000000044,1,0,0,0,0,required_grid,true,
0.0050000000000000001,2,jerk_limited,1000,2.5,-1,0.98999999999999999,0.00078125000000000004,-0.00077343750000000004,true,true,,,200,200,1,199.99999999999983,1,1.9999999999999121,2.000000000000091,2.0000000000002691,0,1,3.8671874999999966e-06,0.0050000000000000044,1,0,0,0,0,required_grid,true,
0.0050000000000000001,2,jerk_limited,1000,2.5,1,0.98999999999999999,0.00078125000000000004,0.00077343750000000004,true,true,,,200,200,1,199.99999999999983,1,1.9999999999999167,2.0000000000001292,2.0000000000003073,0,1,3.8671874999999898e-06,0.0050000000000000044,1,0,0,0,0,required_grid,true,
0.0050000000000000001,2,jerk_limited,1000,2.5,-1,0.995,0.00078125000000000004,-0.00077734375000000004,true,true,,,200,200,1,199.99999999999983,1,1.9999999999998896,2.0000000000000671,2.0000000000002833,0,1,3.8867187500000077e-06,0.0050000000000000044,1,0,0,0,0,required_grid,true,
0.0050000000000000001,2,jerk_limited,1000,2.5,1,0.995,0.00078125000000000004,0.00077734375000000004,true,true,,,200,200,1,199.99999999999983,1,1.9999999999999056,2.0000000000001115,2.000000000000318,0,1,3.8867187499999992e-06,0.0050000000000000044,1,0,0,0,0,required_grid,true,
0.0050000000000000001,2,jerk_limited,1000,2.5,-1,1,0.00078125000000000004,-0.00078125000000000004,true,true,,,200,200,1,199.99999999999983,1,1.9999999999999512,2.0000000000001128,2.0000000000002736,0,1,3.9062500000000128e-06,0.0050000000000000044,1,0,0,0,0,required_grid,true,
0.0050000000000000001,2,jerk_limited,1000,2.5,1,1,0.00078125000000000004,0.00078125000000000004,true,true,,,200,200,1,199.99999999999983,1,1.9999999999999512,2.0000000000001128,2.0000000000002736,0,1,3.9062500000000128e-06,0.0050000000000000044,1,0,0,0,0,required_grid,true,
0.0050000000000000001,2,jerk_limited,1000,2.5,-1,1.0049999999999999,0.00078125000000000004,-0.00078515624999999994,true,true,,,200,200,0,0,0,1.9966777347471629,1.9966777347471611,1.9966777347473099,0,0.97520661157024791,4.0525017087940811e-06,0.0050000000000000044,1,0,0,0,0,required_grid,true,
0.0050000000000000001,2,jerk_limited,1000,2.5,1,1.0049999999999999,0.00078125000000000004,0.00078515624999999994,true,true,,,200,200,0,0,0,1.9966777347471629,1.9966777347471611,1.9966777347473099,0,0.97520661157024791,4.0525017087940811e-06,0.0050000000000000044,1,0,0,0,0,required_grid,true,
0.0050000000000000001,2,jerk_limited,1000,2.5,-1,1.01,0.00078125000000000004,-0.00078906250000000005,true,true,,,200,200,0,0,0,1.9933774349546489,1.9933774349546489,1.9933774349547582,0,0.73553719008264462,4.2173893372334747e-06,0.0050000000000000044,1,0,0,0,0,required_grid,true,
0.0050000000000000001,2,jerk_limited,1000,2.5,1,1.01,0.00078125000000000004,0.00078906250000000005,true,true,,,200,200,0,0,0,1.9933774349546489,1.9933774349546489,1.9933774349547582,0,0.73553719008264462,4.2173893372334747e-06,0.0050000000000000044,1,0,0,0,0,required_grid,true,
0.0050000000000000001,2,jerk_limited,1000,2.5,-1,1.02,0.00078125000000000004,-0.00079687500000000006,true,true,,,200,200,0,0,0,1.986841724317838,1.9868417243178385,1.9868417243180023,0,0.66942148760330578,4.3005211787907155e-06,0.0050000000000000044,1,0,0,0,0,required_grid,true,
0.0050000000000000001,2,jerk_limited,1000,2.5,1,1.02,0.00078125000000000004,0.00079687500000000006,true,true,,,200,200,0,0,0,1.986841724317838,1.9868417243178385,1.9868417243180023,0,0.66942148760330578,4.3005211787907155e-06,0.0050000000000000044,1,0,0,0,0,required_grid,true,
0.0050000000000000001,2,jerk_limited,1000,2.5,-1,1.05,0.00078125000000000004,-0.00082031250000000008,true,true,,,200,200,0,0,0,1.9677362936123166,1.9677362936123166,1.9677362936124927,0,0.60330578512396693,4.4131337249958499e-06,0.0050000000000000044,1,0,0,0,0,required_grid,true,
0.0050000000000000001,2,jerk_limited,1000,2.5,1,1.05,0.00078125000000000004,0.00082031250000000008,true,true,,,200,200,0,0,0,1.9677362936123166,1.9677362936123166,1.9677362936124927,0,0.60330578512396693,4.4131337249958499e-06,0.0050000000000000044,1,0,0,0,0,required_grid,true,
0.0050000000000000001,2,jerk_limited,1000,2.5,-1,1.1000000000000001,0.00078125000000000004,-0.00085937500000000011,true,true,,,200,200,0,0,0,1.937458612302853,1.9374586123028525,1.9374586123030333,0,0.63636363636363635,4.6058420763341653e-06,0.0050000000000000044,1,0,0,0,0,required_grid,true,
0.0050000000000000001,2,jerk_limited,1000,2.5,1,1.1000000000000001,0.00078125000000000004,0.00085937500000000011,true,true,,,200,200,0,0,0,1.937458612302853,1.9374586123028525,1.9374586123030333,0,0.63636363636363635,4.6058420763341653e-06,0.0050000000000000044,1,0,0,0,0,required_grid,true,
0.0050000000000000001,2,jerk_limited,1000,2.5,-1,1.2,0.00078125000000000004,-0.00093749999999999997,true,true,,,200,200,0,0,0,1.8820720577619994,1.8820720577619985,1.8820720577621715,0,0.62809917355371903,5.0241928940852657e-06,0.0050000000000000044,1,0,0,0,0,required_grid,true,
0.0050000000000000001,2,jerk_limited,1000,2.5,1,1.2,0.00078125000000000004,0.00093749999999999997,true,true,,,200,200,0,0,0,1.8820720577619994,1.8820720577619985,1.8820720577621715,0,0.62809917355371903,5.0241928940852657e-06,0.0050000000000000044,1,0,0,0,0,required_grid,true,
0.0050000000000000001,2,jerk_limited,1000,2.5,-1,2,0.00078125000000000004,-0.0015625000000000001,true,true,,,200,200,0,0,0,1.5874010519681736,1.5874010519680886,1.810943675758832,0,0.36363636363636365,8.9112305700225794e-06,0.0050000000000000044,1,0,0,0,0,required_grid,true,
0.0050000000000000001,2,jerk_limited,1000,2.5,1,2,0.00078125000000000004,0.0015625000000000001,true,true,,,200,200,0,0,0,1.5874010519681736,1.5874010519680886,1.810943675758832,0,0.36363636363636365,8.9112305700225794e-06,0.0050000000000000044,1,0,0,0,0,required_grid,true,
0.0050000000000000001,2,jerk_limited,4000,10,-1,0.5,0.0031250000000000002,-0.0015625000000000001,true,true,,,200,200,1,199.99999999999983,1,1.9999999999998912,2.0000000000005547,2.000000000000592,0,1,7.8125000000000222e-06,0.0050000000000000044,1,0,0,0,0,required_grid,true,
0.0050000000000000001,2,jerk_limited,4000,10,1,0.5,0.0031250000000000002,0.0015625000000000001,true,true,,,200,200,1,199.99999999999983,1,1.9999999999999167,2.0000000000001217,2.0000000000003273,0,1,7.8125000000000239e-06,0.0050000000000000044,1,0,0,0,0,required_grid,true,
0.0050000000000000001,2,jerk_limited,4000,10,-1,0.80000000000000004,0.0031250000000000002,-0.0025000000000000005,true,true,,,200,200,1,199.99999999999983,1,1.7024335825561812,1.7024335825562571,2.0000000000002083,0,1,1.2499999999999965e-05,0.0050000000000000044,1,0,0,0,0,required_grid,true,
0.0050000000000000001,2,jerk_limited,4000,10,1,0.80000000000000004,0.0031250000000000002,0.0025000000000000005,true,true,,,200,200,1,199.99999999999983,1,1.9999999999999021,2.0000000000000973,2.0000000000002576,0,1,1.2499999999999967e-05,0.0050000000000000044,1,0,0,0,0,required_grid,true,
0.0050000000000000001,2,jerk_limited,4000,10,-1,0.90000000000000002,0.0031250000000000002,-0.0028125000000000003,true,true,,,200,200,1,199.99999999999983,1,1.8310464800500983,1.8310464800507071,2.0000000000003748,0,1,1.4062499999999932e-05,0.0050000000000000044,1,0,0,0,0,required_grid,true,
0.0050000000000000001,2,jerk_limited,4000,10,1,0.90000000000000002,0.0031250000000000002,0.0028125000000000003,true,true,,,200,200,1,199.99999999999983,1,1.9999999999999396,2.0000000000001492,2.0000000000003575,0,1,1.4062500000000096e-05,0.0050000000000000044,1,0,0,0,0,required_grid,true,
0.0050000000000000001,2,jerk_limited,4000,10,-1,0.94999999999999996,0.0031250000000000002,-0.00296875,true,true,,,200,200,1,199.99999999999983,1,1.9999999999999531,2.0000000000001354,2.0000000000002456,0,1,1.4843750000000091e-05,0.0050000000000000044,1,0,0,0,0,required_grid,true,
0.0050000000000000001,2,jerk_limited,4000,10,1,0.94999999999999996,0.0031250000000000002,0.00296875,true,true,,,200,200,1,199.99999999999983,1,1.9087204308181485,1.9087204308183447,2.0000000000002833,0,1,1.4843750000000008e-05,0.0050000000000000044,1,0,0,0,0,required_grid,true,
0.0050000000000000001,2,jerk_limited,4000,10,-1,0.97999999999999998,0.0031250000000000002,-0.0030625000000000001,true,true,,,200,200,1,199.99999999999983,1,1.9615102407552605,1.9615102407556151,2.0000000000001741,0,1,1.5312500000000054e-05,0.0050000000000000044,1,0,0,0,0,required_grid,true,
0.0050000000000000001,2,jerk_limited,4000,10,1,0.97999999999999998,0.0031250000000000002,0.0030625000000000001,true,true,,,200,200,1,199.99999999999983,1,1.9999999999998181,2.0000000000000218,2.0000000000002869,0,1,1.5312499999999972e-05,0.0050000000000000044,1,0,0,0,0,required_grid,true,
0.0050000000000000001,2,jerk_limited,4000,10,-1,0.98999999999999999,0.0031250000000000002,-0.0030937500000000001,true,true,,,200,200,1,199.99999999999983,1,1.9803884044369233,1.9803884044369238,2.0000000000002314,0,1,1.5468749999999959e-05,0.0050000000000000044,1,0,0,0,0,required_grid,true,
0.0050000000000000001,2,jerk_limited,4000,10,1,0.98999999999999999,0.0031250000000000002,0.0030937500000000001,true,true,,,200,200,1,199.99999999999983,1,1.9803884044369233,1.9803884044369233,2.0000000000002509,0,1,1.5468749999999963e-05,0.0050000000000000044,1,0,0,0,0,required_grid,true,
0.0050000000000000001,2,jerk_limited,4000,10,-1,0.995,0.0031250000000000002,-0.0031093750000000002,true,true,,,200,200,1,199.99999999999983,1,1.990098525753931,1.9900985257541084,2.0000000000002451,0,1,1.5546875000000017e-05,0.0050000000000000044,1,0,0,0,0,required_grid,true,
0.0050000000000000001,2,jerk_limited,4000,10,1,0.995,0.0031250000000000002,0.0031093750000000002,true,true,,,200,200,1,199.99999999999983,1,1.9999999999999063,2.0000000000000835,2.000000000000318,0,1,1.5546875000000098e-05,0.0050000000000000044,1,0,0,0,0,required_grid,true,
0.0050000000000000001,2,jerk_limited,4000,10,-1,1,0.0031250000000000002,-0.0031250000000000002,true,true,,,200,200,1,199.99999999999983,1,1.9999999999999512,2.0000000000001128,2.0000000000002736,0,1,1.5625000000000051e-05,0.0050000000000000044,1,0,0,0,0,required_grid,true,
0.0050000000000000001,2,jerk_limited,4000,10,1,1,0.0031250000000000002,0.0031250000000000002,true,true,,,200,200,1,199.99999999999983,1,1.9999999999999512,2.0000000000001128,2.0000000000002736,0,1,1.5625000000000051e-05,0.0050000000000000044,1,0,0,0,0,required_grid,true,
0.0050000000000000001,2,jerk_limited,4000,10,-1,1.0049999999999999,0.0031250000000000002,-0.0031406249999999998,true,true,,,200,200,0,0,0,1.9966777347471629,1.9966777347471611,1.9966777347473099,0,0.97520661157024791,1.6210006835176324e-05,0.0050000000000000044,1,0,0,0,0,required_grid,true,
0.0050000000000000001,2,jerk_limited,4000,10,1,1.0049999999999999,0.0031250000000000002,0.0031406249999999998,true,true,,,200,200,0,0,0,1.9966777347471629,1.9966777347471611,1.9966777347473099,0,0.97520661157024791,1.6210006835176324e-05,0.0050000000000000044,1,0,0,0,0,required_grid,true,
0.0050000000000000001,2,jerk_limited,4000,10,-1,1.01,0.0031250000000000002,-0.0031562500000000002,true,true,,,200,200,0,0,0,1.9933774349546489,1.9933774349546489,1.9933774349547582,0,0.73553719008264462,1.6869557348933899e-05,0.0050000000000000044,1,0,0,0,0,required_grid,true,
0.0050000000000000001,2,jerk_limited,4000,10,1,1.01,0.0031250000000000002,0.0031562500000000002,true,true,,,200,200,0,0,0,1.9933774349546489,1.9933774349546489,1.9933774349547582,0,0.73553719008264462,1.6869557348933899e-05,0.0050000000000000044,1,0,0,0,0,required_grid,true,
0.0050000000000000001,2,jerk_limited,4000,10,-1,1.02,0.0031250000000000002,-0.0031875000000000002,true,true,,,200,200,0,0,0,1.986841724317838,1.9868417243178385,1.9868417243180023,0,0.66942148760330578,1.7202084715162862e-05,0.0050000000000000044,1,0,0,0,0,required_grid,true,
0.0050000000000000001,2,jerk_limited,4000,10,1,1.02,0.0031250000000000002,0.0031875000000000002,true,true,,,200,200,0,0,0,1.986841724317838,1.9868417243178385,1.9868417243180023,0,0.66942148760330578,1.7202084715162862e-05,0.0050000000000000044,1,0,0,0,0,required_grid,true,
0.0050000000000000001,2,jerk_limited,4000,10,-1,1.05,0.0031250000000000002,-0.0032812500000000003,true,true,,,200,200,0,0,0,1.9677362936123166,1.9677362936123166,1.9677362936124927,0,0.60330578512396693,1.76525348999834e-05,0.0050000000000000044,1,0,0,0,0,required_grid,true,
0.0050000000000000001,2,jerk_limited,4000,10,1,1.05,0.0031250000000000002,0.0032812500000000003,true,true,,,200,200,0,0,0,1.9677362936123166,1.9677362936123166,1.9677362936124927,0,0.60330578512396693,1.76525348999834e-05,0.0050000000000000044,1,0,0,0,0,required_grid,true,
0.0050000000000000001,2,jerk_limited,4000,10,-1,1.1000000000000001,0.0031250000000000002,-0.0034375000000000005,true,true,,,200,200,0,0,0,1.937458612302853,1.9374586123028525,1.9374586123030333,0,0.63636363636363635,1.8423368305336661e-05,0.0050000000000000044,1,0,0,0,0,required_grid,true,
0.0050000000000000001,2,jerk_limited,4000,10,1,1.1000000000000001,0.0031250000000000002,0.0034375000000000005,true,true,,,200,200,0,0,0,1.937458612302853,1.9374586123028525,1.9374586123030333,0,0.63636363636363635,1.8423368305336661e-05,0.0050000000000000044,1,0,0,0,0,required_grid,true,
0.0050000000000000001,2,jerk_limited,4000,10,-1,1.2,0.0031250000000000002,-0.0037499999999999999,true,true,,,200,200,0,0,0,1.8820720577619994,1.8820720577619985,1.8820720577621715,0,0.62809917355371903,2.0096771576341063e-05,0.0050000000000000044,1,0,0,0,0,required_grid,true,
0.0050000000000000001,2,jerk_limited,4000,10,1,1.2,0.0031250000000000002,0.0037499999999999999,true,true,,,200,200,0,0,0,1.8820720577619994,1.8820720577619985,1.8820720577621715,0,0.62809917355371903,2.0096771576341063e-05,0.0050000000000000044,1,0,0,0,0,required_grid,true,
0.0050000000000000001,2,jerk_limited,4000,10,-1,2,0.0031250000000000002,-0.0062500000000000003,true,true,,,200,200,0,0,0,1.5874010519681736,1.5874010519680886,1.810943675758832,0,0.36363636363636365,3.5644922280090318e-05,0.0050000000000000044,1,0,0,0,0,required_grid,true,
0.0050000000000000001,2,jerk_limited,4000,10,1,2,0.0031250000000000002,0.0062500000000000003,true,true,,,200,200,0,0,0,1.5874010519681736,1.5874010519680886,1.810943675758832,0,0.36363636363636365,3.5644922280090318e-05,0.0050000000000000044,1,0,0,0,0,required_grid,true,
0.0050000000000000001,4,jerk_limited,1000,5,-1,0.5,0.00078125000000000004,-0.00039062500000000002,true,true,,,200,200,1,199.99999999999983,1,1.9999999999998912,2.0000000000005547,2.000000000000592,0,1,1.9531250000000051e-06,0.0050000000000000044,1,0,0,0,0,required_grid,true,
0.0050000000000000001,4,jerk_limited,1000,5,1,0.5,0.00078125000000000004,0.00039062500000000002,true,true,,,200,200,1,199.99999999999983,1,1.9999999999998885,2.0000000000000382,2.0000000000003268,0,1,1.9531249999999399e-06,0.0050000000000000044,1,0,0,0,0,required_grid,true,
0.0050000000000000001,4,jerk_limited,1000,5,-1,0.80000000000000004,0.00078125000000000004,-0.00062500000000000012,true,true,,,200,200,1,199.99999999999983,1,1.9999999999999385,2.0000000000000133,2.0000000000004037,0,1,3.1249999999999879e-06,0.0050000000000000044,1,0,0,0,0,required_grid,true,
0.0050000000000000001,4,jerk_limited,1000,5,1,0.80000000000000004,0.00078125000000000004,0.00062500000000000012,true,true,,,200,200,1,199.99999999999983,1,1.9999999999999167,2.0000000000001483,2.0000000000003268,0,1,3.1249999999999997e-06,0.0050000000000000044,1,0,0,0,0,required_grid,true,
0.0050000000000000001,4,jerk_limited,1000,5,-1,0.90000000000000002,0.00078125000000000004,-0.00070312500000000008,true,true,,,200,200,1,199.99999999999983,1,1.9999999999998992,2.0000000000000786,2.0000000000003757,0,1,3.5156249999999944e-06,0.0050000000000000044,1,0,0,0,0,required_grid,true,
0.0050000000000000001,4,jerk_limited,1000,5,1,0.90000000000000002,0.00078125000000000004,0.00070312500000000008,true,true,,,200,200,1,199.99999999999983,1,1.9999999999999403,2.0000000000001492,2.0000000000003566,0,1,3.515625000000024e-06,0.0050000000000000044,1,0,0,0,0,required_grid,true,
0.0050000000000000001,4,jerk_limited,1000,5,-1,0.94999999999999996,0.00078125000000000004,-0.00074218750000000001,true,true,,,200,200,1,199.99999999999983,1,1.9999999999999545,2.0000000000001354,2.0000000000002456,0,1,3.7109375000000195e-06,0.0050000000000000044,1,0,0,0,0,required_grid,true,
0.0050000000000000001,4,jerk_limited,1000,5,1,0.94999999999999996,0.00078125000000000004,0.00074218750000000001,true,true,,,200,200,1,199.99999999999983,1,1.9999999999999656,2.0000000000001945,2.000000000000401,0,1,3.7109375000001554e-06,0.0050000000000000044,1,0,0,0,0,required_grid,true,
0.0050000000000000001,4,jerk_limited,1000,5,-1,0.97999999999999998,0.00078125000000000004,-0.00076562500000000003,true,true,,,200,200,1,199.99999999999983,1,1.9999999999999627,2.0000000000000275,2.0000000000003197,0,1,3.8281250000000151e-06,0.0050000000000000044,1,0,0,0,0,required_grid,true,
0.0050000000000000001,4,jerk_limited,1000,5,1,0.97999999999999998,0.00078125000000000004,0.00076562500000000003,true,true,,,200,200,1,199.99999999999983,1,1.9999999999999061,2.0000000000001106,2.0000000000002869,0,1,3.8281249999999702e-06,0.0050000000000000044,1,0,0,0,0,required_grid,true,
0.0050000000000000001,4,jerk_limited,1000,5,-1,0.98999999999999999,0.00078125000000000004,-0.00077343750000000004,true,true,,,200,200,1,199.99999999999983,1,1.9999999999999121,2.000000000000091,2.0000000000002691,0,1,3.8671874999999966e-06,0.0050000000000000044,1,0,0,0,0,required_grid,true,
0.0050000000000000001,4,jerk_limited,1000,5,1,0.98999999999999999,0.00078125000000000004,0.00077343750000000004,true,true,,,200,200,1,199.99999999999983,1,1.9999999999999167,2.0000000000001292,2.0000000000003073,0,1,3.8671874999999898e-06,0.0050000000000000044,1,0,0,0,0,required_grid,true,
0.0050000000000000001,4,jerk_limited,1000,5,-1,0.995,0.00078125000000000004,-0.00077734375000000004,true,true,,,200,200,1,199.99999999999983,1,1.9999999999998896,2.0000000000000671,2.0000000000002833,0,1,3.8867187500000077e-06,0.0050000000000000044,1,0,0,0,0,required_grid,true,
0.0050000000000000001,4,jerk_limited,1000,5,1,0.995,0.00078125000000000004,0.00077734375000000004,true,true,,,200,200,1,199.99999999999983,1,1.9999999999999056,2.0000000000001115,2.000000000000318,0,1,3.8867187499999992e-06,0.0050000000000000044,1,0,0,0,0,required_grid,true,
0.0050000000000000001,4,jerk_limited,1000,5,-1,1,0.00078125000000000004,-0.00078125000000000004,true,true,,,200,200,1,199.99999999999983,1,1.9999999999999512,2.0000000000001128,2.0000000000002736,0,1,3.9062500000000128e-06,0.0050000000000000044,1,0,0,0,0,required_grid,true,
0.0050000000000000001,4,jerk_limited,1000,5,1,1,0.00078125000000000004,0.00078125000000000004,true,true,,,200,200,1,199.99999999999983,1,1.9999999999999512,2.0000000000001128,2.0000000000002736,0,1,3.9062500000000128e-06,0.0050000000000000044,1,0,0,0,0,required_grid,true,
0.0050000000000000001,4,jerk_limited,1000,5,-1,1.0049999999999999,0.00078125000000000004,-0.00078515624999999994,true,true,,,200,200,0,0,0,1.9966777347471629,1.9966777347471611,1.9966777347473099,0,0.97520661157024791,4.0525017087940811e-06,0.0050000000000000044,1,0,0,0,0,required_grid,true,
0.0050000000000000001,4,jerk_limited,1000,5,1,1.0049999999999999,0.00078125000000000004,0.00078515624999999994,true,true,,,200,200,0,0,0,1.9966777347471629,1.9966777347471611,1.9966777347473099,0,0.97520661157024791,4.0525017087940811e-06,0.0050000000000000044,1,0,0,0,0,required_grid,true,
0.0050000000000000001,4,jerk_limited,1000,5,-1,1.01,0.00078125000000000004,-0.00078906250000000005,true,true,,,200,200,0,0,0,1.9933774349546489,1.9933774349546489,1.9933774349547582,0,0.73553719008264462,4.2173893372334747e-06,0.0050000000000000044,1,0,0,0,0,required_grid,true,
0.0050000000000000001,4,jerk_limited,1000,5,1,1.01,0.00078125000000000004,0.00078906250000000005,true,true,,,200,200,0,0,0,1.9933774349546489,1.9933774349546489,1.9933774349547582,0,0.73553719008264462,4.2173893372334747e-06,0.0050000000000000044,1,0,0,0,0,required_grid,true,
0.0050000000000000001,4,jerk_limited,1000,5,-1,1.02,0.00078125000000000004,-0.00079687500000000006,true,true,,,200,200,0,0,0,1.986841724317838,1.9868417243178385,1.9868417243180023,0,0.66942148760330578,4.3005211787907155e-06,0.0050000000000000044,1,0,0,0,0,required_grid,true,
0.0050000000000000001,4,jerk_limited,1000,5,1,1.02,0.00078125000000000004,0.00079687500000000006,true,true,,,200,200,0,0,0,1.986841724317838,1.9868417243178385,1.9868417243180023,0,0.66942148760330578,4.3005211787907155e-06,0.0050000000000000044,1,0,0,0,0,required_grid,true,
0.0050000000000000001,4,jerk_limited,1000,5,-1,1.05,0.00078125000000000004,-0.00082031250000000008,true,true,,,200,200,0,0,0,1.9677362936123166,1.9677362936123166,1.9677362936124927,0,0.60330578512396693,4.4131337249958499e-06,0.0050000000000000044,1,0,0,0,0,required_grid,true,
0.0050000000000000001,4,jerk_limited,1000,5,1,1.05,0.00078125000000000004,0.00082031250000000008,true,true,,,200,200,0,0,0,1.9677362936123166,1.9677362936123166,1.9677362936124927,0,0.60330578512396693,4.4131337249958499e-06,0.0050000000000000044,1,0,0,0,0,required_grid,true,
0.0050000000000000001,4,jerk_limited,1000,5,-1,1.1000000000000001,0.00078125000000000004,-0.00085937500000000011,true,true,,,200,200,0,0,0,1.937458612302853,1.9374586123028525,1.9374586123030333,0,0.63636363636363635,4.6058420763341653e-06,0.0050000000000000044,1,0,0,0,0,required_grid,true,
0.0050000000000000001,4,jerk_limited,1000,5,1,1.1000000000000001,0.00078125000000000004,0.00085937500000000011,true,true,,,200,200,0,0,0,1.937458612302853,1.9374586123028525,1.9374586123030333,0,0.63636363636363635,4.6058420763341653e-06,0.0050000000000000044,1,0,0,0,0,required_grid,true,
0.0050000000000000001,4,jerk_limited,1000,5,-1,1.2,0.00078125000000000004,-0.00093749999999999997,true,true,,,200,200,0,0,0,1.8820720577619994,1.8820720577619985,1.8820720577621715,0,0.62809917355371903,5.0241928940852657e-06,0.0050000000000000044,1,0,0,0,0,required_grid,true,
0.0050000000000000001,4,jerk_limited,1000,5,1,1.2,0.00078125000000000004,0.00093749999999999997,true,true,,,200,200,0,0,0,1.8820720577619994,1.8820720577619985,1.8820720577621715,0,0.62809917355371903,5.0241928940852657e-06,0.0050000000000000044,1,0,0,0,0,required_grid,true,
0.0050000000000000001,4,jerk_limited,1000,5,-1,2,0.00078125000000000004,-0.0015625000000000001,true,true,,,200,200,0,0,0,1.5874010519681736,1.5874010519680886,1.810943675758832,0,0.36363636363636365,8.9112305700225794e-06,0.0050000000000000044,1,0,0,0,0,required_grid,true,
0.0050000000000000001,4,jerk_limited,1000,5,1,2,0.00078125000000000004,0.0015625000000000001,true,true,,,200,200,0,0,0,1.5874010519681736,1.5874010519680886,1.810943675758832,0,0.36363636363636365,8.9112305700225794e-06,0.0050000000000000044,1,0,0,0,0,required_grid,true,
0.0050000000000000001,4,jerk_limited,4000,20,-1,0.5,0.0031250000000000002,-0.0015625000000000001,true,true,,,200,200,1,199.99999999999983,1,1.9999999999998912,2.0000000000005547,2.000000000000592,0,1,7.8125000000000222e-06,0.0050000000000000044,1,0,0,0,0,required_grid,true,
0.0050000000000000001,4,jerk_limited,4000,20,1,0.5,0.0031250000000000002,0.0015625000000000001,true,true,,,200,200,1,199.99999999999983,1,1.9999999999999167,2.0000000000001217,2.0000000000003273,0,1,7.8125000000000239e-06,0.0050000000000000044,1,0,0,0,0,required_grid,true,
0.0050000000000000001,4,jerk_limited,4000,20,-1,0.80000000000000004,0.0031250000000000002,-0.0025000000000000005,true,true,,,200,200,1,199.99999999999983,1,1.7024335825561812,1.7024335825562571,2.0000000000002083,0,1,1.2499999999999965e-05,0.0050000000000000044,1,0,0,0,0,required_grid,true,
0.0050000000000000001,4,jerk_limited,4000,20,1,0.80000000000000004,0.0031250000000000002,0.0025000000000000005,true,true,,,200,200,1,199.99999999999983,1,1.9999999999999021,2.0000000000000973,2.0000000000002576,0,1,1.2499999999999967e-05,0.0050000000000000044,1,0,0,0,0,required_grid,true,
0.0050000000000000001,4,jerk_limited,4000,20,-1,0.90000000000000002,0.0031250000000000002,-0.0028125000000000003,true,true,,,200,200,1,199.99999999999983,1,1.8310464800500983,1.8310464800507071,2.0000000000003748,0,1,1.4062499999999932e-05,0.0050000000000000044,1,0,0,0,0,required_grid,true,
0.0050000000000000001,4,jerk_limited,4000,20,1,0.90000000000000002,0.0031250000000000002,0.0028125000000000003,true,true,,,200,200,1,199.99999999999983,1,1.9999999999999396,2.0000000000001492,2.0000000000003575,0,1,1.4062500000000096e-05,0.0050000000000000044,1,0,0,0,0,required_grid,true,
0.0050000000000000001,4,jerk_limited,4000,20,-1,0.94999999999999996,0.0031250000000000002,-0.00296875,true,true,,,200,200,1,199.99999999999983,1,1.9999999999999531,2.0000000000001354,2.0000000000002456,0,1,1.4843750000000091e-05,0.0050000000000000044,1,0,0,0,0,required_grid,true,
0.0050000000000000001,4,jerk_limited,4000,20,1,0.94999999999999996,0.0031250000000000002,0.00296875,true,true,,,200,200,1,199.99999999999983,1,1.9087204308181485,1.9087204308183447,2.0000000000002833,0,1,1.4843750000000008e-05,0.0050000000000000044,1,0,0,0,0,required_grid,true,
0.0050000000000000001,4,jerk_limited,4000,20,-1,0.97999999999999998,0.0031250000000000002,-0.0030625000000000001,true,true,,,200,200,1,199.99999999999983,1,1.9615102407552605,1.9615102407556151,2.0000000000001741,0,1,1.5312500000000054e-05,0.0050000000000000044,1,0,0,0,0,required_grid,true,
0.0050000000000000001,4,jerk_limited,4000,20,1,0.97999999999999998,0.0031250000000000002,0.0030625000000000001,true,true,,,200,200,1,199.99999999999983,1,1.9999999999998181,2.0000000000000218,2.0000000000002869,0,1,1.5312499999999972e-05,0.0050000000000000044,1,0,0,0,0,required_grid,true,
0.0050000000000000001,4,jerk_limited,4000,20,-1,0.98999999999999999,0.0031250000000000002,-0.0030937500000000001,true,true,,,200,200,1,199.99999999999983,1,1.9803884044369233,1.9803884044369238,2.0000000000002314,0,1,1.5468749999999959e-05,0.0050000000000000044,1,0,0,0,0,required_grid,true,
0.0050000000000000001,4,jerk_limited,4000,20,1,0.98999999999999999,0.0031250000000000002,0.0030937500000000001,true,true,,,200,200,1,199.99999999999983,1,1.9803884044369233,1.9803884044369233,2.0000000000002509,0,1,1.5468749999999963e-05,0.0050000000000000044,1,0,0,0,0,required_grid,true,
0.0050000000000000001,4,jerk_limited,4000,20,-1,0.995,0.0031250000000000002,-0.0031093750000000002,true,true,,,200,200,1,199.99999999999983,1,1.990098525753931,1.9900985257541084,2.0000000000002451,0,1,1.5546875000000017e-05,0.0050000000000000044,1,0,0,0,0,required_grid,true,
0.0050000000000000001,4,jerk_limited,4000,20,1,0.995,0.0031250000000000002,0.0031093750000000002,true,true,,,200,200,1,199.99999999999983,1,1.9999999999999063,2.0000000000000835,2.000000000000318,0,1,1.5546875000000098e-05,0.0050000000000000044,1,0,0,0,0,required_grid,true,
0.0050000000000000001,4,jerk_limited,4000,20,-1,1,0.0031250000000000002,-0.0031250000000000002,true,true,,,200,200,1,199.99999999999983,1,1.9999999999999512,2.0000000000001128,2.0000000000002736,0,1,1.5625000000000051e-05,0.0050000000000000044,1,0,0,0,0,required_grid,true,
0.0050000000000000001,4,jerk_limited,4000,20,1,1,0.0031250000000000002,0.0031250000000000002,true,true,,,200,200,1,199.99999999999983,1,1.9999999999999512,2.0000000000001128,2.0000000000002736,0,1,1.5625000000000051e-05,0.0050000000000000044,1,0,0,0,0,required_grid,true,
0.0050000000000000001,4,jerk_limited,4000,20,-1,1.0049999999999999,0.0031250000000000002,-0.0031406249999999998,true,true,,,200,200,0,0,0,1.9966777347471629,1.9966777347471611,1.9966777347473099,0,0.97520661157024791,1.6210006835176324e-05,0.0050000000000000044,1,0,0,0,0,required_grid,true,
0.0050000000000000001,4,jerk_limited,4000,20,1,1.0049999999999999,0.0031250000000000002,0.0031406249999999998,true,true,,,200,200,0,0,0,1.9966777347471629,1.9966777347471611,1.9966777347473099,0,0.97520661157024791,1.6210006835176324e-05,0.0050000000000000044,1,0,0,0,0,required_grid,true,
0.0050000000000000001,4,jerk_limited,4000,20,-1,1.01,0.0031250000000000002,-0.0031562500000000002,true,true,,,200,200,0,0,0,1.9933774349546489,1.9933774349546489,1.9933774349547582,0,0.73553719008264462,1.6869557348933899e-05,0.0050000000000000044,1,0,0,0,0,required_grid,true,
0.0050000000000000001,4,jerk_limited,4000,20,1,1.01,0.0031250000000000002,0.0031562500000000002,true,true,,,200,200,0,0,0,1.9933774349546489,1.9933774349546489,1.9933774349547582,0,0.73553719008264462,1.6869557348933899e-05,0.0050000000000000044,1,0,0,0,0,required_grid,true,
0.0050000000000000001,4,jerk_limited,4000,20,-1,1.02,0.0031250000000000002,-0.0031875000000000002,true,true,,,200,200,0,0,0,1.986841724317838,1.9868417243178385,1.9868417243180023,0,0.66942148760330578,1.7202084715162862e-05,0.0050000000000000044,1,0,0,0,0,required_grid,true,
0.0050000000000000001,4,jerk_limited,4000,20,1,1.02,0.0031250000000000002,0.0031875000000000002,true,true,,,200,200,0,0,0,1.986841724317838,1.9868417243178385,1.9868417243180023,0,0.66942148760330578,1.7202084715162862e-05,0.0050000000000000044,1,0,0,0,0,required_grid,true,
0.0050000000000000001,4,jerk_limited,4000,20,-1,1.05,0.0031250000000000002,-0.0032812500000000003,true,true,,,200,200,0,0,0,1.9677362936123166,1.9677362936123166,1.9677362936124927,0,0.60330578512396693,1.76525348999834e-05,0.0050000000000000044,1,0,0,0,0,required_grid,true,
0.0050000000000000001,4,jerk_limited,4000,20,1,1.05,0.0031250000000000002,0.0032812500000000003,true,true,,,200,200,0,0,0,1.9677362936123166,1.9677362936123166,1.9677362936124927,0,0.60330578512396693,1.76525348999834e-05,0.0050000000000000044,1,0,0,0,0,required_grid,true,
0.0050000000000000001,4,jerk_limited,4000,20,-1,1.1000000000000001,0.0031250000000000002,-0.0034375000000000005,true,true,,,200,200,0,0,0,1.937458612302853,1.9374586123028525,1.9374586123030333,0,0.63636363636363635,1.8423368305336661e-05,0.0050000000000000044,1,0,0,0,0,required_grid,true,
0.0050000000000000001,4,jerk_limited,4000,20,1,1.1000000000000001,0.0031250000000000002,0.0034375000000000005,true,true,,,200,200,0,0,0,1.937458612302853,1.9374586123028525,1.9374586123030333,0,0.63636363636363635,1.8423368305336661e-05,0.0050000000000000044,1,0,0,0,0,required_grid,true,
0.0050000000000000001,4,jerk_limited,4000,20,-1,1.2,0.0031250000000000002,-0.0037499999999999999,true,true,,,200,200,0,0,0,1.8820720577619994,1.8820720577619985,1.8820720577621715,0,0.62809917355371903,2.0096771576341063e-05,0.0050000000000000044,1,0,0,0,0,required_grid,true,
0.0050000000000000001,4,jerk_limited,4000,20,1,1.2,0.0031250000000000002,0.0037499999999999999,true,true,,,200,200,0,0,0,1.8820720577619994,1.8820720577619985,1.8820720577621715,0,0.62809917355371903,2.0096771576341063e-05,0.0050000000000000044,1,0,0,0,0,required_grid,true,
0.0050000000000000001,4,jerk_limited,4000,20,-1,2,0.0031250000000000002,-0.0062500000000000003,true,true,,,200,200,0,0,0,1.5874010519681736,1.5874010519680886,1.810943675758832,0,0.36363636363636365,3.5644922280090318e-05,0.0050000000000000044,1,0,0,0,0,required_grid,true,
0.0050000000000000001,4,jerk_limited,4000,20,1,2,0.0031250000000000002,0.0062500000000000003,true,true,,,200,200,0,0,0,1.5874010519681736,1.5874010519680886,1.810943675758832,0,0.36363636363636365,3.5644922280090318e-05,0.0050000000000000044,1,0,0,0,0,required_grid,true,
0.01,0.25,acceleration_limited,1000,0.625,-1,0.5,0.0013671875000000001,-0.00068359375000000007,true,true,,,100,100,1,99.999999999999915,1,1.2485297677900951,1.2485297677900966,1.248529767790858,0,1,6.8359374999999773e-06,0.010000000000000009,1,0,0,0,0,required_grid,true,
0.01,0.25,acceleration_limited,1000,0.625,1,0.5,0.0013671875000000001,0.00068359375000000007,true,true,,,100,100,1,99.999999999999915,1,1.2485297677900951,1.2485297677900966,1.248529767790858,0,1,6.8359374999999773e-06,0.010000000000000009,1,0,0,0,0,required_grid,true,
0.01,0.25,acceleration_limited,1000,0.625,-1,0.80000000000000004,0.0013671875000000001,-0.0010937500000000001,true,true,,,100,100,1,99.999999999999915,1,1.470076834593627,1.470076834593659,1.4700768345943815,0,1,1.0937499999999986e-05,0.010000000000000009,1,0,0,0,0,required_grid,true,
0.01,0.25,acceleration_limited,1000,0.625,1,0.80000000000000004,0.0013671875000000001,0.0010937500000000001,true,true,,,100,100,1,99.999999999999915,1,1.470076834593627,1.470076834593659,1.4700768345943815,0,1,1.0937499999999986e-05,0.010000000000000009,1,0,0,0,0,required_grid,true,
0.01,0.25,acceleration_limited,1000,0.625,-1,0.90000000000000002,0.0013671875000000001,-0.0012304687500000002,true,true,,,100,100,1,99.999999999999915,1,1.6131183096858146,1.6131183096858428,1.6131183096861854,0,1,1.2304687499999988e-05,0.010000000000000009,1,0,0,0,0,required_grid,true,
0.01,0.25,acceleration_limited,1000,0.625,1,0.90000000000000002,0.0013671875000000001,0.0012304687500000002,true,true,,,100,100,1,99.999999999999915,1,1.6131183096858146,1.6131183096858428,1.6131183096861854,0,1,1.2304687499999988e-05,0.010000000000000009,1,0,0,0,0,required_grid,true,
0.01,0.25,acceleration_limited,1000,0.625,-1,0.94999999999999996,0.0013671875000000001,-0.0012988281250000001,true,true,,,100,100,1,99.999999999999915,1,1.7303985204037591,1.7303985204037857,1.7303985204041197,0,1,1.2988281249999911e-05,0.010000000000000009,1,0,0,0,0,required_grid,true,
0.01,0.25,acceleration_limited,1000,0.625,1,0.94999999999999996,0.0013671875000000001,0.0012988281250000001,true,true,,,100,100,1,99.999999999999915,1,1.7303985204037591,1.7303985204037857,1.7303985204041197,0,1,1.2988281249999911e-05,0.010000000000000009,1,0,0,0,0,required_grid,true,
0.01,0.25,acceleration_limited,1000,0.625,-1,0.97999999999999998,0.0013671875000000001,-0.0013398437500000001,true,true,,,100,100,1,99.999999999999915,1,1.8453440259264837,1.8453440259264844,1.8453440259265914,0,1,1.3398437499999915e-05,0.010000000000000009,1,0,0,0,0,required_grid,true,
0.01,0.25,acceleration_limited,1000,0.625,1,0.97999999999999998,0.0013671875000000001,0.0013398437500000001,true,true,,,100,100,1,99.999999999999915,1,1.8453440259264837,1.8453440259264844,1.8453440259265914,0,1,1.3398437499999915e-05,0.010000000000000009,1,0,0,0,0,required_grid,true,
0.01,0.25,acceleration_limited,1000,0.625,-1,0.98999999999999999,0.0013671875000000001,-0.0013535156250000001,true,true,,,100,100,1,99.999999999999915,1,1.9047619047618332,1.9047619047618591,1.9047619047623152,0,1,1.3535156249999948e-05,0.010000000000000009,1,0,0,0,0,required_grid,true,
0.01,0.25,acceleration_limited,1000,0.625,1,0.98999999999999999,0.0013671875000000001,0.0013535156250000001,true,true,,,100,100,1,99.999999999999915,1,1.9047619047618332,1.9047619047618591,1.9047619047623152,0,1,1.3535156249999948e-05,0.010000000000000009,1,0,0,0,0,required_grid,true,
0.01,0.25,acceleration_limited,1000,0.625,-1,0.995,0.0013671875000000001,-0.0013603515625,true,true,,,100,100,1,99.999999999999915,1,1.9445768876013838,1.9445768876013849,1.9445768876016511,0,1,1.3603515624999952e-05,0.010000000000000009,1,0,0,0,0,required_grid,true,
0.01,0.25,acceleration_limited,1000,0.625,1,0.995,0.0013671875000000001,0.0013603515625,true,true,,,100,100,1,99.999999999999915,1,1.9445768876013838,1.9445768876013849,1.9445768876016511,0,1,1.3603515624999952e-05,0.010000000000000009,1,0,0,0,0,required_grid,true,
0.01,0.25,acceleration_limited,1000,0.625,-1,1,0.0013671875000000001,-0.0013671875000000001,true,true,,,100,100,1,99.999999999999915,1,1.9999999999999658,2.0000000000000244,2.000000000000139,0,1,1.3671874999999966e-05,0.010000000000000009,1,0,0,0,0,required_grid,true,
0.01,0.25,acceleration_limited,1000,0.625,1,1,0.0013671875000000001,0.0013671875000000001,true,true,,,100,100,1,99.999999999999915,1,1.9999999999999658,2.0000000000000244,2.000000000000139,0,1,1.3671874999999966e-05,0.010000000000000009,1,0,0,0,0,required_grid,true,
0.01,0.25,acceleration_limited,1000,0.625,-1,1.0049999999999999,0.0013671875000000001,-0.0013740234375,true,true,,,100,100,0,0,0,1.9953409049399069,1.9952046320237793,1.9953499629492588,0,0.42622950819672129,1.3780624441602337e-05,0.010000000000000009,1,0,0,0,0,required_grid,true,
0.01,0.25,acceleration_limited,1000,0.625,1,1.0049999999999999,0.0013671875000000001,0.0013740234375,true,true,,,100,100,0,0,0,1.9953409049399069,1.9952046320237793,1.9953499629492588,0,0.42622950819672129,1.3780624441602337e-05,0.010000000000000009,1,0,0,0,0,required_grid,true,
0.01,0.25,acceleration_limited,1000,0.625,-1,1.01,0.0013671875000000001,-0.0013808593750000001,true,true,,,100,100,0,0,0,1.9898864521352828,1.9764949732956598,1.9907329206463682,0,0.27868852459016391,1.3853577824559431e-05,0.010000000000000009,1,0,0,0,0,required_grid,true,
0.01,0.25,acceleration_limited,1000,0.625,1,1.01,0.0013671875000000001,0.0013808593750000001,true,true,,,100,100,0,0,0,1.9898864521352828,1.9764949732956598,1.9907329206463682,0,0.27868852459016391,1.3853577824559431e-05,0.010000000000000009,1,0,0,0,0,required_grid,true,
0.01,0.25,acceleration_limited,1000,0.625,-1,1.02,0.0013671875000000001,-0.0013945312500000002,true,true,,,100,100,0,0,0,1.9794781149739797,1.9425348582403719,1.9815962597758876,0,0.31147540983606559,1.3995165928023094e-05,0.010000000000000009,1,0,0,0,0,required_grid,true,
0.01,0.25,acceleration_limited,1000,0.625,1,1.02,0.0013671875000000001,0.0013945312500000002,true,true,,,100,100,0,0,0,1.9794781149739797,1.9425348582403719,1.9815962597758876,0,0.31147540983606559,1.3995165928023094e-05,0.010000000000000009,1,0,0,0,0,required_grid,true,
0.01,0.25,acceleration_limited,1000,0.625,-1,1.05,0.0013671875000000001,-0.0014355468750000002,true,true,,,100,100,0,0,0,1.9509704757824031,1.8588640505535636,1.9549387160205389,0,0.37704918032786883,1.4424081186868027e-05,0.010000000000000009,1,0,0,0,0,required_grid,true,
0.01,0.25,acceleration_limited,1000,0.625,1,1.05,0.0013671875000000001,0.0014355468750000002,true,true,,,100,100,0,0,0,1.9509704757824031,1.8588640505535636,1.9549387160205389,0,0.37704918032786883,1.4424081186868027e-05,0.010000000000000009,1,0,0,0,0,required_grid,true,
0.01,0.25,acceleration_limited,1000,0.625,-1,1.1000000000000001,0.0013671875000000001,-0.0015039062500000003,true,true,,,100,100,0,0,0,1.9095623515626878,1.7853946737194666,1.9128511938735056,0,0.36065573770491804,1.5151489901345708e-05,0.010000000000000009,1,0,0,0,0,required_grid,true,
0.01,0.25,acceleration_limited,1000,0.625,1,1.1000000000000001,0.0013671875000000001,0.0015039062500000003,true,true,,,100,100,0,0,0,1.9095623515626878,1.7853946737194666,1.9128511938735056,0,0.36065573770491804,1.5151489901345708e-05,0.010000000000000009,1,0,0,0,0,required_grid,true,
0.01,0.25,acceleration_limited,1000,0.625,-1,1.2,0.0013671875000000001,-0.0016406250000000002,true,true,,,100,100,0,0,0,1.833367906383605,1.6653042244447835,1.6859777238165512,0.14697458670707611,0,1.6592225494220809e-05,0.010000000000000009,1,0,0,0,0,required_grid,true,
0.01,0.25,acceleration_limited,1000,0.625,1,1.2,0.0013671875000000001,0.0016406250000000002,true,true,,,100,100,0,0,0,1.833367906383605,1.6653042244447835,1.6859777238165512,0.14697458670707611,0,1.6592225494220809e-05,0.010000000000000009,1,0,0,0,0,required_grid,true,
0.01,0.25,acceleration_limited,1000,0.625,-1,2,0.0013671875000000001,-0.0027343750000000003,true,true,,,100,100,0,0,0,1.4999999999999536,0.99999999999995826,1.0000000017398873,0.49999999760758596,0,2.9307047535540817e-05,0.010000000000000009,1,0,0,0,0,required_grid,true,
0.01,0.25,acceleration_limited,1000,0.625,1,2,0.0013671875000000001,0.0027343750000000003,true,true,,,100,100,0,0,0,1.4999999999999536,0.99999999999995826,1.0000000017398873,0.49999999760758596,0,2.9307047535540817e-05,0.010000000000000009,1,0,0,0,0,required_grid,true,
0.01,0.25,acceleration_limited,4000,2.5,-1,0.5,0.0054687500000000005,-0.0027343750000000003,true,true,,,100,100,1,99.999999999999915,1,1.2485297677900951,1.2485297677900966,1.248529767790858,0,1,2.7343749999999909e-05,0.010000000000000009,1,0,0,0,0,required_grid,true,
0.01,0.25,acceleration_limited,4000,2.5,1,0.5,0.0054687500000000005,0.0027343750000000003,true,true,,,100,100,1,99.999999999999915,1,1.2485297677900951,1.2485297677900966,1.248529767790858,0,1,2.7343749999999909e-05,0.010000000000000009,1,0,0,0,0,required_grid,true,
0.01,0.25,acceleration_limited,4000,2.5,-1,0.80000000000000004,0.0054687500000000005,-0.0043750000000000004,true,true,,,100,100,1,99.999999999999915,1,1.470076834593627,1.470076834593659,1.4700768345943815,0,1,4.3749999999999945e-05,0.010000000000000009,1,0,0,0,0,required_grid,true,
0.01,0.25,acceleration_limited,4000,2.5,1,0.80000000000000004,0.0054687500000000005,0.0043750000000000004,true,true,,,100,100,1,99.999999999999915,1,1.470076834593627,1.470076834593659,1.4700768345943815,0,1,4.3749999999999945e-05,0.010000000000000009,1,0,0,0,0,required_grid,true,
0.01,0.25,acceleration_limited,4000,2.5,-1,0.90000000000000002,0.0054687500000000005,-0.0049218750000000009,true,true,,,100,100,1,99.999999999999915,1,1.6131183096858146,1.6131183096858428,1.6131183096861854,0,1,4.9218749999999953e-05,0.010000000000000009,1,0,0,0,0,required_grid,true,
0.01,0.25,acceleration_limited,4000,2.5,1,0.90000000000000002,0.0054687500000000005,0.0049218750000000009,true,true,,,100,100,1,99.999999999999915,1,1.6131183096858146,1.6131183096858428,1.6131183096861854,0,1,4.9218749999999953e-05,0.010000000000000009,1,0,0,0,0,required_grid,true,
0.01,0.25,acceleration_limited,4000,2.5,-1,0.94999999999999996,0.0054687500000000005,-0.0051953125000000003,true,true,,,100,100,1,99.999999999999915,1,1.7303985204037591,1.7303985204037857,1.7303985204041197,0,1,5.1953124999999645e-05,0.010000000000000009,1,0,0,0,0,required_grid,true,
0.01,0.25,acceleration_limited,4000,2.5,1,0.94999999999999996,0.0054687500000000005,0.0051953125000000003,true,true,,,100,100,1,99.999999999999915,1,1.7303985204037591,1.7303985204037857,1.7303985204041197,0,1,5.1953124999999645e-05,0.010000000000000009,1,0,0,0,0,required_grid,true,
0.01,0.25,acceleration_limited,4000,2.5,-1,0.97999999999999998,0.0054687500000000005,-0.0053593750000000004,true,true,,,100,100,1,99.999999999999915,1,1.8453440259264837,1.8453440259264844,1.8453440259265914,0,1,5.3593749999999659e-05,0.010000000000000009,1,0,0,0,0,required_grid,true,
0.01,0.25,acceleration_limited,4000,2.5,1,0.97999999999999998,0.0054687500000000005,0.0053593750000000004,true,true,,,100,100,1,99.999999999999915,1,1.8453440259264837,1.8453440259264844,1.8453440259265914,0,1,5.3593749999999659e-05,0.010000000000000009,1,0,0,0,0,required_grid,true,
0.01,0.25,acceleration_limited,4000,2.5,-1,0.98999999999999999,0.0054687500000000005,-0.0054140625000000005,true,true,,,100,100,1,99.999999999999915,1,1.9047619047618332,1.9047619047618591,1.9047619047623152,0,1,5.4140624999999793e-05,0.010000000000000009,1,0,0,0,0,required_grid,true,
0.01,0.25,acceleration_limited,4000,2.5,1,0.98999999999999999,0.0054687500000000005,0.0054140625000000005,true,true,,,100,100,1,99.999999999999915,1,1.9047619047618332,1.9047619047618591,1.9047619047623152,0,1,5.4140624999999793e-05,0.010000000000000009,1,0,0,0,0,required_grid,true,
0.01,0.25,acceleration_limited,4000,2.5,-1,0.995,0.0054687500000000005,-0.0054414062500000001,true,true,,,100,100,1,99.999999999999915,1,1.9445768876013838,1.9445768876013849,1.9445768876016511,0,1,5.4414062499999809e-05,0.010000000000000009,1,0,0,0,0,required_grid,true,
0.01,0.25,acceleration_limited,4000,2.5,1,0.995,0.0054687500000000005,0.0054414062500000001,true,true,,,100,100,1,99.999999999999915,1,1.9445768876013838,1.9445768876013849,1.9445768876016511,0,1,5.4414062499999809e-05,0.010000000000000009,1,0,0,0,0,required_grid,true,
0.01,0.25,acceleration_limited,4000,2.5,-1,1,0.0054687500000000005,-0.0054687500000000005,true,true,,,100,100,1,99.999999999999915,1,1.9999999999999658,2.0000000000000244,2.000000000000139,0,1,5.4687499999999866e-05,0.010000000000000009,1,0,0,0,0,required_grid,true,
0.01,0.25,acceleration_limited,4000,2.5,1,1,0.0054687500000000005,0.0054687500000000005,true,true,,,100,100,1,99.999999999999915,1,1.9999999999999658,2.0000000000000244,2.000000000000139,0,1,5.4687499999999866e-05,0.010000000000000009,1,0,0,0,0,required_grid,true,
0.01,0.25,acceleration_limited,4000,2.5,-1,1.0049999999999999,0.0054687500000000005,-0.0054960937500000001,true,true,,,100,100,0,0,0,1.9953409049399069,1.9952046320237793,1.9953499629492588,0,0.42622950819672129,5.5122497766409347e-05,0.010000000000000009,1,0,0,0,0,required_grid,true,
0.01,0.25,acceleration_limited,4000,2.5,1,1.0049999999999999,0.0054687500000000005,0.0054960937500000001,true,true,,,100,100,0,0,0,1.9953409049399069,1.9952046320237793,1.9953499629492588,0,0.42622950819672129,5.5122497766409347e-05,0.010000000000000009,1,0,0,0,0,required_grid,true,
0.01,0.25,acceleration_limited,4000,2.5,-1,1.01,0.0054687500000000005,-0.0055234375000000006,true,true,,,100,100,0,0,0,1.9898864521352828,1.9764949732956598,1.9907329206463682,0,0.27868852459016391,5.5414311298237725e-05,0.010000000000000009,1,0,0,0,0,required_grid,true,
0.01,0.25,acceleration_limited,4000,2.5,1,1.01,0.0054687500000000005,0.0055234375000000006,true,true,,,100,100,0,0,0,1.9898864521352828,1.9764949732956598,1.9907329206463682,0,0.27868852459016391,5.5414311298237725e-05,0.010000000000000009,1,0,0,0,0,required_grid,true,
0.01,0.25,acceleration_limited,4000,2.5,-1,1.02,0.0054687500000000005,-0.0055781250000000006,true,true,,,100,100,0,0,0,1.9794781149739797,1.9425348582403719,1.9815962597758876,0,0.31147540983606559,5.5980663712092375e-05,0.010000000000000009,1,0,0,0,0,required_grid,true,
0.01,0.25,acceleration_limited,4000,2.5,1,1.02,0.0054687500000000005,0.0055781250000000006,true,true,,,100,100,0,0,0,1.9794781149739797,1.9425348582403719,1.9815962597758876,0,0.31147540983606559,5.5980663712092375e-05,0.010000000000000009,1,0,0,0,0,required_grid,true,
0.01,0.25,acceleration_limited,4000,2.5,-1,1.05,0.0054687500000000005,-0.0057421875000000008,true,true,,,100,100,0,0,0,1.9509704757824031,1.8588640505535636,1.9549387160205389,0,0.37704918032786883,5.7696324747472109e-05,0.010000000000000009,1,0,0,0,0,required_grid,true,
0.01,0.25,acceleration_limited,4000,2.5,1,1.05,0.0054687500000000005,0.0057421875000000008,true,true,,,100,100,0,0,0,1.9509704757824031,1.8588640505535636,1.9549387160205389,0,0.37704918032786883,5.7696324747472109e-05,0.010000000000000009,1,0,0,0,0,required_grid,true,
0.01,0.25,acceleration_limited,4000,2.5,-1,1.1000000000000001,0.0054687500000000005,-0.006015625000000001,true,true,,,100,100,0,0,0,1.9095623515626878,1.7853946737194666,1.9128511938735056,0,0.36065573770491804,6.0605959605382833e-05,0.010000000000000009,1,0,0,0,0,required_grid,true,
0.01,0.25,acceleration_limited,4000,2.5,1,1.1000000000000001,0.0054687500000000005,0.006015625000000001,true,true,,,100,100,0,0,0,1.9095623515626878,1.7853946737194666,1.9128511938735056,0,0.36065573770491804,6.0605959605382833e-05,0.010000000000000009,1,0,0,0,0,required_grid,true,
0.01,0.25,acceleration_limited,4000,2.5,-1,1.2,0.0054687500000000005,-0.0065625000000000006,true,true,,,100,100,0,0,0,1.833367906383605,1.6653042244447835,1.6859777238165512,0.14697458670707611,0,6.6368901976883237e-05,0.010000000000000009,1,0,0,0,0,required_grid,true,
0.01,0.25,acceleration_limited,4000,2.5,1,1.2,0.0054687500000000005,0.0065625000000000006,true,true,,,100,100,0,0,0,1.833367906383605,1.6653042244447835,1.6859777238165512,0.14697458670707611,0,6.6368901976883237e-05,0.010000000000000009,1,0,0,0,0,required_grid,true,
0.01,0.25,acceleration_limited,4000,2.5,-1,2,0.0054687500000000005,-0.010937500000000001,true,true,,,100,100,0,0,0,1.4999999999999536,0.99999999999995826,1.0000000017398873,0.49999999760758596,0,0.00011722819014216327,0.010000000000000009,1,0,0,0,0,required_grid,true,
0.01,0.25,acceleration_limited,4000,2.5,1,2,0.0054687500000000005,0.010937500000000001,true,true,,,100,100,0,0,0,1.4999999999999536,0.99999999999995826,1.0000000017398873,0.49999999760758596,0,0.00011722819014216327,0.010000000000000009,1,0,0,0,0,required_grid,true,
0.01,0.5,acceleration_limited,1000,1.25,-1,0.5,0.0023437500000000003,-0.0011718750000000002,true,true,,,100,100,1,99.999999999999915,1,1.3333333333332764,1.3333333333336315,2.0000000000000364,0,1,1.1718750000000029e-05,0.010000000000000009,1,0,0,0,0,required_grid,true,
0.01,0.5,acceleration_limited,1000,1.25,1,0.5,0.0023437500000000003,0.0011718750000000002,true,true,,,100,100,1,99.999999999999915,1,1.3333333333332764,1.3333333333336315,2.0000000000000364,0,1,1.1718750000000029e-05,0.010000000000000009,1,0,0,0,0,required_grid,true,
0.01,0.5,acceleration_limited,1000,1.25,-1,0.80000000000000004,0.0023437500000000003,-0.0018750000000000004,true,true,,,100,100,1,99.999999999999915,1,1.560098283658333,1.5600982836583692,1.5600982836585913,0,1,1.8750000000000053e-05,0.010000000000000009,1,0,0,0,0,required_grid,true,
0.01,0.5,acceleration_limited,1000,1.25,1,0.80000000000000004,0.0023437500000000003,0.0018750000000000004,true,true,,,100,100,1,99.999999999999915,1,1.560098283658333,1.5600982836583692,1.5600982836585913,0,1,1.8750000000000053e-05,0.010000000000000009,1,0,0,0,0,required_grid,true,
0.01,0.5,acceleration_limited,1000,1.25,-1,0.90000000000000002,0.0023437500000000003,-0.0021093750000000006,true,true,,,100,100,1,99.999999999999915,1,1.7006226237931306,1.7006226237931625,1.7006226237933599,0,1,2.1093750000000049e-05,0.010000000000000009,1,0,0,0,0,required_grid,true,
0.01,0.5,acceleration_limited,1000,1.25,1,0.90000000000000002,0.0023437500000000003,0.0021093750000000006,true,true,,,100,100,1,99.999999999999915,1,1.7006226237931306,1.7006226237931625,1.7006226237933599,0,1,2.1093750000000049e-05,0.010000000000000009,1,0,0,0,0,required_grid,true,
0.01,0.5,acceleration_limited,1000,1.25,-1,0.94999999999999996,0.0023437500000000003,-0.0022265625000000002,true,true,,,100,100,1,99.999999999999915,1,1.809154774926816,1.8091547749268169,1.809154774927155,0,1,2.2265625000000065e-05,0.010000000000000009,1,0,0,0,0,required_grid,true,
0.01,0.5,acceleration_limited,1000,1.25,1,0.94999999999999996,0.0023437500000000003,0.0022265625000000002,true,true,,,100,100,1,99.999999999999915,1,1.809154774926816,1.8091547749268169,1.809154774927155,0,1,2.2265625000000065e-05,0.010000000000000009,1,0,0,0,0,required_grid,true,
0.01,0.5,acceleration_limited,1000,1.25,-1,0.97999999999999998,0.0023437500000000003,-0.0022968750000000003,true,true,,,100,100,1,99.999999999999915,1,1.9047619047618956,1.9047619047619564,1.9047619047623794,0,1,2.2968750000000084e-05,0.010000000000000009,1,0,0,0,0,required_grid,true,
0.01,0.5,acceleration_limited,1000,1.25,1,0.97999999999999998,0.0023437500000000003,0.0022968750000000003,true,true,,,100,100,1,99.999999999999915,1,1.9047619047618956,1.9047619047619564,1.9047619047623794,0,1,2.2968750000000084e-05,0.010000000000000009,1,0,0,0,0,required_grid,true,
0.01,0.5,acceleration_limited,1000,1.25,-1,0.98999999999999999,0.0023437500000000003,-0.0023203125000000003,true,true,,,100,100,1,99.999999999999915,1,1.9472887184984382,1.9472887184985608,1.9472887184989764,0,1,2.3203125000000176e-05,0.010000000000000009,1,0,0,0,0,required_grid,true,
0.01,0.5,acceleration_limited,1000,1.25,1,0.98999999999999999,0.0023437500000000003,0.0023203125000000003,true,true,,,100,100,1,99.999999999999915,1,1.9472887184984382,1.9472887184985608,1.9472887184989764,0,1,2.3203125000000176e-05,0.010000000000000009,1,0,0,0,0,required_grid,true,
0.01,0.5,acceleration_limited,1000,1.25,-1,0.995,0.0023437500000000003,-0.0023320312500000003,true,true,,,100,100,1,99.999999999999915,1,1.9720090879176133,1.9720090879176728,1.9720090879180299,0,1,2.3320312500000195e-05,0.010000000000000009,1,0,0,0,0,required_grid,true,
0.01,0.5,acceleration_limited,1000,1.25,1,0.995,0.0023437500000000003,0.0023320312500000003,true,true,,,100,100,1,99.999999999999915,1,1.9720090879176133,1.9720090879176728,1.9720090879180299,0,1,2.3320312500000195e-05,0.010000000000000009,1,0,0,0,0,required_grid,true,
0.01,0.5,acceleration_limited,1000,1.25,-1,1,0.0023437500000000003,-0.0023437500000000003,true,true,,,100,100,1,99.999999999999915,1,1.9999999999999722,2.00000000000002,2.0000000000000759,0,1,2.3437499999999967e-05,0.010000000000000009,1,0,0,0,0,required_grid,true,
0.01,0.5,acceleration_limited,1000,1.25,1,1,0.0023437500000000003,0.0023437500000000003,true,true,,,100,100,1,99.999999999999915,1,1.9999999999999722,2.00000000000002,2.0000000000000759,0,1,2.3437499999999967e-05,0.010000000000000009,1,0,0,0,0,required_grid,true,
0.01,0.5,acceleration_limited,1000,1.25,-1,1.0049999999999999,0.0023437500000000003,-0.0023554687499999999,true,true,,,100,100,0,0,0,1.9957286624011619,1.9957286624011616,1.9957286624012209,0,0.80327868852459017,2.3747063986016594e-05,0.010000000000000009,1,0,0,0,0,required_grid,true,
0.01,0.5,acceleration_limited,1000,1.25,1,1.0049999999999999,0.0023437500000000003,0.0023554687499999999,true,true,,,100,100,0,0,0,1.9957286624011619,1.9957286624011616,1.9957286624012209,0,0.80327868852459017,2.3747063986016594e-05,0.010000000000000009,1,0,0,0,0,required_grid,true,
0.01,0.5,acceleration_limited,1000,1.25,-1,1.01,0.0023437500000000003,-0.0023671875000000004,true,true,,,100,100,0,0,0,1.9914270815625759,1.9910133629020312,1.9914858607352222,0,0.49180327868852458,2.3983734457830048e-05,0.010000000000000009,1,0,0,0,0,required_grid,true,
0.01,0.5,acceleration_limited,1000,1.25,1,1.01,0.0023437500000000003,0.0023671875000000004,true,true,,,100,100,0,0,0,1.9914270815625759,1.9910133629020312,1.9914858607352222,0,0.49180327868852458,2.3983734457830048e-05,0.010000000000000009,1,0,0,0,0,required_grid,true,
0.01,0.5,acceleration_limited,1000,1.25,-1,1.02,0.0023437500000000003,-0.0023906250000000004,true,true,,,100,100,0,0,0,1.9792715412553097,1.9511306900839362,1.9830845813166733,0,0.34426229508196721,2.4258954491768695e-05,0.010000000000000009,1,0,0,0,0,required_grid,true,
0.01,0.5,acceleration_limited,1000,1.25,1,1.02,0.0023437500000000003,0.0023906250000000004,true,true,,,100,100,0,0,0,1.9792715412553097,1.9511306900839362,1.9830845813166733,0,0.34426229508196721,2.4258954491768695e-05,0.010000000000000009,1,0,0,0,0,required_grid,true,
0.01,0.5,acceleration_limited,1000,1.25,-1,1.05,0.0023437500000000003,-0.0024609375000000005,true,true,,,100,100,0,0,0,1.9578708238726403,1.9530872138184687,1.9585331211346246,0,0.37704918032786883,2.501302185137847e-05,0.010000000000000009,1,0,0,0,0,required_grid,true,
0.01,0.5,acceleration_limited,1000,1.25,1,1.05,0.0023437500000000003,0.0024609375000000005,true,true,,,100,100,0,0,0,1.9578708238726403,1.9530872138184687,1.9585331211346246,0,0.37704918032786883,2.501302185137847e-05,0.010000000000000009,1,0,0,0,0,required_grid,true,
0.01,0.5,acceleration_limited,1000,1.25,-1,1.1000000000000001,0.0023437500000000003,-0.0025781250000000006,true,true,,,100,100,0,0,0,1.9031482307108063,1.7370079355524057,1.919651008593029,0,0.27868852459016391,2.6286379337464142e-05,0.010000000000000009,1,0,0,0,0,required_grid,true,
0.01,0.5,acceleration_limited,1000,1.25,1,1.1000000000000001,0.0023437500000000003,0.0025781250000000006,true,true,,,100,100,0,0,0,1.9031482307108063,1.7370079355524057,1.919651008593029,0,0.27868852459016391,2.6286379337464142e-05,0.010000000000000009,1,0,0,0,0,required_grid,true,
0.01,0.5,acceleration_limited,1000,1.25,-1,1.2,0.0023437500000000003,-0.0028125000000000003,true,true,,,100,100,0,0,0,1.8320444262327285,1.6373647115570686,1.8486288010005496,0,0.34426229508196721,2.8909897829488666e-05,0.010000000000000009,1,0,0,0,0,required_grid,true,
0.01,0.5,acceleration_limited,1000,1.25,1,1.2,0.0023437500000000003,0.0028125000000000003,true,true,,,100,100,0,0,0,1.8320444262327285,1.6373647115570686,1.8486288010005496,0,0.34426229508196721,2.8909897829488666e-05,0.010000000000000009,1,0,0,0,0,required_grid,true,
0.01,0.5,acceleration_limited,1000,1.25,-1,2,0.0023437500000000003,-0.0046875000000000007,true,true,,,100,100,0,0,0,1.4999999999999558,0.99999999999995859,1.0000006757919586,0.49999915526030309,0,5.0862631512747947e-05,0.010000000000000009,1,0,0,0,0,required_grid,true,
0.01,0.5,acceleration_limited,1000,1.25,1,2,0.0023437500000000003,0.0046875000000000007,true,true,,,100,100,0,0,0,1.4999999999999558,0.99999999999995859,1.0000006757919586,0.49999915526030309,0,5.0862631512747947e-05,0.010000000000000009,1,0,0,0,0,required_grid,true,
0.01,0.5,acceleration_limited,4000,5,-1,0.5,0.0093750000000000014,-0.0046875000000000007,true,true,,,100,100,1,99.999999999999915,1,1.3333333333332764,1.3333333333336315,2.0000000000000364,0,1,4.6875000000000116e-05,0.010000000000000009,1,0,0,0,0,required_grid,true,
0.01,0.5,acceleration_limited,4000,5,1,0.5,0.0093750000000000014,0.0046875000000000007,true,true,,,100,100,1,99.999999999999915,1,1.3333333333332764,1.3333333333336315,2.0000000000000364,0,1,4.6875000000000116e-05,0.010000000000000009,1,0,0,0,0,required_grid,true,
0.01,0.5,acceleration_limited,4000,5,-1,0.80000000000000004,0.0093750000000000014,-0.0075000000000000015,true,true,,,100,100,1,99.999999999999915,1,1.560098283658333,1.5600982836583692,1.5600982836585913,0,1,7.500000000000021e-05,0.010000000000000009,1,0,0,0,0,required_grid,true,
0.01,0.5,acceleration_limited,4000,5,1,0.80000000000000004,0.0093750000000000014,0.0075000000000000015,true,true,,,100,100,1,99.999999999999915,1,1.560098283658333,1.5600982836583692,1.5600982836585913,0,1,7.500000000000021e-05,0.010000000000000009,1,0,0,0,0,required_grid,true,
0.01,0.5,acceleration_limited,4000,5,-1,0.90000000000000002,0.0093750000000000014,-0.0084375000000000023,true,true,,,100,100,1,99.999999999999915,1,1.7006226237931306,1.7006226237931625,1.7006226237933599,0,1,8.4375000000000194e-05,0.010000000000000009,1,0,0,0,0,required_grid,true,
0.01,0.5,acceleration_limited,4000,5,1,0.90000000000000002,0.0093750000000000014,0.0084375000000000023,true,true,,,100,100,1,99.999999999999915,1,1.7006226237931306,1.7006226237931625,1.7006226237933599,0,1,8.4375000000000194e-05,0.010000000000000009,1,0,0,0,0,required_grid,true,
0.01,0.5,acceleration_limited,4000,5,-1,0.94999999999999996,0.0093750000000000014,-0.008906250000000001,true,true,,,100,100,1,99.999999999999915,1,1.809154774926816,1.8091547749268169,1.809154774927155,0,1,8.9062500000000261e-05,0.010000000000000009,1,0,0,0,0,required_grid,true,
0.01,0.5,acceleration_limited,4000,5,1,0.94999999999999996,0.0093750000000000014,0.008906250000000001,true,true,,,100,100,1,99.999999999999915,1,1.809154774926816,1.8091547749268169,1.809154774927155,0,1,8.9062500000000261e-05,0.010000000000000009,1,0,0,0,0,required_grid,true,
0.01,0.5,acceleration_limited,4000,5,-1,0.97999999999999998,0.0093750000000000014,-0.0091875000000000012,true,true,,,100,100,1,99.999999999999915,1,1.9047619047618956,1.9047619047619564,1.9047619047623794,0,1,9.1875000000000336e-05,0.010000000000000009,1,0,0,0,0,required_grid,true,
0.01,0.5,acceleration_limited,4000,5,1,0.97999999999999998,0.0093750000000000014,0.0091875000000000012,true,true,,,100,100,1,99.999999999999915,1,1.9047619047618956,1.9047619047619564,1.9047619047623794,0,1,9.1875000000000336e-05,0.010000000000000009,1,0,0,0,0,required_grid,true,
0.01,0.5,acceleration_limited,4000,5,-1,0.98999999999999999,0.0093750000000000014,-0.0092812500000000013,true,true,,,100,100,1,99.999999999999915,1,1.9472887184984382,1.9472887184985608,1.9472887184989764,0,1,9.2812500000000704e-05,0.010000000000000009,1,0,0,0,0,required_grid,true,
0.01,0.5,acceleration_limited,4000,5,1,0.98999999999999999,0.0093750000000000014,0.0092812500000000013,true,true,,,100,100,1,99.999999999999915,1,1.9472887184984382,1.9472887184985608,1.9472887184989764,0,1,9.2812500000000704e-05,0.010000000000000009,1,0,0,0,0,required_grid,true,
0.01,0.5,acceleration_limited,4000,5,-1,0.995,0.0093750000000000014,-0.0093281250000000013,true,true,,,100,100,1,99.999999999999915,1,1.9720090879176133,1.9720090879176728,1.9720090879180299,0,1,9.328125000000078e-05,0.010000000000000009,1,0,0,0,0,required_grid,true,
0.01,0.5,acceleration_limited,4000,5,1,0.995,0.0093750000000000014,0.0093281250000000013,true,true,,,100,100,1,99.999999999999915,1,1.9720090879176133,1.9720090879176728,1.9720090879180299,0,1,9.328125000000078e-05,0.010000000000000009,1,0,0,0,0,required_grid,true,
0.01,0.5,acceleration_limited,4000,5,-1,1,0.0093750000000000014,-0.0093750000000000014,true,true,,,100,100,1,99.999999999999915,1,1.9999999999999722,2.00000000000002,2.0000000000000759,0,1,9.3749999999999866e-05,0.010000000000000009,1,0,0,0,0,required_grid,true,
0.01,0.5,acceleration_limited,4000,5,1,1,0.0093750000000000014,0.0093750000000000014,true,true,,,100,100,1,99.999999999999915,1,1.9999999999999722,2.00000000000002,2.0000000000000759,0,1,9.3749999999999866e-05,0.010000000000000009,1,0,0,0,0,required_grid,true,
0.01,0.5,acceleration_limited,4000,5,-1,1.0049999999999999,0.0093750000000000014,-0.0094218749999999997,true,true,,,100,100,0,0,0,1.9957286624011619,1.9957286624011616,1.9957286624012209,0,0.80327868852459017,9.4988255944066375e-05,0.010000000000000009,1,0,0,0,0,required_grid,true,
0.01,0.5,acceleration_limited,4000,5,1,1.0049999999999999,0.0093750000000000014,0.0094218749999999997,true,true,,,100,100,0,0,0,1.9957286624011619,1.9957286624011616,1.9957286624012209,0,0.80327868852459017,9.4988255944066375e-05,0.010000000000000009,1,0,0,0,0,required_grid,true,
0.01,0.5,acceleration_limited,4000,5,-1,1.01,0.0093750000000000014,-0.0094687500000000015,true,true,,,100,100,0,0,0,1.9914270815625759,1.9910133629020312,1.9914858607352222,0,0.49180327868852458,9.5934937831320191e-05,0.010000000000000009,1,0,0,0,0,required_grid,true,
0.01,0.5,acceleration_limited,4000,5,1,1.01,0.0093750000000000014,0.0094687500000000015,true,true,,,100,100,0,0,0,1.9914270815625759,1.9910133629020312,1.9914858607352222,0,0.49180327868852458,9.5934937831320191e-05,0.010000000000000009,1,0,0,0,0,required_grid,true,
0.01,0.5,acceleration_limited,4000,5,-1,1.02,0.0093750000000000014,-0.0095625000000000016,true,true,,,100,100,0,0,0,1.9792715412553097,1.9511306900839362,1.9830845813166733,0,0.34426229508196721,9.7035817967074778e-05,0.010000000000000009,1,0,0,0,0,required_grid,true,
0.01,0.5,acceleration_limited,4000,5,1,1.02,0.0093750000000000014,0.0095625000000000016,true,true,,,100,100,0,0,0,1.9792715412553097,1.9511306900839362,1.9830845813166733,0,0.34426229508196721,9.7035817967074778e-05,0.010000000000000009,1,0,0,0,0,required_grid,true,
0.01,0.5,acceleration_limited,4000,5,-1,1.05,0.0093750000000000014,-0.0098437500000000018,true,true,,,100,100,0,0,0,1.9578708238726403,1.9530872138184687,1.9585331211346246,0,0.37704918032786883,0.00010005208740551388,0.010000000000000009,1,0,0,0,0,required_grid,true,
0.01,0.5,acceleration_limited,4000,5,1,1.05,0.0093750000000000014,0.0098437500000000018,true,true,,,100,100,0,0,0,1.9578708238726403,1.9530872138184687,1.9585331211346246,0,0.37704918032786883,0.00010005208740551388,0.010000000000000009,1,0,0,0,0,required_grid,true,
0.01,0.5,acceleration_limited,4000,5,-1,1.1000000000000001,0.0093750000000000014,-0.010312500000000002,true,true,,,100,100,0,0,0,1.9031482307108063,1.7370079355524057,1.919651008593029,0,0.27868852459016391,0.00010514551734985657,0.010000000000000009,1,0,0,0,0,required_grid,true,
0.01,0.5,acceleration_limited,4000,5,1,1.1000000000000001,0.0093750000000000014,0.010312500000000002,true,true,,,100,100,0,0,0,1.9031482307108063,1.7370079355524057,1.919651008593029,0,0.27868852459016391,0.00010514551734985657,0.010000000000000009,1,0,0,0,0,required_grid,true,
0.01,0.5,acceleration_limited,4000,5,-1,1.2,0.0093750000000000014,-0.011250000000000001,true,true,,,100,100,0,0,0,1.8320444262327285,1.6373647115570686,1.8486288010005496,0,0.34426229508196721,0.00011563959131795467,0.010000000000000009,1,0,0,0,0,required_grid,true,
0.01,0.5,acceleration_limited,4000,5,1,1.2,0.0093750000000000014,0.011250000000000001,true,true,,,100,100,0,0,0,1.8320444262327285,1.6373647115570686,1.8486288010005496,0,0.34426229508196721,0.00011563959131795467,0.010000000000000009,1,0,0,0,0,required_grid,true,
0.01,0.5,acceleration_limited,4000,5,-1,2,0.0093750000000000014,-0.018750000000000003,true,true,,,100,100,0,0,0,1.4999999999999558,0.99999999999995859,1.0000006757919586,0.49999915526030309,0,0.00020345052605099179,0.010000000000000009,1,0,0,0,0,required_grid,true,
0.01,0.5,acceleration_limited,4000,5,1,2,0.0093750000000000014,0.018750000000000003,true,true,,,100,100,0,0,0,1.4999999999999558,0.99999999999995859,1.0000006757919586,0.49999915526030309,0,0.00020345052605099179,0.010000000000000009,1,0,0,0,0,required_grid,true,
0.01,0.80000000000000004,acceleration_limited,1000,2,-1,0.5,0.0030000000000000001,-0.0015,true,true,,,100,100,1,99.999999999999915,1,2.0000000000000187,2.0000000000000187,2.0000000000000195,0,1,1.4999999999999989e-05,0.010000000000000009,1,0,0,0,0,required_grid,true,
0.01,0.80000000000000004,acceleration_limited,1000,2,1,0.5,0.0030000000000000001,0.0015,true,true,,,100,100,1,99.999999999999915,1,1.9999999999999341,2.0000000000000231,2.0000000000001128,0,1,1.4999999999999997e-05,0.010000000000000009,1,0,0,0,0,required_grid,true,
0.01,0.80000000000000004,acceleration_limited,1000,2,-1,0.80000000000000004,0.0030000000000000001,-0.0024000000000000002,true,true,,,100,100,1,99.999999999999915,1,1.6666666666666701,1.6666666666666705,2.0000000000001608,0,1,2.4000000000000041e-05,0.010000000000000009,1,0,0,0,0,required_grid,true,
0.01,0.80000000000000004,acceleration_limited,1000,2,1,0.80000000000000004,0.0030000000000000001,0.0024000000000000002,true,true,,,100,100,1,99.999999999999915,1,1.6666666666666701,1.6666666666666705,2.0000000000001608,0,1,2.4000000000000041e-05,0.010000000000000009,1,0,0,0,0,required_grid,true,
0.01,0.80000000000000004,acceleration_limited,1000,2,-1,0.90000000000000002,0.0030000000000000001,-0.0027000000000000001,true,true,,,100,100,1,99.999999999999915,1,1.7917490147524047,1.7917490147524033,1.7917490147524857,0,1,2.6999999999999809e-05,0.010000000000000009,1,0,0,0,0,required_grid,true,
0.01,0.80000000000000004,acceleration_limited,1000,2,1,0.90000000000000002,0.0030000000000000001,0.0027000000000000001,true,true,,,100,100,1,99.999999999999915,1,1.7917490147524047,1.7917490147524033,1.7917490147524857,0,1,2.6999999999999809e-05,0.010000000000000009,1,0,0,0,0,required_grid,true,
0.01,0.80000000000000004,acceleration_limited,1000,2,-1,0.94999999999999996,0.0030000000000000001,-0.0028500000000000001,true,true,,,100,100,1,99.999999999999915,1,1.878683750503656,1.878683750503656,1.8786837505036951,0,1,2.8499999999999968e-05,0.010000000000000009,1,0,0,0,0,required_grid,true,
0.01,0.80000000000000004,acceleration_limited,1000,2,1,0.94999999999999996,0.0030000000000000001,0.0028500000000000001,true,true,,,100,100,1,99.999999999999915,1,1.878683750503656,1.878683750503656,1.8786837505036951,0,1,2.8499999999999968e-05,0.010000000000000009,1,0,0,0,0,required_grid,true,
0.01,0.80000000000000004,acceleration_limited,1000,2,-1,0.97999999999999998,0.0030000000000000001,-0.0029399999999999999,true,true,,,100,100,1,99.999999999999915,1,1.9454588944903826,1.9454588944903828,1.9454588944904205,0,1,2.9399999999999895e-05,0.010000000000000009,1,0,0,0,0,required_grid,true,
0.01,0.80000000000000004,acceleration_limited,1000,2,1,0.97999999999999998,0.0030000000000000001,0.0029399999999999999,true,true,,,100,100,1,99.999999999999915,1,1.9454588944903826,1.9454588944903828,1.9454588944904205,0,1,2.9399999999999895e-05,0.010000000000000009,1,0,0,0,0,required_grid,true,
0.01,0.80000000000000004,acceleration_limited,1000,2,-1,0.98999999999999999,0.0030000000000000001,-0.00297,true,true,,,100,100,1,99.999999999999915,1,1.9714609229115441,1.9714609229115441,1.9714609229116375,0,1,2.9699999999999926e-05,0.010000000000000009,1,0,0,0,0,required_grid,true,
0.01,0.80000000000000004,acceleration_limited,1000,2,1,0.98999999999999999,0.0030000000000000001,0.00297,true,true,,,100,100,1,99.999999999999915,1,1.9714609229115441,1.9714609229115441,1.9714609229116375,0,1,2.9699999999999926e-05,0.010000000000000009,1,0,0,0,0,required_grid,true,
0.01,0.80000000000000004,acceleration_limited,1000,2,-1,0.995,0.0030000000000000001,-0.0029850000000000002,true,true,,,100,100,1,99.999999999999915,1,1.9853788491347311,1.9853788491347306,1.9853788491348792,0,1,2.9849999999999987e-05,0.010000000000000009,1,0,0,0,0,required_grid,true,
0.01,0.80000000000000004,acceleration_limited,1000,2,1,0.995,0.0030000000000000001,0.0029850000000000002,true,true,,,100,100,1,99.999999999999915,1,1.9853788491347311,1.9853788491347306,1.9853788491348792,0,1,2.9849999999999987e-05,0.010000000000000009,1,0,0,0,0,required_grid,true,
0.01,0.80000000000000004,acceleration_limited,1000,2,-1,1,0.0030000000000000001,-0.0030000000000000001,true,true,,,100,100,1,99.999999999999915,1,2.0000000000000036,2.0000000000000036,2.0000000000000759,0,1,2.9999999999999879e-05,0.010000000000000009,1,0,0,0,0,required_grid,true,
0.01,0.80000000000000004,acceleration_limited,1000,2,1,1,0.0030000000000000001,0.0030000000000000001,true,true,,,100,100,1,99.999999999999915,1,2.0000000000000036,2.0000000000000036,2.0000000000000759,0,1,2.9999999999999879e-05,0.010000000000000009,1,0,0,0,0,required_grid,true,
0.01,0.80000000000000004,acceleration_limited,1000,2,-1,1.0049999999999999,0.0030000000000000001,-0.0030149999999999999,true,true,,,100,100,0,0,0,1.9962613859674201,1.9962613859674201,1.9962613859674769,0,1,3.0329091635957158e-05,0.010000000000000009,1,0,0,0,0,required_grid,true,
0.01,0.80000000000000004,acceleration_limited,1000,2,1,1.0049999999999999,0.0030000000000000001,0.0030149999999999999,true,true,,,100,100,0,0,0,1.9962613859674201,1.9962613859674201,1.9962613859674769,0,1,3.0329091635957158e-05,0.010000000000000009,1,0,0,0,0,required_grid,true,
0.01,0.80000000000000004,acceleration_limited,1000,2,-1,1.01,0.0030000000000000001,-0.0030300000000000001,true,true,,,100,100,0,0,0,1.992545385796697,1.992545385796697,1.9925453857967548,0,0.72131147540983609,3.1171452885161376e-05,0.010000000000000009,1,0,0,0,0,required_grid,true,
0.01,0.80000000000000004,acceleration_limited,1000,2,1,1.01,0.0030000000000000001,0.0030300000000000001,true,true,,,100,100,0,0,0,1.992545385796697,1.992545385796697,1.9925453857967548,0,0.72131147540983609,3.1171452885161376e-05,0.010000000000000009,1,0,0,0,0,required_grid,true,
0.01,0.80000000000000004,acceleration_limited,1000,2,-1,1.02,0.0030000000000000001,-0.0030600000000000002,true,true,,,100,100,0,0,0,1.9840044222153612,1.9792407483385814,1.9851802925734139,0,0.45901639344262296,3.1907870645558759e-05,0.010000000000000009,1,0,0,0,0,required_grid,true,
0.01,0.80000000000000004,acceleration_limited,1000,2,1,1.02,0.0030000000000000001,0.0030600000000000002,true,true,,,100,100,0,0,0,1.9840044222153612,1.9792407483385814,1.9851802925734139,0,0.45901639344262296,3.1907870645558759e-05,0.010000000000000009,1,0,0,0,0,required_grid,true,
0.01,0.80000000000000004,acceleration_limited,1000,2,-1,1.05,0.0030000000000000001,-0.00315,true,true,,,100,100,0,0,0,1.947684660483155,1.879018175782516,1.9636040545627544,0,0.39344262295081966,3.2961475830427664e-05,0.010000000000000009,1,0,0,0,0,required_grid,true,
0.01,0.80000000000000004,acceleration_limited,1000,2,1,1.05,0.0030000000000000001,0.00315,true,true,,,100,100,0,0,0,1.947684660483155,1.879018175782516,1.9636040545627544,0,0.39344262295081966,3.2961475830427664e-05,0.010000000000000009,1,0,0,0,0,required_grid,true,
0.01,0.80000000000000004,acceleration_limited,1000,2,-1,1.1000000000000001,0.0030000000000000001,-0.0033000000000000004,true,true,,,100,100,0,0,0,1.9004383128773161,1.7654729944505834,1.9292728076790542,0,0.37704918032786883,3.4620501582509729e-05,0.010000000000000009,1,0,0,0,0,required_grid,true,
0.01,0.80000000000000004,acceleration_limited,1000,2,1,1.1000000000000001,0.0030000000000000001,0.0033000000000000004,true,true,,,100,100,0,0,0,1.9004383128773161,1.7654729944505834,1.9292728076790542,0,0.37704918032786883,3.4620501582509729e-05,0.010000000000000009,1,0,0,0,0,required_grid,true,
0.01,0.80000000000000004,acceleration_limited,1000,2,-1,1.2,0.0030000000000000001,-0.0035999999999999999,true,true,,,100,100,0,0,0,1.8173967542151854,1.536335477089452,1.8660549686337389,0,0.32786885245901637,3.8048422279254972e-05,0.010000000000000009,1,0,0,0,0,required_grid,true,
0.01,0.80000000000000004,acceleration_limited,1000,2,1,1.2,0.0030000000000000001,0.0035999999999999999,true,true,,,100,100,0,0,0,1.8173967542151854,1.536335477089452,1.8660549686337389,0,0.32786885245901637,3.8048422279254972e-05,0.010000000000000009,1,0,0,0,0,required_grid,true,
0.01,0.80000000000000004,acceleration_limited,1000,2,-1,2,0.0030000000000000001,-0.0060000000000000001,true,true,,,100,100,0,0,0,1.5000000022075803,0.9999999779243286,1.0009180044030346,0.49899049837319726,0,6.6582887097393e-05,0.010000000000000009,1,0,0,0,0,required_grid,true,
0.01,0.80000000000000004,acceleration_limited,1000,2,1,2,0.0030000000000000001,0.0060000000000000001,true,true,,,100,100,0,0,0,1.5000000022075803,0.9999999779243286,1.0009180044030346,0.49899049837319726,0,6.6582887097393e-05,0.010000000000000009,1,0,0,0,0,required_grid,true,
0.01,0.80000000000000004,acceleration_limited,4000,8,-1,0.5,0.012,-0.0060000000000000001,true,true,,,100,100,1,99.999999999999915,1,1.4102017337373753,1.410201733737376,2.0000000000000191,0,1,5.9999999999999886e-05,0.010000000000000009,1,0,0,0,0,required_grid,true,
0.01,0.80000000000000004,acceleration_limited,4000,8,1,0.5,0.012,0.0060000000000000001,true,true,,,100,100,1,99.999999999999915,1,1.9999999999998908,1.999999999999994,2.0000000000000981,0,1,5.9999999999999974e-05,0.010000000000000009,1,0,0,0,0,required_grid,true,
0.01,0.80000000000000004,acceleration_limited,4000,8,-1,0.80000000000000004,0.012,-0.0096000000000000009,true,true,,,100,100,1,99.999999999999915,1,1.6666666666666701,1.6666666666666705,2.000000000000032,0,1,9.6000000000000124e-05,0.010000000000000009,1,0,0,0,0,required_grid,true,
0.01,0.80000000000000004,acceleration_limited,4000,8,1,0.80000000000000004,0.012,0.0096000000000000009,true,true,,,100,100,1,99.999999999999915,1,1.6666666666666701,1.6666666666666705,2.000000000000032,0,1,9.6000000000000124e-05,0.010000000000000009,1,0,0,0,0,required_grid,true,
0.01,0.80000000000000004,acceleration_limited,4000,8,-1,0.90000000000000002,0.012,-0.010800000000000001,true,true,,,100,100,1,99.999999999999915,1,1.7917490147524047,1.7917490147524033,1.7917490147524857,0,1,0.00010799999999999924,0.010000000000000009,1,0,0,0,0,required_grid,true,
0.01,0.80000000000000004,acceleration_limited,4000,8,1,0.90000000000000002,0.012,0.010800000000000001,true,true,,,100,100,1,99.999999999999915,1,1.7917490147524047,1.7917490147524033,1.7917490147524857,0,1,0.00010799999999999924,0.010000000000000009,1,0,0,0,0,required_grid,true,
0.01,0.80000000000000004,acceleration_limited,4000,8,-1,0.94999999999999996,0.012,-0.0114,true,true,,,100,100,1,99.999999999999915,1,1.878683750503656,1.878683750503656,1.8786837505036951,0,1,0.00011399999999999987,0.010000000000000009,1,0,0,0,0,required_grid,true,
0.01,0.80000000000000004,acceleration_limited,4000,8,1,0.94999999999999996,0.012,0.0114,true,true,,,100,100,1,99.999999999999915,1,1.878683750503656,1.878683750503656,1.8786837505036951,0,1,0.00011399999999999987,0.010000000000000009,1,0,0,0,0,required_grid,true,
0.01,0.80000000000000004,acceleration_limited,4000,8,-1,0.97999999999999998,0.012,-0.01176,true,true,,,100,100,1,99.999999999999915,1,1.9454588944903826,1.9454588944903828,1.9454588944904205,0,1,0.00011759999999999958,0.010000000000000009,1,0,0,0,0,required_grid,true,
0.01,0.80000000000000004,acceleration_limited,4000,8,1,0.97999999999999998,0.012,0.01176,true,true,,,100,100,1,99.999999999999915,1,1.9454588944903826,1.9454588944903828,1.9454588944904205,0,1,0.00011759999999999958,0.010000000000000009,1,0,0,0,0,required_grid,true,
0.01,0.80000000000000004,acceleration_limited,4000,8,-1,0.98999999999999999,0.012,-0.01188,true,true,,,100,100,1,99.999999999999915,1,1.9714609229115441,1.9714609229115441,1.9714609229116375,0,1,0.0001187999999999997,0.010000000000000009,1,0,0,0,0,required_grid,true,
0.01,0.80000000000000004,acceleration_limited,4000,8,1,0.98999999999999999,0.012,0.01188,true,true,,,100,100,1,99.999999999999915,1,1.9714609229115441,1.9714609229115441,1.9714609229116375,0,1,0.0001187999999999997,0.010000000000000009,1,0,0,0,0,required_grid,true,
0.01,0.80000000000000004,acceleration_limited,4000,8,-1,0.995,0.012,-0.011940000000000001,true,true,,,100,100,1,99.999999999999915,1,1.9853788491347311,1.9853788491347306,1.9853788491348792,0,1,0.00011939999999999995,0.010000000000000009,1,0,0,0,0,required_grid,true,
0.01,0.80000000000000004,acceleration_limited,4000,8,1,0.995,0.012,0.011940000000000001,true,true,,,100,100,1,99.999999999999915,1,1.9853788491347311,1.9853788491347306,1.9853788491348792,0,1,0.00011939999999999995,0.010000000000000009,1,0,0,0,0,required_grid,true,
0.01,0.80000000000000004,acceleration_limited,4000,8,-1,1,0.012,-0.012,true,true,,,100,100,1,99.999999999999915,1,2.0000000000000036,2.0000000000000036,2.0000000000000759,0,1,0.00011999999999999952,0.010000000000000009,1,0,0,0,0,required_grid,true,
0.01,0.80000000000000004,acceleration_limited,4000,8,1,1,0.012,0.012,true,true,,,100,100,1,99.999999999999915,1,2.0000000000000036,2.0000000000000036,2.0000000000000759,0,1,0.00011999999999999952,0.010000000000000009,1,0,0,0,0,required_grid,true,
0.01,0.80000000000000004,acceleration_limited,4000,8,-1,1.0049999999999999,0.012,-0.01206,true,true,,,100,100,0,0,0,1.9962613859674201,1.9962613859674201,1.9962613859674769,0,1,0.00012131636654382863,0.010000000000000009,1,0,0,0,0,required_grid,true,
0.01,0.80000000000000004,acceleration_limited,4000,8,1,1.0049999999999999,0.012,0.01206,true,true,,,100,100,0,0,0,1.9962613859674201,1.9962613859674201,1.9962613859674769,0,1,0.00012131636654382863,0.010000000000000009,1,0,0,0,0,required_grid,true,
0.01,0.80000000000000004,acceleration_limited,4000,8,-1,1.01,0.012,-0.012120000000000001,true,true,,,100,100,0,0,0,1.992545385796697,1.992545385796697,1.9925453857967548,0,0.72131147540983609,0.00012468581154064551,0.010000000000000009,1,0,0,0,0,required_grid,true,
0.01,0.80000000000000004,acceleration_limited,4000,8,1,1.01,0.012,0.012120000000000001,true,true,,,100,100,0,0,0,1.992545385796697,1.992545385796697,1.9925453857967548,0,0.72131147540983609,0.00012468581154064551,0.010000000000000009,1,0,0,0,0,required_grid,true,
0.01,0.80000000000000004,acceleration_limited,4000,8,-1,1.02,0.012,-0.012240000000000001,true,true,,,100,100,0,0,0,1.9840044222153612,1.9792407483385814,1.9851802925734139,0,0.45901639344262296,0.00012763148258223504,0.010000000000000009,1,0,0,0,0,required_grid,true,
0.01,0.80000000000000004,acceleration_limited,4000,8,1,1.02,0.012,0.012240000000000001,true,true,,,100,100,0,0,0,1.9840044222153612,1.9792407483385814,1.9851802925734139,0,0.45901639344262296,0.00012763148258223504,0.010000000000000009,1,0,0,0,0,required_grid,true,
0.01,0.80000000000000004,acceleration_limited,4000,8,-1,1.05,0.012,-0.0126,true,true,,,100,100,0,0,0,1.947684660483155,1.879018175782516,1.9636040545627544,0,0.39344262295081966,0.00013184590332171065,0.010000000000000009,1,0,0,0,0,required_grid,true,
0.01,0.80000000000000004,acceleration_limited,4000,8,1,1.05,0.012,0.0126,true,true,,,100,100,0,0,0,1.947684660483155,1.879018175782516,1.9636040545627544,0,0.39344262295081966,0.00013184590332171065,0.010000000000000009,1,0,0,0,0,required_grid,true,
0.01,0.80000000000000004,acceleration_limited,4000,8,-1,1.1000000000000001,0.012,-0.013200000000000002,true,true,,,100,100,0,0,0,1.9004383128773161,1.7654729944505834,1.9292728076790542,0,0.37704918032786883,0.00013848200633003892,0.010000000000000009,1,0,0,0,0,required_grid,true,
0.01,0.80000000000000004,acceleration_limited,4000,8,1,1.1000000000000001,0.012,0.013200000000000002,true,true,,,100,100,0,0,0,1.9004383128773161,1.7654729944505834,1.9292728076790542,0,0.37704918032786883,0.00013848200633003892,0.010000000000000009,1,0,0,0,0,required_grid,true,
0.01,0.80000000000000004,acceleration_limited,4000,8,-1,1.2,0.012,-0.0144,true,true,,,100,100,0,0,0,1.8173967542151854,1.536335477089452,1.8660549686337389,0,0.32786885245901637,0.00015219368911701989,0.010000000000000009,1,0,0,0,0,required_grid,true,
0.01,0.80000000000000004,acceleration_limited,4000,8,1,1.2,0.012,0.0144,true,true,,,100,100,0,0,0,1.8173967542151854,1.536335477089452,1.8660549686337389,0,0.32786885245901637,0.00015219368911701989,0.010000000000000009,1,0,0,0,0,required_grid,true,
0.01,0.80000000000000004,acceleration_limited,4000,8,-1,2,0.012,-0.024,true,true,,,100,100,0,0,0,1.5000000022075803,0.9999999779243286,1.0009180044030346,0.49899049837319726,0,0.000266331548389572,0.010000000000000009,1,0,0,0,0,required_grid,true,
0.01,0.80000000000000004,acceleration_limited,4000,8,1,2,0.012,0.024,true,true,,,100,100,0,0,0,1.5000000022075803,0.9999999779243286,1.0009180044030346,0.49899049837319726,0,0.000266331548389572,0.010000000000000009,1,0,0,0,0,required_grid,true,
0.01,0.94999999999999996,acceleration_limited,1000,2.375,-1,0.5,0.0031171875000000002,-0.0015585937500000001,true,true,,,100,100,1,99.999999999999915,1,2.0000000000000093,2.0000000000000102,2.0000000000001421,0,1,1.5585937500000012e-05,0.010000000000000009,1,0,0,0,0,required_grid,true,
0.01,0.94999999999999996,acceleration_limited,1000,2.375,1,0.5,0.0031171875000000002,0.0015585937500000001,true,true,,,100,100,1,99.999999999999915,1,1.9999999999999722,2.0000000000000271,2.000000000000103,0,1,1.5585937499999924e-05,0.010000000000000009,1,0,0,0,0,required_grid,true,
0.01,0.94999999999999996,acceleration_limited,1000,2.375,-1,0.80000000000000004,0.0031171875000000002,-0.0024937500000000003,true,true,,,100,100,1,99.999999999999915,1,1.9999999999999596,1.9999999999999931,2.0000000000000906,0,1,2.4937499999999986e-05,0.010000000000000009,1,0,0,0,0,required_grid,true,
0.01,0.94999999999999996,acceleration_limited,1000,2.375,1,0.80000000000000004,0.0031171875000000002,0.0024937500000000003,true,true,,,100,100,1,99.999999999999915,1,1.9999999999999325,2.000000000000004,2.0000000000001097,0,1,2.4937500000000044e-05,0.010000000000000009,1,0,0,0,0,required_grid,true,
0.01,0.94999999999999996,acceleration_limited,1000,2.375,-1,0.90000000000000002,0.0031171875000000002,-0.0028054687500000002,true,true,,,100,100,1,99.999999999999915,1,1.9999999999999833,2.0000000000000036,2.000000000000123,0,1,2.8054687499999953e-05,0.010000000000000009,1,0,0,0,0,required_grid,true,
0.01,0.94999999999999996,acceleration_limited,1000,2.375,1,0.90000000000000002,0.0031171875000000002,0.0028054687500000002,true,true,,,100,100,1,99.999999999999915,1,1.9999999999999203,1.9999999999999942,2.0000000000001128,0,1,2.805468749999999e-05,0.010000000000000009,1,0,0,0,0,required_grid,true,
0.01,0.94999999999999996,acceleration_limited,1000,2.375,-1,0.94999999999999996,0.0031171875000000002,-0.002961328125,true,true,,,100,100,1,99.999999999999915,1,1.9047619047619304,1.9047619047619404,2.0000000000000107,0,1,2.9613281250000044e-05,0.010000000000000009,1,0,0,0,0,required_grid,true,
0.01,0.94999999999999996,acceleration_limited,1000,2.375,1,0.94999999999999996,0.0031171875000000002,0.002961328125,true,true,,,100,100,1,99.999999999999915,1,1.9047619047619304,1.9047619047619404,2.0000000000000107,0,1,2.9613281250000044e-05,0.010000000000000009,1,0,0,0,0,required_grid,true,
0.01,0.94999999999999996,acceleration_limited,1000,2.375,-1,0.97999999999999998,0.0031171875000000002,-0.0030548437500000003,true,true,,,100,100,1,99.999999999999915,1,1.9585522845737755,1.9585522845737757,1.958552284573823,0,1,3.0548437500000013e-05,0.010000000000000009,1,0,0,0,0,required_grid,true,
0.01,0.94999999999999996,acceleration_limited,1000,2.375,1,0.97999999999999998,0.0031171875000000002,0.0030548437500000003,true,true,,,100,100,1,99.999999999999915,1,1.9585522845737755,1.9585522845737757,1.958552284573823,0,1,3.0548437500000013e-05,0.010000000000000009,1,0,0,0,0,required_grid,true,
0.01,0.94999999999999996,acceleration_limited,1000,2.375,-1,0.98999999999999999,0.0031171875000000002,-0.0030860156250000002,true,true,,,100,100,1,99.999999999999915,1,1.9786175433701969,1.9786175433701976,1.9786175433702866,0,1,3.0860156250000134e-05,0.010000000000000009,1,0,0,0,0,required_grid,true,
0.01,0.94999999999999996,acceleration_limited,1000,2.375,1,0.98999999999999999,0.0031171875000000002,0.0030860156250000002,true,true,,,100,100,1,99.999999999999915,1,1.9786175433701969,1.9786175433701976,1.9786175433702866,0,1,3.0860156250000134e-05,0.010000000000000009,1,0,0,0,0,required_grid,true,
0.01,0.94999999999999996,acceleration_limited,1000,2.375,-1,0.995,0.0031171875000000002,-0.0031016015625,true,true,,,100,100,1,99.999999999999915,1,1.9891324254752614,1.9891324254752618,1.9891324254752629,0,1,3.1016015624999994e-05,0.010000000000000009,1,0,0,0,0,required_grid,true,
0.01,0.94999999999999996,acceleration_limited,1000,2.375,1,0.995,0.0031171875000000002,0.0031016015625,true,true,,,100,100,1,99.999999999999915,1,1.9891324254752614,1.9891324254752618,1.9891324254752629,0,1,3.1016015624999994e-05,0.010000000000000009,1,0,0,0,0,required_grid,true,
0.01,0.94999999999999996,acceleration_limited,1000,2.375,-1,1,0.0031171875000000002,-0.0031171875000000002,true,true,,,100,100,1,99.999999999999915,1,2.0000000000000004,2.0000000000000151,2.0000000000000768,0,1,3.1171875000000011e-05,0.010000000000000009,1,0,0,0,0,required_grid,true,
0.01,0.94999999999999996,acceleration_limited,1000,2.375,1,1,0.0031171875000000002,0.0031171875000000002,true,true,,,100,100,1,99.999999999999915,1,2.0000000000000004,2.0000000000000151,2.0000000000000768,0,1,3.1171875000000011e-05,0.010000000000000009,1,0,0,0,0,required_grid,true,
0.01,0.94999999999999996,acceleration_limited,1000,2.375,-1,1.0049999999999999,0.0031171875000000002,-0.0031327734374999999,true,true,,,100,100,0,0,0,1.9965671564280527,1.9965671564280529,1.996567156428086,0,1,3.1466236999736398e-05,0.010000000000000009,1,0,0,0,0,required_grid,true,
0.01,0.94999999999999996,acceleration_limited,1000,2.375,1,1.0049999999999999,0.0031171875000000002,0.0031327734374999999,true,true,,,100,100,0,0,0,1.9965671564280527,1.9965671564280529,1.996567156428086,0,1,3.1466236999736398e-05,0.010000000000000009,1,0,0,0,0,required_grid,true,
0.01,0.94999999999999996,acceleration_limited,1000,2.375,-1,1.01,0.0031171875000000002,-0.0031483593750000001,true,true,,,100,100,0,0,0,1.9931537435792528,1.9931537435792528,1.9931537435792939,0,0.88524590163934425,3.2506972461802812e-05,0.010000000000000009,1,0,0,0,0,required_grid,true,
0.01,0.94999999999999996,acceleration_limited,1000,2.375,1,1.01,0.0031171875000000002,0.0031483593750000001,true,true,,,100,100,0,0,0,1.9931537435792528,1.9931537435792528,1.9931537435792939,0,0.88524590163934425,3.2506972461802812e-05,0.010000000000000009,1,0,0,0,0,required_grid,true,
0.01,0.94999999999999996,acceleration_limited,1000,2.375,-1,1.02,0.0031171875000000002,-0.0031795312500000001,true,true,,,100,100,0,0,0,1.9863844525655874,1.9863844525655869,1.9863844525656467,0,0.52459016393442626,3.3775374371633135e-05,0.010000000000000009,1,0,0,0,0,required_grid,true,
0.01,0.94999999999999996,acceleration_limited,1000,2.375,1,1.02,0.0031171875000000002,0.0031795312500000001,true,true,,,100,100,0,0,0,1.9863844525655874,1.9863844525655869,1.9863844525656467,0,0.52459016393442626,3.3775374371633135e-05,0.010000000000000009,1,0,0,0,0,required_grid,true,
0.01,0.94999999999999996,acceleration_limited,1000,2.375,-1,1.05,0.0031171875000000002,-0.0032730468750000003,true,true,,,100,100,0,0,0,1.9562476200686341,1.9218960312450375,1.966523687559008,0,0.34426229508196721,3.5116949255100841e-05,0.010000000000000009,1,0,0,0,0,required_grid,true,
0.01,0.94999999999999996,acceleration_limited,1000,2.375,1,1.05,0.0031171875000000002,0.0032730468750000003,true,true,,,100,100,0,0,0,1.9562476200686341,1.9218960312450375,1.966523687559008,0,0.34426229508196721,3.5116949255100841e-05,0.010000000000000009,1,0,0,0,0,required_grid,true,
0.01,0.94999999999999996,acceleration_limited,1000,2.375,-1,1.1000000000000001,0.0031171875000000002,-0.0034289062500000005,true,true,,,100,100,0,0,0,1.903221441351405,1.7900831922126477,1.9348304656786788,0,0.37704918032786883,3.6844091583036051e-05,0.010000000000000009,1,0,0,0,0,required_grid,true,
0.01,0.94999999999999996,acceleration_limited,1000,2.375,1,1.1000000000000001,0.0031171875000000002,0.0034289062500000005,true,true,,,100,100,0,0,0,1.903221441351405,1.7900831922126477,1.9348304656786788,0,0.37704918032786883,3.6844091583036051e-05,0.010000000000000009,1,0,0,0,0,required_grid,true,
0.01,0.94999999999999996,acceleration_limited,1000,2.375,-1,1.2,0.0031171875000000002,-0.003740625,true,true,,,100,100,0,0,0,1.8366190848829889,1.684262342614784,1.8761789809215359,0,0.24590163934426229,4.0376976444705183e-05,0.010000000000000009,1,0,0,0,0,required_grid,true,
0.01,0.94999999999999996,acceleration_limited,1000,2.375,1,1.2,0.0031171875000000002,0.003740625,true,true,,,100,100,0,0,0,1.8366190848829889,1.684262342614784,1.8761789809215359,0,0.24590163934426229,4.0376976444705183e-05,0.010000000000000009,1,0,0,0,0,required_grid,true,
0.01,0.94999999999999996,acceleration_limited,1000,2.375,-1,2,0.0031171875000000002,-0.0062343750000000003,true,true,,,100,100,0,0,0,1.5841005795210157,1.5511589987058299,1.5724785492380493,0,0.32786885245901637,7.1867260247560151e-05,0.010000000000000009,1,0,0,0,0,required_grid,true,
0.01,0.94999999999999996,acceleration_limited,1000,2.375,1,2,0.0031171875000000002,0.0062343750000000003,true,true,,,100,100,0,0,0,1.5841005795210157,1.5511589987058299,1.5724785492380493,0,0.32786885245901637,7.1867260247560151e-05,0.010000000000000009,1,0,0,0,0,required_grid,true,
0.01,0.94999999999999996,acceleration_limited,4000,9.5,-1,0.5,0.012468750000000001,-0.0062343750000000003,true,true,,,100,100,1,99.999999999999915,1,1.4245220007259867,1.4245220007262376,2.0000000000001421,0,1,6.2343750000000103e-05,0.010000000000000009,1,0,0,0,0,required_grid,true,
0.01,0.94999999999999996,acceleration_limited,4000,9.5,1,0.5,0.012468750000000001,0.0062343750000000003,true,true,,,100,100,1,99.999999999999915,1,1.9999999999999722,2.000000000000028,2.0000000000001164,0,1,6.2343749999999981e-05,0.010000000000000009,1,0,0,0,0,required_grid,true,
0.01,0.94999999999999996,acceleration_limited,4000,9.5,-1,0.80000000000000004,0.012468750000000001,-0.0099750000000000012,true,true,,,100,100,1,99.999999999999915,1,1.7001340536782239,1.7001340536782252,2.0000000000000653,0,1,9.9750000000000026e-05,0.010000000000000009,1,0,0,0,0,required_grid,true,
0.01,0.94999999999999996,acceleration_limited,4000,9.5,1,0.80000000000000004,0.012468750000000001,0.0099750000000000012,true,true,,,100,100,1,99.999999999999915,1,1.7001340536782232,1.7001340536782232,2.0000000000000924,0,1,9.9750000000000053e-05,0.010000000000000009,1,0,0,0,0,required_grid,true,
0.01,0.94999999999999996,acceleration_limited,4000,9.5,-1,0.90000000000000002,0.012468750000000001,-0.011221875000000001,true,true,,,100,100,1,99.999999999999915,1,1.8278017881831523,1.8278017881832793,2.0000000000000782,0,1,0.00011221874999999972,0.010000000000000009,1,0,0,0,0,required_grid,true,
0.01,0.94999999999999996,acceleration_limited,4000,9.5,1,0.90000000000000002,0.012468750000000001,0.011221875000000001,true,true,,,100,100,1,99.999999999999915,1,1.8278017881831516,1.827801788183459,2.0000000000000089,0,1,0.00011221874999999976,0.010000000000000009,1,0,0,0,0,required_grid,true,
0.01,0.94999999999999996,acceleration_limited,4000,9.5,-1,0.94999999999999996,0.012468750000000001,-0.0118453125,true,true,,,100,100,1,99.999999999999915,1,1.9047619047619304,1.9047619047619402,1.9047619047621274,0,1,0.00011845312499999987,0.010000000000000009,1,0,0,0,0,required_grid,true,
0.01,0.94999999999999996,acceleration_limited,4000,9.5,1,0.94999999999999996,0.012468750000000001,0.0118453125,true,true,,,100,100,1,99.999999999999915,1,1.9047619047619304,1.9047619047619402,1.9047619047621274,0,1,0.00011845312499999987,0.010000000000000009,1,0,0,0,0,required_grid,true,
0.01,0.94999999999999996,acceleration_limited,4000,9.5,-1,0.97999999999999998,0.012468750000000001,-0.012219375000000001,true,true,,,100,100,1,99.999999999999915,1,1.9585522845737755,1.9585522845737757,1.958552284573823,0,1,0.00012219375000000005,0.010000000000000009,1,0,0,0,0,required_grid,true,
0.01,0.94999999999999996,acceleration_limited,4000,9.5,1,0.97999999999999998,0.012468750000000001,0.012219375000000001,true,true,,,100,100,1,99.999999999999915,1,1.9585522845737755,1.9585522845737757,1.958552284573823,0,1,0.00012219375000000005,0.010000000000000009,1,0,0,0,0,required_grid,true,
0.01,0.94999999999999996,acceleration_limited,4000,9.5,-1,0.98999999999999999,0.012468750000000001,-0.012344062500000001,true,true,,,100,100,1,99.999999999999915,1,1.9786175433701969,1.9786175433701976,1.9786175433702866,0,1,0.00012344062500000054,0.010000000000000009,1,0,0,0,0,required_grid,true,
0.01,0.94999999999999996,acceleration_limited,4000,9.5,1,0.98999999999999999,0.012468750000000001,0.012344062500000001,true,true,,,100,100,1,99.999999999999915,1,1.9786175433701969,1.9786175433701976,1.9786175433702866,0,1,0.00012344062500000054,0.010000000000000009,1,0,0,0,0,required_grid,true,
0.01,0.94999999999999996,acceleration_limited,4000,9.5,-1,0.995,0.012468750000000001,-0.01240640625,true,true,,,100,100,1,99.999999999999915,1,1.9891324254752614,1.9891324254752618,1.9891324254752629,0,1,0.00012406406249999998,0.010000000000000009,1,0,0,0,0,required_grid,true,
0.01,0.94999999999999996,acceleration_limited,4000,9.5,1,0.995,0.012468750000000001,0.01240640625,true,true,,,100,100,1,99.999999999999915,1,1.9891324254752614,1.9891324254752618,1.9891324254752629,0,1,0.00012406406249999998,0.010000000000000009,1,0,0,0,0,required_grid,true,
0.01,0.94999999999999996,acceleration_limited,4000,9.5,-1,1,0.012468750000000001,-0.012468750000000001,true,true,,,100,100,1,99.999999999999915,1,2.0000000000000004,2.0000000000000151,2.0000000000000768,0,1,0.00012468750000000004,0.010000000000000009,1,0,0,0,0,required_grid,true,
0.01,0.94999999999999996,acceleration_limited,4000,9.5,1,1,0.012468750000000001,0.012468750000000001,true,true,,,100,100,1,99.999999999999915,1,2.0000000000000004,2.0000000000000151,2.0000000000000768,0,1,0.00012468750000000004,0.010000000000000009,1,0,0,0,0,required_grid,true,
0.01,0.94999999999999996,acceleration_limited,4000,9.5,-1,1.0049999999999999,0.012468750000000001,-0.01253109375,true,true,,,100,100,0,0,0,1.9965671564280527,1.9965671564280529,1.996567156428086,0,1,0.00012586494799894559,0.010000000000000009,1,0,0,0,0,required_grid,true,
0.01,0.94999999999999996,acceleration_limited,4000,9.5,1,1.0049999999999999,0.012468750000000001,0.01253109375,true,true,,,100,100,0,0,0,1.9965671564280527,1.9965671564280529,1.996567156428086,0,1,0.00012586494799894559,0.010000000000000009,1,0,0,0,0,required_grid,true,
0.01,0.94999999999999996,acceleration_limited,4000,9.5,-1,1.01,0.012468750000000001,-0.0125934375,true,true,,,100,100,0,0,0,1.9931537435792528,1.9931537435792528,1.9931537435792939,0,0.88524590163934425,0.00013002788984721125,0.010000000000000009,1,0,0,0,0,required_grid,true,
0.01,0.94999999999999996,acceleration_limited,4000,9.5,1,1.01,0.012468750000000001,0.0125934375,true,true,,,100,100,0,0,0,1.9931537435792528,1.9931537435792528,1.9931537435792939,0,0.88524590163934425,0.00013002788984721125,0.010000000000000009,1,0,0,0,0,required_grid,true,
0.01,0.94999999999999996,acceleration_limited,4000,9.5,-1,1.02,0.012468750000000001,-0.012718125,true,true,,,100,100,0,0,0,1.9863844525655874,1.9863844525655869,1.9863844525656467,0,0.52459016393442626,0.00013510149748653254,0.010000000000000009,1,0,0,0,0,required_grid,true,
0.01,0.94999999999999996,acceleration_limited,4000,9.5,1,1.02,0.012468750000000001,0.012718125,true,true,,,100,100,0,0,0,1.9863844525655874,1.9863844525655869,1.9863844525656467,0,0.52459016393442626,0.00013510149748653254,0.010000000000000009,1,0,0,0,0,required_grid,true,
0.01,0.94999999999999996,acceleration_limited,4000,9.5,-1,1.05,0.012468750000000001,-0.013092187500000001,true,true,,,100,100,0,0,0,1.9562476200686341,1.9218960312450375,1.966523687559008,0,0.34426229508196721,0.00014046779702040337,0.010000000000000009,1,0,0,0,0,required_grid,true,
0.01,0.94999999999999996,acceleration_limited,4000,9.5,1,1.05,0.012468750000000001,0.013092187500000001,true,true,,,100,100,0,0,0,1.9562476200686341,1.9218960312450375,1.966523687559008,0,0.34426229508196721,0.00014046779702040337,0.010000000000000009,1,0,0,0,0,required_grid,true,
0.01,0.94999999999999996,acceleration_limited,4000,9.5,-1,1.1000000000000001,0.012468750000000001,-0.013715625000000002,true,true,,,100,100,0,0,0,1.903221441351405,1.7900831922126477,1.9348304656786788,0,0.37704918032786883,0.0001473763663321442,0.010000000000000009,1,0,0,0,0,required_grid,true,
0.01,0.94999999999999996,acceleration_limited,4000,9.5,1,1.1000000000000001,0.012468750000000001,0.013715625000000002,true,true,,,100,100,0,0,0,1.903221441351405,1.7900831922126477,1.9348304656786788,0,0.37704918032786883,0.0001473763663321442,0.010000000000000009,1,0,0,0,0,required_grid,true,
0.01,0.94999999999999996,acceleration_limited,4000,9.5,-1,1.2,0.012468750000000001,-0.0149625,true,true,,,100,100,0,0,0,1.8366190848829889,1.684262342614784,1.8761789809215359,0,0.24590163934426229,0.00016150790577882073,0.010000000000000009,1,0,0,0,0,required_grid,true,
0.01,0.94999999999999996,acceleration_limited,4000,9.5,1,1.2,0.012468750000000001,0.0149625,true,true,,,100,100,0,0,0,1.8366190848829889,1.684262342614784,1.8761789809215359,0,0.24590163934426229,0.00016150790577882073,0.010000000000000009,1,0,0,0,0,required_grid,true,
0.01,0.94999999999999996,acceleration_limited,4000,9.5,-1,2,0.012468750000000001,-0.024937500000000001,true,true,,,100,100,0,0,0,1.5841005795210157,1.5511589987058299,1.5724785492380493,0,0.32786885245901637,0.0002874690409902406,0.010000000000000009,1,0,0,0,0,required_grid,true,
0.01,0.94999999999999996,acceleration_limited,4000,9.5,1,2,0.012468750000000001,0.024937500000000001,true,true,,,100,100,0,0,0,1.5841005795210157,1.5511589987058299,1.5724785492380493,0,0.32786885245901637,0.0002874690409902406,0.010000000000000009,1,0,0,0,0,required_grid,true,
0.01,1,jerk_limited,1000,2.5,-1,0.5,0.0031250000000000002,-0.0015625000000000001,true,true,,,100,100,1,99.999999999999915,1,1.9999999999998912,2.0000000000000169,2.0000000000005551,0,1,1.5624999999999956e-05,0.010000000000000009,1,0,0,0,0,required_grid,true,
0.01,1,jerk_limited,1000,2.5,1,0.5,0.0031250000000000002,0.0015625000000000001,true,true,,,100,100,1,99.999999999999915,1,1.9999999999999851,2.000000000000032,2.0000000000001075,0,1,1.5625000000000004e-05,0.010000000000000009,1,0,0,0,0,required_grid,true,
0.01,1,jerk_limited,1000,2.5,-1,0.80000000000000004,0.0031250000000000002,-0.0025000000000000005,true,true,,,100,100,1,99.999999999999915,1,1.9999999999999385,2.0000000000000138,2.0000000000002087,0,1,2.4999999999999964e-05,0.010000000000000009,1,0,0,0,0,required_grid,true,
0.01,1,jerk_limited,1000,2.5,1,0.80000000000000004,0.0031250000000000002,0.0025000000000000005,true,true,,,100,100,1,99.999999999999915,1,1.9999999999999347,2.0000000000000084,2.0000000000000964,0,1,2.4999999999999974e-05,0.010000000000000009,1,0,0,0,0,required_grid,true,
0.01,1,jerk_limited,1000,2.5,-1,0.90000000000000002,0.0031250000000000002,-0.0028125000000000003,true,true,,,100,100,1,99.999999999999915,1,1.9999999999998999,2.0000000000000195,2.000000000000087,0,1,2.8124999999999989e-05,0.010000000000000009,1,0,0,0,0,required_grid,true,
0.01,1,jerk_limited,1000,2.5,1,0.90000000000000002,0.0031250000000000002,0.0028125000000000003,true,true,,,100,100,1,99.999999999999915,1,1.9999999999999982,2.0000000000000293,2.0000000000001177,0,1,2.8125000000000155e-05,0.010000000000000009,1,0,0,0,0,required_grid,true,
0.01,1,jerk_limited,1000,2.5,-1,0.94999999999999996,0.0031250000000000002,-0.00296875,true,true,,,100,100,1,99.999999999999915,1,1.9999999999999531,2.0000000000000293,2.0000000000002447,0,1,2.9687500000000115e-05,0.010000000000000009,1,0,0,0,0,required_grid,true,
0.01,1,jerk_limited,1000,2.5,1,0.94999999999999996,0.0031250000000000002,0.00296875,true,true,,,100,100,1,99.999999999999915,1,1.999999999999899,2.0000000000000093,2.0000000000001057,0,1,2.9687500000000013e-05,0.010000000000000009,1,0,0,0,0,required_grid,true,
0.01,1,jerk_limited,1000,2.5,-1,0.97999999999999998,0.0031250000000000002,-0.0030625000000000001,true,true,,,100,100,1,99.999999999999915,1,1.9999999999999627,2.000000000000008,2.0000000000001741,0,1,3.0625000000000053e-05,0.010000000000000009,1,0,0,0,0,required_grid,true,
0.01,1,jerk_limited,1000,2.5,1,0.97999999999999998,0.0031250000000000002,0.0030625000000000001,true,true,,,100,100,1,99.999999999999915,1,1.9999999999999301,2.0000000000000067,2.0000000000001106,0,1,3.0625000000000067e-05,0.010000000000000009,1,0,0,0,0,required_grid,true,
0.01,1,jerk_limited,1000,2.5,-1,0.98999999999999999,0.0031250000000000002,-0.0030937500000000001,true,true,,,100,100,1,99.999999999999915,1,1.9999999999999121,2.0000000000000018,2.000000000000179,0,1,3.0937499999999986e-05,0.010000000000000009,1,0,0,0,0,required_grid,true,
0.01,1,jerk_limited,1000,2.5,1,0.98999999999999999,0.0031250000000000002,0.0030937500000000001,true,true,,,100,100,1,99.999999999999915,1,1.9999999999999245,1.9999999999999987,2.0000000000001008,0,1,3.0937499999999905e-05,0.010000000000000009,1,0,0,0,0,required_grid,true,
0.01,1,jerk_limited,1000,2.5,-1,0.995,0.0031250000000000002,-0.0031093750000000002,true,true,,,100,100,1,99.999999999999915,1,1.9999999999999771,2.0000000000000138,2.0000000000000675,0,1,3.1093750000000068e-05,0.010000000000000009,1,0,0,0,0,required_grid,true,
0.01,1,jerk_limited,1000,2.5,1,0.995,0.0031250000000000002,0.0031093750000000002,true,true,,,100,100,1,99.999999999999915,1,1.9999999999999807,2.0000000000000089,2.0000000000001399,0,1,3.1093749999999953e-05,0.010000000000000009,1,0,0,0,0,required_grid,true,
0.01,1,jerk_limited,1000,2.5,-1,1,0.0031250000000000002,-0.0031250000000000002,true,false,follower,InvariantViolationError: ordinary Ruckig unshielded method failure: ruckig_exception (not_run),5,100,,,,,,,,,,,,,,,,exact_boundary_seam_diagnostic,false,ValueError: evaluation window 'main_evaluation' has no samples
0.01,1,jerk_limited,1000,2.5,1,1,0.0031250000000000002,0.0031250000000000002,true,false,follower,InvariantViolationError: ordinary Ruckig unshielded method failure: ruckig_exception (not_run),5,100,,,,,,,,,,,,,,,,exact_boundary_seam_diagnostic,false,ValueError: evaluation window 'main_evaluation' has no samples
0.01,1,jerk_limited,1000,2.5,-1,1.0049999999999999,0.0031250000000000002,-0.0031406249999999998,true,true,,,100,100,0,0,0,1.996675896193612,1.996675896193612,1.9966758961936502,0,1,3.1531963021715297e-05,0.010000000000000009,1,0,0,0,0,required_grid,true,
0.01,1,jerk_limited,1000,2.5,1,1.0049999999999999,0.0031250000000000002,0.0031406249999999998,true,true,,,100,100,0,0,0,1.996675896193612,1.996675896193612,1.9966758961936502,0,1,3.1531963021715297e-05,0.010000000000000009,1,0,0,0,0,required_grid,true,
0.01,1,jerk_limited,1000,2.5,-1,1.01,0.0031250000000000002,-0.0031562500000000002,true,true,,,100,100,0,0,0,1.9933701333305673,1.9933701333305673,1.9933701333306064,0,0.98360655737704916,3.2557834491170399e-05,0.010000000000000009,1,0,0,0,0,required_grid,true,
0.01,1,jerk_limited,1000,2.5,1,1.01,0.0031250000000000002,0.0031562500000000002,true,true,,,100,100,0,0,0,1.9933701333305673,1.9933701333305673,1.9933701333306064,0,0.98360655737704916,3.2557834491170399e-05,0.010000000000000009,1,0,0,0,0,required_grid,true,
0.01,1,jerk_limited,1000,2.5,-1,1.02,0.0031250000000000002,-0.0031875000000000002,true,true,,,100,100,0,0,0,1.9868129314551901,1.9868129314551899,1.9868129314552343,0,0.5901639344262295,3.4042709429687586e-05,0.010000000000000009,1,0,0,0,0,required_grid,true,
0.01,1,jerk_limited,1000,2.5,1,1.02,0.0031250000000000002,0.0031875000000000002,true,true,,,100,100,0,0,0,1.9868129314551901,1.9868129314551899,1.9868129314552343,0,0.5901639344262295,3.4042709429687586e-05,0.010000000000000009,1,0,0,0,0,required_grid,true,
0.01,1,jerk_limited,1000,2.5,-1,1.05,0.0031250000000000002,-0.0032812500000000003,true,true,,,100,100,0,0,0,1.957538437484809,1.9263432624958183,1.9675637555725787,0,0.39344262295081966,3.5447764152621952e-05,0.010000000000000009,1,0,0,0,0,required_grid,true,
0.01,1,jerk_limited,1000,2.5,1,1.05,0.0031250000000000002,0.0032812500000000003,true,true,,,100,100,0,0,0,1.957538437484809,1.9263432624958183,1.9675637555725787,0,0.39344262295081966,3.5447764152621952e-05,0.010000000000000009,1,0,0,0,0,required_grid,true,
0.01,1,jerk_limited,1000,2.5,-1,1.1000000000000001,0.0031250000000000002,-0.0034375000000000005,true,true,,,100,100,0,0,0,1.9251456118066255,1.8879316342043855,1.9368137895452107,0,0.4098360655737705,3.7053631115012727e-05,0.010000000000000009,1,0,0,0,0,required_grid,true,
0.01,1,jerk_limited,1000,2.5,1,1.1000000000000001,0.0031250000000000002,0.0034375000000000005,true,true,,,100,100,0,0,0,1.9251456118066255,1.8879316342043855,1.9368137895452107,0,0.4098360655737705,3.7053631115012727e-05,0.010000000000000009,1,0,0,0,0,required_grid,true,
0.01,1,jerk_limited,1000,2.5,-1,1.2,0.0031250000000000002,-0.0037499999999999999,true,true,,,100,100,0,0,0,1.8532594121718251,1.7622965480344708,1.87980343268331,0,0.39344262295081966,4.0501571944736171e-05,0.010000000000000009,1,0,0,0,0,required_grid,true,
0.01,1,jerk_limited,1000,2.5,1,1.2,0.0031250000000000002,0.0037499999999999999,true,true,,,100,100,0,0,0,1.8532594121718251,1.7622965480344708,1.87980343268331,0,0.39344262295081966,4.0501571944736171e-05,0.010000000000000009,1,0,0,0,0,required_grid,true,
0.01,1,jerk_limited,1000,2.5,-1,2,0.0031250000000000002,-0.0062500000000000003,true,true,,,100,100,0,0,0,1.5615528128088212,1.561552812808811,1.6345267487194353,0,0.36065573770491804,7.1836443643462741e-05,0.010000000000000009,1,0,0,0,0,required_grid,true,
0.01,1,jerk_limited,1000,2.5,1,2,0.0031250000000000002,0.0062500000000000003,true,true,,,100,100,0,0,0,1.5615528128088212,1.561552812808811,1.6345267487194353,0,0.36065573770491804,7.1836443643462741e-05,0.010000000000000009,1,0,0,0,0,required_grid,true,
0.01,1,jerk_limited,4000,10,-1,0.5,0.012500000000000001,-0.0062500000000000003,true,true,,,100,100,1,99.999999999999915,1,1.4254845247653969,1.4254845247653969,2.0000000000005547,0,1,6.2499999999999798e-05,0.010000000000000009,1,0,0,0,0,required_grid,true,
0.01,1,jerk_limited,4000,10,1,0.5,0.012500000000000001,0.0062500000000000003,true,true,,,100,100,1,99.999999999999915,1,1.9999999999999429,2.0000000000000329,2.0000000000001075,0,1,6.2500000000000042e-05,0.010000000000000009,1,0,0,0,0,required_grid,true,
0.01,1,jerk_limited,4000,10,-1,0.80000000000000004,0.012500000000000001,-0.010000000000000002,true,true,,,100,100,1,99.999999999999915,1,1.7024335825561792,1.702433582556244,2.0000000000002087,0,1,9.9999999999999788e-05,0.010000000000000009,1,0,0,0,0,required_grid,true,
0.01,1,jerk_limited,4000,10,1,0.80000000000000004,0.012500000000000001,0.010000000000000002,true,true,,,100,100,1,99.999999999999915,1,1.9999999999999196,2.0000000000000173,2.0000000000000973,0,1,0.00010000000000000003,0.010000000000000009,1,0,0,0,0,required_grid,true,
0.01,1,jerk_limited,4000,10,-1,0.90000000000000002,0.012500000000000001,-0.011250000000000001,true,true,,,100,100,1,99.999999999999915,1,1.8310464800501147,1.8310464800501309,2.0000000000000866,0,1,0.00011249999999999975,0.010000000000000009,1,0,0,0,0,required_grid,true,
0.01,1,jerk_limited,4000,10,1,0.90000000000000002,0.012500000000000001,0.011250000000000001,true,true,,,100,100,1,99.999999999999915,1,1.9999999999999407,2.0000000000000138,2.0000000000001186,0,1,0.00011250000000000058,0.010000000000000009,1,0,0,0,0,required_grid,true,
0.01,1,jerk_limited,4000,10,-1,0.94999999999999996,0.012500000000000001,-0.011875,true,true,,,100,100,1,99.999999999999915,1,1.9087204308181309,1.9087204308181311,2.0000000000001865,0,1,0.00011875000000000077,0.010000000000000009,1,0,0,0,0,required_grid,true,
0.01,1,jerk_limited,4000,10,1,0.94999999999999996,0.012500000000000001,0.011875,true,true,,,100,100,1,99.999999999999915,1,1.9087204308181309,1.9087204308181311,2.000000000000091,0,1,0.00011875000000000062,0.010000000000000009,1,0,0,0,0,required_grid,true,
0.01,1,jerk_limited,4000,10,-1,0.97999999999999998,0.012500000000000001,-0.01225,true,true,,,100,100,1,99.999999999999915,1,1.9615102407550684,1.96151024075507,2.0000000000001741,0,1,0.00012250000000000024,0.010000000000000009,1,0,0,0,0,required_grid,true,
0.01,1,jerk_limited,4000,10,1,0.97999999999999998,0.012500000000000001,0.01225,true,true,,,100,100,1,99.999999999999915,1,1.9615102407550691,1.9615102407550704,2.0000000000001106,0,1,0.0001225000000000004,0.010000000000000009,1,0,0,0,0,required_grid,true,
0.01,1,jerk_limited,4000,10,-1,0.98999999999999999,0.012500000000000001,-0.012375000000000001,true,true,,,100,100,1,99.999999999999915,1,1.9803884044367406,1.9803884044368287,1.9803884044370978,0,1,0.00012375000000000003,0.010000000000000009,1,0,0,0,0,required_grid,true,
0.01,1,jerk_limited,4000,10,1,0.98999999999999999,0.012500000000000001,0.012375000000000001,true,true,,,100,100,1,99.999999999999915,1,1.980388404436783,1.9803884044368287,1.9803884044370978,0,1,0.00012375000000000005,0.010000000000000009,1,0,0,0,0,required_grid,true,
0.01,1,jerk_limited,4000,10,-1,0.995,0.012500000000000001,-0.012437500000000001,true,true,,,100,100,1,99.999999999999915,1,1.990098525753931,1.990098525753931,1.990098525754288,0,1,0.00012437499999999997,0.010000000000000009,1,0,0,0,0,required_grid,true,
0.01,1,jerk_limited,4000,10,1,0.995,0.012500000000000001,0.012437500000000001,true,true,,,100,100,1,99.999999999999915,1,1.9900985257539312,1.9900985257539312,2.0000000000000018,0,1,0.000124375,0.010000000000000009,1,0,0,0,0,required_grid,true,
0.01,1,jerk_limited,4000,10,-1,1,0.012500000000000001,-0.012500000000000001,true,false,follower,InvariantViolationError: ordinary Ruckig unshielded method failure: ruckig_exception (not_run),5,100,,,,,,,,,,,,,,,,exact_boundary_seam_diagnostic,false,ValueError: evaluation window 'main_evaluation' has no samples
0.01,1,jerk_limited,4000,10,1,1,0.012500000000000001,0.012500000000000001,true,false,follower,InvariantViolationError: ordinary Ruckig unshielded method failure: ruckig_exception (not_run),5,100,,,,,,,,,,,,,,,,exact_boundary_seam_diagnostic,false,ValueError: evaluation window 'main_evaluation' has no samples
0.01,1,jerk_limited,4000,10,-1,1.0049999999999999,0.012500000000000001,-0.012562499999999999,true,true,,,100,100,0,0,0,1.996675896193612,1.996675896193612,1.9966758961936502,0,1,0.00012612785208686119,0.010000000000000009,1,0,0,0,0,required_grid,true,
0.01,1,jerk_limited,4000,10,1,1.0049999999999999,0.012500000000000001,0.012562499999999999,true,true,,,100,100,0,0,0,1.996675896193612,1.996675896193612,1.9966758961936502,0,1,0.00012612785208686119,0.010000000000000009,1,0,0,0,0,required_grid,true,
0.01,1,jerk_limited,4000,10,-1,1.01,0.012500000000000001,-0.012625000000000001,true,true,,,100,100,0,0,0,1.9933701333305673,1.9933701333305673,1.9933701333306064,0,0.98360655737704916,0.0001302313379646816,0.010000000000000009,1,0,0,0,0,required_grid,true,
0.01,1,jerk_limited,4000,10,1,1.01,0.012500000000000001,0.012625000000000001,true,true,,,100,100,0,0,0,1.9933701333305673,1.9933701333305673,1.9933701333306064,0,0.98360655737704916,0.0001302313379646816,0.010000000000000009,1,0,0,0,0,required_grid,true,
0.01,1,jerk_limited,4000,10,-1,1.02,0.012500000000000001,-0.012750000000000001,true,true,,,100,100,0,0,0,1.9868129314551901,1.9868129314551899,1.9868129314552343,0,0.5901639344262295,0.00013617083771875034,0.010000000000000009,1,0,0,0,0,required_grid,true,
0.01,1,jerk_limited,4000,10,1,1.02,0.012500000000000001,0.012750000000000001,true,true,,,100,100,0,0,0,1.9868129314551901,1.9868129314551899,1.9868129314552343,0,0.5901639344262295,0.00013617083771875034,0.010000000000000009,1,0,0,0,0,required_grid,true,
0.01,1,jerk_limited,4000,10,-1,1.05,0.012500000000000001,-0.013125000000000001,true,true,,,100,100,0,0,0,1.957538437484809,1.9263432624958183,1.9675637555725787,0,0.39344262295081966,0.00014179105661048781,0.010000000000000009,1,0,0,0,0,required_grid,true,
0.01,1,jerk_limited,4000,10,1,1.05,0.012500000000000001,0.013125000000000001,true,true,,,100,100,0,0,0,1.957538437484809,1.9263432624958183,1.9675637555725787,0,0.39344262295081966,0.00014179105661048781,0.010000000000000009,1,0,0,0,0,required_grid,true,
0.01,1,jerk_limited,4000,10,-1,1.1000000000000001,0.012500000000000001,-0.013750000000000002,true,true,,,100,100,0,0,0,1.9251456118066255,1.8879316342043855,1.9368137895452107,0,0.4098360655737705,0.00014821452446005091,0.010000000000000009,1,0,0,0,0,required_grid,true,
0.01,1,jerk_limited,4000,10,1,1.1000000000000001,0.012500000000000001,0.013750000000000002,true,true,,,100,100,0,0,0,1.9251456118066255,1.8879316342043855,1.9368137895452107,0,0.4098360655737705,0.00014821452446005091,0.010000000000000009,1,0,0,0,0,required_grid,true,
0.01,1,jerk_limited,4000,10,-1,1.2,0.012500000000000001,-0.014999999999999999,true,true,,,100,100,0,0,0,1.8532594121718251,1.7622965480344708,1.87980343268331,0,0.39344262295081966,0.00016200628777894468,0.010000000000000009,1,0,0,0,0,required_grid,true,
0.01,1,jerk_limited,4000,10,1,1.2,0.012500000000000001,0.014999999999999999,true,true,,,100,100,0,0,0,1.8532594121718251,1.7622965480344708,1.87980343268331,0,0.39344262295081966,0.00016200628777894468,0.010000000000000009,1,0,0,0,0,required_grid,true,
0.01,1,jerk_limited,4000,10,-1,2,0.012500000000000001,-0.025000000000000001,true,true,,,100,100,0,0,0,1.5615528128088212,1.561552812808811,1.6345267487194353,0,0.36065573770491804,0.00028734577457385096,0.010000000000000009,1,0,0,0,0,required_grid,true,
0.01,1,jerk_limited,4000,10,1,2,0.012500000000000001,0.025000000000000001,true,true,,,100,100,0,0,0,1.5615528128088212,1.561552812808811,1.6345267487194353,0,0.36065573770491804,0.00028734577457385096,0.010000000000000009,1,0,0,0,0,required_grid,true,
0.01,1.05,jerk_limited,1000,2.625,-1,0.5,0.0031250000000000002,-0.0015625000000000001,true,true,,,100,100,1,99.999999999999915,1,1.9999999999998912,2.0000000000000169,2.0000000000005551,0,1,1.562499999999997e-05,0.010000000000000009,1,0,0,0,0,required_grid,true,
0.01,1.05,jerk_limited,1000,2.625,1,0.5,0.0031250000000000002,0.0015625000000000001,true,true,,,100,100,1,99.999999999999915,1,1.9999999999999851,2.000000000000032,2.0000000000001075,0,1,1.5625000000000004e-05,0.010000000000000009,1,0,0,0,0,required_grid,true,
0.01,1.05,jerk_limited,1000,2.625,-1,0.80000000000000004,0.0031250000000000002,-0.0025000000000000005,true,true,,,100,100,1,99.999999999999915,1,1.9999999999999385,2.0000000000000133,2.0000000000002087,0,1,2.4999999999999988e-05,0.010000000000000009,1,0,0,0,0,required_grid,true,
0.01,1.05,jerk_limited,1000,2.625,1,0.80000000000000004,0.0031250000000000002,0.0025000000000000005,true,true,,,100,100,1,99.999999999999915,1,1.9999999999999347,2.0000000000000169,2.0000000000000973,0,1,2.4999999999999977e-05,0.010000000000000009,1,0,0,0,0,required_grid,true,
0.01,1.05,jerk_limited,1000,2.625,-1,0.90000000000000002,0.0031250000000000002,-0.0028125000000000003,true,true,,,100,100,1,99.999999999999915,1,1.9999999999998992,1.9999999999999936,2.0000000000000933,0,1,2.8124999999999986e-05,0.010000000000000009,1,0,0,0,0,required_grid,true,
0.01,1.05,jerk_limited,1000,2.625,1,0.90000000000000002,0.0031250000000000002,0.0028125000000000003,true,true,,,100,100,1,99.999999999999915,1,1.9999999999999982,2.0000000000000293,2.0000000000001177,0,1,2.8125000000000155e-05,0.010000000000000009,1,0,0,0,0,required_grid,true,
0.01,1.05,jerk_limited,1000,2.625,-1,0.94999999999999996,0.0031250000000000002,-0.00296875,true,true,,,100,100,1,99.999999999999915,1,1.9999999999999531,2.0000000000000449,2.000000000000187,0,1,2.9687500000000119e-05,0.010000000000000009,1,0,0,0,0,required_grid,true,
0.01,1.05,jerk_limited,1000,2.625,1,0.94999999999999996,0.0031250000000000002,0.00296875,true,true,,,100,100,1,99.999999999999915,1,1.999999999999899,1.9999999999999951,2.0000000000001052,0,1,2.9687500000000064e-05,0.010000000000000009,1,0,0,0,0,required_grid,true,
0.01,1.05,jerk_limited,1000,2.625,-1,0.97999999999999998,0.0031250000000000002,-0.0030625000000000001,true,true,,,100,100,1,99.999999999999915,1,1.9999999999999627,2.0000000000000075,2.0000000000001741,0,1,3.062500000000004e-05,0.010000000000000009,1,0,0,0,0,required_grid,true,
0.01,1.05,jerk_limited,1000,2.625,1,0.97999999999999998,0.0031250000000000002,0.0030625000000000001,true,true,,,100,100,1,99.999999999999915,1,1.9999999999999323,2.0000000000000067,2.0000000000001106,0,1,3.062500000000006e-05,0.010000000000000009,1,0,0,0,0,required_grid,true,
0.01,1.05,jerk_limited,1000,2.625,-1,0.98999999999999999,0.0031250000000000002,-0.0030937500000000001,true,true,,,100,100,1,99.999999999999915,1,1.9999999999999121,2.0000000000000018,2.000000000000179,0,1,3.0937499999999932e-05,0.010000000000000009,1,0,0,0,0,required_grid,true,
0.01,1.05,jerk_limited,1000,2.625,1,0.98999999999999999,0.0031250000000000002,0.0030937500000000001,true,true,,,100,100,1,99.999999999999915,1,1.9999999999999132,1.9999999999999991,2.0000000000001017,0,1,3.0937499999999986e-05,0.010000000000000009,1,0,0,0,0,required_grid,true,
0.01,1.05,jerk_limited,1000,2.625,-1,0.995,0.0031250000000000002,-0.0031093750000000002,true,true,,,100,100,1,99.999999999999915,1,1.9999999999999771,2.0000000000000147,2.0000000000000675,0,1,3.1093750000000122e-05,0.010000000000000009,1,0,0,0,0,required_grid,true,
0.01,1.05,jerk_limited,1000,2.625,1,0.995,0.0031250000000000002,0.0031093750000000002,true,true,,,100,100,1,99.999999999999915,1,1.9999999999999807,2.0000000000000089,2.0000000000001399,0,1,3.1093749999999953e-05,0.010000000000000009,1,0,0,0,0,required_grid,true,
0.01,1.05,jerk_limited,1000,2.625,-1,1,0.0031250000000000002,-0.0031250000000000002,true,true,,,100,100,1,99.999999999999915,1,2.0000000000000022,2.0000000000000324,2.0000000000001084,0,1,3.1249999999999987e-05,0.010000000000000009,1,0,0,0,0,required_grid,true,
0.01,1.05,jerk_limited,1000,2.625,1,1,0.0031250000000000002,0.0031250000000000002,true,true,,,100,100,1,99.999999999999915,1,2.0000000000000022,2.0000000000000324,2.0000000000001084,0,1,3.1249999999999987e-05,0.010000000000000009,1,0,0,0,0,required_grid,true,
0.01,1.05,jerk_limited,1000,2.625,-1,1.0049999999999999,0.0031250000000000002,-0.0031406249999999998,true,true,,,100,100,0,0,0,1.9966777347471707,1.9966777347471703,1.996677734747234,0,1,3.1531753880463339e-05,0.010000000000000009,1,0,0,0,0,required_grid,true,
0.01,1.05,jerk_limited,1000,2.625,1,1.0049999999999999,0.0031250000000000002,0.0031406249999999998,true,true,,,100,100,0,0,0,1.9966777347471707,1.9966777347471703,1.996677734747234,0,1,3.1531753880463339e-05,0.010000000000000009,1,0,0,0,0,required_grid,true,
0.01,1.05,jerk_limited,1000,2.625,-1,1.01,0.0031250000000000002,-0.0031562500000000002,true,true,,,100,100,0,0,0,1.9933774349546824,1.9933774349546833,1.9933774349547444,0,0.98360655737704916,3.2556848547371011e-05,0.010000000000000009,1,0,0,0,0,required_grid,true,
0.01,1.05,jerk_limited,1000,2.625,1,1.01,0.0031250000000000002,0.0031562500000000002,true,true,,,100,100,0,0,0,1.9933774349546824,1.9933774349546833,1.9933774349547444,0,0.98360655737704916,3.2556848547371011e-05,0.010000000000000009,1,0,0,0,0,required_grid,true,
0.01,1.05,jerk_limited,1000,2.625,-1,1.02,0.0031250000000000002,-0.0031875000000000002,true,true,,,100,100,0,0,0,1.9868417243179164,1.9868417243179166,1.9868417243179797,0,0.75409836065573765,3.3991001064048122e-05,0.010000000000000009,1,0,0,0,0,required_grid,true,
0.01,1.05,jerk_limited,1000,2.625,1,1.02,0.0031250000000000002,0.0031875000000000002,true,true,,,100,100,0,0,0,1.9868417243179164,1.9868417243179166,1.9868417243179797,0,0.75409836065573765,3.3991001064048122e-05,0.010000000000000009,1,0,0,0,0,required_grid,true,
0.01,1.05,jerk_limited,1000,2.625,-1,1.05,0.0031250000000000002,-0.0032812500000000003,true,true,,,100,100,0,0,0,1.9677362936123615,1.9677362936123608,1.9677362936124416,0,0.60655737704918034,3.5299563584223407e-05,0.010000000000000009,1,0,0,0,0,required_grid,true,
0.01,1.05,jerk_limited,1000,2.625,1,1.05,0.0031250000000000002,0.0032812500000000003,true,true,,,100,100,0,0,0,1.9677362936123615,1.9677362936123608,1.9677362936124416,0,0.60655737704918034,3.5299563584223407e-05,0.010000000000000009,1,0,0,0,0,required_grid,true,
0.01,1.05,jerk_limited,1000,2.625,-1,1.1000000000000001,0.0031250000000000002,-0.0034375000000000005,true,true,,,100,100,0,0,0,1.9374586123028914,1.9374586123028925,1.9374586123029793,0,0.63934426229508201,3.6804468302583122e-05,0.010000000000000009,1,0,0,0,0,required_grid,true,
0.01,1.05,jerk_limited,1000,2.625,1,1.1000000000000001,0.0031250000000000002,0.0034375000000000005,true,true,,,100,100,0,0,0,1.9374586123028914,1.9374586123028925,1.9374586123029793,0,0.63934426229508201,3.6804468302583122e-05,0.010000000000000009,1,0,0,0,0,required_grid,true,
0.01,1.05,jerk_limited,1000,2.625,-1,1.2,0.0031250000000000002,-0.0037499999999999999,true,true,,,100,100,0,0,0,1.8819823261068573,1.8819823261068576,1.8819823261069255,0,0.62295081967213117,4.0199696733415474e-05,0.010000000000000009,1,0,0,0,0,required_grid,true,
0.01,1.05,jerk_limited,1000,2.625,1,1.2,0.0031250000000000002,0.0037499999999999999,true,true,,,100,100,0,0,0,1.8819823261068573,1.8819823261068576,1.8819823261069255,0,0.62295081967213117,4.0199696733415474e-05,0.010000000000000009,1,0,0,0,0,required_grid,true,
0.01,1.05,jerk_limited,1000,2.625,-1,2,0.0031250000000000002,-0.0062500000000000003,true,true,,,100,100,0,0,0,1.5709838614064002,1.5709838614064002,1.6876844171880712,0,0.34426229508196721,7.1679880984713121e-05,0.010000000000000009,1,0,0,0,0,required_grid,true,
0.01,1.05,jerk_limited,1000,2.625,1,2,0.0031250000000000002,0.0062500000000000003,true,true,,,100,100,0,0,0,1.5709838614064002,1.5709838614064002,1.6876844171880712,0,0.34426229508196721,7.1679880984713121e-05,0.010000000000000009,1,0,0,0,0,required_grid,true,
0.01,1.05,jerk_limited,4000,10.5,-1,0.5,0.012500000000000001,-0.0062500000000000003,true,true,,,100,100,1,99.999999999999915,1,1.4254845247653969,1.4254845247653969,2.0000000000005547,0,1,6.2499999999999784e-05,0.010000000000000009,1,0,0,0,0,required_grid,true,
0.01,1.05,jerk_limited,4000,10.5,1,0.5,0.012500000000000001,0.0062500000000000003,true,true,,,100,100,1,99.999999999999915,1,1.9999999999999429,2.0000000000000329,2.0000000000001075,0,1,6.2500000000000028e-05,0.010000000000000009,1,0,0,0,0,required_grid,true,
0.01,1.05,jerk_limited,4000,10.5,-1,0.80000000000000004,0.012500000000000001,-0.010000000000000002,true,true,,,100,100,1,99.999999999999915,1,1.7024335825561798,1.7024335825563095,2.0000000000002087,0,1,9.9999999999999978e-05,0.010000000000000009,1,0,0,0,0,required_grid,true,
0.01,1.05,jerk_limited,4000,10.5,1,0.80000000000000004,0.012500000000000001,0.010000000000000002,true,true,,,100,100,1,99.999999999999915,1,1.9999999999999187,2.0000000000000173,2.0000000000000964,0,1,0.00010000000000000005,0.010000000000000009,1,0,0,0,0,required_grid,true,
0.01,1.05,jerk_limited,4000,10.5,-1,0.90000000000000002,0.012500000000000001,-0.011250000000000001,true,true,,,100,100,1,99.999999999999915,1,1.8310464800500985,1.8310464800501156,2.000000000000087,0,1,0.00011250000000000005,0.010000000000000009,1,0,0,0,0,required_grid,true,
0.01,1.05,jerk_limited,4000,10.5,1,0.90000000000000002,0.012500000000000001,0.011250000000000001,true,true,,,100,100,1,99.999999999999915,1,1.9999999999999403,2.0000000000000142,2.0000000000001177,0,1,0.00011250000000000062,0.010000000000000009,1,0,0,0,0,required_grid,true,
0.01,1.05,jerk_limited,4000,10.5,-1,0.94999999999999996,0.012500000000000001,-0.011875,true,true,,,100,100,1,99.999999999999915,1,1.9087204308181309,1.9087204308181311,2.0000000000001865,0,1,0.00011875000000000073,0.010000000000000009,1,0,0,0,0,required_grid,true,
0.01,1.05,jerk_limited,4000,10.5,1,0.94999999999999996,0.012500000000000001,0.011875,true,true,,,100,100,1,99.999999999999915,1,1.9087204308181314,1.9087204308181311,2.000000000000091,0,1,0.00011875000000000057,0.010000000000000009,1,0,0,0,0,required_grid,true,
0.01,1.05,jerk_limited,4000,10.5,-1,0.97999999999999998,0.012500000000000001,-0.01225,true,true,,,100,100,1,99.999999999999915,1,1.9615102407550684,1.9615102407550702,2.0000000000001741,0,1,0.00012250000000000038,0.010000000000000009,1,0,0,0,0,required_grid,true,
0.01,1.05,jerk_limited,4000,10.5,1,0.97999999999999998,0.012500000000000001,0.01225,true,true,,,100,100,1,99.999999999999915,1,1.9615102407550697,1.9615102407550702,2.0000000000001106,0,1,0.00012250000000000038,0.010000000000000009,1,0,0,0,0,required_grid,true,
0.01,1.05,jerk_limited,4000,10.5,-1,0.98999999999999999,0.012500000000000001,-0.012375000000000001,true,true,,,100,100,1,99.999999999999915,1,1.9803884044367406,1.980388404436829,2.000000000000012,0,1,0.00012374999999999997,0.010000000000000009,1,0,0,0,0,required_grid,true,
0.01,1.05,jerk_limited,4000,10.5,1,0.98999999999999999,0.012500000000000001,0.012375000000000001,true,true,,,100,100,1,99.999999999999915,1,1.9803884044367832,1.9803884044368287,2.0000000000000266,0,1,0.00012374999999999997,0.010000000000000009,1,0,0,0,0,required_grid,true,
0.01,1.05,jerk_limited,4000,10.5,-1,0.995,0.012500000000000001,-0.012437500000000001,true,true,,,100,100,1,99.999999999999915,1,1.990098525753931,1.990098525753931,2.0000000000000222,0,1,0.000124375,0.010000000000000009,1,0,0,0,0,required_grid,true,
0.01,1.05,jerk_limited,4000,10.5,1,0.995,0.012500000000000001,0.012437500000000001,true,true,,,100,100,1,99.999999999999915,1,1.990098525753931,1.990098525753931,1.9999999999999944,0,1,0.00012437499999999997,0.010000000000000009,1,0,0,0,0,required_grid,true,
0.01,1.05,jerk_limited,4000,10.5,-1,1,0.012500000000000001,-0.012500000000000001,true,true,,,100,100,1,99.999999999999915,1,2.0000000000000022,2.0000000000000324,2.0000000000001084,0,1,0.00012499999999999995,0.010000000000000009,1,0,0,0,0,required_grid,true,
0.01,1.05,jerk_limited,4000,10.5,1,1,0.012500000000000001,0.012500000000000001,true,true,,,100,100,1,99.999999999999915,1,2.0000000000000022,2.0000000000000324,2.0000000000001084,0,1,0.00012499999999999995,0.010000000000000009,1,0,0,0,0,required_grid,true,
0.01,1.05,jerk_limited,4000,10.5,-1,1.0049999999999999,0.012500000000000001,-0.012562499999999999,true,true,,,100,100,0,0,0,1.9966777347471707,1.9966777347471703,1.996677734747234,0,1,0.00012612701552185335,0.010000000000000009,1,0,0,0,0,required_grid,true,
0.01,1.05,jerk_limited,4000,10.5,1,1.0049999999999999,0.012500000000000001,0.012562499999999999,true,true,,,100,100,0,0,0,1.9966777347471707,1.9966777347471703,1.996677734747234,0,1,0.00012612701552185335,0.010000000000000009,1,0,0,0,0,required_grid,true,
0.01,1.05,jerk_limited,4000,10.5,-1,1.01,0.012500000000000001,-0.012625000000000001,true,true,,,100,100,0,0,0,1.9933774349546824,1.9933774349546833,1.9933774349547444,0,0.98360655737704916,0.00013022739418948404,0.010000000000000009,1,0,0,0,0,required_grid,true,
0.01,1.05,jerk_limited,4000,10.5,1,1.01,0.012500000000000001,0.012625000000000001,true,true,,,100,100,0,0,0,1.9933774349546824,1.9933774349546833,1.9933774349547444,0,0.98360655737704916,0.00013022739418948404,0.010000000000000009,1,0,0,0,0,required_grid,true,
0.01,1.05,jerk_limited,4000,10.5,-1,1.02,0.012500000000000001,-0.012750000000000001,true,true,,,100,100,0,0,0,1.9868417243179164,1.9868417243179166,1.9868417243179797,0,0.75409836065573765,0.00013596400425619249,0.010000000000000009,1,0,0,0,0,required_grid,true,
0.01,1.05,jerk_limited,4000,10.5,1,1.02,0.012500000000000001,0.012750000000000001,true,true,,,100,100,0,0,0,1.9868417243179164,1.9868417243179166,1.9868417243179797,0,0.75409836065573765,0.00013596400425619249,0.010000000000000009,1,0,0,0,0,required_grid,true,
0.01,1.05,jerk_limited,4000,10.5,-1,1.05,0.012500000000000001,-0.013125000000000001,true,true,,,100,100,0,0,0,1.9677362936123615,1.9677362936123608,1.9677362936124416,0,0.60655737704918034,0.00014119825433689363,0.010000000000000009,1,0,0,0,0,required_grid,true,
0.01,1.05,jerk_limited,4000,10.5,1,1.05,0.012500000000000001,0.013125000000000001,true,true,,,100,100,0,0,0,1.9677362936123615,1.9677362936123608,1.9677362936124416,0,0.60655737704918034,0.00014119825433689363,0.010000000000000009,1,0,0,0,0,required_grid,true,
0.01,1.05,jerk_limited,4000,10.5,-1,1.1000000000000001,0.012500000000000001,-0.013750000000000002,true,true,,,100,100,0,0,0,1.9374586123028914,1.9374586123028925,1.9374586123029793,0,0.63934426229508201,0.00014721787321033249,0.010000000000000009,1,0,0,0,0,required_grid,true,
0.01,1.05,jerk_limited,4000,10.5,1,1.1000000000000001,0.012500000000000001,0.013750000000000002,true,true,,,100,100,0,0,0,1.9374586123028914,1.9374586123028925,1.9374586123029793,0,0.63934426229508201,0.00014721787321033249,0.010000000000000009,1,0,0,0,0,required_grid,true,
0.01,1.05,jerk_limited,4000,10.5,-1,1.2,0.012500000000000001,-0.014999999999999999,true,true,,,100,100,0,0,0,1.8819823261068573,1.8819823261068576,1.8819823261069255,0,0.62295081967213117,0.0001607987869336619,0.010000000000000009,1,0,0,0,0,required_grid,true,
0.01,1.05,jerk_limited,4000,10.5,1,1.2,0.012500000000000001,0.014999999999999999,true,true,,,100,100,0,0,0,1.8819823261068573,1.8819823261068576,1.8819823261069255,0,0.62295081967213117,0.0001607987869336619,0.010000000000000009,1,0,0,0,0,required_grid,true,
0.01,1.05,jerk_limited,4000,10.5,-1,2,0.012500000000000001,-0.025000000000000001,true,true,,,100,100,0,0,0,1.5709838614064002,1.5709838614064002,1.6876844171880712,0,0.34426229508196721,0.00028671952393885249,0.010000000000000009,1,0,0,0,0,required_grid,true,
0.01,1.05,jerk_limited,4000,10.5,1,2,0.012500000000000001,0.025000000000000001,true,true,,,100,100,0,0,0,1.5709838614064002,1.5709838614064002,1.6876844171880712,0,0.34426229508196721,0.00028671952393885249,0.010000000000000009,1,0,0,0,0,required_grid,true,
0.01,1.25,jerk_limited,1000,3.125,-1,0.5,0.0031250000000000002,-0.0015625000000000001,true,true,,,100,100,1,99.999999999999915,1,1.9999999999998912,2.0000000000000169,2.0000000000005551,0,1,1.5624999999999963e-05,0.010000000000000009,1,0,0,0,0,required_grid,true,
0.01,1.25,jerk_limited,1000,3.125,1,0.5,0.0031250000000000002,0.0015625000000000001,true,true,,,100,100,1,99.999999999999915,1,1.9999999999999851,2.000000000000032,2.0000000000001075,0,1,1.5625000000000004e-05,0.010000000000000009,1,0,0,0,0,required_grid,true,
0.01,1.25,jerk_limited,1000,3.125,-1,0.80000000000000004,0.0031250000000000002,-0.0025000000000000005,true,true,,,100,100,1,99.999999999999915,1,1.7024335825563099,1.7024335825566226,2.0000000000002087,0,1,2.4999999999999971e-05,0.010000000000000009,1,0,0,0,0,required_grid,true,
0.01,1.25,jerk_limited,1000,3.125,1,0.80000000000000004,0.0031250000000000002,0.0025000000000000005,true,true,,,100,100,1,99.999999999999915,1,1.9999999999999347,2.0000000000000169,2.0000000000000973,0,1,2.4999999999999977e-05,0.010000000000000009,1,0,0,0,0,required_grid,true,
0.01,1.25,jerk_limited,1000,3.125,-1,0.90000000000000002,0.0031250000000000002,-0.0028125000000000003,true,true,,,100,100,1,99.999999999999915,1,1.9999999999998992,1.9999999999999936,2.0000000000000933,0,1,2.8124999999999992e-05,0.010000000000000009,1,0,0,0,0,required_grid,true,
0.01,1.25,jerk_limited,1000,3.125,1,0.90000000000000002,0.0031250000000000002,0.0028125000000000003,true,true,,,100,100,1,99.999999999999915,1,1.9999999999999982,2.0000000000000298,2.0000000000001186,0,1,2.8125000000000155e-05,0.010000000000000009,1,0,0,0,0,required_grid,true,
0.01,1.25,jerk_limited,1000,3.125,-1,0.94999999999999996,0.0031250000000000002,-0.00296875,true,true,,,100,100,1,99.999999999999915,1,1.9999999999999531,2.0000000000000293,2.0000000000002456,0,1,2.9687500000000146e-05,0.010000000000000009,1,0,0,0,0,required_grid,true,
0.01,1.25,jerk_limited,1000,3.125,1,0.94999999999999996,0.0031250000000000002,0.00296875,true,true,,,100,100,1,99.999999999999915,1,1.999999999999899,2.0000000000000027,2.0000000000001057,0,1,2.9687499999999969e-05,0.010000000000000009,1,0,0,0,0,required_grid,true,
0.01,1.25,jerk_limited,1000,3.125,-1,0.97999999999999998,0.0031250000000000002,-0.0030625000000000001,true,true,,,100,100,1,99.999999999999915,1,1.9999999999999627,2.000000000000008,2.0000000000001741,0,1,3.0625000000000074e-05,0.010000000000000009,1,0,0,0,0,required_grid,true,
0.01,1.25,jerk_limited,1000,3.125,1,0.97999999999999998,0.0031250000000000002,0.0030625000000000001,true,true,,,100,100,1,99.999999999999915,1,1.9999999999999323,2.0000000000000067,2.0000000000001106,0,1,3.0625000000000053e-05,0.010000000000000009,1,0,0,0,0,required_grid,true,
0.01,1.25,jerk_limited,1000,3.125,-1,0.98999999999999999,0.0031250000000000002,-0.0030937500000000001,true,true,,,100,100,1,99.999999999999915,1,1.9999999999999121,2.0000000000000013,2.0000000000001541,0,1,3.0937499999999973e-05,0.010000000000000009,1,0,0,0,0,required_grid,true,
0.01,1.25,jerk_limited,1000,3.125,1,0.98999999999999999,0.0031250000000000002,0.0030937500000000001,true,true,,,100,100,1,99.999999999999915,1,1.9999999999999252,1.9999999999999987,2.0000000000001017,0,1,3.0937499999999905e-05,0.010000000000000009,1,0,0,0,0,required_grid,true,
0.01,1.25,jerk_limited,1000,3.125,-1,0.995,0.0031250000000000002,-0.0031093750000000002,true,true,,,100,100,1,99.999999999999915,1,1.9999999999999771,2.0000000000000138,2.0000000000000675,0,1,3.1093750000000088e-05,0.010000000000000009,1,0,0,0,0,required_grid,true,
0.01,1.25,jerk_limited,1000,3.125,1,0.995,0.0031250000000000002,0.0031093750000000002,true,true,,,100,100,1,99.999999999999915,1,1.9999999999999807,2.0000000000000089,2.0000000000001399,0,1,3.1093749999999953e-05,0.010000000000000009,1,0,0,0,0,required_grid,true,
0.01,1.25,jerk_limited,1000,3.125,-1,1,0.0031250000000000002,-0.0031250000000000002,true,true,,,100,100,1,99.999999999999915,1,2.0000000000000022,2.0000000000000324,2.0000000000001084,0,1,3.1249999999999987e-05,0.010000000000000009,1,0,0,0,0,required_grid,true,
0.01,1.25,jerk_limited,1000,3.125,1,1,0.0031250000000000002,0.0031250000000000002,true,true,,,100,100,1,99.999999999999915,1,2.0000000000000022,2.0000000000000324,2.0000000000001084,0,1,3.1249999999999987e-05,0.010000000000000009,1,0,0,0,0,required_grid,true,
0.01,1.25,jerk_limited,1000,3.125,-1,1.0049999999999999,0.0031250000000000002,-0.0031406249999999998,true,true,,,100,100,0,0,0,1.9966777347471707,1.9966777347471703,1.996677734747234,0,1,3.1531753880463339e-05,0.010000000000000009,1,0,0,0,0,required_grid,true,
0.01,1.25,jerk_limited,1000,3.125,1,1.0049999999999999,0.0031250000000000002,0.0031406249999999998,true,true,,,100,100,0,0,0,1.9966777347471707,1.9966777347471703,1.996677734747234,0,1,3.1531753880463339e-05,0.010000000000000009,1,0,0,0,0,required_grid,true,
0.01,1.25,jerk_limited,1000,3.125,-1,1.01,0.0031250000000000002,-0.0031562500000000002,true,true,,,100,100,0,0,0,1.9933774349546824,1.9933774349546833,1.9933774349547444,0,0.98360655737704916,3.2556848547371011e-05,0.010000000000000009,1,0,0,0,0,required_grid,true,
0.01,1.25,jerk_limited,1000,3.125,1,1.01,0.0031250000000000002,0.0031562500000000002,true,true,,,100,100,0,0,0,1.9933774349546824,1.9933774349546833,1.9933774349547444,0,0.98360655737704916,3.2556848547371011e-05,0.010000000000000009,1,0,0,0,0,required_grid,true,
0.01,1.25,jerk_limited,1000,3.125,-1,1.02,0.0031250000000000002,-0.0031875000000000002,true,true,,,100,100,0,0,0,1.9868417243179164,1.9868417243179166,1.9868417243179797,0,0.75409836065573765,3.3991001064048122e-05,0.010000000000000009,1,0,0,0,0,required_grid,true,
0.01,1.25,jerk_limited,1000,3.125,1,1.02,0.0031250000000000002,0.0031875000000000002,true,true,,,100,100,0,0,0,1.9868417243179164,1.9868417243179166,1.9868417243179797,0,0.75409836065573765,3.3991001064048122e-05,0.010000000000000009,1,0,0,0,0,required_grid,true,
0.01,1.25,jerk_limited,1000,3.125,-1,1.05,0.0031250000000000002,-0.0032812500000000003,true,true,,,100,100,0,0,0,1.9677362936123615,1.9677362936123608,1.9677362936124416,0,0.60655737704918034,3.5299563584223407e-05,0.010000000000000009,1,0,0,0,0,required_grid,true,
0.01,1.25,jerk_limited,1000,3.125,1,1.05,0.0031250000000000002,0.0032812500000000003,true,true,,,100,100,0,0,0,1.9677362936123615,1.9677362936123608,1.9677362936124416,0,0.60655737704918034,3.5299563584223407e-05,0.010000000000000009,1,0,0,0,0,required_grid,true,
0.01,1.25,jerk_limited,1000,3.125,-1,1.1000000000000001,0.0031250000000000002,-0.0034375000000000005,true,true,,,100,100,0,0,0,1.9374586123028914,1.9374586123028925,1.9374586123029793,0,0.63934426229508201,3.6804468302583122e-05,0.010000000000000009,1,0,0,0,0,required_grid,true,
0.01,1.25,jerk_limited,1000,3.125,1,1.1000000000000001,0.0031250000000000002,0.0034375000000000005,true,true,,,100,100,0,0,0,1.9374586123028914,1.9374586123028925,1.9374586123029793,0,0.63934426229508201,3.6804468302583122e-05,0.010000000000000009,1,0,0,0,0,required_grid,true,
0.01,1.25,jerk_limited,1000,3.125,-1,1.2,0.0031250000000000002,-0.0037499999999999999,true,true,,,100,100,0,0,0,1.8820720577620289,1.8820720577620274,1.8820720577621104,0,0.57377049180327866,4.0369818346156403e-05,0.010000000000000009,1,0,0,0,0,required_grid,true,
0.01,1.25,jerk_limited,1000,3.125,1,1.2,0.0031250000000000002,0.0037499999999999999,true,true,,,100,100,0,0,0,1.8820720577620289,1.8820720577620274,1.8820720577621104,0,0.57377049180327866,4.0369818346156403e-05,0.010000000000000009,1,0,0,0,0,required_grid,true,
0.01,1.25,jerk_limited,1000,3.125,-1,2,0.0031250000000000002,-0.0062500000000000003,true,true,,,100,100,0,0,0,1.5873680702046511,1.5873680702046193,1.7527312018522729,0,0.42622950819672129,7.1027939959860485e-05,0.010000000000000009,1,0,0,0,0,required_grid,true,
0.01,1.25,jerk_limited,1000,3.125,1,2,0.0031250000000000002,0.0062500000000000003,true,true,,,100,100,0,0,0,1.5873680702046511,1.5873680702046193,1.7527312018522729,0,0.42622950819672129,7.1027939959860485e-05,0.010000000000000009,1,0,0,0,0,required_grid,true,
0.01,1.25,jerk_limited,4000,12.5,-1,0.5,0.012500000000000001,-0.0062500000000000003,true,true,,,100,100,1,99.999999999999915,1,1.4254845247655401,1.4254845247655397,2.0000000000005547,0,1,6.2499999999999866e-05,0.010000000000000009,1,0,0,0,0,required_grid,true,
0.01,1.25,jerk_limited,4000,12.5,1,0.5,0.012500000000000001,0.0062500000000000003,true,true,,,100,100,1,99.999999999999915,1,1.9999999999999301,2.0000000000000324,2.0000000000001084,0,1,6.2499999999999961e-05,0.010000000000000009,1,0,0,0,0,required_grid,true,
0.01,1.25,jerk_limited,4000,12.5,-1,0.80000000000000004,0.012500000000000001,-0.010000000000000002,true,true,,,100,100,1,99.999999999999915,1,1.7024335825561792,1.7024335825561816,2.000000000000111,0,1,9.9999999999999747e-05,0.010000000000000009,1,0,0,0,0,required_grid,true,
0.01,1.25,jerk_limited,4000,12.5,1,0.80000000000000004,0.012500000000000001,0.010000000000000002,true,true,,,100,100,1,99.999999999999915,1,1.9999999999999196,2.0000000000000169,2.0000000000000973,0,1,9.9999999999999991e-05,0.010000000000000009,1,0,0,0,0,required_grid,true,
0.01,1.25,jerk_limited,4000,12.5,-1,0.90000000000000002,0.012500000000000001,-0.011250000000000001,true,true,,,100,100,1,99.999999999999915,1,1.8310464800501056,1.8310464800501147,2.0000000000000866,0,1,0.00011250000000000001,0.010000000000000009,1,0,0,0,0,required_grid,true,
0.01,1.25,jerk_limited,4000,12.5,1,0.90000000000000002,0.012500000000000001,0.011250000000000001,true,true,,,100,100,1,99.999999999999915,1,1.9999999999999098,2.0000000000000138,2.0000000000001026,0,1,0.0001125,0.010000000000000009,1,0,0,0,0,required_grid,true,
0.01,1.25,jerk_limited,4000,12.5,-1,0.94999999999999996,0.012500000000000001,-0.011875,true,true,,,100,100,1,99.999999999999915,1,1.9087204308181309,1.9087204308181314,2.0000000000001865,0,1,0.00011875000000000075,0.010000000000000009,1,0,0,0,0,required_grid,true,
0.01,1.25,jerk_limited,4000,12.5,1,0.94999999999999996,0.012500000000000001,0.011875,true,true,,,100,100,1,99.999999999999915,1,1.9087204308181309,1.9087204308181311,2.000000000000091,0,1,0.00011875000000000065,0.010000000000000009,1,0,0,0,0,required_grid,true,
0.01,1.25,jerk_limited,4000,12.5,-1,0.97999999999999998,0.012500000000000001,-0.01225,true,true,,,100,100,1,99.999999999999915,1,1.9615102407550691,1.96151024075507,2.0000000000001741,0,1,0.00012250000000000024,0.010000000000000009,1,0,0,0,0,required_grid,true,
0.01,1.25,jerk_limited,4000,12.5,1,0.97999999999999998,0.012500000000000001,0.01225,true,true,,,100,100,1,99.999999999999915,1,1.9615102407550691,1.9615102407550697,2.0000000000001106,0,1,0.00012250000000000029,0.010000000000000009,1,0,0,0,0,required_grid,true,
0.01,1.25,jerk_limited,4000,12.5,-1,0.98999999999999999,0.012500000000000001,-0.012375000000000001,true,true,,,100,100,1,99.999999999999915,1,1.9803884044367821,1.9803884044368287,1.9803884044370978,0,1,0.00012374999999999997,0.010000000000000009,1,0,0,0,0,required_grid,true,
0.01,1.25,jerk_limited,4000,12.5,1,0.98999999999999999,0.012500000000000001,0.012375000000000001,true,true,,,100,100,1,99.999999999999915,1,1.9803884044367823,1.9803884044368287,1.9803884044370978,0,1,0.00012374999999999995,0.010000000000000009,1,0,0,0,0,required_grid,true,
0.01,1.25,jerk_limited,4000,12.5,-1,0.995,0.012500000000000001,-0.012437500000000001,true,true,,,100,100,1,99.999999999999915,1,1.990098525753931,1.9900985257539312,2.0000000000000226,0,1,0.00012437499999999973,0.010000000000000009,1,0,0,0,0,required_grid,true,
0.01,1.25,jerk_limited,4000,12.5,1,0.995,0.012500000000000001,0.012437500000000001,true,true,,,100,100,1,99.999999999999915,1,1.990098525753931,1.9900985257539312,1.9999999999999949,0,1,0.000124375,0.010000000000000009,1,0,0,0,0,required_grid,true,
0.01,1.25,jerk_limited,4000,12.5,-1,1,0.012500000000000001,-0.012500000000000001,true,true,,,100,100,1,99.999999999999915,1,2.0000000000000022,2.0000000000000324,2.0000000000001084,0,1,0.00012499999999999995,0.010000000000000009,1,0,0,0,0,required_grid,true,
0.01,1.25,jerk_limited,4000,12.5,1,1,0.012500000000000001,0.012500000000000001,true,true,,,100,100,1,99.999999999999915,1,2.0000000000000022,2.0000000000000324,2.0000000000001084,0,1,0.00012499999999999995,0.010000000000000009,1,0,0,0,0,required_grid,true,
0.01,1.25,jerk_limited,4000,12.5,-1,1.0049999999999999,0.012500000000000001,-0.012562499999999999,true,true,,,100,100,0,0,0,1.9966777347471707,1.9966777347471703,1.996677734747234,0,1,0.00012612701552185335,0.010000000000000009,1,0,0,0,0,required_grid,true,
0.01,1.25,jerk_limited,4000,12.5,1,1.0049999999999999,0.012500000000000001,0.012562499999999999,true,true,,,100,100,0,0,0,1.9966777347471707,1.9966777347471703,1.996677734747234,0,1,0.00012612701552185335,0.010000000000000009,1,0,0,0,0,required_grid,true,
0.01,1.25,jerk_limited,4000,12.5,-1,1.01,0.012500000000000001,-0.012625000000000001,true,true,,,100,100,0,0,0,1.9933774349546824,1.9933774349546833,1.9933774349547444,0,0.98360655737704916,0.00013022739418948404,0.010000000000000009,1,0,0,0,0,required_grid,true,
0.01,1.25,jerk_limited,4000,12.5,1,1.01,0.012500000000000001,0.012625000000000001,true,true,,,100,100,0,0,0,1.9933774349546824,1.9933774349546833,1.9933774349547444,0,0.98360655737704916,0.00013022739418948404,0.010000000000000009,1,0,0,0,0,required_grid,true,
0.01,1.25,jerk_limited,4000,12.5,-1,1.02,0.012500000000000001,-0.012750000000000001,true,true,,,100,100,0,0,0,1.9868417243179164,1.9868417243179166,1.9868417243179797,0,0.75409836065573765,0.00013596400425619249,0.010000000000000009,1,0,0,0,0,required_grid,true,
0.01,1.25,jerk_limited,4000,12.5,1,1.02,0.012500000000000001,0.012750000000000001,true,true,,,100,100,0,0,0,1.9868417243179164,1.9868417243179166,1.9868417243179797,0,0.75409836065573765,0.00013596400425619249,0.010000000000000009,1,0,0,0,0,required_grid,true,
0.01,1.25,jerk_limited,4000,12.5,-1,1.05,0.012500000000000001,-0.013125000000000001,true,true,,,100,100,0,0,0,1.9677362936123615,1.9677362936123608,1.9677362936124416,0,0.60655737704918034,0.00014119825433689363,0.010000000000000009,1,0,0,0,0,required_grid,true,
0.01,1.25,jerk_limited,4000,12.5,1,1.05,0.012500000000000001,0.013125000000000001,true,true,,,100,100,0,0,0,1.9677362936123615,1.9677362936123608,1.9677362936124416,0,0.60655737704918034,0.00014119825433689363,0.010000000000000009,1,0,0,0,0,required_grid,true,
0.01,1.25,jerk_limited,4000,12.5,-1,1.1000000000000001,0.012500000000000001,-0.013750000000000002,true,true,,,100,100,0,0,0,1.9374586123028914,1.9374586123028925,1.9374586123029793,0,0.63934426229508201,0.00014721787321033249,0.010000000000000009,1,0,0,0,0,required_grid,true,
0.01,1.25,jerk_limited,4000,12.5,1,1.1000000000000001,0.012500000000000001,0.013750000000000002,true,true,,,100,100,0,0,0,1.9374586123028914,1.9374586123028925,1.9374586123029793,0,0.63934426229508201,0.00014721787321033249,0.010000000000000009,1,0,0,0,0,required_grid,true,
0.01,1.25,jerk_limited,4000,12.5,-1,1.2,0.012500000000000001,-0.014999999999999999,true,true,,,100,100,0,0,0,1.8820720577620289,1.8820720577620274,1.8820720577621104,0,0.57377049180327866,0.00016147927338462561,0.010000000000000009,1,0,0,0,0,required_grid,true,
0.01,1.25,jerk_limited,4000,12.5,1,1.2,0.012500000000000001,0.014999999999999999,true,true,,,100,100,0,0,0,1.8820720577620289,1.8820720577620274,1.8820720577621104,0,0.57377049180327866,0.00016147927338462561,0.010000000000000009,1,0,0,0,0,required_grid,true,
0.01,1.25,jerk_limited,4000,12.5,-1,2,0.012500000000000001,-0.025000000000000001,true,true,,,100,100,0,0,0,1.5873680702046511,1.5873680702046193,1.7527312018522729,0,0.42622950819672129,0.00028411175983944194,0.010000000000000009,1,0,0,0,0,required_grid,true,
0.01,1.25,jerk_limited,4000,12.5,1,2,0.012500000000000001,0.025000000000000001,true,true,,,100,100,0,0,0,1.5873680702046511,1.5873680702046193,1.7527312018522729,0,0.42622950819672129,0.00028411175983944194,0.010000000000000009,1,0,0,0,0,required_grid,true,
0.01,2,jerk_limited,1000,5,-1,0.5,0.0031250000000000002,-0.0015625000000000001,true,true,,,100,100,1,99.999999999999915,1,1.9999999999998912,2.0000000000000169,2.0000000000005551,0,1,1.5624999999999983e-05,0.010000000000000009,1,0,0,0,0,required_grid,true,
0.01,2,jerk_limited,1000,5,1,0.5,0.0031250000000000002,0.0015625000000000001,true,true,,,100,100,1,99.999999999999915,1,1.9999999999999851,2.000000000000032,2.0000000000001075,0,1,1.5625000000000004e-05,0.010000000000000009,1,0,0,0,0,required_grid,true,
0.01,2,jerk_limited,1000,5,-1,0.80000000000000004,0.0031250000000000002,-0.0025000000000000005,true,true,,,100,100,1,99.999999999999915,1,1.7024335825563099,1.7024335825566226,2.0000000000002087,0,1,2.4999999999999971e-05,0.010000000000000009,1,0,0,0,0,required_grid,true,
0.01,2,jerk_limited,1000,5,1,0.80000000000000004,0.0031250000000000002,0.0025000000000000005,true,true,,,100,100,1,99.999999999999915,1,1.9999999999999347,2.0000000000000169,2.0000000000000973,0,1,2.4999999999999977e-05,0.010000000000000009,1,0,0,0,0,required_grid,true,
0.01,2,jerk_limited,1000,5,-1,0.90000000000000002,0.0031250000000000002,-0.0028125000000000003,true,true,,,100,100,1,99.999999999999915,1,1.9999999999999922,2.0000000000000195,2.0000000000000866,0,1,2.8124999999999976e-05,0.010000000000000009,1,0,0,0,0,required_grid,true,
0.01,2,jerk_limited,1000,5,1,0.90000000000000002,0.0031250000000000002,0.0028125000000000003,true,true,,,100,100,1,99.999999999999915,1,1.9999999999999982,2.0000000000000293,2.0000000000001177,0,1,2.8125000000000155e-05,0.010000000000000009,1,0,0,0,0,required_grid,true,
0.01,2,jerk_limited,1000,5,-1,0.94999999999999996,0.0031250000000000002,-0.00296875,true,true,,,100,100,1,99.999999999999915,1,1.9999999999999538,2.0000000000000449,2.000000000000187,0,1,2.9687500000000112e-05,0.010000000000000009,1,0,0,0,0,required_grid,true,
0.01,2,jerk_limited,1000,5,1,0.94999999999999996,0.0031250000000000002,0.00296875,true,true,,,100,100,1,99.999999999999915,1,1.9999999999998983,2.0000000000000018,2.0000000000001057,0,1,2.9687500000000054e-05,0.010000000000000009,1,0,0,0,0,required_grid,true,
0.01,2,jerk_limited,1000,5,-1,0.97999999999999998,0.0031250000000000002,-0.0030625000000000001,true,true,,,100,100,1,99.999999999999915,1,1.9999999999999627,2.000000000000008,2.0000000000001377,0,1,3.0625000000000033e-05,0.010000000000000009,1,0,0,0,0,required_grid,true,
0.01,2,jerk_limited,1000,5,1,0.97999999999999998,0.0031250000000000002,0.0030625000000000001,true,true,,,100,100,1,99.999999999999915,1,1.9999999999999178,2.0000000000000067,2.0000000000001106,0,1,3.062500000000006e-05,0.010000000000000009,1,0,0,0,0,required_grid,true,
0.01,2,jerk_limited,1000,5,-1,0.98999999999999999,0.0031250000000000002,-0.0030937500000000001,true,true,,,100,100,1,99.999999999999915,1,1.9999999999999121,2.0000000000000018,2.000000000000179,0,1,3.0937499999999973e-05,0.010000000000000009,1,0,0,0,0,required_grid,true,
0.01,2,jerk_limited,1000,5,1,0.98999999999999999,0.0031250000000000002,0.0030937500000000001,true,true,,,100,100,1,99.999999999999915,1,1.9999999999999121,1.9999999999999991,2.0000000000001017,0,1,3.093749999999998e-05,0.010000000000000009,1,0,0,0,0,required_grid,true,
0.01,2,jerk_limited,1000,5,-1,0.995,0.0031250000000000002,-0.0031093750000000002,true,true,,,100,100,1,99.999999999999915,1,1.9999999999999776,2.0000000000000147,2.0000000000000724,0,1,3.1093750000000048e-05,0.010000000000000009,1,0,0,0,0,required_grid,true,
0.01,2,jerk_limited,1000,5,1,0.995,0.0031250000000000002,0.0031093750000000002,true,true,,,100,100,1,99.999999999999915,1,1.9999999999999807,2.0000000000000089,2.0000000000001399,0,1,3.1093749999999953e-05,0.010000000000000009,1,0,0,0,0,required_grid,true,
0.01,2,jerk_limited,1000,5,-1,1,0.0031250000000000002,-0.0031250000000000002,true,true,,,100,100,1,99.999999999999915,1,2.0000000000000022,2.0000000000000324,2.0000000000001084,0,1,3.1249999999999987e-05,0.010000000000000009,1,0,0,0,0,required_grid,true,
0.01,2,jerk_limited,1000,5,1,1,0.0031250000000000002,0.0031250000000000002,true,true,,,100,100,1,99.999999999999915,1,2.0000000000000022,2.0000000000000324,2.0000000000001084,0,1,3.1249999999999987e-05,0.010000000000000009,1,0,0,0,0,required_grid,true,
0.01,2,jerk_limited,1000,5,-1,1.0049999999999999,0.0031250000000000002,-0.0031406249999999998,true,true,,,100,100,0,0,0,1.9966777347471707,1.9966777347471703,1.996677734747234,0,1,3.1531753880463339e-05,0.010000000000000009,1,0,0,0,0,required_grid,true,
0.01,2,jerk_limited,1000,5,1,1.0049999999999999,0.0031250000000000002,0.0031406249999999998,true,true,,,100,100,0,0,0,1.9966777347471707,1.9966777347471703,1.996677734747234,0,1,3.1531753880463339e-05,0.010000000000000009,1,0,0,0,0,required_grid,true,
0.01,2,jerk_limited,1000,5,-1,1.01,0.0031250000000000002,-0.0031562500000000002,true,true,,,100,100,0,0,0,1.9933774349546824,1.9933774349546833,1.9933774349547444,0,0.98360655737704916,3.2556848547371011e-05,0.010000000000000009,1,0,0,0,0,required_grid,true,
0.01,2,jerk_limited,1000,5,1,1.01,0.0031250000000000002,0.0031562500000000002,true,true,,,100,100,0,0,0,1.9933774349546824,1.9933774349546833,1.9933774349547444,0,0.98360655737704916,3.2556848547371011e-05,0.010000000000000009,1,0,0,0,0,required_grid,true,
0.01,2,jerk_limited,1000,5,-1,1.02,0.0031250000000000002,-0.0031875000000000002,true,true,,,100,100,0,0,0,1.9868417243179164,1.9868417243179166,1.9868417243179797,0,0.75409836065573765,3.3991001064048122e-05,0.010000000000000009,1,0,0,0,0,required_grid,true,
0.01,2,jerk_limited,1000,5,1,1.02,0.0031250000000000002,0.0031875000000000002,true,true,,,100,100,0,0,0,1.9868417243179164,1.9868417243179166,1.9868417243179797,0,0.75409836065573765,3.3991001064048122e-05,0.010000000000000009,1,0,0,0,0,required_grid,true,
0.01,2,jerk_limited,1000,5,-1,1.05,0.0031250000000000002,-0.0032812500000000003,true,true,,,100,100,0,0,0,1.9677362936123615,1.9677362936123608,1.9677362936124416,0,0.60655737704918034,3.5299563584223407e-05,0.010000000000000009,1,0,0,0,0,required_grid,true,
0.01,2,jerk_limited,1000,5,1,1.05,0.0031250000000000002,0.0032812500000000003,true,true,,,100,100,0,0,0,1.9677362936123615,1.9677362936123608,1.9677362936124416,0,0.60655737704918034,3.5299563584223407e-05,0.010000000000000009,1,0,0,0,0,required_grid,true,
0.01,2,jerk_limited,1000,5,-1,1.1000000000000001,0.0031250000000000002,-0.0034375000000000005,true,true,,,100,100,0,0,0,1.9374586123028914,1.9374586123028925,1.9374586123029793,0,0.63934426229508201,3.6804468302583122e-05,0.010000000000000009,1,0,0,0,0,required_grid,true,
0.01,2,jerk_limited,1000,5,1,1.1000000000000001,0.0031250000000000002,0.0034375000000000005,true,true,,,100,100,0,0,0,1.9374586123028914,1.9374586123028925,1.9374586123029793,0,0.63934426229508201,3.6804468302583122e-05,0.010000000000000009,1,0,0,0,0,required_grid,true,
0.01,2,jerk_limited,1000,5,-1,1.2,0.0031250000000000002,-0.0037499999999999999,true,true,,,100,100,0,0,0,1.8820720577620289,1.8820720577620274,1.8820720577621104,0,0.57377049180327866,4.0369818346156403e-05,0.010000000000000009,1,0,0,0,0,required_grid,true,
0.01,2,jerk_limited,1000,5,1,1.2,0.0031250000000000002,0.0037499999999999999,true,true,,,100,100,0,0,0,1.8820720577620289,1.8820720577620274,1.8820720577621104,0,0.57377049180327866,4.0369818346156403e-05,0.010000000000000009,1,0,0,0,0,required_grid,true,
0.01,2,jerk_limited,1000,5,-1,2,0.0031250000000000002,-0.0062500000000000003,true,true,,,100,100,0,0,0,1.5874010519681898,1.5874010519681729,1.7341056088537432,0,0.37704918032786883,7.1164176682078634e-05,0.010000000000000009,1,0,0,0,0,required_grid,true,
0.01,2,jerk_limited,1000,5,1,2,0.0031250000000000002,0.0062500000000000003,true,true,,,100,100,0,0,0,1.5874010519681898,1.5874010519681729,1.7341056088537432,0,0.37704918032786883,7.1164176682078634e-05,0.010000000000000009,1,0,0,0,0,required_grid,true,
0.01,2,jerk_limited,4000,20,-1,0.5,0.012500000000000001,-0.0062500000000000003,true,true,,,100,100,1,99.999999999999915,1,1.4254845247652552,1.4254845247652588,2.0000000000005547,0,1,6.2499999999999906e-05,0.010000000000000009,1,0,0,0,0,required_grid,true,
0.01,2,jerk_limited,4000,20,1,0.5,0.012500000000000001,0.0062500000000000003,true,true,,,100,100,1,99.999999999999915,1,1.9999999999999301,2.0000000000000324,2.0000000000001084,0,1,6.2499999999999961e-05,0.010000000000000009,1,0,0,0,0,required_grid,true,
0.01,2,jerk_limited,4000,20,-1,0.80000000000000004,0.012500000000000001,-0.010000000000000002,true,true,,,100,100,1,99.999999999999915,1,1.7024335825561798,1.7024335825562704,2.0000000000002087,0,1,9.9999999999999883e-05,0.010000000000000009,1,0,0,0,0,required_grid,true,
0.01,2,jerk_limited,4000,20,1,0.80000000000000004,0.012500000000000001,0.010000000000000002,true,true,,,100,100,1,99.999999999999915,1,1.9999999999999196,2.0000000000000084,2.0000000000000973,0,1,9.9999999999999991e-05,0.010000000000000009,1,0,0,0,0,required_grid,true,
0.01,2,jerk_limited,4000,20,-1,0.90000000000000002,0.012500000000000001,-0.011250000000000001,true,true,,,100,100,1,99.999999999999915,1,1.8310464800500985,1.8310464800501056,2.0000000000000866,0,1,0.00011249999999999994,0.010000000000000009,1,0,0,0,0,required_grid,true,
0.01,2,jerk_limited,4000,20,1,0.90000000000000002,0.012500000000000001,0.011250000000000001,true,true,,,100,100,1,99.999999999999915,1,1.9999999999999252,2.0000000000000138,2.0000000000001026,0,1,0.00011250000000000012,0.010000000000000009,1,0,0,0,0,required_grid,true,
0.01,2,jerk_limited,4000,20,-1,0.94999999999999996,0.012500000000000001,-0.011875,true,true,,,100,100,1,99.999999999999915,1,1.9087204308181314,1.9087204308181327,2.000000000000187,0,1,0.00011875000000000072,0.010000000000000009,1,0,0,0,0,required_grid,true,
0.01,2,jerk_limited,4000,20,1,0.94999999999999996,0.012500000000000001,0.011875,true,true,,,100,100,1,99.999999999999915,1,1.9087204308181309,1.9087204308181311,2.000000000000091,0,1,0.00011875000000000061,0.010000000000000009,1,0,0,0,0,required_grid,true,
0.01,2,jerk_limited,4000,20,-1,0.97999999999999998,0.012500000000000001,-0.01225,true,true,,,100,100,1,99.999999999999915,1,1.9615102407550691,1.96151024075507,2.0000000000001377,0,1,0.00012250000000000035,0.010000000000000009,1,0,0,0,0,required_grid,true,
0.01,2,jerk_limited,4000,20,1,0.97999999999999998,0.012500000000000001,0.01225,true,true,,,100,100,1,99.999999999999915,1,1.9615102407550684,1.9615102407550689,2.0000000000001106,0,1,0.00012250000000000035,0.010000000000000009,1,0,0,0,0,required_grid,true,
0.01,2,jerk_limited,4000,20,-1,0.98999999999999999,0.012500000000000001,-0.012375000000000001,true,true,,,100,100,1,99.999999999999915,1,1.9803884044367392,1.980388404436829,1.9803884044370978,0,1,0.00012374999999999989,0.010000000000000009,1,0,0,0,0,required_grid,true,
0.01,2,jerk_limited,4000,20,1,0.98999999999999999,0.012500000000000001,0.012375000000000001,true,true,,,100,100,1,99.999999999999915,1,1.980388404436827,1.980388404436829,2.0000000000000058,0,1,0.00012375000000000008,0.010000000000000009,1,0,0,0,0,required_grid,true,
0.01,2,jerk_limited,4000,20,-1,0.995,0.012500000000000001,-0.012437500000000001,true,true,,,100,100,1,99.999999999999915,1,1.990098525753931,1.990098525753931,1.9900985257542874,0,1,0.00012437499999999992,0.010000000000000009,1,0,0,0,0,required_grid,true,
0.01,2,jerk_limited,4000,20,1,0.995,0.012500000000000001,0.012437500000000001,true,true,,,100,100,1,99.999999999999915,1,1.990098525753931,1.990098525753931,2.0000000000000018,0,1,0.00012437500000000008,0.010000000000000009,1,0,0,0,0,required_grid,true,
0.01,2,jerk_limited,4000,20,-1,1,0.012500000000000001,-0.012500000000000001,true,true,,,100,100,1,99.999999999999915,1,2.0000000000000022,2.0000000000000324,2.0000000000001084,0,1,0.00012499999999999995,0.010000000000000009,1,0,0,0,0,required_grid,true,
0.01,2,jerk_limited,4000,20,1,1,0.012500000000000001,0.012500000000000001,true,true,,,100,100,1,99.999999999999915,1,2.0000000000000022,2.0000000000000324,2.0000000000001084,0,1,0.00012499999999999995,0.010000000000000009,1,0,0,0,0,required_grid,true,
0.01,2,jerk_limited,4000,20,-1,1.0049999999999999,0.012500000000000001,-0.012562499999999999,true,true,,,100,100,0,0,0,1.9966777347471707,1.9966777347471703,1.996677734747234,0,1,0.00012612701552185335,0.010000000000000009,1,0,0,0,0,required_grid,true,
0.01,2,jerk_limited,4000,20,1,1.0049999999999999,0.012500000000000001,0.012562499999999999,true,true,,,100,100,0,0,0,1.9966777347471707,1.9966777347471703,1.996677734747234,0,1,0.00012612701552185335,0.010000000000000009,1,0,0,0,0,required_grid,true,
0.01,2,jerk_limited,4000,20,-1,1.01,0.012500000000000001,-0.012625000000000001,true,true,,,100,100,0,0,0,1.9933774349546824,1.9933774349546833,1.9933774349547444,0,0.98360655737704916,0.00013022739418948404,0.010000000000000009,1,0,0,0,0,required_grid,true,
0.01,2,jerk_limited,4000,20,1,1.01,0.012500000000000001,0.012625000000000001,true,true,,,100,100,0,0,0,1.9933774349546824,1.9933774349546833,1.9933774349547444,0,0.98360655737704916,0.00013022739418948404,0.010000000000000009,1,0,0,0,0,required_grid,true,
0.01,2,jerk_limited,4000,20,-1,1.02,0.012500000000000001,-0.012750000000000001,true,true,,,100,100,0,0,0,1.9868417243179164,1.9868417243179166,1.9868417243179797,0,0.75409836065573765,0.00013596400425619249,0.010000000000000009,1,0,0,0,0,required_grid,true,
0.01,2,jerk_limited,4000,20,1,1.02,0.012500000000000001,0.012750000000000001,true,true,,,100,100,0,0,0,1.9868417243179164,1.9868417243179166,1.9868417243179797,0,0.75409836065573765,0.00013596400425619249,0.010000000000000009,1,0,0,0,0,required_grid,true,
0.01,2,jerk_limited,4000,20,-1,1.05,0.012500000000000001,-0.013125000000000001,true,true,,,100,100,0,0,0,1.9677362936123615,1.9677362936123608,1.9677362936124416,0,0.60655737704918034,0.00014119825433689363,0.010000000000000009,1,0,0,0,0,required_grid,true,
0.01,2,jerk_limited,4000,20,1,1.05,0.012500000000000001,0.013125000000000001,true,true,,,100,100,0,0,0,1.9677362936123615,1.9677362936123608,1.9677362936124416,0,0.60655737704918034,0.00014119825433689363,0.010000000000000009,1,0,0,0,0,required_grid,true,
0.01,2,jerk_limited,4000,20,-1,1.1000000000000001,0.012500000000000001,-0.013750000000000002,true,true,,,100,100,0,0,0,1.9374586123028914,1.9374586123028925,1.9374586123029793,0,0.63934426229508201,0.00014721787321033249,0.010000000000000009,1,0,0,0,0,required_grid,true,
0.01,2,jerk_limited,4000,20,1,1.1000000000000001,0.012500000000000001,0.013750000000000002,true,true,,,100,100,0,0,0,1.9374586123028914,1.9374586123028925,1.9374586123029793,0,0.63934426229508201,0.00014721787321033249,0.010000000000000009,1,0,0,0,0,required_grid,true,
0.01,2,jerk_limited,4000,20,-1,1.2,0.012500000000000001,-0.014999999999999999,true,true,,,100,100,0,0,0,1.8820720577620289,1.8820720577620274,1.8820720577621104,0,0.57377049180327866,0.00016147927338462561,0.010000000000000009,1,0,0,0,0,required_grid,true,
0.01,2,jerk_limited,4000,20,1,1.2,0.012500000000000001,0.014999999999999999,true,true,,,100,100,0,0,0,1.8820720577620289,1.8820720577620274,1.8820720577621104,0,0.57377049180327866,0.00016147927338462561,0.010000000000000009,1,0,0,0,0,required_grid,true,
0.01,2,jerk_limited,4000,20,-1,2,0.012500000000000001,-0.025000000000000001,true,true,,,100,100,0,0,0,1.5874010519681898,1.5874010519681729,1.7341056088537432,0,0.37704918032786883,0.00028465670672831454,0.010000000000000009,1,0,0,0,0,required_grid,true,
0.01,2,jerk_limited,4000,20,1,2,0.012500000000000001,0.025000000000000001,true,true,,,100,100,0,0,0,1.5874010519681898,1.5874010519681729,1.7341056088537432,0,0.37704918032786883,0.00028465670672831454,0.010000000000000009,1,0,0,0,0,required_grid,true,
0.01,4,jerk_limited,1000,10,-1,0.5,0.0031250000000000002,-0.0015625000000000001,true,true,,,100,100,1,99.999999999999915,1,1.9999999999998912,2.0000000000000169,2.0000000000005551,0,1,1.5624999999999983e-05,0.010000000000000009,1,0,0,0,0,required_grid,true,
0.01,4,jerk_limited,1000,10,1,0.5,0.0031250000000000002,0.0015625000000000001,true,true,,,100,100,1,99.999999999999915,1,1.9999999999999851,2.000000000000032,2.0000000000001075,0,1,1.5625000000000004e-05,0.010000000000000009,1,0,0,0,0,required_grid,true,
0.01,4,jerk_limited,1000,10,-1,0.80000000000000004,0.0031250000000000002,-0.0025000000000000005,true,true,,,100,100,1,99.999999999999915,1,1.7024335825563099,1.7024335825566226,2.0000000000002087,0,1,2.4999999999999971e-05,0.010000000000000009,1,0,0,0,0,required_grid,true,
0.01,4,jerk_limited,1000,10,1,0.80000000000000004,0.0031250000000000002,0.0025000000000000005,true,true,,,100,100,1,99.999999999999915,1,1.9999999999999347,2.0000000000000169,2.0000000000000973,0,1,2.4999999999999977e-05,0.010000000000000009,1,0,0,0,0,required_grid,true,
0.01,4,jerk_limited,1000,10,-1,0.90000000000000002,0.0031250000000000002,-0.0028125000000000003,true,true,,,100,100,1,99.999999999999915,1,1.9999999999999922,2.0000000000000195,2.0000000000000866,0,1,2.8124999999999976e-05,0.010000000000000009,1,0,0,0,0,required_grid,true,
0.01,4,jerk_limited,1000,10,1,0.90000000000000002,0.0031250000000000002,0.0028125000000000003,true,true,,,100,100,1,99.999999999999915,1,1.9999999999999982,2.0000000000000293,2.0000000000001177,0,1,2.8125000000000155e-05,0.010000000000000009,1,0,0,0,0,required_grid,true,
0.01,4,jerk_limited,1000,10,-1,0.94999999999999996,0.0031250000000000002,-0.00296875,true,true,,,100,100,1,99.999999999999915,1,1.9999999999999538,2.0000000000000449,2.000000000000187,0,1,2.9687500000000112e-05,0.010000000000000009,1,0,0,0,0,required_grid,true,
0.01,4,jerk_limited,1000,10,1,0.94999999999999996,0.0031250000000000002,0.00296875,true,true,,,100,100,1,99.999999999999915,1,1.9999999999998983,2.0000000000000018,2.0000000000001057,0,1,2.9687500000000054e-05,0.010000000000000009,1,0,0,0,0,required_grid,true,
0.01,4,jerk_limited,1000,10,-1,0.97999999999999998,0.0031250000000000002,-0.0030625000000000001,true,true,,,100,100,1,99.999999999999915,1,1.9999999999999627,2.000000000000008,2.0000000000001377,0,1,3.0625000000000033e-05,0.010000000000000009,1,0,0,0,0,required_grid,true,
0.01,4,jerk_limited,1000,10,1,0.97999999999999998,0.0031250000000000002,0.0030625000000000001,true,true,,,100,100,1,99.999999999999915,1,1.9999999999999178,2.0000000000000067,2.0000000000001106,0,1,3.062500000000006e-05,0.010000000000000009,1,0,0,0,0,required_grid,true,
0.01,4,jerk_limited,1000,10,-1,0.98999999999999999,0.0031250000000000002,-0.0030937500000000001,true,true,,,100,100,1,99.999999999999915,1,1.9999999999999121,2.0000000000000018,2.000000000000179,0,1,3.0937499999999973e-05,0.010000000000000009,1,0,0,0,0,required_grid,true,
0.01,4,jerk_limited,1000,10,1,0.98999999999999999,0.0031250000000000002,0.0030937500000000001,true,true,,,100,100,1,99.999999999999915,1,1.9999999999999121,1.9999999999999991,2.0000000000001017,0,1,3.093749999999998e-05,0.010000000000000009,1,0,0,0,0,required_grid,true,
0.01,4,jerk_limited,1000,10,-1,0.995,0.0031250000000000002,-0.0031093750000000002,true,true,,,100,100,1,99.999999999999915,1,1.9999999999999776,2.0000000000000147,2.0000000000000724,0,1,3.1093750000000048e-05,0.010000000000000009,1,0,0,0,0,required_grid,true,
0.01,4,jerk_limited,1000,10,1,0.995,0.0031250000000000002,0.0031093750000000002,true,true,,,100,100,1,99.999999999999915,1,1.9999999999999807,2.0000000000000089,2.0000000000001399,0,1,3.1093749999999953e-05,0.010000000000000009,1,0,0,0,0,required_grid,true,
0.01,4,jerk_limited,1000,10,-1,1,0.0031250000000000002,-0.0031250000000000002,true,true,,,100,100,1,99.999999999999915,1,2.0000000000000022,2.0000000000000324,2.0000000000001084,0,1,3.1249999999999987e-05,0.010000000000000009,1,0,0,0,0,required_grid,true,
0.01,4,jerk_limited,1000,10,1,1,0.0031250000000000002,0.0031250000000000002,true,true,,,100,100,1,99.999999999999915,1,2.0000000000000022,2.0000000000000324,2.0000000000001084,0,1,3.1249999999999987e-05,0.010000000000000009,1,0,0,0,0,required_grid,true,
0.01,4,jerk_limited,1000,10,-1,1.0049999999999999,0.0031250000000000002,-0.0031406249999999998,true,true,,,100,100,0,0,0,1.9966777347471707,1.9966777347471703,1.996677734747234,0,1,3.1531753880463339e-05,0.010000000000000009,1,0,0,0,0,required_grid,true,
0.01,4,jerk_limited,1000,10,1,1.0049999999999999,0.0031250000000000002,0.0031406249999999998,true,true,,,100,100,0,0,0,1.9966777347471707,1.9966777347471703,1.996677734747234,0,1,3.1531753880463339e-05,0.010000000000000009,1,0,0,0,0,required_grid,true,
0.01,4,jerk_limited,1000,10,-1,1.01,0.0031250000000000002,-0.0031562500000000002,true,true,,,100,100,0,0,0,1.9933774349546824,1.9933774349546833,1.9933774349547444,0,0.98360655737704916,3.2556848547371011e-05,0.010000000000000009,1,0,0,0,0,required_grid,true,
0.01,4,jerk_limited,1000,10,1,1.01,0.0031250000000000002,0.0031562500000000002,true,true,,,100,100,0,0,0,1.9933774349546824,1.9933774349546833,1.9933774349547444,0,0.98360655737704916,3.2556848547371011e-05,0.010000000000000009,1,0,0,0,0,required_grid,true,
0.01,4,jerk_limited,1000,10,-1,1.02,0.0031250000000000002,-0.0031875000000000002,true,true,,,100,100,0,0,0,1.9868417243179164,1.9868417243179166,1.9868417243179797,0,0.75409836065573765,3.3991001064048122e-05,0.010000000000000009,1,0,0,0,0,required_grid,true,
0.01,4,jerk_limited,1000,10,1,1.02,0.0031250000000000002,0.0031875000000000002,true,true,,,100,100,0,0,0,1.9868417243179164,1.9868417243179166,1.9868417243179797,0,0.75409836065573765,3.3991001064048122e-05,0.010000000000000009,1,0,0,0,0,required_grid,true,
0.01,4,jerk_limited,1000,10,-1,1.05,0.0031250000000000002,-0.0032812500000000003,true,true,,,100,100,0,0,0,1.9677362936123615,1.9677362936123608,1.9677362936124416,0,0.60655737704918034,3.5299563584223407e-05,0.010000000000000009,1,0,0,0,0,required_grid,true,
0.01,4,jerk_limited,1000,10,1,1.05,0.0031250000000000002,0.0032812500000000003,true,true,,,100,100,0,0,0,1.9677362936123615,1.9677362936123608,1.9677362936124416,0,0.60655737704918034,3.5299563584223407e-05,0.010000000000000009,1,0,0,0,0,required_grid,true,
0.01,4,jerk_limited,1000,10,-1,1.1000000000000001,0.0031250000000000002,-0.0034375000000000005,true,true,,,100,100,0,0,0,1.9374586123028914,1.9374586123028925,1.9374586123029793,0,0.63934426229508201,3.6804468302583122e-05,0.010000000000000009,1,0,0,0,0,required_grid,true,
0.01,4,jerk_limited,1000,10,1,1.1000000000000001,0.0031250000000000002,0.0034375000000000005,true,true,,,100,100,0,0,0,1.9374586123028914,1.9374586123028925,1.9374586123029793,0,0.63934426229508201,3.6804468302583122e-05,0.010000000000000009,1,0,0,0,0,required_grid,true,
0.01,4,jerk_limited,1000,10,-1,1.2,0.0031250000000000002,-0.0037499999999999999,true,true,,,100,100,0,0,0,1.8820720577620289,1.8820720577620274,1.8820720577621104,0,0.57377049180327866,4.0369818346156403e-05,0.010000000000000009,1,0,0,0,0,required_grid,true,
0.01,4,jerk_limited,1000,10,1,1.2,0.0031250000000000002,0.0037499999999999999,true,true,,,100,100,0,0,0,1.8820720577620289,1.8820720577620274,1.8820720577621104,0,0.57377049180327866,4.0369818346156403e-05,0.010000000000000009,1,0,0,0,0,required_grid,true,
0.01,4,jerk_limited,1000,10,-1,2,0.0031250000000000002,-0.0062500000000000003,true,true,,,100,100,0,0,0,1.5874010519681898,1.5874010519681729,1.7341056088537432,0,0.37704918032786883,7.1164176682078634e-05,0.010000000000000009,1,0,0,0,0,required_grid,true,
0.01,4,jerk_limited,1000,10,1,2,0.0031250000000000002,0.0062500000000000003,true,true,,,100,100,0,0,0,1.5874010519681898,1.5874010519681729,1.7341056088537432,0,0.37704918032786883,7.1164176682078634e-05,0.010000000000000009,1,0,0,0,0,required_grid,true,
0.01,4,jerk_limited,4000,40,-1,0.5,0.012500000000000001,-0.0062500000000000003,true,true,,,100,100,1,99.999999999999915,1,1.4254845247652552,1.4254845247652588,2.0000000000005547,0,1,6.2499999999999906e-05,0.010000000000000009,1,0,0,0,0,required_grid,true,
0.01,4,jerk_limited,4000,40,1,0.5,0.012500000000000001,0.0062500000000000003,true,true,,,100,100,1,99.999999999999915,1,1.9999999999999301,2.0000000000000324,2.0000000000001084,0,1,6.2499999999999961e-05,0.010000000000000009,1,0,0,0,0,required_grid,true,
0.01,4,jerk_limited,4000,40,-1,0.80000000000000004,0.012500000000000001,-0.010000000000000002,true,true,,,100,100,1,99.999999999999915,1,1.7024335825561798,1.7024335825562704,2.0000000000002087,0,1,9.9999999999999883e-05,0.010000000000000009,1,0,0,0,0,required_grid,true,
0.01,4,jerk_limited,4000,40,1,0.80000000000000004,0.012500000000000001,0.010000000000000002,true,true,,,100,100,1,99.999999999999915,1,1.9999999999999196,2.0000000000000084,2.0000000000000973,0,1,9.9999999999999991e-05,0.010000000000000009,1,0,0,0,0,required_grid,true,
0.01,4,jerk_limited,4000,40,-1,0.90000000000000002,0.012500000000000001,-0.011250000000000001,true,true,,,100,100,1,99.999999999999915,1,1.8310464800500985,1.8310464800501056,2.0000000000000866,0,1,0.00011249999999999994,0.010000000000000009,1,0,0,0,0,required_grid,true,
0.01,4,jerk_limited,4000,40,1,0.90000000000000002,0.012500000000000001,0.011250000000000001,true,true,,,100,100,1,99.999999999999915,1,1.9999999999999252,2.0000000000000138,2.0000000000001026,0,1,0.00011250000000000012,0.010000000000000009,1,0,0,0,0,required_grid,true,
0.01,4,jerk_limited,4000,40,-1,0.94999999999999996,0.012500000000000001,-0.011875,true,true,,,100,100,1,99.999999999999915,1,1.9087204308181314,1.9087204308181327,2.000000000000187,0,1,0.00011875000000000072,0.010000000000000009,1,0,0,0,0,required_grid,true,
0.01,4,jerk_limited,4000,40,1,0.94999999999999996,0.012500000000000001,0.011875,true,true,,,100,100,1,99.999999999999915,1,1.9087204308181309,1.9087204308181311,2.000000000000091,0,1,0.00011875000000000061,0.010000000000000009,1,0,0,0,0,required_grid,true,
0.01,4,jerk_limited,4000,40,-1,0.97999999999999998,0.012500000000000001,-0.01225,true,true,,,100,100,1,99.999999999999915,1,1.9615102407550691,1.96151024075507,2.0000000000001377,0,1,0.00012250000000000035,0.010000000000000009,1,0,0,0,0,required_grid,true,
0.01,4,jerk_limited,4000,40,1,0.97999999999999998,0.012500000000000001,0.01225,true,true,,,100,100,1,99.999999999999915,1,1.9615102407550684,1.9615102407550689,2.0000000000001106,0,1,0.00012250000000000035,0.010000000000000009,1,0,0,0,0,required_grid,true,
0.01,4,jerk_limited,4000,40,-1,0.98999999999999999,0.012500000000000001,-0.012375000000000001,true,true,,,100,100,1,99.999999999999915,1,1.9803884044367392,1.980388404436829,1.9803884044370978,0,1,0.00012374999999999989,0.010000000000000009,1,0,0,0,0,required_grid,true,
0.01,4,jerk_limited,4000,40,1,0.98999999999999999,0.012500000000000001,0.012375000000000001,true,true,,,100,100,1,99.999999999999915,1,1.980388404436827,1.980388404436829,2.0000000000000058,0,1,0.00012375000000000008,0.010000000000000009,1,0,0,0,0,required_grid,true,
0.01,4,jerk_limited,4000,40,-1,0.995,0.012500000000000001,-0.012437500000000001,true,true,,,100,100,1,99.999999999999915,1,1.990098525753931,1.990098525753931,1.9900985257542874,0,1,0.00012437499999999992,0.010000000000000009,1,0,0,0,0,required_grid,true,
0.01,4,jerk_limited,4000,40,1,0.995,0.012500000000000001,0.012437500000000001,true,true,,,100,100,1,99.999999999999915,1,1.990098525753931,1.990098525753931,2.0000000000000018,0,1,0.00012437500000000008,0.010000000000000009,1,0,0,0,0,required_grid,true,
0.01,4,jerk_limited,4000,40,-1,1,0.012500000000000001,-0.012500000000000001,true,true,,,100,100,1,99.999999999999915,1,2.0000000000000022,2.0000000000000324,2.0000000000001084,0,1,0.00012499999999999995,0.010000000000000009,1,0,0,0,0,required_grid,true,
0.01,4,jerk_limited,4000,40,1,1,0.012500000000000001,0.012500000000000001,true,true,,,100,100,1,99.999999999999915,1,2.0000000000000022,2.0000000000000324,2.0000000000001084,0,1,0.00012499999999999995,0.010000000000000009,1,0,0,0,0,required_grid,true,
0.01,4,jerk_limited,4000,40,-1,1.0049999999999999,0.012500000000000001,-0.012562499999999999,true,true,,,100,100,0,0,0,1.9966777347471707,1.9966777347471703,1.996677734747234,0,1,0.00012612701552185335,0.010000000000000009,1,0,0,0,0,required_grid,true,
0.01,4,jerk_limited,4000,40,1,1.0049999999999999,0.012500000000000001,0.012562499999999999,true,true,,,100,100,0,0,0,1.9966777347471707,1.9966777347471703,1.996677734747234,0,1,0.00012612701552185335,0.010000000000000009,1,0,0,0,0,required_grid,true,
0.01,4,jerk_limited,4000,40,-1,1.01,0.012500000000000001,-0.012625000000000001,true,true,,,100,100,0,0,0,1.9933774349546824,1.9933774349546833,1.9933774349547444,0,0.98360655737704916,0.00013022739418948404,0.010000000000000009,1,0,0,0,0,required_grid,true,
0.01,4,jerk_limited,4000,40,1,1.01,0.012500000000000001,0.012625000000000001,true,true,,,100,100,0,0,0,1.9933774349546824,1.9933774349546833,1.9933774349547444,0,0.98360655737704916,0.00013022739418948404,0.010000000000000009,1,0,0,0,0,required_grid,true,
0.01,4,jerk_limited,4000,40,-1,1.02,0.012500000000000001,-0.012750000000000001,true,true,,,100,100,0,0,0,1.9868417243179164,1.9868417243179166,1.9868417243179797,0,0.75409836065573765,0.00013596400425619249,0.010000000000000009,1,0,0,0,0,required_grid,true,
0.01,4,jerk_limited,4000,40,1,1.02,0.012500000000000001,0.012750000000000001,true,true,,,100,100,0,0,0,1.9868417243179164,1.9868417243179166,1.9868417243179797,0,0.75409836065573765,0.00013596400425619249,0.010000000000000009,1,0,0,0,0,required_grid,true,
0.01,4,jerk_limited,4000,40,-1,1.05,0.012500000000000001,-0.013125000000000001,true,true,,,100,100,0,0,0,1.9677362936123615,1.9677362936123608,1.9677362936124416,0,0.60655737704918034,0.00014119825433689363,0.010000000000000009,1,0,0,0,0,required_grid,true,
0.01,4,jerk_limited,4000,40,1,1.05,0.012500000000000001,0.013125000000000001,true,true,,,100,100,0,0,0,1.9677362936123615,1.9677362936123608,1.9677362936124416,0,0.60655737704918034,0.00014119825433689363,0.010000000000000009,1,0,0,0,0,required_grid,true,
0.01,4,jerk_limited,4000,40,-1,1.1000000000000001,0.012500000000000001,-0.013750000000000002,true,true,,,100,100,0,0,0,1.9374586123028914,1.9374586123028925,1.9374586123029793,0,0.63934426229508201,0.00014721787321033249,0.010000000000000009,1,0,0,0,0,required_grid,true,
0.01,4,jerk_limited,4000,40,1,1.1000000000000001,0.012500000000000001,0.013750000000000002,true,true,,,100,100,0,0,0,1.9374586123028914,1.9374586123028925,1.9374586123029793,0,0.63934426229508201,0.00014721787321033249,0.010000000000000009,1,0,0,0,0,required_grid,true,
0.01,4,jerk_limited,4000,40,-1,1.2,0.012500000000000001,-0.014999999999999999,true,true,,,100,100,0,0,0,1.8820720577620289,1.8820720577620274,1.8820720577621104,0,0.57377049180327866,0.00016147927338462561,0.010000000000000009,1,0,0,0,0,required_grid,true,
0.01,4,jerk_limited,4000,40,1,1.2,0.012500000000000001,0.014999999999999999,true,true,,,100,100,0,0,0,1.8820720577620289,1.8820720577620274,1.8820720577621104,0,0.57377049180327866,0.00016147927338462561,0.010000000000000009,1,0,0,0,0,required_grid,true,
0.01,4,jerk_limited,4000,40,-1,2,0.012500000000000001,-0.025000000000000001,true,true,,,100,100,0,0,0,1.5874010519681898,1.5874010519681729,1.7341056088537432,0,0.37704918032786883,0.00028465670672831454,0.010000000000000009,1,0,0,0,0,required_grid,true,
0.01,4,jerk_limited,4000,40,1,2,0.012500000000000001,0.025000000000000001,true,true,,,100,100,0,0,0,1.5874010519681898,1.5874010519681729,1.7341056088537432,0,0.37704918032786883,0.00028465670672831454,0.010000000000000009,1,0,0,0,0,required_grid,true,
0.02,0.25,acceleration_limited,1000,1.25,-1,0.5,0.0054687500000000005,-0.0027343750000000003,true,true,,,50,50,1,49.999999999999964,1,1.2485297677900713,1.2485297677901268,1.2485297677907472,0,1,5.4687500000000062e-05,0.020000000000000018,1,0,0,0,0,required_grid,true,
0.02,0.25,acceleration_limited,1000,1.25,1,0.5,0.0054687500000000005,0.0027343750000000003,true,true,,,50,50,1,49.999999999999964,1,1.2485297677900713,1.2485297677901268,1.2485297677907472,0,1,5.4687500000000062e-05,0.020000000000000018,1,0,0,0,0,required_grid,true,
0.02,0.25,acceleration_limited,1000,1.25,-1,0.80000000000000004,0.0054687500000000005,-0.0043750000000000004,true,true,,,50,50,1,49.999999999999964,1,1.4700768345936583,1.470076834593659,1.4700768345938027,0,1,8.7500000000000162e-05,0.020000000000000018,1,0,0,0,0,required_grid,true,
0.02,0.25,acceleration_limited,1000,1.25,1,0.80000000000000004,0.0054687500000000005,0.0043750000000000004,true,true,,,50,50,1,49.999999999999964,1,1.4700768345936583,1.470076834593659,1.4700768345938027,0,1,8.7500000000000162e-05,0.020000000000000018,1,0,0,0,0,required_grid,true,
0.02,0.25,acceleration_limited,1000,1.25,-1,0.90000000000000002,0.0054687500000000005,-0.0049218750000000009,true,true,,,50,50,1,49.999999999999964,1,1.6131183096858146,1.6131183096858861,1.6131183096859858,0,1,9.8437499999999906e-05,0.020000000000000018,1,0,0,0,0,required_grid,true,
0.02,0.25,acceleration_limited,1000,1.25,1,0.90000000000000002,0.0054687500000000005,0.0049218750000000009,true,true,,,50,50,1,49.999999999999964,1,1.6131183096858146,1.6131183096858861,1.6131183096859858,0,1,9.8437499999999906e-05,0.020000000000000018,1,0,0,0,0,required_grid,true,
0.02,0.25,acceleration_limited,1000,1.25,-1,0.94999999999999996,0.0054687500000000005,-0.0051953125000000003,true,true,,,50,50,1,49.999999999999964,1,1.7303985204037857,1.7303985204038754,1.7303985204041359,0,1,0.00010390624999999998,0.020000000000000018,1,0,0,0,0,required_grid,true,
0.02,0.25,acceleration_limited,1000,1.25,1,0.94999999999999996,0.0054687500000000005,0.0051953125000000003,true,true,,,50,50,1,49.999999999999964,1,1.7303985204037857,1.7303985204038754,1.7303985204041359,0,1,0.00010390624999999998,0.020000000000000018,1,0,0,0,0,required_grid,true,
0.02,0.25,acceleration_limited,1000,1.25,-1,0.97999999999999998,0.0054687500000000005,-0.0053593750000000004,true,true,,,50,50,1,49.999999999999964,1,1.8453440259265226,1.8453440259265361,1.8453440259266043,0,1,0.00010718750000000006,0.020000000000000018,1,0,0,0,0,required_grid,true,
0.02,0.25,acceleration_limited,1000,1.25,1,0.97999999999999998,0.0054687500000000005,0.0053593750000000004,true,true,,,50,50,1,49.999999999999964,1,1.8453440259265226,1.8453440259265361,1.8453440259266043,0,1,0.00010718750000000006,0.020000000000000018,1,0,0,0,0,required_grid,true,
0.02,0.25,acceleration_limited,1000,1.25,-1,0.98999999999999999,0.0054687500000000005,-0.0054140625000000005,true,true,,,50,50,1,49.999999999999964,1,1.9047619047618596,1.9047619047619142,1.9047619047620641,0,1,0.00010828125000000002,0.020000000000000018,1,0,0,0,0,required_grid,true,
0.02,0.25,acceleration_limited,1000,1.25,1,0.98999999999999999,0.0054687500000000005,0.0054140625000000005,true,true,,,50,50,1,49.999999999999964,1,1.9047619047618596,1.9047619047619142,1.9047619047620641,0,1,0.00010828125000000002,0.020000000000000018,1,0,0,0,0,required_grid,true,
0.02,0.25,acceleration_limited,1000,1.25,-1,0.995,0.0054687500000000005,-0.0054414062500000001,true,true,,,50,50,1,49.999999999999964,1,1.9445768876013843,1.944576887601438,1.9445768876016449,0,1,0.00010882812499999994,0.020000000000000018,1,0,0,0,0,required_grid,true,
0.02,0.25,acceleration_limited,1000,1.25,1,0.995,0.0054687500000000005,0.0054414062500000001,true,true,,,50,50,1,49.999999999999964,1,1.9445768876013843,1.944576887601438,1.9445768876016449,0,1,0.00010882812499999994,0.020000000000000018,1,0,0,0,0,required_grid,true,
0.02,0.25,acceleration_limited,1000,1.25,-1,1,0.0054687500000000005,-0.0054687500000000005,true,true,,,50,50,1,49.999999999999964,1,2.0000000000000115,2.0000000000000369,2.0000000000001155,0,1,0.00010937500000000004,0.020000000000000018,1,0,0,0,0,required_grid,true,
0.02,0.25,acceleration_limited,1000,1.25,1,1,0.0054687500000000005,0.0054687500000000005,true,true,,,50,50,1,49.999999999999964,1,2.0000000000000115,2.0000000000000369,2.0000000000001155,0,1,0.00010937500000000004,0.020000000000000018,1,0,0,0,0,required_grid,true,
0.02,0.25,acceleration_limited,1000,1.25,-1,1.0049999999999999,0.0054687500000000005,-0.0054960937500000001,true,true,,,50,50,0,0,0,1.9953499629491829,1.9953499629491829,1.9953499629492399,0,0.67741935483870963,0.00011013148264245898,0.020000000000000018,1,0,0,0,0,required_grid,true,
0.02,0.25,acceleration_limited,1000,1.25,1,1.0049999999999999,0.0054687500000000005,0.0054960937500000001,true,true,,,50,50,0,0,0,1.9953499629491829,1.9953499629491829,1.9953499629492399,0,0.67741935483870963,0.00011013148264245898,0.020000000000000018,1,0,0,0,0,required_grid,true,
0.02,0.25,acceleration_limited,1000,1.25,-1,1.01,0.0054687500000000005,-0.0055234375000000006,true,true,,,50,50,0,0,0,1.9903442320554083,1.9843588462284218,1.9907329206462667,0,0.35483870967741937,0.00011080114362458964,0.020000000000000018,1,0,0,0,0,required_grid,true,
0.02,0.25,acceleration_limited,1000,1.25,1,1.01,0.0054687500000000005,0.0055234375000000006,true,true,,,50,50,0,0,0,1.9903442320554083,1.9843588462284218,1.9907329206462667,0,0.35483870967741937,0.00011080114362458964,0.020000000000000018,1,0,0,0,0,required_grid,true,
0.02,0.25,acceleration_limited,1000,1.25,-1,1.02,0.0054687500000000005,-0.0055781250000000006,true,true,,,50,50,0,0,0,1.9798824204047196,1.9509402325639731,1.9815962597758243,0,0.29032258064516131,0.00011196093111242293,0.020000000000000018,1,0,0,0,0,required_grid,true,
0.02,0.25,acceleration_limited,1000,1.25,1,1.02,0.0054687500000000005,0.0055781250000000006,true,true,,,50,50,0,0,0,1.9798824204047196,1.9509402325639731,1.9815962597758243,0,0.29032258064516131,0.00011196093111242293,0.020000000000000018,1,0,0,0,0,required_grid,true,
0.02,0.25,acceleration_limited,1000,1.25,-1,1.05,0.0054687500000000005,-0.0057421875000000008,true,true,,,50,50,0,0,0,1.9513742605590623,1.8754613985141548,1.9549387160205327,1.8881343956210142e-17,0.38709677419354838,0.00011538927594918144,0.020000000000000018,1,0,0,0,0,required_grid,true,
0.02,0.25,acceleration_limited,1000,1.25,1,1.05,0.0054687500000000005,0.0057421875000000008,true,true,,,50,50,0,0,0,1.9513742605590623,1.8754613985141548,1.9549387160205327,1.8881343956210142e-17,0.38709677419354838,0.00011538927594918144,0.020000000000000018,1,0,0,0,0,required_grid,true,
0.02,0.25,acceleration_limited,1000,1.25,-1,1.1000000000000001,0.0054687500000000005,-0.006015625000000001,true,true,,,50,50,0,0,0,1.9095623515626878,1.7853946737194666,1.9099915091121928,0.0026920653446654641,0.064516129032258063,0.00012115928967694507,0.020000000000000018,1,0,0,0,0,required_grid,true,
0.02,0.25,acceleration_limited,1000,1.25,1,1.1000000000000001,0.0054687500000000005,0.006015625000000001,true,true,,,50,50,0,0,0,1.9095623515626878,1.7853946737194666,1.9099915091121928,0.0026920653446654641,0.064516129032258063,0.00012115928967694507,0.020000000000000018,1,0,0,0,0,required_grid,true,
0.02,0.25,acceleration_limited,1000,1.25,-1,1.2,0.0054687500000000005,-0.0065625000000000006,true,true,,,50,50,0,0,0,1.8336133539962545,1.6565910324907209,1.7038145806844742,0.12896404277700799,0,0.00013274170640619476,0.020000000000000018,1,0,0,0,0,required_grid,true,
0.02,0.25,acceleration_limited,1000,1.25,1,1.2,0.0054687500000000005,0.0065625000000000006,true,true,,,50,50,0,0,0,1.8336133539962545,1.6565910324907209,1.7038145806844742,0.12896404277700799,0,0.00013274170640619476,0.020000000000000018,1,0,0,0,0,required_grid,true,
0.02,0.25,acceleration_limited,1000,1.25,-1,2,0.0054687500000000005,-0.010937500000000001,true,true,,,50,50,0,0,0,1.4999999999999543,0.99999999999998401,1.0000653072334384,0.49991020723075685,0,0.00023445677782618228,0.020000000000000018,1,0,0,0,0,required_grid,true,
0.02,0.25,acceleration_limited,1000,1.25,1,2,0.0054687500000000005,0.010937500000000001,true,true,,,50,50,0,0,0,1.4999999999999543,0.99999999999998401,1.0000653072334384,0.49991020723075685,0,0.00023445677782618228,0.020000000000000018,1,0,0,0,0,required_grid,true,
0.02,0.25,acceleration_limited,4000,5,-1,0.5,0.021875000000000002,-0.010937500000000001,true,true,,,50,50,1,49.999999999999964,1,1.2485297677900713,1.2485297677901268,1.2485297677907472,0,1,0.00021875000000000025,0.020000000000000018,1,0,0,0,0,required_grid,true,
0.02,0.25,acceleration_limited,4000,5,1,0.5,0.021875000000000002,0.010937500000000001,true,true,,,50,50,1,49.999999999999964,1,1.2485297677900713,1.2485297677901268,1.2485297677907472,0,1,0.00021875000000000025,0.020000000000000018,1,0,0,0,0,required_grid,true,
0.02,0.25,acceleration_limited,4000,5,-1,0.80000000000000004,0.021875000000000002,-0.017500000000000002,true,true,,,50,50,1,49.999999999999964,1,1.4700768345936583,1.470076834593659,1.4700768345938027,0,1,0.00035000000000000065,0.020000000000000018,1,0,0,0,0,required_grid,true,
0.02,0.25,acceleration_limited,4000,5,1,0.80000000000000004,0.021875000000000002,0.017500000000000002,true,true,,,50,50,1,49.999999999999964,1,1.4700768345936583,1.470076834593659,1.4700768345938027,0,1,0.00035000000000000065,0.020000000000000018,1,0,0,0,0,required_grid,true,
0.02,0.25,acceleration_limited,4000,5,-1,0.90000000000000002,0.021875000000000002,-0.019687500000000004,true,true,,,50,50,1,49.999999999999964,1,1.6131183096858146,1.6131183096858861,1.6131183096859858,0,1,0.00039374999999999962,0.020000000000000018,1,0,0,0,0,required_grid,true,
0.02,0.25,acceleration_limited,4000,5,1,0.90000000000000002,0.021875000000000002,0.019687500000000004,true,true,,,50,50,1,49.999999999999964,1,1.6131183096858146,1.6131183096858861,1.6131183096859858,0,1,0.00039374999999999962,0.020000000000000018,1,0,0,0,0,required_grid,true,
0.02,0.25,acceleration_limited,4000,5,-1,0.94999999999999996,0.021875000000000002,-0.020781250000000001,true,true,,,50,50,1,49.999999999999964,1,1.7303985204037857,1.7303985204038754,1.7303985204041359,0,1,0.00041562499999999992,0.020000000000000018,1,0,0,0,0,required_grid,true,
0.02,0.25,acceleration_limited,4000,5,1,0.94999999999999996,0.021875000000000002,0.020781250000000001,true,true,,,50,50,1,49.999999999999964,1,1.7303985204037857,1.7303985204038754,1.7303985204041359,0,1,0.00041562499999999992,0.020000000000000018,1,0,0,0,0,required_grid,true,
0.02,0.25,acceleration_limited,4000,5,-1,0.97999999999999998,0.021875000000000002,-0.021437500000000002,true,true,,,50,50,1,49.999999999999964,1,1.8453440259265226,1.8453440259265361,1.8453440259266043,0,1,0.00042875000000000026,0.020000000000000018,1,0,0,0,0,required_grid,true,
0.02,0.25,acceleration_limited,4000,5,1,0.97999999999999998,0.021875000000000002,0.021437500000000002,true,true,,,50,50,1,49.999999999999964,1,1.8453440259265226,1.8453440259265361,1.8453440259266043,0,1,0.00042875000000000026,0.020000000000000018,1,0,0,0,0,required_grid,true,
0.02,0.25,acceleration_limited,4000,5,-1,0.98999999999999999,0.021875000000000002,-0.021656250000000002,true,true,,,50,50,1,49.999999999999964,1,1.9047619047618596,1.9047619047619142,1.9047619047620641,0,1,0.00043312500000000008,0.020000000000000018,1,0,0,0,0,required_grid,true,
0.02,0.25,acceleration_limited,4000,5,1,0.98999999999999999,0.021875000000000002,0.021656250000000002,true,true,,,50,50,1,49.999999999999964,1,1.9047619047618596,1.9047619047619142,1.9047619047620641,0,1,0.00043312500000000008,0.020000000000000018,1,0,0,0,0,required_grid,true,
0.02,0.25,acceleration_limited,4000,5,-1,0.995,0.021875000000000002,-0.021765625,true,true,,,50,50,1,49.999999999999964,1,1.9445768876013843,1.944576887601438,1.9445768876016449,0,1,0.00043531249999999977,0.020000000000000018,1,0,0,0,0,required_grid,true,
0.02,0.25,acceleration_limited,4000,5,1,0.995,0.021875000000000002,0.021765625,true,true,,,50,50,1,49.999999999999964,1,1.9445768876013843,1.944576887601438,1.9445768876016449,0,1,0.00043531249999999977,0.020000000000000018,1,0,0,0,0,required_grid,true,
0.02,0.25,acceleration_limited,4000,5,-1,1,0.021875000000000002,-0.021875000000000002,true,true,,,50,50,1,49.999999999999964,1,2.0000000000000115,2.0000000000000369,2.0000000000001155,0,1,0.00043750000000000017,0.020000000000000018,1,0,0,0,0,required_grid,true,
0.02,0.25,acceleration_limited,4000,5,1,1,0.021875000000000002,0.021875000000000002,true,true,,,50,50,1,49.999999999999964,1,2.0000000000000115,2.0000000000000369,2.0000000000001155,0,1,0.00043750000000000017,0.020000000000000018,1,0,0,0,0,required_grid,true,
0.02,0.25,acceleration_limited,4000,5,-1,1.0049999999999999,0.021875000000000002,-0.021984375,true,true,,,50,50,0,0,0,1.9953499629491829,1.9953499629491829,1.9953499629492399,0,0.67741935483870963,0.00044052593056983591,0.020000000000000018,1,0,0,0,0,required_grid,true,
0.02,0.25,acceleration_limited,4000,5,1,1.0049999999999999,0.021875000000000002,0.021984375,true,true,,,50,50,0,0,0,1.9953499629491829,1.9953499629491829,1.9953499629492399,0,0.67741935483870963,0.00044052593056983591,0.020000000000000018,1,0,0,0,0,required_grid,true,
0.02,0.25,acceleration_limited,4000,5,-1,1.01,0.021875000000000002,-0.022093750000000002,true,true,,,50,50,0,0,0,1.9903442320554083,1.9843588462284218,1.9907329206462667,0,0.35483870967741937,0.00044320457449835855,0.020000000000000018,1,0,0,0,0,required_grid,true,
0.02,0.25,acceleration_limited,4000,5,1,1.01,0.021875000000000002,0.022093750000000002,true,true,,,50,50,0,0,0,1.9903442320554083,1.9843588462284218,1.9907329206462667,0,0.35483870967741937,0.00044320457449835855,0.020000000000000018,1,0,0,0,0,required_grid,true,
0.02,0.25,acceleration_limited,4000,5,-1,1.02,0.021875000000000002,-0.022312500000000002,true,true,,,50,50,0,0,0,1.9798824204047196,1.9509402325639731,1.9815962597758243,0,0.29032258064516131,0.00044784372444969171,0.020000000000000018,1,0,0,0,0,required_grid,true,
0.02,0.25,acceleration_limited,4000,5,1,1.02,0.021875000000000002,0.022312500000000002,true,true,,,50,50,0,0,0,1.9798824204047196,1.9509402325639731,1.9815962597758243,0,0.29032258064516131,0.00044784372444969171,0.020000000000000018,1,0,0,0,0,required_grid,true,
0.02,0.25,acceleration_limited,4000,5,-1,1.05,0.021875000000000002,-0.022968750000000003,true,true,,,50,50,0,0,0,1.9513742605590623,1.8754613985141548,1.9549387160205327,1.8881343956210142e-17,0.38709677419354838,0.00046155710379672574,0.020000000000000018,1,0,0,0,0,required_grid,true,
0.02,0.25,acceleration_limited,4000,5,1,1.05,0.021875000000000002,0.022968750000000003,true,true,,,50,50,0,0,0,1.9513742605590623,1.8754613985141548,1.9549387160205327,1.8881343956210142e-17,0.38709677419354838,0.00046155710379672574,0.020000000000000018,1,0,0,0,0,required_grid,true,
0.02,0.25,acceleration_limited,4000,5,-1,1.1000000000000001,0.021875000000000002,-0.024062500000000004,true,true,,,50,50,0,0,0,1.9095623515626878,1.7853946737194666,1.9099915091121928,0.0026920653446654641,0.064516129032258063,0.00048463715870778026,0.020000000000000018,1,0,0,0,0,required_grid,true,
0.02,0.25,acceleration_limited,4000,5,1,1.1000000000000001,0.021875000000000002,0.024062500000000004,true,true,,,50,50,0,0,0,1.9095623515626878,1.7853946737194666,1.9099915091121928,0.0026920653446654641,0.064516129032258063,0.00048463715870778026,0.020000000000000018,1,0,0,0,0,required_grid,true,
0.02,0.25,acceleration_limited,4000,5,-1,1.2,0.021875000000000002,-0.026250000000000002,true,true,,,50,50,0,0,0,1.8336133539962545,1.6565910324907209,1.7038145806844742,0.12896404277700799,0,0.00053096682562477906,0.020000000000000018,1,0,0,0,0,required_grid,true,
0.02,0.25,acceleration_limited,4000,5,1,1.2,0.021875000000000002,0.026250000000000002,true,true,,,50,50,0,0,0,1.8336133539962545,1.6565910324907209,1.7038145806844742,0.12896404277700799,0,0.00053096682562477906,0.020000000000000018,1,0,0,0,0,required_grid,true,
0.02,0.25,acceleration_limited,4000,5,-1,2,0.021875000000000002,-0.043750000000000004,true,true,,,50,50,0,0,0,1.4999999999999543,0.99999999999998401,1.0000653072334384,0.49991020723075685,0,0.00093782711130472912,0.020000000000000018,1,0,0,0,0,required_grid,true,
0.02,0.25,acceleration_limited,4000,5,1,2,0.021875000000000002,0.043750000000000004,true,true,,,50,50,0,0,0,1.4999999999999543,0.99999999999998401,1.0000653072334384,0.49991020723075685,0,0.00093782711130472912,0.020000000000000018,1,0,0,0,0,required_grid,true,
0.02,0.5,acceleration_limited,1000,2.5,-1,0.5,0.0093750000000000014,-0.0046875000000000007,true,true,,,50,50,1,49.999999999999964,1,1.3333333333333366,1.3333333333334538,1.3333333333336315,0,1,9.3749999999999663e-05,0.020000000000000018,1,0,0,0,0,required_grid,true,
0.02,0.5,acceleration_limited,1000,2.5,1,0.5,0.0093750000000000014,0.0046875000000000007,true,true,,,50,50,1,49.999999999999964,1,1.3333333333333366,1.3333333333334538,1.3333333333336315,0,1,9.3749999999999663e-05,0.020000000000000018,1,0,0,0,0,required_grid,true,
0.02,0.5,acceleration_limited,1000,2.5,-1,0.80000000000000004,0.0093750000000000014,-0.0075000000000000015,true,true,,,50,50,1,49.999999999999964,1,1.5600982836583486,1.560098283658367,1.5600982836585913,0,1,0.00015000000000000012,0.020000000000000018,1,0,0,0,0,required_grid,true,
0.02,0.5,acceleration_limited,1000,2.5,1,0.80000000000000004,0.0093750000000000014,0.0075000000000000015,true,true,,,50,50,1,49.999999999999964,1,1.5600982836583486,1.560098283658367,1.5600982836585913,0,1,0.00015000000000000012,0.020000000000000018,1,0,0,0,0,required_grid,true,
0.02,0.5,acceleration_limited,1000,2.5,-1,0.90000000000000002,0.0093750000000000014,-0.0084375000000000023,true,true,,,50,50,1,49.999999999999964,1,1.7006226237931592,1.7006226237931676,1.7006226237933764,0,1,0.00016875000000000031,0.020000000000000018,1,0,0,0,0,required_grid,true,
0.02,0.5,acceleration_limited,1000,2.5,1,0.90000000000000002,0.0093750000000000014,0.0084375000000000023,true,true,,,50,50,1,49.999999999999964,1,1.7006226237931592,1.7006226237931676,1.7006226237933764,0,1,0.00016875000000000031,0.020000000000000018,1,0,0,0,0,required_grid,true,
0.02,0.5,acceleration_limited,1000,2.5,-1,0.94999999999999996,0.0093750000000000014,-0.008906250000000001,true,true,,,50,50,1,49.999999999999964,1,1.8091547749268106,1.8091547749268169,1.8091547749270354,0,1,0.00017812500000000044,0.020000000000000018,1,0,0,0,0,required_grid,true,
0.02,0.5,acceleration_limited,1000,2.5,1,0.94999999999999996,0.0093750000000000014,0.008906250000000001,true,true,,,50,50,1,49.999999999999964,1,1.8091547749268106,1.8091547749268169,1.8091547749270354,0,1,0.00017812500000000044,0.020000000000000018,1,0,0,0,0,required_grid,true,
0.02,0.5,acceleration_limited,1000,2.5,-1,0.97999999999999998,0.0093750000000000014,-0.0091875000000000012,true,true,,,50,50,1,49.999999999999964,1,1.9047619047619073,1.904761904761908,1.9047619047619384,0,1,0.00018375000000000013,0.020000000000000018,1,0,0,0,0,required_grid,true,
0.02,0.5,acceleration_limited,1000,2.5,1,0.97999999999999998,0.0093750000000000014,0.0091875000000000012,true,true,,,50,50,1,49.999999999999964,1,1.9047619047619073,1.904761904761908,1.9047619047619384,0,1,0.00018375000000000013,0.020000000000000018,1,0,0,0,0,required_grid,true,
0.02,0.5,acceleration_limited,1000,2.5,-1,0.98999999999999999,0.0093750000000000014,-0.0092812500000000013,true,true,,,50,50,1,49.999999999999964,1,1.9472887184984218,1.9472887184984367,1.947288718498501,0,1,0.000185625,0.020000000000000018,1,0,0,0,0,required_grid,true,
0.02,0.5,acceleration_limited,1000,2.5,1,0.98999999999999999,0.0093750000000000014,0.0092812500000000013,true,true,,,50,50,1,49.999999999999964,1,1.9472887184984218,1.9472887184984367,1.947288718498501,0,1,0.000185625,0.020000000000000018,1,0,0,0,0,required_grid,true,
0.02,0.5,acceleration_limited,1000,2.5,-1,0.995,0.0093750000000000014,-0.0093281250000000013,true,true,,,50,50,1,49.999999999999964,1,1.9720090879175836,1.9720090879175978,1.9720090879178216,0,1,0.00018656250000000072,0.020000000000000018,1,0,0,0,0,required_grid,true,
0.02,0.5,acceleration_limited,1000,2.5,1,0.995,0.0093750000000000014,0.0093281250000000013,true,true,,,50,50,1,49.999999999999964,1,1.9720090879175836,1.9720090879175978,1.9720090879178216,0,1,0.00018656250000000072,0.020000000000000018,1,0,0,0,0,required_grid,true,
0.02,0.5,acceleration_limited,1000,2.5,-1,1,0.0093750000000000014,-0.0093750000000000014,true,true,,,50,50,1,49.999999999999964,1,1.9999999999999944,2.0000000000000195,2.0000000000000626,0,1,0.00018749999999999984,0.020000000000000018,1,0,0,0,0,required_grid,true,
0.02,0.5,acceleration_limited,1000,2.5,1,1,0.0093750000000000014,0.0093750000000000014,true,true,,,50,50,1,49.999999999999964,1,1.9999999999999944,2.0000000000000195,2.0000000000000626,0,1,0.00018749999999999984,0.020000000000000018,1,0,0,0,0,required_grid,true,
0.02,0.5,acceleration_limited,1000,2.5,-1,1.0049999999999999,0.0093750000000000014,-0.0094218749999999997,true,true,,,50,50,0,0,0,1.9957286624011692,1.9957286624011692,1.9957286624012021,0,1,0.0001886936315877946,0.020000000000000018,1,0,0,0,0,required_grid,true,
0.02,0.5,acceleration_limited,1000,2.5,1,1.0049999999999999,0.0093750000000000014,0.0094218749999999997,true,true,,,50,50,0,0,0,1.9957286624011692,1.9957286624011692,1.9957286624012021,0,1,0.0001886936315877946,0.020000000000000018,1,0,0,0,0,required_grid,true,
0.02,0.5,acceleration_limited,1000,2.5,-1,1.01,0.0093750000000000014,-0.0094687500000000015,true,true,,,50,50,0,0,0,1.9914858607351715,1.9914858607351715,1.9914858607352044,0,0.77419354838709675,0.00019088364231411122,0.020000000000000018,1,0,0,0,0,required_grid,true,
0.02,0.5,acceleration_limited,1000,2.5,1,1.01,0.0093750000000000014,0.0094687500000000015,true,true,,,50,50,0,0,0,1.9914858607351715,1.9914858607351715,1.9914858607352044,0,0.77419354838709675,0.00019088364231411122,0.020000000000000018,1,0,0,0,0,required_grid,true,
0.02,0.5,acceleration_limited,1000,2.5,-1,1.02,0.0093750000000000014,-0.0095625000000000016,true,true,,,50,50,0,0,0,1.9827244348289217,1.980169040935345,1.9830845813166733,0,0.41935483870967744,0.00019378831115055177,0.020000000000000018,1,0,0,0,0,required_grid,true,
0.02,0.5,acceleration_limited,1000,2.5,1,1.02,0.0093750000000000014,0.0095625000000000016,true,true,,,50,50,0,0,0,1.9827244348289217,1.980169040935345,1.9830845813166733,0,0.41935483870967744,0.00019378831115055177,0.020000000000000018,1,0,0,0,0,required_grid,true,
0.02,0.5,acceleration_limited,1000,2.5,-1,1.05,0.0093750000000000014,-0.0098437500000000018,true,true,,,50,50,0,0,0,1.9581537125642718,1.9554220628157022,1.9585331211346158,0,0.45161290322580644,0.00020011165879445599,0.020000000000000018,1,0,0,0,0,required_grid,true,
0.02,0.5,acceleration_limited,1000,2.5,1,1.05,0.0093750000000000014,0.0098437500000000018,true,true,,,50,50,0,0,0,1.9581537125642718,1.9554220628157022,1.9585331211346158,0,0.45161290322580644,0.00020011165879445599,0.020000000000000018,1,0,0,0,0,required_grid,true,
0.02,0.5,acceleration_limited,1000,2.5,-1,1.1000000000000001,0.0093750000000000014,-0.010312500000000002,true,true,,,50,50,0,0,0,1.9031482307108063,1.7370079355524057,1.9196510085930267,0,0.32258064516129031,0.00021024879625111266,0.020000000000000018,1,0,0,0,0,required_grid,true,
0.02,0.5,acceleration_limited,1000,2.5,1,1.1000000000000001,0.0093750000000000014,0.010312500000000002,true,true,,,50,50,0,0,0,1.9031482307108063,1.7370079355524057,1.9196510085930267,0,0.32258064516129031,0.00021024879625111266,0.020000000000000018,1,0,0,0,0,required_grid,true,
0.02,0.5,acceleration_limited,1000,2.5,-1,1.2,0.0093750000000000014,-0.011250000000000001,true,true,,,50,50,0,0,0,1.8328179183420472,1.655885309189528,1.8106947727576408,0.033817408497316633,0.032258064516129031,0.00023082251821494312,0.020000000000000018,1,0,0,0,0,required_grid,true,
0.02,0.5,acceleration_limited,1000,2.5,1,1.2,0.0093750000000000014,0.011250000000000001,true,true,,,50,50,0,0,0,1.8328179183420472,1.655885309189528,1.8106947727576408,0.033817408497316633,0.032258064516129031,0.00023082251821494312,0.020000000000000018,1,0,0,0,0,required_grid,true,
0.02,0.5,acceleration_limited,1000,2.5,-1,2,0.0093750000000000014,-0.018750000000000003,true,true,,,50,50,0,0,0,1.4999999998676095,1.0000000005295939,1.0005862888870176,0.49926737490709511,0,0.00040690445985620431,0.020000000000000018,1,0,0,0,0,required_grid,true,
0.02,0.5,acceleration_limited,1000,2.5,1,2,0.0093750000000000014,0.018750000000000003,true,true,,,50,50,0,0,0,1.4999999998676095,1.0000000005295939,1.0005862888870176,0.49926737490709511,0,0.00040690445985620431,0.020000000000000018,1,0,0,0,0,required_grid,true,
0.02,0.5,acceleration_limited,4000,10,-1,0.5,0.037500000000000006,-0.018750000000000003,true,true,,,50,50,1,49.999999999999964,1,1.333333333333335,1.3333333333334538,1.3333333333336315,0,1,0.00037499999999999914,0.020000000000000018,1,0,0,0,0,required_grid,true,
0.02,0.5,acceleration_limited,4000,10,1,0.5,0.037500000000000006,0.018750000000000003,true,true,,,50,50,1,49.999999999999964,1,1.333333333333335,1.3333333333334538,1.3333333333336315,0,1,0.00037499999999999914,0.020000000000000018,1,0,0,0,0,required_grid,true,
0.02,0.5,acceleration_limited,4000,10,-1,0.80000000000000004,0.037500000000000006,-0.030000000000000006,true,true,,,50,50,1,49.999999999999964,1,1.5600982836583486,1.560098283658367,1.5600982836585913,0,1,0.00060000000000000049,0.020000000000000018,1,0,0,0,0,required_grid,true,
0.02,0.5,acceleration_limited,4000,10,1,0.80000000000000004,0.037500000000000006,0.030000000000000006,true,true,,,50,50,1,49.999999999999964,1,1.5600982836583486,1.560098283658367,1.5600982836585913,0,1,0.00060000000000000049,0.020000000000000018,1,0,0,0,0,required_grid,true,
0.02,0.5,acceleration_limited,4000,10,-1,0.90000000000000002,0.037500000000000006,-0.033750000000000009,true,true,,,50,50,1,49.999999999999964,1,1.7006226237931592,1.7006226237931676,1.7006226237933764,0,1,0.00067500000000000123,0.020000000000000018,1,0,0,0,0,required_grid,true,
0.02,0.5,acceleration_limited,4000,10,1,0.90000000000000002,0.037500000000000006,0.033750000000000009,true,true,,,50,50,1,49.999999999999964,1,1.7006226237931592,1.7006226237931676,1.7006226237933764,0,1,0.00067500000000000123,0.020000000000000018,1,0,0,0,0,required_grid,true,
0.02,0.5,acceleration_limited,4000,10,-1,0.94999999999999996,0.037500000000000006,-0.035625000000000004,true,true,,,50,50,1,49.999999999999964,1,1.8091547749268106,1.8091547749268169,1.8091547749270354,0,1,0.00071250000000000176,0.020000000000000018,1,0,0,0,0,required_grid,true,
0.02,0.5,acceleration_limited,4000,10,1,0.94999999999999996,0.037500000000000006,0.035625000000000004,true,true,,,50,50,1,49.999999999999964,1,1.8091547749268106,1.8091547749268169,1.8091547749270354,0,1,0.00071250000000000176,0.020000000000000018,1,0,0,0,0,required_grid,true,
0.02,0.5,acceleration_limited,4000,10,-1,0.97999999999999998,0.037500000000000006,-0.036750000000000005,true,true,,,50,50,1,49.999999999999964,1,1.9047619047619073,1.904761904761908,1.9047619047619384,0,1,0.00073500000000000052,0.020000000000000018,1,0,0,0,0,required_grid,true,
0.02,0.5,acceleration_limited,4000,10,1,0.97999999999999998,0.037500000000000006,0.036750000000000005,true,true,,,50,50,1,49.999999999999964,1,1.9047619047619073,1.904761904761908,1.9047619047619384,0,1,0.00073500000000000052,0.020000000000000018,1,0,0,0,0,required_grid,true,
0.02,0.5,acceleration_limited,4000,10,-1,0.98999999999999999,0.037500000000000006,-0.037125000000000005,true,true,,,50,50,1,49.999999999999964,1,1.9472887184984218,1.9472887184984367,1.947288718498501,0,1,0.0007425,0.020000000000000018,1,0,0,0,0,required_grid,true,
0.02,0.5,acceleration_limited,4000,10,1,0.98999999999999999,0.037500000000000006,0.037125000000000005,true,true,,,50,50,1,49.999999999999964,1,1.9472887184984218,1.9472887184984367,1.947288718498501,0,1,0.0007425,0.020000000000000018,1,0,0,0,0,required_grid,true,
0.02,0.5,acceleration_limited,4000,10,-1,0.995,0.037500000000000006,-0.037312500000000005,true,true,,,50,50,1,49.999999999999964,1,1.9720090879175836,1.9720090879175978,1.9720090879178216,0,1,0.00074625000000000288,0.020000000000000018,1,0,0,0,0,required_grid,true,
0.02,0.5,acceleration_limited,4000,10,1,0.995,0.037500000000000006,0.037312500000000005,true,true,,,50,50,1,49.999999999999964,1,1.9720090879175836,1.9720090879175978,1.9720090879178216,0,1,0.00074625000000000288,0.020000000000000018,1,0,0,0,0,required_grid,true,
0.02,0.5,acceleration_limited,4000,10,-1,1,0.037500000000000006,-0.037500000000000006,true,true,,,50,50,1,49.999999999999964,1,1.9999999999999944,2.0000000000000195,2.0000000000000626,0,1,0.00074999999999999937,0.020000000000000018,1,0,0,0,0,required_grid,true,
0.02,0.5,acceleration_limited,4000,10,1,1,0.037500000000000006,0.037500000000000006,true,true,,,50,50,1,49.999999999999964,1,1.9999999999999944,2.0000000000000195,2.0000000000000626,0,1,0.00074999999999999937,0.020000000000000018,1,0,0,0,0,required_grid,true,
0.02,0.5,acceleration_limited,4000,10,-1,1.0049999999999999,0.037500000000000006,-0.037687499999999999,true,true,,,50,50,0,0,0,1.9957286624011692,1.9957286624011692,1.9957286624012021,0,1,0.0007547745263511784,0.020000000000000018,1,0,0,0,0,required_grid,true,
0.02,0.5,acceleration_limited,4000,10,1,1.0049999999999999,0.037500000000000006,0.037687499999999999,true,true,,,50,50,0,0,0,1.9957286624011692,1.9957286624011692,1.9957286624012021,0,1,0.0007547745263511784,0.020000000000000018,1,0,0,0,0,required_grid,true,
0.02,0.5,acceleration_limited,4000,10,-1,1.01,0.037500000000000006,-0.037875000000000006,true,true,,,50,50,0,0,0,1.9914858607351715,1.9914858607351715,1.9914858607352044,0,0.77419354838709675,0.00076353456925644489,0.020000000000000018,1,0,0,0,0,required_grid,true,
0.02,0.5,acceleration_limited,4000,10,1,1.01,0.037500000000000006,0.037875000000000006,true,true,,,50,50,0,0,0,1.9914858607351715,1.9914858607351715,1.9914858607352044,0,0.77419354838709675,0.00076353456925644489,0.020000000000000018,1,0,0,0,0,required_grid,true,
0.02,0.5,acceleration_limited,4000,10,-1,1.02,0.037500000000000006,-0.038250000000000006,true,true,,,50,50,0,0,0,1.9827244348289217,1.980169040935345,1.9830845813166733,0,0.41935483870967744,0.00077515324460220708,0.020000000000000018,1,0,0,0,0,required_grid,true,
0.02,0.5,acceleration_limited,4000,10,1,1.02,0.037500000000000006,0.038250000000000006,true,true,,,50,50,0,0,0,1.9827244348289217,1.980169040935345,1.9830845813166733,0,0.41935483870967744,0.00077515324460220708,0.020000000000000018,1,0,0,0,0,required_grid,true,
0.02,0.5,acceleration_limited,4000,10,-1,1.05,0.037500000000000006,-0.039375000000000007,true,true,,,50,50,0,0,0,1.9581537125642718,1.9554220628157022,1.9585331211346158,0,0.45161290322580644,0.00080044663517782398,0.020000000000000018,1,0,0,0,0,required_grid,true,
0.02,0.5,acceleration_limited,4000,10,1,1.05,0.037500000000000006,0.039375000000000007,true,true,,,50,50,0,0,0,1.9581537125642718,1.9554220628157022,1.9585331211346158,0,0.45161290322580644,0.00080044663517782398,0.020000000000000018,1,0,0,0,0,required_grid,true,
0.02,0.5,acceleration_limited,4000,10,-1,1.1000000000000001,0.037500000000000006,-0.041250000000000009,true,true,,,50,50,0,0,0,1.9031482307108063,1.7370079355524057,1.9196510085930267,0,0.32258064516129031,0.00084099518500445065,0.020000000000000018,1,0,0,0,0,required_grid,true,
0.02,0.5,acceleration_limited,4000,10,1,1.1000000000000001,0.037500000000000006,0.041250000000000009,true,true,,,50,50,0,0,0,1.9031482307108063,1.7370079355524057,1.9196510085930267,0,0.32258064516129031,0.00084099518500445065,0.020000000000000018,1,0,0,0,0,required_grid,true,
0.02,0.5,acceleration_limited,4000,10,-1,1.2,0.037500000000000006,-0.045000000000000005,true,true,,,50,50,0,0,0,1.8328179183420472,1.655885309189528,1.8106947727576408,0.033817408497316633,0.032258064516129031,0.00092329007285977247,0.020000000000000018,1,0,0,0,0,required_grid,true,
0.02,0.5,acceleration_limited,4000,10,1,1.2,0.037500000000000006,0.045000000000000005,true,true,,,50,50,0,0,0,1.8328179183420472,1.655885309189528,1.8106947727576408,0.033817408497316633,0.032258064516129031,0.00092329007285977247,0.020000000000000018,1,0,0,0,0,required_grid,true,
0.02,0.5,acceleration_limited,4000,10,-1,2,0.037500000000000006,-0.075000000000000011,true,true,,,50,50,0,0,0,1.4999999998676095,1.0000000005295939,1.0005862888870176,0.49926737490709511,0,0.0016276178394248172,0.020000000000000018,1,0,0,0,0,required_grid,true,
0.02,0.5,acceleration_limited,4000,10,1,2,0.037500000000000006,0.075000000000000011,true,true,,,50,50,0,0,0,1.4999999998676095,1.0000000005295939,1.0005862888870176,0.49926737490709511,0,0.0016276178394248172,0.020000000000000018,1,0,0,0,0,required_grid,true,
0.02,0.80000000000000004,acceleration_limited,1000,4,-1,0.5,0.012,-0.0060000000000000001,true,true,,,50,50,1,49.999999999999964,1,1.4102017337371668,1.4102017337372212,1.410201733737376,0,1,0.00012000000000000006,0.020000000000000018,1,0,0,0,0,required_grid,true,
0.02,0.80000000000000004,acceleration_limited,1000,4,1,0.5,0.012,0.0060000000000000001,true,true,,,50,50,1,49.999999999999964,1,1.4102017337371668,1.4102017337372212,1.410201733737376,0,1,0.00012000000000000006,0.020000000000000018,1,0,0,0,0,required_grid,true,
0.02,0.80000000000000004,acceleration_limited,1000,4,-1,0.80000000000000004,0.012,-0.0096000000000000009,true,true,,,50,50,1,49.999999999999964,1,1.6666666666666692,1.6666666666666694,1.6666666666666754,0,1,0.00019200000000000025,0.020000000000000018,1,0,0,0,0,required_grid,true,
0.02,0.80000000000000004,acceleration_limited,1000,4,1,0.80000000000000004,0.012,0.0096000000000000009,true,true,,,50,50,1,49.999999999999964,1,1.6666666666666692,1.6666666666666694,1.6666666666666754,0,1,0.00019200000000000025,0.020000000000000018,1,0,0,0,0,required_grid,true,
0.02,0.80000000000000004,acceleration_limited,1000,4,-1,0.90000000000000002,0.012,-0.010800000000000001,true,true,,,50,50,1,49.999999999999964,1,1.7917490147524451,1.7917490147524651,1.7917490147524857,0,1,0.00021600000000000013,0.020000000000000018,1,0,0,0,0,required_grid,true,
0.02,0.80000000000000004,acceleration_limited,1000,4,1,0.90000000000000002,0.012,0.010800000000000001,true,true,,,50,50,1,49.999999999999964,1,1.7917490147524451,1.7917490147524651,1.7917490147524857,0,1,0.00021600000000000013,0.020000000000000018,1,0,0,0,0,required_grid,true,
0.02,0.80000000000000004,acceleration_limited,1000,4,-1,0.94999999999999996,0.012,-0.0114,true,true,,,50,50,1,49.999999999999964,1,1.878683750503656,1.878683750503656,1.8786837505036882,0,1,0.00022799999999999969,0.020000000000000018,1,0,0,0,0,required_grid,true,
0.02,0.80000000000000004,acceleration_limited,1000,4,1,0.94999999999999996,0.012,0.0114,true,true,,,50,50,1,49.999999999999964,1,1.878683750503656,1.878683750503656,1.8786837505036882,0,1,0.00022799999999999969,0.020000000000000018,1,0,0,0,0,required_grid,true,
0.02,0.80000000000000004,acceleration_limited,1000,4,-1,0.97999999999999998,0.012,-0.01176,true,true,,,50,50,1,49.999999999999964,1,1.9454588944903826,1.9454588944903828,1.9454588944904017,0,1,0.00023519999999999959,0.020000000000000018,1,0,0,0,0,required_grid,true,
0.02,0.80000000000000004,acceleration_limited,1000,4,1,0.97999999999999998,0.012,0.01176,true,true,,,50,50,1,49.999999999999964,1,1.9454588944903826,1.9454588944903828,1.9454588944904017,0,1,0.00023519999999999959,0.020000000000000018,1,0,0,0,0,required_grid,true,
0.02,0.80000000000000004,acceleration_limited,1000,4,-1,0.98999999999999999,0.012,-0.01188,true,true,,,50,50,1,49.999999999999964,1,1.9714609229115441,1.9714609229115441,1.9714609229115641,0,1,0.00023759999999999951,0.020000000000000018,1,0,0,0,0,required_grid,true,
0.02,0.80000000000000004,acceleration_limited,1000,4,1,0.98999999999999999,0.012,0.01188,true,true,,,50,50,1,49.999999999999964,1,1.9714609229115441,1.9714609229115441,1.9714609229115641,0,1,0.00023759999999999951,0.020000000000000018,1,0,0,0,0,required_grid,true,
0.02,0.80000000000000004,acceleration_limited,1000,4,-1,0.995,0.012,-0.011940000000000001,true,true,,,50,50,1,49.999999999999964,1,1.9853788491347495,1.9853788491347584,1.9853788491347772,0,1,0.00023879999999999968,0.020000000000000018,1,0,0,0,0,required_grid,true,
0.02,0.80000000000000004,acceleration_limited,1000,4,1,0.995,0.012,0.011940000000000001,true,true,,,50,50,1,49.999999999999964,1,1.9853788491347495,1.9853788491347584,1.9853788491347772,0,1,0.00023879999999999968,0.020000000000000018,1,0,0,0,0,required_grid,true,
0.02,0.80000000000000004,acceleration_limited,1000,4,-1,1,0.012,-0.012,true,true,,,50,50,1,49.999999999999964,1,2.0000000000000036,2.0000000000000142,2.0000000000000409,0,1,0.00023999999999999971,0.020000000000000018,1,0,0,0,0,required_grid,true,
0.02,0.80000000000000004,acceleration_limited,1000,4,1,1,0.012,0.012,true,true,,,50,50,1,49.999999999999964,1,2.0000000000000036,2.0000000000000142,2.0000000000000409,0,1,0.00023999999999999971,0.020000000000000018,1,0,0,0,0,required_grid,true,
0.02,0.80000000000000004,acceleration_limited,1000,4,-1,1.0049999999999999,0.012,-0.01206,true,true,,,50,50,0,0,0,1.9962613859674259,1.9962613859674259,1.9962613859674514,0,1,0.00024137157078456923,0.020000000000000018,1,0,0,0,0,required_grid,true,
0.02,0.80000000000000004,acceleration_limited,1000,4,1,1.0049999999999999,0.012,0.01206,true,true,,,50,50,0,0,0,1.9962613859674259,1.9962613859674259,1.9962613859674514,0,1,0.00024137157078456923,0.020000000000000018,1,0,0,0,0,required_grid,true,
0.02,0.80000000000000004,acceleration_limited,1000,4,-1,1.01,0.012,-0.012120000000000001,true,true,,,50,50,0,0,0,1.9925453857967119,1.9925453857967119,1.9925453857967452,0,1,0.00024377045596990466,0.020000000000000018,1,0,0,0,0,required_grid,true,
0.02,0.80000000000000004,acceleration_limited,1000,4,1,1.01,0.012,0.012120000000000001,true,true,,,50,50,0,0,0,1.9925453857967119,1.9925453857967119,1.9925453857967452,0,1,0.00024377045596990466,0.020000000000000018,1,0,0,0,0,required_grid,true,
0.02,0.80000000000000004,acceleration_limited,1000,4,-1,1.02,0.012,-0.012240000000000001,true,true,,,50,50,0,0,0,1.9851802925733715,1.9851802925733715,1.9851802925733959,0,0.74193548387096775,0.00025165098857447696,0.020000000000000018,1,0,0,0,0,required_grid,true,
0.02,0.80000000000000004,acceleration_limited,1000,4,1,1.02,0.012,0.012240000000000001,true,true,,,50,50,0,0,0,1.9851802925733715,1.9851802925733715,1.9851802925733959,0,0.74193548387096775,0.00025165098857447696,0.020000000000000018,1,0,0,0,0,required_grid,true,
0.02,0.80000000000000004,acceleration_limited,1000,4,-1,1.05,0.012,-0.0126,true,true,,,50,50,0,0,0,1.958638382877586,1.9379994663859579,1.96360405456269,0,0.41935483870967744,0.00026342903588931965,0.020000000000000018,1,0,0,0,0,required_grid,true,
0.02,0.80000000000000004,acceleration_limited,1000,4,1,1.05,0.012,0.0126,true,true,,,50,50,0,0,0,1.958638382877586,1.9379994663859579,1.96360405456269,0,0.41935483870967744,0.00026342903588931965,0.020000000000000018,1,0,0,0,0,required_grid,true,
0.02,0.80000000000000004,acceleration_limited,1000,4,-1,1.1000000000000001,0.012,-0.013200000000000002,true,true,,,50,50,0,0,0,1.9004383128773161,1.7654729944505834,1.9292728076790275,0,0.29032258064516131,0.00027696996527757945,0.020000000000000018,1,0,0,0,0,required_grid,true,
0.02,0.80000000000000004,acceleration_limited,1000,4,1,1.1000000000000001,0.012,0.013200000000000002,true,true,,,50,50,0,0,0,1.9004383128773161,1.7654729944505834,1.9292728076790275,0,0.29032258064516131,0.00027696996527757945,0.020000000000000018,1,0,0,0,0,required_grid,true,
0.02,0.80000000000000004,acceleration_limited,1000,4,-1,1.2,0.012,-0.0144,true,true,,,50,50,0,0,0,1.8169642586951447,1.5321386672303863,1.8660549686337142,0,0.35483870967741937,0.00030433763004784122,0.020000000000000018,1,0,0,0,0,required_grid,true,
0.02,0.80000000000000004,acceleration_limited,1000,4,1,1.2,0.012,0.0144,true,true,,,50,50,0,0,0,1.8169642586951447,1.5321386672303863,1.8660549686337142,0,0.35483870967741937,0.00030433763004784122,0.020000000000000018,1,0,0,0,0,required_grid,true,
0.02,0.80000000000000004,acceleration_limited,1000,4,-1,2,0.012,-0.024,true,true,,,50,50,0,0,0,1.5000067612778114,0.99993240367198666,1.0127116889846719,0.48607710069968307,0,0.00053262107702452526,0.020000000000000018,1,0,0,0,0,required_grid,true,
0.02,0.80000000000000004,acceleration_limited,1000,4,1,2,0.012,0.024,true,true,,,50,50,0,0,0,1.5000067612778114,0.99993240367198666,1.0127116889846719,0.48607710069968307,0,0.00053262107702452526,0.020000000000000018,1,0,0,0,0,required_grid,true,
0.02,0.80000000000000004,acceleration_limited,4000,16,-1,0.5,0.048000000000000001,-0.024,true,true,,,50,50,1,49.999999999999964,1,1.4102017337371675,1.4102017337372212,1.410201733737376,0,1,0.00047999999999999942,0.020000000000000018,1,0,0,0,0,required_grid,true,
0.02,0.80000000000000004,acceleration_limited,4000,16,1,0.5,0.048000000000000001,0.024,true,true,,,50,50,1,49.999999999999964,1,1.4102017337371675,1.4102017337372212,1.410201733737376,0,1,0.00047999999999999942,0.020000000000000018,1,0,0,0,0,required_grid,true,
0.02,0.80000000000000004,acceleration_limited,4000,16,-1,0.80000000000000004,0.048000000000000001,-0.038400000000000004,true,true,,,50,50,1,49.999999999999964,1,1.6666666666666694,1.6666666666666694,1.6666666666666694,0,1,0.00076800000000000132,0.020000000000000018,1,0,0,0,0,required_grid,true,
0.02,0.80000000000000004,acceleration_limited,4000,16,1,0.80000000000000004,0.048000000000000001,0.038400000000000004,true,true,,,50,50,1,49.999999999999964,1,1.6666666666666694,1.6666666666666694,1.6666666666666694,0,1,0.00076800000000000132,0.020000000000000018,1,0,0,0,0,required_grid,true,
0.02,0.80000000000000004,acceleration_limited,4000,16,-1,0.90000000000000002,0.048000000000000001,-0.043200000000000002,true,true,,,50,50,1,49.999999999999964,1,1.7917490147524451,1.7917490147524651,1.7917490147524857,0,1,0.00086400000000000051,0.020000000000000018,1,0,0,0,0,required_grid,true,
0.02,0.80000000000000004,acceleration_limited,4000,16,1,0.90000000000000002,0.048000000000000001,0.043200000000000002,true,true,,,50,50,1,49.999999999999964,1,1.7917490147524451,1.7917490147524651,1.7917490147524857,0,1,0.00086400000000000051,0.020000000000000018,1,0,0,0,0,required_grid,true,
0.02,0.80000000000000004,acceleration_limited,4000,16,-1,0.94999999999999996,0.048000000000000001,-0.045600000000000002,true,true,,,50,50,1,49.999999999999964,1,1.878683750503656,1.878683750503656,1.8786837505036882,0,1,0.00091199999999999875,0.020000000000000018,1,0,0,0,0,required_grid,true,
0.02,0.80000000000000004,acceleration_limited,4000,16,1,0.94999999999999996,0.048000000000000001,0.045600000000000002,true,true,,,50,50,1,49.999999999999964,1,1.878683750503656,1.878683750503656,1.8786837505036882,0,1,0.00091199999999999875,0.020000000000000018,1,0,0,0,0,required_grid,true,
0.02,0.80000000000000004,acceleration_limited,4000,16,-1,0.97999999999999998,0.048000000000000001,-0.047039999999999998,true,true,,,50,50,1,49.999999999999964,1,1.9454588944903826,1.9454588944903828,1.9454588944904017,0,1,0.00094079999999999837,0.020000000000000018,1,0,0,0,0,required_grid,true,
0.02,0.80000000000000004,acceleration_limited,4000,16,1,0.97999999999999998,0.048000000000000001,0.047039999999999998,true,true,,,50,50,1,49.999999999999964,1,1.9454588944903826,1.9454588944903828,1.9454588944904017,0,1,0.00094079999999999837,0.020000000000000018,1,0,0,0,0,required_grid,true,
0.02,0.80000000000000004,acceleration_limited,4000,16,-1,0.98999999999999999,0.048000000000000001,-0.04752,true,true,,,50,50,1,49.999999999999964,1,1.9714609229115441,1.9714609229115441,1.9714609229115641,0,1,0.00095039999999999806,0.020000000000000018,1,0,0,0,0,required_grid,true,
0.02,0.80000000000000004,acceleration_limited,4000,16,1,0.98999999999999999,0.048000000000000001,0.04752,true,true,,,50,50,1,49.999999999999964,1,1.9714609229115441,1.9714609229115441,1.9714609229115641,0,1,0.00095039999999999806,0.020000000000000018,1,0,0,0,0,required_grid,true,
0.02,0.80000000000000004,acceleration_limited,4000,16,-1,0.995,0.048000000000000001,-0.047760000000000004,true,true,,,50,50,1,49.999999999999964,1,1.9853788491347495,1.9853788491347584,1.9853788491347772,0,1,0.00095519999999999872,0.020000000000000018,1,0,0,0,0,required_grid,true,
0.02,0.80000000000000004,acceleration_limited,4000,16,1,0.995,0.048000000000000001,0.047760000000000004,true,true,,,50,50,1,49.999999999999964,1,1.9853788491347495,1.9853788491347584,1.9853788491347772,0,1,0.00095519999999999872,0.020000000000000018,1,0,0,0,0,required_grid,true,
0.02,0.80000000000000004,acceleration_limited,4000,16,-1,1,0.048000000000000001,-0.048000000000000001,true,true,,,50,50,1,49.999999999999964,1,2.0000000000000036,2.0000000000000142,2.0000000000000409,0,1,0.00095999999999999883,0.020000000000000018,1,0,0,0,0,required_grid,true,
0.02,0.80000000000000004,acceleration_limited,4000,16,1,1,0.048000000000000001,0.048000000000000001,true,true,,,50,50,1,49.999999999999964,1,2.0000000000000036,2.0000000000000142,2.0000000000000409,0,1,0.00095999999999999883,0.020000000000000018,1,0,0,0,0,required_grid,true,
0.02,0.80000000000000004,acceleration_limited,4000,16,-1,1.0049999999999999,0.048000000000000001,-0.048239999999999998,true,true,,,50,50,0,0,0,1.9962613859674259,1.9962613859674259,1.9962613859674514,0,1,0.00096548628313827692,0.020000000000000018,1,0,0,0,0,required_grid,true,
0.02,0.80000000000000004,acceleration_limited,4000,16,1,1.0049999999999999,0.048000000000000001,0.048239999999999998,true,true,,,50,50,0,0,0,1.9962613859674259,1.9962613859674259,1.9962613859674514,0,1,0.00096548628313827692,0.020000000000000018,1,0,0,0,0,required_grid,true,
0.02,0.80000000000000004,acceleration_limited,4000,16,-1,1.01,0.048000000000000001,-0.048480000000000002,true,true,,,50,50,0,0,0,1.9925453857967119,1.9925453857967119,1.9925453857967452,0,1,0.00097508182387961865,0.020000000000000018,1,0,0,0,0,required_grid,true,
0.02,0.80000000000000004,acceleration_limited,4000,16,1,1.01,0.048000000000000001,0.048480000000000002,true,true,,,50,50,0,0,0,1.9925453857967119,1.9925453857967119,1.9925453857967452,0,1,0.00097508182387961865,0.020000000000000018,1,0,0,0,0,required_grid,true,
0.02,0.80000000000000004,acceleration_limited,4000,16,-1,1.02,0.048000000000000001,-0.048960000000000004,true,true,,,50,50,0,0,0,1.9851802925733715,1.9851802925733715,1.9851802925733959,0,0.74193548387096775,0.0010066039542979079,0.020000000000000018,1,0,0,0,0,required_grid,true,
0.02,0.80000000000000004,acceleration_limited,4000,16,1,1.02,0.048000000000000001,0.048960000000000004,true,true,,,50,50,0,0,0,1.9851802925733715,1.9851802925733715,1.9851802925733959,0,0.74193548387096775,0.0010066039542979079,0.020000000000000018,1,0,0,0,0,required_grid,true,
0.02,0.80000000000000004,acceleration_limited,4000,16,-1,1.05,0.048000000000000001,-0.0504,true,true,,,50,50,0,0,0,1.958638382877586,1.9379994663859579,1.96360405456269,0,0.41935483870967744,0.0010537161435572786,0.020000000000000018,1,0,0,0,0,required_grid,true,
0.02,0.80000000000000004,acceleration_limited,4000,16,1,1.05,0.048000000000000001,0.0504,true,true,,,50,50,0,0,0,1.958638382877586,1.9379994663859579,1.96360405456269,0,0.41935483870967744,0.0010537161435572786,0.020000000000000018,1,0,0,0,0,required_grid,true,
0.02,0.80000000000000004,acceleration_limited,4000,16,-1,1.1000000000000001,0.048000000000000001,-0.052800000000000007,true,true,,,50,50,0,0,0,1.9004383128773161,1.7654729944505834,1.9292728076790275,0,0.29032258064516131,0.0011078798611103178,0.020000000000000018,1,0,0,0,0,required_grid,true,
0.02,0.80000000000000004,acceleration_limited,4000,16,1,1.1000000000000001,0.048000000000000001,0.052800000000000007,true,true,,,50,50,0,0,0,1.9004383128773161,1.7654729944505834,1.9292728076790275,0,0.29032258064516131,0.0011078798611103178,0.020000000000000018,1,0,0,0,0,required_grid,true,
0.02,0.80000000000000004,acceleration_limited,4000,16,-1,1.2,0.048000000000000001,-0.057599999999999998,true,true,,,50,50,0,0,0,1.8169642586951447,1.5321386672303863,1.8660549686337142,0,0.35483870967741937,0.0012173505201913649,0.020000000000000018,1,0,0,0,0,required_grid,true,
0.02,0.80000000000000004,acceleration_limited,4000,16,1,1.2,0.048000000000000001,0.057599999999999998,true,true,,,50,50,0,0,0,1.8169642586951447,1.5321386672303863,1.8660549686337142,0,0.35483870967741937,0.0012173505201913649,0.020000000000000018,1,0,0,0,0,required_grid,true,
0.02,0.80000000000000004,acceleration_limited,4000,16,-1,2,0.048000000000000001,-0.096000000000000002,true,true,,,50,50,0,0,0,1.5000067612778114,0.99993240367198666,1.0127116889846719,0.48607710069968307,0,0.002130484308098101,0.020000000000000018,1,0,0,0,0,required_grid,true,
0.02,0.80000000000000004,acceleration_limited,4000,16,1,2,0.048000000000000001,0.096000000000000002,true,true,,,50,50,0,0,0,1.5000067612778114,0.99993240367198666,1.0127116889846719,0.48607710069968307,0,0.002130484308098101,0.020000000000000018,1,0,0,0,0,required_grid,true,
0.02,0.94999999999999996,acceleration_limited,1000,4.75,-1,0.5,0.012468750000000001,-0.0062343750000000003,true,true,,,50,50,1,49.999999999999964,1,1.424522000725853,1.4245220007259158,1.4245220007259873,0,1,0.00012468750000000012,0.020000000000000018,1,0,0,0,0,required_grid,true,
0.02,0.94999999999999996,acceleration_limited,1000,4.75,1,0.5,0.012468750000000001,0.0062343750000000003,true,true,,,50,50,1,49.999999999999964,1,1.424522000725853,1.4245220007259158,1.4245220007259873,0,1,0.00012468750000000012,0.020000000000000018,1,0,0,0,0,required_grid,true,
0.02,0.94999999999999996,acceleration_limited,1000,4.75,-1,0.80000000000000004,0.012468750000000001,-0.0099750000000000012,true,true,,,50,50,1,49.999999999999964,1,1.7001340536782232,1.7001340536782228,1.7001340536782623,0,1,0.00019949999999999986,0.020000000000000018,1,0,0,0,0,required_grid,true,
0.02,0.94999999999999996,acceleration_limited,1000,4.75,1,0.80000000000000004,0.012468750000000001,0.0099750000000000012,true,true,,,50,50,1,49.999999999999964,1,1.7001340536782232,1.7001340536782228,1.7001340536782623,0,1,0.00019949999999999986,0.020000000000000018,1,0,0,0,0,required_grid,true,
0.02,0.94999999999999996,acceleration_limited,1000,4.75,-1,0.90000000000000002,0.012468750000000001,-0.011221875000000001,true,true,,,50,50,1,49.999999999999964,1,1.8278017881831523,1.8278017881831528,1.8278017881831596,0,1,0.00022443749999999978,0.020000000000000018,1,0,0,0,0,required_grid,true,
0.02,0.94999999999999996,acceleration_limited,1000,4.75,1,0.90000000000000002,0.012468750000000001,0.011221875000000001,true,true,,,50,50,1,49.999999999999964,1,1.8278017881831523,1.8278017881831528,1.8278017881831596,0,1,0.00022443749999999978,0.020000000000000018,1,0,0,0,0,required_grid,true,
0.02,0.94999999999999996,acceleration_limited,1000,4.75,-1,0.94999999999999996,0.012468750000000001,-0.0118453125,true,true,,,50,50,1,49.999999999999964,1,1.9047619047618864,1.9047619047619349,1.904761904762029,0,1,0.00023690625000000044,0.020000000000000018,1,0,0,0,0,required_grid,true,
0.02,0.94999999999999996,acceleration_limited,1000,4.75,1,0.94999999999999996,0.012468750000000001,0.0118453125,true,true,,,50,50,1,49.999999999999964,1,1.9047619047618864,1.9047619047619349,1.904761904762029,0,1,0.00023690625000000044,0.020000000000000018,1,0,0,0,0,required_grid,true,
0.02,0.94999999999999996,acceleration_limited,1000,4.75,-1,0.97999999999999998,0.012468750000000001,-0.012219375000000001,true,true,,,50,50,1,49.999999999999964,1,1.9585522845737751,1.9585522845737757,1.9585522845738219,0,1,0.00024438750000000032,0.020000000000000018,1,0,0,0,0,required_grid,true,
0.02,0.94999999999999996,acceleration_limited,1000,4.75,1,0.97999999999999998,0.012468750000000001,0.012219375000000001,true,true,,,50,50,1,49.999999999999964,1,1.9585522845737751,1.9585522845737757,1.9585522845738219,0,1,0.00024438750000000032,0.020000000000000018,1,0,0,0,0,required_grid,true,
0.02,0.94999999999999996,acceleration_limited,1000,4.75,-1,0.98999999999999999,0.012468750000000001,-0.012344062500000001,true,true,,,50,50,1,49.999999999999964,1,1.9786175433701554,1.9786175433701745,1.9786175433702209,0,1,0.00024688124999999966,0.020000000000000018,1,0,0,0,0,required_grid,true,
0.02,0.94999999999999996,acceleration_limited,1000,4.75,1,0.98999999999999999,0.012468750000000001,0.012344062500000001,true,true,,,50,50,1,49.999999999999964,1,1.9786175433701554,1.9786175433701745,1.9786175433702209,0,1,0.00024688124999999966,0.020000000000000018,1,0,0,0,0,required_grid,true,
0.02,0.94999999999999996,acceleration_limited,1000,4.75,-1,0.995,0.012468750000000001,-0.01240640625,true,true,,,50,50,1,49.999999999999964,1,1.9891324254752289,1.9891324254752407,1.9891324254753049,0,1,0.00024812812499999974,0.020000000000000018,1,0,0,0,0,required_grid,true,
0.02,0.94999999999999996,acceleration_limited,1000,4.75,1,0.995,0.012468750000000001,0.01240640625,true,true,,,50,50,1,49.999999999999964,1,1.9891324254752289,1.9891324254752407,1.9891324254753049,0,1,0.00024812812499999974,0.020000000000000018,1,0,0,0,0,required_grid,true,
0.02,0.94999999999999996,acceleration_limited,1000,4.75,-1,1,0.012468750000000001,-0.012468750000000001,true,true,,,50,50,1,49.999999999999964,1,2.0000000000000004,2.0000000000000107,2.000000000000044,0,1,0.00024937500000000014,0.020000000000000018,1,0,0,0,0,required_grid,true,
0.02,0.94999999999999996,acceleration_limited,1000,4.75,1,1,0.012468750000000001,0.012468750000000001,true,true,,,50,50,1,49.999999999999964,1,2.0000000000000004,2.0000000000000107,2.000000000000044,0,1,0.00024937500000000014,0.020000000000000018,1,0,0,0,0,required_grid,true,
0.02,0.94999999999999996,acceleration_limited,1000,4.75,-1,1.0049999999999999,0.012468750000000001,-0.01253109375,true,true,,,50,50,0,0,0,1.9965671564280496,1.9965671564280496,1.9965671564280667,0,1,0.00025075462741195833,0.020000000000000018,1,0,0,0,0,required_grid,true,
0.02,0.94999999999999996,acceleration_limited,1000,4.75,1,1.0049999999999999,0.012468750000000001,0.01253109375,true,true,,,50,50,0,0,0,1.9965671564280496,1.9965671564280496,1.9965671564280667,0,1,0.00025075462741195833,0.020000000000000018,1,0,0,0,0,required_grid,true,
0.02,0.94999999999999996,acceleration_limited,1000,4.75,-1,1.01,0.012468750000000001,-0.0125934375,true,true,,,50,50,0,0,0,1.9931537435792543,1.9931537435792541,1.9931537435792821,0,1,0.00025292874541991522,0.020000000000000018,1,0,0,0,0,required_grid,true,
0.02,0.94999999999999996,acceleration_limited,1000,4.75,1,1.01,0.012468750000000001,0.0125934375,true,true,,,50,50,0,0,0,1.9931537435792543,1.9931537435792541,1.9931537435792821,0,1,0.00025292874541991522,0.020000000000000018,1,0,0,0,0,required_grid,true,
0.02,0.94999999999999996,acceleration_limited,1000,4.75,-1,1.02,0.012468750000000001,-0.012718125,true,true,,,50,50,0,0,0,1.9863844525656014,1.9863844525656018,1.9863844525656276,0,0.87096774193548387,0.00026229936063726594,0.020000000000000018,1,0,0,0,0,required_grid,true,
0.02,0.94999999999999996,acceleration_limited,1000,4.75,1,1.02,0.012468750000000001,0.012718125,true,true,,,50,50,0,0,0,1.9863844525656014,1.9863844525656018,1.9863844525656276,0,0.87096774193548387,0.00026229936063726594,0.020000000000000018,1,0,0,0,0,required_grid,true,
0.02,0.94999999999999996,acceleration_limited,1000,4.75,-1,1.05,0.012468750000000001,-0.013092187500000001,true,true,,,50,50,0,0,0,1.9647093231954251,1.9587354139476525,1.9665236875590015,0,0.4838709677419355,0.00027937791225341802,0.020000000000000018,1,0,0,0,0,required_grid,true,
0.02,0.94999999999999996,acceleration_limited,1000,4.75,1,1.05,0.012468750000000001,0.013092187500000001,true,true,,,50,50,0,0,0,1.9647093231954251,1.9587354139476525,1.9665236875590015,0,0.4838709677419355,0.00027937791225341802,0.020000000000000018,1,0,0,0,0,required_grid,true,
0.02,0.94999999999999996,acceleration_limited,1000,4.75,-1,1.1000000000000001,0.012468750000000001,-0.013715625000000002,true,true,,,50,50,0,0,0,1.8998374292733557,1.7735830807615582,1.9348304656786564,0,0.41935483870967744,0.00029461456199140964,0.020000000000000018,1,0,0,0,0,required_grid,true,
0.02,0.94999999999999996,acceleration_limited,1000,4.75,1,1.1000000000000001,0.012468750000000001,0.013715625000000002,true,true,,,50,50,0,0,0,1.8998374292733557,1.7735830807615582,1.9348304656786564,0,0.41935483870967744,0.00029461456199140964,0.020000000000000018,1,0,0,0,0,required_grid,true,
0.02,0.94999999999999996,acceleration_limited,1000,4.75,-1,1.2,0.012468750000000001,-0.0149625,true,true,,,50,50,0,0,0,1.8318236900913623,1.6584703074080569,1.8761789809215279,0,0.25806451612903225,0.00032328954872105973,0.020000000000000018,1,0,0,0,0,required_grid,true,
0.02,0.94999999999999996,acceleration_limited,1000,4.75,1,1.2,0.012468750000000001,0.0149625,true,true,,,50,50,0,0,0,1.8318236900913623,1.6584703074080569,1.8761789809215279,0,0.25806451612903225,0.00032328954872105973,0.020000000000000018,1,0,0,0,0,required_grid,true,
0.02,0.94999999999999996,acceleration_limited,1000,4.75,-1,2,0.012468750000000001,-0.024937500000000001,true,true,,,50,50,0,0,0,1.5843542276539457,1.5511589987058407,1.5646786880319778,0,0.4838709677419355,0.00057271996110753933,0.020000000000000018,1,0,0,0,0,required_grid,true,
0.02,0.94999999999999996,acceleration_limited,1000,4.75,1,2,0.012468750000000001,0.024937500000000001,true,true,,,50,50,0,0,0,1.5843542276539457,1.5511589987058407,1.5646786880319778,0,0.4838709677419355,0.00057271996110753933,0.020000000000000018,1,0,0,0,0,required_grid,true,
0.02,0.94999999999999996,acceleration_limited,4000,19,-1,0.5,0.049875000000000003,-0.024937500000000001,true,true,,,50,50,1,49.999999999999964,1,1.424522000725853,1.4245220007259158,1.4245220007259873,0,1,0.0004987500000000005,0.020000000000000018,1,0,0,0,0,required_grid,true,
0.02,0.94999999999999996,acceleration_limited,4000,19,1,0.5,0.049875000000000003,0.024937500000000001,true,true,,,50,50,1,49.999999999999964,1,1.424522000725853,1.4245220007259158,1.4245220007259873,0,1,0.0004987500000000005,0.020000000000000018,1,0,0,0,0,required_grid,true,
0.02,0.94999999999999996,acceleration_limited,4000,19,-1,0.80000000000000004,0.049875000000000003,-0.039900000000000005,true,true,,,50,50,1,49.999999999999964,1,1.7001340536782232,1.7001340536782232,1.7001340536782847,0,1,0.00079799999999999923,0.020000000000000018,1,0,0,0,0,required_grid,true,
0.02,0.94999999999999996,acceleration_limited,4000,19,1,0.80000000000000004,0.049875000000000003,0.039900000000000005,true,true,,,50,50,1,49.999999999999964,1,1.7001340536782232,1.7001340536782232,1.7001340536782847,0,1,0.00079799999999999923,0.020000000000000018,1,0,0,0,0,required_grid,true,
0.02,0.94999999999999996,acceleration_limited,4000,19,-1,0.90000000000000002,0.049875000000000003,-0.044887500000000004,true,true,,,50,50,1,49.999999999999964,1,1.827801788183153,1.8278017881831528,1.8278017881831601,0,1,0.00089774999999999913,0.020000000000000018,1,0,0,0,0,required_grid,true,
0.02,0.94999999999999996,acceleration_limited,4000,19,1,0.90000000000000002,0.049875000000000003,0.044887500000000004,true,true,,,50,50,1,49.999999999999964,1,1.827801788183153,1.8278017881831528,1.8278017881831601,0,1,0.00089774999999999913,0.020000000000000018,1,0,0,0,0,required_grid,true,
0.02,0.94999999999999996,acceleration_limited,4000,19,-1,0.94999999999999996,0.049875000000000003,-0.04738125,true,true,,,50,50,1,49.999999999999964,1,1.9047619047618913,1.9047619047619349,1.9047619047619597,0,1,0.00094762499999999849,0.020000000000000018,1,0,0,0,0,required_grid,true,
0.02,0.94999999999999996,acceleration_limited,4000,19,1,0.94999999999999996,0.049875000000000003,0.04738125,true,true,,,50,50,1,49.999999999999964,1,1.9047619047618913,1.9047619047619349,1.9047619047619597,0,1,0.00094762499999999849,0.020000000000000018,1,0,0,0,0,required_grid,true,
0.02,0.94999999999999996,acceleration_limited,4000,19,-1,0.97999999999999998,0.049875000000000003,-0.048877500000000004,true,true,,,50,50,1,49.999999999999964,1,1.9585522845737751,1.9585522845737757,1.9585522845738219,0,1,0.00097755000000000129,0.020000000000000018,1,0,0,0,0,required_grid,true,
0.02,0.94999999999999996,acceleration_limited,4000,19,1,0.97999999999999998,0.049875000000000003,0.048877500000000004,true,true,,,50,50,1,49.999999999999964,1,1.9585522845737751,1.9585522845737757,1.9585522845738219,0,1,0.00097755000000000129,0.020000000000000018,1,0,0,0,0,required_grid,true,
0.02,0.94999999999999996,acceleration_limited,4000,19,-1,0.98999999999999999,0.049875000000000003,-0.049376250000000003,true,true,,,50,50,1,49.999999999999964,1,1.9786175433701554,1.9786175433701745,1.9786175433702209,0,1,0.00098752499999999865,0.020000000000000018,1,0,0,0,0,required_grid,true,
0.02,0.94999999999999996,acceleration_limited,4000,19,1,0.98999999999999999,0.049875000000000003,0.049376250000000003,true,true,,,50,50,1,49.999999999999964,1,1.9786175433701554,1.9786175433701745,1.9786175433702209,0,1,0.00098752499999999865,0.020000000000000018,1,0,0,0,0,required_grid,true,
0.02,0.94999999999999996,acceleration_limited,4000,19,-1,0.995,0.049875000000000003,-0.049625625,true,true,,,50,50,1,49.999999999999964,1,1.9891324254752289,1.9891324254752407,1.9891324254753049,0,1,0.00099251249999999895,0.020000000000000018,1,0,0,0,0,required_grid,true,
0.02,0.94999999999999996,acceleration_limited,4000,19,1,0.995,0.049875000000000003,0.049625625,true,true,,,50,50,1,49.999999999999964,1,1.9891324254752289,1.9891324254752407,1.9891324254753049,0,1,0.00099251249999999895,0.020000000000000018,1,0,0,0,0,required_grid,true,
0.02,0.94999999999999996,acceleration_limited,4000,19,-1,1,0.049875000000000003,-0.049875000000000003,true,true,,,50,50,1,49.999999999999964,1,2.0000000000000004,2.0000000000000107,2.000000000000044,0,1,0.00099750000000000056,0.020000000000000018,1,0,0,0,0,required_grid,true,
0.02,0.94999999999999996,acceleration_limited,4000,19,1,1,0.049875000000000003,0.049875000000000003,true,true,,,50,50,1,49.999999999999964,1,2.0000000000000004,2.0000000000000107,2.000000000000044,0,1,0.00099750000000000056,0.020000000000000018,1,0,0,0,0,required_grid,true,
0.02,0.94999999999999996,acceleration_limited,4000,19,-1,1.0049999999999999,0.049875000000000003,-0.050124374999999999,true,true,,,50,50,0,0,0,1.9965671564280496,1.9965671564280496,1.9965671564280667,0,1,0.0010030185096478333,0.020000000000000018,1,0,0,0,0,required_grid,true,
0.02,0.94999999999999996,acceleration_limited,4000,19,1,1.0049999999999999,0.049875000000000003,0.050124374999999999,true,true,,,50,50,0,0,0,1.9965671564280496,1.9965671564280496,1.9965671564280667,0,1,0.0010030185096478333,0.020000000000000018,1,0,0,0,0,required_grid,true,
0.02,0.94999999999999996,acceleration_limited,4000,19,-1,1.01,0.049875000000000003,-0.050373750000000002,true,true,,,50,50,0,0,0,1.9931537435792543,1.9931537435792541,1.9931537435792821,0,1,0.0010117149816796609,0.020000000000000018,1,0,0,0,0,required_grid,true,
0.02,0.94999999999999996,acceleration_limited,4000,19,1,1.01,0.049875000000000003,0.050373750000000002,true,true,,,50,50,0,0,0,1.9931537435792543,1.9931537435792541,1.9931537435792821,0,1,0.0010117149816796609,0.020000000000000018,1,0,0,0,0,required_grid,true,
0.02,0.94999999999999996,acceleration_limited,4000,19,-1,1.02,0.049875000000000003,-0.050872500000000001,true,true,,,50,50,0,0,0,1.9863844525656014,1.9863844525656018,1.9863844525656276,0,0.87096774193548387,0.0010491974425490638,0.020000000000000018,1,0,0,0,0,required_grid,true,
0.02,0.94999999999999996,acceleration_limited,4000,19,1,1.02,0.049875000000000003,0.050872500000000001,true,true,,,50,50,0,0,0,1.9863844525656014,1.9863844525656018,1.9863844525656276,0,0.87096774193548387,0.0010491974425490638,0.020000000000000018,1,0,0,0,0,required_grid,true,
0.02,0.94999999999999996,acceleration_limited,4000,19,-1,1.05,0.049875000000000003,-0.052368750000000006,true,true,,,50,50,0,0,0,1.9647093231954251,1.9587354139476525,1.9665236875590015,0,0.4838709677419355,0.0011175116490136721,0.020000000000000018,1,0,0,0,0,required_grid,true,
0.02,0.94999999999999996,acceleration_limited,4000,19,1,1.05,0.049875000000000003,0.052368750000000006,true,true,,,50,50,0,0,0,1.9647093231954251,1.9587354139476525,1.9665236875590015,0,0.4838709677419355,0.0011175116490136721,0.020000000000000018,1,0,0,0,0,required_grid,true,
0.02,0.94999999999999996,acceleration_limited,4000,19,-1,1.1000000000000001,0.049875000000000003,-0.054862500000000008,true,true,,,50,50,0,0,0,1.8998374292733557,1.7735830807615582,1.9348304656786564,0,0.41935483870967744,0.0011784582479656385,0.020000000000000018,1,0,0,0,0,required_grid,true,
0.02,0.94999999999999996,acceleration_limited,4000,19,1,1.1000000000000001,0.049875000000000003,0.054862500000000008,true,true,,,50,50,0,0,0,1.8998374292733557,1.7735830807615582,1.9348304656786564,0,0.41935483870967744,0.0011784582479656385,0.020000000000000018,1,0,0,0,0,required_grid,true,
0.02,0.94999999999999996,acceleration_limited,4000,19,-1,1.2,0.049875000000000003,-0.05985,true,true,,,50,50,0,0,0,1.8318236900913623,1.6584703074080569,1.8761789809215279,0,0.25806451612903225,0.0012931581948842389,0.020000000000000018,1,0,0,0,0,required_grid,true,
0.02,0.94999999999999996,acceleration_limited,4000,19,1,1.2,0.049875000000000003,0.05985,true,true,,,50,50,0,0,0,1.8318236900913623,1.6584703074080569,1.8761789809215279,0,0.25806451612903225,0.0012931581948842389,0.020000000000000018,1,0,0,0,0,required_grid,true,
0.02,0.94999999999999996,acceleration_limited,4000,19,-1,2,0.049875000000000003,-0.099750000000000005,true,true,,,50,50,0,0,0,1.5843542276539457,1.5511589987058407,1.5646786880319778,0,0.4838709677419355,0.0022908798444301573,0.020000000000000018,1,0,0,0,0,required_grid,true,
0.02,0.94999999999999996,acceleration_limited,4000,19,1,2,0.049875000000000003,0.099750000000000005,true,true,,,50,50,0,0,0,1.5843542276539457,1.5511589987058407,1.5646786880319778,0,0.4838709677419355,0.0022908798444301573,0.020000000000000018,1,0,0,0,0,required_grid,true,
0.02,1,jerk_limited,1000,5,-1,0.5,0.012500000000000001,-0.0062500000000000003,true,true,,,50,50,1,49.999999999999964,1,1.4254845247652541,1.4254845247653247,1.4254845247653964,0,1,0.00012499999999999992,0.020000000000000018,1,0,0,0,0,required_grid,true,
0.02,1,jerk_limited,1000,5,1,0.5,0.012500000000000001,0.0062500000000000003,true,true,,,50,50,1,49.999999999999964,1,1.4254845247652541,1.4254845247653247,1.4254845247653964,0,1,0.00012499999999999992,0.020000000000000018,1,0,0,0,0,required_grid,true,
0.02,1,jerk_limited,1000,5,-1,0.80000000000000004,0.012500000000000001,-0.010000000000000002,true,true,,,50,50,1,49.999999999999964,1,1.7024335825561798,1.702433582556244,1.7024335825563557,0,1,0.00019999999999999985,0.020000000000000018,1,0,0,0,0,required_grid,true,
0.02,1,jerk_limited,1000,5,1,0.80000000000000004,0.012500000000000001,0.010000000000000002,true,true,,,50,50,1,49.999999999999964,1,1.7024335825561798,1.702433582556244,1.7024335825563557,0,1,0.00019999999999999985,0.020000000000000018,1,0,0,0,0,required_grid,true,
0.02,1,jerk_limited,1000,5,-1,0.90000000000000002,0.012500000000000001,-0.011250000000000001,true,true,,,50,50,1,49.999999999999964,1,1.8310464800500965,1.8310464800501016,1.8310464800501152,0,1,0.00022499999999999999,0.020000000000000018,1,0,0,0,0,required_grid,true,
0.02,1,jerk_limited,1000,5,1,0.90000000000000002,0.012500000000000001,0.011250000000000001,true,true,,,50,50,1,49.999999999999964,1,1.8310464800500965,1.8310464800501016,1.8310464800501152,0,1,0.00022499999999999999,0.020000000000000018,1,0,0,0,0,required_grid,true,
0.02,1,jerk_limited,1000,5,-1,0.94999999999999996,0.012500000000000001,-0.011875,true,true,,,50,50,1,49.999999999999964,1,1.9087204308181309,1.9087204308181311,1.9087204308181758,0,1,0.0002375000000000007,0.020000000000000018,1,0,0,0,0,required_grid,true,
0.02,1,jerk_limited,1000,5,1,0.94999999999999996,0.012500000000000001,0.011875,true,true,,,50,50,1,49.999999999999964,1,1.9087204308181309,1.9087204308181311,1.9087204308181758,0,1,0.0002375000000000007,0.020000000000000018,1,0,0,0,0,required_grid,true,
0.02,1,jerk_limited,1000,5,-1,0.97999999999999998,0.012500000000000001,-0.01225,true,true,,,50,50,1,49.999999999999964,1,1.961510240755068,1.9615102407550682,1.9615102407552498,0,1,0.00024500000000000037,0.020000000000000018,1,0,0,0,0,required_grid,true,
0.02,1,jerk_limited,1000,5,1,0.97999999999999998,0.012500000000000001,0.01225,true,true,,,50,50,1,49.999999999999964,1,1.961510240755068,1.9615102407550682,1.9615102407552498,0,1,0.00024500000000000037,0.020000000000000018,1,0,0,0,0,required_grid,true,
0.02,1,jerk_limited,1000,5,-1,0.98999999999999999,0.012500000000000001,-0.012375000000000001,true,true,,,50,50,1,49.999999999999964,1,1.9803884044368059,1.9803884044368278,1.9803884044369178,0,1,0.00024750000000000027,0.020000000000000018,1,0,0,0,0,required_grid,true,
0.02,1,jerk_limited,1000,5,1,0.98999999999999999,0.012500000000000001,0.012375000000000001,true,true,,,50,50,1,49.999999999999964,1,1.9803884044368059,1.9803884044368278,1.9803884044369178,0,1,0.00024750000000000027,0.020000000000000018,1,0,0,0,0,required_grid,true,
0.02,1,jerk_limited,1000,5,-1,0.995,0.012500000000000001,-0.012437500000000001,true,true,,,50,50,1,49.999999999999964,1,1.9900985257539308,1.990098525753931,1.9900985257539316,0,1,0.00024875,0.020000000000000018,1,0,0,0,0,required_grid,true,
0.02,1,jerk_limited,1000,5,1,0.995,0.012500000000000001,0.012437500000000001,true,true,,,50,50,1,49.999999999999964,1,1.9900985257539308,1.990098525753931,1.9900985257539316,0,1,0.00024875,0.020000000000000018,1,0,0,0,0,required_grid,true,
0.02,1,jerk_limited,1000,5,-1,1,0.012500000000000001,-0.012500000000000001,true,false,follower,InvariantViolationError: ordinary Ruckig unshielded method failure: ruckig_exception (not_run),5,50,,,,,,,,,,,,,,,,exact_boundary_seam_diagnostic,false,ValueError: evaluation window 'main_evaluation' has no samples
0.02,1,jerk_limited,1000,5,1,1,0.012500000000000001,0.012500000000000001,true,false,follower,InvariantViolationError: ordinary Ruckig unshielded method failure: ruckig_exception (not_run),5,50,,,,,,,,,,,,,,,,exact_boundary_seam_diagnostic,false,ValueError: evaluation window 'main_evaluation' has no samples
0.02,1,jerk_limited,1000,5,-1,1.0049999999999999,0.012500000000000001,-0.012562499999999999,true,true,,,50,50,0,0,0,1.9966758961936149,1.9966758961936149,1.9966758961936368,0,1,0.00025137051038311858,0.020000000000000018,1,0,0,0,0,required_grid,true,
0.02,1,jerk_limited,1000,5,1,1.0049999999999999,0.012500000000000001,0.012562499999999999,true,true,,,50,50,0,0,0,1.9966758961936149,1.9966758961936149,1.9966758961936368,0,1,0.00025137051038311858,0.020000000000000018,1,0,0,0,0,required_grid,true,
0.02,1,jerk_limited,1000,5,-1,1.01,0.012500000000000001,-0.012625000000000001,true,true,,,50,50,0,0,0,1.9933701333305673,1.9933701333305673,1.9933701333305844,0,1,0.00025346216407473663,0.020000000000000018,1,0,0,0,0,required_grid,true,
0.02,1,jerk_limited,1000,5,1,1.01,0.012500000000000001,0.012625000000000001,true,true,,,50,50,0,0,0,1.9933701333305673,1.9933701333305673,1.9933701333305844,0,1,0.00025346216407473663,0.020000000000000018,1,0,0,0,0,required_grid,true,
0.02,1,jerk_limited,1000,5,-1,1.02,0.012500000000000001,-0.012750000000000001,true,true,,,50,50,0,0,0,1.9868129314552077,1.9868129314552077,1.9868129314552294,0,0.967741935483871,0.00026267138640533071,0.020000000000000018,1,0,0,0,0,required_grid,true,
0.02,1,jerk_limited,1000,5,1,1.02,0.012500000000000001,0.012750000000000001,true,true,,,50,50,0,0,0,1.9868129314552077,1.9868129314552077,1.9868129314552294,0,0.967741935483871,0.00026267138640533071,0.020000000000000018,1,0,0,0,0,required_grid,true,
0.02,1,jerk_limited,1000,5,-1,1.05,0.012500000000000001,-0.013125000000000001,true,true,,,50,50,0,0,0,1.9675637555725443,1.9675637555725443,1.9675637555725773,0,0.67741935483870963,0.00028100511417461618,0.020000000000000018,1,0,0,0,0,required_grid,true,
0.02,1,jerk_limited,1000,5,1,1.05,0.012500000000000001,0.013125000000000001,true,true,,,50,50,0,0,0,1.9675637555725443,1.9675637555725443,1.9675637555725773,0,0.67741935483870963,0.00028100511417461618,0.020000000000000018,1,0,0,0,0,required_grid,true,
0.02,1,jerk_limited,1000,5,-1,1.1000000000000001,0.012500000000000001,-0.013750000000000002,true,true,,,50,50,0,0,0,1.9282426351799318,1.9010442188097718,1.9368137895452056,0,0.41935483870967744,0.00029579908534045195,0.020000000000000018,1,0,0,0,0,required_grid,true,
0.02,1,jerk_limited,1000,5,1,1.1000000000000001,0.012500000000000001,0.013750000000000002,true,true,,,50,50,0,0,0,1.9282426351799318,1.9010442188097718,1.9368137895452056,0,0.41935483870967744,0.00029579908534045195,0.020000000000000018,1,0,0,0,0,required_grid,true,
0.02,1,jerk_limited,1000,5,-1,1.2,0.012500000000000001,-0.014999999999999999,true,true,,,50,50,0,0,0,1.8532594121718251,1.7622965480344708,1.8798034326833024,0,0.41935483870967744,0.00032329712222505024,0.020000000000000018,1,0,0,0,0,required_grid,true,
0.02,1,jerk_limited,1000,5,1,1.2,0.012500000000000001,0.014999999999999999,true,true,,,50,50,0,0,0,1.8532594121718251,1.7622965480344708,1.8798034326833024,0,0.41935483870967744,0.00032329712222505024,0.020000000000000018,1,0,0,0,0,required_grid,true,
0.02,1,jerk_limited,1000,5,-1,2,0.012500000000000001,-0.025000000000000001,true,true,,,50,50,0,0,0,1.5615528128088381,1.5615528128088152,1.6339727548766771,0,0.38709677419354838,0.00057409643512143125,0.020000000000000018,1,0,0,0,0,required_grid,true,
0.02,1,jerk_limited,1000,5,1,2,0.012500000000000001,0.025000000000000001,true,true,,,50,50,0,0,0,1.5615528128088381,1.5615528128088152,1.6339727548766771,0,0.38709677419354838,0.00057409643512143125,0.020000000000000018,1,0,0,0,0,required_grid,true,
0.02,1,jerk_limited,4000,20,-1,0.5,0.050000000000000003,-0.025000000000000001,true,true,,,50,50,1,49.999999999999964,1,1.4254845247652537,1.4254845247653247,1.4254845247653969,0,1,0.00050000000000000044,0.020000000000000018,1,0,0,0,0,required_grid,true,
0.02,1,jerk_limited,4000,20,1,0.5,0.050000000000000003,0.025000000000000001,true,true,,,50,50,1,49.999999999999964,1,1.4254845247652537,1.4254845247653247,1.4254845247653969,0,1,0.00050000000000000044,0.020000000000000018,1,0,0,0,0,required_grid,true,
0.02,1,jerk_limited,4000,20,-1,0.80000000000000004,0.050000000000000003,-0.040000000000000008,true,true,,,50,50,1,49.999999999999964,1,1.7024335825561798,1.7024335825562442,1.7024335825564014,0,1,0.00079999999999999993,0.020000000000000018,1,0,0,0,0,required_grid,true,
0.02,1,jerk_limited,4000,20,1,0.80000000000000004,0.050000000000000003,0.040000000000000008,true,true,,,50,50,1,49.999999999999964,1,1.7024335825561798,1.7024335825562442,1.7024335825564014,0,1,0.00079999999999999993,0.020000000000000018,1,0,0,0,0,required_grid,true,
0.02,1,jerk_limited,4000,20,-1,0.90000000000000002,0.050000000000000003,-0.045000000000000005,true,true,,,50,50,1,49.999999999999964,1,1.8310464800500965,1.831046480050097,1.8310464800501152,0,1,0.00090000000000000063,0.020000000000000018,1,0,0,0,0,required_grid,true,
0.02,1,jerk_limited,4000,20,1,0.90000000000000002,0.050000000000000003,0.045000000000000005,true,true,,,50,50,1,49.999999999999964,1,1.8310464800500965,1.831046480050097,1.8310464800501152,0,1,0.00090000000000000063,0.020000000000000018,1,0,0,0,0,required_grid,true,
0.02,1,jerk_limited,4000,20,-1,0.94999999999999996,0.050000000000000003,-0.047500000000000001,true,true,,,50,50,1,49.999999999999964,1,1.9087204308181309,1.9087204308181311,1.90872043081814,0,1,0.00095000000000000249,0.020000000000000018,1,0,0,0,0,required_grid,true,
0.02,1,jerk_limited,4000,20,1,0.94999999999999996,0.050000000000000003,0.047500000000000001,true,true,,,50,50,1,49.999999999999964,1,1.9087204308181309,1.9087204308181311,1.90872043081814,0,1,0.00095000000000000249,0.020000000000000018,1,0,0,0,0,required_grid,true,
0.02,1,jerk_limited,4000,20,-1,0.97999999999999998,0.050000000000000003,-0.049000000000000002,true,true,,,50,50,1,49.999999999999964,1,1.961510240755068,1.9615102407550682,1.9615102407552052,0,1,0.00098000000000000105,0.020000000000000018,1,0,0,0,0,required_grid,true,
0.02,1,jerk_limited,4000,20,1,0.97999999999999998,0.050000000000000003,0.049000000000000002,true,true,,,50,50,1,49.999999999999964,1,1.961510240755068,1.9615102407550682,1.9615102407552052,0,1,0.00098000000000000105,0.020000000000000018,1,0,0,0,0,required_grid,true,
0.02,1,jerk_limited,4000,20,-1,0.98999999999999999,0.050000000000000003,-0.049500000000000002,true,true,,,50,50,1,49.999999999999964,1,1.9803884044368059,1.9803884044368281,1.9803884044368725,0,1,0.00098999999999999978,0.020000000000000018,1,0,0,0,0,required_grid,true,
0.02,1,jerk_limited,4000,20,1,0.98999999999999999,0.050000000000000003,0.049500000000000002,true,true,,,50,50,1,49.999999999999964,1,1.9803884044368059,1.9803884044368281,1.9803884044368725,0,1,0.00098999999999999978,0.020000000000000018,1,0,0,0,0,required_grid,true,
0.02,1,jerk_limited,4000,20,-1,0.995,0.050000000000000003,-0.049750000000000003,true,true,,,50,50,1,49.999999999999964,1,1.9900985257539303,1.9900985257539308,1.9900985257539312,0,1,0.00099500000000000001,0.020000000000000018,1,0,0,0,0,required_grid,true,
0.02,1,jerk_limited,4000,20,1,0.995,0.050000000000000003,0.049750000000000003,true,true,,,50,50,1,49.999999999999964,1,1.9900985257539303,1.9900985257539308,1.9900985257539312,0,1,0.00099500000000000001,0.020000000000000018,1,0,0,0,0,required_grid,true,
0.02,1,jerk_limited,4000,20,-1,1,0.050000000000000003,-0.050000000000000003,true,false,follower,InvariantViolationError: ordinary Ruckig unshielded method failure: ruckig_exception (not_run),5,50,,,,,,,,,,,,,,,,exact_boundary_seam_diagnostic,false,ValueError: evaluation window 'main_evaluation' has no samples
0.02,1,jerk_limited,4000,20,1,1,0.050000000000000003,0.050000000000000003,true,false,follower,InvariantViolationError: ordinary Ruckig unshielded method failure: ruckig_exception (not_run),5,50,,,,,,,,,,,,,,,,exact_boundary_seam_diagnostic,false,ValueError: evaluation window 'main_evaluation' has no samples
0.02,1,jerk_limited,4000,20,-1,1.0049999999999999,0.050000000000000003,-0.050249999999999996,true,true,,,50,50,0,0,0,1.9966758961936149,1.9966758961936149,1.9966758961936368,0,1,0.0010054820415324743,0.020000000000000018,1,0,0,0,0,required_grid,true,
0.02,1,jerk_limited,4000,20,1,1.0049999999999999,0.050000000000000003,0.050249999999999996,true,true,,,50,50,0,0,0,1.9966758961936149,1.9966758961936149,1.9966758961936368,0,1,0.0010054820415324743,0.020000000000000018,1,0,0,0,0,required_grid,true,
0.02,1,jerk_limited,4000,20,-1,1.01,0.050000000000000003,-0.050500000000000003,true,true,,,50,50,0,0,0,1.9933701333305673,1.9933701333305673,1.9933701333305844,0,1,0.0010138486562989465,0.020000000000000018,1,0,0,0,0,required_grid,true,
0.02,1,jerk_limited,4000,20,1,1.01,0.050000000000000003,0.050500000000000003,true,true,,,50,50,0,0,0,1.9933701333305673,1.9933701333305673,1.9933701333305844,0,1,0.0010138486562989465,0.020000000000000018,1,0,0,0,0,required_grid,true,
0.02,1,jerk_limited,4000,20,-1,1.02,0.050000000000000003,-0.051000000000000004,true,true,,,50,50,0,0,0,1.9868129314552077,1.9868129314552077,1.9868129314552294,0,0.967741935483871,0.0010506855456213228,0.020000000000000018,1,0,0,0,0,required_grid,true,
0.02,1,jerk_limited,4000,20,1,1.02,0.050000000000000003,0.051000000000000004,true,true,,,50,50,0,0,0,1.9868129314552077,1.9868129314552077,1.9868129314552294,0,0.967741935483871,0.0010506855456213228,0.020000000000000018,1,0,0,0,0,required_grid,true,
0.02,1,jerk_limited,4000,20,-1,1.05,0.050000000000000003,-0.052500000000000005,true,true,,,50,50,0,0,0,1.9675637555725443,1.9675637555725443,1.9675637555725773,0,0.67741935483870963,0.0011240204566984647,0.020000000000000018,1,0,0,0,0,required_grid,true,
0.02,1,jerk_limited,4000,20,1,1.05,0.050000000000000003,0.052500000000000005,true,true,,,50,50,0,0,0,1.9675637555725443,1.9675637555725443,1.9675637555725773,0,0.67741935483870963,0.0011240204566984647,0.020000000000000018,1,0,0,0,0,required_grid,true,
0.02,1,jerk_limited,4000,20,-1,1.1000000000000001,0.050000000000000003,-0.055000000000000007,true,true,,,50,50,0,0,0,1.9282426351799318,1.9010442188097718,1.9368137895452056,0,0.41935483870967744,0.0011831963413618078,0.020000000000000018,1,0,0,0,0,required_grid,true,
0.02,1,jerk_limited,4000,20,1,1.1000000000000001,0.050000000000000003,0.055000000000000007,true,true,,,50,50,0,0,0,1.9282426351799318,1.9010442188097718,1.9368137895452056,0,0.41935483870967744,0.0011831963413618078,0.020000000000000018,1,0,0,0,0,required_grid,true,
0.02,1,jerk_limited,4000,20,-1,1.2,0.050000000000000003,-0.059999999999999998,true,true,,,50,50,0,0,0,1.8532594121718251,1.7622965480344708,1.8798034326833024,0,0.41935483870967744,0.0012931884889002009,0.020000000000000018,1,0,0,0,0,required_grid,true,
0.02,1,jerk_limited,4000,20,1,1.2,0.050000000000000003,0.059999999999999998,true,true,,,50,50,0,0,0,1.8532594121718251,1.7622965480344708,1.8798034326833024,0,0.41935483870967744,0.0012931884889002009,0.020000000000000018,1,0,0,0,0,required_grid,true,
0.02,1,jerk_limited,4000,20,-1,2,0.050000000000000003,-0.10000000000000001,true,true,,,50,50,0,0,0,1.5615528128088381,1.5615528128088152,1.6339727548766771,0,0.38709677419354838,0.002296385740485725,0.020000000000000018,1,0,0,0,0,required_grid,true,
0.02,1,jerk_limited,4000,20,1,2,0.050000000000000003,0.10000000000000001,true,true,,,50,50,0,0,0,1.5615528128088381,1.5615528128088152,1.6339727548766771,0,0.38709677419354838,0.002296385740485725,0.020000000000000018,1,0,0,0,0,required_grid,true,
0.02,1.05,jerk_limited,1000,5.25,-1,0.5,0.012500000000000001,-0.0062500000000000003,true,true,,,50,50,1,49.999999999999964,1,1.4254845247652541,1.4254845247653247,1.4254845247653964,0,1,0.00012499999999999992,0.020000000000000018,1,0,0,0,0,required_grid,true,
0.02,1.05,jerk_limited,1000,5.25,1,0.5,0.012500000000000001,0.0062500000000000003,true,true,,,50,50,1,49.999999999999964,1,1.4254845247652541,1.4254845247653247,1.4254845247653964,0,1,0.00012499999999999992,0.020000000000000018,1,0,0,0,0,required_grid,true,
0.02,1.05,jerk_limited,1000,5.25,-1,0.80000000000000004,0.012500000000000001,-0.010000000000000002,true,true,,,50,50,1,49.999999999999964,1,1.7024335825561798,1.7024335825562442,1.7024335825563099,0,1,0.00019999999999999982,0.020000000000000018,1,0,0,0,0,required_grid,true,
0.02,1.05,jerk_limited,1000,5.25,1,0.80000000000000004,0.012500000000000001,0.010000000000000002,true,true,,,50,50,1,49.999999999999964,1,1.7024335825561798,1.7024335825562442,1.7024335825563099,0,1,0.00019999999999999982,0.020000000000000018,1,0,0,0,0,required_grid,true,
0.02,1.05,jerk_limited,1000,5.25,-1,0.90000000000000002,0.012500000000000001,-0.011250000000000001,true,true,,,50,50,1,49.999999999999964,1,1.8310464800500965,1.8310464800501016,1.8310464800501154,0,1,0.00022499999999999975,0.020000000000000018,1,0,0,0,0,required_grid,true,
0.02,1.05,jerk_limited,1000,5.25,1,0.90000000000000002,0.012500000000000001,0.011250000000000001,true,true,,,50,50,1,49.999999999999964,1,1.8310464800500965,1.8310464800501016,1.8310464800501154,0,1,0.00022499999999999975,0.020000000000000018,1,0,0,0,0,required_grid,true,
0.02,1.05,jerk_limited,1000,5.25,-1,0.94999999999999996,0.012500000000000001,-0.011875,true,true,,,50,50,1,49.999999999999964,1,1.9087204308181309,1.9087204308181311,1.9087204308181758,0,1,0.00023750000000000076,0.020000000000000018,1,0,0,0,0,required_grid,true,
0.02,1.05,jerk_limited,1000,5.25,1,0.94999999999999996,0.012500000000000001,0.011875,true,true,,,50,50,1,49.999999999999964,1,1.9087204308181309,1.9087204308181311,1.9087204308181758,0,1,0.00023750000000000076,0.020000000000000018,1,0,0,0,0,required_grid,true,
0.02,1.05,jerk_limited,1000,5.25,-1,0.97999999999999998,0.012500000000000001,-0.01225,true,true,,,50,50,1,49.999999999999964,1,1.961510240755068,1.9615102407550682,1.9615102407552498,0,1,0.00024500000000000037,0.020000000000000018,1,0,0,0,0,required_grid,true,
0.02,1.05,jerk_limited,1000,5.25,1,0.97999999999999998,0.012500000000000001,0.01225,true,true,,,50,50,1,49.999999999999964,1,1.961510240755068,1.9615102407550682,1.9615102407552498,0,1,0.00024500000000000037,0.020000000000000018,1,0,0,0,0,required_grid,true,
0.02,1.05,jerk_limited,1000,5.25,-1,0.98999999999999999,0.012500000000000001,-0.012375000000000001,true,true,,,50,50,1,49.999999999999964,1,1.9803884044368059,1.9803884044368283,1.980388404436829,0,1,0.00024749999999999989,0.020000000000000018,1,0,0,0,0,required_grid,true,
0.02,1.05,jerk_limited,1000,5.25,1,0.98999999999999999,0.012500000000000001,0.012375000000000001,true,true,,,50,50,1,49.999999999999964,1,1.9803884044368059,1.9803884044368283,1.980388404436829,0,1,0.00024749999999999989,0.020000000000000018,1,0,0,0,0,required_grid,true,
0.02,1.05,jerk_limited,1000,5.25,-1,0.995,0.012500000000000001,-0.012437500000000001,true,true,,,50,50,1,49.999999999999964,1,1.9900985257539308,1.990098525753931,1.9900985257539314,0,1,0.00024875,0.020000000000000018,1,0,0,0,0,required_grid,true,
0.02,1.05,jerk_limited,1000,5.25,1,0.995,0.012500000000000001,0.012437500000000001,true,true,,,50,50,1,49.999999999999964,1,1.9900985257539308,1.990098525753931,1.9900985257539314,0,1,0.00024875,0.020000000000000018,1,0,0,0,0,required_grid,true,
0.02,1.05,jerk_limited,1000,5.25,-1,1,0.012500000000000001,-0.012500000000000001,true,true,,,50,50,1,49.999999999999964,1,2.0000000000000022,2.0000000000000067,2.0000000000000417,0,1,0.00025000000000000017,0.020000000000000018,1,0,0,0,0,required_grid,true,
0.02,1.05,jerk_limited,1000,5.25,1,1,0.012500000000000001,0.012500000000000001,true,true,,,50,50,1,49.999999999999964,1,2.0000000000000022,2.0000000000000067,2.0000000000000417,0,1,0.00025000000000000017,0.020000000000000018,1,0,0,0,0,required_grid,true,
0.02,1.05,jerk_limited,1000,5.25,-1,1.0049999999999999,0.012500000000000001,-0.012562499999999999,true,true,,,50,50,0,0,0,1.9966777347471747,1.9966777347471747,1.9966777347472013,0,1,0.00025137031016104838,0.020000000000000018,1,0,0,0,0,required_grid,true,
0.02,1.05,jerk_limited,1000,5.25,1,1.0049999999999999,0.012500000000000001,0.012562499999999999,true,true,,,50,50,0,0,0,1.9966777347471747,1.9966777347471747,1.9966777347472013,0,1,0.00025137031016104838,0.020000000000000018,1,0,0,0,0,required_grid,true,
0.02,1.05,jerk_limited,1000,5.25,-1,1.01,0.012500000000000001,-0.012625000000000001,true,true,,,50,50,0,0,0,1.9933774349546776,1.9933774349546776,1.9933774349547169,0,1,0.00025345897328373591,0.020000000000000018,1,0,0,0,0,required_grid,true,
0.02,1.05,jerk_limited,1000,5.25,1,1.01,0.012500000000000001,0.012625000000000001,true,true,,,50,50,0,0,0,1.9933774349546776,1.9933774349546776,1.9933774349547169,0,1,0.00025345897328373591,0.020000000000000018,1,0,0,0,0,required_grid,true,
0.02,1.05,jerk_limited,1000,5.25,-1,1.02,0.012500000000000001,-0.012750000000000001,true,true,,,50,50,0,0,0,1.9868417243179253,1.9868417243179264,1.9868417243179732,0,0.967741935483871,0.00026267216388762416,0.020000000000000018,1,0,0,0,0,required_grid,true,
0.02,1.05,jerk_limited,1000,5.25,1,1.02,0.012500000000000001,0.012750000000000001,true,true,,,50,50,0,0,0,1.9868417243179253,1.9868417243179264,1.9868417243179732,0,0.967741935483871,0.00026267216388762416,0.020000000000000018,1,0,0,0,0,required_grid,true,
0.02,1.05,jerk_limited,1000,5.25,-1,1.05,0.012500000000000001,-0.013125000000000001,true,true,,,50,50,0,0,0,1.9677362936123861,1.967736293612387,1.9677362936124319,0,0.70967741935483875,0.00028065312268699762,0.020000000000000018,1,0,0,0,0,required_grid,true,
0.02,1.05,jerk_limited,1000,5.25,1,1.05,0.012500000000000001,0.013125000000000001,true,true,,,50,50,0,0,0,1.9677362936123861,1.967736293612387,1.9677362936124319,0,0.70967741935483875,0.00028065312268699762,0.020000000000000018,1,0,0,0,0,required_grid,true,
0.02,1.05,jerk_limited,1000,5.25,-1,1.1000000000000001,0.012500000000000001,-0.013750000000000002,true,true,,,50,50,0,0,0,1.9366049839769384,1.9340398511734669,1.9374586123029462,0,0.4838709677419355,0.00029538466055443791,0.020000000000000018,1,0,0,0,0,required_grid,true,
0.02,1.05,jerk_limited,1000,5.25,1,1.1000000000000001,0.012500000000000001,0.013750000000000002,true,true,,,50,50,0,0,0,1.9366049839769384,1.9340398511734669,1.9374586123029462,0,0.4838709677419355,0.00029538466055443791,0.020000000000000018,1,0,0,0,0,required_grid,true,
0.02,1.05,jerk_limited,1000,5.25,-1,1.2,0.012500000000000001,-0.014999999999999999,true,true,,,50,50,0,0,0,1.8819823261068573,1.8819823261068576,1.8819823261068844,0,0.58064516129032262,0.00032262330635738116,0.020000000000000018,1,0,0,0,0,required_grid,true,
0.02,1.05,jerk_limited,1000,5.25,1,1.2,0.012500000000000001,0.014999999999999999,true,true,,,50,50,0,0,0,1.8819823261068573,1.8819823261068576,1.8819823261068844,0,0.58064516129032262,0.00032262330635738116,0.020000000000000018,1,0,0,0,0,required_grid,true,
0.02,1.05,jerk_limited,1000,5.25,-1,2,0.012500000000000001,-0.025000000000000001,true,true,,,50,50,0,0,0,1.5709838614064133,1.5709838614064131,1.6782408169163499,0,0.29032258064516131,0.00057391903582042995,0.020000000000000018,1,0,0,0,0,required_grid,true,
0.02,1.05,jerk_limited,1000,5.25,1,2,0.012500000000000001,0.025000000000000001,true,true,,,50,50,0,0,0,1.5709838614064133,1.5709838614064131,1.6782408169163499,0,0.29032258064516131,0.00057391903582042995,0.020000000000000018,1,0,0,0,0,required_grid,true,
0.02,1.05,jerk_limited,4000,21,-1,0.5,0.050000000000000003,-0.025000000000000001,true,true,,,50,50,1,49.999999999999964,1,1.4254845247652537,1.4254845247653247,1.4254845247653969,0,1,0.00050000000000000044,0.020000000000000018,1,0,0,0,0,required_grid,true,
0.02,1.05,jerk_limited,4000,21,1,0.5,0.050000000000000003,0.025000000000000001,true,true,,,50,50,1,49.999999999999964,1,1.4254845247652537,1.4254845247653247,1.4254845247653969,0,1,0.00050000000000000044,0.020000000000000018,1,0,0,0,0,required_grid,true,
0.02,1.05,jerk_limited,4000,21,-1,0.80000000000000004,0.050000000000000003,-0.040000000000000008,true,true,,,50,50,1,49.999999999999964,1,1.7024335825561798,1.7024335825562442,1.7024335825563099,0,1,0.00080000000000000026,0.020000000000000018,1,0,0,0,0,required_grid,true,
0.02,1.05,jerk_limited,4000,21,1,0.80000000000000004,0.050000000000000003,0.040000000000000008,true,true,,,50,50,1,49.999999999999964,1,1.7024335825561798,1.7024335825562442,1.7024335825563099,0,1,0.00080000000000000026,0.020000000000000018,1,0,0,0,0,required_grid,true,
0.02,1.05,jerk_limited,4000,21,-1,0.90000000000000002,0.050000000000000003,-0.045000000000000005,true,true,,,50,50,1,49.999999999999964,1,1.8310464800500965,1.831046480050097,1.8310464800501154,0,1,0.00090000000000000063,0.020000000000000018,1,0,0,0,0,required_grid,true,
0.02,1.05,jerk_limited,4000,21,1,0.90000000000000002,0.050000000000000003,0.045000000000000005,true,true,,,50,50,1,49.999999999999964,1,1.8310464800500965,1.831046480050097,1.8310464800501154,0,1,0.00090000000000000063,0.020000000000000018,1,0,0,0,0,required_grid,true,
0.02,1.05,jerk_limited,4000,21,-1,0.94999999999999996,0.050000000000000003,-0.047500000000000001,true,true,,,50,50,1,49.999999999999964,1,1.9087204308181309,1.9087204308181314,1.908720430818158,0,1,0.00095000000000000195,0.020000000000000018,1,0,0,0,0,required_grid,true,
0.02,1.05,jerk_limited,4000,21,1,0.94999999999999996,0.050000000000000003,0.047500000000000001,true,true,,,50,50,1,49.999999999999964,1,1.9087204308181309,1.9087204308181314,1.908720430818158,0,1,0.00095000000000000195,0.020000000000000018,1,0,0,0,0,required_grid,true,
0.02,1.05,jerk_limited,4000,21,-1,0.97999999999999998,0.050000000000000003,-0.049000000000000002,true,true,,,50,50,1,49.999999999999964,1,1.9615102407550684,1.9615102407550684,1.9615102407552498,0,1,0.00098000000000000149,0.020000000000000018,1,0,0,0,0,required_grid,true,
0.02,1.05,jerk_limited,4000,21,1,0.97999999999999998,0.050000000000000003,0.049000000000000002,true,true,,,50,50,1,49.999999999999964,1,1.9615102407550684,1.9615102407550684,1.9615102407552498,0,1,0.00098000000000000149,0.020000000000000018,1,0,0,0,0,required_grid,true,
0.02,1.05,jerk_limited,4000,21,-1,0.98999999999999999,0.050000000000000003,-0.049500000000000002,true,true,,,50,50,1,49.999999999999964,1,1.980388404436827,1.9803884044368278,1.980388404436829,0,1,0.00098999999999999978,0.020000000000000018,1,0,0,0,0,required_grid,true,
0.02,1.05,jerk_limited,4000,21,1,0.98999999999999999,0.050000000000000003,0.049500000000000002,true,true,,,50,50,1,49.999999999999964,1,1.980388404436827,1.9803884044368278,1.980388404436829,0,1,0.00098999999999999978,0.020000000000000018,1,0,0,0,0,required_grid,true,
0.02,1.05,jerk_limited,4000,21,-1,0.995,0.050000000000000003,-0.049750000000000003,true,true,,,50,50,1,49.999999999999964,1,1.9900985257539308,1.990098525753931,1.9900985257539314,0,1,0.00099500000000000022,0.020000000000000018,1,0,0,0,0,required_grid,true,
0.02,1.05,jerk_limited,4000,21,1,0.995,0.050000000000000003,0.049750000000000003,true,true,,,50,50,1,49.999999999999964,1,1.9900985257539308,1.990098525753931,1.9900985257539314,0,1,0.00099500000000000022,0.020000000000000018,1,0,0,0,0,required_grid,true,
0.02,1.05,jerk_limited,4000,21,-1,1,0.050000000000000003,-0.050000000000000003,true,true,,,50,50,1,49.999999999999964,1,2.0000000000000022,2.0000000000000067,2.0000000000000417,0,1,0.0010000000000000007,0.020000000000000018,1,0,0,0,0,required_grid,true,
0.02,1.05,jerk_limited,4000,21,1,1,0.050000000000000003,0.050000000000000003,true,true,,,50,50,1,49.999999999999964,1,2.0000000000000022,2.0000000000000067,2.0000000000000417,0,1,0.0010000000000000007,0.020000000000000018,1,0,0,0,0,required_grid,true,
0.02,1.05,jerk_limited,4000,21,-1,1.0049999999999999,0.050000000000000003,-0.050249999999999996,true,true,,,50,50,0,0,0,1.9966777347471747,1.9966777347471747,1.9966777347472013,0,1,0.0010054812406441935,0.020000000000000018,1,0,0,0,0,required_grid,true,
0.02,1.05,jerk_limited,4000,21,1,1.0049999999999999,0.050000000000000003,0.050249999999999996,true,true,,,50,50,0,0,0,1.9966777347471747,1.9966777347471747,1.9966777347472013,0,1,0.0010054812406441935,0.020000000000000018,1,0,0,0,0,required_grid,true,
0.02,1.05,jerk_limited,4000,21,-1,1.01,0.050000000000000003,-0.050500000000000003,true,true,,,50,50,0,0,0,1.9933774349546776,1.9933774349546776,1.9933774349547169,0,1,0.0010138358931349436,0.020000000000000018,1,0,0,0,0,required_grid,true,
0.02,1.05,jerk_limited,4000,21,1,1.01,0.050000000000000003,0.050500000000000003,true,true,,,50,50,0,0,0,1.9933774349546776,1.9933774349546776,1.9933774349547169,0,1,0.0010138358931349436,0.020000000000000018,1,0,0,0,0,required_grid,true,
0.02,1.05,jerk_limited,4000,21,-1,1.02,0.050000000000000003,-0.051000000000000004,true,true,,,50,50,0,0,0,1.9868417243179253,1.9868417243179264,1.9868417243179732,0,0.967741935483871,0.0010506886555504966,0.020000000000000018,1,0,0,0,0,required_grid,true,
0.02,1.05,jerk_limited,4000,21,1,1.02,0.050000000000000003,0.051000000000000004,true,true,,,50,50,0,0,0,1.9868417243179253,1.9868417243179264,1.9868417243179732,0,0.967741935483871,0.0010506886555504966,0.020000000000000018,1,0,0,0,0,required_grid,true,
0.02,1.05,jerk_limited,4000,21,-1,1.05,0.050000000000000003,-0.052500000000000005,true,true,,,50,50,0,0,0,1.9677362936123861,1.967736293612387,1.9677362936124319,0,0.70967741935483875,0.0011226124907479905,0.020000000000000018,1,0,0,0,0,required_grid,true,
0.02,1.05,jerk_limited,4000,21,1,1.05,0.050000000000000003,0.052500000000000005,true,true,,,50,50,0,0,0,1.9677362936123861,1.967736293612387,1.9677362936124319,0,0.70967741935483875,0.0011226124907479905,0.020000000000000018,1,0,0,0,0,required_grid,true,
0.02,1.05,jerk_limited,4000,21,-1,1.1000000000000001,0.050000000000000003,-0.055000000000000007,true,true,,,50,50,0,0,0,1.9366049839769384,1.9340398511734669,1.9374586123029462,0,0.4838709677419355,0.0011815386422177516,0.020000000000000018,1,0,0,0,0,required_grid,true,
0.02,1.05,jerk_limited,4000,21,1,1.1000000000000001,0.050000000000000003,0.055000000000000007,true,true,,,50,50,0,0,0,1.9366049839769384,1.9340398511734669,1.9374586123029462,0,0.4838709677419355,0.0011815386422177516,0.020000000000000018,1,0,0,0,0,required_grid,true,
0.02,1.05,jerk_limited,4000,21,-1,1.2,0.050000000000000003,-0.059999999999999998,true,true,,,50,50,0,0,0,1.8819823261068573,1.8819823261068576,1.8819823261068844,0,0.58064516129032262,0.0012904932254295246,0.020000000000000018,1,0,0,0,0,required_grid,true,
0.02,1.05,jerk_limited,4000,21,1,1.2,0.050000000000000003,0.059999999999999998,true,true,,,50,50,0,0,0,1.8819823261068573,1.8819823261068576,1.8819823261068844,0,0.58064516129032262,0.0012904932254295246,0.020000000000000018,1,0,0,0,0,required_grid,true,
0.02,1.05,jerk_limited,4000,21,-1,2,0.050000000000000003,-0.10000000000000001,true,true,,,50,50,0,0,0,1.5709838614064133,1.5709838614064131,1.6782408169163499,0,0.29032258064516131,0.0022956761432817198,0.020000000000000018,1,0,0,0,0,required_grid,true,
0.02,1.05,jerk_limited,4000,21,1,2,0.050000000000000003,0.10000000000000001,true,true,,,50,50,0,0,0,1.5709838614064133,1.5709838614064131,1.6782408169163499,0,0.29032258064516131,0.0022956761432817198,0.020000000000000018,1,0,0,0,0,required_grid,true,
0.02,1.25,jerk_limited,1000,6.25,-1,0.5,0.012500000000000001,-0.0062500000000000003,true,true,,,50,50,1,49.999999999999964,1,1.4254845247652541,1.4254845247653247,1.4254845247653964,0,1,0.00012499999999999992,0.020000000000000018,1,0,0,0,0,required_grid,true,
0.02,1.25,jerk_limited,1000,6.25,1,0.5,0.012500000000000001,0.0062500000000000003,true,true,,,50,50,1,49.999999999999964,1,1.4254845247652541,1.4254845247653247,1.4254845247653964,0,1,0.00012499999999999992,0.020000000000000018,1,0,0,0,0,required_grid,true,
0.02,1.25,jerk_limited,1000,6.25,-1,0.80000000000000004,0.012500000000000001,-0.010000000000000002,true,true,,,50,50,1,49.999999999999964,1,1.7024335825561798,1.7024335825562442,1.7024335825563557,0,1,0.00019999999999999982,0.020000000000000018,1,0,0,0,0,required_grid,true,
0.02,1.25,jerk_limited,1000,6.25,1,0.80000000000000004,0.012500000000000001,0.010000000000000002,true,true,,,50,50,1,49.999999999999964,1,1.7024335825561798,1.7024335825562442,1.7024335825563557,0,1,0.00019999999999999982,0.020000000000000018,1,0,0,0,0,required_grid,true,
0.02,1.25,jerk_limited,1000,6.25,-1,0.90000000000000002,0.012500000000000001,-0.011250000000000001,true,true,,,50,50,1,49.999999999999964,1,1.8310464800500965,1.831046480050097,1.8310464800501149,0,1,0.00022500000000000002,0.020000000000000018,1,0,0,0,0,required_grid,true,
0.02,1.25,jerk_limited,1000,6.25,1,0.90000000000000002,0.012500000000000001,0.011250000000000001,true,true,,,50,50,1,49.999999999999964,1,1.8310464800500965,1.831046480050097,1.8310464800501149,0,1,0.00022500000000000002,0.020000000000000018,1,0,0,0,0,required_grid,true,
0.02,1.25,jerk_limited,1000,6.25,-1,0.94999999999999996,0.012500000000000001,-0.011875,true,true,,,50,50,1,49.999999999999964,1,1.9087204308181309,1.9087204308181311,1.908720430818158,0,1,0.00023750000000000049,0.020000000000000018,1,0,0,0,0,required_grid,true,
0.02,1.25,jerk_limited,1000,6.25,1,0.94999999999999996,0.012500000000000001,0.011875,true,true,,,50,50,1,49.999999999999964,1,1.9087204308181309,1.9087204308181311,1.908720430818158,0,1,0.00023750000000000049,0.020000000000000018,1,0,0,0,0,required_grid,true,
0.02,1.25,jerk_limited,1000,6.25,-1,0.97999999999999998,0.012500000000000001,-0.01225,true,true,,,50,50,1,49.999999999999964,1,1.961510240755068,1.9615102407550682,1.9615102407552498,0,1,0.00024500000000000037,0.020000000000000018,1,0,0,0,0,required_grid,true,
0.02,1.25,jerk_limited,1000,6.25,1,0.97999999999999998,0.012500000000000001,0.01225,true,true,,,50,50,1,49.999999999999964,1,1.961510240755068,1.9615102407550682,1.9615102407552498,0,1,0.00024500000000000037,0.020000000000000018,1,0,0,0,0,required_grid,true,
0.02,1.25,jerk_limited,1000,6.25,-1,0.98999999999999999,0.012500000000000001,-0.012375000000000001,true,true,,,50,50,1,49.999999999999964,1,1.9803884044368059,1.9803884044368283,1.980388404436829,0,1,0.00024749999999999989,0.020000000000000018,1,0,0,0,0,required_grid,true,
0.02,1.25,jerk_limited,1000,6.25,1,0.98999999999999999,0.012500000000000001,0.012375000000000001,true,true,,,50,50,1,49.999999999999964,1,1.9803884044368059,1.9803884044368283,1.980388404436829,0,1,0.00024749999999999989,0.020000000000000018,1,0,0,0,0,required_grid,true,
0.02,1.25,jerk_limited,1000,6.25,-1,0.995,0.012500000000000001,-0.012437500000000001,true,true,,,50,50,1,49.999999999999964,1,1.9900985257539303,1.990098525753931,1.9900985257539314,0,1,0.00024875,0.020000000000000018,1,0,0,0,0,required_grid,true,
0.02,1.25,jerk_limited,1000,6.25,1,0.995,0.012500000000000001,0.012437500000000001,true,true,,,50,50,1,49.999999999999964,1,1.9900985257539303,1.990098525753931,1.9900985257539314,0,1,0.00024875,0.020000000000000018,1,0,0,0,0,required_grid,true,
0.02,1.25,jerk_limited,1000,6.25,-1,1,0.012500000000000001,-0.012500000000000001,true,true,,,50,50,1,49.999999999999964,1,2.0000000000000022,2.0000000000000067,2.0000000000000417,0,1,0.00025000000000000017,0.020000000000000018,1,0,0,0,0,required_grid,true,
0.02,1.25,jerk_limited,1000,6.25,1,1,0.012500000000000001,0.012500000000000001,true,true,,,50,50,1,49.999999999999964,1,2.0000000000000022,2.0000000000000067,2.0000000000000417,0,1,0.00025000000000000017,0.020000000000000018,1,0,0,0,0,required_grid,true,
0.02,1.25,jerk_limited,1000,6.25,-1,1.0049999999999999,0.012500000000000001,-0.012562499999999999,true,true,,,50,50,0,0,0,1.9966777347471747,1.9966777347471747,1.9966777347472013,0,1,0.00025137031016104838,0.020000000000000018,1,0,0,0,0,required_grid,true,
0.02,1.25,jerk_limited,1000,6.25,1,1.0049999999999999,0.012500000000000001,0.012562499999999999,true,true,,,50,50,0,0,0,1.9966777347471747,1.9966777347471747,1.9966777347472013,0,1,0.00025137031016104838,0.020000000000000018,1,0,0,0,0,required_grid,true,
0.02,1.25,jerk_limited,1000,6.25,-1,1.01,0.012500000000000001,-0.012625000000000001,true,true,,,50,50,0,0,0,1.9933774349546776,1.9933774349546776,1.9933774349547169,0,1,0.00025345897328373591,0.020000000000000018,1,0,0,0,0,required_grid,true,
0.02,1.25,jerk_limited,1000,6.25,1,1.01,0.012500000000000001,0.012625000000000001,true,true,,,50,50,0,0,0,1.9933774349546776,1.9933774349546776,1.9933774349547169,0,1,0.00025345897328373591,0.020000000000000018,1,0,0,0,0,required_grid,true,
0.02,1.25,jerk_limited,1000,6.25,-1,1.02,0.012500000000000001,-0.012750000000000001,true,true,,,50,50,0,0,0,1.9868417243179253,1.9868417243179264,1.9868417243179732,0,0.967741935483871,0.00026267216388762416,0.020000000000000018,1,0,0,0,0,required_grid,true,
0.02,1.25,jerk_limited,1000,6.25,1,1.02,0.012500000000000001,0.012750000000000001,true,true,,,50,50,0,0,0,1.9868417243179253,1.9868417243179264,1.9868417243179732,0,0.967741935483871,0.00026267216388762416,0.020000000000000018,1,0,0,0,0,required_grid,true,
0.02,1.25,jerk_limited,1000,6.25,-1,1.05,0.012500000000000001,-0.013125000000000001,true,true,,,50,50,0,0,0,1.9677362936123861,1.967736293612387,1.9677362936124319,0,0.70967741935483875,0.00028065312268699762,0.020000000000000018,1,0,0,0,0,required_grid,true,
0.02,1.25,jerk_limited,1000,6.25,1,1.05,0.012500000000000001,0.013125000000000001,true,true,,,50,50,0,0,0,1.9677362936123861,1.967736293612387,1.9677362936124319,0,0.70967741935483875,0.00028065312268699762,0.020000000000000018,1,0,0,0,0,required_grid,true,
0.02,1.25,jerk_limited,1000,6.25,-1,1.1000000000000001,0.012500000000000001,-0.013750000000000002,true,true,,,50,50,0,0,0,1.9366049839769384,1.9340398511734669,1.9374586123029462,0,0.4838709677419355,0.00029538466055443791,0.020000000000000018,1,0,0,0,0,required_grid,true,
0.02,1.25,jerk_limited,1000,6.25,1,1.1000000000000001,0.012500000000000001,0.013750000000000002,true,true,,,50,50,0,0,0,1.9366049839769384,1.9340398511734669,1.9374586123029462,0,0.4838709677419355,0.00029538466055443791,0.020000000000000018,1,0,0,0,0,required_grid,true,
0.02,1.25,jerk_limited,1000,6.25,-1,1.2,0.012500000000000001,-0.014999999999999999,true,true,,,50,50,0,0,0,1.8820720577620387,1.8820720577620382,1.8820720577620758,0,0.58064516129032262,0.00032196259471334657,0.020000000000000018,1,0,0,0,0,required_grid,true,
0.02,1.25,jerk_limited,1000,6.25,1,1.2,0.012500000000000001,0.014999999999999999,true,true,,,50,50,0,0,0,1.8820720577620387,1.8820720577620382,1.8820720577620758,0,0.58064516129032262,0.00032196259471334657,0.020000000000000018,1,0,0,0,0,required_grid,true,
0.02,1.25,jerk_limited,1000,6.25,-1,2,0.012500000000000001,-0.025000000000000001,true,true,,,50,50,0,0,0,1.5873680702046506,1.4922694613132959,1.6700496360284736,0,0.38709677419354838,0.00056750267752947914,0.020000000000000018,1,0,0,0,0,required_grid,true,
0.02,1.25,jerk_limited,1000,6.25,1,2,0.012500000000000001,0.025000000000000001,true,true,,,50,50,0,0,0,1.5873680702046506,1.4922694613132959,1.6700496360284736,0,0.38709677419354838,0.00056750267752947914,0.020000000000000018,1,0,0,0,0,required_grid,true,
0.02,1.25,jerk_limited,4000,25,-1,0.5,0.050000000000000003,-0.025000000000000001,true,true,,,50,50,1,49.999999999999964,1,1.4254845247652537,1.4254845247653249,1.4254845247653969,0,1,0.00050000000000000044,0.020000000000000018,1,0,0,0,0,required_grid,true,
0.02,1.25,jerk_limited,4000,25,1,0.5,0.050000000000000003,0.025000000000000001,true,true,,,50,50,1,49.999999999999964,1,1.4254845247652537,1.4254845247653249,1.4254845247653969,0,1,0.00050000000000000044,0.020000000000000018,1,0,0,0,0,required_grid,true,
0.02,1.25,jerk_limited,4000,25,-1,0.80000000000000004,0.050000000000000003,-0.040000000000000008,true,true,,,50,50,1,49.999999999999964,1,1.7024335825561798,1.7024335825562442,1.7024335825563099,0,1,0.00080000000000000026,0.020000000000000018,1,0,0,0,0,required_grid,true,
0.02,1.25,jerk_limited,4000,25,1,0.80000000000000004,0.050000000000000003,0.040000000000000008,true,true,,,50,50,1,49.999999999999964,1,1.7024335825561798,1.7024335825562442,1.7024335825563099,0,1,0.00080000000000000026,0.020000000000000018,1,0,0,0,0,required_grid,true,
0.02,1.25,jerk_limited,4000,25,-1,0.90000000000000002,0.050000000000000003,-0.045000000000000005,true,true,,,50,50,1,49.999999999999964,1,1.8310464800500965,1.8310464800501054,1.8310464800501152,0,1,0.00089999999999999911,0.020000000000000018,1,0,0,0,0,required_grid,true,
0.02,1.25,jerk_limited,4000,25,1,0.90000000000000002,0.050000000000000003,0.045000000000000005,true,true,,,50,50,1,49.999999999999964,1,1.8310464800500965,1.8310464800501054,1.8310464800501152,0,1,0.00089999999999999911,0.020000000000000018,1,0,0,0,0,required_grid,true,
0.02,1.25,jerk_limited,4000,25,-1,0.94999999999999996,0.050000000000000003,-0.047500000000000001,true,true,,,50,50,1,49.999999999999964,1,1.9087204308181309,1.9087204308181311,1.9087204308181582,0,1,0.00095000000000000173,0.020000000000000018,1,0,0,0,0,required_grid,true,
0.02,1.25,jerk_limited,4000,25,1,0.94999999999999996,0.050000000000000003,0.047500000000000001,true,true,,,50,50,1,49.999999999999964,1,1.9087204308181309,1.9087204308181311,1.9087204308181582,0,1,0.00095000000000000173,0.020000000000000018,1,0,0,0,0,required_grid,true,
0.02,1.25,jerk_limited,4000,25,-1,0.97999999999999998,0.050000000000000003,-0.049000000000000002,true,true,,,50,50,1,49.999999999999964,1,1.9615102407550684,1.9615102407550682,1.9615102407552498,0,1,0.00098000000000000105,0.020000000000000018,1,0,0,0,0,required_grid,true,
0.02,1.25,jerk_limited,4000,25,1,0.97999999999999998,0.050000000000000003,0.049000000000000002,true,true,,,50,50,1,49.999999999999964,1,1.9615102407550684,1.9615102407550682,1.9615102407552498,0,1,0.00098000000000000105,0.020000000000000018,1,0,0,0,0,required_grid,true,
0.02,1.25,jerk_limited,4000,25,-1,0.98999999999999999,0.050000000000000003,-0.049500000000000002,true,true,,,50,50,1,49.999999999999964,1,1.9803884044368059,1.9803884044368283,1.980388404436829,0,1,0.00098999999999999956,0.020000000000000018,1,0,0,0,0,required_grid,true,
0.02,1.25,jerk_limited,4000,25,1,0.98999999999999999,0.050000000000000003,0.049500000000000002,true,true,,,50,50,1,49.999999999999964,1,1.9803884044368059,1.9803884044368283,1.980388404436829,0,1,0.00098999999999999956,0.020000000000000018,1,0,0,0,0,required_grid,true,
0.02,1.25,jerk_limited,4000,25,-1,0.995,0.050000000000000003,-0.049750000000000003,true,true,,,50,50,1,49.999999999999964,1,1.9900985257539308,1.990098525753931,1.9900985257539314,0,1,0.00099500000000000001,0.020000000000000018,1,0,0,0,0,required_grid,true,
0.02,1.25,jerk_limited,4000,25,1,0.995,0.050000000000000003,0.049750000000000003,true,true,,,50,50,1,49.999999999999964,1,1.9900985257539308,1.990098525753931,1.9900985257539314,0,1,0.00099500000000000001,0.020000000000000018,1,0,0,0,0,required_grid,true,
0.02,1.25,jerk_limited,4000,25,-1,1,0.050000000000000003,-0.050000000000000003,true,true,,,50,50,1,49.999999999999964,1,2.0000000000000022,2.0000000000000067,2.0000000000000417,0,1,0.0010000000000000007,0.020000000000000018,1,0,0,0,0,required_grid,true,
0.02,1.25,jerk_limited,4000,25,1,1,0.050000000000000003,0.050000000000000003,true,true,,,50,50,1,49.999999999999964,1,2.0000000000000022,2.0000000000000067,2.0000000000000417,0,1,0.0010000000000000007,0.020000000000000018,1,0,0,0,0,required_grid,true,
0.02,1.25,jerk_limited,4000,25,-1,1.0049999999999999,0.050000000000000003,-0.050249999999999996,true,true,,,50,50,0,0,0,1.9966777347471747,1.9966777347471747,1.9966777347472013,0,1,0.0010054812406441935,0.020000000000000018,1,0,0,0,0,required_grid,true,
0.02,1.25,jerk_limited,4000,25,1,1.0049999999999999,0.050000000000000003,0.050249999999999996,true,true,,,50,50,0,0,0,1.9966777347471747,1.9966777347471747,1.9966777347472013,0,1,0.0010054812406441935,0.020000000000000018,1,0,0,0,0,required_grid,true,
0.02,1.25,jerk_limited,4000,25,-1,1.01,0.050000000000000003,-0.050500000000000003,true,true,,,50,50,0,0,0,1.9933774349546776,1.9933774349546776,1.9933774349547169,0,1,0.0010138358931349436,0.020000000000000018,1,0,0,0,0,required_grid,true,
0.02,1.25,jerk_limited,4000,25,1,1.01,0.050000000000000003,0.050500000000000003,true,true,,,50,50,0,0,0,1.9933774349546776,1.9933774349546776,1.9933774349547169,0,1,0.0010138358931349436,0.020000000000000018,1,0,0,0,0,required_grid,true,
0.02,1.25,jerk_limited,4000,25,-1,1.02,0.050000000000000003,-0.051000000000000004,true,true,,,50,50,0,0,0,1.9868417243179253,1.9868417243179264,1.9868417243179732,0,0.967741935483871,0.0010506886555504966,0.020000000000000018,1,0,0,0,0,required_grid,true,
0.02,1.25,jerk_limited,4000,25,1,1.02,0.050000000000000003,0.051000000000000004,true,true,,,50,50,0,0,0,1.9868417243179253,1.9868417243179264,1.9868417243179732,0,0.967741935483871,0.0010506886555504966,0.020000000000000018,1,0,0,0,0,required_grid,true,
0.02,1.25,jerk_limited,4000,25,-1,1.05,0.050000000000000003,-0.052500000000000005,true,true,,,50,50,0,0,0,1.9677362936123861,1.967736293612387,1.9677362936124319,0,0.70967741935483875,0.0011226124907479905,0.020000000000000018,1,0,0,0,0,required_grid,true,
0.02,1.25,jerk_limited,4000,25,1,1.05,0.050000000000000003,0.052500000000000005,true,true,,,50,50,0,0,0,1.9677362936123861,1.967736293612387,1.9677362936124319,0,0.70967741935483875,0.0011226124907479905,0.020000000000000018,1,0,0,0,0,required_grid,true,
0.02,1.25,jerk_limited,4000,25,-1,1.1000000000000001,0.050000000000000003,-0.055000000000000007,true,true,,,50,50,0,0,0,1.9366049839769384,1.9340398511734669,1.9374586123029462,0,0.4838709677419355,0.0011815386422177516,0.020000000000000018,1,0,0,0,0,required_grid,true,
0.02,1.25,jerk_limited,4000,25,1,1.1000000000000001,0.050000000000000003,0.055000000000000007,true,true,,,50,50,0,0,0,1.9366049839769384,1.9340398511734669,1.9374586123029462,0,0.4838709677419355,0.0011815386422177516,0.020000000000000018,1,0,0,0,0,required_grid,true,
0.02,1.25,jerk_limited,4000,25,-1,1.2,0.050000000000000003,-0.059999999999999998,true,true,,,50,50,0,0,0,1.8820720577620387,1.8820720577620382,1.8820720577620758,0,0.58064516129032262,0.0012878503788533863,0.020000000000000018,1,0,0,0,0,required_grid,true,
0.02,1.25,jerk_limited,4000,25,1,1.2,0.050000000000000003,0.059999999999999998,true,true,,,50,50,0,0,0,1.8820720577620387,1.8820720577620382,1.8820720577620758,0,0.58064516129032262,0.0012878503788533863,0.020000000000000018,1,0,0,0,0,required_grid,true,
0.02,1.25,jerk_limited,4000,25,-1,2,0.050000000000000003,-0.10000000000000001,true,true,,,50,50,0,0,0,1.5873680702046506,1.4922694613132959,1.6700496360284736,0,0.38709677419354838,0.0022700107101179165,0.020000000000000018,1,0,0,0,0,required_grid,true,
0.02,1.25,jerk_limited,4000,25,1,2,0.050000000000000003,0.10000000000000001,true,true,,,50,50,0,0,0,1.5873680702046506,1.4922694613132959,1.6700496360284736,0,0.38709677419354838,0.0022700107101179165,0.020000000000000018,1,0,0,0,0,required_grid,true,
0.02,2,jerk_limited,1000,10,-1,0.5,0.012500000000000001,-0.0062500000000000003,true,true,,,50,50,1,49.999999999999964,1,1.4254845247652541,1.4254845247653247,1.4254845247653964,0,1,0.00012499999999999992,0.020000000000000018,1,0,0,0,0,required_grid,true,
0.02,2,jerk_limited,1000,10,1,0.5,0.012500000000000001,0.0062500000000000003,true,true,,,50,50,1,49.999999999999964,1,1.4254845247652541,1.4254845247653247,1.4254845247653964,0,1,0.00012499999999999992,0.020000000000000018,1,0,0,0,0,required_grid,true,
0.02,2,jerk_limited,1000,10,-1,0.80000000000000004,0.012500000000000001,-0.010000000000000002,true,true,,,50,50,1,49.999999999999964,1,1.7024335825561798,1.702433582556244,1.7024335825563557,0,1,0.00019999999999999985,0.020000000000000018,1,0,0,0,0,required_grid,true,
0.02,2,jerk_limited,1000,10,1,0.80000000000000004,0.012500000000000001,0.010000000000000002,true,true,,,50,50,1,49.999999999999964,1,1.7024335825561798,1.702433582556244,1.7024335825563557,0,1,0.00019999999999999985,0.020000000000000018,1,0,0,0,0,required_grid,true,
0.02,2,jerk_limited,1000,10,-1,0.90000000000000002,0.012500000000000001,-0.011250000000000001,true,true,,,50,50,1,49.999999999999964,1,1.8310464800500965,1.8310464800501054,1.8310464800501149,0,1,0.00022499999999999997,0.020000000000000018,1,0,0,0,0,required_grid,true,
0.02,2,jerk_limited,1000,10,1,0.90000000000000002,0.012500000000000001,0.011250000000000001,true,true,,,50,50,1,49.999999999999964,1,1.8310464800500965,1.8310464800501054,1.8310464800501149,0,1,0.00022499999999999997,0.020000000000000018,1,0,0,0,0,required_grid,true,
0.02,2,jerk_limited,1000,10,-1,0.94999999999999996,0.012500000000000001,-0.011875,true,true,,,50,50,1,49.999999999999964,1,1.9087204308181303,1.9087204308181311,1.908720430818158,0,1,0.00023750000000000057,0.020000000000000018,1,0,0,0,0,required_grid,true,
0.02,2,jerk_limited,1000,10,1,0.94999999999999996,0.012500000000000001,0.011875,true,true,,,50,50,1,49.999999999999964,1,1.9087204308181303,1.9087204308181311,1.908720430818158,0,1,0.00023750000000000057,0.020000000000000018,1,0,0,0,0,required_grid,true,
0.02,2,jerk_limited,1000,10,-1,0.97999999999999998,0.012500000000000001,-0.01225,true,true,,,50,50,1,49.999999999999964,1,1.961510240755068,1.9615102407550682,1.9615102407552498,0,1,0.00024500000000000037,0.020000000000000018,1,0,0,0,0,required_grid,true,
0.02,2,jerk_limited,1000,10,1,0.97999999999999998,0.012500000000000001,0.01225,true,true,,,50,50,1,49.999999999999964,1,1.961510240755068,1.9615102407550682,1.9615102407552498,0,1,0.00024500000000000037,0.020000000000000018,1,0,0,0,0,required_grid,true,
0.02,2,jerk_limited,1000,10,-1,0.98999999999999999,0.012500000000000001,-0.012375000000000001,true,true,,,50,50,1,49.999999999999964,1,1.9803884044368059,1.9803884044368276,1.9803884044368725,0,1,0.00024749999999999984,0.020000000000000018,1,0,0,0,0,required_grid,true,
0.02,2,jerk_limited,1000,10,1,0.98999999999999999,0.012500000000000001,0.012375000000000001,true,true,,,50,50,1,49.999999999999964,1,1.9803884044368059,1.9803884044368276,1.9803884044368725,0,1,0.00024749999999999984,0.020000000000000018,1,0,0,0,0,required_grid,true,
0.02,2,jerk_limited,1000,10,-1,0.995,0.012500000000000001,-0.012437500000000001,true,true,,,50,50,1,49.999999999999964,1,1.9900985257539303,1.990098525753931,1.9900985257539316,0,1,0.00024875000000000006,0.020000000000000018,1,0,0,0,0,required_grid,true,
0.02,2,jerk_limited,1000,10,1,0.995,0.012500000000000001,0.012437500000000001,true,true,,,50,50,1,49.999999999999964,1,1.9900985257539303,1.990098525753931,1.9900985257539316,0,1,0.00024875000000000006,0.020000000000000018,1,0,0,0,0,required_grid,true,
0.02,2,jerk_limited,1000,10,-1,1,0.012500000000000001,-0.012500000000000001,true,true,,,50,50,1,49.999999999999964,1,2.0000000000000022,2.0000000000000067,2.0000000000000417,0,1,0.00025000000000000017,0.020000000000000018,1,0,0,0,0,required_grid,true,
0.02,2,jerk_limited,1000,10,1,1,0.012500000000000001,0.012500000000000001,true,true,,,50,50,1,49.999999999999964,1,2.0000000000000022,2.0000000000000067,2.0000000000000417,0,1,0.00025000000000000017,0.020000000000000018,1,0,0,0,0,required_grid,true,
0.02,2,jerk_limited,1000,10,-1,1.0049999999999999,0.012500000000000001,-0.012562499999999999,true,true,,,50,50,0,0,0,1.9966777347471747,1.9966777347471747,1.9966777347472013,0,1,0.00025137031016104838,0.020000000000000018,1,0,0,0,0,required_grid,true,
0.02,2,jerk_limited,1000,10,1,1.0049999999999999,0.012500000000000001,0.012562499999999999,true,true,,,50,50,0,0,0,1.9966777347471747,1.9966777347471747,1.9966777347472013,0,1,0.00025137031016104838,0.020000000000000018,1,0,0,0,0,required_grid,true,
0.02,2,jerk_limited,1000,10,-1,1.01,0.012500000000000001,-0.012625000000000001,true,true,,,50,50,0,0,0,1.9933774349546776,1.9933774349546776,1.9933774349547169,0,1,0.00025345897328373591,0.020000000000000018,1,0,0,0,0,required_grid,true,
0.02,2,jerk_limited,1000,10,1,1.01,0.012500000000000001,0.012625000000000001,true,true,,,50,50,0,0,0,1.9933774349546776,1.9933774349546776,1.9933774349547169,0,1,0.00025345897328373591,0.020000000000000018,1,0,0,0,0,required_grid,true,
0.02,2,jerk_limited,1000,10,-1,1.02,0.012500000000000001,-0.012750000000000001,true,true,,,50,50,0,0,0,1.9868417243179253,1.9868417243179264,1.9868417243179732,0,0.967741935483871,0.00026267216388762416,0.020000000000000018,1,0,0,0,0,required_grid,true,
0.02,2,jerk_limited,1000,10,1,1.02,0.012500000000000001,0.012750000000000001,true,true,,,50,50,0,0,0,1.9868417243179253,1.9868417243179264,1.9868417243179732,0,0.967741935483871,0.00026267216388762416,0.020000000000000018,1,0,0,0,0,required_grid,true,
0.02,2,jerk_limited,1000,10,-1,1.05,0.012500000000000001,-0.013125000000000001,true,true,,,50,50,0,0,0,1.9677362936123861,1.967736293612387,1.9677362936124319,0,0.70967741935483875,0.00028065312268699762,0.020000000000000018,1,0,0,0,0,required_grid,true,
0.02,2,jerk_limited,1000,10,1,1.05,0.012500000000000001,0.013125000000000001,true,true,,,50,50,0,0,0,1.9677362936123861,1.967736293612387,1.9677362936124319,0,0.70967741935483875,0.00028065312268699762,0.020000000000000018,1,0,0,0,0,required_grid,true,
0.02,2,jerk_limited,1000,10,-1,1.1000000000000001,0.012500000000000001,-0.013750000000000002,true,true,,,50,50,0,0,0,1.9366049839769384,1.9340398511734669,1.9374586123029462,0,0.4838709677419355,0.00029538466055443791,0.020000000000000018,1,0,0,0,0,required_grid,true,
0.02,2,jerk_limited,1000,10,1,1.1000000000000001,0.012500000000000001,0.013750000000000002,true,true,,,50,50,0,0,0,1.9366049839769384,1.9340398511734669,1.9374586123029462,0,0.4838709677419355,0.00029538466055443791,0.020000000000000018,1,0,0,0,0,required_grid,true,
0.02,2,jerk_limited,1000,10,-1,1.2,0.012500000000000001,-0.014999999999999999,true,true,,,50,50,0,0,0,1.8820720577620387,1.8820720577620382,1.8820720577620758,0,0.58064516129032262,0.00032196259471334657,0.020000000000000018,1,0,0,0,0,required_grid,true,
0.02,2,jerk_limited,1000,10,1,1.2,0.012500000000000001,0.014999999999999999,true,true,,,50,50,0,0,0,1.8820720577620387,1.8820720577620382,1.8820720577620758,0,0.58064516129032262,0.00032196259471334657,0.020000000000000018,1,0,0,0,0,required_grid,true,
0.02,2,jerk_limited,1000,10,-1,2,0.012500000000000001,-0.025000000000000001,true,true,,,50,50,0,0,0,1.5874010519682027,1.5347741763489853,1.7181231673318411,0,0.35483870967741937,0.00056993002986467016,0.020000000000000018,1,0,0,0,0,required_grid,true,
0.02,2,jerk_limited,1000,10,1,2,0.012500000000000001,0.025000000000000001,true,true,,,50,50,0,0,0,1.5874010519682027,1.5347741763489853,1.7181231673318411,0,0.35483870967741937,0.00056993002986467016,0.020000000000000018,1,0,0,0,0,required_grid,true,
0.02,2,jerk_limited,4000,40,-1,0.5,0.050000000000000003,-0.025000000000000001,true,true,,,50,50,1,49.999999999999964,1,1.4254845247653247,1.4254845247653249,1.4254845247653969,0,1,0.00050000000000000055,0.020000000000000018,1,0,0,0,0,required_grid,true,
0.02,2,jerk_limited,4000,40,1,0.5,0.050000000000000003,0.025000000000000001,true,true,,,50,50,1,49.999999999999964,1,1.4254845247653247,1.4254845247653249,1.4254845247653969,0,1,0.00050000000000000055,0.020000000000000018,1,0,0,0,0,required_grid,true,
0.02,2,jerk_limited,4000,40,-1,0.80000000000000004,0.050000000000000003,-0.040000000000000008,true,true,,,50,50,1,49.999999999999964,1,1.7024335825561798,1.702433582556244,1.7024335825563557,0,1,0.00079999999999999928,0.020000000000000018,1,0,0,0,0,required_grid,true,
0.02,2,jerk_limited,4000,40,1,0.80000000000000004,0.050000000000000003,0.040000000000000008,true,true,,,50,50,1,49.999999999999964,1,1.7024335825561798,1.702433582556244,1.7024335825563557,0,1,0.00079999999999999928,0.020000000000000018,1,0,0,0,0,required_grid,true,
0.02,2,jerk_limited,4000,40,-1,0.90000000000000002,0.050000000000000003,-0.045000000000000005,true,true,,,50,50,1,49.999999999999964,1,1.8310464800500965,1.8310464800501054,1.8310464800501152,0,1,0.00089999999999999976,0.020000000000000018,1,0,0,0,0,required_grid,true,
0.02,2,jerk_limited,4000,40,1,0.90000000000000002,0.050000000000000003,0.045000000000000005,true,true,,,50,50,1,49.999999999999964,1,1.8310464800500965,1.8310464800501054,1.8310464800501152,0,1,0.00089999999999999976,0.020000000000000018,1,0,0,0,0,required_grid,true,
0.02,2,jerk_limited,4000,40,-1,0.94999999999999996,0.050000000000000003,-0.047500000000000001,true,true,,,50,50,1,49.999999999999964,1,1.9087204308181309,1.9087204308181311,1.9087204308181778,0,1,0.00095000000000000271,0.020000000000000018,1,0,0,0,0,required_grid,true,
0.02,2,jerk_limited,4000,40,1,0.94999999999999996,0.050000000000000003,0.047500000000000001,true,true,,,50,50,1,49.999999999999964,1,1.9087204308181309,1.9087204308181311,1.9087204308181778,0,1,0.00095000000000000271,0.020000000000000018,1,0,0,0,0,required_grid,true,
0.02,2,jerk_limited,4000,40,-1,0.97999999999999998,0.050000000000000003,-0.049000000000000002,true,true,,,50,50,1,49.999999999999964,1,1.9615102407550684,1.9615102407550684,1.9615102407552498,0,1,0.0009800000000000017,0.020000000000000018,1,0,0,0,0,required_grid,true,
0.02,2,jerk_limited,4000,40,1,0.97999999999999998,0.050000000000000003,0.049000000000000002,true,true,,,50,50,1,49.999999999999964,1,1.9615102407550684,1.9615102407550684,1.9615102407552498,0,1,0.0009800000000000017,0.020000000000000018,1,0,0,0,0,required_grid,true,
0.02,2,jerk_limited,4000,40,-1,0.98999999999999999,0.050000000000000003,-0.049500000000000002,true,true,,,50,50,1,49.999999999999964,1,1.9803884044368054,1.9803884044368276,1.9803884044368725,0,1,0.00098999999999999934,0.020000000000000018,1,0,0,0,0,required_grid,true,
0.02,2,jerk_limited,4000,40,1,0.98999999999999999,0.050000000000000003,0.049500000000000002,true,true,,,50,50,1,49.999999999999964,1,1.9803884044368054,1.9803884044368276,1.9803884044368725,0,1,0.00098999999999999934,0.020000000000000018,1,0,0,0,0,required_grid,true,
0.02,2,jerk_limited,4000,40,-1,0.995,0.050000000000000003,-0.049750000000000003,true,true,,,50,50,1,49.999999999999964,1,1.9900985257539308,1.990098525753931,1.9900985257539314,0,1,0.00099500000000000022,0.020000000000000018,1,0,0,0,0,required_grid,true,
0.02,2,jerk_limited,4000,40,1,0.995,0.050000000000000003,0.049750000000000003,true,true,,,50,50,1,49.999999999999964,1,1.9900985257539308,1.990098525753931,1.9900985257539314,0,1,0.00099500000000000022,0.020000000000000018,1,0,0,0,0,required_grid,true,
0.02,2,jerk_limited,4000,40,-1,1,0.050000000000000003,-0.050000000000000003,true,true,,,50,50,1,49.999999999999964,1,2.0000000000000022,2.0000000000000067,2.0000000000000417,0,1,0.0010000000000000007,0.020000000000000018,1,0,0,0,0,required_grid,true,
0.02,2,jerk_limited,4000,40,1,1,0.050000000000000003,0.050000000000000003,true,true,,,50,50,1,49.999999999999964,1,2.0000000000000022,2.0000000000000067,2.0000000000000417,0,1,0.0010000000000000007,0.020000000000000018,1,0,0,0,0,required_grid,true,
0.02,2,jerk_limited,4000,40,-1,1.0049999999999999,0.050000000000000003,-0.050249999999999996,true,true,,,50,50,0,0,0,1.9966777347471747,1.9966777347471747,1.9966777347472013,0,1,0.0010054812406441935,0.020000000000000018,1,0,0,0,0,required_grid,true,
0.02,2,jerk_limited,4000,40,1,1.0049999999999999,0.050000000000000003,0.050249999999999996,true,true,,,50,50,0,0,0,1.9966777347471747,1.9966777347471747,1.9966777347472013,0,1,0.0010054812406441935,0.020000000000000018,1,0,0,0,0,required_grid,true,
0.02,2,jerk_limited,4000,40,-1,1.01,0.050000000000000003,-0.050500000000000003,true,true,,,50,50,0,0,0,1.9933774349546776,1.9933774349546776,1.9933774349547169,0,1,0.0010138358931349436,0.020000000000000018,1,0,0,0,0,required_grid,true,
0.02,2,jerk_limited,4000,40,1,1.01,0.050000000000000003,0.050500000000000003,true,true,,,50,50,0,0,0,1.9933774349546776,1.9933774349546776,1.9933774349547169,0,1,0.0010138358931349436,0.020000000000000018,1,0,0,0,0,required_grid,true,
0.02,2,jerk_limited,4000,40,-1,1.02,0.050000000000000003,-0.051000000000000004,true,true,,,50,50,0,0,0,1.9868417243179253,1.9868417243179264,1.9868417243179732,0,0.967741935483871,0.0010506886555504966,0.020000000000000018,1,0,0,0,0,required_grid,true,
0.02,2,jerk_limited,4000,40,1,1.02,0.050000000000000003,0.051000000000000004,true,true,,,50,50,0,0,0,1.9868417243179253,1.9868417243179264,1.9868417243179732,0,0.967741935483871,0.0010506886555504966,0.020000000000000018,1,0,0,0,0,required_grid,true,
0.02,2,jerk_limited,4000,40,-1,1.05,0.050000000000000003,-0.052500000000000005,true,true,,,50,50,0,0,0,1.9677362936123861,1.967736293612387,1.9677362936124319,0,0.70967741935483875,0.0011226124907479905,0.020000000000000018,1,0,0,0,0,required_grid,true,
0.02,2,jerk_limited,4000,40,1,1.05,0.050000000000000003,0.052500000000000005,true,true,,,50,50,0,0,0,1.9677362936123861,1.967736293612387,1.9677362936124319,0,0.70967741935483875,0.0011226124907479905,0.020000000000000018,1,0,0,0,0,required_grid,true,
0.02,2,jerk_limited,4000,40,-1,1.1000000000000001,0.050000000000000003,-0.055000000000000007,true,true,,,50,50,0,0,0,1.9366049839769384,1.9340398511734669,1.9374586123029462,0,0.4838709677419355,0.0011815386422177516,0.020000000000000018,1,0,0,0,0,required_grid,true,
0.02,2,jerk_limited,4000,40,1,1.1000000000000001,0.050000000000000003,0.055000000000000007,true,true,,,50,50,0,0,0,1.9366049839769384,1.9340398511734669,1.9374586123029462,0,0.4838709677419355,0.0011815386422177516,0.020000000000000018,1,0,0,0,0,required_grid,true,
0.02,2,jerk_limited,4000,40,-1,1.2,0.050000000000000003,-0.059999999999999998,true,true,,,50,50,0,0,0,1.8820720577620387,1.8820720577620382,1.8820720577620758,0,0.58064516129032262,0.0012878503788533863,0.020000000000000018,1,0,0,0,0,required_grid,true,
0.02,2,jerk_limited,4000,40,1,1.2,0.050000000000000003,0.059999999999999998,true,true,,,50,50,0,0,0,1.8820720577620387,1.8820720577620382,1.8820720577620758,0,0.58064516129032262,0.0012878503788533863,0.020000000000000018,1,0,0,0,0,required_grid,true,
0.02,2,jerk_limited,4000,40,-1,2,0.050000000000000003,-0.10000000000000001,true,true,,,50,50,0,0,0,1.5874010519682027,1.5347741763489853,1.7181231673318411,0,0.35483870967741937,0.0022797201194586806,0.020000000000000018,1,0,0,0,0,required_grid,true,
0.02,2,jerk_limited,4000,40,1,2,0.050000000000000003,0.10000000000000001,true,true,,,50,50,0,0,0,1.5874010519682027,1.5347741763489853,1.7181231673318411,0,0.35483870967741937,0.0022797201194586806,0.020000000000000018,1,0,0,0,0,required_grid,true,
0.02,4,jerk_limited,1000,20,-1,0.5,0.012500000000000001,-0.0062500000000000003,true,true,,,50,50,1,49.999999999999964,1,1.4254845247652541,1.4254845247653247,1.4254845247653964,0,1,0.00012499999999999992,0.020000000000000018,1,0,0,0,0,required_grid,true,
0.02,4,jerk_limited,1000,20,1,0.5,0.012500000000000001,0.0062500000000000003,true,true,,,50,50,1,49.999999999999964,1,1.4254845247652541,1.4254845247653247,1.4254845247653964,0,1,0.00012499999999999992,0.020000000000000018,1,0,0,0,0,required_grid,true,
0.02,4,jerk_limited,1000,20,-1,0.80000000000000004,0.012500000000000001,-0.010000000000000002,true,true,,,50,50,1,49.999999999999964,1,1.7024335825561798,1.702433582556244,1.7024335825563557,0,1,0.00019999999999999985,0.020000000000000018,1,0,0,0,0,required_grid,true,
0.02,4,jerk_limited,1000,20,1,0.80000000000000004,0.012500000000000001,0.010000000000000002,true,true,,,50,50,1,49.999999999999964,1,1.7024335825561798,1.702433582556244,1.7024335825563557,0,1,0.00019999999999999985,0.020000000000000018,1,0,0,0,0,required_grid,true,
0.02,4,jerk_limited,1000,20,-1,0.90000000000000002,0.012500000000000001,-0.011250000000000001,true,true,,,50,50,1,49.999999999999964,1,1.8310464800500965,1.8310464800501054,1.8310464800501149,0,1,0.00022499999999999997,0.020000000000000018,1,0,0,0,0,required_grid,true,
0.02,4,jerk_limited,1000,20,1,0.90000000000000002,0.012500000000000001,0.011250000000000001,true,true,,,50,50,1,49.999999999999964,1,1.8310464800500965,1.8310464800501054,1.8310464800501149,0,1,0.00022499999999999997,0.020000000000000018,1,0,0,0,0,required_grid,true,
0.02,4,jerk_limited,1000,20,-1,0.94999999999999996,0.012500000000000001,-0.011875,true,true,,,50,50,1,49.999999999999964,1,1.9087204308181303,1.9087204308181311,1.908720430818158,0,1,0.00023750000000000057,0.020000000000000018,1,0,0,0,0,required_grid,true,
0.02,4,jerk_limited,1000,20,1,0.94999999999999996,0.012500000000000001,0.011875,true,true,,,50,50,1,49.999999999999964,1,1.9087204308181303,1.9087204308181311,1.908720430818158,0,1,0.00023750000000000057,0.020000000000000018,1,0,0,0,0,required_grid,true,
0.02,4,jerk_limited,1000,20,-1,0.97999999999999998,0.012500000000000001,-0.01225,true,true,,,50,50,1,49.999999999999964,1,1.961510240755068,1.9615102407550682,1.9615102407552498,0,1,0.00024500000000000037,0.020000000000000018,1,0,0,0,0,required_grid,true,
0.02,4,jerk_limited,1000,20,1,0.97999999999999998,0.012500000000000001,0.01225,true,true,,,50,50,1,49.999999999999964,1,1.961510240755068,1.9615102407550682,1.9615102407552498,0,1,0.00024500000000000037,0.020000000000000018,1,0,0,0,0,required_grid,true,
0.02,4,jerk_limited,1000,20,-1,0.98999999999999999,0.012500000000000001,-0.012375000000000001,true,true,,,50,50,1,49.999999999999964,1,1.9803884044368059,1.9803884044368276,1.9803884044368725,0,1,0.00024749999999999984,0.020000000000000018,1,0,0,0,0,required_grid,true,
0.02,4,jerk_limited,1000,20,1,0.98999999999999999,0.012500000000000001,0.012375000000000001,true,true,,,50,50,1,49.999999999999964,1,1.9803884044368059,1.9803884044368276,1.9803884044368725,0,1,0.00024749999999999984,0.020000000000000018,1,0,0,0,0,required_grid,true,
0.02,4,jerk_limited,1000,20,-1,0.995,0.012500000000000001,-0.012437500000000001,true,true,,,50,50,1,49.999999999999964,1,1.9900985257539303,1.990098525753931,1.9900985257539316,0,1,0.00024875000000000006,0.020000000000000018,1,0,0,0,0,required_grid,true,
0.02,4,jerk_limited,1000,20,1,0.995,0.012500000000000001,0.012437500000000001,true,true,,,50,50,1,49.999999999999964,1,1.9900985257539303,1.990098525753931,1.9900985257539316,0,1,0.00024875000000000006,0.020000000000000018,1,0,0,0,0,required_grid,true,
0.02,4,jerk_limited,1000,20,-1,1,0.012500000000000001,-0.012500000000000001,true,true,,,50,50,1,49.999999999999964,1,2.0000000000000022,2.0000000000000067,2.0000000000000417,0,1,0.00025000000000000017,0.020000000000000018,1,0,0,0,0,required_grid,true,
0.02,4,jerk_limited,1000,20,1,1,0.012500000000000001,0.012500000000000001,true,true,,,50,50,1,49.999999999999964,1,2.0000000000000022,2.0000000000000067,2.0000000000000417,0,1,0.00025000000000000017,0.020000000000000018,1,0,0,0,0,required_grid,true,
0.02,4,jerk_limited,1000,20,-1,1.0049999999999999,0.012500000000000001,-0.012562499999999999,true,true,,,50,50,0,0,0,1.9966777347471747,1.9966777347471747,1.9966777347472013,0,1,0.00025137031016104838,0.020000000000000018,1,0,0,0,0,required_grid,true,
0.02,4,jerk_limited,1000,20,1,1.0049999999999999,0.012500000000000001,0.012562499999999999,true,true,,,50,50,0,0,0,1.9966777347471747,1.9966777347471747,1.9966777347472013,0,1,0.00025137031016104838,0.020000000000000018,1,0,0,0,0,required_grid,true,
0.02,4,jerk_limited,1000,20,-1,1.01,0.012500000000000001,-0.012625000000000001,true,true,,,50,50,0,0,0,1.9933774349546776,1.9933774349546776,1.9933774349547169,0,1,0.00025345897328373591,0.020000000000000018,1,0,0,0,0,required_grid,true,
0.02,4,jerk_limited,1000,20,1,1.01,0.012500000000000001,0.012625000000000001,true,true,,,50,50,0,0,0,1.9933774349546776,1.9933774349546776,1.9933774349547169,0,1,0.00025345897328373591,0.020000000000000018,1,0,0,0,0,required_grid,true,
0.02,4,jerk_limited,1000,20,-1,1.02,0.012500000000000001,-0.012750000000000001,true,true,,,50,50,0,0,0,1.9868417243179253,1.9868417243179264,1.9868417243179732,0,0.967741935483871,0.00026267216388762416,0.020000000000000018,1,0,0,0,0,required_grid,true,
0.02,4,jerk_limited,1000,20,1,1.02,0.012500000000000001,0.012750000000000001,true,true,,,50,50,0,0,0,1.9868417243179253,1.9868417243179264,1.9868417243179732,0,0.967741935483871,0.00026267216388762416,0.020000000000000018,1,0,0,0,0,required_grid,true,
0.02,4,jerk_limited,1000,20,-1,1.05,0.012500000000000001,-0.013125000000000001,true,true,,,50,50,0,0,0,1.9677362936123861,1.967736293612387,1.9677362936124319,0,0.70967741935483875,0.00028065312268699762,0.020000000000000018,1,0,0,0,0,required_grid,true,
0.02,4,jerk_limited,1000,20,1,1.05,0.012500000000000001,0.013125000000000001,true,true,,,50,50,0,0,0,1.9677362936123861,1.967736293612387,1.9677362936124319,0,0.70967741935483875,0.00028065312268699762,0.020000000000000018,1,0,0,0,0,required_grid,true,
0.02,4,jerk_limited,1000,20,-1,1.1000000000000001,0.012500000000000001,-0.013750000000000002,true,true,,,50,50,0,0,0,1.9366049839769384,1.9340398511734669,1.9374586123029462,0,0.4838709677419355,0.00029538466055443791,0.020000000000000018,1,0,0,0,0,required_grid,true,
0.02,4,jerk_limited,1000,20,1,1.1000000000000001,0.012500000000000001,0.013750000000000002,true,true,,,50,50,0,0,0,1.9366049839769384,1.9340398511734669,1.9374586123029462,0,0.4838709677419355,0.00029538466055443791,0.020000000000000018,1,0,0,0,0,required_grid,true,
0.02,4,jerk_limited,1000,20,-1,1.2,0.012500000000000001,-0.014999999999999999,true,true,,,50,50,0,0,0,1.8820720577620387,1.8820720577620382,1.8820720577620758,0,0.58064516129032262,0.00032196259471334657,0.020000000000000018,1,0,0,0,0,required_grid,true,
0.02,4,jerk_limited,1000,20,1,1.2,0.012500000000000001,0.014999999999999999,true,true,,,50,50,0,0,0,1.8820720577620387,1.8820720577620382,1.8820720577620758,0,0.58064516129032262,0.00032196259471334657,0.020000000000000018,1,0,0,0,0,required_grid,true,
0.02,4,jerk_limited,1000,20,-1,2,0.012500000000000001,-0.025000000000000001,true,true,,,50,50,0,0,0,1.5874010519682027,1.5347741763489853,1.7181231673318411,0,0.35483870967741937,0.00056993002986467016,0.020000000000000018,1,0,0,0,0,required_grid,true,
0.02,4,jerk_limited,1000,20,1,2,0.012500000000000001,0.025000000000000001,true,true,,,50,50,0,0,0,1.5874010519682027,1.5347741763489853,1.7181231673318411,0,0.35483870967741937,0.00056993002986467016,0.020000000000000018,1,0,0,0,0,required_grid,true,
0.02,4,jerk_limited,4000,80,-1,0.5,0.050000000000000003,-0.025000000000000001,true,true,,,50,50,1,49.999999999999964,1,1.4254845247653247,1.4254845247653249,1.4254845247653969,0,1,0.00050000000000000055,0.020000000000000018,1,0,0,0,0,required_grid,true,
0.02,4,jerk_limited,4000,80,1,0.5,0.050000000000000003,0.025000000000000001,true,true,,,50,50,1,49.999999999999964,1,1.4254845247653247,1.4254845247653249,1.4254845247653969,0,1,0.00050000000000000055,0.020000000000000018,1,0,0,0,0,required_grid,true,
0.02,4,jerk_limited,4000,80,-1,0.80000000000000004,0.050000000000000003,-0.040000000000000008,true,true,,,50,50,1,49.999999999999964,1,1.7024335825561798,1.702433582556244,1.7024335825563557,0,1,0.00079999999999999928,0.020000000000000018,1,0,0,0,0,required_grid,true,
0.02,4,jerk_limited,4000,80,1,0.80000000000000004,0.050000000000000003,0.040000000000000008,true,true,,,50,50,1,49.999999999999964,1,1.7024335825561798,1.702433582556244,1.7024335825563557,0,1,0.00079999999999999928,0.020000000000000018,1,0,0,0,0,required_grid,true,
0.02,4,jerk_limited,4000,80,-1,0.90000000000000002,0.050000000000000003,-0.045000000000000005,true,true,,,50,50,1,49.999999999999964,1,1.8310464800500965,1.8310464800501054,1.8310464800501152,0,1,0.00089999999999999976,0.020000000000000018,1,0,0,0,0,required_grid,true,
0.02,4,jerk_limited,4000,80,1,0.90000000000000002,0.050000000000000003,0.045000000000000005,true,true,,,50,50,1,49.999999999999964,1,1.8310464800500965,1.8310464800501054,1.8310464800501152,0,1,0.00089999999999999976,0.020000000000000018,1,0,0,0,0,required_grid,true,
0.02,4,jerk_limited,4000,80,-1,0.94999999999999996,0.050000000000000003,-0.047500000000000001,true,true,,,50,50,1,49.999999999999964,1,1.9087204308181309,1.9087204308181311,1.9087204308181778,0,1,0.00095000000000000271,0.020000000000000018,1,0,0,0,0,required_grid,true,
0.02,4,jerk_limited,4000,80,1,0.94999999999999996,0.050000000000000003,0.047500000000000001,true,true,,,50,50,1,49.999999999999964,1,1.9087204308181309,1.9087204308181311,1.9087204308181778,0,1,0.00095000000000000271,0.020000000000000018,1,0,0,0,0,required_grid,true,
0.02,4,jerk_limited,4000,80,-1,0.97999999999999998,0.050000000000000003,-0.049000000000000002,true,true,,,50,50,1,49.999999999999964,1,1.9615102407550684,1.9615102407550684,1.9615102407552498,0,1,0.0009800000000000017,0.020000000000000018,1,0,0,0,0,required_grid,true,
0.02,4,jerk_limited,4000,80,1,0.97999999999999998,0.050000000000000003,0.049000000000000002,true,true,,,50,50,1,49.999999999999964,1,1.9615102407550684,1.9615102407550684,1.9615102407552498,0,1,0.0009800000000000017,0.020000000000000018,1,0,0,0,0,required_grid,true,
0.02,4,jerk_limited,4000,80,-1,0.98999999999999999,0.050000000000000003,-0.049500000000000002,true,true,,,50,50,1,49.999999999999964,1,1.9803884044368054,1.9803884044368276,1.9803884044368725,0,1,0.00098999999999999934,0.020000000000000018,1,0,0,0,0,required_grid,true,
0.02,4,jerk_limited,4000,80,1,0.98999999999999999,0.050000000000000003,0.049500000000000002,true,true,,,50,50,1,49.999999999999964,1,1.9803884044368054,1.9803884044368276,1.9803884044368725,0,1,0.00098999999999999934,0.020000000000000018,1,0,0,0,0,required_grid,true,
0.02,4,jerk_limited,4000,80,-1,0.995,0.050000000000000003,-0.049750000000000003,true,true,,,50,50,1,49.999999999999964,1,1.9900985257539308,1.990098525753931,1.9900985257539314,0,1,0.00099500000000000022,0.020000000000000018,1,0,0,0,0,required_grid,true,
0.02,4,jerk_limited,4000,80,1,0.995,0.050000000000000003,0.049750000000000003,true,true,,,50,50,1,49.999999999999964,1,1.9900985257539308,1.990098525753931,1.9900985257539314,0,1,0.00099500000000000022,0.020000000000000018,1,0,0,0,0,required_grid,true,
0.02,4,jerk_limited,4000,80,-1,1,0.050000000000000003,-0.050000000000000003,true,true,,,50,50,1,49.999999999999964,1,2.0000000000000022,2.0000000000000067,2.0000000000000417,0,1,0.0010000000000000007,0.020000000000000018,1,0,0,0,0,required_grid,true,
0.02,4,jerk_limited,4000,80,1,1,0.050000000000000003,0.050000000000000003,true,true,,,50,50,1,49.999999999999964,1,2.0000000000000022,2.0000000000000067,2.0000000000000417,0,1,0.0010000000000000007,0.020000000000000018,1,0,0,0,0,required_grid,true,
0.02,4,jerk_limited,4000,80,-1,1.0049999999999999,0.050000000000000003,-0.050249999999999996,true,true,,,50,50,0,0,0,1.9966777347471747,1.9966777347471747,1.9966777347472013,0,1,0.0010054812406441935,0.020000000000000018,1,0,0,0,0,required_grid,true,
0.02,4,jerk_limited,4000,80,1,1.0049999999999999,0.050000000000000003,0.050249999999999996,true,true,,,50,50,0,0,0,1.9966777347471747,1.9966777347471747,1.9966777347472013,0,1,0.0010054812406441935,0.020000000000000018,1,0,0,0,0,required_grid,true,
0.02,4,jerk_limited,4000,80,-1,1.01,0.050000000000000003,-0.050500000000000003,true,true,,,50,50,0,0,0,1.9933774349546776,1.9933774349546776,1.9933774349547169,0,1,0.0010138358931349436,0.020000000000000018,1,0,0,0,0,required_grid,true,
0.02,4,jerk_limited,4000,80,1,1.01,0.050000000000000003,0.050500000000000003,true,true,,,50,50,0,0,0,1.9933774349546776,1.9933774349546776,1.9933774349547169,0,1,0.0010138358931349436,0.020000000000000018,1,0,0,0,0,required_grid,true,
0.02,4,jerk_limited,4000,80,-1,1.02,0.050000000000000003,-0.051000000000000004,true,true,,,50,50,0,0,0,1.9868417243179253,1.9868417243179264,1.9868417243179732,0,0.967741935483871,0.0010506886555504966,0.020000000000000018,1,0,0,0,0,required_grid,true,
0.02,4,jerk_limited,4000,80,1,1.02,0.050000000000000003,0.051000000000000004,true,true,,,50,50,0,0,0,1.9868417243179253,1.9868417243179264,1.9868417243179732,0,0.967741935483871,0.0010506886555504966,0.020000000000000018,1,0,0,0,0,required_grid,true,
0.02,4,jerk_limited,4000,80,-1,1.05,0.050000000000000003,-0.052500000000000005,true,true,,,50,50,0,0,0,1.9677362936123861,1.967736293612387,1.9677362936124319,0,0.70967741935483875,0.0011226124907479905,0.020000000000000018,1,0,0,0,0,required_grid,true,
0.02,4,jerk_limited,4000,80,1,1.05,0.050000000000000003,0.052500000000000005,true,true,,,50,50,0,0,0,1.9677362936123861,1.967736293612387,1.9677362936124319,0,0.70967741935483875,0.0011226124907479905,0.020000000000000018,1,0,0,0,0,required_grid,true,
0.02,4,jerk_limited,4000,80,-1,1.1000000000000001,0.050000000000000003,-0.055000000000000007,true,true,,,50,50,0,0,0,1.9366049839769384,1.9340398511734669,1.9374586123029462,0,0.4838709677419355,0.0011815386422177516,0.020000000000000018,1,0,0,0,0,required_grid,true,
0.02,4,jerk_limited,4000,80,1,1.1000000000000001,0.050000000000000003,0.055000000000000007,true,true,,,50,50,0,0,0,1.9366049839769384,1.9340398511734669,1.9374586123029462,0,0.4838709677419355,0.0011815386422177516,0.020000000000000018,1,0,0,0,0,required_grid,true,
0.02,4,jerk_limited,4000,80,-1,1.2,0.050000000000000003,-0.059999999999999998,true,true,,,50,50,0,0,0,1.8820720577620387,1.8820720577620382,1.8820720577620758,0,0.58064516129032262,0.0012878503788533863,0.020000000000000018,1,0,0,0,0,required_grid,true,
0.02,4,jerk_limited,4000,80,1,1.2,0.050000000000000003,0.059999999999999998,true,true,,,50,50,0,0,0,1.8820720577620387,1.8820720577620382,1.8820720577620758,0,0.58064516129032262,0.0012878503788533863,0.020000000000000018,1,0,0,0,0,required_grid,true,
0.02,4,jerk_limited,4000,80,-1,2,0.050000000000000003,-0.10000000000000001,true,true,,,50,50,0,0,0,1.5874010519682027,1.5347741763489853,1.7181231673318411,0,0.35483870967741937,0.0022797201194586806,0.020000000000000018,1,0,0,0,0,required_grid,true,
0.02,4,jerk_limited,4000,80,1,2,0.050000000000000003,0.10000000000000001,true,true,,,50,50,0,0,0,1.5874010519682027,1.5347741763489853,1.7181231673318411,0,0.35483870967741937,0.0022797201194586806,0.020000000000000018,1,0,0,0,0,required_grid,true,
