trajectory_id,joint_id,method_id,control_time,command_time,p_ref,command_p
oscillatory__test__004,joint_0,one_step_governed_pva_direct,0.0,0.01,-0.5932024882537131,-0.5932024882537131
oscillatory__test__004,joint_0,one_step_governed_pva_direct,0.01,0.02,-0.5641663905466916,-0.593191204871558
oscillatory__test__004,joint_0,one_step_governed_pva_direct,0.02,0.03,-0.5348123524176717,-0.5930639822465185
oscillatory__test__004,joint_0,one_step_governed_pva_direct,0.03,0.04,-0.5051569165860634,-0.5925705025281293
oscillatory__test__004,joint_0,one_step_governed_pva_direct,0.04,0.05,-0.4752167956262917,-0.5916438374676548
oscillatory__test__004,joint_0,one_step_governed_pva_direct,0.05,0.060000000000000005,-0.44500886254928385,-0.5902650079337348
oscillatory__test__004,joint_0,one_step_governed_pva_direct,0.06,0.06999999999999999,-0.41455014129354123,-0.5884128051873843
oscillatory__test__004,joint_0,one_step_governed_pva_direct,0.07,0.08,-0.3838577971311556,-0.5860665171450359
oscillatory__test__004,joint_0,one_step_governed_pva_direct,0.08,0.09,-0.35294912699417497,-0.5832059484389229
oscillatory__test__004,joint_0,one_step_governed_pva_direct,0.09,0.09999999999999999,-0.3218415497267719,-0.5798114601837754
oscillatory__test__004,joint_0,one_step_governed_pva_direct,0.1,0.11,-0.29055259626870705,-0.575864009092559
oscillatory__test__004,joint_0,one_step_governed_pva_direct,0.11,0.12,-0.25909989977562087,-0.5713451858355378
oscillatory__test__004,joint_0,one_step_governed_pva_direct,0.12,0.13,-0.22750118568172037,-0.5662372525849941
oscillatory__test__004,joint_0,one_step_governed_pva_direct,0.13,0.14,-0.19577426171046164,-0.5605231796887026
oscillatory__test__004,joint_0,one_step_governed_pva_direct,0.14,0.15000000000000002,-0.1639370078388584,-0.5541866814164401
oscillatory__test__004,joint_0,one_step_governed_pva_direct,0.15,0.16,-0.13200736622107045,-0.5472122507250737
oscillatory__test__004,joint_0,one_step_governed_pva_direct,0.16,0.17,-0.10000333107695246,-0.539585192989104
oscillatory__test__004,joint_0,one_step_governed_pva_direct,0.17,0.18000000000000002,-0.06794293855126128,-0.5312916586449514
oscillatory__test__004,joint_0,one_step_governed_pva_direct,0.18,0.19,-0.03584425654923495,-0.5223186746987579
oscillatory__test__004,joint_0,one_step_governed_pva_direct,0.19,0.2,-0.0037253745542738465,-0.5126541750490246
oscillatory__test__004,joint_0,one_step_governed_pva_direct,0.2,0.21000000000000002,0.028395606566538528,-0.5022870295770284
oscillatory__test__004,joint_0,one_step_governed_pva_direct,0.21,0.22,0.06050058476333028,-0.4912070719596447
oscillatory__test__004,joint_0,one_step_governed_pva_direct,0.22,0.23,0.09257146700500297,-0.47940512616095154
oscillatory__test__004,joint_0,one_step_governed_pva_direct,0.23,0.24000000000000002,0.12459017947570943,-0.4668730315608005
oscillatory__test__004,joint_0,one_step_governed_pva_direct,0.24,0.25,0.15653867776050323,-0.4536036666804062
oscillatory__test__004,joint_0,one_step_governed_pva_direct,0.25,0.26,0.18839895701441972,-0.4395909714669309
oscillatory__test__004,joint_0,one_step_governed_pva_direct,0.26,0.27,0.22015306210925517,-0.42482996810101537
oscillatory__test__004,joint_0,one_step_governed_pva_direct,0.27,0.28,0.2517830977523292,-0.40931678029323504
oscillatory__test__004,joint_0,one_step_governed_pva_direct,0.28,0.29000000000000004,0.2832712385715254,-0.39304865103753567
oscillatory__test__004,joint_0,one_step_governed_pva_direct,0.29,0.3,0.3145997391609275,-0.37602395879182055
oscillatory__test__004,joint_0,one_step_governed_pva_direct,0.3,0.31,0.345750944081391,-0.3582422320580242
oscillatory__test__004,joint_0,one_step_governed_pva_direct,0.31,0.32,0.37670729781041096,-0.3397041623362063
oscillatory__test__004,joint_0,one_step_governed_pva_direct,0.32,0.33,0.40745135463568294,-0.3204116154294387
oscillatory__test__004,joint_0,one_step_governed_pva_direct,0.33,0.34,0.43796578848677853,-0.3003676410785239
oscillatory__test__004,joint_0,one_step_governed_pva_direct,0.34,0.35000000000000003,0.4682334026993957,-0.27957648090788645
oscillatory__test__004,joint_0,one_step_governed_pva_direct,0.35000000000000003,0.36000000000000004,0.49823713970668043,-0.25804357466630284
oscillatory__test__004,joint_0,one_step_governed_pva_direct,0.36,0.37,0.5279600906521604,-0.23577556474848638
oscillatory__test__004,joint_0,one_step_governed_pva_direct,0.37,0.38,0.5573855049188706,-0.2127802989859111
oscillatory__test__004,joint_0,one_step_governed_pva_direct,0.38,0.39,0.5864967995693006,-0.18906683169765046
oscillatory__test__004,joint_0,one_step_governed_pva_direct,0.39,0.4,0.6152775686908466,-0.16464542299440493
oscillatory__test__004,joint_0,one_step_governed_pva_direct,0.4,0.41000000000000003,0.6437115926414982,-0.13952753633130477
oscillatory__test__004,joint_0,one_step_governed_pva_direct,0.41000000000000003,0.42000000000000004,0.6717828471905518,-0.1137258343074952
oscillatory__test__004,joint_0,one_step_governed_pva_direct,0.42,0.43,0.6994755125491964,-0.08725417271293438
oscillatory__test__004,joint_0,one_step_governed_pva_direct,0.43,0.44,0.7267739822858871,-0.06012759282525935
oscillatory__test__004,joint_0,one_step_governed_pva_direct,0.44,0.45,0.7536628721214765,-0.03236231196199721
oscillatory__test__004,joint_0,one_step_governed_pva_direct,0.45,0.46,0.780127028599152,-0.003975712295815583
oscillatory__test__004,joint_0,one_step_governed_pva_direct,0.46,0.47000000000000003,0.80615153762429,0.025013672057085306
oscillatory__test__004,joint_0,one_step_governed_pva_direct,0.47000000000000003,0.48000000000000004,0.8317217328694176,0.05458616966294245
oscillatory__test__004,joint_0,one_step_governed_pva_direct,0.48,0.49,0.8568232040395393,0.08472098809588409
oscillatory__test__004,joint_0,one_step_governed_pva_direct,0.49,0.5,0.8814418049931786,0.11539623194562752
oscillatory__test__004,joint_0,one_step_governed_pva_direct,0.5,0.51,0.9055636617145504,0.14658892248784422
oscillatory__test__004,joint_0,one_step_governed_pva_direct,0.51,0.52,0.929175180132376,0.17827501899529744
oscillatory__test__004,joint_0,one_step_governed_pva_direct,0.52,0.53,0.952263053780933,0.21042944166557234
oscillatory__test__004,joint_0,one_step_governed_pva_direct,0.53,0.54,0.9748142712990223,0.24302609613896464
oscillatory__test__004,joint_0,one_step_governed_pva_direct,0.54,0.55,0.996816123762627,0.2760378995778698
oscillatory__test__004,joint_0,one_step_governed_pva_direct,0.55,0.56,1.0182562118471286,0.30943680827683406
oscillatory__test__004,joint_0,one_step_governed_pva_direct,0.56,0.5700000000000001,1.0391224528150484,0.3431938467702817
oscillatory__test__004,joint_0,one_step_governed_pva_direct,0.5700000000000001,0.5800000000000001,1.0594030873253726,0.3772791384028359
oscillatory__test__004,joint_0,one_step_governed_pva_direct,0.58,0.59,1.079086686060621,0.4116619373250925
oscillatory__test__004,joint_0,one_step_governed_pva_direct,0.59,0.6,1.0981621561679356,0.4463106618757005
oscillatory__test__004,joint_0,one_step_governed_pva_direct,0.6,0.61,1.116618747510544,0.4811929293086537
oscillatory__test__004,joint_0,one_step_governed_pva_direct,0.61,0.62,1.1344460587260878,0.5162755918227893
oscillatory__test__004,joint_0,one_step_governed_pva_direct,0.62,0.63,1.1516340430883927,0.5515247738486492
oscillatory__test__004,joint_0,one_step_governed_pva_direct,0.63,0.64,1.1681730141693818,0.5869059105460769
oscillatory__test__004,joint_0,one_step_governed_pva_direct,0.64,0.65,1.184053651297942,0.6223837874641954
oscillatory__test__004,joint_0,one_step_governed_pva_direct,0.65,0.66,1.1992670048126597,0.6579225813137576
oscillatory__test__004,joint_0,one_step_governed_pva_direct,0.66,0.67,1.213804501105476,0.6934859018002556
oscillatory__test__004,joint_0,one_step_governed_pva_direct,0.67,0.68,1.2276579474534117,0.7290368344646674
oscillatory__test__004,joint_0,one_step_governed_pva_direct,0.68,0.6900000000000001,1.2408195366356405,0.7645379844772476
oscillatory__test__004,joint_0,one_step_governed_pva_direct,0.6900000000000001,0.7000000000000001,1.2532818513333115,0.7999515213283963
oscillatory__test__004,joint_0,one_step_governed_pva_direct,0.7000000000000001,0.7100000000000001,1.2650378683096362,0.8352392243593266
oscillatory__test__004,joint_0,one_step_governed_pva_direct,0.71,0.72,1.276080962367891,0.87036252907402
oscillatory__test__004,joint_0,one_step_governed_pva_direct,0.72,0.73,1.2864049100850972,0.9052825741728051
oscillatory__test__004,joint_0,one_step_governed_pva_direct,0.73,0.74,1.2960038933192801,0.9399602492468134
oscillatory__test__004,joint_0,one_step_governed_pva_direct,0.74,0.75,1.3048725024883283,0.9743562430715759
oscillatory__test__004,joint_0,one_step_governed_pva_direct,0.75,0.76,1.3130057396186061,1.008431092437106
oscillatory__test__004,joint_0,one_step_governed_pva_direct,0.76,0.77,1.320399021161598,1.0421452314509874
oscillatory__test__004,joint_0,one_step_governed_pva_direct,0.77,0.78,1.3270481805770042,1.0754590412502318
oscillatory__test__004,joint_0,one_step_governed_pva_direct,0.78,0.79,1.332949470680826,1.1083329000570201
oscillatory__test__004,joint_0,one_step_governed_pva_direct,0.79,0.8,1.3380995657571175,1.1407272335128555
oscillatory__test__004,joint_0,one_step_governed_pva_direct,0.8,0.81,1.3424955634322193,1.1726025652251737
oscillatory__test__004,joint_0,one_step_governed_pva_direct,0.81,0.8200000000000001,1.3461349863104104,1.2039195674600542
oscillatory__test__004,joint_0,one_step_governed_pva_direct,0.8200000000000001,0.8300000000000001,1.3490157833700627,1.2346391119143645
oscillatory__test__004,joint_0,one_step_governed_pva_direct,0.8300000000000001,0.8400000000000001,1.3511363311195088,1.2647223205004383
oscillatory__test__004,joint_0,one_step_governed_pva_direct,0.84,0.85,1.352495434511969,1.2941306160762687
oscillatory__test__004,joint_0,one_step_governed_pva_direct,0.85,0.86,1.3530923276190294,1.3228257730541293
oscillatory__test__004,joint_0,one_step_governed_pva_direct,0.86,0.87,1.3529266740622805,1.3507699678206024
oscillatory__test__004,joint_0,one_step_governed_pva_direct,0.87,0.88,1.3519985672028862,1.3779267114174096
oscillatory__test__004,joint_0,one_step_governed_pva_direct,0.88,0.89,1.3503085300889646,1.4042687187875007
oscillatory__test__004,joint_0,one_step_governed_pva_direct,0.89,0.9,1.3478575151608159,1.429790726157592
oscillatory__test__004,joint_0,one_step_governed_pva_direct,0.9,0.91,1.3446469037141655,1.4544927335276832
oscillatory__test__004,joint_0,one_step_governed_pva_direct,0.91,0.92,1.3406785051217178,1.4783747408977743
oscillatory__test__004,joint_0,one_step_governed_pva_direct,0.92,0.93,1.3359545558134684,1.5014367482678654
oscillatory__test__004,joint_0,one_step_governed_pva_direct,0.93,0.9400000000000001,1.3304777180163405,1.5236787556379565
oscillatory__test__004,joint_0,one_step_governed_pva_direct,0.9400000000000001,0.9500000000000001,1.3242510782538623,1.5451007630080478
oscillatory__test__004,joint_0,one_step_governed_pva_direct,0.9500000000000001,0.9600000000000001,1.317278145606728,1.565702770378139
oscillatory__test__004,joint_0,one_step_governed_pva_direct,0.96,0.97,1.3095628497352223,1.5854847777482302
oscillatory__test__004,joint_0,one_step_governed_pva_direct,0.97,0.98,1.3011095386646259,1.6044467851183213
oscillatory__test__004,joint_0,one_step_governed_pva_direct,0.98,0.99,1.2919229763348457,1.6225887924884124
oscillatory__test__004,joint_0,one_step_governed_pva_direct,0.99,1.0,1.2820083399156539,1.6399107998585036
oscillatory__test__004,joint_0,one_step_governed_pva_direct,1.0,1.01,1.271371216889048,1.6564128072285949
oscillatory__test__004,joint_0,one_step_governed_pva_direct,1.01,1.02,1.2600176019003773,1.672094814598686
oscillatory__test__004,joint_0,one_step_governed_pva_direct,1.02,1.03,1.247953893380004,1.6869568219687772
oscillatory__test__004,joint_0,one_step_governed_pva_direct,1.03,1.04,1.2351868899374163,1.7009988293388683
oscillatory__test__004,joint_0,one_step_governed_pva_direct,1.04,1.05,1.2217237865298094,1.7142208367089595
oscillatory__test__004,joint_0,one_step_governed_pva_direct,1.05,1.06,1.2075721704073055,1.7266228440790508
oscillatory__test__004,joint_0,one_step_governed_pva_direct,1.06,1.07,1.192740016837094,1.738204851449142
oscillatory__test__004,joint_0,one_step_governed_pva_direct,1.07,1.08,1.1772356846088994,1.748966858819233
oscillatory__test__004,joint_0,one_step_governed_pva_direct,1.08,1.09,1.1610679113243143,1.7589088661893242
oscillatory__test__004,joint_0,one_step_governed_pva_direct,1.09,1.1,1.1442458084726461,1.7680308735594152
oscillatory__test__004,joint_0,one_step_governed_pva_direct,1.1,1.11,1.1267788562960632,1.7763328809295065
oscillatory__test__004,joint_0,one_step_governed_pva_direct,1.11,1.12,1.1086768984469184,1.7838148882995977
oscillatory__test__004,joint_0,one_step_governed_pva_direct,1.12,1.1300000000000001,1.0899501364402777,1.7904768956696888
oscillatory__test__004,joint_0,one_step_governed_pva_direct,1.1300000000000001,1.1400000000000001,1.0706091239047666,1.79631890303978
oscillatory__test__004,joint_0,one_step_governed_pva_direct,1.1400000000000001,1.1500000000000001,1.0506647606349848,1.801340910409871
oscillatory__test__004,joint_0,one_step_governed_pva_direct,1.1500000000000001,1.1600000000000001,1.0301282864488315,1.8055429177799622
oscillatory__test__004,joint_0,one_step_governed_pva_direct,1.16,1.17,1.0090112748532125,1.8089249251500534
oscillatory__test__004,joint_0,one_step_governed_pva_direct,1.17,1.18,0.9873256265216889,1.8114869325201446
oscillatory__test__004,joint_0,one_step_governed_pva_direct,1.18,1.19,0.9650835625877545,1.8132289398902357
oscillatory__test__004,joint_0,one_step_governed_pva_direct,1.19,1.2,0.9422976177575096,1.8141509472603268
oscillatory__test__004,joint_0,one_step_governed_pva_direct,1.2,1.21,0.918980633245623,1.814252954630418
oscillatory__test__004,joint_0,one_step_governed_pva_direct,1.21,1.22,0.8951457495385541,1.8135349620005092
oscillatory__test__004,joint_0,one_step_governed_pva_direct,1.22,1.23,0.8708063989891224,1.8119969693706004
oscillatory__test__004,joint_0,one_step_governed_pva_direct,1.23,1.24,0.8459762982465912,1.8096389767406915
oscillatory__test__004,joint_0,one_step_governed_pva_direct,1.24,1.25,0.8206694405265312,1.8064609841107826
oscillatory__test__004,joint_0,one_step_governed_pva_direct,1.25,1.26,0.7949000877248305,1.8024629914808739
oscillatory__test__004,joint_0,one_step_governed_pva_direct,1.26,1.27,0.7686827623802769,1.797644998850965
oscillatory__test__004,joint_0,one_step_governed_pva_direct,1.27,1.28,0.7420322394902634,1.7920070062210562
oscillatory__test__004,joint_0,one_step_governed_pva_direct,1.28,1.29,0.7149635381842103,1.7855490135911474
oscillatory__test__004,joint_0,one_step_governed_pva_direct,1.29,1.3,0.6874919132594107,1.7782710209612385
oscillatory__test__004,joint_0,one_step_governed_pva_direct,1.3,1.31,0.6596328465840587,1.7701730283313297
oscillatory__test__004,joint_0,one_step_governed_pva_direct,1.31,1.32,0.6314020383723143,1.761255035701421
oscillatory__test__004,joint_0,one_step_governed_pva_direct,1.32,1.33,0.6028153983363135,1.7515170430715121
oscillatory__test__004,joint_0,one_step_governed_pva_direct,1.33,1.34,0.5738890367201183,1.7409590504416033
oscillatory__test__004,joint_0,one_step_governed_pva_direct,1.34,1.35,0.5446392552206506,1.7295810578116944
oscillatory__test__004,joint_0,one_step_governed_pva_direct,1.35,1.36,0.5150825378007365,1.7173830651817856
oscillatory__test__004,joint_0,one_step_governed_pva_direct,1.36,1.37,0.48523554139942976,1.7043650725518769
oscillatory__test__004,joint_0,one_step_governed_pva_direct,1.37,1.3800000000000001,0.4551150865448518,1.690527079921968
oscillatory__test__004,joint_0,one_step_governed_pva_direct,1.3800000000000001,1.3900000000000001,0.4247381478748458,1.6758690872920592
oscillatory__test__004,joint_0,one_step_governed_pva_direct,1.3900000000000001,1.4000000000000001,0.3941218445707731,1.6603910946621503
oscillatory__test__004,joint_0,one_step_governed_pva_direct,1.4000000000000001,1.4100000000000001,0.3632834307098588,1.6440931020322413
oscillatory__test__004,joint_0,one_step_governed_pva_direct,1.41,1.42,0.33224028554150886,1.6269751094023326
oscillatory__test__004,joint_0,one_step_governed_pva_direct,1.42,1.43,0.30100990369308955,1.6090371167724238
oscillatory__test__004,joint_0,one_step_governed_pva_direct,1.43,1.44,0.2696098853106838,1.590279124142515
oscillatory__test__004,joint_0,one_step_governed_pva_direct,1.44,1.45,0.23805792614038296,1.570701131512606
oscillatory__test__004,joint_0,one_step_governed_pva_direct,1.45,1.46,0.20637180755569737,1.550303138882697
oscillatory__test__004,joint_0,one_step_governed_pva_direct,1.46,1.47,0.174569386536719,1.5290851462527884
oscillatory__test__004,joint_0,one_step_governed_pva_direct,1.47,1.48,0.14266858560666637,1.5070471536228796
oscillatory__test__004,joint_0,one_step_governed_pva_direct,1.48,1.49,0.11068738273150136,1.4841891609929707
oscillatory__test__004,joint_0,one_step_governed_pva_direct,1.49,1.5,0.0786438011882923,1.4605111683630618
oscillatory__test__004,joint_0,one_step_governed_pva_direct,1.5,1.51,0.04655589940804842,1.436013175733153
oscillatory__test__004,joint_0,one_step_governed_pva_direct,1.51,1.52,0.014441760798738152,1.4106951831032442
oscillatory__test__004,joint_0,one_step_governed_pva_direct,1.52,1.53,-0.01768051644576448,1.3845571904733354
oscillatory__test__004,joint_0,one_step_governed_pva_direct,1.53,1.54,-0.04979282954507002,1.3575991978434265
oscillatory__test__004,joint_0,one_step_governed_pva_direct,1.54,1.55,-0.08187708133424504,1.3298212052135177
oscillatory__test__004,joint_0,one_step_governed_pva_direct,1.55,1.56,-0.11391519046262018,1.3012232125836087
oscillatory__test__004,joint_0,one_step_governed_pva_direct,1.56,1.57,-0.1458891015836888,1.2718052199537
oscillatory__test__004,joint_0,one_step_governed_pva_direct,1.57,1.58,-0.17778079553034376,1.2415672273237912
oscillatory__test__004,joint_0,one_step_governed_pva_direct,1.58,1.59,-0.20957229946973385,1.2105092346938824
oscillatory__test__004,joint_0,one_step_governed_pva_direct,1.59,1.6,-0.2412456970319989,1.1786312420639735
oscillatory__test__004,joint_0,one_step_governed_pva_direct,1.6,1.61,-0.27278313840719387,1.1459332494340646
oscillatory__test__004,joint_0,one_step_governed_pva_direct,1.61,1.62,-0.30416685040469327,1.1124152568041559
oscillatory__test__004,joint_0,one_step_governed_pva_direct,1.62,1.6300000000000001,-0.3353791464694254,1.078077264174247
oscillatory__test__004,joint_0,one_step_governed_pva_direct,1.6300000000000001,1.6400000000000001,-0.36640243664927286,1.0429192715443383
oscillatory__test__004,joint_0,one_step_governed_pva_direct,1.6400000000000001,1.6500000000000001,-0.39721923750804145,1.0069412789144294
oscillatory__test__004,joint_0,one_step_governed_pva_direct,1.6500000000000001,1.6600000000000001,-0.4278121819783911,0.9701432862845206
oscillatory__test__004,joint_0,one_step_governed_pva_direct,1.6600000000000001,1.6700000000000002,-0.4581640291491959,0.9325252936546118
oscillatory__test__004,joint_0,one_step_governed_pva_direct,1.67,1.68,-0.48825767398179787,0.894087301024703
oscillatory__test__004,joint_0,one_step_governed_pva_direct,1.68,1.69,-0.5180761569497,0.8548293083947942
oscillatory__test__004,joint_0,one_step_governed_pva_direct,1.69,1.7,-0.547602673596242,0.8147513157648854
oscillatory__test__004,joint_0,one_step_governed_pva_direct,1.7,1.71,-0.5768205840048944,0.7739559873449462
oscillatory__test__004,joint_0,one_step_governed_pva_direct,1.71,1.72,-0.6057134221768237,0.7739559873449462
oscillatory__test__004,joint_0,one_step_governed_pva_direct,1.72,1.73,-0.6342649053104392,0.7739559873449462
oscillatory__test__004,joint_0,one_step_governed_pva_direct,1.73,1.74,-0.6624589429777026,0.7739559873449462
oscillatory__test__004,joint_0,one_step_governed_pva_direct,1.74,1.75,-0.6902796461920228,0.7739559873449462
oscillatory__test__004,joint_0,one_step_governed_pva_direct,1.75,1.76,-0.7177113363626241,0.7739559873449462
oscillatory__test__004,joint_0,one_step_governed_pva_direct,1.76,1.77,-0.7447385541303514,0.7739559873449462
oscillatory__test__004,joint_0,one_step_governed_pva_direct,1.77,1.78,-0.7713460680799132,0.7739559873449462
oscillatory__test__004,joint_0,one_step_governed_pva_direct,1.78,1.79,-0.7975188833236766,0.7739559873449462
oscillatory__test__004,joint_0,one_step_governed_pva_direct,1.79,1.8,-0.8232422499521584,0.7739559873449462
oscillatory__test__004,joint_0,one_step_governed_pva_direct,1.8,1.81,-0.8485016713464636,0.7739559873449462
oscillatory__test__004,joint_0,one_step_governed_pva_direct,1.81,1.82,-0.8732829123479662,0.7739559873449462
oscillatory__test__004,joint_0,one_step_governed_pva_direct,1.82,1.83,-0.8975720072806598,0.7739559873449462
oscillatory__test__004,joint_0,one_step_governed_pva_direct,1.83,1.84,-0.9213552678216256,0.7739559873449462
oscillatory__test__004,joint_0,one_step_governed_pva_direct,1.84,1.85,-0.9446192907151998,0.7739559873449462
oscillatory__test__004,joint_0,one_step_governed_pva_direct,1.85,1.86,-0.9673509653264911,0.7739559873449462
oscillatory__test__004,joint_0,one_step_governed_pva_direct,1.86,1.87,-0.9895374810299861,0.7739559873449462
oscillatory__test__004,joint_0,one_step_governed_pva_direct,1.87,1.8800000000000001,-1.0111663344290864,0.7739559873449462
oscillatory__test__004,joint_0,one_step_governed_pva_direct,1.8800000000000001,1.8900000000000001,-1.0322253364024963,0.7739559873449462
oscillatory__test__004,joint_0,one_step_governed_pva_direct,1.8900000000000001,1.9000000000000001,-1.0527026189735065,0.7739559873449462
oscillatory__test__004,joint_0,one_step_governed_pva_direct,1.9000000000000001,1.9100000000000001,-1.0725866419982886,0.7739559873449462
oscillatory__test__004,joint_0,one_step_governed_pva_direct,1.9100000000000001,1.9200000000000002,-1.0918661996694423,0.7739559873449462
oscillatory__test__004,joint_0,one_step_governed_pva_direct,1.92,1.93,-1.110530426831115,0.7739559873449462
oscillatory__test__004,joint_0,one_step_governed_pva_direct,1.93,1.94,-1.128568805102155,0.7739559873449462
oscillatory__test__004,joint_0,one_step_governed_pva_direct,1.94,1.95,-1.1459711688038288,0.7739559873449462
oscillatory__test__004,joint_0,one_step_governed_pva_direct,1.95,1.96,-1.1627277106887768,0.7739559873449462
oscillatory__test__004,joint_0,one_step_governed_pva_direct,1.96,1.97,-1.1788289874679654,0.7739559873449462
oscillatory__test__004,joint_0,one_step_governed_pva_direct,1.97,1.98,-1.1942659251325307,0.7739559873449462
oscillatory__test__004,joint_0,one_step_governed_pva_direct,1.98,1.99,-1.2090298240675132,0.7739559873449462
oscillatory__test__004,joint_0,one_step_governed_pva_direct,1.99,2.0,-1.223112363954596,0.7739559873449462
oscillatory__test__004,joint_0,one_step_governed_pva_direct,2.0,2.01,-1.236505608461089,0.7739559873449462
oscillatory__test__004,joint_0,one_step_governed_pva_direct,2.0100000000000002,2.02,-1.2492020097125147,0.7739559873449462
oscillatory__test__004,joint_0,one_step_governed_pva_direct,2.02,2.03,-1.2611944125462735,0.7739559873449462
oscillatory__test__004,joint_0,one_step_governed_pva_direct,2.0300000000000002,2.04,-1.2724760585439985,0.7739559873449462
oscillatory__test__004,joint_0,one_step_governed_pva_direct,2.04,2.05,-1.2830405898403132,0.7739559873449462
oscillatory__test__004,joint_0,one_step_governed_pva_direct,2.05,2.0599999999999996,-1.292882052705861,0.7739559873449462
oscillatory__test__004,joint_0,one_step_governed_pva_direct,2.06,2.07,-1.3019949009025793,0.7739559873449462
oscillatory__test__004,joint_0,one_step_governed_pva_direct,2.07,2.0799999999999996,-1.310373998809324,0.7739559873449462
oscillatory__test__004,joint_0,one_step_governed_pva_direct,2.08,2.09,-1.3180146243160948,0.7739559873449462
oscillatory__test__004,joint_0,one_step_governed_pva_direct,2.09,2.0999999999999996,-1.3249124714852163,0.7739559873449462
oscillatory__test__004,joint_0,one_step_governed_pva_direct,2.1,2.11,-1.3310636529779858,0.7739559873449462
oscillatory__test__004,joint_0,one_step_governed_pva_direct,2.11,2.1199999999999997,-1.3364647022454135,0.7739559873449462
oscillatory__test__004,joint_0,one_step_governed_pva_direct,2.12,2.13,-1.3411125754818258,0.7739559873449462
oscillatory__test__004,joint_0,one_step_governed_pva_direct,2.13,2.1399999999999997,-1.3450046533402258,0.7739559873449462
oscillatory__test__004,joint_0,one_step_governed_pva_direct,2.14,2.15,-1.3481387424084477,0.7739559873449462
oscillatory__test__004,joint_0,one_step_governed_pva_direct,2.15,2.1599999999999997,-1.3505130764452717,0.7739559873449462
oscillatory__test__004,joint_0,one_step_governed_pva_direct,2.16,2.17,-1.3521263173758038,0.7739559873449462
oscillatory__test__004,joint_0,one_step_governed_pva_direct,2.17,2.1799999999999997,-1.3529775560455584,0.7739559873449462
oscillatory__test__004,joint_0,one_step_governed_pva_direct,2.18,2.19,-1.3530663127328182,0.7739559873449462
oscillatory__test__004,joint_0,one_step_governed_pva_direct,2.19,2.1999999999999997,-1.3523925374189867,0.7739559873449462
oscillatory__test__004,joint_0,one_step_governed_pva_direct,2.2,2.21,-1.3509566098167742,0.7739559873449462
oscillatory__test__004,joint_0,one_step_governed_pva_direct,2.21,2.2199999999999998,-1.348759339156209,0.7739559873449462
oscillatory__test__004,joint_0,one_step_governed_pva_direct,2.22,2.23,-1.345801963728586,0.7739559873449462
oscillatory__test__004,joint_0,one_step_governed_pva_direct,2.23,2.2399999999999998,-1.3420861501886192,0.7739559873449462
oscillatory__test__004,joint_0,one_step_governed_pva_direct,2.24,2.25,-1.3376139926151829,0.7739559873449462
oscillatory__test__004,joint_0,one_step_governed_pva_direct,2.25,2.26,-1.3323880113311757,0.7739559873449462
oscillatory__test__004,joint_0,one_step_governed_pva_direct,2.2600000000000002,2.27,-1.3264111514831702,0.7739559873449462
oscillatory__test__004,joint_0,one_step_governed_pva_direct,2.27,2.28,-1.319686781381654,0.7739559873449462
oscillatory__test__004,joint_0,one_step_governed_pva_direct,2.2800000000000002,2.29,-1.312218690602785,0.7739559873449462
oscillatory__test__004,joint_0,one_step_governed_pva_direct,2.29,2.3,-1.3040110878527476,0.7739559873449462
oscillatory__test__004,joint_0,one_step_governed_pva_direct,2.3000000000000003,2.31,-1.295068598595899,0.7739559873449462
oscillatory__test__004,joint_0,one_step_governed_pva_direct,2.31,2.32,-1.2853962624480508,0.7739559873449462
oscillatory__test__004,joint_0,one_step_governed_pva_direct,2.32,2.3299999999999996,-1.2749995303363508,0.7739559873449462
oscillatory__test__004,joint_0,one_step_governed_pva_direct,2.33,2.34,-1.2638842614273655,0.7739559873449462
oscillatory__test__004,joint_0,one_step_governed_pva_direct,2.34,2.3499999999999996,-1.2520567198251018,0.7739559873449462
oscillatory__test__004,joint_0,one_step_governed_pva_direct,2.35,2.36,-1.2395235710408137,0.7739559873449462
oscillatory__test__004,joint_0,one_step_governed_pva_direct,2.36,2.3699999999999997,-1.2262918782366035,0.7739559873449462
oscillatory__test__004,joint_0,one_step_governed_pva_direct,2.37,2.38,-1.212369098244909,0.7739559873449462
oscillatory__test__004,joint_0,one_step_governed_pva_direct,2.38,2.3899999999999997,-1.1977630773661538,0.7739559873449462
oscillatory__test__004,joint_0,one_step_governed_pva_direct,2.39,2.4,-1.1824820469468895,0.7739559873449462
oscillatory__test__004,joint_0,one_step_governed_pva_direct,2.4,2.4099999999999997,-1.1665346187409595,0.7739559873449462
oscillatory__test__004,joint_0,one_step_governed_pva_direct,2.41,2.42,-1.1499297800562656,0.7739559873449462
oscillatory__test__004,joint_0,one_step_governed_pva_direct,2.42,2.4299999999999997,-1.1326768886899021,0.7739559873449462
oscillatory__test__004,joint_0,one_step_governed_pva_direct,2.43,2.44,-1.114785667654486,0.7739559873449462
oscillatory__test__004,joint_0,one_step_governed_pva_direct,2.44,2.4499999999999997,-1.0962661996986773,0.7739559873449462
oscillatory__test__004,joint_0,one_step_governed_pva_direct,2.45,2.46,-1.077128921624956,0.7739559873449462
oscillatory__test__004,joint_0,one_step_governed_pva_direct,2.46,2.4699999999999998,-1.057384618407879,0.7739559873449462
oscillatory__test__004,joint_0,one_step_governed_pva_direct,2.47,2.48,-1.037044417116116,0.7739559873449462
oscillatory__test__004,joint_0,one_step_governed_pva_direct,2.48,2.4899999999999998,-1.0161197806416988,0.7739559873449462
oscillatory__test__004,joint_0,one_step_governed_pva_direct,2.49,2.5,-0.9946225012400103,0.7739559873449462
oscillatory__test__004,joint_0,one_step_governed_pva_direct,2.5,2.51,-0.9725646938841628,0.7739559873449462
oscillatory__test__004,joint_0,one_step_governed_pva_direct,2.5100000000000002,2.52,-0.9499587894375014,0.7739559873449462
oscillatory__test__004,joint_0,one_step_governed_pva_direct,2.52,2.53,-0.9268175276480923,0.7739559873449462
oscillatory__test__004,joint_0,one_step_governed_pva_direct,2.5300000000000002,2.54,-0.9031539499691251,0.7739559873449462
oscillatory__test__004,joint_0,one_step_governed_pva_direct,2.54,2.55,-0.8789813922092974,0.7739559873449462
oscillatory__test__004,joint_0,one_step_governed_pva_direct,2.5500000000000003,2.56,-0.8543134770173061,0.7739559873449462
oscillatory__test__004,joint_0,one_step_governed_pva_direct,2.56,2.57,-0.8291641062046949,0.7739559873449462
oscillatory__test__004,joint_0,one_step_governed_pva_direct,2.57,2.5799999999999996,-0.8035474529113658,0.7739559873449462
oscillatory__test__004,joint_0,one_step_governed_pva_direct,2.58,2.59,-0.7774779536181922,0.7739559873449462
oscillatory__test__004,joint_0,one_step_governed_pva_direct,2.59,2.5999999999999996,-0.7509703000112193,0.7739559873449462
oscillatory__test__004,joint_0,one_step_governed_pva_direct,2.6,2.61,-0.7240394307020405,0.7739559873449462
oscillatory__test__004,joint_0,one_step_governed_pva_direct,2.61,2.6199999999999997,-0.6967005228090222,0.7739559873449462
oscillatory__test__004,joint_0,one_step_governed_pva_direct,2.62,2.63,-0.6689689834041057,0.7739559873449462
oscillatory__test__004,joint_0,one_step_governed_pva_direct,2.63,2.6399999999999997,-0.6408604408300311,0.7739559873449462
oscillatory__test__004,joint_0,one_step_governed_pva_direct,2.64,2.65,-0.6123907358928454,0.7739559873449462
oscillatory__test__004,joint_0,one_step_governed_pva_direct,2.65,2.6599999999999997,-0.5835759129346955,0.7739559873449462
oscillatory__test__004,joint_0,one_step_governed_pva_direct,2.66,2.67,-0.5544322107918942,0.7739559873449462
oscillatory__test__004,joint_0,one_step_governed_pva_direct,2.67,2.6799999999999997,-0.5249760536433985,0.7739559873449462
oscillatory__test__004,joint_0,one_step_governed_pva_direct,2.68,2.69,-0.4952240417548161,0.7739559873449462
oscillatory__test__004,joint_0,one_step_governed_pva_direct,2.69,2.6999999999999997,-0.46519294212319995,0.7739559873449462
oscillatory__test__004,joint_0,one_step_governed_pva_direct,2.7,2.71,-0.434899679027855,0.7739559873449462
oscillatory__test__004,joint_0,one_step_governed_pva_direct,2.71,2.7199999999999998,-0.4043613244925313,0.7739559873449462
oscillatory__test__004,joint_0,one_step_governed_pva_direct,2.72,2.73,-0.3735950886643283,0.7739559873449462
oscillatory__test__004,joint_0,one_step_governed_pva_direct,2.73,2.7399999999999998,-0.3426183101147897,0.7739559873449462
oscillatory__test__004,joint_0,one_step_governed_pva_direct,2.74,2.75,-0.3114484460685923,0.7739559873449462
oscillatory__test__004,joint_0,one_step_governed_pva_direct,2.75,2.76,-0.2801030625653943,0.7739559873449462
oscillatory__test__004,joint_0,one_step_governed_pva_direct,2.7600000000000002,2.77,-0.24859982456033172,0.7739559873449462
oscillatory__test__004,joint_0,one_step_governed_pva_direct,2.77,2.78,-0.21695648596880368,0.7739559873449462
oscillatory__test__004,joint_0,one_step_governed_pva_direct,2.7800000000000002,2.79,-0.18519087966108952,0.7739559873449462
oscillatory__test__004,joint_0,one_step_governed_pva_direct,2.79,2.8,-0.15332090741249957,0.7739559873449462
oscillatory__test__004,joint_0,one_step_governed_pva_direct,2.8000000000000003,2.81,-0.12136452981466458,0.7739559873449462
oscillatory__test__004,joint_0,one_step_governed_pva_direct,2.81,2.82,-0.08933975615371278,0.7739559873449462
oscillatory__test__004,joint_0,one_step_governed_pva_direct,2.82,2.8299999999999996,-0.0572646342609718,0.7739559873449462
oscillatory__test__004,joint_0,one_step_governed_pva_direct,2.83,2.84,-0.025157240341968815,0.7739559873449462
oscillatory__test__004,joint_0,one_step_governed_pva_direct,2.84,2.8499999999999996,0.006964331210562965,0.7739559873449462
oscillatory__test__004,joint_0,one_step_governed_pva_direct,2.85,2.86,0.03908197801394001,0.7739559873449462
oscillatory__test__004,joint_0,one_step_governed_pva_direct,2.86,2.8699999999999997,0.07117759989726373,0.7739559873449462
oscillatory__test__004,joint_0,one_step_governed_pva_direct,2.87,2.88,0.10323310910193649,0.7739559873449462
oscillatory__test__004,joint_0,one_step_governed_pva_direct,2.88,2.8899999999999997,0.13523044047515567,0.7739559873449462
oscillatory__test__004,joint_0,one_step_governed_pva_direct,2.89,2.9,0.1671515616506975,0.7739559873449462
oscillatory__test__004,joint_0,one_step_governed_pva_direct,2.9,2.9099999999999997,0.198978483211189,0.7739559873449462
oscillatory__test__004,joint_0,one_step_governed_pva_direct,2.91,2.92,0.23069326882621047,0.7739559873449462
oscillatory__test__004,joint_0,one_step_governed_pva_direct,2.92,2.9299999999999997,0.26227804536045074,0.7739559873449462
oscillatory__test__004,joint_0,one_step_governed_pva_direct,2.93,2.94,0.2937150129462777,0.7739559873449462
oscillatory__test__004,joint_0,one_step_governed_pva_direct,2.94,2.9499999999999997,0.32498645501498413,0.7739559873449462
oscillatory__test__004,joint_0,one_step_governed_pva_direct,2.95,2.96,0.35607474828112395,0.7739559873449462
oscillatory__test__004,joint_0,one_step_governed_pva_direct,2.96,2.9699999999999998,0.3869623726742486,0.7739559873449462
oscillatory__test__004,joint_0,one_step_governed_pva_direct,2.97,2.98,0.4176319212125047,0.7739559873449462
oscillatory__test__004,joint_0,one_step_governed_pva_direct,2.98,2.9899999999999998,0.44806610981246653,0.7739559873449462
oscillatory__test__004,joint_0,one_step_governed_pva_direct,2.99,3.0,0.47824778702974097,0.7739559873449462
oscillatory__test__004,joint_0,one_step_governed_pva_direct,3.0,3.01,0.5081599437247956,0.7739559873449462
oscillatory__test__004,joint_0,one_step_governed_pva_direct,3.0100000000000002,3.02,0.5377857226486125,0.7739559873449462
oscillatory__test__004,joint_0,one_step_governed_pva_direct,3.02,3.03,0.5671084279427226,0.7739559873449462
oscillatory__test__004,joint_0,one_step_governed_pva_direct,3.0300000000000002,3.04,0.5961115345483035,0.7739559873449462
oscillatory__test__004,joint_0,one_step_governed_pva_direct,3.04,3.05,0.624778697519007,0.7739559873449462
oscillatory__test__004,joint_0,one_step_governed_pva_direct,3.0500000000000003,3.06,0.6530937612323009,0.7739559873449462
oscillatory__test__004,joint_0,one_step_governed_pva_direct,3.06,3.07,0.681040768494095,0.7739559873449462
oscillatory__test__004,joint_0,one_step_governed_pva_direct,3.0700000000000003,3.08,0.7086039695315604,0.7739559873449462
oscillatory__test__004,joint_0,one_step_governed_pva_direct,3.08,3.09,0.7357678308690364,0.7739559873449462
oscillatory__test__004,joint_0,one_step_governed_pva_direct,3.09,3.0999999999999996,0.7625170440820598,0.7739559873449462
oscillatory__test__004,joint_0,one_step_governed_pva_direct,3.1,3.11,0.7888365344245555,0.7739559873449462
oscillatory__test__004,joint_0,one_step_governed_pva_direct,3.11,3.1199999999999997,0.8147114693243263,0.7739559873449462
oscillatory__test__004,joint_0,one_step_governed_pva_direct,3.12,3.13,0.8401272667420862,0.7739559873449462
oscillatory__test__004,joint_0,one_step_governed_pva_direct,3.13,3.1399999999999997,0.8650696033892794,0.7739559873449462
oscillatory__test__004,joint_0,one_step_governed_pva_direct,3.14,3.15,0.8895244228001032,0.7739559873449462
oscillatory__test__004,joint_0,one_step_governed_pva_direct,3.15,3.1599999999999997,0.913477943253133,0.7739559873449462
oscillatory__test__004,joint_0,one_step_governed_pva_direct,3.16,3.17,0.9369166655381391,0.7739559873449462
oscillatory__test__004,joint_0,one_step_governed_pva_direct,3.17,3.1799999999999997,0.9598273805636706,0.7739559873449462
oscillatory__test__004,joint_0,one_step_governed_pva_direct,3.18,3.19,0.9821971768011611,0.7739559873449462
oscillatory__test__004,joint_0,one_step_governed_pva_direct,3.19,3.1999999999999997,1.0040134475613174,0.7739559873449462
oscillatory__test__004,joint_0,one_step_governed_pva_direct,3.2,3.21,1.025263898098735,0.7739559873449462
oscillatory__test__004,joint_0,one_step_governed_pva_direct,3.21,3.2199999999999998,1.0459365525406985,0.7739559873449462
oscillatory__test__004,joint_0,one_step_governed_pva_direct,3.22,3.23,1.0660197606362927,0.7739559873449462
oscillatory__test__004,joint_0,one_step_governed_pva_direct,3.23,3.2399999999999998,1.0855022043219928,0.7739559873449462
oscillatory__test__004,joint_0,one_step_governed_pva_direct,3.24,3.25,1.1043729041000614,0.7739559873449462
oscillatory__test__004,joint_0,one_step_governed_pva_direct,3.25,3.26,1.12262122522613,0.7739559873449462
oscillatory__test__004,joint_0,one_step_governed_pva_direct,3.2600000000000002,3.27,1.1402368837025068,0.7739559873449462
oscillatory__test__004,joint_0,one_step_governed_pva_direct,3.27,3.28,1.1572099520738057,0.7739559873449462
oscillatory__test__004,joint_0,one_step_governed_pva_direct,3.2800000000000002,3.29,1.1735308650216503,0.7739559873449462
oscillatory__test__004,joint_0,one_step_governed_pva_direct,3.29,3.3,1.1891904247552871,0.7739559873449462
oscillatory__test__004,joint_0,one_step_governed_pva_direct,3.3000000000000003,3.31,1.204179806195084,0.7739559873449462
oscillatory__test__004,joint_0,one_step_governed_pva_direct,3.31,3.32,1.2184905619459736,0.7739559873449462
oscillatory__test__004,joint_0,one_step_governed_pva_direct,3.3200000000000003,3.33,1.2321146270580596,0.7739559873449462
oscillatory__test__004,joint_0,one_step_governed_pva_direct,3.33,3.34,1.245044323571683,0.7739559873449462
oscillatory__test__004,joint_0,one_step_governed_pva_direct,3.34,3.3499999999999996,1.2572723648444057,0.7739559873449462
oscillatory__test__004,joint_0,one_step_governed_pva_direct,3.35,3.36,1.2687918596574606,0.7739559873449462
oscillatory__test__004,joint_0,one_step_governed_pva_direct,3.36,3.3699999999999997,1.2795963160993529,0.7739559873449462
oscillatory__test__004,joint_0,one_step_governed_pva_direct,3.37,3.38,1.289679645224438,0.7739559873449462
oscillatory__test__004,joint_0,one_step_governed_pva_direct,3.38,3.3899999999999997,1.299036164484394,0.7739559873449462
oscillatory__test__004,joint_0,one_step_governed_pva_direct,3.39,3.4,1.3076606009306764,0.7739559873449462
oscillatory__test__004,joint_0,one_step_governed_pva_direct,3.4,3.4099999999999997,1.3155480941861293,0.7739559873449462
oscillatory__test__004,joint_0,one_step_governed_pva_direct,3.41,3.42,1.3226941991840973,0.7739559873449462
oscillatory__test__004,joint_0,one_step_governed_pva_direct,3.42,3.4299999999999997,1.3290948886734781,0.7739559873449462
oscillatory__test__004,joint_0,one_step_governed_pva_direct,3.43,3.44,1.3347465554883178,0.7739559873449462
oscillatory__test__004,joint_0,one_step_governed_pva_direct,3.44,3.4499999999999997,1.3396460145806603,0.7739559873449462
oscillatory__test__004,joint_0,one_step_governed_pva_direct,3.45,3.46,1.3437905048155103,0.7739559873449462
oscillatory__test__004,joint_0,one_step_governed_pva_direct,3.46,3.4699999999999998,1.3471776905268948,0.7739559873449462
oscillatory__test__004,joint_0,one_step_governed_pva_direct,3.47,3.48,1.3498056628341506,0.7739559873449462
oscillatory__test__004,joint_0,one_step_governed_pva_direct,3.48,3.4899999999999998,1.3516729407176902,0.7739559873449462
oscillatory__test__004,joint_0,one_step_governed_pva_direct,3.49,3.5,1.352778471853646,0.7739559873449462
oscillatory__test__004,joint_0,one_step_governed_pva_direct,3.5,3.51,1.3531216332069185,0.7739559873449462
oscillatory__test__004,joint_0,one_step_governed_pva_direct,3.5100000000000002,3.52,1.3527022313822938,0.7739559873449462
oscillatory__test__004,joint_0,one_step_governed_pva_direct,3.52,3.53,1.3515205027334365,0.7739559873449462
oscillatory__test__004,joint_0,one_step_governed_pva_direct,3.5300000000000002,3.54,1.3495771132296912,0.7739559873449462
oscillatory__test__004,joint_0,one_step_governed_pva_direct,3.54,3.55,1.346873158080774,0.7739559873449462
oscillatory__test__004,joint_0,one_step_governed_pva_direct,3.5500000000000003,3.56,1.3434101611195581,0.7739559873449462
oscillatory__test__004,joint_0,one_step_governed_pva_direct,3.56,3.57,1.3391900739433094,0.7739559873449462
oscillatory__test__004,joint_0,one_step_governed_pva_direct,3.5700000000000003,3.58,1.3342152748138476,0.7739559873449462
oscillatory__test__004,joint_0,one_step_governed_pva_direct,3.58,3.59,1.3284885673172602,0.7739559873449462
oscillatory__test__004,joint_0,one_step_governed_pva_direct,3.59,3.5999999999999996,1.3220131787839204,0.7739559873449462
oscillatory__test__004,joint_0,one_step_governed_pva_direct,3.6,3.61,1.3147927584697001,0.7739559873449462
oscillatory__test__004,joint_0,one_step_governed_pva_direct,3.61,3.6199999999999997,1.306831375499404,0.7739559873449462
oscillatory__test__004,joint_0,one_step_governed_pva_direct,3.62,3.63,1.2981335165735826,0.7739559873449462
oscillatory__test__004,joint_0,one_step_governed_pva_direct,3.63,3.6399999999999997,1.2887040834400159,0.7739559873449462
oscillatory__test__004,joint_0,one_step_governed_pva_direct,3.64,3.65,1.2785483901312948,0.7739559873449462
oscillatory__test__004,joint_0,one_step_governed_pva_direct,3.65,3.6599999999999997,1.2676721599700593,0.7739559873449462
oscillatory__test__004,joint_0,one_step_governed_pva_direct,3.66,3.67,1.2560815223435686,0.7739559873449462
oscillatory__test__004,joint_0,one_step_governed_pva_direct,3.67,3.6799999999999997,1.243783009249443,0.7739559873449462
oscillatory__test__004,joint_0,one_step_governed_pva_direct,3.68,3.69,1.2307835516144965,0.7739559873449462
oscillatory__test__004,joint_0,one_step_governed_pva_direct,3.69,3.6999999999999997,1.2170904753887646,0.7739559873449462
oscillatory__test__004,joint_0,one_step_governed_pva_direct,3.7,3.71,1.2027114974169026,0.7739559873449462
oscillatory__test__004,joint_0,one_step_governed_pva_direct,3.71,3.7199999999999998,1.187654721089297,0.7739559873449462
oscillatory__test__004,joint_0,one_step_governed_pva_direct,3.72,3.73,1.1719286317753312,0.7739559873449462
oscillatory__test__004,joint_0,one_step_governed_pva_direct,3.73,3.7399999999999998,1.155542092041394,0.7739559873449462
oscillatory__test__004,joint_0,one_step_governed_pva_direct,3.74,3.75,1.138504336656299,0.7739559873449462
oscillatory__test__004,joint_0,one_step_governed_pva_direct,3.75,3.76,1.1208249673869677,0.7739559873449462
oscillatory__test__004,joint_0,one_step_governed_pva_direct,3.7600000000000002,3.77,1.1025139475872618,0.7739559873449462
oscillatory__test__004,joint_0,one_step_governed_pva_direct,3.77,3.78,1.0835815965830664,0.7739559873449462
oscillatory__test__004,joint_0,one_step_governed_pva_direct,3.7800000000000002,3.79,1.0640385838567437,0.7739559873449462
oscillatory__test__004,joint_0,one_step_governed_pva_direct,3.79,3.8,1.043895923034262,0.7739559873449462
oscillatory__test__004,joint_0,one_step_governed_pva_direct,3.8000000000000003,3.81,1.023164965678371,0.7739559873449462
oscillatory__test__004,joint_0,one_step_governed_pva_direct,3.81,3.82,1.001857394891348,0.7739559873449462
oscillatory__test__004,joint_0,one_step_governed_pva_direct,3.8200000000000003,3.83,0.9799852187308753,0.7739559873449462
oscillatory__test__004,joint_0,one_step_governed_pva_direct,3.83,3.84,0.9575607634428167,0.7739559873449462
oscillatory__test__004,joint_0,one_step_governed_pva_direct,3.84,3.8499999999999996,0.9345966665146456,0.7739559873449462
oscillatory__test__004,joint_0,one_step_governed_pva_direct,3.85,3.86,0.9111058695534939,0.7739559873449462
oscillatory__test__004,joint_0,one_step_governed_pva_direct,3.86,3.8699999999999997,0.887101610992808,0.7739559873449462
oscillatory__test__004,joint_0,one_step_governed_pva_direct,3.87,3.88,0.8625974186317068,0.7739559873449462
oscillatory__test__004,joint_0,one_step_governed_pva_direct,3.88,3.8899999999999997,0.8376071020112961,0.7739559873449462
oscillatory__test__004,joint_0,one_step_governed_pva_direct,3.89,3.9,0.812144744632172,0.7739559873449462
oscillatory__test__004,joint_0,one_step_governed_pva_direct,3.9,3.9099999999999997,0.7862246960175618,0.7739559873449462
oscillatory__test__004,joint_0,one_step_governed_pva_direct,3.91,3.92,0.7598615636265253,0.7739559873449462
oscillatory__test__004,joint_0,one_step_governed_pva_direct,3.92,3.9299999999999997,0.7330702046218047,0.7739559873449462
oscillatory__test__004,joint_0,one_step_governed_pva_direct,3.93,3.94,0.7058657174969394,0.7739559873449462
oscillatory__test__004,joint_0,one_step_governed_pva_direct,3.94,3.9499999999999997,0.6782634335674027,0.7739559873449462
oscillatory__test__004,joint_0,one_step_governed_pva_direct,3.95,3.96,0.650278908330492,0.7739559873449462
oscillatory__test__004,joint_0,one_step_governed_pva_direct,3.96,3.9699999999999998,0.6219279126989206,0.7739559873449462
oscillatory__test__004,joint_0,one_step_governed_pva_direct,3.97,3.98,0.5932264241129693,0.7739559873449462
oscillatory__test__004,joint_0,one_step_governed_pva_direct,3.98,3.9899999999999998,0.5641906175362851,0.7739559873449462
oscillatory__test__004,joint_0,one_step_governed_pva_direct,3.99,4.0,0.5348368563403377,0.7739559873449462
oscillatory__test__004,joint_0,one_step_governed_pva_direct,4.0,4.01,0.5051816830827093,0.7739559873449462
oscillatory__test__004,joint_0,one_step_governed_pva_direct,4.01,4.02,0.47524181018439854,0.7739559873449462
oscillatory__test__004,joint_0,one_step_governed_pva_direct,4.0200000000000005,4.03,0.4450341105113911,0.7739559873449462
oscillatory__test__004,joint_0,one_step_governed_pva_direct,4.03,4.04,0.41457560786583886,0.7739559873449462
oscillatory__test__004,joint_0,one_step_governed_pva_direct,4.04,4.05,0.3838834673921242,0.7739559873449462
oscillatory__test__004,joint_0,one_step_governed_pva_direct,4.05,4.06,0.35297498590331877,0.7739559873449462
oscillatory__test__004,joint_0,one_step_governed_pva_direct,4.0600000000000005,4.07,0.32186758213342165,0.7739559873449462
oscillatory__test__004,joint_0,one_step_governed_pva_direct,4.07,4.08,0.2905787869208831,0.7739559873449462
oscillatory__test__004,joint_0,one_step_governed_pva_direct,4.08,4.09,0.25912623332895673,0.7739559873449462
oscillatory__test__004,joint_0,one_step_governed_pva_direct,4.09,4.1,0.22752764670843464,0.7739559873449462
oscillatory__test__004,joint_0,one_step_governed_pva_direct,4.1,4.109999999999999,0.19580083470838414,0.7739559873449462
oscillatory__test__004,joint_0,one_step_governed_pva_direct,4.11,4.12,0.16396367724050123,0.7739559873449462
oscillatory__test__004,joint_0,one_step_governed_pva_direct,4.12,4.13,0.13203411640273502,0.7739559873449462
oscillatory__test__004,joint_0,one_step_governed_pva_direct,4.13,4.14,0.10003014636786954,0.7739559873449462
oscillatory__test__004,joint_0,one_step_governed_pva_direct,4.14,4.1499999999999995,0.06796980324275298,0.7739559873449462
oscillatory__test__004,joint_0,one_step_governed_pva_direct,4.15,4.16,0.035871154903900915,0.7739559873449462
oscillatory__test__004,joint_0,one_step_governed_pva_direct,4.16,4.17,0.0037522908152124923,0.7739559873449462
oscillatory__test__004,joint_0,one_step_governed_pva_direct,4.17,4.18,-0.028368688166531198,0.7739559873449462
oscillatory__test__004,joint_0,one_step_governed_pva_direct,4.18,4.1899999999999995,-0.06047367999252722,0.7739559873449462
oscillatory__test__004,joint_0,one_step_governed_pva_direct,4.19,4.2,-0.09254459162353036,0.7739559873449462
oscillatory__test__004,joint_0,one_step_governed_pva_direct,4.2,4.21,-0.12456334922632148,0.7739559873449462
oscillatory__test__004,joint_0,one_step_governed_pva_direct,4.21,4.22,-0.15651190835937534,0.7739559873449462
oscillatory__test__004,joint_0,one_step_governed_pva_direct,4.22,4.2299999999999995,-0.1883722641419598,0.7739559873449462
oscillatory__test__004,joint_0,one_step_governed_pva_direct,4.23,4.24,-0.2201264614009355,0.7739559873449462
oscillatory__test__004,joint_0,one_step_governed_pva_direct,4.24,4.25,-0.2517566047895254,0.7739559873449462
oscillatory__test__004,joint_0,one_step_governed_pva_direct,4.25,4.26,-0.2832448688724208,0.7739559873449462
oscillatory__test__004,joint_0,one_step_governed_pva_direct,4.26,4.27,-0.3145735081714257,0.7739559873449462
oscillatory__test__004,joint_0,one_step_governed_pva_direct,4.2700000000000005,4.28,-0.34572486716608947,0.7739559873449462
oscillatory__test__004,joint_0,one_step_governed_pva_direct,4.28,4.29,-0.3766813902436078,0.7739559873449462
oscillatory__test__004,joint_0,one_step_governed_pva_direct,4.29,4.3,-0.40742563159244405,0.7739559873449462
oscillatory__test__004,joint_0,one_step_governed_pva_direct,4.3,4.31,-0.4379402650340683,0.7739559873449462
oscillatory__test__004,joint_0,one_step_governed_pva_direct,4.3100000000000005,4.32,-0.468208093787259,0.7739559873449462
oscillatory__test__004,joint_0,one_step_governed_pva_direct,4.32,4.33,-0.4982120601594963,0.7739559873449462
oscillatory__test__004,joint_0,one_step_governed_pva_direct,4.33,4.34,-0.5279352551599803,0.7739559873449462
oscillatory__test__004,joint_0,one_step_governed_pva_direct,4.34,4.35,-0.5573609280288163,0.7739559873449462
oscillatory__test__004,joint_0,one_step_governed_pva_direct,4.3500000000000005,4.36,-0.5864724956770659,0.7739559873449462
oscillatory__test__004,joint_0,one_step_governed_pva_direct,4.36,4.37,-0.6152535520322696,0.7739559873449462
oscillatory__test__004,joint_0,one_step_governed_pva_direct,4.37,4.38,-0.6436878772842362,0.7739559873449462
oscillatory__test__004,joint_0,one_step_governed_pva_direct,4.38,4.39,-0.6717594470258585,0.7739559873449462
oscillatory__test__004,joint_0,one_step_governed_pva_direct,4.39,4.3999999999999995,-0.6994524412837907,0.7739559873449462
oscillatory__test__004,joint_0,one_step_governed_pva_direct,4.4,4.41,-0.7267512534339421,0.7739559873449462
oscillatory__test__004,joint_0,one_step_governed_pva_direct,4.41,4.42,-0.7536404989967092,0.7739559873449462
oscillatory__test__004,joint_0,one_step_governed_pva_direct,4.42,4.43,-0.7801050243070372,0.7739559873449462
oscillatory__test__004,joint_0,one_step_governed_pva_direct,4.43,4.4399999999999995,-0.8061299150543988,0.7739559873449462
oscillatory__test__004,joint_0,one_step_governed_pva_direct,4.44,4.45,-0.831700504687879,0.7739559873449462
oscillatory__test__004,joint_0,one_step_governed_pva_direct,4.45,4.46,-0.8568023826816205,0.7739559873449462
oscillatory__test__004,joint_0,one_step_governed_pva_direct,4.46,4.47,-0.8814214026560242,0.7739559873449462
oscillatory__test__017,joint_0,one_step_governed_pva_direct,0.0,0.01,0.0012225485989034723,0.0012225485989034723
oscillatory__test__017,joint_0,one_step_governed_pva_direct,0.01,0.02,0.004346748102990183,0.0012237626579443667
oscillatory__test__017,joint_0,one_step_governed_pva_direct,0.02,0.03,0.007495325723343776,0.001235809468591466
oscillatory__test__017,joint_0,one_step_governed_pva_direct,0.03,0.04,0.010660091996738206,0.0012769140761849282
oscillatory__test__017,joint_0,one_step_governed_pva_direct,0.04,0.05,0.013832801325304194,0.0013429938984332868
oscillatory__test__017,joint_0,one_step_governed_pva_direct,0.05,0.060000000000000005,0.01700517429318762,0.001428545513536881
oscillatory__test__017,joint_0,one_step_governed_pva_direct,0.06,0.06999999999999999,0.020168920079596257,0.0015293457774716648
oscillatory__test__017,joint_0,one_step_governed_pva_direct,0.07,0.08,0.023315758907286,0.0016411373648060328
oscillatory__test__017,joint_0,one_step_governed_pva_direct,0.08,0.09,0.026437444465438407,0.0017596551892396358
oscillatory__test__017,joint_0,one_step_governed_pva_direct,0.09,0.09999999999999999,0.029525786245949055,0.0018806435937610687
oscillatory__test__017,joint_0,one_step_governed_pva_direct,0.1,0.11,0.03257267173237924,0.0019998734372742534
oscillatory__test__017,joint_0,one_step_governed_pva_direct,0.11,0.12,0.03557008838122156,0.0021131590469058684
oscillatory__test__017,joint_0,one_step_governed_pva_direct,0.12,0.13,0.03851014533569328,0.002216374982425954
oscillatory__test__017,joint_0,one_step_governed_pva_direct,0.13,0.14,0.04138509481299601,0.002305472559982084
oscillatory__test__017,joint_0,one_step_governed_pva_direct,0.14,0.15000000000000002,0.04418735310686636,0.0023764960831159187
oscillatory__test__017,joint_0,one_step_governed_pva_direct,0.15,0.16,0.046909521148287434,0.0024255987299495975
oscillatory__test__017,joint_0,one_step_governed_pva_direct,0.16,0.17,0.04954440456842939,0.002449058046497229
oscillatory__test__017,joint_0,one_step_governed_pva_direct,0.17,0.18000000000000002,0.05208503320924046,0.0024432909972686868
oscillatory__test__017,joint_0,one_step_governed_pva_direct,0.18,0.19,0.05452468002861019,0.0024048685256869
oscillatory__test__017,joint_0,one_step_governed_pva_direct,0.19,0.2,0.056856879348671174,0.0023305295783321873
oscillatory__test__017,joint_0,one_step_governed_pva_direct,0.2,0.21000000000000002,0.059075444397590944,0.002217194548652003
oscillatory__test__017,joint_0,one_step_governed_pva_direct,0.21,0.22,0.06117448409712607,0.0020619780975287033
oscillatory__test__017,joint_0,one_step_governed_pva_direct,0.22,0.23,0.06314841905025971,0.0018622013099762454
oscillatory__test__017,joint_0,one_step_governed_pva_direct,0.23,0.24000000000000002,0.06499199668541931,0.001615403149232847
oscillatory__test__017,joint_0,one_step_governed_pva_direct,0.24,0.25,0.06670030551606279,0.001319351171626145
oscillatory__test__017,joint_0,one_step_governed_pva_direct,0.25,0.26,0.06826878847682749,0.0009720514678030982
oscillatory__test__017,joint_0,one_step_governed_pva_direct,0.26,0.27,0.06969325529994608,0.0005717577982335177
oscillatory__test__017,joint_0,one_step_governed_pva_direct,0.27,0.28,0.07096989389824358,0.00011697989330661071
oscillatory__test__017,joint_0,one_step_governed_pva_direct,0.28,0.29000000000000004,0.07209528072372996,-0.00039350910916305355
oscillatory__test__017,joint_0,one_step_governed_pva_direct,0.29,0.3,0.07306639007358941,-0.0009606661136266093
oscillatory__test__017,joint_0,one_step_governed_pva_direct,0.3,0.31,0.07388060231822836,-0.001585172425645151
oscillatory__test__017,joint_0,one_step_governed_pva_direct,0.31,0.32,0.0745357110289768,-0.002267429039128924
oscillatory__test__017,joint_0,one_step_governed_pva_direct,0.32,0.33,0.07502992898602864,-0.003007552868440881
oscillatory__test__017,joint_0,one_step_governed_pva_direct,0.33,0.34,0.07536189305025306,-0.0038053739390122346
oscillatory__test__017,joint_0,one_step_governed_pva_direct,0.34,0.35000000000000003,0.07553066788559765,-0.004660433547254764
oscillatory__test__017,joint_0,one_step_governed_pva_direct,0.35000000000000003,0.36000000000000004,0.07553574852193064,-0.005571983397658112
oscillatory__test__017,joint_0,one_step_governed_pva_direct,0.36,0.37,0.07537706175132326,-0.006538985722038934
oscillatory__test__017,joint_0,one_step_governed_pva_direct,0.37,0.38,0.07505496635394547,-0.0075601143829703964
oscillatory__test__017,joint_0,one_step_governed_pva_direct,0.38,0.39,0.074570252152932,-0.008633756960473991
oscillatory__test__017,joint_0,one_step_governed_pva_direct,0.39,0.4,0.07392413790076076,-0.009758017818109001
oscillatory__test__017,joint_0,one_step_governed_pva_direct,0.4,0.41000000000000003,0.07311826800286332,-0.010930722141656371
oscillatory__test__017,joint_0,one_step_governed_pva_direct,0.41000000000000003,0.42000000000000004,0.07215470808735043,-0.012149420940672366
oscillatory__test__017,joint_0,one_step_governed_pva_direct,0.42,0.43,0.07103593943287406,-0.013411397000290794
oscillatory__test__017,joint_0,one_step_governed_pva_direct,0.43,0.44,0.0697648522697526,-0.014713671767788964
oscillatory__test__017,joint_0,one_step_governed_pva_direct,0.44,0.45,0.0683447379725521,-0.01605301315561129
oscillatory__test__017,joint_0,one_step_governed_pva_direct,0.45,0.46,0.0667792801653306,-0.017425944239771483
oscillatory__test__017,joint_0,one_step_governed_pva_direct,0.46,0.47000000000000003,0.06507254476371073,-0.018828752829839517
oscillatory__test__017,joint_0,one_step_governed_pva_direct,0.47000000000000003,0.48000000000000004,0.06322896898083817,-0.020257501884070293
oscillatory__test__017,joint_0,one_step_governed_pva_direct,0.48,0.49,0.06125334932710166,-0.021708040740653068
oscillatory__test__017,joint_0,one_step_governed_pva_direct,0.49,0.5,0.05915082863622731,-0.023176017133564562
oscillatory__test__017,joint_0,one_step_governed_pva_direct,0.5,0.51,0.05692688215300958,-0.024656889959098968
oscillatory__test__017,joint_0,one_step_governed_pva_direct,0.51,0.52,0.0545873027204923,-0.026145942756832383
oscillatory__test__017,joint_0,one_step_governed_pva_direct,0.52,0.53,0.05213818510686448,-0.02763829786656545
oscillatory__test__017,joint_0,one_step_governed_pva_direct,0.53,0.54,0.04958590951467548,-0.029128931220680346
oscillatory__test__017,joint_0,one_step_governed_pva_direct,0.54,0.55,0.046937124317197786,-0.030612687729354413
oscillatory__test__017,joint_0,one_step_governed_pva_direct,0.55,0.56,0.044198728068869673,-0.03208429721419882
oscillatory__test__017,joint_0,one_step_governed_pva_direct,0.56,0.5700000000000001,0.04137785083872329,-0.033538390844139836
oscillatory__test__017,joint_0,one_step_governed_pva_direct,0.5700000000000001,0.5800000000000001,0.03848183491754711,-0.03496951802574029
oscillatory__test__017,joint_0,one_step_governed_pva_direct,0.58,0.59,0.03551821495123379,-0.03637216369867309
oscillatory__test__017,joint_0,one_step_governed_pva_direct,0.59,0.6,0.03249469755432698,-0.037740765985711376
oscillatory__test__017,joint_0,one_step_governed_pva_direct,0.6,0.61,0.029419140459194654,-0.03906973414539595
oscillatory__test__017,joint_0,one_step_governed_pva_direct,0.61,0.62,0.026299531257518154,-0.040353466774482115
oscillatory__test__017,joint_0,one_step_governed_pva_direct,0.62,0.63,0.02314396579189849,-0.04158637020636091
oscillatory__test__017,joint_0,one_step_governed_pva_direct,0.63,0.64,0.019960626256329814,-0.04276287705089273
oscillatory__test__017,joint_0,one_step_governed_pva_direct,0.64,0.65,0.01675775906508498,-0.04387746482049087
oscillatory__test__017,joint_0,one_step_governed_pva_direct,0.65,0.66,0.013543652550186452,-0.04492467458684788
oscillatory__test__017,joint_0,one_step_governed_pva_direct,0.66,0.67,0.01032661454810241,-0.04589912961241078
oscillatory__test__017,joint_0,one_step_governed_pva_direct,0.67,0.68,0.007114949936610306,-0.046795553900584735
oscillatory__test__017,joint_0,one_step_governed_pva_direct,0.68,0.6900000000000001,0.003916938182904062,-0.047608790608676586
oscillatory__test__017,joint_0,one_step_governed_pva_direct,0.6900000000000001,0.7000000000000001,0.0007408109639920205,-0.04833382026778241
oscillatory__test__017,joint_0,one_step_governed_pva_direct,0.7000000000000001,0.7100000000000001,-0.00240527007976484,-0.048965778754175446
oscillatory__test__017,joint_0,one_step_governed_pva_direct,0.71,0.72,-0.005513235397487494,-0.04949997495726151
oscillatory__test__017,joint_0,one_step_governed_pva_direct,0.72,0.73,-0.00857512932702459,-0.049931908089838155
oscillatory__test__017,joint_0,one_step_governed_pva_direct,0.73,0.74,-0.011583131581339992,-0.050257284587218
oscillatory__test__017,joint_0,one_step_governed_pva_direct,0.74,0.75,-0.01452957836362179,-0.050472034542756374
oscillatory__test__017,joint_0,one_step_governed_pva_direct,0.75,0.76,-0.01740698305370493,-0.050572327628453415
oscillatory__test__017,joint_0,one_step_governed_pva_direct,0.76,0.77,-0.020208056409563805,-0.05055458845058004
oscillatory__test__017,joint_0,one_step_governed_pva_direct,0.77,0.78,-0.022925726228952625,-0.050415511291701916
oscillatory__test__017,joint_0,one_step_governed_pva_direct,0.78,0.79,-0.025553156417739413,-0.0501520741920411
oscillatory__test__017,joint_0,one_step_governed_pva_direct,0.79,0.8,-0.028083765413093906,-0.049761552324819824
oscillatory__test__017,joint_0,one_step_governed_pva_direct,0.8,0.81,-0.030511243911445437,-0.04924153062206604
oscillatory__test__017,joint_0,one_step_governed_pva_direct,0.81,0.8200000000000001,-0.03282957185301878,-0.048589915609326094
oscillatory__test__017,joint_0,one_step_governed_pva_direct,0.8200000000000001,0.8300000000000001,-0.03503303461677863,-0.047804946409816904
oscillatory__test__017,joint_0,one_step_governed_pva_direct,0.8300000000000001,0.8400000000000001,-0.03711623838176177,-0.046885204880755066
oscillatory__test__017,joint_0,one_step_governed_pva_direct,0.84,0.85,-0.0390741246130456,-0.04582962484691548
oscillatory__test__017,joint_0,one_step_governed_pva_direct,0.85,0.86,-0.04090198363298222,-0.04463750039889446
oscillatory__test__017,joint_0,one_step_governed_pva_direct,0.86,0.87,-0.042595467240817184,-0.04330849322607072
oscillatory__test__017,joint_0,one_step_governed_pva_direct,0.87,0.88,-0.04415060034640238,-0.041842638956868926
oscillatory__test__017,joint_0,one_step_governed_pva_direct,0.88,0.89,-0.04556379158639378,-0.040240352481627106
oscillatory__test__017,joint_0,one_step_governed_pva_direct,0.89,0.9,-0.04683184289409543,-0.03850243223614109
oscillatory__test__017,joint_0,one_step_governed_pva_direct,0.9,0.91,-0.04795195799695735,-0.03663006342680253
oscillatory__test__017,joint_0,one_step_governed_pva_direct,0.91,0.92,-0.048921749818654124,-0.034624820181151386
oscillatory__test__017,joint_0,one_step_governed_pva_direct,0.92,0.93,-0.04973924676565104,-0.03248866661062227
oscillatory__test__017,joint_0,one_step_governed_pva_direct,0.93,0.9400000000000001,-0.0504028978812018,-0.03022395677526837
oscillatory__test__017,joint_0,one_step_governed_pva_direct,0.9400000000000001,0.9500000000000001,-0.05091157685280239,-0.027833433543288905
oscillatory__test__017,joint_0,one_step_governed_pva_direct,0.9500000000000001,0.9600000000000001,-0.0512645848622474,-0.025320226341257107
oscillatory__test__017,joint_0,one_step_governed_pva_direct,0.96,0.97,-0.05146165227058409,-0.02268784779403771
oscillatory__test__017,joint_0,one_step_governed_pva_direct,0.97,0.98,-0.051502939133430674,-0.019940189256487623
oscillatory__test__017,joint_0,one_step_governed_pva_direct,0.98,0.99,-0.05138903454530839,-0.017081515242141146
oscillatory__test__017,joint_0,one_step_governed_pva_direct,0.99,1.0,-0.05112095481482393,-0.014116456757184499
oscillatory__test__017,joint_0,one_step_governed_pva_direct,1.0,1.01,-0.05070014047572084,-0.011050003551113996
oscillatory__test__017,joint_0,one_step_governed_pva_direct,1.01,1.02,-0.050128452141986725,-0.007887495298540216
oscillatory__test__017,joint_0,one_step_governed_pva_direct,1.02,1.03,-0.049408165218348954,-0.004634611729637359
oscillatory__test__017,joint_0,one_step_governed_pva_direct,1.03,1.04,-0.04854196348060775,-0.0012973617297351635
oscillatory__test__017,joint_0,one_step_governed_pva_direct,1.04,1.05,-0.04753293154333042,0.0021179285684979894
oscillatory__test__017,joint_0,one_step_governed_pva_direct,1.05,1.06,-0.046384546235459526,0.005604628673937265
oscillatory__test__017,joint_0,one_step_governed_pva_direct,1.06,1.07,-0.04510066690736039,0.00915581757777382
oscillatory__test__017,joint_0,one_step_governed_pva_direct,1.07,1.08,-0.04368552469574128,0.012764298514241821
oscillatory__test__017,joint_0,one_step_governed_pva_direct,1.08,1.09,-0.04214371077571658,0.016422614606684163
oscillatory__test__017,joint_0,one_step_governed_pva_direct,1.09,1.1,-0.04048016363204021,0.02012306536174722
oscillatory__test__017,joint_0,one_step_governed_pva_direct,1.1,1.11,-0.038700155384206285,0.023857723971994843
oscillatory__test__017,joint_0,one_step_governed_pva_direct,1.11,1.12,-0.03680927720268917,0.027618455384833828
oscillatory__test__017,joint_0,one_step_governed_pva_direct,1.12,1.1300000000000001,-0.034813423856070495,0.03139693509335269
oscillatory__test__017,joint_0,one_step_governed_pva_direct,1.1300000000000001,1.1400000000000001,-0.03271877743116416,0.03518466860249913
oscillatory__test__017,joint_0,one_step_governed_pva_direct,1.1400000000000001,1.1500000000000001,-0.03053179027050429,0.03897301152196766
oscillatory__test__017,joint_0,one_step_governed_pva_direct,1.1500000000000001,1.1600000000000001,-0.02825916717368973,0.042753190235239776
oscillatory__test__017,joint_0,one_step_governed_pva_direct,1.16,1.17,-0.025907846911084793,0.046516323092422915
oscillatory__test__017,joint_0,one_step_governed_pva_direct,1.17,1.18,-0.023484983100245535,0.05025344207287531
oscillatory__test__017,joint_0,one_step_governed_pva_direct,1.18,1.19,-0.020997924497178983,0.05395551486208832
oscillatory__test__017,joint_0,one_step_governed_pva_direct,1.19,1.2,-0.018454194756133118,0.057613467285927436
oscillatory__test__017,joint_0,one_step_governed_pva_direct,1.2,1.21,-0.01586147171306518,0.061218206044113814
oscillatory__test__017,joint_0,one_step_governed_pva_direct,1.21,1.22,-0.013227566249231316,0.06476064168376362
oscillatory__test__017,joint_0,one_step_governed_pva_direct,1.22,1.23,-0.010560400792485136,0.06823171175289566
oscillatory__test__017,joint_0,one_step_governed_pva_direct,1.23,1.24,-0.007867987514858904,0.07162240407307079
oscillatory__test__017,joint_0,one_step_governed_pva_direct,1.24,1.25,-0.005158406285828869,0.07492378006974319
oscillatory__test__017,joint_0,one_step_governed_pva_direct,1.25,1.26,-0.0024397824413326186,0.07812699809848435
oscillatory__test__017,joint_0,one_step_governed_pva_direct,1.26,1.27,0.00027973557089237816,0.08122333670498742
oscillatory__test__017,joint_0,one_step_governed_pva_direct,1.27,1.28,0.0029919986087413634,0.08420421775667453
oscillatory__test__017,joint_0,one_step_governed_pva_direct,1.28,1.29,0.005688879254867432,0.08706122938381207
oscillatory__test__017,joint_0,one_step_governed_pva_direct,1.29,1.3,0.008362294176414459,0.08978614866828931
oscillatory__test__017,joint_0,one_step_governed_pva_direct,1.3,1.31,0.011004226364433826,0.09237096401863379
oscillatory__test__017,joint_0,one_step_governed_pva_direct,1.31,1.32,0.013606747192387391,0.09480789717042144
oscillatory__test__017,joint_0,one_step_governed_pva_direct,1.32,1.33,0.016162038233631812,0.09708942475199088
oscillatory__test__017,joint_0,one_step_governed_pva_direct,1.33,1.34,0.018662412778431652,0.09920829935628592
oscillatory__test__017,joint_0,one_step_governed_pva_direct,1.34,1.35,0.021100336991869188,0.10115757006072654
oscillatory__test__017,joint_0,one_step_governed_pva_direct,1.35,1.36,0.0234684506549913,0.1029306023382448
oscillatory__test__017,joint_0,one_step_governed_pva_direct,1.36,1.37,0.02575958743267075,0.10452109730401415
oscillatory__test__017,joint_0,one_step_governed_pva_direct,1.37,1.3800000000000001,0.027966794612943564,0.10592311024394568
oscillatory__test__017,joint_0,one_step_governed_pva_direct,1.3800000000000001,1.3900000000000001,0.030083352264024303,0.10713106837271928
oscillatory__test__017,joint_0,one_step_governed_pva_direct,1.3900000000000001,1.4000000000000001,0.03210279175678233,0.10813978777095618
oscillatory__test__017,joint_0,one_step_governed_pva_direct,1.4000000000000001,1.4100000000000001,0.03401891360219127,0.10894448945311826
oscillatory__test__017,joint_0,one_step_governed_pva_direct,1.41,1.42,0.035825804555124165,0.10954081451983334
oscillatory__test__017,joint_0,one_step_governed_pva_direct,1.42,1.43,0.037517853937866615,0.10992483835058932
oscillatory__test__017,joint_0,one_step_governed_pva_direct,1.43,1.44,0.03908976913883937,0.11009308379510768
oscillatory__test__017,joint_0,one_step_governed_pva_direct,1.44,1.45,0.040536590244268596,0.11004253332419191
oscillatory__test__017,joint_0,one_step_governed_pva_direct,1.45,1.46,0.04185370376290011,0.10977064010344198
oscillatory__test__017,joint_0,one_step_governed_pva_direct,1.46,1.47,0.043036855406321475,0.10927533795592813
oscillatory__test__017,joint_0,one_step_governed_pva_direct,1.47,1.48,0.04408216189002642,0.1085550501827148
oscillatory__test__017,joint_0,one_step_governed_pva_direct,1.48,1.49,0.044986121723020134,0.10760869721301443
oscillatory__test__017,joint_0,one_step_governed_pva_direct,1.49,1.5,0.04574562495651629,0.10643570305872187
oscillatory__test__017,joint_0,one_step_governed_pva_direct,1.5,1.51,0.04635796186510977,0.10503600055112595
oscillatory__test__017,joint_0,one_step_governed_pva_direct,1.51,1.52,0.04682083053671379,0.10341003534070746
oscillatory__test__017,joint_0,one_step_governed_pva_direct,1.52,1.53,0.0471323433505197,0.10155876864410435
oscillatory__test__017,joint_0,one_step_governed_pva_direct,1.53,1.54,0.04729103232526462,0.09948367872554578
oscillatory__test__017,joint_0,one_step_governed_pva_direct,1.54,1.55,0.04729585332316553,0.09718676110332046
oscillatory__test__017,joint_0,one_step_governed_pva_direct,1.55,1.56,0.04714618909799383,0.09467052747513992
oscillatory__test__017,joint_0,one_step_governed_pva_direct,1.56,1.57,0.04684185117890959,0.09193800335957832
oscillatory__test__017,joint_0,one_step_governed_pva_direct,1.57,1.58,0.04638308058484386,0.08899272445410641
oscillatory__test__017,joint_0,one_step_governed_pva_direct,1.58,1.59,0.04577054736740009,0.08583873171357878
oscillatory__test__017,joint_0,one_step_governed_pva_direct,1.59,1.6,0.0450053489834346,0.08248056515637457
oscillatory__test__017,joint_0,one_step_governed_pva_direct,1.6,1.61,0.04408900750166124,0.07892325640871992
oscillatory__test__017,joint_0,one_step_governed_pva_direct,1.61,1.62,0.043023465650799654,0.07517232000102955
oscillatory__test__017,joint_0,one_step_governed_pva_direct,1.62,1.6300000000000001,0.04181108171993926,0.07123374343338466
oscillatory__test__017,joint_0,one_step_governed_pva_direct,1.6300000000000001,1.6400000000000001,0.040454623324916325,0.06711397603050574
oscillatory__test__017,joint_0,one_step_governed_pva_direct,1.6400000000000001,1.6500000000000001,0.03895726005758769,0.06281991660977558
oscillatory__test__017,joint_0,one_step_governed_pva_direct,1.6500000000000001,1.6600000000000001,0.03732255503792633,0.05835889998900708
oscillatory__test__017,joint_0,one_step_governed_pva_direct,1.6600000000000001,1.6700000000000002,0.035554455391850696,0.05373868236372858
oscillatory__test__017,joint_0,one_step_governed_pva_direct,1.67,1.68,0.033657281680624596,0.04896742558676429
oscillatory__test__017,joint_0,one_step_governed_pva_direct,1.68,1.69,0.031635716310518355,0.04405368038581354
oscillatory__test__017,joint_0,one_step_governed_pva_direct,1.69,1.7,0.02949479095419952,0.03900636855756988
oscillatory__test__017,joint_0,one_step_governed_pva_direct,1.7,1.71,0.027239873018010865,0.0338347641796642
oscillatory__test__017,joint_0,one_step_governed_pva_direct,1.71,1.72,0.024876651191892356,0.028548473884355666
oscillatory__test__017,joint_0,one_step_governed_pva_direct,1.72,1.73,0.022411120121201892,0.023157416240423768
oscillatory__test__017,joint_0,one_step_governed_pva_direct,1.73,1.74,0.019849564242080325,0.017671800292128725
oscillatory__test__017,joint_0,one_step_governed_pva_direct,1.74,1.75,0.017198540824284736,0.01210210330639662
oscillatory__test__017,joint_0,one_step_governed_pva_direct,1.75,1.76,0.01446486226757238,0.006459047781545946
oscillatory__test__017,joint_0,one_step_governed_pva_direct,1.76,1.77,0.011655577699751113,0.0007535777728971601
oscillatory__test__017,joint_0,one_step_governed_pva_direct,1.77,1.78,0.008777953926413798,-0.005003165407509558
oscillatory__test__017,joint_0,one_step_governed_pva_direct,1.78,1.79,0.005839455784141865,-0.010799868058125791
oscillatory__test__017,joint_0,one_step_governed_pva_direct,1.79,1.8,0.002847725950587006,-0.016625069461485915
oscillatory__test__017,joint_0,one_step_governed_pva_direct,1.8,1.81,-0.00018943573367865608,-0.022467187702197185
oscillatory__test__017,joint_0,one_step_governed_pva_direct,1.81,1.82,-0.0032640933753233787,-0.02831454586607658
oscillatory__test__017,joint_0,one_step_governed_pva_direct,1.82,1.83,-0.006368196513028775,-0.03415539855607259
oscillatory__test__017,joint_0,one_step_governed_pva_direct,1.83,1.84,-0.009493601918455111,-0.03997795865966742
oscillatory__test__017,joint_0,one_step_governed_pva_direct,1.84,1.85,-0.012632095654115192,-0.04577042430168077
oscillatory__test__017,joint_0,one_step_governed_pva_direct,1.85,1.86,-0.01577541532817261,-0.05152100591579265
oscillatory__test__017,joint_0,one_step_governed_pva_direct,1.86,1.87,-0.018915272485641392,-0.0572179533676719
oscillatory__test__017,joint_0,one_step_governed_pva_direct,1.87,1.8800000000000001,-0.02204337507509051,-0.06284958306234079
oscillatory__test__017,joint_0,one_step_governed_pva_direct,1.8800000000000001,1.8900000000000001,-0.025151449929748538,-0.06840430496832386
oscillatory__test__017,joint_0,one_step_governed_pva_direct,1.8900000000000001,1.9000000000000001,-0.028231265201862903,-0.07387064949122263
oscillatory__test__017,joint_0,one_step_governed_pva_direct,1.9000000000000001,1.9100000000000001,-0.031274652689291756,-0.07923729412962666
oscillatory__test__017,joint_0,one_step_governed_pva_direct,1.9100000000000001,1.9200000000000002,-0.0342735299935978,-0.08449308984671483
oscillatory__test__017,joint_0,one_step_governed_pva_direct,1.92,1.93,-0.03721992244936957,-0.08962708709151714
oscillatory__test__017,joint_0,one_step_governed_pva_direct,1.93,1.94,-0.04010598476511563,-0.09462856140459726
oscillatory__test__017,joint_0,one_step_governed_pva_direct,1.94,1.95,-0.04292402231685829,-0.09948703854387561
oscillatory__test__017,joint_0,one_step_governed_pva_direct,1.95,1.96,-0.04566651203649886,-0.10419231906743952
oscillatory__test__017,joint_0,one_step_governed_pva_direct,1.96,1.97,-0.04832612283812274,-0.1087345023114805
oscillatory__test__017,joint_0,one_step_governed_pva_direct,1.97,1.98,-0.050895735526670954,-0.1131040097029521
oscillatory__test__017,joint_0,one_step_governed_pva_direct,1.98,1.99,-0.05336846213480892,-0.11729160734815484
oscillatory__test__017,joint_0,one_step_governed_pva_direct,1.99,2.0,-0.05573766463537717,-0.12128842784022197
oscillatory__test__017,joint_0,one_step_governed_pva_direct,2.0,2.01,-0.05799697297850562,-0.12508599123039416
oscillatory__test__017,joint_0,one_step_governed_pva_direct,2.0100000000000002,2.02,-0.060140302404308364,-0.12867622511003354
oscillatory__test__017,joint_0,one_step_governed_pva_direct,2.02,2.03,-0.06216186998404377,-0.13205148375252634
oscillatory__test__017,joint_0,one_step_governed_pva_direct,2.0300000000000002,2.04,-0.06405621034472436,-0.135204566266557
oscillatory__test__017,joint_0,one_step_governed_pva_direct,2.04,2.05,-0.06581819053437614,-0.1381287337146978
oscillatory__test__017,joint_0,one_step_governed_pva_direct,2.05,2.0599999999999996,-0.06744302398748925,-0.1408177251538399
oscillatory__test__017,joint_0,one_step_governed_pva_direct,2.06,2.07,-0.06892628355264173,-0.1432657725566879
oscillatory__test__017,joint_0,one_step_governed_pva_direct,2.07,2.0799999999999996,-0.07026391354683247,-0.14546761457634516
oscillatory__test__017,joint_0,one_step_governed_pva_direct,2.08,2.09,-0.07145224080370464,-0.14741850911891824
oscillatory__test__017,joint_0,one_step_governed_pva_direct,2.09,2.0999999999999996,-0.07248798468557442,-0.1491142446920692
oscillatory__test__017,joint_0,one_step_governed_pva_direct,2.1,2.11,-0.07336826603200118,-0.1505511505005219
oscillatory__test__017,joint_0,one_step_governed_pva_direct,2.11,2.1199999999999997,-0.07409061502052333,-0.15172610526268923
oscillatory__test__017,joint_0,one_step_governed_pva_direct,2.12,2.13,-0.07465297791814544,-0.15263654472581206
oscillatory__test__017,joint_0,one_step_governed_pva_direct,2.13,2.1399999999999997,-0.07505372270517596,-0.15328046786028857
oscillatory__test__017,joint_0,one_step_governed_pva_direct,2.14,2.15,-0.07529164355608428,-0.15365644171720919
oscillatory__test__017,joint_0,one_step_governed_pva_direct,2.15,2.1599999999999997,-0.07536596416515146,-0.15376360493649283
oscillatory__test__017,joint_0,one_step_governed_pva_direct,2.16,2.17,-0.07527633990783354,-0.15360166989643353
oscillatory__test__017,joint_0,one_step_governed_pva_direct,2.17,2.1799999999999997,-0.07502285883192053,-0.15317092349890615
oscillatory__test__017,joint_0,one_step_governed_pva_direct,2.18,2.19,-0.07460604147575838,-0.15247222658793333
oscillatory__test__017,joint_0,one_step_governed_pva_direct,2.19,2.1999999999999997,-0.07402683951399071,-0.15150701200277747
oscillatory__test__017,joint_0,one_step_governed_pva_direct,2.2,2.21,-0.07328663323446613,-0.15027728127018064
oscillatory__test__017,joint_0,one_step_governed_pva_direct,2.21,2.2199999999999998,-0.07238722785313699,-0.14878559994382204
oscillatory__test__017,joint_0,one_step_governed_pva_direct,2.22,2.23,-0.07133084867693426,-0.14703509160249065
oscillatory__test__017,joint_0,one_step_governed_pva_direct,2.23,2.2399999999999998,-0.070120135127739,-0.14502943052186731
oscillatory__test__017,joint_0,one_step_governed_pva_direct,2.24,2.25,-0.06875813364366676,-0.14277283303816993
oscillatory__test__017,joint_0,one_step_governed_pva_direct,2.25,2.26,-0.06724828947693698,-0.1402700476252281
oscillatory__test__017,joint_0,one_step_governed_pva_direct,2.2600000000000002,2.27,-0.06559443741059835,-0.1375263437098088
oscillatory__test__017,joint_0,one_step_governed_pva_direct,2.27,2.28,-0.06380079141932607,-0.1345474992532067
oscillatory__test__017,joint_0,one_step_governed_pva_direct,2.2800000000000002,2.29,-0.061871933302373804,-0.1313397871302325
oscillatory__test__017,joint_0,one_step_governed_pva_direct,2.29,2.3,-0.05981280031956552,-0.1279099603397696
oscillatory__test__017,joint_0,one_step_governed_pva_direct,2.3000000000000003,2.31,-0.05762867186391784,-0.12426523608401917
oscillatory__test__017,joint_0,one_step_governed_pva_direct,2.31,2.32,-0.05532515520711064,-0.12041327875640662
oscillatory__test__017,joint_0,one_step_governed_pva_direct,2.32,2.3299999999999996,-0.052908170356539615,-0.11636218188086966
oscillatory__test__017,joint_0,one_step_governed_pva_direct,2.33,2.34,-0.05038393406510729,-0.11212044904788691
oscillatory__test__017,joint_0,one_step_governed_pva_direct,2.34,2.3499999999999996,-0.047758943037209636,-0.10769697389512385
oscillatory__test__017,joint_0,one_step_governed_pva_direct,2.35,2.36,-0.04503995637656268,-0.10310101918296773
oscillatory__test__017,joint_0,one_step_governed_pva_direct,2.36,2.3699999999999997,-0.0422339773235799,-0.0983421950174858
oscillatory__test__017,joint_0,one_step_governed_pva_direct,2.37,2.38,-0.03934823433193723,-0.09343043627546821
oscillatory__test__017,joint_0,one_step_governed_pva_direct,2.38,2.3899999999999997,-0.03639016153576824,-0.08837597928820005
oscillatory__test__017,joint_0,one_step_governed_pva_direct,2.39,2.4,-0.03336737866058162,-0.08318933784244402
oscillatory__test__017,joint_0,one_step_governed_pva_direct,2.4,2.4099999999999997,-0.03028767043251506,-0.07788127855879856
oscillatory__test__017,joint_0,one_step_governed_pva_direct,2.41,2.42,-0.027158965541895445,-0.07246279570912394
oscillatory__test__017,joint_0,one_step_governed_pva_direct,2.42,2.4299999999999997,-0.023989315218297322,-0.06694508553609467
oscillatory__test__017,joint_0,one_step_governed_pva_direct,2.43,2.44,-0.02078687147533893,-0.06133952013913967
oscillatory__test__017,joint_0,one_step_governed_pva_direct,2.44,2.4499999999999997,-0.017559865084363538,-0.05565762099206615
oscillatory__test__017,joint_0,one_step_governed_pva_direct,2.45,2.46,-0.01431658333688125,-0.049911032158528774
oscillatory__test__017,joint_0,one_step_governed_pva_direct,2.46,2.4699999999999998,-0.011065347656231838,-0.04411149327219831
oscillatory__test__017,joint_0,one_step_governed_pva_direct,2.47,2.48,-0.00781449111932845,-0.038270812349003695
oscillatory__test__017,joint_0,one_step_governed_pva_direct,2.48,2.4899999999999998,-0.004572335949597583,-0.032400838499165495
oscillatory__test__017,joint_0,one_step_governed_pva_direct,2.49,2.5,-0.0013471710422986842,-0.02651343460690673
oscillatory__test__017,joint_0,one_step_governed_pva_direct,2.5,2.51,0.0018527704166710942,-0.020620450045720086
oscillatory__test__017,joint_0,one_step_governed_pva_direct,2.5100000000000002,2.52,0.00501933317764619,-0.014733693496886
oscillatory__test__017,joint_0,one_step_governed_pva_direct,2.52,2.53,0.008144461939304655,-0.008864905938576719
oscillatory__test__017,joint_0,one_step_governed_pva_direct,2.5300000000000002,2.54,0.011220223086185815,-0.0030257338723480316
oscillatory__test__017,joint_0,one_step_governed_pva_direct,2.54,2.55,0.014238826092514348,0.0027722971468861547
oscillatory__test__017,joint_0,one_step_governed_pva_direct,2.5500000000000003,2.56,0.017192644534147747,0.00851780861217892
stationary_endpoint__test__006,joint_0,one_step_governed_pva_direct,0.0,0.01,0.0,0.0
stationary_endpoint__test__006,joint_0,one_step_governed_pva_direct,0.01,0.02,6.68548626477739e-07,2.597969506080165e-10
stationary_endpoint__test__006,joint_0,one_step_governed_pva_direct,0.02,0.03,5.328404748167287e-06,6.685708942057281e-07
stationary_endpoint__test__006,joint_0,one_step_governed_pva_direct,0.03,0.04,1.791626932300072e-05,5.986590291005102e-06
stationary_endpoint__test__006,joint_0,one_step_governed_pva_direct,0.04,0.05,4.230959162004663e-05,2.252380267446985e-05
stationary_endpoint__test__006,joint_0,one_step_governed_pva_direct,0.05,0.060000000000000005,8.23268657341238e-05,5.480355978151878e-05
stationary_endpoint__test__006,joint_0,one_step_governed_pva_direct,0.06,0.06999999999999999,0.00014172792710041472,0.00010660250105385979
stationary_endpoint__test__006,joint_0,one_step_governed_pva_direct,0.07,0.08,0.00022421424900907956,0.00018163162369560945
stationary_endpoint__test__006,joint_0,one_step_governed_pva_direct,0.08,0.09,0.0003334292391198691,0.0002835436679295584
stationary_endpoint__test__006,joint_0,one_step_governed_pva_direct,0.09,0.09999999999999999,0.0004729585359767393,0.00041593339013129506
stationary_endpoint__test__006,joint_0,one_step_governed_pva_direct,0.1,0.11,0.0006463303055224644,0.0005823378472903066
stationary_endpoint__test__006,joint_0,one_step_governed_pva_direct,0.11,0.12,0.0008570155376132501,0.0007862366819052202
stationary_endpoint__test__006,joint_0,one_step_governed_pva_direct,0.12,0.13,0.0011084283425333483,0.001031052407208117
stationary_endpoint__test__006,joint_0,one_step_governed_pva_direct,0.13,0.14,0.0014039262475096705,0.0013201506927328131
stationary_endpoint__test__006,joint_0,one_step_governed_pva_direct,0.14,0.15000000000000002,0.0017468104932264,0.0016568406502413479
stationary_endpoint__test__006,joint_0,one_step_governed_pva_direct,0.15,0.16,0.002140326330339606,0.002044375120022431
stationary_endpoint__test__006,joint_0,one_step_governed_pva_direct,0.16,0.17,0.0025876633159918616,0.0024859509575750898
stationary_endpoint__test__006,joint_0,one_step_governed_pva_direct,0.17,0.18000000000000002,0.0030919556103268502,0.002984709320690224
stationary_endpoint__test__006,joint_0,one_step_governed_pva_direct,0.18,0.19,0.003656282273003982,0.0035437359569422465
stationary_endpoint__test__006,joint_0,one_step_governed_pva_direct,0.19,0.2,0.004283667559713013,0.004166061491602417
stationary_endpoint__test__006,joint_0,one_step_governed_pva_direct,0.2,0.21000000000000002,0.004977081218688649,0.00485466171598491
stationary_endpoint__test__006,joint_0,one_step_governed_pva_direct,0.21,0.22,0.005739438787225162,0.005612457876236066
stationary_endpoint__test__006,joint_0,one_step_governed_pva_direct,0.22,0.23,0.006573601888191017,0.006442316962576675
stationary_endpoint__test__006,joint_0,one_step_governed_pva_direct,0.23,0.24000000000000002,0.007482378526543466,0.007347051999006542
stationary_endpoint__test__006,joint_0,one_step_governed_pva_direct,0.24,0.25,0.008468523385843167,0.008329422333479927
stationary_endpoint__test__006,joint_0,one_step_governed_pva_direct,0.25,0.26,0.009534738124768809,0.009392133928559834
stationary_endpoint__test__006,joint_0,one_step_governed_pva_direct,0.26,0.27,0.010683671673631717,0.010537839652558502
stationary_endpoint__test__006,joint_0,one_step_governed_pva_direct,0.27,0.28,0.011917920530890467,0.01176913957117078
stationary_endpoint__test__006,joint_0,one_step_governed_pva_direct,0.28,0.29000000000000004,0.013240029059665478,0.013088581239606312
stationary_endpoint__test__006,joint_0,one_step_governed_pva_direct,0.29,0.3,0.014652489784253675,0.014498659995225987
stationary_endpoint__test__006,joint_0,one_step_governed_pva_direct,0.3,0.31,0.01615774368664306,0.016001819250687273
stationary_endpoint__test__006,joint_0,one_step_governed_pva_direct,0.31,0.32,0.017758180503027354,0.017600450787602383
stationary_endpoint__test__006,joint_0,one_step_governed_pva_direct,0.32,0.33,0.019456139020320572,0.019296895050712592
stationary_endpoint__test__006,joint_0,one_step_governed_pva_direct,0.33,0.34,0.021253907372671684,0.021093441442581323
stationary_endpoint__test__006,joint_0,one_step_governed_pva_direct,0.34,0.35000000000000003,0.02315372333797918,0.022992328618807883
stationary_endpoint__test__006,joint_0,one_step_governed_pva_direct,0.35000000000000003,0.36000000000000004,0.025157774634405747,0.024995744783763083
stationary_endpoint__test__006,joint_0,one_step_governed_pva_direct,0.36,0.37,0.027268199216892785,0.02710582798684726
stationary_endpoint__test__006,joint_0,one_step_governed_pva_direct,0.37,0.38,0.029487085573675163,0.02932466641927049
stationary_endpoint__test__006,joint_0,one_step_governed_pva_direct,0.38,0.39,0.03181647302279567,0.03165429871135414
stationary_endpoint__test__006,joint_0,one_step_governed_pva_direct,0.39,0.4,0.034258352008619784,0.034096714230352196
stationary_endpoint__test__006,joint_0,one_step_governed_pva_direct,0.4,0.41000000000000003,0.03681466439835013,0.03665385337879011
stationary_endpoint__test__006,joint_0,one_step_governed_pva_direct,0.41000000000000003,0.42000000000000004,0.03948730377854124,0.039327607893318156
stationary_endpoint__test__006,joint_0,one_step_governed_pva_direct,0.42,0.43,0.04227811575161403,0.04211982114407575
stationary_endpoint__test__006,joint_0,one_step_governed_pva_direct,0.43,0.44,0.04518889823237059,0.04503228843456243
stationary_endpoint__test__006,joint_0,one_step_governed_pva_direct,0.44,0.45,0.048221401744508625,0.0480667573020104
stationary_endpoint__test__006,joint_0,one_step_governed_pva_direct,0.45,0.46,0.05137732971713612,0.051224927818253135
stationary_endpoint__test__006,joint_0,one_step_governed_pva_direct,0.46,0.47000000000000003,0.054658338781285974,0.05450845289108363
stationary_endpoint__test__006,joint_0,one_step_governed_pva_direct,0.47000000000000003,0.48000000000000004,0.05806603906643068,0.05791893856609545
stationary_endpoint__test__006,joint_0,one_step_governed_pva_direct,0.48,0.49,0.06160199449699674,0.061457944328999065
stationary_endpoint__test__006,joint_0,one_step_governed_pva_direct,0.49,0.5,0.06526772308887957,0.06512698340840489
stationary_endpoint__test__006,joint_0,one_step_governed_pva_direct,0.5,0.51,0.06906469724595778,0.06892752307906479
stationary_endpoint__test__006,joint_0,one_step_governed_pva_direct,0.51,0.52,0.07299434405660811,0.07286098496556208
stationary_endpoint__test__006,joint_0,one_step_governed_pva_direct,0.52,0.53,0.07705804559021977,0.07692874534644051
stationary_endpoint__test__006,joint_0,one_step_governed_pva_direct,0.53,0.54,0.08125713919370918,0.08113213545876102
stationary_endpoint__test__006,joint_0,one_step_governed_pva_direct,0.54,0.55,0.08559291778803477,0.08547244180307592
stationary_endpoint__test__006,joint_0,one_step_governed_pva_direct,0.55,0.56,0.09006663016471111,0.0899509064488082
stationary_endpoint__test__006,joint_0,one_step_governed_pva_direct,0.56,0.5700000000000001,0.09467948128232402,0.09456872734002374
stationary_endpoint__test__006,joint_0,one_step_governed_pva_direct,0.5700000000000001,0.5800000000000001,0.09943263256304488,0.09932705860158417
stationary_endpoint__test__006,joint_0,one_step_governed_pva_direct,0.58,0.59,0.10432720218914542,0.10422701084566692
stationary_endpoint__test__006,joint_0,one_step_governed_pva_direct,0.59,0.6,0.10936426539951222,0.10926965147863854
stationary_endpoint__test__006,joint_0,one_step_governed_pva_direct,0.6,0.61,0.1145448547861613,0.11445600500826715
stationary_endpoint__test__006,joint_0,one_step_governed_pva_direct,0.61,0.62,0.11986996059075299,0.11978705335126004
stationary_endpoint__test__006,joint_0,one_step_governed_pva_direct,0.62,0.63,0.1253405310011061,0.1252637361411108
stationary_endpoint__test__006,joint_0,one_step_governed_pva_direct,0.63,0.64,0.13095747244771286,0.13088695103624046
stationary_endpoint__test__006,joint_0,one_step_governed_pva_direct,0.64,0.65,0.13672164990025354,0.13665755402841728
stationary_endpoint__test__006,joint_0,one_step_governed_pva_direct,0.65,0.66,0.14263388716411093,0.1425763597514394
stationary_endpoint__test__006,joint_0,one_step_governed_pva_direct,0.66,0.67,0.1486949671768851,0.14864414179006258
stationary_endpoint__test__006,joint_0,one_step_governed_pva_direct,0.67,0.68,0.1549056323049076,0.1548616329891575
stationary_endpoint__test__006,joint_0,one_step_governed_pva_direct,0.68,0.6900000000000001,0.16126658463975663,0.16122952576307878
stationary_endpoint__test__006,joint_0,one_step_governed_pva_direct,0.6900000000000001,0.7000000000000001,0.16777848629477152,0.16774847240522914
stationary_endpoint__test__006,joint_0,one_step_governed_pva_direct,0.7000000000000001,0.7100000000000001,0.1744419597015671,0.1744190853978007
stationary_endpoint__test__006,joint_0,one_step_governed_pva_direct,0.71,0.72,0.1812575879065482,0.18124193772167477
stationary_endpoint__test__006,joint_0,one_step_governed_pva_direct,0.72,0.73,0.18822591486742507,0.18821756316646351
stationary_endpoint__test__006,joint_0,one_step_governed_pva_direct,0.73,0.74,0.19534744574972696,0.1953464566406751
stationary_endpoint__test__006,joint_0,one_step_governed_pva_direct,0.74,0.75,0.20262264722331752,0.20262907448198317
stationary_endpoint__test__006,joint_0,one_step_governed_pva_direct,0.75,0.76,0.2100519477589088,0.21006583476758287
stationary_endpoint__test__006,joint_0,one_step_governed_pva_direct,0.76,0.77,0.21763573792457647,0.21765711762461465
stationary_endpoint__test__006,joint_0,one_step_governed_pva_direct,0.77,0.78,0.22537437068227395,0.2254032655406376
stationary_endpoint__test__006,joint_0,one_step_governed_pva_direct,0.78,0.79,0.23326816168434727,0.23330458367413343
stationary_endpoint__test__006,joint_0,one_step_governed_pva_direct,0.79,0.8,0.24131738957004953,0.2413613401650219
stationary_endpoint__test__006,joint_0,one_step_governed_pva_direct,0.8,0.81,0.24952229626205571,0.24957376644517004
stationary_endpoint__test__006,joint_0,one_step_governed_pva_direct,0.81,0.8200000000000001,0.25788308726297715,0.25794205754887606
stationary_endpoint__test__006,joint_0,one_step_governed_pva_direct,0.8200000000000001,0.8300000000000001,0.2663999319518764,0.2664663724233091
stationary_endpoint__test__006,joint_0,one_step_governed_pva_direct,0.8300000000000001,0.8400000000000001,0.275072963880781,0.2751468342388867
stationary_endpoint__test__006,joint_0,one_step_governed_pva_direct,0.84,0.85,0.28390228107119925,0.28398353069957066
stationary_endpoint__test__006,joint_0,one_step_governed_pva_direct,0.85,0.86,0.29288794631063425,0.29297651435306526
stationary_endpoint__test__006,joint_0,one_step_governed_pva_direct,0.86,0.87,0.30202998744909865,0.30212580290089724
stationary_endpoint__test__006,joint_0,one_step_governed_pva_direct,0.87,0.88,0.3113283976956287,0.31143137950836053
stationary_endpoint__test__006,joint_0,one_step_governed_pva_direct,0.88,0.89,0.32078313591479973,0.32089319311430786
stationary_endpoint__test__006,joint_0,one_step_governed_pva_direct,0.89,0.9,0.3303941269232402,0.3305111587407728
stationary_endpoint__test__006,joint_0,one_step_governed_pva_direct,0.9,0.91,0.3401612617861467,0.3402851578024032
stationary_endpoint__test__006,joint_0,one_step_governed_pva_direct,0.91,0.92,0.350084398113798,0.35021503841568996
stationary_endpoint__test__006,joint_0,one_step_governed_pva_direct,0.92,0.93,0.3601633603580702,0.36030061570797395
stationary_endpoint__test__006,joint_0,one_step_governed_pva_direct,0.93,0.9400000000000001,0.37039794010895116,0.37054167212621547
stationary_endpoint__test__006,joint_0,one_step_governed_pva_direct,0.9400000000000001,0.9500000000000001,0.38078789639105526,0.3809379577455097
stationary_endpoint__test__006,joint_0,one_step_governed_pva_direct,0.9500000000000001,0.9600000000000001,0.3913329559601373,0.3914891905773316
stationary_endpoint__test__006,joint_0,one_step_governed_pva_direct,0.96,0.97,0.4020328135996083,0.402195056877496
stationary_endpoint__test__006,joint_0,one_step_governed_pva_direct,0.97,0.98,0.4128871324170493,0.413055211453818
stationary_endpoint__test__006,joint_0,one_step_governed_pva_direct,0.98,0.99,0.423895544140726,0.4240692779734582
stationary_endpoint__test__006,joint_0,one_step_governed_pva_direct,0.99,1.0,0.4350576494161036,0.43523684926993883
stationary_endpoint__test__006,joint_0,one_step_governed_pva_direct,1.0,1.01,0.4463730181023612,0.4465574876498182
stationary_endpoint__test__006,joint_0,one_step_governed_pva_direct,1.01,1.02,0.45784118956890707,0.45803072519900856
stationary_endpoint__test__006,joint_0,one_step_governed_pva_direct,1.02,1.03,0.4694616729918923,0.4696560640887272
stationary_endpoint__test__006,joint_0,one_step_governed_pva_direct,1.03,1.04,0.4812339476507257,0.4814329768810647
stationary_endpoint__test__006,joint_0,one_step_governed_pva_direct,1.04,1.05,0.4931574632245893,0.49336090683416245
stationary_endpoint__test__006,joint_0,one_step_governed_pva_direct,1.05,1.06,0.5052316400889515,0.5054392682069869
stationary_endpoint__test__006,joint_0,one_step_governed_pva_direct,1.06,1.07,0.5174558696120827,0.5176674465636889
stationary_endpoint__test__006,joint_0,one_step_governed_pva_direct,1.07,1.08,0.5298295144515702,0.5300447990775392
stationary_endpoint__test__006,joint_0,one_step_governed_pva_direct,1.08,1.09,0.5423519088508311,0.5425706548344312
stationary_endpoint__test__006,joint_0,one_step_governed_pva_direct,1.09,1.1,0.5550223589356286,0.5552443151359399
stationary_endpoint__test__006,joint_0,one_step_governed_pva_direct,1.1,1.11,0.5678401430105867,0.5680650538019314
stationary_endpoint__test__006,joint_0,one_step_governed_pva_direct,1.11,1.12,0.5808045118557031,0.5810321174727149
stationary_endpoint__test__006,joint_0,one_step_governed_pva_direct,1.12,1.1300000000000001,0.5939146890228665,0.5941447259107262
stationary_endpoint__test__006,joint_0,one_step_governed_pva_direct,1.1300000000000001,1.1400000000000001,0.6071698711323675,0.6074020723017425
stationary_endpoint__test__006,joint_0,one_step_governed_pva_direct,1.1400000000000001,1.1500000000000001,0.620569228169417,0.6208033235556178
stationary_endpoint__test__006,joint_0,one_step_governed_pva_direct,1.1500000000000001,1.1600000000000001,0.6341119037806583,0.6343476206065362
stationary_endpoint__test__006,joint_0,one_step_governed_pva_direct,1.16,1.17,0.647797015570683,0.6480340787127785
stationary_endpoint__test__006,joint_0,one_step_governed_pva_direct,1.17,1.18,0.6616236553985451,0.6618617877559967
stationary_endpoint__test__006,joint_0,one_step_governed_pva_direct,1.18,1.19,0.6755908896742758,0.6758298125399936
stationary_endpoint__test__006,joint_0,one_step_governed_pva_direct,1.19,1.2,0.689697759655397,0.6899371930890087
stationary_endpoint__test__006,joint_0,one_step_governed_pva_direct,1.2,1.21,0.7039432817434389,0.7041829449455009
stationary_endpoint__test__006,joint_0,one_step_governed_pva_direct,1.21,1.22,0.7183264477804508,0.7185660594674363
stationary_endpoint__test__006,joint_0,one_step_governed_pva_direct,1.22,1.23,0.7328462253455185,0.7330855041250717
stationary_endpoint__test__006,joint_0,one_step_governed_pva_direct,1.23,1.24,0.7475015580512773,0.7477402227972381
stationary_endpoint__test__006,joint_0,one_step_governed_pva_direct,1.24,1.25,0.762291365840428,0.7625291360671282
stationary_endpoint__test__006,joint_0,one_step_governed_pva_direct,1.25,1.26,0.7772145452822501,0.7774511415175825
stationary_endpoint__test__006,joint_0,one_step_governed_pva_direct,1.26,1.27,0.792269969869118,0.7925051140258809
stationary_endpoint__test__006,joint_0,one_step_governed_pva_direct,1.27,1.28,0.8074564903130135,0.8076899060580403
stationary_endpoint__test__006,joint_0,one_step_governed_pva_direct,1.28,1.29,0.8227729348420426,0.8230043479626244
stationary_endpoint__test__006,joint_0,one_step_governed_pva_direct,1.29,1.3,0.8382181094969492,0.8384472482640664
stationary_endpoint__test__006,joint_0,one_step_governed_pva_direct,1.3,1.31,0.8537907984276287,0.8540173939555114
stationary_endpoint__test__006,joint_0,one_step_governed_pva_direct,1.31,1.32,0.8694897641896444,0.8697135507911833
stationary_endpoint__test__006,joint_0,one_step_governed_pva_direct,1.32,1.33,0.885313748040741,0.8855344635782827
stationary_endpoint__test__006,joint_0,one_step_governed_pva_direct,1.33,1.34,0.9012614702373594,0.9014788564684222
stationary_endpoint__test__006,joint_0,one_step_governed_pva_direct,1.34,1.35,0.9173316303311518,0.917545433248605
stationary_endpoint__test__006,joint_0,one_step_governed_pva_direct,1.35,1.36,0.9335229074654952,0.9337328776317574
stationary_endpoint__test__006,joint_0,one_step_governed_pva_direct,1.36,1.37,0.9498339606720076,0.9500398535468196
stationary_endpoint__test__006,joint_0,one_step_governed_pva_direct,1.37,1.3800000000000001,0.9662634291670618,0.9664650054284099
stationary_endpoint__test__006,joint_0,one_step_governed_pva_direct,1.3800000000000001,1.3900000000000001,0.9828099326482984,0.9830069585060642
stationary_endpoint__test__006,joint_0,one_step_governed_pva_direct,1.3900000000000001,1.4000000000000001,0.9994720715911438,0.9996643190930665
stationary_endpoint__test__006,joint_0,one_step_governed_pva_direct,1.4000000000000001,1.4100000000000001,1.016248427545322,1.016435674874881
stationary_endpoint__test__006,joint_0,one_step_governed_pva_direct,1.41,1.42,1.03313756343137,1.0333195951971936
stationary_endpoint__test__006,joint_0,one_step_governed_pva_direct,1.42,1.43,1.0501380238371547,1.050314631353576
stationary_endpoint__test__006,joint_0,one_step_governed_pva_direct,1.43,1.44,1.0672483353143822,1.0674193168727866
stationary_endpoint__test__006,joint_0,one_step_governed_pva_direct,1.44,1.45,1.0844670066751187,1.0846321678057154
stationary_endpoint__test__006,joint_0,one_step_governed_pva_direct,1.45,1.46,1.1017925292882995,1.101951683011995
stationary_endpoint__test__006,joint_0,one_step_governed_pva_direct,1.46,1.47,1.1192233773762472,1.1193763444462828
stationary_endpoint__test__006,joint_0,one_step_governed_pva_direct,1.47,1.48,1.1367580083111861,1.136904617444229
stationary_endpoint__test__006,joint_0,one_step_governed_pva_direct,1.48,1.49,1.1543948629117555,1.1545349510081548
stationary_endpoint__test__006,joint_0,one_step_governed_pva_direct,1.49,1.5,1.172132365739524,1.1722657780924397
stationary_endpoint__test__006,joint_0,one_step_governed_pva_direct,1.5,1.51,1.1899689253955055,1.1900955158886444
stationary_endpoint__test__006,joint_0,one_step_governed_pva_direct,1.51,1.52,1.2079029348166734,1.2080225661103845
stationary_endpoint__test__006,joint_0,one_step_governed_pva_direct,1.52,1.53,1.2259327715724753,1.2260453152779642
stationary_endpoint__test__006,joint_0,one_step_governed_pva_direct,1.53,1.54,1.2440567981613468,1.2441621350027912
stationary_endpoint__test__006,joint_0,one_step_governed_pva_direct,1.54,1.55,1.2622733623072266,1.262371382271587
stationary_endpoint__test__006,joint_0,one_step_governed_pva_direct,1.55,1.56,1.2805807972560719,1.2806713997304098
stationary_endpoint__test__006,joint_0,one_step_governed_pva_direct,1.56,1.57,1.2989774220723715,1.2990605159685094
stationary_endpoint__test__006,joint_0,one_step_governed_pva_direct,1.57,1.58,1.3174615419356615,1.3175370458020252
stationary_endpoint__test__006,joint_0,one_step_governed_pva_direct,1.58,1.59,1.3360314484370406,1.3360992905575497
stationary_endpoint__test__006,joint_0,one_step_governed_pva_direct,1.59,1.6,1.354685419875682,1.354745538355574
stationary_endpoint__test__006,joint_0,one_step_governed_pva_direct,1.6,1.61,1.3734217215553512,1.3734740643938295
stationary_endpoint__test__006,joint_0,one_step_governed_pva_direct,1.61,1.62,1.3922386060809182,1.392283131230548
stationary_endpoint__test__006,joint_0,one_step_governed_pva_direct,1.62,1.6300000000000001,1.411134313654874,1.4111709890676563
stationary_endpoint__test__006,joint_0,one_step_governed_pva_direct,1.6300000000000001,1.6400000000000001,1.4301070723738443,1.430135876033921
stationary_endpoint__test__006,joint_0,one_step_governed_pva_direct,1.6400000000000001,1.6500000000000001,1.4491550985251025,1.4491760184680644
stationary_endpoint__test__006,joint_0,one_step_governed_pva_direct,1.6500000000000001,1.6600000000000001,1.4682765968830869,1.4682896312018663
stationary_endpoint__test__006,joint_0,one_step_governed_pva_direct,1.6600000000000001,1.6700000000000002,1.4874697610059158,1.487474917843273
stationary_endpoint__test__006,joint_0,one_step_governed_pva_direct,1.67,1.68,1.5067327735318983,1.5067300710595322
stationary_endpoint__test__006,joint_0,one_step_governed_pva_direct,1.68,1.69,1.526063806476053,1.5260532728603622
stationary_endpoint__test__006,joint_0,one_step_governed_pva_direct,1.69,1.7,1.5454610215266207,1.5454426948811857
stationary_endpoint__test__006,joint_0,one_step_governed_pva_direct,1.7,1.71,1.564922570341577,1.5648964986664389
stationary_endpoint__test__006,joint_0,one_step_governed_pva_direct,1.71,1.72,1.5844465948451536,1.5844128359529732
stationary_endpoint__test__006,joint_0,one_step_governed_pva_direct,1.72,1.73,1.6040312275243431,1.6039898489535727
stationary_endpoint__test__006,joint_0,one_step_governed_pva_direct,1.73,1.74,1.6236745917254232,1.6236256706405927
stationary_endpoint__test__006,joint_0,one_step_governed_pva_direct,1.74,1.75,1.6433748019504644,1.6433184250297506
stationary_endpoint__test__006,joint_0,one_step_governed_pva_direct,1.75,1.76,1.6631299641538488,1.6630662274640786
stationary_endpoint__test__006,joint_0,one_step_governed_pva_direct,1.76,1.77,1.6829381760387825,1.6828671848980519
stationary_endpoint__test__006,joint_0,one_step_governed_pva_direct,1.77,1.78,1.702797527353811,1.7027193961819154
stationary_endpoint__test__006,joint_0,one_step_governed_pva_direct,1.78,1.79,1.7227061001893338,1.7226209523462206
stationary_endpoint__test__006,joint_0,one_step_governed_pva_direct,1.79,1.8,1.742661969274118,1.7425699368865901
stationary_endpoint__test__006,joint_0,one_step_governed_pva_direct,1.8,1.81,1.7626632022718167,1.7625644260487245
stationary_endpoint__test__006,joint_0,one_step_governed_pva_direct,1.81,1.82,1.7827078600774766,1.782602489113669
stationary_endpoint__test__006,joint_0,one_step_governed_pva_direct,1.82,1.83,1.8027939971140605,1.8026821886833475
stationary_endpoint__test__006,joint_0,one_step_governed_pva_direct,1.83,1.84,1.8229196616289565,1.8228015809663891
stationary_endpoint__test__006,joint_0,one_step_governed_pva_direct,1.84,1.85,1.843082895990493,1.8429587160642529
stationary_endpoint__test__006,joint_0,one_step_governed_pva_direct,1.85,1.86,1.863281736984457,1.8631516382576643
stationary_endpoint__test__006,joint_0,one_step_governed_pva_direct,1.86,1.87,1.8835142161106053,1.8833783862933848
stationary_endpoint__test__006,joint_0,one_step_governed_pva_direct,1.87,1.8800000000000001,1.9037783598791804,1.903636993671319
stationary_endpoint__test__006,joint_0,one_step_governed_pva_direct,1.8800000000000001,1.8900000000000001,1.924072190107424,1.9239254889319712
stationary_endpoint__test__006,joint_0,one_step_governed_pva_direct,1.8900000000000001,1.9000000000000001,1.9443937242160927,1.9442418959442676
stationary_endpoint__test__006,joint_0,one_step_governed_pva_direct,1.9000000000000001,1.9100000000000001,1.964740975525974,1.9645842341937574
stationary_endpoint__test__006,joint_0,one_step_governed_pva_direct,1.9100000000000001,1.9200000000000002,1.985111953554397,1.984950519071197
stationary_endpoint__test__006,joint_0,one_step_governed_pva_direct,1.92,1.93,2.0055046643117502,2.0053387621615273
stationary_endpoint__test__006,joint_0,one_step_governed_pva_direct,1.93,1.94,2.0259171105979967,2.0257469715332603
stationary_endpoint__test__006,joint_0,one_step_governed_pva_direct,1.94,1.95,2.0463472922991843,2.0461731520282824
stationary_endpoint__test__006,joint_0,one_step_governed_pva_direct,1.95,1.96,2.066793206683966,2.066615305552075
stationary_endpoint__test__006,joint_0,one_step_governed_pva_direct,1.96,1.97,2.08725284870011,2.087071431364372
stationary_endpoint__test__006,joint_0,one_step_governed_pva_direct,1.97,1.98,2.107724211271016,2.107539526370255
stationary_endpoint__test__006,joint_0,one_step_governed_pva_direct,1.98,1.99,2.1282052855922315,2.128017585411689
stationary_endpoint__test__006,joint_0,one_step_governed_pva_direct,1.99,2.0,2.148694061427964,2.148503601559519
stationary_endpoint__test__006,joint_0,one_step_governed_pva_direct,2.0,2.01,2.169188527407594,2.1689955664059126
stationary_endpoint__test__006,joint_0,one_step_governed_pva_direct,2.0100000000000002,2.02,2.189686671322198,2.189491470357274
stationary_endpoint__test__006,joint_0,one_step_governed_pva_direct,2.02,2.03,2.2101864804210503,2.2099893029276223
stationary_endpoint__test__006,joint_0,one_step_governed_pva_direct,2.0300000000000002,2.04,2.230685941708149,2.230487053032437
stationary_endpoint__test__006,joint_0,one_step_governed_pva_direct,2.04,2.05,2.2511830422387225,2.2509827092829777
stationary_endpoint__test__006,joint_0,one_step_governed_pva_direct,2.05,2.0599999999999996,2.2716757694157512,2.271474260281082
stationary_endpoint__test__006,joint_0,one_step_governed_pva_direct,2.06,2.07,2.292162111286478,2.2919596949144427
stationary_endpoint__test__006,joint_0,one_step_governed_pva_direct,2.07,2.0799999999999996,2.3126400568389234,2.3124370026523575
stationary_endpoint__test__006,joint_0,one_step_governed_pva_direct,2.08,2.09,2.3331075962983965,2.3329041738419614
stationary_endpoint__test__006,joint_0,one_step_governed_pva_direct,2.09,2.0999999999999996,2.353562721424017,2.3533592000049355
stationary_endpoint__test__006,joint_0,one_step_governed_pva_direct,2.1,2.11,2.3740034258052267,2.3738000741347016
stationary_endpoint__test__006,joint_0,one_step_governed_pva_direct,2.11,2.1199999999999997,2.3944277051583014,2.3942247909940915
stationary_endpoint__test__006,joint_0,one_step_governed_pva_direct,2.12,2.13,2.4148335576228694,2.414631347413482
stationary_endpoint__test__006,joint_0,one_step_governed_pva_direct,2.13,2.1399999999999997,2.435218984058425,2.435017742589414
stationary_endpoint__test__006,joint_0,one_step_governed_pva_direct,2.14,2.15,2.4555819883408376,2.4553819783836754
stationary_endpoint__test__006,joint_0,one_step_governed_pva_direct,2.15,2.1599999999999997,2.4759205776588753,2.4757220596228455
stationary_endpoint__test__006,joint_0,one_step_governed_pva_direct,2.16,2.17,2.4962327628107173,2.4960359943983117
stationary_endpoint__test__006,joint_0,one_step_governed_pva_direct,2.17,2.1799999999999997,2.5165165585004616,2.516321794366735
stationary_endpoint__test__006,joint_0,one_step_governed_pva_direct,2.18,2.19,2.536769983634648,2.5365774750509607
stationary_endpoint__test__006,joint_0,one_step_governed_pva_direct,2.19,2.1999999999999997,2.5569910616187697,2.556801056141376
stationary_endpoint__test__006,joint_0,one_step_governed_pva_direct,2.2,2.21,2.577177820653786,2.576990561797715
stationary_endpoint__test__006,joint_0,one_step_governed_pva_direct,2.21,2.2199999999999998,2.597328294032637,2.597144020951273
stationary_endpoint__test__006,joint_0,one_step_governed_pva_direct,2.22,2.23,2.6174405204367637,2.6172594676075556
stationary_endpoint__test__006,joint_0,one_step_governed_pva_direct,2.23,2.2399999999999998,2.6375125442326164,2.6373349411493425
stationary_endpoint__test__006,joint_0,one_step_governed_pva_direct,2.24,2.25,2.6575424157681713,2.6573684866401472
stationary_endpoint__test__006,joint_0,one_step_governed_pva_direct,2.25,2.26,2.6775281916694467,2.6773581551280694
stationary_endpoint__test__006,joint_0,one_step_governed_pva_direct,2.2600000000000002,2.27,2.697467935137013,2.697302003950038
stationary_endpoint__test__006,joint_0,one_step_governed_pva_direct,2.27,2.28,2.717359716242514,2.717198097036422
stationary_endpoint__test__006,joint_0,one_step_governed_pva_direct,2.2800000000000002,2.29,2.7372016122251783,2.7370445052160055
stationary_endpoint__test__006,joint_0,one_step_governed_pva_direct,2.29,2.3,2.7569917077883326,2.7568393065213197
stationary_endpoint__test__006,joint_0,one_step_governed_pva_direct,2.3000000000000003,2.31,2.776728095395914,2.7765805864942927
stationary_endpoint__test__006,joint_0,one_step_governed_pva_direct,2.31,2.32,2.796408875568993,2.796266438492242
stationary_endpoint__test__006,joint_0,one_step_governed_pva_direct,2.32,2.3299999999999996,2.8160321571822844,2.8158949639941824
stationary_endpoint__test__006,joint_0,one_step_governed_pva_direct,2.33,2.34,2.8355960577606534,2.8354642729074224
stationary_endpoint__test__006,joint_0,one_step_governed_pva_direct,2.34,2.3499999999999996,2.8550987037756435,2.8549724838744432
stationary_endpoint__test__006,joint_0,one_step_governed_pva_direct,2.35,2.36,2.874538230941985,2.874417724580064
stationary_endpoint__test__006,joint_0,one_step_governed_pva_direct,2.36,2.3699999999999997,2.893912784514104,2.893798132058858
stationary_endpoint__test__006,joint_0,one_step_governed_pva_direct,2.37,2.38,2.9132205195826493,2.913111853002798
stationary_endpoint__test__006,joint_0,one_step_governed_pva_direct,2.38,2.3899999999999997,2.932459601370996,2.9323570440691475
stationary_endpoint__test__006,joint_0,one_step_governed_pva_direct,2.39,2.4,2.95162820553177,2.951531872188558
stationary_endpoint__test__006,joint_0,one_step_governed_pva_direct,2.4,2.4099999999999997,2.9707245184433506,2.9706345148733564
stationary_endpoint__test__006,joint_0,one_step_governed_pva_direct,2.41,2.42,2.989746737506397,2.989663160526014
stationary_endpoint__test__006,joint_0,one_step_governed_pva_direct,2.42,2.4299999999999997,3.0086930714403524,3.008616008747787
stationary_endpoint__test__006,joint_0,one_step_governed_pva_direct,2.43,2.44,3.0275617405799693,3.0274912706474963
stationary_endpoint__test__006,joint_0,one_step_governed_pva_direct,2.44,2.4499999999999997,3.0463509771718114,3.046287169150445
stationary_endpoint__test__006,joint_0,one_step_governed_pva_direct,2.45,2.46,3.0650590256707875,3.0650019393074457
stationary_endpoint__test__006,joint_0,one_step_governed_pva_direct,2.46,2.4699999999999998,3.0836841430366384,3.0836338286039515
stationary_endpoint__test__006,joint_0,one_step_governed_pva_direct,2.47,2.48,3.10222459903048,3.1021810972692556
stationary_endpoint__test__006,joint_0,one_step_governed_pva_direct,2.48,2.4899999999999998,3.1206786765112984,3.1206420185857695
stationary_endpoint__test__006,joint_0,one_step_governed_pva_direct,2.49,2.5,3.1390446717324756,3.1390148791983457
stationary_endpoint__test__006,joint_0,one_step_governed_pva_direct,2.5,2.51,3.1573208946382927,3.157297979423618
stationary_endpoint__test__006,joint_0,one_step_governed_pva_direct,2.5100000000000002,2.52,3.175505669160461,3.1754896335593648
stationary_endpoint__test__006,joint_0,one_step_governed_pva_direct,2.52,2.53,3.1935973335146204,3.193588170193871
stationary_endpoint__test__006,joint_0,one_step_governed_pva_direct,2.5300000000000002,2.54,3.211594240496859,3.2115919325152595
stationary_endpoint__test__006,joint_0,one_step_governed_pva_direct,2.54,2.55,3.2294947577802366,3.2294992786207812
stationary_endpoint__test__006,joint_0,one_step_governed_pva_direct,2.5500000000000003,2.56,3.2472972682112906,3.2473085818260725
stationary_endpoint__test__006,joint_0,one_step_governed_pva_direct,2.56,2.57,3.2650001701065396,3.2650182309743117
stationary_endpoint__test__006,joint_0,one_step_governed_pva_direct,2.57,2.5799999999999996,3.2826018775490358,3.2826266307452943
stationary_endpoint__test__006,joint_0,one_step_governed_pva_direct,2.58,2.59,3.3001008206848277,3.3001322019644226
stationary_endpoint__test__006,joint_0,one_step_governed_pva_direct,2.59,2.5999999999999996,3.317495446019517,3.31753338191154
stationary_endpoint__test__006,joint_0,one_step_governed_pva_direct,2.6,2.61,3.3347842167147568,3.3348286246296452
stationary_endpoint__test__006,joint_0,one_step_governed_pva_direct,2.61,2.6199999999999997,3.351965612884763,3.352016401233466
stationary_endpoint__test__006,joint_0,one_step_governed_pva_direct,2.62,2.63,3.36903813189283,3.369095200217822
stationary_endpoint__test__006,joint_0,one_step_governed_pva_direct,2.63,2.6399999999999997,3.386000288647855,3.3860635277658346
stationary_endpoint__test__006,joint_0,one_step_governed_pva_direct,2.64,2.65,3.402850615900846,3.4029199080569295
stationary_endpoint__test__006,joint_0,one_step_governed_pva_direct,2.65,2.6599999999999997,3.4195876645414303,3.4196628835746163
stationary_endpoint__test__006,joint_0,one_step_governed_pva_direct,2.66,2.67,3.4362100038943786,3.4362910154140316
stationary_endpoint__test__006,joint_0,one_step_governed_pva_direct,2.67,2.6799999999999997,3.452716222016117,3.4528028835892424
stationary_endpoint__test__006,joint_0,one_step_governed_pva_direct,2.68,2.69,3.4691049259912408,3.4691970873402993
stationary_endpoint__test__006,joint_0,one_step_governed_pva_direct,2.69,2.6999999999999997,3.4853747422290224,3.4854722454399956
stationary_endpoint__test__006,joint_0,one_step_governed_pva_direct,2.7,2.71,3.5015243167599457,3.501626996500348
stationary_endpoint__test__006,joint_0,one_step_governed_pva_direct,2.71,2.7199999999999998,3.517552315532194,3.517659999278787
stationary_endpoint__test__006,joint_0,one_step_governed_pva_direct,2.72,2.73,3.533457424708186,3.533569932984015
stationary_endpoint__test__006,joint_0,one_step_governed_pva_direct,2.73,2.7399999999999998,3.54923835096108,3.54935549758155
stationary_endpoint__test__006,joint_0,one_step_governed_pva_direct,2.74,2.75,3.564893821771296,3.5650154140989407
stationary_endpoint__test__006,joint_0,one_step_governed_pva_direct,2.75,2.76,3.5804225857230167,3.5805484249306168
stationary_endpoint__test__006,joint_0,one_step_governed_pva_direct,2.7600000000000002,2.77,3.5958234128007183,3.5959532941423835
stationary_endpoint__test__006,joint_0,one_step_governed_pva_direct,2.77,2.78,3.61109509468567,3.6112288077755563
stationary_endpoint__test__006,joint_0,one_step_governed_pva_direct,2.7800000000000002,2.79,3.6262364450524665,3.626373774150713
stationary_endpoint__test__006,joint_0,one_step_governed_pva_direct,2.79,2.8,3.6412462998655233,3.6413870241710558
stationary_endpoint__test__006,joint_0,one_step_governed_pva_direct,2.8000000000000003,2.81,3.6561235176756077,3.6562674116253757
stationary_endpoint__test__006,joint_0,one_step_governed_pva_direct,2.81,2.82,3.670866979916338,3.6710138134906107
stationary_endpoint__test__006,joint_0,one_step_governed_pva_direct,2.82,2.8299999999999996,3.685475591200711,3.6856251302339937
stationary_endpoint__test__006,joint_0,one_step_governed_pva_direct,2.83,2.84,3.6999482796176184,3.700100286114783
stationary_endpoint__test__006,joint_0,one_step_governed_pva_direct,2.84,2.8499999999999996,3.7142839970283403,3.7144382294855673
stationary_endpoint__test__006,joint_0,one_step_governed_pva_direct,2.85,2.86,3.7284817193630846,3.728637933093122
stationary_endpoint__test__006,joint_0,one_step_governed_pva_direct,2.86,2.8699999999999997,3.7425404469174883,3.742698394378845
stationary_endpoint__test__006,joint_0,one_step_governed_pva_direct,2.87,2.88,3.756459204649137,3.7566186357787563
stationary_endpoint__test__006,joint_0,one_step_governed_pva_direct,2.88,2.8899999999999997,3.7702370424740783,3.7703977050230284
stationary_endpoint__test__006,joint_0,one_step_governed_pva_direct,2.89,2.9,3.78387303556333,3.7840346754350804
stationary_endpoint__test__006,joint_0,one_step_governed_pva_direct,2.9,2.9099999999999997,3.797366284639405,3.7975286462302145
stationary_endpoint__test__006,joint_0,one_step_governed_pva_direct,2.91,2.92,3.810715916272823,3.810878742813801
stationary_endpoint__test__006,joint_0,one_step_governed_pva_direct,2.92,2.9299999999999997,3.823921083178618,3.824084117079007
stationary_endpoint__test__006,joint_0,one_step_governed_pva_direct,2.93,2.94,3.8369809645128643,3.8371439477040563
stationary_endpoint__test__006,joint_0,one_step_governed_pva_direct,2.94,2.9499999999999997,3.849894766169185,3.8500574404490413
stationary_endpoint__test__006,joint_0,one_step_governed_pva_direct,2.95,2.96,3.862661721075265,3.8628238284522727
stationary_endpoint__test__006,joint_0,one_step_governed_pva_direct,2.96,2.9699999999999998,3.8752810894893623,3.875442372526164
stationary_endpoint__test__006,joint_0,one_step_governed_pva_direct,2.97,2.98,3.8877521592968343,3.887912361452662
stationary_endpoint__test__006,joint_0,one_step_governed_pva_direct,2.98,2.9899999999999998,3.9000742463066502,3.9002331122782348
stationary_endpoint__test__006,joint_0,one_step_governed_pva_direct,2.99,3.0,3.91224669454789,3.912403970608401
stationary_endpoint__test__006,joint_0,one_step_governed_pva_direct,3.0,3.01,3.924268876566277,3.924424310901786
stationary_endpoint__test__006,joint_0,one_step_governed_pva_direct,3.0100000000000002,3.02,3.9361401937206897,3.93629353676376
stationary_endpoint__test__006,joint_0,one_step_governed_pva_direct,3.02,3.03,3.9478600764796594,3.9480110812396383
stationary_endpoint__test__006,joint_0,one_step_governed_pva_direct,3.0300000000000002,3.04,3.959427984717916,3.9595764071074133
stationary_endpoint__test__006,joint_0,one_step_governed_pva_direct,3.04,3.05,3.9708434080128674,3.97098900717009
stationary_endpoint__test__006,joint_0,one_step_governed_pva_direct,3.0500000000000003,3.06,3.982105865941141,3.982248404547573
stationary_endpoint__test__006,joint_0,one_step_governed_pva_direct,3.06,3.07,3.9932149083750925,3.9933541529681404
stationary_endpoint__test__006,joint_0,one_step_governed_pva_direct,3.0700000000000003,3.08,4.004170115779309,4.004305837059525
stationary_endpoint__test__006,joint_0,one_step_governed_pva_direct,3.08,3.09,4.014971099507126,4.015103072639552
stationary_endpoint__test__006,joint_0,one_step_governed_pva_direct,3.09,3.0999999999999996,4.025617502097158,4.025745507006409
stationary_endpoint__test__006,joint_0,one_step_governed_pva_direct,3.1,3.11,4.036108997569808,4.036232819228541
stationary_endpoint__test__006,joint_0,one_step_governed_pva_direct,3.11,3.1199999999999997,4.046445291723756,4.046564720434146
stationary_endpoint__test__006,joint_0,one_step_governed_pva_direct,3.12,3.13,4.056626122432509,4.0567409541002855
stationary_endpoint__test__006,joint_0,one_step_governed_pva_direct,3.13,3.1399999999999997,4.0666512599409,4.06676129634168
stationary_endpoint__test__006,joint_0,one_step_governed_pva_direct,3.14,3.15,4.0765205071615975,4.076625556199137
stationary_endpoint__test__006,joint_0,one_step_governed_pva_direct,3.15,3.1599999999999997,4.086233699971631,4.086333575927634
stationary_endpoint__test__006,joint_0,one_step_governed_pva_direct,3.16,3.17,4.0957907075089,4.095885231284088
stationary_endpoint__test__006,joint_0,one_step_governed_pva_direct,3.17,3.1799999999999997,4.105191432468685,4.105280431814813
stationary_endpoint__test__006,joint_0,one_step_governed_pva_direct,3.18,3.19,4.114435811400174,4.1145191211426715
stationary_endpoint__test__006,joint_0,one_step_governed_pva_direct,3.19,3.1999999999999997,4.12352381500296,4.123601277253945
stationary_endpoint__test__006,joint_0,one_step_governed_pva_direct,3.2,3.21,4.132455448423569,4.132526912784924
stationary_endpoint__test__006,joint_0,one_step_governed_pva_direct,3.21,3.2199999999999998,4.141230751551977,4.141296075308238
stationary_endpoint__test__006,joint_0,one_step_governed_pva_direct,3.22,3.23,4.149849799318109,4.149908847618959
stationary_endpoint__test__006,joint_0,one_step_governed_pva_direct,3.23,3.2399999999999998,4.158312701988369,4.158365348020427
stationary_endpoint__test__006,joint_0,one_step_governed_pva_direct,3.24,3.25,4.166619605462143,4.1666657306099
stationary_endpoint__test__006,joint_0,one_step_governed_pva_direct,3.25,3.26,4.1747706915683205,4.174810185563987
stationary_endpoint__test__006,joint_0,one_step_governed_pva_direct,3.2600000000000002,3.27,4.182766178361825,4.1827989394238845
stationary_endpoint__test__006,joint_0,one_step_governed_pva_direct,3.27,3.28,4.190606320420069,4.190632255380462
stationary_endpoint__test__006,joint_0,one_step_governed_pva_direct,3.2800000000000002,3.29,4.198291409139565,4.198310433559137
stationary_endpoint__test__006,joint_0,one_step_governed_pva_direct,3.29,3.3,4.205821773032337,4.205833811304682
stationary_endpoint__test__006,joint_0,one_step_governed_pva_direct,3.3000000000000003,3.31,4.213197778022519,4.2132027634658495
stationary_endpoint__test__006,joint_0,one_step_governed_pva_direct,3.31,3.32,4.220419827742818,4.2204177026798995
stationary_endpoint__test__006,joint_0,one_step_governed_pva_direct,3.3200000000000003,3.33,4.22748836383105,4.227479079657057
stationary_endpoint__test__006,joint_0,one_step_governed_pva_direct,3.33,3.34,4.234403866226649,4.234387383464842
stationary_endpoint__test__006,joint_0,one_step_governed_pva_direct,3.34,3.3499999999999996,4.241166853467182,4.241143141812391
stationary_endpoint__test__006,joint_0,one_step_governed_pva_direct,3.35,3.36,4.247777882984865,4.247746921334697
stationary_endpoint__test__006,joint_0,one_step_governed_pva_direct,3.36,3.3699999999999997,4.2542375514030795,4.254199327876833
stationary_endpoint__test__006,joint_0,one_step_governed_pva_direct,3.37,3.38,4.260546494832878,4.260501006778166
stationary_endpoint__test__006,joint_0,one_step_governed_pva_direct,3.38,3.3899999999999997,4.266705389169515,4.266652643156558
stationary_endpoint__test__006,joint_0,one_step_governed_pva_direct,3.39,3.4,4.272714950388942,4.27265496219261
stationary_endpoint__test__006,joint_0,one_step_governed_pva_direct,3.4,3.4099999999999997,4.278575934844329,4.2785087294139235
stationary_endpoint__test__006,joint_0,one_step_governed_pva_direct,3.41,3.42,4.284289139562601,4.2842147509794195
stationary_endpoint__test__006,joint_0,one_step_governed_pva_direct,3.42,3.4299999999999997,4.289855402540917,4.289773873963746
stationary_endpoint__test__006,joint_0,one_step_governed_pva_direct,3.43,3.44,4.295275603043202,4.295186986641737
stationary_endpoint__test__006,joint_0,one_step_governed_pva_direct,3.44,3.4499999999999997,4.300550661896664,4.300455018772976
stationary_endpoint__test__006,joint_0,one_step_governed_pva_direct,3.45,3.46,4.305681541788311,4.305578941886509
stationary_endpoint__test__006,joint_0,one_step_governed_pva_direct,3.46,3.4699999999999998,4.3106692475614485,4.3105597695656686
stationary_endpoint__test__006,joint_0,one_step_governed_pva_direct,3.47,3.48,4.315514826512215,4.315398557733031
stationary_endpoint__test__006,joint_0,one_step_governed_pva_direct,3.48,3.4899999999999998,4.320219368686074,4.320096404935558
stationary_endpoint__test__006,joint_0,one_step_governed_pva_direct,3.49,3.5,4.324784007174371,4.3246544526299076
stationary_endpoint__test__006,joint_0,one_step_governed_pva_direct,3.5,3.51,4.329209918410783,4.329073885467954
stationary_endpoint__test__006,joint_0,one_step_governed_pva_direct,3.5100000000000002,3.52,4.333498322467894,4.333355931582476
stationary_endpoint__test__006,joint_0,one_step_governed_pva_direct,3.52,3.53,4.337650483353671,4.3375018628730935
stationary_endpoint__test__006,joint_0,one_step_governed_pva_direct,3.5300000000000002,3.54,4.341667709308,4.341512995292454
stationary_endpoint__test__006,joint_0,one_step_governed_pva_direct,3.54,3.55,4.345551353099189,4.345390689132633
stationary_endpoint__test__006,joint_0,one_step_governed_pva_direct,3.5500000000000003,3.56,4.349302812320495,4.349136349311823
stationary_endpoint__test__006,joint_0,one_step_governed_pva_direct,3.56,3.57,4.352923529686616,4.352751425661284
stationary_endpoint__test__006,joint_0,one_step_governed_pva_direct,3.5700000000000003,3.58,4.356414993330219,4.3562374132125745
stationary_endpoint__test__006,joint_0,one_step_governed_pva_direct,3.58,3.59,4.359778737098484,4.359595852485099
stationary_endpoint__test__006,joint_0,one_step_governed_pva_direct,3.59,3.5999999999999996,4.3630163408495575,4.362828329773983
stationary_endpoint__test__006,joint_0,one_step_governed_pva_direct,3.6,3.61,4.366129430749109,4.365936477438209
stationary_endpoint__test__006,joint_0,one_step_governed_pva_direct,3.61,3.6199999999999997,4.3691196795668406,4.368921974189123
stationary_endpoint__test__006,joint_0,one_step_governed_pva_direct,3.62,3.63,4.3719888069729915,4.37178654537932
stationary_endpoint__test__006,joint_0,one_step_governed_pva_direct,3.63,3.6399999999999997,4.374738579834878,4.374531963291819
stationary_endpoint__test__006,joint_0,one_step_governed_pva_direct,3.64,3.65,4.377370812513353,4.377160047429646
stationary_endpoint__test__006,joint_0,one_step_governed_pva_direct,3.65,3.6599999999999997,4.379887367159392,4.379672664805742
stationary_endpoint__test__006,joint_0,one_step_governed_pva_direct,3.66,3.67,4.3822901540105335,4.382071730233303
stationary_endpoint__test__006,joint_0,one_step_governed_pva_direct,3.67,3.6799999999999997,4.384581131687476,4.384359206616477
stationary_endpoint__test__006,joint_0,one_step_governed_pva_direct,3.68,3.69,4.386762307490518,4.386537105241473
stationary_endpoint__test__006,joint_0,one_step_governed_pva_direct,3.69,3.6999999999999997,4.3888357376961045,4.388607486068058
stationary_endpoint__test__006,joint_0,one_step_governed_pva_direct,3.7,3.71,4.390803527853355,4.390572458021439
stationary_endpoint__test__006,joint_0,one_step_governed_pva_direct,3.71,3.7199999999999998,4.392667833080554,4.39243417928463
stationary_endpoint__test__006,joint_0,one_step_governed_pva_direct,3.72,3.73,4.394430858361681,4.39419485759118
stationary_endpoint__test__006,joint_0,one_step_governed_pva_direct,3.73,3.7399999999999998,4.396094858842903,4.3958567505183215
stationary_endpoint__test__006,joint_0,one_step_governed_pva_direct,3.74,3.75,4.397662140129124,4.39742216578057
stationary_endpoint__test__006,joint_0,one_step_governed_pva_direct,3.75,3.76,4.399135058580472,4.398893461523767
stationary_endpoint__test__006,joint_0,one_step_governed_pva_direct,3.7600000000000002,3.77,4.400516021608817,4.400273046619527
stationary_endpoint__test__006,joint_0,one_step_governed_pva_direct,3.77,3.78,4.401807487974315,4.40156338096013
stationary_endpoint__test__006,joint_0,one_step_governed_pva_direct,3.7800000000000002,3.79,4.403011968081861,4.402766975753866
stationary_endpoint__test__006,joint_0,one_step_governed_pva_direct,3.79,3.8,4.404132024277678,4.40388639382079
stationary_endpoint__test__006,joint_0,one_step_governed_pva_direct,3.8000000000000003,3.81,4.405170271145765,4.404924249888945
stationary_endpoint__test__006,joint_0,one_step_governed_pva_direct,3.81,3.82,4.406129375804469,4.405883210891023
stationary_endpoint__test__006,joint_0,one_step_governed_pva_direct,3.8200000000000003,3.83,4.407012058202953,4.406765996261443
stationary_endpoint__test__006,joint_0,one_step_governed_pva_direct,3.83,3.84,4.407821091417736,4.40757537823389
stationary_endpoint__test__006,joint_0,one_step_governed_pva_direct,3.84,3.8499999999999996,4.408559301949185,4.408314182139262
stationary_endpoint__test__006,joint_0,one_step_governed_pva_direct,3.85,3.86,4.409229570018075,4.4089852867040795
stationary_endpoint__test__006,joint_0,one_step_governed_pva_direct,3.86,3.8699999999999997,4.409834829862069,4.409591624349338
stationary_endpoint__test__006,joint_0,one_step_governed_pva_direct,3.87,3.88,4.410378070032209,4.410136181489751
stationary_endpoint__test__006,joint_0,one_step_governed_pva_direct,3.88,3.8899999999999997,4.410862333689494,4.410621998833395
stationary_endpoint__test__006,joint_0,one_step_governed_pva_direct,3.89,3.9,4.411290718901348,4.411052171681853
stationary_endpoint__test__006,joint_0,one_step_governed_pva_direct,3.9,3.9099999999999997,4.411666378938142,4.41142985023073
stationary_endpoint__test__006,joint_0,one_step_governed_pva_direct,3.91,3.92,4.41199252256971,4.411758239870531
stationary_endpoint__test__006,joint_0,one_step_governed_pva_direct,3.92,3.9299999999999997,4.412272414361889,4.412040601488009
stationary_endpoint__test__006,joint_0,one_step_governed_pva_direct,3.93,3.94,4.41250937497299,4.412280251767899
stationary_endpoint__test__006,joint_0,one_step_governed_pva_direct,3.94,3.9499999999999997,4.412706781450337,4.412480563494987
stationary_endpoint__test__006,joint_0,one_step_governed_pva_direct,3.95,3.96,4.412868067526794,4.412644965856602
stationary_endpoint__test__006,joint_0,one_step_governed_pva_direct,3.96,3.9699999999999998,4.412996723917256,4.412776944745492
stationary_endpoint__test__006,joint_0,one_step_governed_pva_direct,3.97,3.98,4.413096298615163,4.412880043063017
stationary_endpoint__test__006,joint_0,one_step_governed_pva_direct,3.98,3.9899999999999998,4.413170397189027,4.4129578610227105
stationary_endpoint__test__006,joint_0,one_step_governed_pva_direct,3.99,4.0,4.413222683078967,4.413014056454209
stationary_endpoint__test__006,joint_0,one_step_governed_pva_direct,4.0,4.01,4.413256877893162,4.413052345107512
stationary_endpoint__test__006,joint_0,one_step_governed_pva_direct,4.01,4.02,4.413276761704439,4.413076500957513
stationary_endpoint__test__006,joint_0,one_step_governed_pva_direct,4.0200000000000005,4.03,4.413286173346727,4.413090356508897
stationary_endpoint__test__006,joint_0,one_step_governed_pva_direct,4.03,4.04,4.413289010711616,4.413097803101325
