run_id,dataset_id,session_id,trajectory_id,split,seed,scenario_id,method_id,n_samples,n_joints,output_field,event_id,event_type,event_time_s,joint_index,joint_id,lag_samples,lag_s,lag_aligned_rmse,window_before_s,window_after_s,max_lag_s
paper-evidence-v1-locked-test::deployed_p_only,synthetic-feasible-v1,synthetic,rapid_reversal__test__001,test,150801,clean,deployed_p_only,334,1,command_p,reversal-j0-k16,reversal,0.155,0,joint_0,1,0.010000000000000009,0.00025369936101752254,0.1,0.1,0.05
paper-evidence-v1-locked-test::deployed_p_only,synthetic-feasible-v1,synthetic,rapid_reversal__test__001,test,150801,clean,deployed_p_only,334,1,command_p,stop-j0-k38,stop,0.38,0,joint_0,2,0.020000000000000018,0.00027429809753185544,0.1,0.1,0.05
paper-evidence-v1-locked-test::deployed_p_only,synthetic-feasible-v1,synthetic,rapid_reversal__test__001,test,150801,clean,deployed_p_only,334,1,command_p,stop-j0-k61,stop,0.61,0,joint_0,1,0.010000000000000009,0.00026773777135645136,0.1,0.1,0.05
paper-evidence-v1-locked-test::deployed_p_only,synthetic-feasible-v1,synthetic,rapid_reversal__test__001,test,150801,clean,deployed_p_only,334,1,command_p,stop-j0-k84,stop,0.84,0,joint_0,1,0.010000000000000009,0.00025897209941448847,0.1,0.1,0.05
paper-evidence-v1-locked-test::deployed_p_only,synthetic-feasible-v1,synthetic,rapid_reversal__test__001,test,150801,clean,deployed_p_only,334,1,command_p,stop-j0-k106,stop,1.06,0,joint_0,1,0.010000000000000009,0.00028728024957837506,0.1,0.1,0.05
paper-evidence-v1-locked-test::deployed_p_only,synthetic-feasible-v1,synthetic,rapid_reversal__test__001,test,150801,clean,deployed_p_only,334,1,command_p,stop-j0-k129,stop,1.29,0,joint_0,1,0.010000000000000009,0.00028206451680839285,0.1,0.1,0.05
paper-evidence-v1-locked-test::deployed_p_only,synthetic-feasible-v1,synthetic,rapid_reversal__test__001,test,150801,clean,deployed_p_only,334,1,command_p,stop-j0-k152,stop,1.52,0,joint_0,1,0.010000000000000009,0.00027563805749526954,0.1,0.1,0.05
paper-evidence-v1-locked-test::deployed_p_only,synthetic-feasible-v1,synthetic,rapid_reversal__test__001,test,150801,clean,deployed_p_only,334,1,command_p,stop-j0-k175,stop,1.75,0,joint_0,1,0.010000000000000009,0.0002700319905510387,0.1,0.1,0.05
paper-evidence-v1-locked-test::deployed_p_only,synthetic-feasible-v1,synthetic,rapid_reversal__test__001,test,150801,clean,deployed_p_only,334,1,command_p,stop-j0-k197,stop,1.97,0,joint_0,1,0.010000000000000009,0.00028610674825113656,0.1,0.1,0.05
paper-evidence-v1-locked-test::deployed_p_only,synthetic-feasible-v1,synthetic,rapid_reversal__test__001,test,150801,clean,deployed_p_only,334,1,command_p,stop-j0-k220,stop,2.2,0,joint_0,1,0.009999999999999787,0.0002412996415651002,0.1,0.1,0.05
paper-evidence-v1-locked-test::deployed_p_only,synthetic-feasible-v1,synthetic,rapid_reversal__test__001,test,150801,clean,deployed_p_only,334,1,command_p,stop-j0-k243,stop,2.43,0,joint_0,1,0.009999999999999787,0.00023616096745984494,0.1,0.1,0.05
paper-evidence-v1-locked-test::deployed_p_only,synthetic-feasible-v1,synthetic,rapid_reversal__test__001,test,150801,clean,deployed_p_only,334,1,command_p,stop-j0-k265,stop,2.65,0,joint_0,1,0.010000000000000009,0.0002880751265826304,0.1,0.1,0.05
paper-evidence-v1-locked-test::deployed_p_only,synthetic-feasible-v1,synthetic,rapid_reversal__test__001,test,150801,clean,deployed_p_only,334,1,command_p,stop-j0-k288,stop,2.88,0,joint_0,1,0.010000000000000009,0.0002835324958425948,0.1,0.1,0.05
paper-evidence-v1-locked-test::deployed_p_only,synthetic-feasible-v1,synthetic,rapid_reversal__test__001,test,150801,clean,deployed_p_only,334,1,command_p,stop-j0-k311,stop,3.11,0,joint_0,1,0.010000000000000009,0.0002764810986511105,0.1,0.1,0.05
paper-evidence-v1-locked-test::deployed_p_only,synthetic-feasible-v1,synthetic,rapid_reversal__test__002,test,150802,clean,deployed_p_only,440,1,command_p,stop-j0-k24,stop,0.24,0,joint_0,2,0.01999999999999999,0.0006806532268802671,0.1,0.1,0.05
paper-evidence-v1-locked-test::deployed_p_only,synthetic-feasible-v1,synthetic,rapid_reversal__test__002,test,150802,clean,deployed_p_only,440,1,command_p,stop-j0-k48,stop,0.48,0,joint_0,2,0.020000000000000018,0.0007593650920260646,0.1,0.1,0.05
paper-evidence-v1-locked-test::deployed_p_only,synthetic-feasible-v1,synthetic,rapid_reversal__test__002,test,150802,clean,deployed_p_only,440,1,command_p,stop-j0-k73,stop,0.73,0,joint_0,2,0.020000000000000018,0.0007302667463838817,0.1,0.1,0.05
paper-evidence-v1-locked-test::deployed_p_only,synthetic-feasible-v1,synthetic,rapid_reversal__test__002,test,150802,clean,deployed_p_only,440,1,command_p,stop-j0-k98,stop,0.98,0,joint_0,2,0.020000000000000018,0.000682392438479634,0.1,0.1,0.05
paper-evidence-v1-locked-test::deployed_p_only,synthetic-feasible-v1,synthetic,rapid_reversal__test__002,test,150802,clean,deployed_p_only,440,1,command_p,stop-j0-k122,stop,1.22,0,joint_0,2,0.020000000000000018,0.0007581376191696376,0.1,0.1,0.05
paper-evidence-v1-locked-test::deployed_p_only,synthetic-feasible-v1,synthetic,rapid_reversal__test__002,test,150802,clean,deployed_p_only,440,1,command_p,stop-j0-k147,stop,1.47,0,joint_0,2,0.020000000000000018,0.0007305571748355525,0.1,0.1,0.05
paper-evidence-v1-locked-test::deployed_p_only,synthetic-feasible-v1,synthetic,rapid_reversal__test__002,test,150802,clean,deployed_p_only,440,1,command_p,stop-j0-k172,stop,1.72,0,joint_0,2,0.020000000000000018,0.0006997978759579918,0.1,0.1,0.05
paper-evidence-v1-locked-test::deployed_p_only,synthetic-feasible-v1,synthetic,rapid_reversal__test__002,test,150802,clean,deployed_p_only,440,1,command_p,stop-j0-k197,stop,1.97,0,joint_0,2,0.020000000000000018,0.0006655048392662006,0.1,0.1,0.05
paper-evidence-v1-locked-test::deployed_p_only,synthetic-feasible-v1,synthetic,rapid_reversal__test__002,test,150802,clean,deployed_p_only,440,1,command_p,stop-j0-k221,stop,2.21,0,joint_0,2,0.020000000000000018,0.0007454592618468086,0.1,0.1,0.05
paper-evidence-v1-locked-test::deployed_p_only,synthetic-feasible-v1,synthetic,rapid_reversal__test__002,test,150802,clean,deployed_p_only,440,1,command_p,stop-j0-k246,stop,2.46,0,joint_0,2,0.020000000000000018,0.0007161267279276243,0.1,0.1,0.05
paper-evidence-v1-locked-test::deployed_p_only,synthetic-feasible-v1,synthetic,rapid_reversal__test__002,test,150802,clean,deployed_p_only,440,1,command_p,stop-j0-k271,stop,2.71,0,joint_0,2,0.020000000000000018,0.0006838537501866744,0.1,0.1,0.05
paper-evidence-v1-locked-test::deployed_p_only,synthetic-feasible-v1,synthetic,rapid_reversal__test__002,test,150802,clean,deployed_p_only,440,1,command_p,stop-j0-k295,stop,2.95,0,joint_0,2,0.020000000000000018,0.0006671662049469024,0.1,0.1,0.05
paper-evidence-v1-locked-test::deployed_p_only,synthetic-feasible-v1,synthetic,rapid_reversal__test__002,test,150802,clean,deployed_p_only,440,1,command_p,stop-j0-k320,stop,3.2,0,joint_0,2,0.020000000000000018,0.0006321498228392615,0.1,0.1,0.05
paper-evidence-v1-locked-test::deployed_p_only,synthetic-feasible-v1,synthetic,rapid_reversal__test__002,test,150802,clean,deployed_p_only,440,1,command_p,stop-j0-k345,stop,3.45,0,joint_0,2,0.020000000000000018,0.0005952775915773683,0.1,0.1,0.05
paper-evidence-v1-locked-test::deployed_p_only,synthetic-feasible-v1,synthetic,rapid_reversal__test__002,test,150802,clean,deployed_p_only,440,1,command_p,stop-j0-k370,stop,3.7,0,joint_0,2,0.020000000000000018,0.000555354108101368,0.1,0.1,0.05
paper-evidence-v1-locked-test::deployed_p_only,synthetic-feasible-v1,synthetic,rapid_reversal__test__002,test,150802,clean,deployed_p_only,440,1,command_p,stop-j0-k394,stop,3.94,0,joint_0,2,0.020000000000000018,0.0007465400761289569,0.1,0.1,0.05
paper-evidence-v1-locked-test::deployed_p_only,synthetic-feasible-v1,synthetic,rapid_reversal__test__002,test,150802,clean,deployed_p_only,440,1,command_p,stop-j0-k419,stop,4.19,0,joint_0,2,0.020000000000000462,0.0006146772863237078,0.1,0.1,0.05
paper-evidence-v1-locked-test::deployed_p_only,synthetic-feasible-v1,synthetic,rapid_reversal__test__003,test,150803,clean,deployed_p_only,290,1,command_p,stop-j0-k29,stop,0.29,0,joint_0,3,0.03,0.00114149765121088,0.1,0.1,0.05
paper-evidence-v1-locked-test::deployed_p_only,synthetic-feasible-v1,synthetic,rapid_reversal__test__003,test,150803,clean,deployed_p_only,290,1,command_p,stop-j0-k50,stop,0.5,0,joint_0,3,0.030000000000000027,0.001085512003230285,0.1,0.1,0.05
paper-evidence-v1-locked-test::deployed_p_only,synthetic-feasible-v1,synthetic,rapid_reversal__test__003,test,150803,clean,deployed_p_only,290,1,command_p,reversal-j0-k72,reversal,0.715,0,joint_0,3,0.030000000000000027,0.001049826562956681,0.1,0.1,0.05
paper-evidence-v1-locked-test::deployed_p_only,synthetic-feasible-v1,synthetic,rapid_reversal__test__003,test,150803,clean,deployed_p_only,290,1,command_p,stop-j0-k93,stop,0.93,0,joint_0,3,0.030000000000000027,0.0010980822750635232,0.1,0.1,0.05
paper-evidence-v1-locked-test::deployed_p_only,synthetic-feasible-v1,synthetic,rapid_reversal__test__003,test,150803,clean,deployed_p_only,290,1,command_p,stop-j0-k114,stop,1.1400000000000001,0,joint_0,3,0.030000000000000027,0.0010459387263497346,0.1,0.1,0.05
paper-evidence-v1-locked-test::deployed_p_only,synthetic-feasible-v1,synthetic,rapid_reversal__test__003,test,150803,clean,deployed_p_only,290,1,command_p,stop-j0-k136,stop,1.36,0,joint_0,3,0.030000000000000027,0.0011113573171407354,0.1,0.1,0.05
paper-evidence-v1-locked-test::deployed_p_only,synthetic-feasible-v1,synthetic,rapid_reversal__test__003,test,150803,clean,deployed_p_only,290,1,command_p,stop-j0-k157,stop,1.57,0,joint_0,3,0.030000000000000027,0.0010592821902414007,0.1,0.1,0.05
paper-evidence-v1-locked-test::deployed_p_only,synthetic-feasible-v1,synthetic,rapid_reversal__test__003,test,150803,clean,deployed_p_only,290,1,command_p,stop-j0-k179,stop,1.79,0,joint_0,3,0.030000000000000027,0.0011249973487746075,0.1,0.1,0.05
paper-evidence-v1-locked-test::deployed_p_only,synthetic-feasible-v1,synthetic,rapid_reversal__test__003,test,150803,clean,deployed_p_only,290,1,command_p,stop-j0-k200,stop,2.0,0,joint_0,3,0.029999999999999805,0.001077458056303458,0.1,0.1,0.05
paper-evidence-v1-locked-test::deployed_p_only,synthetic-feasible-v1,synthetic,rapid_reversal__test__003,test,150803,clean,deployed_p_only,290,1,command_p,stop-j0-k222,stop,2.22,0,joint_0,3,0.029999999999999805,0.0011699189276480506,0.1,0.1,0.05
paper-evidence-v1-locked-test::deployed_p_only,synthetic-feasible-v1,synthetic,rapid_reversal__test__003,test,150803,clean,deployed_p_only,290,1,command_p,stop-j0-k243,stop,2.43,0,joint_0,3,0.029999999999999805,0.0011083833785754742,0.1,0.1,0.05
paper-evidence-v1-locked-test::deployed_p_only,synthetic-feasible-v1,synthetic,rapid_reversal__test__003,test,150803,clean,deployed_p_only,290,1,command_p,reversal-j0-k265,reversal,2.645,0,joint_0,3,0.029999999999999805,0.0010454187217791033,0.1,0.1,0.05
paper-evidence-v1-locked-test::deployed_p_only,synthetic-feasible-v1,synthetic,rapid_reversal__test__004,test,150804,clean,deployed_p_only,351,1,command_p,stop-j0-k11,stop,0.11,0,joint_0,3,0.03,0.0010962766232612087,0.1,0.1,0.05
paper-evidence-v1-locked-test::deployed_p_only,synthetic-feasible-v1,synthetic,rapid_reversal__test__004,test,150804,clean,deployed_p_only,351,1,command_p,reversal-j0-k13,reversal,0.115,0,joint_0,3,0.03,0.0010991002692577868,0.1,0.1,0.05
paper-evidence-v1-locked-test::deployed_p_only,synthetic-feasible-v1,synthetic,rapid_reversal__test__004,test,150804,clean,deployed_p_only,351,1,command_p,stop-j0-k53,stop,0.53,0,joint_0,5,0.04999999999999999,0.0020757954517254774,0.1,0.1,0.05
paper-evidence-v1-locked-test::deployed_p_only,synthetic-feasible-v1,synthetic,rapid_reversal__test__004,test,150804,clean,deployed_p_only,351,1,command_p,stop-j0-k94,stop,0.9400000000000001,0,joint_0,5,0.050000000000000044,0.002144583089440549,0.1,0.1,0.05
paper-evidence-v1-locked-test::deployed_p_only,synthetic-feasible-v1,synthetic,rapid_reversal__test__004,test,150804,clean,deployed_p_only,351,1,command_p,stop-j0-k135,stop,1.35,0,joint_0,5,0.050000000000000044,0.0021261702987263043,0.1,0.1,0.05
paper-evidence-v1-locked-test::deployed_p_only,synthetic-feasible-v1,synthetic,rapid_reversal__test__004,test,150804,clean,deployed_p_only,351,1,command_p,reversal-j0-k137,reversal,1.355,0,joint_0,5,0.050000000000000044,0.001952810893963824,0.1,0.1,0.05
paper-evidence-v1-locked-test::deployed_p_only,synthetic-feasible-v1,synthetic,rapid_reversal__test__004,test,150804,clean,deployed_p_only,351,1,command_p,stop-j0-k176,stop,1.76,0,joint_0,5,0.050000000000000044,0.002116982981538982,0.1,0.1,0.05
paper-evidence-v1-locked-test::deployed_p_only,synthetic-feasible-v1,synthetic,rapid_reversal__test__004,test,150804,clean,deployed_p_only,351,1,command_p,reversal-j0-k178,reversal,1.7650000000000001,0,joint_0,5,0.050000000000000044,0.0019107689621494638,0.1,0.1,0.05
paper-evidence-v1-locked-test::deployed_p_only,synthetic-feasible-v1,synthetic,rapid_reversal__test__004,test,150804,clean,deployed_p_only,351,1,command_p,stop-j0-k218,stop,2.18,0,joint_0,5,0.04999999999999982,0.0021050753024708236,0.1,0.1,0.05
paper-evidence-v1-locked-test::deployed_p_only,synthetic-feasible-v1,synthetic,rapid_reversal__test__004,test,150804,clean,deployed_p_only,351,1,command_p,stop-j0-k259,stop,2.59,0,joint_0,5,0.04999999999999982,0.0021578545092875183,0.1,0.1,0.05
paper-evidence-v1-locked-test::deployed_p_only,synthetic-feasible-v1,synthetic,rapid_reversal__test__004,test,150804,clean,deployed_p_only,351,1,command_p,stop-j0-k300,stop,3.0,0,joint_0,5,0.04999999999999982,0.0021330341464700646,0.1,0.1,0.05
paper-evidence-v1-locked-test::deployed_p_only,synthetic-feasible-v1,synthetic,rapid_reversal__test__004,test,150804,clean,deployed_p_only,351,1,command_p,reversal-j0-k302,reversal,3.005,0,joint_0,5,0.04999999999999982,0.0019718935909836563,0.1,0.1,0.05
paper-evidence-v1-locked-test::deployed_p_only,synthetic-feasible-v1,synthetic,rapid_reversal__test__005,test,150805,clean,deployed_p_only,387,1,command_p,stop-j0-k14,stop,0.14,0,joint_0,1,0.010000000000000009,0.00020322080698203775,0.1,0.1,0.05
paper-evidence-v1-locked-test::deployed_p_only,synthetic-feasible-v1,synthetic,rapid_reversal__test__005,test,150805,clean,deployed_p_only,387,1,command_p,stop-j0-k43,stop,0.43,0,joint_0,2,0.020000000000000018,0.00026098175916969816,0.1,0.1,0.05
paper-evidence-v1-locked-test::deployed_p_only,synthetic-feasible-v1,synthetic,rapid_reversal__test__005,test,150805,clean,deployed_p_only,387,1,command_p,stop-j0-k72,stop,0.72,0,joint_0,2,0.020000000000000018,0.00024348679027140185,0.1,0.1,0.05
paper-evidence-v1-locked-test::deployed_p_only,synthetic-feasible-v1,synthetic,rapid_reversal__test__005,test,150805,clean,deployed_p_only,387,1,command_p,stop-j0-k101,stop,1.01,0,joint_0,2,0.020000000000000018,0.0002606573445788264,0.1,0.1,0.05
paper-evidence-v1-locked-test::deployed_p_only,synthetic-feasible-v1,synthetic,rapid_reversal__test__005,test,150805,clean,deployed_p_only,387,1,command_p,stop-j0-k130,stop,1.3,0,joint_0,2,0.020000000000000018,0.00026026306955363526,0.1,0.1,0.05
paper-evidence-v1-locked-test::deployed_p_only,synthetic-feasible-v1,synthetic,rapid_reversal__test__005,test,150805,clean,deployed_p_only,387,1,command_p,stop-j0-k159,stop,1.59,0,joint_0,2,0.020000000000000018,0.000259743983635036,0.1,0.1,0.05
paper-evidence-v1-locked-test::deployed_p_only,synthetic-feasible-v1,synthetic,rapid_reversal__test__005,test,150805,clean,deployed_p_only,387,1,command_p,stop-j0-k188,stop,1.8800000000000001,0,joint_0,2,0.020000000000000018,0.00025912279899681313,0.1,0.1,0.05
paper-evidence-v1-locked-test::deployed_p_only,synthetic-feasible-v1,synthetic,rapid_reversal__test__005,test,150805,clean,deployed_p_only,387,1,command_p,stop-j0-k217,stop,2.17,0,joint_0,2,0.020000000000000018,0.00025844011333372687,0.1,0.1,0.05
paper-evidence-v1-locked-test::deployed_p_only,synthetic-feasible-v1,synthetic,rapid_reversal__test__005,test,150805,clean,deployed_p_only,387,1,command_p,stop-j0-k246,stop,2.46,0,joint_0,2,0.020000000000000018,0.00025798439674459806,0.1,0.1,0.05
paper-evidence-v1-locked-test::deployed_p_only,synthetic-feasible-v1,synthetic,rapid_reversal__test__005,test,150805,clean,deployed_p_only,387,1,command_p,stop-j0-k275,stop,2.75,0,joint_0,2,0.020000000000000018,0.00025750895564542915,0.1,0.1,0.05
paper-evidence-v1-locked-test::deployed_p_only,synthetic-feasible-v1,synthetic,rapid_reversal__test__005,test,150805,clean,deployed_p_only,387,1,command_p,stop-j0-k304,stop,3.04,0,joint_0,2,0.020000000000000018,0.00025698924173392953,0.1,0.1,0.05
paper-evidence-v1-locked-test::deployed_p_only,synthetic-feasible-v1,synthetic,rapid_reversal__test__005,test,150805,clean,deployed_p_only,387,1,command_p,reversal-j0-k306,reversal,3.045,0,joint_0,1,0.009999999999999787,0.00022261359844859513,0.1,0.1,0.05
paper-evidence-v1-locked-test::deployed_p_only,synthetic-feasible-v1,synthetic,rapid_reversal__test__005,test,150805,clean,deployed_p_only,387,1,command_p,stop-j0-k333,stop,3.33,0,joint_0,2,0.020000000000000018,0.00025640830220633083,0.1,0.1,0.05
paper-evidence-v1-locked-test::deployed_p_only,synthetic-feasible-v1,synthetic,rapid_reversal__test__005,test,150805,clean,deployed_p_only,387,1,command_p,reversal-j0-k335,reversal,3.335,0,joint_0,1,0.009999999999999787,0.00022503881064616133,0.1,0.1,0.05
paper-evidence-v1-locked-test::deployed_p_only,synthetic-feasible-v1,synthetic,rapid_reversal__test__005,test,150805,clean,deployed_p_only,387,1,command_p,stop-j0-k362,stop,3.62,0,joint_0,2,0.020000000000000018,0.0002557403798210791,0.1,0.1,0.05
paper-evidence-v1-locked-test::deployed_p_only,synthetic-feasible-v1,synthetic,rapid_reversal__test__005,test,150805,clean,deployed_p_only,387,1,command_p,reversal-j0-k364,reversal,3.625,0,joint_0,1,0.009999999999999787,0.00022755329646763462,0.1,0.1,0.05
paper-evidence-v1-locked-test::deployed_p_only,synthetic-feasible-v1,synthetic,rapid_reversal__test__006,test,150806,clean,deployed_p_only,435,1,command_p,stop-j0-k33,stop,0.33,0,joint_0,3,0.030000000000000013,0.0008373849853949962,0.1,0.1,0.05
paper-evidence-v1-locked-test::deployed_p_only,synthetic-feasible-v1,synthetic,rapid_reversal__test__006,test,150806,clean,deployed_p_only,435,1,command_p,reversal-j0-k35,reversal,0.335,0,joint_0,2,0.020000000000000018,0.0007755110081760544,0.1,0.1,0.05
paper-evidence-v1-locked-test::deployed_p_only,synthetic-feasible-v1,synthetic,rapid_reversal__test__006,test,150806,clean,deployed_p_only,435,1,command_p,stop-j0-k61,stop,0.61,0,joint_0,3,0.030000000000000027,0.0008059384453266851,0.1,0.1,0.05
paper-evidence-v1-locked-test::deployed_p_only,synthetic-feasible-v1,synthetic,rapid_reversal__test__006,test,150806,clean,deployed_p_only,435,1,command_p,stop-j0-k88,stop,0.88,0,joint_0,3,0.030000000000000027,0.0008735594451391009,0.1,0.1,0.05
paper-evidence-v1-locked-test::deployed_p_only,synthetic-feasible-v1,synthetic,rapid_reversal__test__006,test,150806,clean,deployed_p_only,435,1,command_p,stop-j0-k115,stop,1.1500000000000001,0,joint_0,3,0.030000000000000027,0.0008202856006566625,0.1,0.1,0.05
paper-evidence-v1-locked-test::deployed_p_only,synthetic-feasible-v1,synthetic,rapid_reversal__test__006,test,150806,clean,deployed_p_only,435,1,command_p,stop-j0-k143,stop,1.43,0,joint_0,2,0.020000000000000018,0.0008442733971700052,0.1,0.1,0.05
paper-evidence-v1-locked-test::deployed_p_only,synthetic-feasible-v1,synthetic,rapid_reversal__test__006,test,150806,clean,deployed_p_only,435,1,command_p,stop-j0-k170,stop,1.7,0,joint_0,3,0.030000000000000027,0.0008598763251937216,0.1,0.1,0.05
paper-evidence-v1-locked-test::deployed_p_only,synthetic-feasible-v1,synthetic,rapid_reversal__test__006,test,150806,clean,deployed_p_only,435,1,command_p,stop-j0-k198,stop,1.98,0,joint_0,2,0.020000000000000018,0.0007961695601713001,0.1,0.1,0.05
paper-evidence-v1-locked-test::deployed_p_only,synthetic-feasible-v1,synthetic,rapid_reversal__test__006,test,150806,clean,deployed_p_only,435,1,command_p,stop-j0-k225,stop,2.25,0,joint_0,2,0.020000000000000018,0.000862809862394298,0.1,0.1,0.05
paper-evidence-v1-locked-test::deployed_p_only,synthetic-feasible-v1,synthetic,rapid_reversal__test__006,test,150806,clean,deployed_p_only,435,1,command_p,stop-j0-k252,stop,2.52,0,joint_0,3,0.029999999999999805,0.0008451726585897981,0.1,0.1,0.05
paper-evidence-v1-locked-test::deployed_p_only,synthetic-feasible-v1,synthetic,rapid_reversal__test__006,test,150806,clean,deployed_p_only,435,1,command_p,stop-j0-k280,stop,2.8000000000000003,0,joint_0,2,0.020000000000000018,0.0006507368602427359,0.1,0.1,0.05
paper-evidence-v1-locked-test::deployed_p_only,synthetic-feasible-v1,synthetic,rapid_reversal__test__006,test,150806,clean,deployed_p_only,435,1,command_p,stop-j0-k307,stop,3.0700000000000003,0,joint_0,2,0.020000000000000018,0.000719194155308119,0.1,0.1,0.05
paper-evidence-v1-locked-test::deployed_p_only,synthetic-feasible-v1,synthetic,rapid_reversal__test__006,test,150806,clean,deployed_p_only,435,1,command_p,stop-j0-k334,stop,3.34,0,joint_0,3,0.029999999999999805,0.0008281000395325699,0.1,0.1,0.05
paper-evidence-v1-locked-test::deployed_p_only,synthetic-feasible-v1,synthetic,rapid_reversal__test__006,test,150806,clean,deployed_p_only,435,1,command_p,reversal-j0-k336,reversal,3.3449999999999998,0,joint_0,2,0.020000000000000018,0.0007853188534627185,0.1,0.1,0.05
paper-evidence-v1-locked-test::deployed_p_only,synthetic-feasible-v1,synthetic,rapid_reversal__test__006,test,150806,clean,deployed_p_only,435,1,command_p,stop-j0-k362,stop,3.62,0,joint_0,2,0.020000000000000018,0.0008356753842382306,0.1,0.1,0.05
paper-evidence-v1-locked-test::deployed_p_only,synthetic-feasible-v1,synthetic,rapid_reversal__test__006,test,150806,clean,deployed_p_only,435,1,command_p,stop-j0-k389,stop,3.89,0,joint_0,3,0.029999999999999805,0.0008663534689158299,0.1,0.1,0.05
paper-evidence-v1-locked-test::deployed_p_only,synthetic-feasible-v1,synthetic,rapid_reversal__test__006,test,150806,clean,deployed_p_only,435,1,command_p,stop-j0-k417,stop,4.17,0,joint_0,2,0.019999999999999574,0.0007868399635337941,0.1,0.1,0.05
paper-evidence-v1-locked-test::deployed_p_only,synthetic-feasible-v1,synthetic,rapid_reversal__test__007,test,150807,clean,deployed_p_only,259,1,command_p,stop-j0-k38,stop,0.38,0,joint_0,4,0.03999999999999998,0.0013229065347964194,0.1,0.1,0.05
paper-evidence-v1-locked-test::deployed_p_only,synthetic-feasible-v1,synthetic,rapid_reversal__test__007,test,150807,clean,deployed_p_only,259,1,command_p,reversal-j0-k40,reversal,0.385,0,joint_0,3,0.030000000000000027,0.0013759938720695729,0.1,0.1,0.05
paper-evidence-v1-locked-test::deployed_p_only,synthetic-feasible-v1,synthetic,rapid_reversal__test__007,test,150807,clean,deployed_p_only,259,1,command_p,stop-j0-k66,stop,0.66,0,joint_0,3,0.030000000000000027,0.001496059047176184,0.1,0.1,0.05
paper-evidence-v1-locked-test::deployed_p_only,synthetic-feasible-v1,synthetic,rapid_reversal__test__007,test,150807,clean,deployed_p_only,259,1,command_p,stop-j0-k94,stop,0.9400000000000001,0,joint_0,3,0.030000000000000027,0.0014927260917694156,0.1,0.1,0.05
paper-evidence-v1-locked-test::deployed_p_only,synthetic-feasible-v1,synthetic,rapid_reversal__test__007,test,150807,clean,deployed_p_only,259,1,command_p,stop-j0-k122,stop,1.22,0,joint_0,3,0.030000000000000027,0.0014893069827575098,0.1,0.1,0.05
paper-evidence-v1-locked-test::deployed_p_only,synthetic-feasible-v1,synthetic,rapid_reversal__test__007,test,150807,clean,deployed_p_only,259,1,command_p,stop-j0-k150,stop,1.5,0,joint_0,3,0.030000000000000027,0.0014855612858123883,0.1,0.1,0.05
paper-evidence-v1-locked-test::deployed_p_only,synthetic-feasible-v1,synthetic,rapid_reversal__test__007,test,150807,clean,deployed_p_only,259,1,command_p,stop-j0-k178,stop,1.78,0,joint_0,3,0.030000000000000027,0.0014818263951442607,0.1,0.1,0.05
paper-evidence-v1-locked-test::deployed_p_only,synthetic-feasible-v1,synthetic,rapid_reversal__test__007,test,150807,clean,deployed_p_only,259,1,command_p,stop-j0-k206,stop,2.06,0,joint_0,3,0.029999999999999805,0.001480274361933311,0.1,0.1,0.05
paper-evidence-v1-locked-test::deployed_p_only,synthetic-feasible-v1,synthetic,rapid_reversal__test__007,test,150807,clean,deployed_p_only,259,1,command_p,stop-j0-k234,stop,2.34,0,joint_0,3,0.029999999999999805,0.0014725236737777698,0.1,0.1,0.05
paper-evidence-v1-locked-test::deployed_p_only,synthetic-feasible-v1,synthetic,rapid_reversal__test__008,test,150808,clean,deployed_p_only,442,1,command_p,stop-j0-k42,stop,0.42,0,joint_0,5,0.04999999999999999,0.002093139456959994,0.1,0.1,0.05
paper-evidence-v1-locked-test::deployed_p_only,synthetic-feasible-v1,synthetic,rapid_reversal__test__008,test,150808,clean,deployed_p_only,442,1,command_p,reversal-j0-k44,reversal,0.42500000000000004,0,joint_0,4,0.03999999999999998,0.002067418030882367,0.1,0.1,0.05
paper-evidence-v1-locked-test::deployed_p_only,synthetic-feasible-v1,synthetic,rapid_reversal__test__008,test,150808,clean,deployed_p_only,442,1,command_p,stop-j0-k74,stop,0.74,0,joint_0,5,0.050000000000000044,0.001624724896217434,0.1,0.1,0.05
paper-evidence-v1-locked-test::deployed_p_only,synthetic-feasible-v1,synthetic,rapid_reversal__test__008,test,150808,clean,deployed_p_only,442,1,command_p,reversal-j0-k76,reversal,0.745,0,joint_0,4,0.040000000000000036,0.0020623740401363986,0.1,0.1,0.05
paper-evidence-v1-locked-test::deployed_p_only,synthetic-feasible-v1,synthetic,rapid_reversal__test__008,test,150808,clean,deployed_p_only,442,1,command_p,stop-j0-k106,stop,1.06,0,joint_0,5,0.050000000000000044,0.0019869040146915434,0.1,0.1,0.05
paper-evidence-v1-locked-test::deployed_p_only,synthetic-feasible-v1,synthetic,rapid_reversal__test__008,test,150808,clean,deployed_p_only,442,1,command_p,reversal-j0-k108,reversal,1.065,0,joint_0,5,0.050000000000000044,0.0020437070029484463,0.1,0.1,0.05
paper-evidence-v1-locked-test::deployed_p_only,synthetic-feasible-v1,synthetic,rapid_reversal__test__008,test,150808,clean,deployed_p_only,442,1,command_p,stop-j0-k139,stop,1.3900000000000001,0,joint_0,4,0.040000000000000036,0.002279680596266133,0.1,0.1,0.05
paper-evidence-v1-locked-test::deployed_p_only,synthetic-feasible-v1,synthetic,rapid_reversal__test__008,test,150808,clean,deployed_p_only,442,1,command_p,stop-j0-k171,stop,1.71,0,joint_0,4,0.040000000000000036,0.002270283932685517,0.1,0.1,0.05
paper-evidence-v1-locked-test::deployed_p_only,synthetic-feasible-v1,synthetic,rapid_reversal__test__008,test,150808,clean,deployed_p_only,442,1,command_p,stop-j0-k203,stop,2.0300000000000002,0,joint_0,4,0.040000000000000036,0.002112746643093866,0.1,0.1,0.05
paper-evidence-v1-locked-test::deployed_p_only,synthetic-feasible-v1,synthetic,rapid_reversal__test__008,test,150808,clean,deployed_p_only,442,1,command_p,stop-j0-k235,stop,2.35,0,joint_0,4,0.040000000000000036,0.0022554556481771773,0.1,0.1,0.05
paper-evidence-v1-locked-test::deployed_p_only,synthetic-feasible-v1,synthetic,rapid_reversal__test__008,test,150808,clean,deployed_p_only,442,1,command_p,stop-j0-k267,stop,2.67,0,joint_0,5,0.050000000000000044,0.0022203000246399027,0.1,0.1,0.05
paper-evidence-v1-locked-test::deployed_p_only,synthetic-feasible-v1,synthetic,rapid_reversal__test__008,test,150808,clean,deployed_p_only,442,1,command_p,stop-j0-k299,stop,2.99,0,joint_0,4,0.040000000000000036,0.0020781306632501324,0.1,0.1,0.05
paper-evidence-v1-locked-test::deployed_p_only,synthetic-feasible-v1,synthetic,rapid_reversal__test__008,test,150808,clean,deployed_p_only,442,1,command_p,stop-j0-k331,stop,3.31,0,joint_0,5,0.04999999999999982,0.002106598858201882,0.1,0.1,0.05
paper-evidence-v1-locked-test::deployed_p_only,synthetic-feasible-v1,synthetic,rapid_reversal__test__008,test,150808,clean,deployed_p_only,442,1,command_p,reversal-j0-k333,reversal,3.3150000000000004,0,joint_0,4,0.040000000000000036,0.002069564132358237,0.1,0.1,0.05
paper-evidence-v1-locked-test::deployed_p_only,synthetic-feasible-v1,synthetic,rapid_reversal__test__008,test,150808,clean,deployed_p_only,442,1,command_p,stop-j0-k363,stop,3.63,0,joint_0,5,0.04999999999999982,0.0020527196579408634,0.1,0.1,0.05
paper-evidence-v1-locked-test::deployed_p_only,synthetic-feasible-v1,synthetic,rapid_reversal__test__008,test,150808,clean,deployed_p_only,442,1,command_p,reversal-j0-k365,reversal,3.635,0,joint_0,4,0.040000000000000036,0.0020638424327693683,0.1,0.1,0.05
paper-evidence-v1-locked-test::deployed_p_only,synthetic-feasible-v1,synthetic,rapid_reversal__test__008,test,150808,clean,deployed_p_only,442,1,command_p,stop-j0-k395,stop,3.95,0,joint_0,5,0.04999999999999982,0.002056624852434185,0.1,0.1,0.05
paper-evidence-v1-locked-test::deployed_p_only,synthetic-feasible-v1,synthetic,rapid_reversal__test__008,test,150808,clean,deployed_p_only,442,1,command_p,reversal-j0-k397,reversal,3.955,0,joint_0,5,0.04999999999999982,0.002056624852434185,0.1,0.1,0.05
paper-evidence-v1-locked-test::deployed_p_only,synthetic-feasible-v1,synthetic,rapid_reversal__test__008,test,150808,clean,deployed_p_only,442,1,command_p,stop-j0-k427,stop,4.2700000000000005,0,joint_0,5,0.04999999999999982,0.0020019590259211903,0.1,0.1,0.05
paper-evidence-v1-locked-test::deployed_p_only,synthetic-feasible-v1,synthetic,rapid_reversal__test__009,test,150809,clean,deployed_p_only,413,1,command_p,stop-j0-k38,stop,0.38,0,joint_0,1,0.010000000000000009,0.00020523435683541977,0.1,0.1,0.05
paper-evidence-v1-locked-test::deployed_p_only,synthetic-feasible-v1,synthetic,rapid_reversal__test__009,test,150809,clean,deployed_p_only,413,1,command_p,stop-j0-k74,stop,0.74,0,joint_0,1,0.010000000000000009,0.00022059120644350223,0.1,0.1,0.05
paper-evidence-v1-locked-test::deployed_p_only,synthetic-feasible-v1,synthetic,rapid_reversal__test__009,test,150809,clean,deployed_p_only,413,1,command_p,reversal-j0-k76,reversal,0.745,0,joint_0,1,0.010000000000000009,0.00015157289153290603,0.1,0.1,0.05
paper-evidence-v1-locked-test::deployed_p_only,synthetic-feasible-v1,synthetic,rapid_reversal__test__009,test,150809,clean,deployed_p_only,413,1,command_p,stop-j0-k110,stop,1.1,0,joint_0,2,0.020000000000000018,0.00023348933177876925,0.1,0.1,0.05
paper-evidence-v1-locked-test::deployed_p_only,synthetic-feasible-v1,synthetic,rapid_reversal__test__009,test,150809,clean,deployed_p_only,413,1,command_p,reversal-j0-k112,reversal,1.105,0,joint_0,1,0.010000000000000009,0.00016289944934209873,0.1,0.1,0.05
paper-evidence-v1-locked-test::deployed_p_only,synthetic-feasible-v1,synthetic,rapid_reversal__test__009,test,150809,clean,deployed_p_only,413,1,command_p,stop-j0-k146,stop,1.46,0,joint_0,2,0.020000000000000018,0.0002314890520359671,0.1,0.1,0.05
paper-evidence-v1-locked-test::deployed_p_only,synthetic-feasible-v1,synthetic,rapid_reversal__test__009,test,150809,clean,deployed_p_only,413,1,command_p,reversal-j0-k148,reversal,1.4649999999999999,0,joint_0,1,0.010000000000000009,0.00017610488087702506,0.1,0.1,0.05
paper-evidence-v1-locked-test::deployed_p_only,synthetic-feasible-v1,synthetic,rapid_reversal__test__009,test,150809,clean,deployed_p_only,413,1,command_p,stop-j0-k183,stop,1.83,0,joint_0,1,0.010000000000000009,0.00019169122979356562,0.1,0.1,0.05
paper-evidence-v1-locked-test::deployed_p_only,synthetic-feasible-v1,synthetic,rapid_reversal__test__009,test,150809,clean,deployed_p_only,413,1,command_p,stop-j0-k219,stop,2.19,0,joint_0,1,0.010000000000000009,0.00020474365961337777,0.1,0.1,0.05
paper-evidence-v1-locked-test::deployed_p_only,synthetic-feasible-v1,synthetic,rapid_reversal__test__009,test,150809,clean,deployed_p_only,413,1,command_p,stop-j0-k255,stop,2.5500000000000003,0,joint_0,1,0.009999999999999787,0.0001518570587056863,0.1,0.1,0.05
paper-evidence-v1-locked-test::deployed_p_only,synthetic-feasible-v1,synthetic,rapid_reversal__test__009,test,150809,clean,deployed_p_only,413,1,command_p,stop-j0-k291,stop,2.91,0,joint_0,2,0.020000000000000018,0.0002334379832412509,0.1,0.1,0.05
paper-evidence-v1-locked-test::deployed_p_only,synthetic-feasible-v1,synthetic,rapid_reversal__test__009,test,150809,clean,deployed_p_only,413,1,command_p,reversal-j0-k293,reversal,2.915,0,joint_0,1,0.009999999999999787,0.00016323197195400609,0.1,0.1,0.05
paper-evidence-v1-locked-test::deployed_p_only,synthetic-feasible-v1,synthetic,rapid_reversal__test__009,test,150809,clean,deployed_p_only,413,1,command_p,stop-j0-k327,stop,3.27,0,joint_0,2,0.020000000000000018,0.000231423718435687,0.1,0.1,0.05
paper-evidence-v1-locked-test::deployed_p_only,synthetic-feasible-v1,synthetic,rapid_reversal__test__009,test,150809,clean,deployed_p_only,413,1,command_p,reversal-j0-k329,reversal,3.2750000000000004,0,joint_0,1,0.009999999999999787,0.00017649593423896978,0.1,0.1,0.05
paper-evidence-v1-locked-test::deployed_p_only,synthetic-feasible-v1,synthetic,rapid_reversal__test__009,test,150809,clean,deployed_p_only,413,1,command_p,stop-j0-k364,stop,3.64,0,joint_0,1,0.009999999999999787,0.00019205781054349415,0.1,0.1,0.05
paper-evidence-v1-locked-test::deployed_p_only,synthetic-feasible-v1,synthetic,rapid_reversal__test__009,test,150809,clean,deployed_p_only,413,1,command_p,stop-j0-k400,stop,4.0,0,joint_0,1,0.009999999999999787,0.00020512429039189767,0.1,0.1,0.05
paper-evidence-v1-locked-test::deployed_p_only,synthetic-feasible-v1,synthetic,rapid_reversal__test__010,test,150810,clean,deployed_p_only,433,1,command_p,stop-j0-k34,stop,0.34,0,joint_0,2,0.020000000000000018,0.0007443801219700566,0.1,0.1,0.05
paper-evidence-v1-locked-test::deployed_p_only,synthetic-feasible-v1,synthetic,rapid_reversal__test__010,test,150810,clean,deployed_p_only,433,1,command_p,stop-j0-k59,stop,0.59,0,joint_0,2,0.020000000000000018,0.0007535049180346736,0.1,0.1,0.05
paper-evidence-v1-locked-test::deployed_p_only,synthetic-feasible-v1,synthetic,rapid_reversal__test__010,test,150810,clean,deployed_p_only,433,1,command_p,stop-j0-k84,stop,0.84,0,joint_0,2,0.020000000000000018,0.0007471048653405701,0.1,0.1,0.05
paper-evidence-v1-locked-test::deployed_p_only,synthetic-feasible-v1,synthetic,rapid_reversal__test__010,test,150810,clean,deployed_p_only,433,1,command_p,stop-j0-k109,stop,1.09,0,joint_0,2,0.020000000000000018,0.000615582440764863,0.1,0.1,0.05
paper-evidence-v1-locked-test::deployed_p_only,synthetic-feasible-v1,synthetic,rapid_reversal__test__010,test,150810,clean,deployed_p_only,433,1,command_p,stop-j0-k134,stop,1.34,0,joint_0,2,0.020000000000000018,0.0007181081215371931,0.1,0.1,0.05
paper-evidence-v1-locked-test::deployed_p_only,synthetic-feasible-v1,synthetic,rapid_reversal__test__010,test,150810,clean,deployed_p_only,433,1,command_p,stop-j0-k159,stop,1.59,0,joint_0,2,0.020000000000000018,0.0007112930773375905,0.1,0.1,0.05
paper-evidence-v1-locked-test::deployed_p_only,synthetic-feasible-v1,synthetic,rapid_reversal__test__010,test,150810,clean,deployed_p_only,433,1,command_p,stop-j0-k184,stop,1.84,0,joint_0,2,0.020000000000000018,0.0007043185845340984,0.1,0.1,0.05
paper-evidence-v1-locked-test::deployed_p_only,synthetic-feasible-v1,synthetic,rapid_reversal__test__010,test,150810,clean,deployed_p_only,433,1,command_p,stop-j0-k209,stop,2.09,0,joint_0,2,0.020000000000000018,0.0006971068880410267,0.1,0.1,0.05
paper-evidence-v1-locked-test::deployed_p_only,synthetic-feasible-v1,synthetic,rapid_reversal__test__010,test,150810,clean,deployed_p_only,433,1,command_p,stop-j0-k234,stop,2.34,0,joint_0,2,0.020000000000000018,0.0006896453260696831,0.1,0.1,0.05
paper-evidence-v1-locked-test::deployed_p_only,synthetic-feasible-v1,synthetic,rapid_reversal__test__010,test,150810,clean,deployed_p_only,433,1,command_p,stop-j0-k259,stop,2.59,0,joint_0,2,0.020000000000000018,0.0006819247500340751,0.1,0.1,0.05
paper-evidence-v1-locked-test::deployed_p_only,synthetic-feasible-v1,synthetic,rapid_reversal__test__010,test,150810,clean,deployed_p_only,433,1,command_p,stop-j0-k284,stop,2.84,0,joint_0,2,0.020000000000000018,0.0006748771929493098,0.1,0.1,0.05
paper-evidence-v1-locked-test::deployed_p_only,synthetic-feasible-v1,synthetic,rapid_reversal__test__010,test,150810,clean,deployed_p_only,433,1,command_p,stop-j0-k308,stop,3.08,0,joint_0,2,0.020000000000000018,0.0007816567823870417,0.1,0.1,0.05
paper-evidence-v1-locked-test::deployed_p_only,synthetic-feasible-v1,synthetic,rapid_reversal__test__010,test,150810,clean,deployed_p_only,433,1,command_p,reversal-j0-k310,reversal,3.085,0,joint_0,2,0.020000000000000018,0.0006854190440072226,0.1,0.1,0.05
paper-evidence-v1-locked-test::deployed_p_only,synthetic-feasible-v1,synthetic,rapid_reversal__test__010,test,150810,clean,deployed_p_only,433,1,command_p,stop-j0-k333,stop,3.33,0,joint_0,2,0.020000000000000018,0.0007767580155257355,0.1,0.1,0.05
paper-evidence-v1-locked-test::deployed_p_only,synthetic-feasible-v1,synthetic,rapid_reversal__test__010,test,150810,clean,deployed_p_only,433,1,command_p,stop-j0-k358,stop,3.58,0,joint_0,2,0.020000000000000018,0.0007709798332114678,0.1,0.1,0.05
paper-evidence-v1-locked-test::deployed_p_only,synthetic-feasible-v1,synthetic,rapid_reversal__test__010,test,150810,clean,deployed_p_only,433,1,command_p,stop-j0-k383,stop,3.83,0,joint_0,2,0.020000000000000018,0.0007649672375469993,0.1,0.1,0.05
paper-evidence-v1-locked-test::deployed_p_only,synthetic-feasible-v1,synthetic,rapid_reversal__test__010,test,150810,clean,deployed_p_only,433,1,command_p,stop-j0-k408,stop,4.08,0,joint_0,2,0.020000000000000018,0.0007587697364037109,0.1,0.1,0.05
paper-evidence-v1-locked-test::deployed_p_only,synthetic-feasible-v1,synthetic,rapid_reversal__test__011,test,150811,clean,deployed_p_only,431,1,command_p,stop-j0-k11,stop,0.11,0,joint_0,3,0.03,0.0012745846099279333,0.1,0.1,0.05
paper-evidence-v1-locked-test::deployed_p_only,synthetic-feasible-v1,synthetic,rapid_reversal__test__011,test,150811,clean,deployed_p_only,431,1,command_p,stop-j0-k35,stop,0.35000000000000003,0,joint_0,3,0.03,0.0011574134220326633,0.1,0.1,0.05
paper-evidence-v1-locked-test::deployed_p_only,synthetic-feasible-v1,synthetic,rapid_reversal__test__011,test,150811,clean,deployed_p_only,431,1,command_p,stop-j0-k58,stop,0.58,0,joint_0,3,0.030000000000000027,0.0010095195707703305,0.1,0.1,0.05
paper-evidence-v1-locked-test::deployed_p_only,synthetic-feasible-v1,synthetic,rapid_reversal__test__011,test,150811,clean,deployed_p_only,431,1,command_p,stop-j0-k81,stop,0.81,0,joint_0,3,0.030000000000000027,0.0010968031102205817,0.1,0.1,0.05
paper-evidence-v1-locked-test::deployed_p_only,synthetic-feasible-v1,synthetic,rapid_reversal__test__011,test,150811,clean,deployed_p_only,431,1,command_p,stop-j0-k104,stop,1.04,0,joint_0,3,0.030000000000000027,0.0010655616675885656,0.1,0.1,0.05
paper-evidence-v1-locked-test::deployed_p_only,synthetic-feasible-v1,synthetic,rapid_reversal__test__011,test,150811,clean,deployed_p_only,431,1,command_p,stop-j0-k128,stop,1.28,0,joint_0,3,0.030000000000000027,0.0011657008770208606,0.1,0.1,0.05
paper-evidence-v1-locked-test::deployed_p_only,synthetic-feasible-v1,synthetic,rapid_reversal__test__011,test,150811,clean,deployed_p_only,431,1,command_p,stop-j0-k151,stop,1.51,0,joint_0,3,0.030000000000000027,0.0011361575011508487,0.1,0.1,0.05
paper-evidence-v1-locked-test::deployed_p_only,synthetic-feasible-v1,synthetic,rapid_reversal__test__011,test,150811,clean,deployed_p_only,431,1,command_p,stop-j0-k174,stop,1.74,0,joint_0,3,0.030000000000000027,0.001106154041591784,0.1,0.1,0.05
paper-evidence-v1-locked-test::deployed_p_only,synthetic-feasible-v1,synthetic,rapid_reversal__test__011,test,150811,clean,deployed_p_only,431,1,command_p,stop-j0-k197,stop,1.97,0,joint_0,3,0.030000000000000027,0.0010753006138811397,0.1,0.1,0.05
paper-evidence-v1-locked-test::deployed_p_only,synthetic-feasible-v1,synthetic,rapid_reversal__test__011,test,150811,clean,deployed_p_only,431,1,command_p,stop-j0-k220,stop,2.2,0,joint_0,3,0.029999999999999805,0.0010663968721864128,0.1,0.1,0.05
paper-evidence-v1-locked-test::deployed_p_only,synthetic-feasible-v1,synthetic,rapid_reversal__test__011,test,150811,clean,deployed_p_only,431,1,command_p,stop-j0-k244,stop,2.44,0,joint_0,3,0.030000000000000027,0.0011442110295240486,0.1,0.1,0.05
paper-evidence-v1-locked-test::deployed_p_only,synthetic-feasible-v1,synthetic,rapid_reversal__test__011,test,150811,clean,deployed_p_only,431,1,command_p,stop-j0-k267,stop,2.67,0,joint_0,3,0.030000000000000027,0.0011149796274656373,0.1,0.1,0.05
paper-evidence-v1-locked-test::deployed_p_only,synthetic-feasible-v1,synthetic,rapid_reversal__test__011,test,150811,clean,deployed_p_only,431,1,command_p,stop-j0-k290,stop,2.9,0,joint_0,3,0.029999999999999805,0.0010844444522103232,0.1,0.1,0.05
paper-evidence-v1-locked-test::deployed_p_only,synthetic-feasible-v1,synthetic,rapid_reversal__test__011,test,150811,clean,deployed_p_only,431,1,command_p,stop-j0-k313,stop,3.13,0,joint_0,3,0.029999999999999805,0.00104902658145105,0.1,0.1,0.05
paper-evidence-v1-locked-test::deployed_p_only,synthetic-feasible-v1,synthetic,rapid_reversal__test__011,test,150811,clean,deployed_p_only,431,1,command_p,stop-j0-k337,stop,3.37,0,joint_0,3,0.029999999999999805,0.0011521559280594483,0.1,0.1,0.05
paper-evidence-v1-locked-test::deployed_p_only,synthetic-feasible-v1,synthetic,rapid_reversal__test__011,test,150811,clean,deployed_p_only,431,1,command_p,stop-j0-k360,stop,3.6,0,joint_0,3,0.029999999999999805,0.001123334563143927,0.1,0.1,0.05
paper-evidence-v1-locked-test::deployed_p_only,synthetic-feasible-v1,synthetic,rapid_reversal__test__011,test,150811,clean,deployed_p_only,431,1,command_p,stop-j0-k383,stop,3.83,0,joint_0,3,0.029999999999999805,0.0010994019705444003,0.1,0.1,0.05
paper-evidence-v1-locked-test::deployed_p_only,synthetic-feasible-v1,synthetic,rapid_reversal__test__011,test,150811,clean,deployed_p_only,431,1,command_p,stop-j0-k406,stop,4.0600000000000005,0,joint_0,3,0.03000000000000025,0.0010861050661553197,0.1,0.1,0.05
paper-evidence-v1-locked-test::deployed_p_only,synthetic-feasible-v1,synthetic,rapid_reversal__test__012,test,150812,clean,deployed_p_only,408,1,command_p,stop-j0-k30,stop,0.3,0,joint_0,4,0.03999999999999998,0.0019468618239885742,0.1,0.1,0.05
paper-evidence-v1-locked-test::deployed_p_only,synthetic-feasible-v1,synthetic,rapid_reversal__test__012,test,150812,clean,deployed_p_only,408,1,command_p,stop-j0-k58,stop,0.58,0,joint_0,4,0.040000000000000036,0.001526142703196509,0.1,0.1,0.05
paper-evidence-v1-locked-test::deployed_p_only,synthetic-feasible-v1,synthetic,rapid_reversal__test__012,test,150812,clean,deployed_p_only,408,1,command_p,stop-j0-k87,stop,0.87,0,joint_0,4,0.040000000000000036,0.002027471664511389,0.1,0.1,0.05
paper-evidence-v1-locked-test::deployed_p_only,synthetic-feasible-v1,synthetic,rapid_reversal__test__012,test,150812,clean,deployed_p_only,408,1,command_p,stop-j0-k115,stop,1.1500000000000001,0,joint_0,4,0.040000000000000036,0.001899064561643541,0.1,0.1,0.05
paper-evidence-v1-locked-test::deployed_p_only,synthetic-feasible-v1,synthetic,rapid_reversal__test__012,test,150812,clean,deployed_p_only,408,1,command_p,stop-j0-k143,stop,1.43,0,joint_0,4,0.040000000000000036,0.001774089893388573,0.1,0.1,0.05
paper-evidence-v1-locked-test::deployed_p_only,synthetic-feasible-v1,synthetic,rapid_reversal__test__012,test,150812,clean,deployed_p_only,408,1,command_p,reversal-j0-k145,reversal,1.435,0,joint_0,4,0.040000000000000036,0.001787855875009353,0.1,0.1,0.05
paper-evidence-v1-locked-test::deployed_p_only,synthetic-feasible-v1,synthetic,rapid_reversal__test__012,test,150812,clean,deployed_p_only,408,1,command_p,stop-j0-k172,stop,1.72,0,joint_0,4,0.040000000000000036,0.0019786521737692416,0.1,0.1,0.05
paper-evidence-v1-locked-test::deployed_p_only,synthetic-feasible-v1,synthetic,rapid_reversal__test__012,test,150812,clean,deployed_p_only,408,1,command_p,stop-j0-k200,stop,2.0,0,joint_0,4,0.040000000000000036,0.0018510112985242616,0.1,0.1,0.05
paper-evidence-v1-locked-test::deployed_p_only,synthetic-feasible-v1,synthetic,rapid_reversal__test__012,test,150812,clean,deployed_p_only,408,1,command_p,stop-j0-k229,stop,2.29,0,joint_0,4,0.040000000000000036,0.0020614289435470817,0.1,0.1,0.05
paper-evidence-v1-locked-test::deployed_p_only,synthetic-feasible-v1,synthetic,rapid_reversal__test__012,test,150812,clean,deployed_p_only,408,1,command_p,stop-j0-k257,stop,2.57,0,joint_0,4,0.040000000000000036,0.001930745111679661,0.1,0.1,0.05
paper-evidence-v1-locked-test::deployed_p_only,synthetic-feasible-v1,synthetic,rapid_reversal__test__012,test,150812,clean,deployed_p_only,408,1,command_p,stop-j0-k285,stop,2.85,0,joint_0,4,0.040000000000000036,0.0018056396649324868,0.1,0.1,0.05
paper-evidence-v1-locked-test::deployed_p_only,synthetic-feasible-v1,synthetic,rapid_reversal__test__012,test,150812,clean,deployed_p_only,408,1,command_p,reversal-j0-k287,reversal,2.855,0,joint_0,4,0.040000000000000036,0.0018195221137713832,0.1,0.1,0.05
paper-evidence-v1-locked-test::deployed_p_only,synthetic-feasible-v1,synthetic,rapid_reversal__test__012,test,150812,clean,deployed_p_only,408,1,command_p,stop-j0-k314,stop,3.14,0,joint_0,4,0.040000000000000036,0.0020108349849604617,0.1,0.1,0.05
paper-evidence-v1-locked-test::deployed_p_only,synthetic-feasible-v1,synthetic,rapid_reversal__test__012,test,150812,clean,deployed_p_only,408,1,command_p,stop-j0-k342,stop,3.42,0,joint_0,4,0.040000000000000036,0.0018828600197636303,0.1,0.1,0.05
paper-evidence-v1-locked-test::deployed_p_only,synthetic-feasible-v1,synthetic,rapid_reversal__test__012,test,150812,clean,deployed_p_only,408,1,command_p,stop-j0-k370,stop,3.7,0,joint_0,4,0.040000000000000036,0.0017716439862894616,0.1,0.1,0.05
paper-evidence-v1-locked-test::deployed_p_only,synthetic-feasible-v1,synthetic,rapid_reversal__test__012,test,150812,clean,deployed_p_only,408,1,command_p,reversal-j0-k372,reversal,3.705,0,joint_0,4,0.040000000000000036,0.0017716439862894616,0.1,0.1,0.05
paper-evidence-v1-locked-test::deployed_p_only,synthetic-feasible-v1,synthetic,rapid_reversal__test__013,test,150813,clean,deployed_p_only,289,1,command_p,stop-j0-k22,stop,0.22,0,joint_0,1,0.010000000000000009,0.0002671818313657638,0.1,0.1,0.05
paper-evidence-v1-locked-test::deployed_p_only,synthetic-feasible-v1,synthetic,rapid_reversal__test__013,test,150813,clean,deployed_p_only,289,1,command_p,stop-j0-k43,stop,0.43,0,joint_0,1,0.010000000000000009,0.00026985667885358057,0.1,0.1,0.05
paper-evidence-v1-locked-test::deployed_p_only,synthetic-feasible-v1,synthetic,rapid_reversal__test__013,test,150813,clean,deployed_p_only,289,1,command_p,stop-j0-k64,stop,0.64,0,joint_0,1,0.010000000000000009,0.0002731665520324354,0.1,0.1,0.05
paper-evidence-v1-locked-test::deployed_p_only,synthetic-feasible-v1,synthetic,rapid_reversal__test__013,test,150813,clean,deployed_p_only,289,1,command_p,reversal-j0-k86,reversal,0.855,0,joint_0,1,0.010000000000000009,0.0002496357847698854,0.1,0.1,0.05
paper-evidence-v1-locked-test::deployed_p_only,synthetic-feasible-v1,synthetic,rapid_reversal__test__013,test,150813,clean,deployed_p_only,289,1,command_p,stop-j0-k107,stop,1.07,0,joint_0,1,0.010000000000000009,0.000239329620819609,0.1,0.1,0.05
paper-evidence-v1-locked-test::deployed_p_only,synthetic-feasible-v1,synthetic,rapid_reversal__test__013,test,150813,clean,deployed_p_only,289,1,command_p,stop-j0-k128,stop,1.28,0,joint_0,1,0.010000000000000009,0.0002704186764938612,0.1,0.1,0.05
paper-evidence-v1-locked-test::deployed_p_only,synthetic-feasible-v1,synthetic,rapid_reversal__test__013,test,150813,clean,deployed_p_only,289,1,command_p,stop-j0-k149,stop,1.49,0,joint_0,1,0.010000000000000009,0.000274496811579385,0.1,0.1,0.05
paper-evidence-v1-locked-test::deployed_p_only,synthetic-feasible-v1,synthetic,rapid_reversal__test__013,test,150813,clean,deployed_p_only,289,1,command_p,stop-j0-k171,stop,1.71,0,joint_0,1,0.010000000000000009,0.00026615314957375837,0.1,0.1,0.05
paper-evidence-v1-locked-test::deployed_p_only,synthetic-feasible-v1,synthetic,rapid_reversal__test__013,test,150813,clean,deployed_p_only,289,1,command_p,stop-j0-k192,stop,1.92,0,joint_0,1,0.010000000000000009,0.00026903822413153693,0.1,0.1,0.05
paper-evidence-v1-locked-test::deployed_p_only,synthetic-feasible-v1,synthetic,rapid_reversal__test__013,test,150813,clean,deployed_p_only,289,1,command_p,stop-j0-k213,stop,2.13,0,joint_0,1,0.010000000000000009,0.0002712282933842112,0.1,0.1,0.05
paper-evidence-v1-locked-test::deployed_p_only,synthetic-feasible-v1,synthetic,rapid_reversal__test__013,test,150813,clean,deployed_p_only,289,1,command_p,stop-j0-k234,stop,2.34,0,joint_0,1,0.010000000000000009,0.00027506604480800233,0.1,0.1,0.05
paper-evidence-v1-locked-test::deployed_p_only,synthetic-feasible-v1,synthetic,rapid_reversal__test__013,test,150813,clean,deployed_p_only,289,1,command_p,stop-j0-k256,stop,2.56,0,joint_0,1,0.009999999999999787,0.00026691903743519824,0.1,0.1,0.05
paper-evidence-v1-locked-test::deployed_p_only,synthetic-feasible-v1,synthetic,rapid_reversal__test__013,test,150813,clean,deployed_p_only,289,1,command_p,stop-j0-k277,stop,2.77,0,joint_0,1,0.009999999999999787,0.000269708709016671,0.1,0.1,0.05
paper-evidence-v1-locked-test::deployed_p_only,synthetic-feasible-v1,synthetic,rapid_reversal__test__014,test,150814,clean,deployed_p_only,429,1,command_p,stop-j0-k13,stop,0.13,0,joint_0,3,0.03,0.0009337507107405036,0.1,0.1,0.05
paper-evidence-v1-locked-test::deployed_p_only,synthetic-feasible-v1,synthetic,rapid_reversal__test__014,test,150814,clean,deployed_p_only,429,1,command_p,stop-j0-k37,stop,0.37,0,joint_0,2,0.020000000000000018,0.0007554252433701743,0.1,0.1,0.05
paper-evidence-v1-locked-test::deployed_p_only,synthetic-feasible-v1,synthetic,rapid_reversal__test__014,test,150814,clean,deployed_p_only,429,1,command_p,stop-j0-k62,stop,0.62,0,joint_0,2,0.020000000000000018,0.0006926212234656944,0.1,0.1,0.05
paper-evidence-v1-locked-test::deployed_p_only,synthetic-feasible-v1,synthetic,rapid_reversal__test__014,test,150814,clean,deployed_p_only,429,1,command_p,stop-j0-k86,stop,0.86,0,joint_0,2,0.020000000000000018,0.0007533487093103723,0.1,0.1,0.05
paper-evidence-v1-locked-test::deployed_p_only,synthetic-feasible-v1,synthetic,rapid_reversal__test__014,test,150814,clean,deployed_p_only,429,1,command_p,stop-j0-k111,stop,1.11,0,joint_0,2,0.020000000000000018,0.0006899846338244828,0.1,0.1,0.05
paper-evidence-v1-locked-test::deployed_p_only,synthetic-feasible-v1,synthetic,rapid_reversal__test__014,test,150814,clean,deployed_p_only,429,1,command_p,stop-j0-k135,stop,1.35,0,joint_0,2,0.020000000000000018,0.0007371248092881736,0.1,0.1,0.05
paper-evidence-v1-locked-test::deployed_p_only,synthetic-feasible-v1,synthetic,rapid_reversal__test__014,test,150814,clean,deployed_p_only,429,1,command_p,stop-j0-k160,stop,1.6,0,joint_0,2,0.020000000000000018,0.0006873336149742729,0.1,0.1,0.05
paper-evidence-v1-locked-test::deployed_p_only,synthetic-feasible-v1,synthetic,rapid_reversal__test__014,test,150814,clean,deployed_p_only,429,1,command_p,stop-j0-k184,stop,1.84,0,joint_0,2,0.020000000000000018,0.0007349072760382689,0.1,0.1,0.05
paper-evidence-v1-locked-test::deployed_p_only,synthetic-feasible-v1,synthetic,rapid_reversal__test__014,test,150814,clean,deployed_p_only,429,1,command_p,stop-j0-k209,stop,2.09,0,joint_0,2,0.020000000000000018,0.0006846658236548392,0.1,0.1,0.05
paper-evidence-v1-locked-test::deployed_p_only,synthetic-feasible-v1,synthetic,rapid_reversal__test__014,test,150814,clean,deployed_p_only,429,1,command_p,stop-j0-k233,stop,2.33,0,joint_0,2,0.020000000000000018,0.000732654538072351,0.1,0.1,0.05
paper-evidence-v1-locked-test::deployed_p_only,synthetic-feasible-v1,synthetic,rapid_reversal__test__014,test,150814,clean,deployed_p_only,429,1,command_p,stop-j0-k258,stop,2.58,0,joint_0,2,0.020000000000000018,0.000681957896423822,0.1,0.1,0.05
paper-evidence-v1-locked-test::deployed_p_only,synthetic-feasible-v1,synthetic,rapid_reversal__test__014,test,150814,clean,deployed_p_only,429,1,command_p,stop-j0-k282,stop,2.82,0,joint_0,2,0.020000000000000018,0.0007303730463520108,0.1,0.1,0.05
paper-evidence-v1-locked-test::deployed_p_only,synthetic-feasible-v1,synthetic,rapid_reversal__test__014,test,150814,clean,deployed_p_only,429,1,command_p,stop-j0-k307,stop,3.0700000000000003,0,joint_0,2,0.020000000000000018,0.0005770287300471458,0.1,0.1,0.05
paper-evidence-v1-locked-test::deployed_p_only,synthetic-feasible-v1,synthetic,rapid_reversal__test__014,test,150814,clean,deployed_p_only,429,1,command_p,stop-j0-k331,stop,3.31,0,joint_0,2,0.020000000000000018,0.000728062462034626,0.1,0.1,0.05
paper-evidence-v1-locked-test::deployed_p_only,synthetic-feasible-v1,synthetic,rapid_reversal__test__014,test,150814,clean,deployed_p_only,429,1,command_p,stop-j0-k356,stop,3.56,0,joint_0,2,0.020000000000000018,0.0006764127168317937,0.1,0.1,0.05
paper-evidence-v1-locked-test::deployed_p_only,synthetic-feasible-v1,synthetic,rapid_reversal__test__014,test,150814,clean,deployed_p_only,429,1,command_p,stop-j0-k380,stop,3.8000000000000003,0,joint_0,2,0.020000000000000018,0.0006343947595325573,0.1,0.1,0.05
paper-evidence-v1-locked-test::deployed_p_only,synthetic-feasible-v1,synthetic,rapid_reversal__test__014,test,150814,clean,deployed_p_only,429,1,command_p,stop-j0-k405,stop,4.05,0,joint_0,2,0.020000000000000018,0.0006735726255495966,0.1,0.1,0.05
paper-evidence-v1-locked-test::deployed_p_only,synthetic-feasible-v1,synthetic,rapid_reversal__test__015,test,150815,clean,deployed_p_only,304,1,command_p,stop-j0-k27,stop,0.27,0,joint_0,4,0.04000000000000001,0.0014244515587430184,0.1,0.1,0.05
paper-evidence-v1-locked-test::deployed_p_only,synthetic-feasible-v1,synthetic,rapid_reversal__test__015,test,150815,clean,deployed_p_only,304,1,command_p,stop-j0-k57,stop,0.5700000000000001,0,joint_0,4,0.040000000000000036,0.001518228199702361,0.1,0.1,0.05
paper-evidence-v1-locked-test::deployed_p_only,synthetic-feasible-v1,synthetic,rapid_reversal__test__015,test,150815,clean,deployed_p_only,304,1,command_p,stop-j0-k87,stop,0.87,0,joint_0,4,0.040000000000000036,0.001525277935783539,0.1,0.1,0.05
paper-evidence-v1-locked-test::deployed_p_only,synthetic-feasible-v1,synthetic,rapid_reversal__test__015,test,150815,clean,deployed_p_only,304,1,command_p,stop-j0-k117,stop,1.17,0,joint_0,4,0.040000000000000036,0.001575497966661961,0.1,0.1,0.05
paper-evidence-v1-locked-test::deployed_p_only,synthetic-feasible-v1,synthetic,rapid_reversal__test__015,test,150815,clean,deployed_p_only,304,1,command_p,stop-j0-k147,stop,1.47,0,joint_0,4,0.040000000000000036,0.00162594324348221,0.1,0.1,0.05
paper-evidence-v1-locked-test::deployed_p_only,synthetic-feasible-v1,synthetic,rapid_reversal__test__015,test,150815,clean,deployed_p_only,304,1,command_p,stop-j0-k177,stop,1.77,0,joint_0,3,0.030000000000000027,0.0016304820561974288,0.1,0.1,0.05
paper-evidence-v1-locked-test::deployed_p_only,synthetic-feasible-v1,synthetic,rapid_reversal__test__015,test,150815,clean,deployed_p_only,304,1,command_p,stop-j0-k207,stop,2.07,0,joint_0,3,0.029999999999999805,0.0016073626299966497,0.1,0.1,0.05
paper-evidence-v1-locked-test::deployed_p_only,synthetic-feasible-v1,synthetic,rapid_reversal__test__015,test,150815,clean,deployed_p_only,304,1,command_p,stop-j0-k236,stop,2.36,0,joint_0,4,0.040000000000000036,0.0014522084850425367,0.1,0.1,0.05
paper-evidence-v1-locked-test::deployed_p_only,synthetic-feasible-v1,synthetic,rapid_reversal__test__015,test,150815,clean,deployed_p_only,304,1,command_p,reversal-j0-k238,reversal,2.365,0,joint_0,4,0.040000000000000036,0.0014951943429229704,0.1,0.1,0.05
paper-evidence-v1-locked-test::deployed_p_only,synthetic-feasible-v1,synthetic,rapid_reversal__test__015,test,150815,clean,deployed_p_only,304,1,command_p,stop-j0-k266,stop,2.66,0,joint_0,4,0.040000000000000036,0.001502660482253924,0.1,0.1,0.05
paper-evidence-v1-locked-test::deployed_p_only,synthetic-feasible-v1,synthetic,rapid_reversal__test__016,test,150816,clean,deployed_p_only,341,1,command_p,stop-j0-k42,stop,0.42,0,joint_0,5,0.04999999999999999,0.0019689651747906364,0.1,0.1,0.05
paper-evidence-v1-locked-test::deployed_p_only,synthetic-feasible-v1,synthetic,rapid_reversal__test__016,test,150816,clean,deployed_p_only,341,1,command_p,reversal-j0-k44,reversal,0.42500000000000004,0,joint_0,5,0.04999999999999999,0.0018569488015825802,0.1,0.1,0.05
paper-evidence-v1-locked-test::deployed_p_only,synthetic-feasible-v1,synthetic,rapid_reversal__test__016,test,150816,clean,deployed_p_only,341,1,command_p,stop-j0-k82,stop,0.8200000000000001,0,joint_0,5,0.050000000000000044,0.002108512138114137,0.1,0.1,0.05
paper-evidence-v1-locked-test::deployed_p_only,synthetic-feasible-v1,synthetic,rapid_reversal__test__016,test,150816,clean,deployed_p_only,341,1,command_p,stop-j0-k121,stop,1.21,0,joint_0,5,0.050000000000000044,0.00206274239385328,0.1,0.1,0.05
paper-evidence-v1-locked-test::deployed_p_only,synthetic-feasible-v1,synthetic,rapid_reversal__test__016,test,150816,clean,deployed_p_only,341,1,command_p,reversal-j0-k123,reversal,1.2149999999999999,0,joint_0,5,0.050000000000000044,0.001997739325224506,0.1,0.1,0.05
paper-evidence-v1-locked-test::deployed_p_only,synthetic-feasible-v1,synthetic,rapid_reversal__test__016,test,150816,clean,deployed_p_only,341,1,command_p,stop-j0-k160,stop,1.6,0,joint_0,5,0.050000000000000044,0.00200067542475478,0.1,0.1,0.05
paper-evidence-v1-locked-test::deployed_p_only,synthetic-feasible-v1,synthetic,rapid_reversal__test__016,test,150816,clean,deployed_p_only,341,1,command_p,reversal-j0-k162,reversal,1.605,0,joint_0,5,0.050000000000000044,0.0019067883578479914,0.1,0.1,0.05
paper-evidence-v1-locked-test::deployed_p_only,synthetic-feasible-v1,synthetic,rapid_reversal__test__016,test,150816,clean,deployed_p_only,341,1,command_p,stop-j0-k199,stop,1.99,0,joint_0,5,0.04999999999999982,0.0019521353154121977,0.1,0.1,0.05
paper-evidence-v1-locked-test::deployed_p_only,synthetic-feasible-v1,synthetic,rapid_reversal__test__016,test,150816,clean,deployed_p_only,341,1,command_p,reversal-j0-k201,reversal,1.995,0,joint_0,5,0.04999999999999982,0.0018288346009196854,0.1,0.1,0.05
paper-evidence-v1-locked-test::deployed_p_only,synthetic-feasible-v1,synthetic,rapid_reversal__test__016,test,150816,clean,deployed_p_only,341,1,command_p,stop-j0-k239,stop,2.39,0,joint_0,5,0.04999999999999982,0.002111627621970398,0.1,0.1,0.05
paper-evidence-v1-locked-test::deployed_p_only,synthetic-feasible-v1,synthetic,rapid_reversal__test__016,test,150816,clean,deployed_p_only,341,1,command_p,stop-j0-k278,stop,2.7800000000000002,0,joint_0,5,0.04999999999999982,0.0019619562459315255,0.1,0.1,0.05
paper-evidence-v1-locked-test::deployed_p_only,synthetic-feasible-v1,synthetic,rapid_reversal__test__016,test,150816,clean,deployed_p_only,341,1,command_p,reversal-j0-k280,reversal,2.785,0,joint_0,5,0.04999999999999982,0.0019619562459315255,0.1,0.1,0.05
paper-evidence-v1-locked-test::deployed_p_only,synthetic-feasible-v1,synthetic,rapid_reversal__test__016,test,150816,clean,deployed_p_only,341,1,command_p,stop-j0-k317,stop,3.17,0,joint_0,5,0.04999999999999982,0.0019799980024295606,0.1,0.1,0.05
paper-evidence-v1-locked-test::deployed_p_only,synthetic-feasible-v1,synthetic,rapid_reversal__test__016,test,150816,clean,deployed_p_only,341,1,command_p,reversal-j0-k319,reversal,3.175,0,joint_0,5,0.04999999999999982,0.0018747313254608353,0.1,0.1,0.05
paper-evidence-v1-locked-test::deployed_p_only,synthetic-feasible-v1,synthetic,rapid_reversal__test__017,test,150817,clean,deployed_p_only,342,1,command_p,stop-j0-k22,stop,0.22,0,joint_0,2,0.01999999999999999,0.00028538637760684715,0.1,0.1,0.05
paper-evidence-v1-locked-test::deployed_p_only,synthetic-feasible-v1,synthetic,rapid_reversal__test__017,test,150817,clean,deployed_p_only,342,1,command_p,stop-j0-k45,stop,0.45,0,joint_0,2,0.020000000000000018,0.0002860410928009488,0.1,0.1,0.05
paper-evidence-v1-locked-test::deployed_p_only,synthetic-feasible-v1,synthetic,rapid_reversal__test__017,test,150817,clean,deployed_p_only,342,1,command_p,stop-j0-k68,stop,0.68,0,joint_0,2,0.020000000000000018,0.0002868159410397857,0.1,0.1,0.05
paper-evidence-v1-locked-test::deployed_p_only,synthetic-feasible-v1,synthetic,rapid_reversal__test__017,test,150817,clean,deployed_p_only,342,1,command_p,stop-j0-k91,stop,0.91,0,joint_0,2,0.020000000000000018,0.0002873358580942951,0.1,0.1,0.05
paper-evidence-v1-locked-test::deployed_p_only,synthetic-feasible-v1,synthetic,rapid_reversal__test__017,test,150817,clean,deployed_p_only,342,1,command_p,stop-j0-k114,stop,1.1400000000000001,0,joint_0,2,0.020000000000000018,0.00028761759095532335,0.1,0.1,0.05
paper-evidence-v1-locked-test::deployed_p_only,synthetic-feasible-v1,synthetic,rapid_reversal__test__017,test,150817,clean,deployed_p_only,342,1,command_p,reversal-j0-k138,reversal,1.375,0,joint_0,1,0.010000000000000009,0.00025317965347143476,0.1,0.1,0.05
paper-evidence-v1-locked-test::deployed_p_only,synthetic-feasible-v1,synthetic,rapid_reversal__test__017,test,150817,clean,deployed_p_only,342,1,command_p,stop-j0-k161,stop,1.61,0,joint_0,1,0.010000000000000009,0.0002697600844570407,0.1,0.1,0.05
paper-evidence-v1-locked-test::deployed_p_only,synthetic-feasible-v1,synthetic,rapid_reversal__test__017,test,150817,clean,deployed_p_only,342,1,command_p,stop-j0-k184,stop,1.84,0,joint_0,1,0.010000000000000009,0.00027075765693569155,0.1,0.1,0.05
paper-evidence-v1-locked-test::deployed_p_only,synthetic-feasible-v1,synthetic,rapid_reversal__test__017,test,150817,clean,deployed_p_only,342,1,command_p,stop-j0-k207,stop,2.07,0,joint_0,1,0.010000000000000009,0.0002717904395438407,0.1,0.1,0.05
paper-evidence-v1-locked-test::deployed_p_only,synthetic-feasible-v1,synthetic,rapid_reversal__test__017,test,150817,clean,deployed_p_only,342,1,command_p,stop-j0-k230,stop,2.3000000000000003,0,joint_0,1,0.009999999999999787,0.00023402476326604032,0.1,0.1,0.05
paper-evidence-v1-locked-test::deployed_p_only,synthetic-feasible-v1,synthetic,rapid_reversal__test__017,test,150817,clean,deployed_p_only,342,1,command_p,stop-j0-k253,stop,2.5300000000000002,0,joint_0,1,0.009999999999999787,0.0002349784008288558,0.1,0.1,0.05
paper-evidence-v1-locked-test::deployed_p_only,synthetic-feasible-v1,synthetic,rapid_reversal__test__017,test,150817,clean,deployed_p_only,342,1,command_p,stop-j0-k276,stop,2.7600000000000002,0,joint_0,1,0.009999999999999787,0.0002358157362896874,0.1,0.1,0.05
paper-evidence-v1-locked-test::deployed_p_only,synthetic-feasible-v1,synthetic,rapid_reversal__test__017,test,150817,clean,deployed_p_only,342,1,command_p,stop-j0-k299,stop,2.99,0,joint_0,1,0.009999999999999787,0.00023658000058179084,0.1,0.1,0.05
paper-evidence-v1-locked-test::deployed_p_only,synthetic-feasible-v1,synthetic,rapid_reversal__test__017,test,150817,clean,deployed_p_only,342,1,command_p,stop-j0-k322,stop,3.22,0,joint_0,1,0.009999999999999787,0.00023742305637094958,0.1,0.1,0.05
paper-evidence-v1-locked-test::deployed_p_only,synthetic-feasible-v1,synthetic,rapid_reversal__test__018,test,150818,clean,deployed_p_only,447,1,command_p,stop-j0-k29,stop,0.29,0,joint_0,2,0.020000000000000018,0.000561643014848133,0.1,0.1,0.05
paper-evidence-v1-locked-test::deployed_p_only,synthetic-feasible-v1,synthetic,rapid_reversal__test__018,test,150818,clean,deployed_p_only,447,1,command_p,reversal-j0-k52,reversal,0.515,0,joint_0,2,0.020000000000000018,0.000540990473005459,0.1,0.1,0.05
paper-evidence-v1-locked-test::deployed_p_only,synthetic-feasible-v1,synthetic,rapid_reversal__test__018,test,150818,clean,deployed_p_only,447,1,command_p,stop-j0-k74,stop,0.74,0,joint_0,2,0.020000000000000018,0.0005570657473624892,0.1,0.1,0.05
paper-evidence-v1-locked-test::deployed_p_only,synthetic-feasible-v1,synthetic,rapid_reversal__test__018,test,150818,clean,deployed_p_only,447,1,command_p,stop-j0-k96,stop,0.96,0,joint_0,2,0.020000000000000018,0.0005606235885222565,0.1,0.1,0.05
paper-evidence-v1-locked-test::deployed_p_only,synthetic-feasible-v1,synthetic,rapid_reversal__test__018,test,150818,clean,deployed_p_only,447,1,command_p,stop-j0-k118,stop,1.18,0,joint_0,2,0.020000000000000018,0.0005742852569226229,0.1,0.1,0.05
paper-evidence-v1-locked-test::deployed_p_only,synthetic-feasible-v1,synthetic,rapid_reversal__test__018,test,150818,clean,deployed_p_only,447,1,command_p,stop-j0-k141,stop,1.41,0,joint_0,2,0.020000000000000018,0.0005429240853340845,0.1,0.1,0.05
paper-evidence-v1-locked-test::deployed_p_only,synthetic-feasible-v1,synthetic,rapid_reversal__test__018,test,150818,clean,deployed_p_only,447,1,command_p,stop-j0-k163,stop,1.6300000000000001,0,joint_0,2,0.020000000000000018,0.0005595883724130291,0.1,0.1,0.05
paper-evidence-v1-locked-test::deployed_p_only,synthetic-feasible-v1,synthetic,rapid_reversal__test__018,test,150818,clean,deployed_p_only,447,1,command_p,stop-j0-k185,stop,1.85,0,joint_0,2,0.020000000000000018,0.0005734319154135747,0.1,0.1,0.05
paper-evidence-v1-locked-test::deployed_p_only,synthetic-feasible-v1,synthetic,rapid_reversal__test__018,test,150818,clean,deployed_p_only,447,1,command_p,stop-j0-k208,stop,2.08,0,joint_0,2,0.020000000000000018,0.0005415265470574302,0.1,0.1,0.05
paper-evidence-v1-locked-test::deployed_p_only,synthetic-feasible-v1,synthetic,rapid_reversal__test__018,test,150818,clean,deployed_p_only,447,1,command_p,stop-j0-k230,stop,2.3000000000000003,0,joint_0,2,0.020000000000000018,0.0005141161734315084,0.1,0.1,0.05
paper-evidence-v1-locked-test::deployed_p_only,synthetic-feasible-v1,synthetic,rapid_reversal__test__018,test,150818,clean,deployed_p_only,447,1,command_p,stop-j0-k252,stop,2.52,0,joint_0,2,0.020000000000000018,0.0005725373414096435,0.1,0.1,0.05
paper-evidence-v1-locked-test::deployed_p_only,synthetic-feasible-v1,synthetic,rapid_reversal__test__018,test,150818,clean,deployed_p_only,447,1,command_p,stop-j0-k275,stop,2.75,0,joint_0,2,0.020000000000000018,0.0005400756770176403,0.1,0.1,0.05
paper-evidence-v1-locked-test::deployed_p_only,synthetic-feasible-v1,synthetic,rapid_reversal__test__018,test,150818,clean,deployed_p_only,447,1,command_p,stop-j0-k297,stop,2.97,0,joint_0,2,0.020000000000000018,0.0005124432714454803,0.1,0.1,0.05
paper-evidence-v1-locked-test::deployed_p_only,synthetic-feasible-v1,synthetic,rapid_reversal__test__018,test,150818,clean,deployed_p_only,447,1,command_p,stop-j0-k319,stop,3.19,0,joint_0,2,0.020000000000000018,0.0005716053863067909,0.1,0.1,0.05
paper-evidence-v1-locked-test::deployed_p_only,synthetic-feasible-v1,synthetic,rapid_reversal__test__018,test,150818,clean,deployed_p_only,447,1,command_p,stop-j0-k342,stop,3.42,0,joint_0,2,0.020000000000000018,0.0005385710102684052,0.1,0.1,0.05
paper-evidence-v1-locked-test::deployed_p_only,synthetic-feasible-v1,synthetic,rapid_reversal__test__018,test,150818,clean,deployed_p_only,447,1,command_p,stop-j0-k364,stop,3.64,0,joint_0,2,0.020000000000000018,0.0005563884649780638,0.1,0.1,0.05
paper-evidence-v1-locked-test::deployed_p_only,synthetic-feasible-v1,synthetic,rapid_reversal__test__018,test,150818,clean,deployed_p_only,447,1,command_p,stop-j0-k386,stop,3.86,0,joint_0,2,0.020000000000000018,0.0005706384417872348,0.1,0.1,0.05
paper-evidence-v1-locked-test::deployed_p_only,synthetic-feasible-v1,synthetic,rapid_reversal__test__018,test,150818,clean,deployed_p_only,447,1,command_p,stop-j0-k409,stop,4.09,0,joint_0,2,0.019999999999999574,0.0005370124899275016,0.1,0.1,0.05
paper-evidence-v1-locked-test::deployed_p_only,synthetic-feasible-v1,synthetic,rapid_reversal__test__018,test,150818,clean,deployed_p_only,447,1,command_p,stop-j0-k431,stop,4.3100000000000005,0,joint_0,2,0.020000000000000018,0.0005090533939551554,0.1,0.1,0.05
paper-evidence-v1-locked-test::deployed_p_only,synthetic-feasible-v1,synthetic,rapid_reversal__test__019,test,150819,clean,deployed_p_only,255,1,command_p,stop-j0-k36,stop,0.36,0,joint_0,4,0.03999999999999998,0.0012752046283954805,0.1,0.1,0.05
paper-evidence-v1-locked-test::deployed_p_only,synthetic-feasible-v1,synthetic,rapid_reversal__test__019,test,150819,clean,deployed_p_only,255,1,command_p,stop-j0-k73,stop,0.73,0,joint_0,4,0.040000000000000036,0.001240803334466034,0.1,0.1,0.05
paper-evidence-v1-locked-test::deployed_p_only,synthetic-feasible-v1,synthetic,rapid_reversal__test__019,test,150819,clean,deployed_p_only,255,1,command_p,stop-j0-k110,stop,1.1,0,joint_0,4,0.040000000000000036,0.0014195093783438573,0.1,0.1,0.05
paper-evidence-v1-locked-test::deployed_p_only,synthetic-feasible-v1,synthetic,rapid_reversal__test__019,test,150819,clean,deployed_p_only,255,1,command_p,reversal-j0-k112,reversal,1.105,0,joint_0,4,0.040000000000000036,0.0013525834978012966,0.1,0.1,0.05
paper-evidence-v1-locked-test::deployed_p_only,synthetic-feasible-v1,synthetic,rapid_reversal__test__019,test,150819,clean,deployed_p_only,255,1,command_p,stop-j0-k147,stop,1.47,0,joint_0,4,0.040000000000000036,0.0013915435369660429,0.1,0.1,0.05
paper-evidence-v1-locked-test::deployed_p_only,synthetic-feasible-v1,synthetic,rapid_reversal__test__019,test,150819,clean,deployed_p_only,255,1,command_p,reversal-j0-k149,reversal,1.475,0,joint_0,4,0.040000000000000036,0.0013010586130309011,0.1,0.1,0.05
paper-evidence-v1-locked-test::deployed_p_only,synthetic-feasible-v1,synthetic,rapid_reversal__test__019,test,150819,clean,deployed_p_only,255,1,command_p,stop-j0-k185,stop,1.85,0,joint_0,4,0.040000000000000036,0.0014830930622472152,0.1,0.1,0.05
paper-evidence-v1-locked-test::deployed_p_only,synthetic-feasible-v1,synthetic,rapid_reversal__test__019,test,150819,clean,deployed_p_only,255,1,command_p,stop-j0-k222,stop,2.22,0,joint_0,4,0.040000000000000036,0.0013864561797238063,0.1,0.1,0.05
paper-evidence-v1-locked-test::deployed_p_only,synthetic-feasible-v1,synthetic,rapid_reversal__test__019,test,150819,clean,deployed_p_only,255,1,command_p,reversal-j0-k224,reversal,2.225,0,joint_0,4,0.040000000000000036,0.0013864561797238063,0.1,0.1,0.05
paper-evidence-v1-locked-test::deployed_p_only,synthetic-feasible-v1,synthetic,rapid_reversal__test__020,test,150820,clean,deployed_p_only,380,1,command_p,stop-j0-k24,stop,0.24,0,joint_0,3,0.03,0.0012853741857352988,0.1,0.1,0.05
paper-evidence-v1-locked-test::deployed_p_only,synthetic-feasible-v1,synthetic,rapid_reversal__test__020,test,150820,clean,deployed_p_only,380,1,command_p,stop-j0-k46,stop,0.46,0,joint_0,3,0.030000000000000027,0.0014401987678133643,0.1,0.1,0.05
paper-evidence-v1-locked-test::deployed_p_only,synthetic-feasible-v1,synthetic,rapid_reversal__test__020,test,150820,clean,deployed_p_only,380,1,command_p,stop-j0-k67,stop,0.67,0,joint_0,3,0.030000000000000027,0.001414209814554656,0.1,0.1,0.05
paper-evidence-v1-locked-test::deployed_p_only,synthetic-feasible-v1,synthetic,rapid_reversal__test__020,test,150820,clean,deployed_p_only,380,1,command_p,stop-j0-k88,stop,0.88,0,joint_0,3,0.030000000000000027,0.0013843102147723986,0.1,0.1,0.05
paper-evidence-v1-locked-test::deployed_p_only,synthetic-feasible-v1,synthetic,rapid_reversal__test__020,test,150820,clean,deployed_p_only,380,1,command_p,reversal-j0-k110,reversal,1.0950000000000002,0,joint_0,3,0.030000000000000027,0.0013889203593615547,0.1,0.1,0.05
paper-evidence-v1-locked-test::deployed_p_only,synthetic-feasible-v1,synthetic,rapid_reversal__test__020,test,150820,clean,deployed_p_only,380,1,command_p,stop-j0-k131,stop,1.31,0,joint_0,3,0.030000000000000027,0.001424363714345649,0.1,0.1,0.05
paper-evidence-v1-locked-test::deployed_p_only,synthetic-feasible-v1,synthetic,rapid_reversal__test__020,test,150820,clean,deployed_p_only,380,1,command_p,stop-j0-k152,stop,1.52,0,joint_0,3,0.030000000000000027,0.001395506120829785,0.1,0.1,0.05
paper-evidence-v1-locked-test::deployed_p_only,synthetic-feasible-v1,synthetic,rapid_reversal__test__020,test,150820,clean,deployed_p_only,380,1,command_p,reversal-j0-k174,reversal,1.7349999999999999,0,joint_0,3,0.030000000000000027,0.0014003903670817932,0.1,0.1,0.05
paper-evidence-v1-locked-test::deployed_p_only,synthetic-feasible-v1,synthetic,rapid_reversal__test__020,test,150820,clean,deployed_p_only,380,1,command_p,stop-j0-k195,stop,1.95,0,joint_0,3,0.030000000000000027,0.0014337339331313083,0.1,0.1,0.05
paper-evidence-v1-locked-test::deployed_p_only,synthetic-feasible-v1,synthetic,rapid_reversal__test__020,test,150820,clean,deployed_p_only,380,1,command_p,stop-j0-k216,stop,2.16,0,joint_0,3,0.029999999999999805,0.0014376140409118247,0.1,0.1,0.05
paper-evidence-v1-locked-test::deployed_p_only,synthetic-feasible-v1,synthetic,rapid_reversal__test__020,test,150820,clean,deployed_p_only,380,1,command_p,stop-j0-k237,stop,2.37,0,joint_0,3,0.029999999999999805,0.0013759581989175635,0.1,0.1,0.05
paper-evidence-v1-locked-test::deployed_p_only,synthetic-feasible-v1,synthetic,rapid_reversal__test__020,test,150820,clean,deployed_p_only,380,1,command_p,stop-j0-k259,stop,2.59,0,joint_0,3,0.029999999999999805,0.0014430916656037846,0.1,0.1,0.05
paper-evidence-v1-locked-test::deployed_p_only,synthetic-feasible-v1,synthetic,rapid_reversal__test__020,test,150820,clean,deployed_p_only,380,1,command_p,stop-j0-k280,stop,2.8000000000000003,0,joint_0,3,0.029999999999999805,0.0014462623246738221,0.1,0.1,0.05
paper-evidence-v1-locked-test::deployed_p_only,synthetic-feasible-v1,synthetic,rapid_reversal__test__020,test,150820,clean,deployed_p_only,380,1,command_p,stop-j0-k301,stop,3.0100000000000002,0,joint_0,3,0.029999999999999805,0.0014217099127863586,0.1,0.1,0.05
paper-evidence-v1-locked-test::deployed_p_only,synthetic-feasible-v1,synthetic,rapid_reversal__test__020,test,150820,clean,deployed_p_only,380,1,command_p,reversal-j0-k323,reversal,3.225,0,joint_0,3,0.029999999999999805,0.001391964421305857,0.1,0.1,0.05
paper-evidence-v1-locked-test::deployed_p_only,synthetic-feasible-v1,synthetic,rapid_reversal__test__020,test,150820,clean,deployed_p_only,380,1,command_p,stop-j0-k344,stop,3.44,0,joint_0,3,0.030000000000000027,0.001426758642679335,0.1,0.1,0.05
paper-evidence-v1-locked-test::deployed_p_only,synthetic-feasible-v1,synthetic,rapid_reversal__test__020,test,150820,clean,deployed_p_only,380,1,command_p,stop-j0-k365,stop,3.65,0,joint_0,3,0.029999999999999805,0.0013981954998913422,0.1,0.1,0.05
paper-evidence-v1-locked-test::deployed_p_only,synthetic-feasible-v1,synthetic,stop_and_go__test__001,test,140801,clean,deployed_p_only,422,1,command_p,stop-j0-k111,stop,1.11,0,joint_0,1,0.010000000000000009,1.9869126503211866e-05,0.1,0.1,0.05
paper-evidence-v1-locked-test::deployed_p_only,synthetic-feasible-v1,synthetic,stop_and_go__test__001,test,140801,clean,deployed_p_only,422,1,command_p,reversal-j0-k188,reversal,1.4900000000000002,0,joint_0,0,0.0,2.7755575615628914e-17,0.1,0.1,0.05
paper-evidence-v1-locked-test::deployed_p_only,synthetic-feasible-v1,synthetic,stop_and_go__test__001,test,140801,clean,deployed_p_only,422,1,command_p,stop-j0-k289,stop,2.89,0,joint_0,1,0.009999999999999787,4.44400650163562e-05,0.1,0.1,0.05
paper-evidence-v1-locked-test::deployed_p_only,synthetic-feasible-v1,synthetic,stop_and_go__test__001,test,140801,clean,deployed_p_only,422,1,command_p,reversal-j0-k351,reversal,3.1950000000000003,0,joint_0,0,0.0,0.0,0.1,0.1,0.05
paper-evidence-v1-locked-test::deployed_p_only,synthetic-feasible-v1,synthetic,stop_and_go__test__002,test,140802,clean,deployed_p_only,279,1,command_p,stop-j0-k73,stop,0.73,0,joint_0,2,0.020000000000000018,0.00018688218928685936,0.1,0.1,0.05
paper-evidence-v1-locked-test::deployed_p_only,synthetic-feasible-v1,synthetic,stop_and_go__test__002,test,140802,clean,deployed_p_only,279,1,command_p,reversal-j0-k124,reversal,0.98,0,joint_0,0,0.0,2.7755575615628914e-17,0.1,0.1,0.05
paper-evidence-v1-locked-test::deployed_p_only,synthetic-feasible-v1,synthetic,stop_and_go__test__002,test,140802,clean,deployed_p_only,279,1,command_p,stop-j0-k191,stop,1.9100000000000001,0,joint_0,3,0.030000000000000027,0.00043603602452111707,0.1,0.1,0.05
paper-evidence-v1-locked-test::deployed_p_only,synthetic-feasible-v1,synthetic,stop_and_go__test__002,test,140802,clean,deployed_p_only,279,1,command_p,reversal-j0-k232,reversal,2.11,0,joint_0,0,0.0,0.0,0.1,0.1,0.05
paper-evidence-v1-locked-test::deployed_p_only,synthetic-feasible-v1,synthetic,stop_and_go__test__003,test,140803,clean,deployed_p_only,337,1,command_p,stop-j0-k88,stop,0.88,0,joint_0,3,0.030000000000000027,0.0005055694689437726,0.1,0.1,0.05
paper-evidence-v1-locked-test::deployed_p_only,synthetic-feasible-v1,synthetic,stop_and_go__test__003,test,140803,clean,deployed_p_only,337,1,command_p,reversal-j0-k150,reversal,1.185,0,joint_0,0,0.0,0.0,0.1,0.1,0.05
paper-evidence-v1-locked-test::deployed_p_only,synthetic-feasible-v1,synthetic,stop_and_go__test__003,test,140803,clean,deployed_p_only,337,1,command_p,stop-j0-k231,stop,2.31,0,joint_0,5,0.04999999999999982,0.0008308983041076291,0.1,0.1,0.05
paper-evidence-v1-locked-test::deployed_p_only,synthetic-feasible-v1,synthetic,stop_and_go__test__003,test,140803,clean,deployed_p_only,337,1,command_p,reversal-j0-k280,reversal,2.5500000000000003,0,joint_0,0,0.0,2.7755575615628914e-16,0.1,0.1,0.05
paper-evidence-v1-locked-test::deployed_p_only,synthetic-feasible-v1,synthetic,stop_and_go__test__004,test,140804,clean,deployed_p_only,269,1,command_p,stop-j0-k71,stop,0.71,0,joint_0,4,0.040000000000000036,0.0007966233112583781,0.1,0.1,0.05
paper-evidence-v1-locked-test::deployed_p_only,synthetic-feasible-v1,synthetic,stop_and_go__test__004,test,140804,clean,deployed_p_only,269,1,command_p,reversal-j0-k120,reversal,0.95,0,joint_0,0,0.0,5.551115123125783e-17,0.1,0.1,0.05
paper-evidence-v1-locked-test::deployed_p_only,synthetic-feasible-v1,synthetic,stop_and_go__test__004,test,140804,clean,deployed_p_only,269,1,command_p,stop-j0-k184,stop,1.84,0,joint_0,5,0.050000000000000044,0.003336596259314414,0.1,0.1,0.05
paper-evidence-v1-locked-test::deployed_p_only,synthetic-feasible-v1,synthetic,stop_and_go__test__004,test,140804,clean,deployed_p_only,269,1,command_p,reversal-j0-k224,reversal,2.035,0,joint_0,0,0.0,0.0,0.1,0.1,0.05
paper-evidence-v1-locked-test::deployed_p_only,synthetic-feasible-v1,synthetic,stop_and_go__test__005,test,140805,clean,deployed_p_only,357,1,command_p,stop-j0-k94,stop,0.9400000000000001,0,joint_0,1,0.010000000000000009,2.2228083844515608e-05,0.1,0.1,0.05
paper-evidence-v1-locked-test::deployed_p_only,synthetic-feasible-v1,synthetic,stop_and_go__test__005,test,140805,clean,deployed_p_only,357,1,command_p,reversal-j0-k159,reversal,1.26,0,joint_0,0,0.0,0.0,0.1,0.1,0.05
paper-evidence-v1-locked-test::deployed_p_only,synthetic-feasible-v1,synthetic,stop_and_go__test__005,test,140805,clean,deployed_p_only,357,1,command_p,stop-j0-k244,stop,2.44,0,joint_0,1,0.010000000000000009,6.233852396124264e-05,0.1,0.1,0.05
paper-evidence-v1-locked-test::deployed_p_only,synthetic-feasible-v1,synthetic,stop_and_go__test__005,test,140805,clean,deployed_p_only,357,1,command_p,reversal-j0-k296,reversal,2.6950000000000003,0,joint_0,0,0.0,0.0,0.1,0.1,0.05
paper-evidence-v1-locked-test::deployed_p_only,synthetic-feasible-v1,synthetic,stop_and_go__test__006,test,140806,clean,deployed_p_only,419,1,command_p,stop-j0-k110,stop,1.1,0,joint_0,2,0.020000000000000018,0.00021274871689525693,0.1,0.1,0.05
paper-evidence-v1-locked-test::deployed_p_only,synthetic-feasible-v1,synthetic,stop_and_go__test__006,test,140806,clean,deployed_p_only,419,1,command_p,reversal-j0-k187,reversal,1.48,0,joint_0,0,0.0,0.0,0.1,0.1,0.05
paper-evidence-v1-locked-test::deployed_p_only,synthetic-feasible-v1,synthetic,stop_and_go__test__006,test,140806,clean,deployed_p_only,419,1,command_p,stop-j0-k287,stop,2.87,0,joint_0,2,0.020000000000000018,0.00038263419541635863,0.1,0.1,0.05
paper-evidence-v1-locked-test::deployed_p_only,synthetic-feasible-v1,synthetic,stop_and_go__test__006,test,140806,clean,deployed_p_only,419,1,command_p,reversal-j0-k348,reversal,3.17,0,joint_0,0,0.0,1.404432126150823e-14,0.1,0.1,0.05
paper-evidence-v1-locked-test::deployed_p_only,synthetic-feasible-v1,synthetic,stop_and_go__test__007,test,140807,clean,deployed_p_only,424,1,command_p,stop-j0-k111,stop,1.11,0,joint_0,2,0.020000000000000018,0.0005357383197945705,0.1,0.1,0.05
paper-evidence-v1-locked-test::deployed_p_only,synthetic-feasible-v1,synthetic,stop_and_go__test__007,test,140807,clean,deployed_p_only,424,1,command_p,reversal-j0-k189,reversal,1.495,0,joint_0,0,0.0,1.1102230246251565e-16,0.1,0.1,0.05
paper-evidence-v1-locked-test::deployed_p_only,synthetic-feasible-v1,synthetic,stop_and_go__test__007,test,140807,clean,deployed_p_only,424,1,command_p,stop-j0-k291,stop,2.91,0,joint_0,5,0.04999999999999982,0.0008649996728055791,0.1,0.1,0.05
paper-evidence-v1-locked-test::deployed_p_only,synthetic-feasible-v1,synthetic,stop_and_go__test__007,test,140807,clean,deployed_p_only,424,1,command_p,reversal-j0-k353,reversal,3.215,0,joint_0,0,0.0,1.504352198367087e-14,0.1,0.1,0.05
paper-evidence-v1-locked-test::deployed_p_only,synthetic-feasible-v1,synthetic,stop_and_go__test__008,test,140808,clean,deployed_p_only,305,1,command_p,stop-j0-k80,stop,0.8,0,joint_0,4,0.040000000000000036,0.0007793670525537447,0.1,0.1,0.05
paper-evidence-v1-locked-test::deployed_p_only,synthetic-feasible-v1,synthetic,stop_and_go__test__008,test,140808,clean,deployed_p_only,305,1,command_p,reversal-j0-k136,reversal,1.0750000000000002,0,joint_0,0,0.0,0.0,0.1,0.1,0.05
paper-evidence-v1-locked-test::deployed_p_only,synthetic-feasible-v1,synthetic,stop_and_go__test__008,test,140808,clean,deployed_p_only,305,1,command_p,stop-j0-k209,stop,2.09,0,joint_0,5,0.04999999999999982,0.0034189939305578755,0.1,0.1,0.05
paper-evidence-v1-locked-test::deployed_p_only,synthetic-feasible-v1,synthetic,stop_and_go__test__008,test,140808,clean,deployed_p_only,305,1,command_p,reversal-j0-k253,reversal,2.305,0,joint_0,0,0.0,0.0,0.1,0.1,0.05
paper-evidence-v1-locked-test::deployed_p_only,synthetic-feasible-v1,synthetic,stop_and_go__test__009,test,140809,clean,deployed_p_only,443,1,command_p,stop-j0-k116,stop,1.16,0,joint_0,1,0.010000000000000009,2.406929242634752e-05,0.1,0.1,0.05
paper-evidence-v1-locked-test::deployed_p_only,synthetic-feasible-v1,synthetic,stop_and_go__test__009,test,140809,clean,deployed_p_only,443,1,command_p,reversal-j0-k198,reversal,1.565,0,joint_0,0,0.0,5.562217353372034e-14,0.1,0.1,0.05
paper-evidence-v1-locked-test::deployed_p_only,synthetic-feasible-v1,synthetic,stop_and_go__test__009,test,140809,clean,deployed_p_only,443,1,command_p,stop-j0-k304,stop,3.04,0,joint_0,1,0.009999999999999787,3.8519167696577173e-05,0.1,0.1,0.05
paper-evidence-v1-locked-test::deployed_p_only,synthetic-feasible-v1,synthetic,stop_and_go__test__009,test,140809,clean,deployed_p_only,443,1,command_p,reversal-j0-k369,reversal,3.3600000000000003,0,joint_0,0,0.0,0.0,0.1,0.1,0.05
paper-evidence-v1-locked-test::deployed_p_only,synthetic-feasible-v1,synthetic,stop_and_go__test__010,test,140810,clean,deployed_p_only,408,1,command_p,stop-j0-k107,stop,1.07,0,joint_0,1,0.010000000000000009,0.0001714539552577868,0.1,0.1,0.05
paper-evidence-v1-locked-test::deployed_p_only,synthetic-feasible-v1,synthetic,stop_and_go__test__010,test,140810,clean,deployed_p_only,408,1,command_p,reversal-j0-k182,reversal,1.44,0,joint_0,0,0.0,0.0,0.1,0.1,0.05
paper-evidence-v1-locked-test::deployed_p_only,synthetic-feasible-v1,synthetic,stop_and_go__test__010,test,140810,clean,deployed_p_only,408,1,command_p,stop-j0-k279,stop,2.79,0,joint_0,3,0.029999999999999805,0.0005096592059175167,0.1,0.1,0.05
paper-evidence-v1-locked-test::deployed_p_only,synthetic-feasible-v1,synthetic,stop_and_go__test__010,test,140810,clean,deployed_p_only,408,1,command_p,reversal-j0-k339,reversal,3.085,0,joint_0,0,0.0,2.7755575615628914e-17,0.1,0.1,0.05
paper-evidence-v1-locked-test::deployed_p_only,synthetic-feasible-v1,synthetic,stop_and_go__test__011,test,140811,clean,deployed_p_only,281,1,command_p,stop-j0-k74,stop,0.74,0,joint_0,3,0.030000000000000027,0.0004848838679267907,0.1,0.1,0.05
paper-evidence-v1-locked-test::deployed_p_only,synthetic-feasible-v1,synthetic,stop_and_go__test__011,test,140811,clean,deployed_p_only,281,1,command_p,reversal-j0-k125,reversal,0.99,0,joint_0,0,0.0,2.0372592501871623e-14,0.1,0.1,0.05
paper-evidence-v1-locked-test::deployed_p_only,synthetic-feasible-v1,synthetic,stop_and_go__test__011,test,140811,clean,deployed_p_only,281,1,command_p,stop-j0-k192,stop,1.92,0,joint_0,5,0.050000000000000044,0.0009165875316469598,0.1,0.1,0.05
paper-evidence-v1-locked-test::deployed_p_only,synthetic-feasible-v1,synthetic,stop_and_go__test__011,test,140811,clean,deployed_p_only,281,1,command_p,reversal-j0-k234,reversal,2.125,0,joint_0,0,0.0,0.0,0.1,0.1,0.05
paper-evidence-v1-locked-test::deployed_p_only,synthetic-feasible-v1,synthetic,stop_and_go__test__012,test,140812,clean,deployed_p_only,270,1,command_p,stop-j0-k71,stop,0.71,0,joint_0,4,0.040000000000000036,0.0007982926835424653,0.1,0.1,0.05
paper-evidence-v1-locked-test::deployed_p_only,synthetic-feasible-v1,synthetic,stop_and_go__test__012,test,140812,clean,deployed_p_only,270,1,command_p,reversal-j0-k121,reversal,0.9550000000000001,0,joint_0,0,0.0,5.551115123125783e-17,0.1,0.1,0.05
paper-evidence-v1-locked-test::deployed_p_only,synthetic-feasible-v1,synthetic,stop_and_go__test__012,test,140812,clean,deployed_p_only,270,1,command_p,stop-j0-k185,stop,1.85,0,joint_0,5,0.050000000000000044,0.0031751208365159785,0.1,0.1,0.05
paper-evidence-v1-locked-test::deployed_p_only,synthetic-feasible-v1,synthetic,stop_and_go__test__012,test,140812,clean,deployed_p_only,270,1,command_p,reversal-j0-k225,reversal,2.045,0,joint_0,0,0.0,2.7755575615628914e-17,0.1,0.1,0.05
paper-evidence-v1-locked-test::deployed_p_only,synthetic-feasible-v1,synthetic,stop_and_go__test__013,test,140813,clean,deployed_p_only,318,1,command_p,stop-j0-k84,stop,0.84,0,joint_0,1,0.010000000000000009,2.4588424451257544e-05,0.1,0.1,0.05
paper-evidence-v1-locked-test::deployed_p_only,synthetic-feasible-v1,synthetic,stop_and_go__test__013,test,140813,clean,deployed_p_only,318,1,command_p,reversal-j0-k142,reversal,1.125,0,joint_0,0,0.0,0.0,0.1,0.1,0.05
paper-evidence-v1-locked-test::deployed_p_only,synthetic-feasible-v1,synthetic,stop_and_go__test__013,test,140813,clean,deployed_p_only,318,1,command_p,stop-j0-k218,stop,2.18,0,joint_0,1,0.009999999999999787,4.0305384581615246e-05,0.1,0.1,0.05
paper-evidence-v1-locked-test::deployed_p_only,synthetic-feasible-v1,synthetic,stop_and_go__test__013,test,140813,clean,deployed_p_only,318,1,command_p,reversal-j0-k264,reversal,2.4050000000000002,0,joint_0,0,0.0,6.938893903907228e-18,0.1,0.1,0.05
paper-evidence-v1-locked-test::deployed_p_only,synthetic-feasible-v1,synthetic,stop_and_go__test__014,test,140814,clean,deployed_p_only,428,1,command_p,stop-j0-k112,stop,1.12,0,joint_0,2,0.020000000000000018,0.00021589423590204204,0.1,0.1,0.05
paper-evidence-v1-locked-test::deployed_p_only,synthetic-feasible-v1,synthetic,stop_and_go__test__014,test,140814,clean,deployed_p_only,428,1,command_p,reversal-j0-k191,reversal,1.5100000000000002,0,joint_0,0,0.0,5.551115123125783e-17,0.1,0.1,0.05
paper-evidence-v1-locked-test::deployed_p_only,synthetic-feasible-v1,synthetic,stop_and_go__test__014,test,140814,clean,deployed_p_only,428,1,command_p,stop-j0-k293,stop,2.93,0,joint_0,2,0.020000000000000018,0.00019610841254943847,0.1,0.1,0.05
paper-evidence-v1-locked-test::deployed_p_only,synthetic-feasible-v1,synthetic,stop_and_go__test__014,test,140814,clean,deployed_p_only,428,1,command_p,reversal-j0-k355,reversal,3.2350000000000003,0,joint_0,0,0.0,0.0,0.1,0.1,0.05
paper-evidence-v1-locked-test::deployed_p_only,synthetic-feasible-v1,synthetic,stop_and_go__test__015,test,140815,clean,deployed_p_only,319,1,command_p,stop-j0-k84,stop,0.84,0,joint_0,3,0.030000000000000027,0.0005066203429061163,0.1,0.1,0.05
paper-evidence-v1-locked-test::deployed_p_only,synthetic-feasible-v1,synthetic,stop_and_go__test__015,test,140815,clean,deployed_p_only,319,1,command_p,reversal-j0-k142,reversal,1.125,0,joint_0,0,0.0,0.0,0.1,0.1,0.05
paper-evidence-v1-locked-test::deployed_p_only,synthetic-feasible-v1,synthetic,stop_and_go__test__015,test,140815,clean,deployed_p_only,319,1,command_p,stop-j0-k219,stop,2.19,0,joint_0,5,0.050000000000000044,0.0008322490076641833,0.1,0.1,0.05
paper-evidence-v1-locked-test::deployed_p_only,synthetic-feasible-v1,synthetic,stop_and_go__test__015,test,140815,clean,deployed_p_only,319,1,command_p,reversal-j0-k265,reversal,2.415,0,joint_0,0,0.0,0.0,0.1,0.1,0.05
paper-evidence-v1-locked-test::deployed_p_only,synthetic-feasible-v1,synthetic,stop_and_go__test__016,test,140816,clean,deployed_p_only,297,1,command_p,stop-j0-k78,stop,0.78,0,joint_0,4,0.040000000000000036,0.0007749502404663001,0.1,0.1,0.05
paper-evidence-v1-locked-test::deployed_p_only,synthetic-feasible-v1,synthetic,stop_and_go__test__016,test,140816,clean,deployed_p_only,297,1,command_p,reversal-j0-k132,reversal,1.045,0,joint_0,0,0.0,0.0,0.1,0.1,0.05
paper-evidence-v1-locked-test::deployed_p_only,synthetic-feasible-v1,synthetic,stop_and_go__test__016,test,140816,clean,deployed_p_only,297,1,command_p,stop-j0-k203,stop,2.0300000000000002,0,joint_0,5,0.04999999999999982,0.0026232841479986316,0.1,0.1,0.05
paper-evidence-v1-locked-test::deployed_p_only,synthetic-feasible-v1,synthetic,stop_and_go__test__016,test,140816,clean,deployed_p_only,297,1,command_p,reversal-j0-k246,reversal,2.24,0,joint_0,0,0.0,0.0,0.1,0.1,0.05
paper-evidence-v1-locked-test::deployed_p_only,synthetic-feasible-v1,synthetic,stop_and_go__test__017,test,140817,clean,deployed_p_only,326,1,command_p,stop-j0-k86,stop,0.86,0,joint_0,1,0.010000000000000009,2.5812895829821236e-05,0.1,0.1,0.05
paper-evidence-v1-locked-test::deployed_p_only,synthetic-feasible-v1,synthetic,stop_and_go__test__017,test,140817,clean,deployed_p_only,326,1,command_p,reversal-j0-k146,reversal,1.155,0,joint_0,0,0.0,1.3877787807814457e-17,0.1,0.1,0.05
paper-evidence-v1-locked-test::deployed_p_only,synthetic-feasible-v1,synthetic,stop_and_go__test__017,test,140817,clean,deployed_p_only,326,1,command_p,stop-j0-k224,stop,2.24,0,joint_0,1,0.009999999999999787,3.4235693579055584e-05,0.1,0.1,0.05
paper-evidence-v1-locked-test::deployed_p_only,synthetic-feasible-v1,synthetic,stop_and_go__test__017,test,140817,clean,deployed_p_only,326,1,command_p,reversal-j0-k271,reversal,2.4699999999999998,0,joint_0,0,0.0,0.0,0.1,0.1,0.05
paper-evidence-v1-locked-test::deployed_p_only,synthetic-feasible-v1,synthetic,stop_and_go__test__018,test,140818,clean,deployed_p_only,428,1,command_p,stop-j0-k112,stop,1.12,0,joint_0,2,0.020000000000000018,0.00021727541747736505,0.1,0.1,0.05
paper-evidence-v1-locked-test::deployed_p_only,synthetic-feasible-v1,synthetic,stop_and_go__test__018,test,140818,clean,deployed_p_only,428,1,command_p,reversal-j0-k191,reversal,1.5100000000000002,0,joint_0,0,0.0,5.551115123125783e-17,0.1,0.1,0.05
paper-evidence-v1-locked-test::deployed_p_only,synthetic-feasible-v1,synthetic,stop_and_go__test__018,test,140818,clean,deployed_p_only,428,1,command_p,stop-j0-k293,stop,2.93,0,joint_0,2,0.020000000000000018,0.00025717444226869393,0.1,0.1,0.05
paper-evidence-v1-locked-test::deployed_p_only,synthetic-feasible-v1,synthetic,stop_and_go__test__018,test,140818,clean,deployed_p_only,428,1,command_p,reversal-j0-k356,reversal,3.24,0,joint_0,0,0.0,0.0,0.1,0.1,0.05
paper-evidence-v1-locked-test::deployed_p_only,synthetic-feasible-v1,synthetic,stop_and_go__test__019,test,140819,clean,deployed_p_only,289,1,command_p,stop-j0-k76,stop,0.76,0,joint_0,3,0.030000000000000027,0.00047576083293029736,0.1,0.1,0.05
paper-evidence-v1-locked-test::deployed_p_only,synthetic-feasible-v1,synthetic,stop_and_go__test__019,test,140819,clean,deployed_p_only,289,1,command_p,reversal-j0-k129,reversal,1.02,0,joint_0,0,0.0,0.0,0.1,0.1,0.05
paper-evidence-v1-locked-test::deployed_p_only,synthetic-feasible-v1,synthetic,stop_and_go__test__019,test,140819,clean,deployed_p_only,289,1,command_p,stop-j0-k198,stop,1.98,0,joint_0,5,0.04999999999999982,0.0008643785188253551,0.1,0.1,0.05
paper-evidence-v1-locked-test::deployed_p_only,synthetic-feasible-v1,synthetic,stop_and_go__test__019,test,140819,clean,deployed_p_only,289,1,command_p,reversal-j0-k240,reversal,2.185,0,joint_0,0,0.0,0.0,0.1,0.1,0.05
paper-evidence-v1-locked-test::deployed_p_only,synthetic-feasible-v1,synthetic,stop_and_go__test__020,test,140820,clean,deployed_p_only,257,1,command_p,stop-j0-k68,stop,0.68,0,joint_0,4,0.040000000000000036,0.0007755011845235719,0.1,0.1,0.05
paper-evidence-v1-locked-test::deployed_p_only,synthetic-feasible-v1,synthetic,stop_and_go__test__020,test,140820,clean,deployed_p_only,257,1,command_p,reversal-j0-k115,reversal,0.9100000000000001,0,joint_0,0,0.0,5.551115123125783e-17,0.1,0.1,0.05
paper-evidence-v1-locked-test::deployed_p_only,synthetic-feasible-v1,synthetic,stop_and_go__test__020,test,140820,clean,deployed_p_only,257,1,command_p,stop-j0-k176,stop,1.76,0,joint_0,5,0.050000000000000044,0.0028711313794108676,0.1,0.1,0.05
paper-evidence-v1-locked-test::deployed_p_only,synthetic-feasible-v1,synthetic,stop_and_go__test__020,test,140820,clean,deployed_p_only,257,1,command_p,reversal-j0-k214,reversal,1.945,0,joint_0,0,0.0,1.3877787807814457e-17,0.1,0.1,0.05
paper-evidence-v1-locked-test::jerk_qp_pva_direct,synthetic-feasible-v1,synthetic,rapid_reversal__test__001,test,150801,clean,jerk_qp_pva_direct,334,1,command_p,reversal-j0-k16,reversal,0.155,0,joint_0,-5,-0.05,0.01064941405375354,0.1,0.1,0.05
paper-evidence-v1-locked-test::jerk_qp_pva_direct,synthetic-feasible-v1,synthetic,rapid_reversal__test__001,test,150801,clean,jerk_qp_pva_direct,334,1,command_p,stop-j0-k38,stop,0.38,0,joint_0,-5,-0.04999999999999999,0.023324597640161444,0.1,0.1,0.05
paper-evidence-v1-locked-test::jerk_qp_pva_direct,synthetic-feasible-v1,synthetic,rapid_reversal__test__001,test,150801,clean,jerk_qp_pva_direct,334,1,command_p,stop-j0-k61,stop,0.61,0,joint_0,5,0.050000000000000044,0.01887972005623039,0.1,0.1,0.05
paper-evidence-v1-locked-test::jerk_qp_pva_direct,synthetic-feasible-v1,synthetic,rapid_reversal__test__001,test,150801,clean,jerk_qp_pva_direct,334,1,command_p,stop-j0-k84,stop,0.84,0,joint_0,-2,-0.020000000000000018,0.0054616886162577516,0.1,0.1,0.05
paper-evidence-v1-locked-test::jerk_qp_pva_direct,synthetic-feasible-v1,synthetic,rapid_reversal__test__001,test,150801,clean,jerk_qp_pva_direct,334,1,command_p,stop-j0-k106,stop,1.06,0,joint_0,-5,-0.050000000000000044,0.014165822815041357,0.1,0.1,0.05
paper-evidence-v1-locked-test::jerk_qp_pva_direct,synthetic-feasible-v1,synthetic,rapid_reversal__test__001,test,150801,clean,jerk_qp_pva_direct,334,1,command_p,stop-j0-k129,stop,1.29,0,joint_0,5,0.050000000000000044,0.02354384812460556,0.1,0.1,0.05
paper-evidence-v1-locked-test::jerk_qp_pva_direct,synthetic-feasible-v1,synthetic,rapid_reversal__test__001,test,150801,clean,jerk_qp_pva_direct,334,1,command_p,stop-j0-k152,stop,1.52,0,joint_0,5,0.050000000000000044,0.016186168071269737,0.1,0.1,0.05
paper-evidence-v1-locked-test::jerk_qp_pva_direct,synthetic-feasible-v1,synthetic,rapid_reversal__test__001,test,150801,clean,jerk_qp_pva_direct,334,1,command_p,stop-j0-k175,stop,1.75,0,joint_0,4,0.040000000000000036,0.004235747326790615,0.1,0.1,0.05
paper-evidence-v1-locked-test::jerk_qp_pva_direct,synthetic-feasible-v1,synthetic,rapid_reversal__test__001,test,150801,clean,jerk_qp_pva_direct,334,1,command_p,stop-j0-k197,stop,1.97,0,joint_0,-5,-0.04999999999999982,0.01637993950227186,0.1,0.1,0.05
paper-evidence-v1-locked-test::jerk_qp_pva_direct,synthetic-feasible-v1,synthetic,rapid_reversal__test__001,test,150801,clean,jerk_qp_pva_direct,334,1,command_p,stop-j0-k220,stop,2.2,0,joint_0,5,0.04999999999999982,0.022565478336808817,0.1,0.1,0.05
paper-evidence-v1-locked-test::jerk_qp_pva_direct,synthetic-feasible-v1,synthetic,rapid_reversal__test__001,test,150801,clean,jerk_qp_pva_direct,334,1,command_p,stop-j0-k243,stop,2.43,0,joint_0,5,0.04999999999999982,0.010926413750190227,0.1,0.1,0.05
paper-evidence-v1-locked-test::jerk_qp_pva_direct,synthetic-feasible-v1,synthetic,rapid_reversal__test__001,test,150801,clean,jerk_qp_pva_direct,334,1,command_p,stop-j0-k265,stop,2.65,0,joint_0,-5,-0.04999999999999982,0.003131890288053078,0.1,0.1,0.05
paper-evidence-v1-locked-test::jerk_qp_pva_direct,synthetic-feasible-v1,synthetic,rapid_reversal__test__001,test,150801,clean,jerk_qp_pva_direct,334,1,command_p,stop-j0-k288,stop,2.88,0,joint_0,-5,-0.04999999999999982,0.018241816566883645,0.1,0.1,0.05
paper-evidence-v1-locked-test::jerk_qp_pva_direct,synthetic-feasible-v1,synthetic,rapid_reversal__test__001,test,150801,clean,jerk_qp_pva_direct,334,1,command_p,stop-j0-k311,stop,3.11,0,joint_0,5,0.04999999999999982,0.019848246382133977,0.1,0.1,0.05
paper-evidence-v1-locked-test::jerk_qp_pva_direct,synthetic-feasible-v1,synthetic,rapid_reversal__test__002,test,150802,clean,jerk_qp_pva_direct,440,1,command_p,stop-j0-k24,stop,0.24,0,joint_0,1,0.010000000000000009,0.0034698876838285203,0.1,0.1,0.05
paper-evidence-v1-locked-test::jerk_qp_pva_direct,synthetic-feasible-v1,synthetic,rapid_reversal__test__002,test,150802,clean,jerk_qp_pva_direct,440,1,command_p,stop-j0-k48,stop,0.48,0,joint_0,0,0.0,0.005412330441387246,0.1,0.1,0.05
paper-evidence-v1-locked-test::jerk_qp_pva_direct,synthetic-feasible-v1,synthetic,rapid_reversal__test__002,test,150802,clean,jerk_qp_pva_direct,440,1,command_p,stop-j0-k73,stop,0.73,0,joint_0,2,0.020000000000000018,0.0020369953773221095,0.1,0.1,0.05
paper-evidence-v1-locked-test::jerk_qp_pva_direct,synthetic-feasible-v1,synthetic,rapid_reversal__test__002,test,150802,clean,jerk_qp_pva_direct,440,1,command_p,stop-j0-k98,stop,0.98,0,joint_0,0,0.0,0.0015414135010404517,0.1,0.1,0.05
paper-evidence-v1-locked-test::jerk_qp_pva_direct,synthetic-feasible-v1,synthetic,rapid_reversal__test__002,test,150802,clean,jerk_qp_pva_direct,440,1,command_p,stop-j0-k122,stop,1.22,0,joint_0,1,0.010000000000000009,0.005199222251438998,0.1,0.1,0.05
paper-evidence-v1-locked-test::jerk_qp_pva_direct,synthetic-feasible-v1,synthetic,rapid_reversal__test__002,test,150802,clean,jerk_qp_pva_direct,440,1,command_p,stop-j0-k147,stop,1.47,0,joint_0,2,0.020000000000000018,0.003569812782952875,0.1,0.1,0.05
paper-evidence-v1-locked-test::jerk_qp_pva_direct,synthetic-feasible-v1,synthetic,rapid_reversal__test__002,test,150802,clean,jerk_qp_pva_direct,440,1,command_p,stop-j0-k172,stop,1.72,0,joint_0,0,0.0,0.0009173829418905519,0.1,0.1,0.05
paper-evidence-v1-locked-test::jerk_qp_pva_direct,synthetic-feasible-v1,synthetic,rapid_reversal__test__002,test,150802,clean,jerk_qp_pva_direct,440,1,command_p,stop-j0-k197,stop,1.97,0,joint_0,1,0.010000000000000009,0.004119331820506634,0.1,0.1,0.05
paper-evidence-v1-locked-test::jerk_qp_pva_direct,synthetic-feasible-v1,synthetic,rapid_reversal__test__002,test,150802,clean,jerk_qp_pva_direct,440,1,command_p,stop-j0-k221,stop,2.21,0,joint_0,2,0.020000000000000018,0.0042553278376423545,0.1,0.1,0.05
paper-evidence-v1-locked-test::jerk_qp_pva_direct,synthetic-feasible-v1,synthetic,rapid_reversal__test__002,test,150802,clean,jerk_qp_pva_direct,440,1,command_p,stop-j0-k246,stop,2.46,0,joint_0,0,0.0,0.002717891745526151,0.1,0.1,0.05
paper-evidence-v1-locked-test::jerk_qp_pva_direct,synthetic-feasible-v1,synthetic,rapid_reversal__test__002,test,150802,clean,jerk_qp_pva_direct,440,1,command_p,stop-j0-k271,stop,2.71,0,joint_0,1,0.010000000000000009,0.0024511097086002305,0.1,0.1,0.05
paper-evidence-v1-locked-test::jerk_qp_pva_direct,synthetic-feasible-v1,synthetic,rapid_reversal__test__002,test,150802,clean,jerk_qp_pva_direct,440,1,command_p,stop-j0-k295,stop,2.95,0,joint_0,1,0.009999999999999787,0.004066669800383762,0.1,0.1,0.05
paper-evidence-v1-locked-test::jerk_qp_pva_direct,synthetic-feasible-v1,synthetic,rapid_reversal__test__002,test,150802,clean,jerk_qp_pva_direct,440,1,command_p,stop-j0-k320,stop,3.2,0,joint_0,1,0.009999999999999787,0.004129560486079837,0.1,0.1,0.05
paper-evidence-v1-locked-test::jerk_qp_pva_direct,synthetic-feasible-v1,synthetic,rapid_reversal__test__002,test,150802,clean,jerk_qp_pva_direct,440,1,command_p,stop-j0-k345,stop,3.45,0,joint_0,2,0.020000000000000018,0.0005336138905863234,0.1,0.1,0.05
paper-evidence-v1-locked-test::jerk_qp_pva_direct,synthetic-feasible-v1,synthetic,rapid_reversal__test__002,test,150802,clean,jerk_qp_pva_direct,440,1,command_p,stop-j0-k370,stop,3.7,0,joint_0,0,0.0,0.003016444069271617,0.1,0.1,0.05
paper-evidence-v1-locked-test::jerk_qp_pva_direct,synthetic-feasible-v1,synthetic,rapid_reversal__test__002,test,150802,clean,jerk_qp_pva_direct,440,1,command_p,stop-j0-k394,stop,3.94,0,joint_0,0,0.0,0.004700724528219791,0.1,0.1,0.05
paper-evidence-v1-locked-test::jerk_qp_pva_direct,synthetic-feasible-v1,synthetic,rapid_reversal__test__002,test,150802,clean,jerk_qp_pva_direct,440,1,command_p,stop-j0-k419,stop,4.19,0,joint_0,2,0.020000000000000462,0.001481905422600583,0.1,0.1,0.05
paper-evidence-v1-locked-test::jerk_qp_pva_direct,synthetic-feasible-v1,synthetic,rapid_reversal__test__003,test,150803,clean,jerk_qp_pva_direct,290,1,command_p,stop-j0-k29,stop,0.29,0,joint_0,-5,-0.04999999999999999,0.04039886875013763,0.1,0.1,0.05
paper-evidence-v1-locked-test::jerk_qp_pva_direct,synthetic-feasible-v1,synthetic,rapid_reversal__test__003,test,150803,clean,jerk_qp_pva_direct,290,1,command_p,stop-j0-k50,stop,0.5,0,joint_0,5,0.04999999999999999,0.04129128608306514,0.1,0.1,0.05
paper-evidence-v1-locked-test::jerk_qp_pva_direct,synthetic-feasible-v1,synthetic,rapid_reversal__test__003,test,150803,clean,jerk_qp_pva_direct,290,1,command_p,reversal-j0-k72,reversal,0.715,0,joint_0,5,0.050000000000000044,0.023599211987874912,0.1,0.1,0.05
paper-evidence-v1-locked-test::jerk_qp_pva_direct,synthetic-feasible-v1,synthetic,rapid_reversal__test__003,test,150803,clean,jerk_qp_pva_direct,290,1,command_p,stop-j0-k93,stop,0.93,0,joint_0,2,0.020000000000000018,0.01494743626420644,0.1,0.1,0.05
paper-evidence-v1-locked-test::jerk_qp_pva_direct,synthetic-feasible-v1,synthetic,rapid_reversal__test__003,test,150803,clean,jerk_qp_pva_direct,290,1,command_p,stop-j0-k114,stop,1.1400000000000001,0,joint_0,-1,-0.010000000000000009,0.03691933713954404,0.1,0.1,0.05
paper-evidence-v1-locked-test::jerk_qp_pva_direct,synthetic-feasible-v1,synthetic,rapid_reversal__test__003,test,150803,clean,jerk_qp_pva_direct,290,1,command_p,stop-j0-k136,stop,1.36,0,joint_0,0,0.0,0.042002016053803264,0.1,0.1,0.05
paper-evidence-v1-locked-test::jerk_qp_pva_direct,synthetic-feasible-v1,synthetic,rapid_reversal__test__003,test,150803,clean,jerk_qp_pva_direct,290,1,command_p,stop-j0-k157,stop,1.57,0,joint_0,5,0.050000000000000044,0.01728826830940603,0.1,0.1,0.05
paper-evidence-v1-locked-test::jerk_qp_pva_direct,synthetic-feasible-v1,synthetic,rapid_reversal__test__003,test,150803,clean,jerk_qp_pva_direct,290,1,command_p,stop-j0-k179,stop,1.79,0,joint_0,-5,-0.050000000000000044,0.007318980991150665,0.1,0.1,0.05
paper-evidence-v1-locked-test::jerk_qp_pva_direct,synthetic-feasible-v1,synthetic,rapid_reversal__test__003,test,150803,clean,jerk_qp_pva_direct,290,1,command_p,stop-j0-k200,stop,2.0,0,joint_0,-5,-0.04999999999999982,0.035330003679139035,0.1,0.1,0.05
paper-evidence-v1-locked-test::jerk_qp_pva_direct,synthetic-feasible-v1,synthetic,rapid_reversal__test__003,test,150803,clean,jerk_qp_pva_direct,290,1,command_p,stop-j0-k222,stop,2.22,0,joint_0,3,0.029999999999999805,0.038984336288743884,0.1,0.1,0.05
paper-evidence-v1-locked-test::jerk_qp_pva_direct,synthetic-feasible-v1,synthetic,rapid_reversal__test__003,test,150803,clean,jerk_qp_pva_direct,290,1,command_p,stop-j0-k243,stop,2.43,0,joint_0,5,0.04999999999999982,0.021525474360321935,0.1,0.1,0.05
paper-evidence-v1-locked-test::jerk_qp_pva_direct,synthetic-feasible-v1,synthetic,rapid_reversal__test__003,test,150803,clean,jerk_qp_pva_direct,290,1,command_p,reversal-j0-k265,reversal,2.645,0,joint_0,2,0.020000000000000018,0.012898405254268453,0.1,0.1,0.05
paper-evidence-v1-locked-test::jerk_qp_pva_direct,synthetic-feasible-v1,synthetic,rapid_reversal__test__004,test,150804,clean,jerk_qp_pva_direct,351,1,command_p,stop-j0-k11,stop,0.11,0,joint_0,-5,-0.05,0.03219360992992599,0.1,0.1,0.05
paper-evidence-v1-locked-test::jerk_qp_pva_direct,synthetic-feasible-v1,synthetic,rapid_reversal__test__004,test,150804,clean,jerk_qp_pva_direct,351,1,command_p,reversal-j0-k13,reversal,0.115,0,joint_0,-5,-0.05,0.032956893985244366,0.1,0.1,0.05
paper-evidence-v1-locked-test::jerk_qp_pva_direct,synthetic-feasible-v1,synthetic,rapid_reversal__test__004,test,150804,clean,jerk_qp_pva_direct,351,1,command_p,stop-j0-k53,stop,0.53,0,joint_0,5,0.04999999999999999,0.08721705485402818,0.1,0.1,0.05
paper-evidence-v1-locked-test::jerk_qp_pva_direct,synthetic-feasible-v1,synthetic,rapid_reversal__test__004,test,150804,clean,jerk_qp_pva_direct,351,1,command_p,stop-j0-k94,stop,0.9400000000000001,0,joint_0,-5,-0.050000000000000044,0.04434117291520752,0.1,0.1,0.05
paper-evidence-v1-locked-test::jerk_qp_pva_direct,synthetic-feasible-v1,synthetic,rapid_reversal__test__004,test,150804,clean,jerk_qp_pva_direct,351,1,command_p,stop-j0-k135,stop,1.35,0,joint_0,5,0.050000000000000044,0.07962030288944541,0.1,0.1,0.05
paper-evidence-v1-locked-test::jerk_qp_pva_direct,synthetic-feasible-v1,synthetic,rapid_reversal__test__004,test,150804,clean,jerk_qp_pva_direct,351,1,command_p,reversal-j0-k137,reversal,1.355,0,joint_0,5,0.050000000000000044,0.07932627034763301,0.1,0.1,0.05
paper-evidence-v1-locked-test::jerk_qp_pva_direct,synthetic-feasible-v1,synthetic,rapid_reversal__test__004,test,150804,clean,jerk_qp_pva_direct,351,1,command_p,stop-j0-k176,stop,1.76,0,joint_0,-5,-0.050000000000000044,0.03679800447221349,0.1,0.1,0.05
paper-evidence-v1-locked-test::jerk_qp_pva_direct,synthetic-feasible-v1,synthetic,rapid_reversal__test__004,test,150804,clean,jerk_qp_pva_direct,351,1,command_p,reversal-j0-k178,reversal,1.7650000000000001,0,joint_0,-5,-0.050000000000000044,0.03749429891429153,0.1,0.1,0.05
paper-evidence-v1-locked-test::jerk_qp_pva_direct,synthetic-feasible-v1,synthetic,rapid_reversal__test__004,test,150804,clean,jerk_qp_pva_direct,351,1,command_p,stop-j0-k218,stop,2.18,0,joint_0,5,0.04999999999999982,0.08331307644115449,0.1,0.1,0.05
paper-evidence-v1-locked-test::jerk_qp_pva_direct,synthetic-feasible-v1,synthetic,rapid_reversal__test__004,test,150804,clean,jerk_qp_pva_direct,351,1,command_p,stop-j0-k259,stop,2.59,0,joint_0,-5,-0.04999999999999982,0.040922283464885224,0.1,0.1,0.05
paper-evidence-v1-locked-test::jerk_qp_pva_direct,synthetic-feasible-v1,synthetic,rapid_reversal__test__004,test,150804,clean,jerk_qp_pva_direct,351,1,command_p,stop-j0-k300,stop,3.0,0,joint_0,5,0.04999999999999982,0.08130181380369796,0.1,0.1,0.05
paper-evidence-v1-locked-test::jerk_qp_pva_direct,synthetic-feasible-v1,synthetic,rapid_reversal__test__004,test,150804,clean,jerk_qp_pva_direct,351,1,command_p,reversal-j0-k302,reversal,3.005,0,joint_0,5,0.04999999999999982,0.08117842399818447,0.1,0.1,0.05
paper-evidence-v1-locked-test::jerk_qp_pva_direct,synthetic-feasible-v1,synthetic,rapid_reversal__test__005,test,150805,clean,jerk_qp_pva_direct,387,1,command_p,stop-j0-k14,stop,0.14,0,joint_0,-5,-0.05,0.014647379735684828,0.1,0.1,0.05
paper-evidence-v1-locked-test::jerk_qp_pva_direct,synthetic-feasible-v1,synthetic,rapid_reversal__test__005,test,150805,clean,jerk_qp_pva_direct,387,1,command_p,stop-j0-k43,stop,0.43,0,joint_0,-5,-0.04999999999999999,0.035636024614056655,0.1,0.1,0.05
paper-evidence-v1-locked-test::jerk_qp_pva_direct,synthetic-feasible-v1,synthetic,rapid_reversal__test__005,test,150805,clean,jerk_qp_pva_direct,387,1,command_p,stop-j0-k72,stop,0.72,0,joint_0,5,0.050000000000000044,0.01613463133059123,0.1,0.1,0.05
paper-evidence-v1-locked-test::jerk_qp_pva_direct,synthetic-feasible-v1,synthetic,rapid_reversal__test__005,test,150805,clean,jerk_qp_pva_direct,387,1,command_p,stop-j0-k101,stop,1.01,0,joint_0,-5,-0.050000000000000044,0.014827507863936178,0.1,0.1,0.05
paper-evidence-v1-locked-test::jerk_qp_pva_direct,synthetic-feasible-v1,synthetic,rapid_reversal__test__005,test,150805,clean,jerk_qp_pva_direct,387,1,command_p,stop-j0-k130,stop,1.3,0,joint_0,0,0.0,0.03412891501777014,0.1,0.1,0.05
paper-evidence-v1-locked-test::jerk_qp_pva_direct,synthetic-feasible-v1,synthetic,rapid_reversal__test__005,test,150805,clean,jerk_qp_pva_direct,387,1,command_p,stop-j0-k159,stop,1.59,0,joint_0,5,0.050000000000000044,0.01401618272603727,0.1,0.1,0.05
paper-evidence-v1-locked-test::jerk_qp_pva_direct,synthetic-feasible-v1,synthetic,rapid_reversal__test__005,test,150805,clean,jerk_qp_pva_direct,387,1,command_p,stop-j0-k188,stop,1.8800000000000001,0,joint_0,-5,-0.050000000000000044,0.015255986033663566,0.1,0.1,0.05
paper-evidence-v1-locked-test::jerk_qp_pva_direct,synthetic-feasible-v1,synthetic,rapid_reversal__test__005,test,150805,clean,jerk_qp_pva_direct,387,1,command_p,stop-j0-k217,stop,2.17,0,joint_0,0,0.0,0.03264627403662639,0.1,0.1,0.05
paper-evidence-v1-locked-test::jerk_qp_pva_direct,synthetic-feasible-v1,synthetic,rapid_reversal__test__005,test,150805,clean,jerk_qp_pva_direct,387,1,command_p,stop-j0-k246,stop,2.46,0,joint_0,5,0.050000000000000044,0.012377246477300928,0.1,0.1,0.05
paper-evidence-v1-locked-test::jerk_qp_pva_direct,synthetic-feasible-v1,synthetic,rapid_reversal__test__005,test,150805,clean,jerk_qp_pva_direct,387,1,command_p,stop-j0-k275,stop,2.75,0,joint_0,-5,-0.04999999999999982,0.01561860622899596,0.1,0.1,0.05
paper-evidence-v1-locked-test::jerk_qp_pva_direct,synthetic-feasible-v1,synthetic,rapid_reversal__test__005,test,150805,clean,jerk_qp_pva_direct,387,1,command_p,stop-j0-k304,stop,3.04,0,joint_0,0,0.0,0.03119098196419167,0.1,0.1,0.05
paper-evidence-v1-locked-test::jerk_qp_pva_direct,synthetic-feasible-v1,synthetic,rapid_reversal__test__005,test,150805,clean,jerk_qp_pva_direct,387,1,command_p,reversal-j0-k306,reversal,3.045,0,joint_0,0,0.0,0.031264375065848324,0.1,0.1,0.05
paper-evidence-v1-locked-test::jerk_qp_pva_direct,synthetic-feasible-v1,synthetic,rapid_reversal__test__005,test,150805,clean,jerk_qp_pva_direct,387,1,command_p,stop-j0-k333,stop,3.33,0,joint_0,5,0.04999999999999982,0.010841248795414541,0.1,0.1,0.05
paper-evidence-v1-locked-test::jerk_qp_pva_direct,synthetic-feasible-v1,synthetic,rapid_reversal__test__005,test,150805,clean,jerk_qp_pva_direct,387,1,command_p,reversal-j0-k335,reversal,3.335,0,joint_0,5,0.04999999999999982,0.01049246342681726,0.1,0.1,0.05
paper-evidence-v1-locked-test::jerk_qp_pva_direct,synthetic-feasible-v1,synthetic,rapid_reversal__test__005,test,150805,clean,jerk_qp_pva_direct,387,1,command_p,stop-j0-k362,stop,3.62,0,joint_0,-5,-0.04999999999999982,0.01591831939563022,0.1,0.1,0.05
paper-evidence-v1-locked-test::jerk_qp_pva_direct,synthetic-feasible-v1,synthetic,rapid_reversal__test__005,test,150805,clean,jerk_qp_pva_direct,387,1,command_p,reversal-j0-k364,reversal,3.625,0,joint_0,-5,-0.04999999999999982,0.01613021174654944,0.1,0.1,0.05
paper-evidence-v1-locked-test::jerk_qp_pva_direct,synthetic-feasible-v1,synthetic,rapid_reversal__test__006,test,150806,clean,jerk_qp_pva_direct,435,1,command_p,stop-j0-k33,stop,0.33,0,joint_0,-5,-0.04999999999999999,0.014266328487760884,0.1,0.1,0.05
paper-evidence-v1-locked-test::jerk_qp_pva_direct,synthetic-feasible-v1,synthetic,rapid_reversal__test__006,test,150806,clean,jerk_qp_pva_direct,435,1,command_p,reversal-j0-k35,reversal,0.335,0,joint_0,0,0.0,0.0146394319512238,0.1,0.1,0.05
paper-evidence-v1-locked-test::jerk_qp_pva_direct,synthetic-feasible-v1,synthetic,rapid_reversal__test__006,test,150806,clean,jerk_qp_pva_direct,435,1,command_p,stop-j0-k61,stop,0.61,0,joint_0,5,0.050000000000000044,0.009873971660390932,0.1,0.1,0.05
paper-evidence-v1-locked-test::jerk_qp_pva_direct,synthetic-feasible-v1,synthetic,rapid_reversal__test__006,test,150806,clean,jerk_qp_pva_direct,435,1,command_p,stop-j0-k88,stop,0.88,0,joint_0,-2,-0.020000000000000018,0.0014022278172832975,0.1,0.1,0.05
paper-evidence-v1-locked-test::jerk_qp_pva_direct,synthetic-feasible-v1,synthetic,rapid_reversal__test__006,test,150806,clean,jerk_qp_pva_direct,435,1,command_p,stop-j0-k115,stop,1.1500000000000001,0,joint_0,-5,-0.050000000000000044,0.012885723261409696,0.1,0.1,0.05
paper-evidence-v1-locked-test::jerk_qp_pva_direct,synthetic-feasible-v1,synthetic,rapid_reversal__test__006,test,150806,clean,jerk_qp_pva_direct,435,1,command_p,stop-j0-k143,stop,1.43,0,joint_0,5,0.050000000000000044,0.010965282848236564,0.1,0.1,0.05
paper-evidence-v1-locked-test::jerk_qp_pva_direct,synthetic-feasible-v1,synthetic,rapid_reversal__test__006,test,150806,clean,jerk_qp_pva_direct,435,1,command_p,stop-j0-k170,stop,1.7,0,joint_0,-1,-0.010000000000000009,0.0013180234187281418,0.1,0.1,0.05
paper-evidence-v1-locked-test::jerk_qp_pva_direct,synthetic-feasible-v1,synthetic,rapid_reversal__test__006,test,150806,clean,jerk_qp_pva_direct,435,1,command_p,stop-j0-k198,stop,1.98,0,joint_0,1,0.010000000000000009,0.012029820933863188,0.1,0.1,0.05
paper-evidence-v1-locked-test::jerk_qp_pva_direct,synthetic-feasible-v1,synthetic,rapid_reversal__test__006,test,150806,clean,jerk_qp_pva_direct,435,1,command_p,stop-j0-k225,stop,2.25,0,joint_0,5,0.04999999999999982,0.011520987979979504,0.1,0.1,0.05
paper-evidence-v1-locked-test::jerk_qp_pva_direct,synthetic-feasible-v1,synthetic,rapid_reversal__test__006,test,150806,clean,jerk_qp_pva_direct,435,1,command_p,stop-j0-k252,stop,2.52,0,joint_0,-1,-0.009999999999999787,0.0029334341184051402,0.1,0.1,0.05
paper-evidence-v1-locked-test::jerk_qp_pva_direct,synthetic-feasible-v1,synthetic,rapid_reversal__test__006,test,150806,clean,jerk_qp_pva_direct,435,1,command_p,stop-j0-k280,stop,2.8000000000000003,0,joint_0,2,0.020000000000000018,0.010582925728539307,0.1,0.1,0.05
paper-evidence-v1-locked-test::jerk_qp_pva_direct,synthetic-feasible-v1,synthetic,rapid_reversal__test__006,test,150806,clean,jerk_qp_pva_direct,435,1,command_p,stop-j0-k307,stop,3.0700000000000003,0,joint_0,3,0.029999999999999805,0.012056566439934904,0.1,0.1,0.05
paper-evidence-v1-locked-test::jerk_qp_pva_direct,synthetic-feasible-v1,synthetic,rapid_reversal__test__006,test,150806,clean,jerk_qp_pva_direct,435,1,command_p,stop-j0-k334,stop,3.34,0,joint_0,-1,-0.010000000000000009,0.0045256427751168065,0.1,0.1,0.05
paper-evidence-v1-locked-test::jerk_qp_pva_direct,synthetic-feasible-v1,synthetic,rapid_reversal__test__006,test,150806,clean,jerk_qp_pva_direct,435,1,command_p,reversal-j0-k336,reversal,3.3449999999999998,0,joint_0,-1,-0.009999999999999787,0.00458443676560411,0.1,0.1,0.05
paper-evidence-v1-locked-test::jerk_qp_pva_direct,synthetic-feasible-v1,synthetic,rapid_reversal__test__006,test,150806,clean,jerk_qp_pva_direct,435,1,command_p,stop-j0-k362,stop,3.62,0,joint_0,1,0.009999999999999787,0.008770024076133356,0.1,0.1,0.05
paper-evidence-v1-locked-test::jerk_qp_pva_direct,synthetic-feasible-v1,synthetic,rapid_reversal__test__006,test,150806,clean,jerk_qp_pva_direct,435,1,command_p,stop-j0-k389,stop,3.89,0,joint_0,5,0.04999999999999982,0.011734352575029847,0.1,0.1,0.05
paper-evidence-v1-locked-test::jerk_qp_pva_direct,synthetic-feasible-v1,synthetic,rapid_reversal__test__006,test,150806,clean,jerk_qp_pva_direct,435,1,command_p,stop-j0-k417,stop,4.17,0,joint_0,0,0.0,0.005970843220366493,0.1,0.1,0.05
paper-evidence-v1-locked-test::jerk_qp_pva_direct,synthetic-feasible-v1,synthetic,rapid_reversal__test__007,test,150807,clean,jerk_qp_pva_direct,259,1,command_p,stop-j0-k38,stop,0.38,0,joint_0,-5,-0.04999999999999999,0.08312734323639884,0.1,0.1,0.05
paper-evidence-v1-locked-test::jerk_qp_pva_direct,synthetic-feasible-v1,synthetic,rapid_reversal__test__007,test,150807,clean,jerk_qp_pva_direct,259,1,command_p,reversal-j0-k40,reversal,0.385,0,joint_0,-5,-0.04999999999999999,0.08583278412426897,0.1,0.1,0.05
paper-evidence-v1-locked-test::jerk_qp_pva_direct,synthetic-feasible-v1,synthetic,rapid_reversal__test__007,test,150807,clean,jerk_qp_pva_direct,259,1,command_p,stop-j0-k66,stop,0.66,0,joint_0,5,0.04999999999999999,0.05225152681613735,0.1,0.1,0.05
paper-evidence-v1-locked-test::jerk_qp_pva_direct,synthetic-feasible-v1,synthetic,rapid_reversal__test__007,test,150807,clean,jerk_qp_pva_direct,259,1,command_p,stop-j0-k94,stop,0.9400000000000001,0,joint_0,-5,-0.050000000000000044,0.017821109288541435,0.1,0.1,0.05
paper-evidence-v1-locked-test::jerk_qp_pva_direct,synthetic-feasible-v1,synthetic,rapid_reversal__test__007,test,150807,clean,jerk_qp_pva_direct,259,1,command_p,stop-j0-k122,stop,1.22,0,joint_0,-5,-0.050000000000000044,0.0794317882665094,0.1,0.1,0.05
paper-evidence-v1-locked-test::jerk_qp_pva_direct,synthetic-feasible-v1,synthetic,rapid_reversal__test__007,test,150807,clean,jerk_qp_pva_direct,259,1,command_p,stop-j0-k150,stop,1.5,0,joint_0,5,0.050000000000000044,0.054977016056704346,0.1,0.1,0.05
paper-evidence-v1-locked-test::jerk_qp_pva_direct,synthetic-feasible-v1,synthetic,rapid_reversal__test__007,test,150807,clean,jerk_qp_pva_direct,259,1,command_p,stop-j0-k178,stop,1.78,0,joint_0,-5,-0.050000000000000044,0.011346105295299443,0.1,0.1,0.05
paper-evidence-v1-locked-test::jerk_qp_pva_direct,synthetic-feasible-v1,synthetic,rapid_reversal__test__007,test,150807,clean,jerk_qp_pva_direct,259,1,command_p,stop-j0-k206,stop,2.06,0,joint_0,-5,-0.04999999999999982,0.07437722243602611,0.1,0.1,0.05
paper-evidence-v1-locked-test::jerk_qp_pva_direct,synthetic-feasible-v1,synthetic,rapid_reversal__test__007,test,150807,clean,jerk_qp_pva_direct,259,1,command_p,stop-j0-k234,stop,2.34,0,joint_0,5,0.04999999999999982,0.05713608246365891,0.1,0.1,0.05
paper-evidence-v1-locked-test::jerk_qp_pva_direct,synthetic-feasible-v1,synthetic,rapid_reversal__test__008,test,150808,clean,jerk_qp_pva_direct,442,1,command_p,stop-j0-k42,stop,0.42,0,joint_0,-5,-0.04999999999999999,0.09226757535405421,0.1,0.1,0.05
paper-evidence-v1-locked-test::jerk_qp_pva_direct,synthetic-feasible-v1,synthetic,rapid_reversal__test__008,test,150808,clean,jerk_qp_pva_direct,442,1,command_p,reversal-j0-k44,reversal,0.42500000000000004,0,joint_0,0,0.0,0.09343114924140686,0.1,0.1,0.05
paper-evidence-v1-locked-test::jerk_qp_pva_direct,synthetic-feasible-v1,synthetic,rapid_reversal__test__008,test,150808,clean,jerk_qp_pva_direct,442,1,command_p,stop-j0-k74,stop,0.74,0,joint_0,5,0.050000000000000044,0.031919686663244524,0.1,0.1,0.05
paper-evidence-v1-locked-test::jerk_qp_pva_direct,synthetic-feasible-v1,synthetic,rapid_reversal__test__008,test,150808,clean,jerk_qp_pva_direct,442,1,command_p,reversal-j0-k76,reversal,0.745,0,joint_0,5,0.050000000000000044,0.030362207895694486,0.1,0.1,0.05
paper-evidence-v1-locked-test::jerk_qp_pva_direct,synthetic-feasible-v1,synthetic,rapid_reversal__test__008,test,150808,clean,jerk_qp_pva_direct,442,1,command_p,stop-j0-k106,stop,1.06,0,joint_0,-5,-0.050000000000000044,0.056239669482422254,0.1,0.1,0.05
paper-evidence-v1-locked-test::jerk_qp_pva_direct,synthetic-feasible-v1,synthetic,rapid_reversal__test__008,test,150808,clean,jerk_qp_pva_direct,442,1,command_p,reversal-j0-k108,reversal,1.065,0,joint_0,-5,-0.050000000000000044,0.056462442328708326,0.1,0.1,0.05
paper-evidence-v1-locked-test::jerk_qp_pva_direct,synthetic-feasible-v1,synthetic,rapid_reversal__test__008,test,150808,clean,jerk_qp_pva_direct,442,1,command_p,stop-j0-k139,stop,1.3900000000000001,0,joint_0,5,0.050000000000000044,0.08447132625352746,0.1,0.1,0.05
paper-evidence-v1-locked-test::jerk_qp_pva_direct,synthetic-feasible-v1,synthetic,rapid_reversal__test__008,test,150808,clean,jerk_qp_pva_direct,442,1,command_p,stop-j0-k171,stop,1.71,0,joint_0,5,0.050000000000000044,0.009651623460970706,0.1,0.1,0.05
paper-evidence-v1-locked-test::jerk_qp_pva_direct,synthetic-feasible-v1,synthetic,rapid_reversal__test__008,test,150808,clean,jerk_qp_pva_direct,442,1,command_p,stop-j0-k203,stop,2.0300000000000002,0,joint_0,-5,-0.04999999999999982,0.06849972273390817,0.1,0.1,0.05
paper-evidence-v1-locked-test::jerk_qp_pva_direct,synthetic-feasible-v1,synthetic,rapid_reversal__test__008,test,150808,clean,jerk_qp_pva_direct,442,1,command_p,stop-j0-k235,stop,2.35,0,joint_0,5,0.04999999999999982,0.06012193508184692,0.1,0.1,0.05
paper-evidence-v1-locked-test::jerk_qp_pva_direct,synthetic-feasible-v1,synthetic,rapid_reversal__test__008,test,150808,clean,jerk_qp_pva_direct,442,1,command_p,stop-j0-k267,stop,2.67,0,joint_0,-5,-0.050000000000000044,0.023735305159428243,0.1,0.1,0.05
paper-evidence-v1-locked-test::jerk_qp_pva_direct,synthetic-feasible-v1,synthetic,rapid_reversal__test__008,test,150808,clean,jerk_qp_pva_direct,442,1,command_p,stop-j0-k299,stop,2.99,0,joint_0,-5,-0.04999999999999982,0.07540707425897714,0.1,0.1,0.05
paper-evidence-v1-locked-test::jerk_qp_pva_direct,synthetic-feasible-v1,synthetic,rapid_reversal__test__008,test,150808,clean,jerk_qp_pva_direct,442,1,command_p,stop-j0-k331,stop,3.31,0,joint_0,5,0.04999999999999982,0.043094234061731365,0.1,0.1,0.05
paper-evidence-v1-locked-test::jerk_qp_pva_direct,synthetic-feasible-v1,synthetic,rapid_reversal__test__008,test,150808,clean,jerk_qp_pva_direct,442,1,command_p,reversal-j0-k333,reversal,3.3150000000000004,0,joint_0,5,0.04999999999999982,0.0407914531458239,0.1,0.1,0.05
paper-evidence-v1-locked-test::jerk_qp_pva_direct,synthetic-feasible-v1,synthetic,rapid_reversal__test__008,test,150808,clean,jerk_qp_pva_direct,442,1,command_p,stop-j0-k363,stop,3.63,0,joint_0,-5,-0.04999999999999982,0.037091986018727534,0.1,0.1,0.05
paper-evidence-v1-locked-test::jerk_qp_pva_direct,synthetic-feasible-v1,synthetic,rapid_reversal__test__008,test,150808,clean,jerk_qp_pva_direct,442,1,command_p,reversal-j0-k365,reversal,3.635,0,joint_0,-5,-0.04999999999999982,0.038281732887324345,0.1,0.1,0.05
paper-evidence-v1-locked-test::jerk_qp_pva_direct,synthetic-feasible-v1,synthetic,rapid_reversal__test__008,test,150808,clean,jerk_qp_pva_direct,442,1,command_p,stop-j0-k395,stop,3.95,0,joint_0,5,0.04999999999999982,0.06915300011045283,0.1,0.1,0.05
paper-evidence-v1-locked-test::jerk_qp_pva_direct,synthetic-feasible-v1,synthetic,rapid_reversal__test__008,test,150808,clean,jerk_qp_pva_direct,442,1,command_p,reversal-j0-k397,reversal,3.955,0,joint_0,5,0.04999999999999982,0.06915300011045283,0.1,0.1,0.05
paper-evidence-v1-locked-test::jerk_qp_pva_direct,synthetic-feasible-v1,synthetic,rapid_reversal__test__008,test,150808,clean,jerk_qp_pva_direct,442,1,command_p,stop-j0-k427,stop,4.2700000000000005,0,joint_0,5,0.04999999999999982,0.019460773703500703,0.1,0.1,0.05
paper-evidence-v1-locked-test::jerk_qp_pva_direct,synthetic-feasible-v1,synthetic,rapid_reversal__test__009,test,150809,clean,jerk_qp_pva_direct,413,1,command_p,stop-j0-k38,stop,0.38,0,joint_0,1,0.010000000000000009,0.0003883235994289162,0.1,0.1,0.05
paper-evidence-v1-locked-test::jerk_qp_pva_direct,synthetic-feasible-v1,synthetic,rapid_reversal__test__009,test,150809,clean,jerk_qp_pva_direct,413,1,command_p,stop-j0-k74,stop,0.74,0,joint_0,1,0.010000000000000009,0.0001812839455871191,0.1,0.1,0.05
paper-evidence-v1-locked-test::jerk_qp_pva_direct,synthetic-feasible-v1,synthetic,rapid_reversal__test__009,test,150809,clean,jerk_qp_pva_direct,413,1,command_p,reversal-j0-k76,reversal,0.745,0,joint_0,1,0.010000000000000009,0.00018907101676011992,0.1,0.1,0.05
paper-evidence-v1-locked-test::jerk_qp_pva_direct,synthetic-feasible-v1,synthetic,rapid_reversal__test__009,test,150809,clean,jerk_qp_pva_direct,413,1,command_p,stop-j0-k110,stop,1.1,0,joint_0,1,0.010000000000000009,8.840002289937494e-05,0.1,0.1,0.05
paper-evidence-v1-locked-test::jerk_qp_pva_direct,synthetic-feasible-v1,synthetic,rapid_reversal__test__009,test,150809,clean,jerk_qp_pva_direct,413,1,command_p,reversal-j0-k112,reversal,1.105,0,joint_0,1,0.010000000000000009,8.869949394137585e-05,0.1,0.1,0.05
paper-evidence-v1-locked-test::jerk_qp_pva_direct,synthetic-feasible-v1,synthetic,rapid_reversal__test__009,test,150809,clean,jerk_qp_pva_direct,413,1,command_p,stop-j0-k146,stop,1.46,0,joint_0,1,0.010000000000000009,0.0002849277899662903,0.1,0.1,0.05
paper-evidence-v1-locked-test::jerk_qp_pva_direct,synthetic-feasible-v1,synthetic,rapid_reversal__test__009,test,150809,clean,jerk_qp_pva_direct,413,1,command_p,reversal-j0-k148,reversal,1.4649999999999999,0,joint_0,1,0.010000000000000009,0.00027592556066543373,0.1,0.1,0.05
paper-evidence-v1-locked-test::jerk_qp_pva_direct,synthetic-feasible-v1,synthetic,rapid_reversal__test__009,test,150809,clean,jerk_qp_pva_direct,413,1,command_p,stop-j0-k183,stop,1.83,0,joint_0,1,0.010000000000000009,0.0003344237056647745,0.1,0.1,0.05
paper-evidence-v1-locked-test::jerk_qp_pva_direct,synthetic-feasible-v1,synthetic,rapid_reversal__test__009,test,150809,clean,jerk_qp_pva_direct,413,1,command_p,stop-j0-k219,stop,2.19,0,joint_0,1,0.010000000000000009,6.487992917073707e-05,0.1,0.1,0.05
paper-evidence-v1-locked-test::jerk_qp_pva_direct,synthetic-feasible-v1,synthetic,rapid_reversal__test__009,test,150809,clean,jerk_qp_pva_direct,413,1,command_p,stop-j0-k255,stop,2.5500000000000003,0,joint_0,1,0.009999999999999787,0.00013151995529727797,0.1,0.1,0.05
paper-evidence-v1-locked-test::jerk_qp_pva_direct,synthetic-feasible-v1,synthetic,rapid_reversal__test__009,test,150809,clean,jerk_qp_pva_direct,413,1,command_p,stop-j0-k291,stop,2.91,0,joint_0,1,0.009999999999999787,0.0003718352612912101,0.1,0.1,0.05
paper-evidence-v1-locked-test::jerk_qp_pva_direct,synthetic-feasible-v1,synthetic,rapid_reversal__test__009,test,150809,clean,jerk_qp_pva_direct,413,1,command_p,reversal-j0-k293,reversal,2.915,0,joint_0,1,0.009999999999999787,0.0003664595707109217,0.1,0.1,0.05
paper-evidence-v1-locked-test::jerk_qp_pva_direct,synthetic-feasible-v1,synthetic,rapid_reversal__test__009,test,150809,clean,jerk_qp_pva_direct,413,1,command_p,stop-j0-k327,stop,3.27,0,joint_0,1,0.009999999999999787,0.0001546547056837145,0.1,0.1,0.05
paper-evidence-v1-locked-test::jerk_qp_pva_direct,synthetic-feasible-v1,synthetic,rapid_reversal__test__009,test,150809,clean,jerk_qp_pva_direct,413,1,command_p,reversal-j0-k329,reversal,3.2750000000000004,0,joint_0,1,0.009999999999999787,0.00015369482120158412,0.1,0.1,0.05
paper-evidence-v1-locked-test::jerk_qp_pva_direct,synthetic-feasible-v1,synthetic,rapid_reversal__test__009,test,150809,clean,jerk_qp_pva_direct,413,1,command_p,stop-j0-k364,stop,3.64,0,joint_0,1,0.009999999999999787,8.152170248541856e-05,0.1,0.1,0.05
paper-evidence-v1-locked-test::jerk_qp_pva_direct,synthetic-feasible-v1,synthetic,rapid_reversal__test__009,test,150809,clean,jerk_qp_pva_direct,413,1,command_p,stop-j0-k400,stop,4.0,0,joint_0,1,0.009999999999999787,0.00029269346516730155,0.1,0.1,0.05
paper-evidence-v1-locked-test::jerk_qp_pva_direct,synthetic-feasible-v1,synthetic,rapid_reversal__test__010,test,150810,clean,jerk_qp_pva_direct,433,1,command_p,stop-j0-k34,stop,0.34,0,joint_0,-5,-0.04999999999999999,0.044632428577959196,0.1,0.1,0.05
paper-evidence-v1-locked-test::jerk_qp_pva_direct,synthetic-feasible-v1,synthetic,rapid_reversal__test__010,test,150810,clean,jerk_qp_pva_direct,433,1,command_p,stop-j0-k59,stop,0.59,0,joint_0,5,0.050000000000000044,0.03730600157455142,0.1,0.1,0.05
paper-evidence-v1-locked-test::jerk_qp_pva_direct,synthetic-feasible-v1,synthetic,rapid_reversal__test__010,test,150810,clean,jerk_qp_pva_direct,433,1,command_p,stop-j0-k84,stop,0.84,0,joint_0,-3,-0.030000000000000027,0.008458123676800492,0.1,0.1,0.05
paper-evidence-v1-locked-test::jerk_qp_pva_direct,synthetic-feasible-v1,synthetic,rapid_reversal__test__010,test,150810,clean,jerk_qp_pva_direct,433,1,command_p,stop-j0-k109,stop,1.09,0,joint_0,-5,-0.050000000000000044,0.03412859144754234,0.1,0.1,0.05
paper-evidence-v1-locked-test::jerk_qp_pva_direct,synthetic-feasible-v1,synthetic,rapid_reversal__test__010,test,150810,clean,jerk_qp_pva_direct,433,1,command_p,stop-j0-k134,stop,1.34,0,joint_0,5,0.050000000000000044,0.04409062276325186,0.1,0.1,0.05
paper-evidence-v1-locked-test::jerk_qp_pva_direct,synthetic-feasible-v1,synthetic,rapid_reversal__test__010,test,150810,clean,jerk_qp_pva_direct,433,1,command_p,stop-j0-k159,stop,1.59,0,joint_0,5,0.050000000000000044,0.02155647873002017,0.1,0.1,0.05
paper-evidence-v1-locked-test::jerk_qp_pva_direct,synthetic-feasible-v1,synthetic,rapid_reversal__test__010,test,150810,clean,jerk_qp_pva_direct,433,1,command_p,stop-j0-k184,stop,1.84,0,joint_0,-5,-0.050000000000000044,0.019326515307694487,0.1,0.1,0.05
paper-evidence-v1-locked-test::jerk_qp_pva_direct,synthetic-feasible-v1,synthetic,rapid_reversal__test__010,test,150810,clean,jerk_qp_pva_direct,433,1,command_p,stop-j0-k209,stop,2.09,0,joint_0,-5,-0.04999999999999982,0.04242714073604797,0.1,0.1,0.05
paper-evidence-v1-locked-test::jerk_qp_pva_direct,synthetic-feasible-v1,synthetic,rapid_reversal__test__010,test,150810,clean,jerk_qp_pva_direct,433,1,command_p,stop-j0-k234,stop,2.34,0,joint_0,5,0.04999999999999982,0.033565410796127085,0.1,0.1,0.05
paper-evidence-v1-locked-test::jerk_qp_pva_direct,synthetic-feasible-v1,synthetic,rapid_reversal__test__010,test,150810,clean,jerk_qp_pva_direct,433,1,command_p,stop-j0-k259,stop,2.59,0,joint_0,5,0.04999999999999982,0.0064299346426823735,0.1,0.1,0.05
paper-evidence-v1-locked-test::jerk_qp_pva_direct,synthetic-feasible-v1,synthetic,rapid_reversal__test__010,test,150810,clean,jerk_qp_pva_direct,433,1,command_p,stop-j0-k284,stop,2.84,0,joint_0,-5,-0.04999999999999982,0.03175058221011929,0.1,0.1,0.05
paper-evidence-v1-locked-test::jerk_qp_pva_direct,synthetic-feasible-v1,synthetic,rapid_reversal__test__010,test,150810,clean,jerk_qp_pva_direct,433,1,command_p,stop-j0-k308,stop,3.08,0,joint_0,0,0.0,0.041097887930398286,0.1,0.1,0.05
paper-evidence-v1-locked-test::jerk_qp_pva_direct,synthetic-feasible-v1,synthetic,rapid_reversal__test__010,test,150810,clean,jerk_qp_pva_direct,433,1,command_p,reversal-j0-k310,reversal,3.085,0,joint_0,0,0.0,0.041152779031471895,0.1,0.1,0.05
paper-evidence-v1-locked-test::jerk_qp_pva_direct,synthetic-feasible-v1,synthetic,rapid_reversal__test__010,test,150810,clean,jerk_qp_pva_direct,433,1,command_p,stop-j0-k333,stop,3.33,0,joint_0,5,0.04999999999999982,0.012825647896275747,0.1,0.1,0.05
paper-evidence-v1-locked-test::jerk_qp_pva_direct,synthetic-feasible-v1,synthetic,rapid_reversal__test__010,test,150810,clean,jerk_qp_pva_direct,433,1,command_p,stop-j0-k358,stop,3.58,0,joint_0,-5,-0.04999999999999982,0.01704533875927461,0.1,0.1,0.05
paper-evidence-v1-locked-test::jerk_qp_pva_direct,synthetic-feasible-v1,synthetic,rapid_reversal__test__010,test,150810,clean,jerk_qp_pva_direct,433,1,command_p,stop-j0-k383,stop,3.83,0,joint_0,-5,-0.04999999999999982,0.03950125219961219,0.1,0.1,0.05
paper-evidence-v1-locked-test::jerk_qp_pva_direct,synthetic-feasible-v1,synthetic,rapid_reversal__test__010,test,150810,clean,jerk_qp_pva_direct,433,1,command_p,stop-j0-k408,stop,4.08,0,joint_0,5,0.04999999999999982,0.026068046606640204,0.1,0.1,0.05
paper-evidence-v1-locked-test::jerk_qp_pva_direct,synthetic-feasible-v1,synthetic,rapid_reversal__test__011,test,150811,clean,jerk_qp_pva_direct,431,1,command_p,stop-j0-k11,stop,0.11,0,joint_0,-5,-0.05,0.032596617832638335,0.1,0.1,0.05
paper-evidence-v1-locked-test::jerk_qp_pva_direct,synthetic-feasible-v1,synthetic,rapid_reversal__test__011,test,150811,clean,jerk_qp_pva_direct,431,1,command_p,stop-j0-k35,stop,0.35000000000000003,0,joint_0,-5,-0.04999999999999999,0.09843218426054536,0.1,0.1,0.05
paper-evidence-v1-locked-test::jerk_qp_pva_direct,synthetic-feasible-v1,synthetic,rapid_reversal__test__011,test,150811,clean,jerk_qp_pva_direct,431,1,command_p,stop-j0-k58,stop,0.58,0,joint_0,5,0.050000000000000044,0.06903383462015399,0.1,0.1,0.05
paper-evidence-v1-locked-test::jerk_qp_pva_direct,synthetic-feasible-v1,synthetic,rapid_reversal__test__011,test,150811,clean,jerk_qp_pva_direct,431,1,command_p,stop-j0-k81,stop,0.81,0,joint_0,-5,-0.050000000000000044,0.012855244639235213,0.1,0.1,0.05
paper-evidence-v1-locked-test::jerk_qp_pva_direct,synthetic-feasible-v1,synthetic,rapid_reversal__test__011,test,150811,clean,jerk_qp_pva_direct,431,1,command_p,stop-j0-k104,stop,1.04,0,joint_0,-5,-0.050000000000000044,0.06693358225189977,0.1,0.1,0.05
paper-evidence-v1-locked-test::jerk_qp_pva_direct,synthetic-feasible-v1,synthetic,rapid_reversal__test__011,test,150811,clean,jerk_qp_pva_direct,431,1,command_p,stop-j0-k128,stop,1.28,0,joint_0,-5,-0.050000000000000044,0.06744458493707445,0.1,0.1,0.05
paper-evidence-v1-locked-test::jerk_qp_pva_direct,synthetic-feasible-v1,synthetic,rapid_reversal__test__011,test,150811,clean,jerk_qp_pva_direct,431,1,command_p,stop-j0-k151,stop,1.51,0,joint_0,-5,-0.050000000000000044,0.5101385756114428,0.1,0.1,0.05
paper-evidence-v1-locked-test::jerk_qp_pva_direct,synthetic-feasible-v1,synthetic,rapid_reversal__test__011,test,150811,clean,jerk_qp_pva_direct,431,1,command_p,stop-j0-k174,stop,1.74,0,joint_0,-5,-0.050000000000000044,0.890773336635712,0.1,0.1,0.05
paper-evidence-v1-locked-test::jerk_qp_pva_direct,synthetic-feasible-v1,synthetic,rapid_reversal__test__011,test,150811,clean,jerk_qp_pva_direct,431,1,command_p,stop-j0-k197,stop,1.97,0,joint_0,0,0.0,0.9276199009669102,0.1,0.1,0.05
paper-evidence-v1-locked-test::jerk_qp_pva_direct,synthetic-feasible-v1,synthetic,rapid_reversal__test__011,test,150811,clean,jerk_qp_pva_direct,431,1,command_p,stop-j0-k220,stop,2.2,0,joint_0,4,0.040000000000000036,0.890342324540928,0.1,0.1,0.05
paper-evidence-v1-locked-test::jerk_qp_pva_direct,synthetic-feasible-v1,synthetic,rapid_reversal__test__011,test,150811,clean,jerk_qp_pva_direct,431,1,command_p,stop-j0-k244,stop,2.44,0,joint_0,0,0.0,0.9276153489192668,0.1,0.1,0.05
paper-evidence-v1-locked-test::jerk_qp_pva_direct,synthetic-feasible-v1,synthetic,rapid_reversal__test__011,test,150811,clean,jerk_qp_pva_direct,431,1,command_p,stop-j0-k267,stop,2.67,0,joint_0,5,0.050000000000000044,0.8907327276864957,0.1,0.1,0.05
paper-evidence-v1-locked-test::jerk_qp_pva_direct,synthetic-feasible-v1,synthetic,rapid_reversal__test__011,test,150811,clean,jerk_qp_pva_direct,431,1,command_p,stop-j0-k290,stop,2.9,0,joint_0,0,0.0,0.9276251723561673,0.1,0.1,0.05
paper-evidence-v1-locked-test::jerk_qp_pva_direct,synthetic-feasible-v1,synthetic,rapid_reversal__test__011,test,150811,clean,jerk_qp_pva_direct,431,1,command_p,stop-j0-k313,stop,3.13,0,joint_0,-5,-0.04999999999999982,0.8904256035521092,0.1,0.1,0.05
paper-evidence-v1-locked-test::jerk_qp_pva_direct,synthetic-feasible-v1,synthetic,rapid_reversal__test__011,test,150811,clean,jerk_qp_pva_direct,431,1,command_p,stop-j0-k337,stop,3.37,0,joint_0,0,0.0,0.9276073856154667,0.1,0.1,0.05
paper-evidence-v1-locked-test::jerk_qp_pva_direct,synthetic-feasible-v1,synthetic,rapid_reversal__test__011,test,150811,clean,jerk_qp_pva_direct,431,1,command_p,stop-j0-k360,stop,3.6,0,joint_0,5,0.04999999999999982,0.8906741749084791,0.1,0.1,0.05
paper-evidence-v1-locked-test::jerk_qp_pva_direct,synthetic-feasible-v1,synthetic,rapid_reversal__test__011,test,150811,clean,jerk_qp_pva_direct,431,1,command_p,stop-j0-k383,stop,3.83,0,joint_0,0,0.0,0.9276289567634729,0.1,0.1,0.05
paper-evidence-v1-locked-test::jerk_qp_pva_direct,synthetic-feasible-v1,synthetic,rapid_reversal__test__011,test,150811,clean,jerk_qp_pva_direct,431,1,command_p,stop-j0-k406,stop,4.0600000000000005,0,joint_0,5,0.04999999999999982,0.8902295029931795,0.1,0.1,0.05
paper-evidence-v1-locked-test::jerk_qp_pva_direct,synthetic-feasible-v1,synthetic,rapid_reversal__test__012,test,150812,clean,jerk_qp_pva_direct,408,1,command_p,stop-j0-k30,stop,0.3,0,joint_0,1,0.010000000000000009,0.0014944130615240753,0.1,0.1,0.05
paper-evidence-v1-locked-test::jerk_qp_pva_direct,synthetic-feasible-v1,synthetic,rapid_reversal__test__012,test,150812,clean,jerk_qp_pva_direct,408,1,command_p,stop-j0-k58,stop,0.58,0,joint_0,1,0.010000000000000009,0.0003246984711575499,0.1,0.1,0.05
paper-evidence-v1-locked-test::jerk_qp_pva_direct,synthetic-feasible-v1,synthetic,rapid_reversal__test__012,test,150812,clean,jerk_qp_pva_direct,408,1,command_p,stop-j0-k87,stop,0.87,0,joint_0,-5,-0.050000000000000044,0.00763165000860417,0.1,0.1,0.05
paper-evidence-v1-locked-test::jerk_qp_pva_direct,synthetic-feasible-v1,synthetic,rapid_reversal__test__012,test,150812,clean,jerk_qp_pva_direct,408,1,command_p,stop-j0-k115,stop,1.1500000000000001,0,joint_0,-5,-0.050000000000000044,0.28869753456202024,0.1,0.1,0.05
paper-evidence-v1-locked-test::jerk_qp_pva_direct,synthetic-feasible-v1,synthetic,rapid_reversal__test__012,test,150812,clean,jerk_qp_pva_direct,408,1,command_p,stop-j0-k143,stop,1.43,0,joint_0,-5,-0.050000000000000044,1.2485273976104425,0.1,0.1,0.05
paper-evidence-v1-locked-test::jerk_qp_pva_direct,synthetic-feasible-v1,synthetic,rapid_reversal__test__012,test,150812,clean,jerk_qp_pva_direct,408,1,command_p,reversal-j0-k145,reversal,1.435,0,joint_0,-5,-0.050000000000000044,1.264001350315885,0.1,0.1,0.05
paper-evidence-v1-locked-test::jerk_qp_pva_direct,synthetic-feasible-v1,synthetic,rapid_reversal__test__012,test,150812,clean,jerk_qp_pva_direct,408,1,command_p,stop-j0-k172,stop,1.72,0,joint_0,-5,-0.050000000000000044,1.8878051370159115,0.1,0.1,0.05
paper-evidence-v1-locked-test::jerk_qp_pva_direct,synthetic-feasible-v1,synthetic,rapid_reversal__test__012,test,150812,clean,jerk_qp_pva_direct,408,1,command_p,stop-j0-k200,stop,2.0,0,joint_0,5,0.04999999999999982,1.953264757415725,0.1,0.1,0.05
paper-evidence-v1-locked-test::jerk_qp_pva_direct,synthetic-feasible-v1,synthetic,rapid_reversal__test__012,test,150812,clean,jerk_qp_pva_direct,408,1,command_p,stop-j0-k229,stop,2.29,0,joint_0,5,0.04999999999999982,1.156436574907314,0.1,0.1,0.05
paper-evidence-v1-locked-test::jerk_qp_pva_direct,synthetic-feasible-v1,synthetic,rapid_reversal__test__012,test,150812,clean,jerk_qp_pva_direct,408,1,command_p,stop-j0-k257,stop,2.57,0,joint_0,0,0.0,1.0363871943366743,0.1,0.1,0.05
paper-evidence-v1-locked-test::jerk_qp_pva_direct,synthetic-feasible-v1,synthetic,rapid_reversal__test__012,test,150812,clean,jerk_qp_pva_direct,408,1,command_p,stop-j0-k285,stop,2.85,0,joint_0,-5,-0.04999999999999982,0.9613226167322542,0.1,0.1,0.05
paper-evidence-v1-locked-test::jerk_qp_pva_direct,synthetic-feasible-v1,synthetic,rapid_reversal__test__012,test,150812,clean,jerk_qp_pva_direct,408,1,command_p,reversal-j0-k287,reversal,2.855,0,joint_0,5,0.04999999999999982,0.9611850998459938,0.1,0.1,0.05
paper-evidence-v1-locked-test::jerk_qp_pva_direct,synthetic-feasible-v1,synthetic,rapid_reversal__test__012,test,150812,clean,jerk_qp_pva_direct,408,1,command_p,stop-j0-k314,stop,3.14,0,joint_0,0,0.0,1.0363780792927326,0.1,0.1,0.05
paper-evidence-v1-locked-test::jerk_qp_pva_direct,synthetic-feasible-v1,synthetic,rapid_reversal__test__012,test,150812,clean,jerk_qp_pva_direct,408,1,command_p,stop-j0-k342,stop,3.42,0,joint_0,-5,-0.04999999999999982,0.9615403173830347,0.1,0.1,0.05
paper-evidence-v1-locked-test::jerk_qp_pva_direct,synthetic-feasible-v1,synthetic,rapid_reversal__test__012,test,150812,clean,jerk_qp_pva_direct,408,1,command_p,stop-j0-k370,stop,3.7,0,joint_0,0,0.0,1.037044715831631,0.1,0.1,0.05
paper-evidence-v1-locked-test::jerk_qp_pva_direct,synthetic-feasible-v1,synthetic,rapid_reversal__test__012,test,150812,clean,jerk_qp_pva_direct,408,1,command_p,reversal-j0-k372,reversal,3.705,0,joint_0,0,0.0,1.037044715831631,0.1,0.1,0.05
paper-evidence-v1-locked-test::jerk_qp_pva_direct,synthetic-feasible-v1,synthetic,rapid_reversal__test__013,test,150813,clean,jerk_qp_pva_direct,289,1,command_p,stop-j0-k22,stop,0.22,0,joint_0,1,0.010000000000000009,0.00015570160986066152,0.1,0.1,0.05
paper-evidence-v1-locked-test::jerk_qp_pva_direct,synthetic-feasible-v1,synthetic,rapid_reversal__test__013,test,150813,clean,jerk_qp_pva_direct,289,1,command_p,stop-j0-k43,stop,0.43,0,joint_0,1,0.010000000000000009,0.0005907098839419747,0.1,0.1,0.05
paper-evidence-v1-locked-test::jerk_qp_pva_direct,synthetic-feasible-v1,synthetic,rapid_reversal__test__013,test,150813,clean,jerk_qp_pva_direct,289,1,command_p,stop-j0-k64,stop,0.64,0,joint_0,1,0.010000000000000009,0.00024348934455675707,0.1,0.1,0.05
paper-evidence-v1-locked-test::jerk_qp_pva_direct,synthetic-feasible-v1,synthetic,rapid_reversal__test__013,test,150813,clean,jerk_qp_pva_direct,289,1,command_p,reversal-j0-k86,reversal,0.855,0,joint_0,1,0.010000000000000009,0.00023626406426442614,0.1,0.1,0.05
paper-evidence-v1-locked-test::jerk_qp_pva_direct,synthetic-feasible-v1,synthetic,rapid_reversal__test__013,test,150813,clean,jerk_qp_pva_direct,289,1,command_p,stop-j0-k107,stop,1.07,0,joint_0,1,0.010000000000000009,0.0004358814322679614,0.1,0.1,0.05
paper-evidence-v1-locked-test::jerk_qp_pva_direct,synthetic-feasible-v1,synthetic,rapid_reversal__test__013,test,150813,clean,jerk_qp_pva_direct,289,1,command_p,stop-j0-k128,stop,1.28,0,joint_0,1,0.010000000000000009,0.00028312481799683275,0.1,0.1,0.05
paper-evidence-v1-locked-test::jerk_qp_pva_direct,synthetic-feasible-v1,synthetic,rapid_reversal__test__013,test,150813,clean,jerk_qp_pva_direct,289,1,command_p,stop-j0-k149,stop,1.49,0,joint_0,1,0.010000000000000009,0.0004925164067556995,0.1,0.1,0.05
paper-evidence-v1-locked-test::jerk_qp_pva_direct,synthetic-feasible-v1,synthetic,rapid_reversal__test__013,test,150813,clean,jerk_qp_pva_direct,289,1,command_p,stop-j0-k171,stop,1.71,0,joint_0,1,0.010000000000000009,0.00016394663030244686,0.1,0.1,0.05
paper-evidence-v1-locked-test::jerk_qp_pva_direct,synthetic-feasible-v1,synthetic,rapid_reversal__test__013,test,150813,clean,jerk_qp_pva_direct,289,1,command_p,stop-j0-k192,stop,1.92,0,joint_0,1,0.010000000000000009,0.0001215405341559454,0.1,0.1,0.05
paper-evidence-v1-locked-test::jerk_qp_pva_direct,synthetic-feasible-v1,synthetic,rapid_reversal__test__013,test,150813,clean,jerk_qp_pva_direct,289,1,command_p,stop-j0-k213,stop,2.13,0,joint_0,1,0.010000000000000009,0.0005491013790450164,0.1,0.1,0.05
paper-evidence-v1-locked-test::jerk_qp_pva_direct,synthetic-feasible-v1,synthetic,rapid_reversal__test__013,test,150813,clean,jerk_qp_pva_direct,289,1,command_p,stop-j0-k234,stop,2.34,0,joint_0,1,0.010000000000000009,0.0002347958326613438,0.1,0.1,0.05
paper-evidence-v1-locked-test::jerk_qp_pva_direct,synthetic-feasible-v1,synthetic,rapid_reversal__test__013,test,150813,clean,jerk_qp_pva_direct,289,1,command_p,stop-j0-k256,stop,2.56,0,joint_0,1,0.009999999999999787,0.00025070859000100735,0.1,0.1,0.05
paper-evidence-v1-locked-test::jerk_qp_pva_direct,synthetic-feasible-v1,synthetic,rapid_reversal__test__013,test,150813,clean,jerk_qp_pva_direct,289,1,command_p,stop-j0-k277,stop,2.77,0,joint_0,1,0.009999999999999787,0.00038048469445454373,0.1,0.1,0.05
paper-evidence-v1-locked-test::jerk_qp_pva_direct,synthetic-feasible-v1,synthetic,rapid_reversal__test__014,test,150814,clean,jerk_qp_pva_direct,429,1,command_p,stop-j0-k13,stop,0.13,0,joint_0,-5,-0.05,0.02882866933666113,0.1,0.1,0.05
paper-evidence-v1-locked-test::jerk_qp_pva_direct,synthetic-feasible-v1,synthetic,rapid_reversal__test__014,test,150814,clean,jerk_qp_pva_direct,429,1,command_p,stop-j0-k37,stop,0.37,0,joint_0,-5,-0.04999999999999999,0.07439098023784727,0.1,0.1,0.05
paper-evidence-v1-locked-test::jerk_qp_pva_direct,synthetic-feasible-v1,synthetic,rapid_reversal__test__014,test,150814,clean,jerk_qp_pva_direct,429,1,command_p,stop-j0-k62,stop,0.62,0,joint_0,5,0.050000000000000044,0.05787574501135627,0.1,0.1,0.05
paper-evidence-v1-locked-test::jerk_qp_pva_direct,synthetic-feasible-v1,synthetic,rapid_reversal__test__014,test,150814,clean,jerk_qp_pva_direct,429,1,command_p,stop-j0-k86,stop,0.86,0,joint_0,-4,-0.040000000000000036,0.012468321512483288,0.1,0.1,0.05
paper-evidence-v1-locked-test::jerk_qp_pva_direct,synthetic-feasible-v1,synthetic,rapid_reversal__test__014,test,150814,clean,jerk_qp_pva_direct,429,1,command_p,stop-j0-k111,stop,1.11,0,joint_0,-5,-0.050000000000000044,0.05647781625393771,0.1,0.1,0.05
paper-evidence-v1-locked-test::jerk_qp_pva_direct,synthetic-feasible-v1,synthetic,rapid_reversal__test__014,test,150814,clean,jerk_qp_pva_direct,429,1,command_p,stop-j0-k135,stop,1.35,0,joint_0,5,0.050000000000000044,0.0726128775473283,0.1,0.1,0.05
paper-evidence-v1-locked-test::jerk_qp_pva_direct,synthetic-feasible-v1,synthetic,rapid_reversal__test__014,test,150814,clean,jerk_qp_pva_direct,429,1,command_p,stop-j0-k160,stop,1.6,0,joint_0,5,0.050000000000000044,0.033337993303258935,0.1,0.1,0.05
paper-evidence-v1-locked-test::jerk_qp_pva_direct,synthetic-feasible-v1,synthetic,rapid_reversal__test__014,test,150814,clean,jerk_qp_pva_direct,429,1,command_p,stop-j0-k184,stop,1.84,0,joint_0,-5,-0.050000000000000044,0.027906701370350777,0.1,0.1,0.05
paper-evidence-v1-locked-test::jerk_qp_pva_direct,synthetic-feasible-v1,synthetic,rapid_reversal__test__014,test,150814,clean,jerk_qp_pva_direct,429,1,command_p,stop-j0-k209,stop,2.09,0,joint_0,-5,-0.04999999999999982,0.0695910217927985,0.1,0.1,0.05
paper-evidence-v1-locked-test::jerk_qp_pva_direct,synthetic-feasible-v1,synthetic,rapid_reversal__test__014,test,150814,clean,jerk_qp_pva_direct,429,1,command_p,stop-j0-k233,stop,2.33,0,joint_0,5,0.04999999999999982,0.05799137189768787,0.1,0.1,0.05
paper-evidence-v1-locked-test::jerk_qp_pva_direct,synthetic-feasible-v1,synthetic,rapid_reversal__test__014,test,150814,clean,jerk_qp_pva_direct,429,1,command_p,stop-j0-k258,stop,2.58,0,joint_0,5,0.04999999999999982,0.009514831579719217,0.1,0.1,0.05
paper-evidence-v1-locked-test::jerk_qp_pva_direct,synthetic-feasible-v1,synthetic,rapid_reversal__test__014,test,150814,clean,jerk_qp_pva_direct,429,1,command_p,stop-j0-k282,stop,2.82,0,joint_0,-5,-0.04999999999999982,0.04908780219788351,0.1,0.1,0.05
paper-evidence-v1-locked-test::jerk_qp_pva_direct,synthetic-feasible-v1,synthetic,rapid_reversal__test__014,test,150814,clean,jerk_qp_pva_direct,429,1,command_p,stop-j0-k307,stop,3.0700000000000003,0,joint_0,5,0.04999999999999982,0.06810292340089859,0.1,0.1,0.05
paper-evidence-v1-locked-test::jerk_qp_pva_direct,synthetic-feasible-v1,synthetic,rapid_reversal__test__014,test,150814,clean,jerk_qp_pva_direct,429,1,command_p,stop-j0-k331,stop,3.31,0,joint_0,5,0.04999999999999982,0.028661977123732453,0.1,0.1,0.05
paper-evidence-v1-locked-test::jerk_qp_pva_direct,synthetic-feasible-v1,synthetic,rapid_reversal__test__014,test,150814,clean,jerk_qp_pva_direct,429,1,command_p,stop-j0-k356,stop,3.56,0,joint_0,-5,-0.04999999999999982,0.021166250920864486,0.1,0.1,0.05
paper-evidence-v1-locked-test::jerk_qp_pva_direct,synthetic-feasible-v1,synthetic,rapid_reversal__test__014,test,150814,clean,jerk_qp_pva_direct,429,1,command_p,stop-j0-k380,stop,3.8000000000000003,0,joint_0,-5,-0.04999999999999982,0.06394109233409596,0.1,0.1,0.05
paper-evidence-v1-locked-test::jerk_qp_pva_direct,synthetic-feasible-v1,synthetic,rapid_reversal__test__014,test,150814,clean,jerk_qp_pva_direct,429,1,command_p,stop-j0-k405,stop,4.05,0,joint_0,5,0.04999999999999982,0.05064573585151211,0.1,0.1,0.05
paper-evidence-v1-locked-test::jerk_qp_pva_direct,synthetic-feasible-v1,synthetic,rapid_reversal__test__015,test,150815,clean,jerk_qp_pva_direct,304,1,command_p,stop-j0-k27,stop,0.27,0,joint_0,1,0.010000000000000009,0.010756814867674186,0.1,0.1,0.05
paper-evidence-v1-locked-test::jerk_qp_pva_direct,synthetic-feasible-v1,synthetic,rapid_reversal__test__015,test,150815,clean,jerk_qp_pva_direct,304,1,command_p,stop-j0-k57,stop,0.5700000000000001,0,joint_0,0,0.0,0.012909662289996869,0.1,0.1,0.05
paper-evidence-v1-locked-test::jerk_qp_pva_direct,synthetic-feasible-v1,synthetic,rapid_reversal__test__015,test,150815,clean,jerk_qp_pva_direct,304,1,command_p,stop-j0-k87,stop,0.87,0,joint_0,2,0.020000000000000018,0.0014454357781290936,0.1,0.1,0.05
paper-evidence-v1-locked-test::jerk_qp_pva_direct,synthetic-feasible-v1,synthetic,rapid_reversal__test__015,test,150815,clean,jerk_qp_pva_direct,304,1,command_p,stop-j0-k117,stop,1.17,0,joint_0,1,0.010000000000000009,0.011225960000505584,0.1,0.1,0.05
paper-evidence-v1-locked-test::jerk_qp_pva_direct,synthetic-feasible-v1,synthetic,rapid_reversal__test__015,test,150815,clean,jerk_qp_pva_direct,304,1,command_p,stop-j0-k147,stop,1.47,0,joint_0,0,0.0,0.011511658285770944,0.1,0.1,0.05
paper-evidence-v1-locked-test::jerk_qp_pva_direct,synthetic-feasible-v1,synthetic,rapid_reversal__test__015,test,150815,clean,jerk_qp_pva_direct,304,1,command_p,stop-j0-k177,stop,1.77,0,joint_0,2,0.020000000000000018,0.0027666805044325054,0.1,0.1,0.05
paper-evidence-v1-locked-test::jerk_qp_pva_direct,synthetic-feasible-v1,synthetic,rapid_reversal__test__015,test,150815,clean,jerk_qp_pva_direct,304,1,command_p,stop-j0-k207,stop,2.07,0,joint_0,0,0.0,0.011355955436662419,0.1,0.1,0.05
paper-evidence-v1-locked-test::jerk_qp_pva_direct,synthetic-feasible-v1,synthetic,rapid_reversal__test__015,test,150815,clean,jerk_qp_pva_direct,304,1,command_p,stop-j0-k236,stop,2.36,0,joint_0,-1,-0.010000000000000009,0.009983986262963283,0.1,0.1,0.05
paper-evidence-v1-locked-test::jerk_qp_pva_direct,synthetic-feasible-v1,synthetic,rapid_reversal__test__015,test,150815,clean,jerk_qp_pva_direct,304,1,command_p,reversal-j0-k238,reversal,2.365,0,joint_0,0,0.0,0.010086321627054074,0.1,0.1,0.05
paper-evidence-v1-locked-test::jerk_qp_pva_direct,synthetic-feasible-v1,synthetic,rapid_reversal__test__015,test,150815,clean,jerk_qp_pva_direct,304,1,command_p,stop-j0-k266,stop,2.66,0,joint_0,2,0.020000000000000018,0.004081260155854174,0.1,0.1,0.05
paper-evidence-v1-locked-test::jerk_qp_pva_direct,synthetic-feasible-v1,synthetic,rapid_reversal__test__016,test,150816,clean,jerk_qp_pva_direct,341,1,command_p,stop-j0-k42,stop,0.42,0,joint_0,0,0.0,0.005867987768218541,0.1,0.1,0.05
paper-evidence-v1-locked-test::jerk_qp_pva_direct,synthetic-feasible-v1,synthetic,rapid_reversal__test__016,test,150816,clean,jerk_qp_pva_direct,341,1,command_p,reversal-j0-k44,reversal,0.42500000000000004,0,joint_0,0,0.0,0.005998776573627379,0.1,0.1,0.05
paper-evidence-v1-locked-test::jerk_qp_pva_direct,synthetic-feasible-v1,synthetic,rapid_reversal__test__016,test,150816,clean,jerk_qp_pva_direct,341,1,command_p,stop-j0-k82,stop,0.8200000000000001,0,joint_0,2,0.020000000000000018,0.0009419237644821321,0.1,0.1,0.05
paper-evidence-v1-locked-test::jerk_qp_pva_direct,synthetic-feasible-v1,synthetic,rapid_reversal__test__016,test,150816,clean,jerk_qp_pva_direct,341,1,command_p,stop-j0-k121,stop,1.21,0,joint_0,1,0.010000000000000009,0.0036361520797988144,0.1,0.1,0.05
paper-evidence-v1-locked-test::jerk_qp_pva_direct,synthetic-feasible-v1,synthetic,rapid_reversal__test__016,test,150816,clean,jerk_qp_pva_direct,341,1,command_p,reversal-j0-k123,reversal,1.2149999999999999,0,joint_0,1,0.010000000000000009,0.0036760054794774105,0.1,0.1,0.05
paper-evidence-v1-locked-test::jerk_qp_pva_direct,synthetic-feasible-v1,synthetic,rapid_reversal__test__016,test,150816,clean,jerk_qp_pva_direct,341,1,command_p,stop-j0-k160,stop,1.6,0,joint_0,0,0.0,0.0018009090741374838,0.1,0.1,0.05
paper-evidence-v1-locked-test::jerk_qp_pva_direct,synthetic-feasible-v1,synthetic,rapid_reversal__test__016,test,150816,clean,jerk_qp_pva_direct,341,1,command_p,reversal-j0-k162,reversal,1.605,0,joint_0,0,0.0,0.0018409315093574714,0.1,0.1,0.05
paper-evidence-v1-locked-test::jerk_qp_pva_direct,synthetic-feasible-v1,synthetic,rapid_reversal__test__016,test,150816,clean,jerk_qp_pva_direct,341,1,command_p,stop-j0-k199,stop,1.99,0,joint_0,0,0.0,0.004700718041637914,0.1,0.1,0.05
paper-evidence-v1-locked-test::jerk_qp_pva_direct,synthetic-feasible-v1,synthetic,rapid_reversal__test__016,test,150816,clean,jerk_qp_pva_direct,341,1,command_p,reversal-j0-k201,reversal,1.995,0,joint_0,1,0.010000000000000009,0.004751987124765888,0.1,0.1,0.05
paper-evidence-v1-locked-test::jerk_qp_pva_direct,synthetic-feasible-v1,synthetic,rapid_reversal__test__016,test,150816,clean,jerk_qp_pva_direct,341,1,command_p,stop-j0-k239,stop,2.39,0,joint_0,1,0.009999999999999787,0.0013991518073792608,0.1,0.1,0.05
paper-evidence-v1-locked-test::jerk_qp_pva_direct,synthetic-feasible-v1,synthetic,rapid_reversal__test__016,test,150816,clean,jerk_qp_pva_direct,341,1,command_p,stop-j0-k278,stop,2.7800000000000002,0,joint_0,1,0.009999999999999787,0.002636036794998008,0.1,0.1,0.05
paper-evidence-v1-locked-test::jerk_qp_pva_direct,synthetic-feasible-v1,synthetic,rapid_reversal__test__016,test,150816,clean,jerk_qp_pva_direct,341,1,command_p,reversal-j0-k280,reversal,2.785,0,joint_0,1,0.009999999999999787,0.002636036794998008,0.1,0.1,0.05
paper-evidence-v1-locked-test::jerk_qp_pva_direct,synthetic-feasible-v1,synthetic,rapid_reversal__test__016,test,150816,clean,jerk_qp_pva_direct,341,1,command_p,stop-j0-k317,stop,3.17,0,joint_0,0,0.0,0.003508811440084293,0.1,0.1,0.05
paper-evidence-v1-locked-test::jerk_qp_pva_direct,synthetic-feasible-v1,synthetic,rapid_reversal__test__016,test,150816,clean,jerk_qp_pva_direct,341,1,command_p,reversal-j0-k319,reversal,3.175,0,joint_0,0,0.0,0.003593543127678109,0.1,0.1,0.05
paper-evidence-v1-locked-test::jerk_qp_pva_direct,synthetic-feasible-v1,synthetic,rapid_reversal__test__017,test,150817,clean,jerk_qp_pva_direct,342,1,command_p,stop-j0-k22,stop,0.22,0,joint_0,1,0.010000000000000009,0.0009808002001758407,0.1,0.1,0.05
paper-evidence-v1-locked-test::jerk_qp_pva_direct,synthetic-feasible-v1,synthetic,rapid_reversal__test__017,test,150817,clean,jerk_qp_pva_direct,342,1,command_p,stop-j0-k45,stop,0.45,0,joint_0,1,0.010000000000000009,0.0017765645260641233,0.1,0.1,0.05
paper-evidence-v1-locked-test::jerk_qp_pva_direct,synthetic-feasible-v1,synthetic,rapid_reversal__test__017,test,150817,clean,jerk_qp_pva_direct,342,1,command_p,stop-j0-k68,stop,0.68,0,joint_0,2,0.020000000000000018,0.0008323686805269349,0.1,0.1,0.05
paper-evidence-v1-locked-test::jerk_qp_pva_direct,synthetic-feasible-v1,synthetic,rapid_reversal__test__017,test,150817,clean,jerk_qp_pva_direct,342,1,command_p,stop-j0-k91,stop,0.91,0,joint_0,1,0.010000000000000009,0.00032430265689638093,0.1,0.1,0.05
paper-evidence-v1-locked-test::jerk_qp_pva_direct,synthetic-feasible-v1,synthetic,rapid_reversal__test__017,test,150817,clean,jerk_qp_pva_direct,342,1,command_p,stop-j0-k114,stop,1.1400000000000001,0,joint_0,1,0.010000000000000009,0.00144722881673062,0.1,0.1,0.05
paper-evidence-v1-locked-test::jerk_qp_pva_direct,synthetic-feasible-v1,synthetic,rapid_reversal__test__017,test,150817,clean,jerk_qp_pva_direct,342,1,command_p,reversal-j0-k138,reversal,1.375,0,joint_0,2,0.020000000000000018,0.001342649522834335,0.1,0.1,0.05
paper-evidence-v1-locked-test::jerk_qp_pva_direct,synthetic-feasible-v1,synthetic,rapid_reversal__test__017,test,150817,clean,jerk_qp_pva_direct,342,1,command_p,stop-j0-k161,stop,1.61,0,joint_0,1,0.010000000000000009,0.000905024980404543,0.1,0.1,0.05
paper-evidence-v1-locked-test::jerk_qp_pva_direct,synthetic-feasible-v1,synthetic,rapid_reversal__test__017,test,150817,clean,jerk_qp_pva_direct,342,1,command_p,stop-j0-k184,stop,1.84,0,joint_0,1,0.010000000000000009,0.0007769045803779572,0.1,0.1,0.05
paper-evidence-v1-locked-test::jerk_qp_pva_direct,synthetic-feasible-v1,synthetic,rapid_reversal__test__017,test,150817,clean,jerk_qp_pva_direct,342,1,command_p,stop-j0-k207,stop,2.07,0,joint_0,1,0.010000000000000009,0.0012418934531413532,0.1,0.1,0.05
paper-evidence-v1-locked-test::jerk_qp_pva_direct,synthetic-feasible-v1,synthetic,rapid_reversal__test__017,test,150817,clean,jerk_qp_pva_direct,342,1,command_p,stop-j0-k230,stop,2.3000000000000003,0,joint_0,1,0.009999999999999787,0.0014801164028776835,0.1,0.1,0.05
paper-evidence-v1-locked-test::jerk_qp_pva_direct,synthetic-feasible-v1,synthetic,rapid_reversal__test__017,test,150817,clean,jerk_qp_pva_direct,342,1,command_p,stop-j0-k253,stop,2.5300000000000002,0,joint_0,2,0.020000000000000018,0.00027003754819530544,0.1,0.1,0.05
paper-evidence-v1-locked-test::jerk_qp_pva_direct,synthetic-feasible-v1,synthetic,rapid_reversal__test__017,test,150817,clean,jerk_qp_pva_direct,342,1,command_p,stop-j0-k276,stop,2.7600000000000002,0,joint_0,1,0.009999999999999787,0.000699397803882869,0.1,0.1,0.05
paper-evidence-v1-locked-test::jerk_qp_pva_direct,synthetic-feasible-v1,synthetic,rapid_reversal__test__017,test,150817,clean,jerk_qp_pva_direct,342,1,command_p,stop-j0-k299,stop,2.99,0,joint_0,1,0.009999999999999787,0.0015888312297078662,0.1,0.1,0.05
paper-evidence-v1-locked-test::jerk_qp_pva_direct,synthetic-feasible-v1,synthetic,rapid_reversal__test__017,test,150817,clean,jerk_qp_pva_direct,342,1,command_p,stop-j0-k322,stop,3.22,0,joint_0,1,0.009999999999999787,0.0009260202952839112,0.1,0.1,0.05
paper-evidence-v1-locked-test::jerk_qp_pva_direct,synthetic-feasible-v1,synthetic,rapid_reversal__test__018,test,150818,clean,jerk_qp_pva_direct,447,1,command_p,stop-j0-k29,stop,0.29,0,joint_0,-5,-0.04999999999999999,0.02272959349600537,0.1,0.1,0.05
paper-evidence-v1-locked-test::jerk_qp_pva_direct,synthetic-feasible-v1,synthetic,rapid_reversal__test__018,test,150818,clean,jerk_qp_pva_direct,447,1,command_p,reversal-j0-k52,reversal,0.515,0,joint_0,5,0.04999999999999999,0.023055154203890902,0.1,0.1,0.05
paper-evidence-v1-locked-test::jerk_qp_pva_direct,synthetic-feasible-v1,synthetic,rapid_reversal__test__018,test,150818,clean,jerk_qp_pva_direct,447,1,command_p,stop-j0-k74,stop,0.74,0,joint_0,-1,-0.010000000000000009,0.011671392922445647,0.1,0.1,0.05
paper-evidence-v1-locked-test::jerk_qp_pva_direct,synthetic-feasible-v1,synthetic,rapid_reversal__test__018,test,150818,clean,jerk_qp_pva_direct,447,1,command_p,stop-j0-k96,stop,0.96,0,joint_0,2,0.020000000000000018,0.011105548435877303,0.1,0.1,0.05
paper-evidence-v1-locked-test::jerk_qp_pva_direct,synthetic-feasible-v1,synthetic,rapid_reversal__test__018,test,150818,clean,jerk_qp_pva_direct,447,1,command_p,stop-j0-k118,stop,1.18,0,joint_0,0,0.0,0.022863951174645094,0.1,0.1,0.05
paper-evidence-v1-locked-test::jerk_qp_pva_direct,synthetic-feasible-v1,synthetic,rapid_reversal__test__018,test,150818,clean,jerk_qp_pva_direct,447,1,command_p,stop-j0-k141,stop,1.41,0,joint_0,0,0.0,0.02253760737909887,0.1,0.1,0.05
paper-evidence-v1-locked-test::jerk_qp_pva_direct,synthetic-feasible-v1,synthetic,rapid_reversal__test__018,test,150818,clean,jerk_qp_pva_direct,447,1,command_p,stop-j0-k163,stop,1.6300000000000001,0,joint_0,5,0.050000000000000044,0.004719684568471656,0.1,0.1,0.05
paper-evidence-v1-locked-test::jerk_qp_pva_direct,synthetic-feasible-v1,synthetic,rapid_reversal__test__018,test,150818,clean,jerk_qp_pva_direct,447,1,command_p,stop-j0-k185,stop,1.85,0,joint_0,-5,-0.050000000000000044,0.010599137421454899,0.1,0.1,0.05
paper-evidence-v1-locked-test::jerk_qp_pva_direct,synthetic-feasible-v1,synthetic,rapid_reversal__test__018,test,150818,clean,jerk_qp_pva_direct,447,1,command_p,stop-j0-k208,stop,2.08,0,joint_0,0,0.0,0.023494292785249848,0.1,0.1,0.05
paper-evidence-v1-locked-test::jerk_qp_pva_direct,synthetic-feasible-v1,synthetic,rapid_reversal__test__018,test,150818,clean,jerk_qp_pva_direct,447,1,command_p,stop-j0-k230,stop,2.3000000000000003,0,joint_0,5,0.04999999999999982,0.01832719405762795,0.1,0.1,0.05
paper-evidence-v1-locked-test::jerk_qp_pva_direct,synthetic-feasible-v1,synthetic,rapid_reversal__test__018,test,150818,clean,jerk_qp_pva_direct,447,1,command_p,stop-j0-k252,stop,2.52,0,joint_0,-2,-0.020000000000000018,0.005590173632465849,0.1,0.1,0.05
paper-evidence-v1-locked-test::jerk_qp_pva_direct,synthetic-feasible-v1,synthetic,rapid_reversal__test__018,test,150818,clean,jerk_qp_pva_direct,447,1,command_p,stop-j0-k275,stop,2.75,0,joint_0,1,0.009999999999999787,0.014705493424179176,0.1,0.1,0.05
paper-evidence-v1-locked-test::jerk_qp_pva_direct,synthetic-feasible-v1,synthetic,rapid_reversal__test__018,test,150818,clean,jerk_qp_pva_direct,447,1,command_p,stop-j0-k297,stop,2.97,0,joint_0,0,0.0,0.022268595029839154,0.1,0.1,0.05
paper-evidence-v1-locked-test::jerk_qp_pva_direct,synthetic-feasible-v1,synthetic,rapid_reversal__test__018,test,150818,clean,jerk_qp_pva_direct,447,1,command_p,stop-j0-k319,stop,3.19,0,joint_0,-1,-0.010000000000000009,0.017972009424118647,0.1,0.1,0.05
paper-evidence-v1-locked-test::jerk_qp_pva_direct,synthetic-feasible-v1,synthetic,rapid_reversal__test__018,test,150818,clean,jerk_qp_pva_direct,447,1,command_p,stop-j0-k342,stop,3.42,0,joint_0,4,0.040000000000000036,0.0012354679810060382,0.1,0.1,0.05
paper-evidence-v1-locked-test::jerk_qp_pva_direct,synthetic-feasible-v1,synthetic,rapid_reversal__test__018,test,150818,clean,jerk_qp_pva_direct,447,1,command_p,stop-j0-k364,stop,3.64,0,joint_0,-5,-0.04999999999999982,0.014145333803137239,0.1,0.1,0.05
paper-evidence-v1-locked-test::jerk_qp_pva_direct,synthetic-feasible-v1,synthetic,rapid_reversal__test__018,test,150818,clean,jerk_qp_pva_direct,447,1,command_p,stop-j0-k386,stop,3.86,0,joint_0,-5,-0.04999999999999982,0.02182131283222093,0.1,0.1,0.05
paper-evidence-v1-locked-test::jerk_qp_pva_direct,synthetic-feasible-v1,synthetic,rapid_reversal__test__018,test,150818,clean,jerk_qp_pva_direct,447,1,command_p,stop-j0-k409,stop,4.09,0,joint_0,5,0.04999999999999982,0.013041404261913787,0.1,0.1,0.05
paper-evidence-v1-locked-test::jerk_qp_pva_direct,synthetic-feasible-v1,synthetic,rapid_reversal__test__018,test,150818,clean,jerk_qp_pva_direct,447,1,command_p,stop-j0-k431,stop,4.3100000000000005,0,joint_0,-2,-0.020000000000000018,0.0010580430394486185,0.1,0.1,0.05
paper-evidence-v1-locked-test::jerk_qp_pva_direct,synthetic-feasible-v1,synthetic,rapid_reversal__test__019,test,150819,clean,jerk_qp_pva_direct,255,1,command_p,stop-j0-k36,stop,0.36,0,joint_0,1,0.010000000000000009,0.0068340430100058145,0.1,0.1,0.05
paper-evidence-v1-locked-test::jerk_qp_pva_direct,synthetic-feasible-v1,synthetic,rapid_reversal__test__019,test,150819,clean,jerk_qp_pva_direct,255,1,command_p,stop-j0-k73,stop,0.73,0,joint_0,-1,-0.010000000000000009,0.00453218439743359,0.1,0.1,0.05
paper-evidence-v1-locked-test::jerk_qp_pva_direct,synthetic-feasible-v1,synthetic,rapid_reversal__test__019,test,150819,clean,jerk_qp_pva_direct,255,1,command_p,stop-j0-k110,stop,1.1,0,joint_0,1,0.010000000000000009,0.006170146235574626,0.1,0.1,0.05
paper-evidence-v1-locked-test::jerk_qp_pva_direct,synthetic-feasible-v1,synthetic,rapid_reversal__test__019,test,150819,clean,jerk_qp_pva_direct,255,1,command_p,reversal-j0-k112,reversal,1.105,0,joint_0,1,0.010000000000000009,0.006246844653199607,0.1,0.1,0.05
paper-evidence-v1-locked-test::jerk_qp_pva_direct,synthetic-feasible-v1,synthetic,rapid_reversal__test__019,test,150819,clean,jerk_qp_pva_direct,255,1,command_p,stop-j0-k147,stop,1.47,0,joint_0,3,0.030000000000000027,0.005122367183649995,0.1,0.1,0.05
paper-evidence-v1-locked-test::jerk_qp_pva_direct,synthetic-feasible-v1,synthetic,rapid_reversal__test__019,test,150819,clean,jerk_qp_pva_direct,255,1,command_p,reversal-j0-k149,reversal,1.475,0,joint_0,3,0.030000000000000027,0.005270598208356091,0.1,0.1,0.05
paper-evidence-v1-locked-test::jerk_qp_pva_direct,synthetic-feasible-v1,synthetic,rapid_reversal__test__019,test,150819,clean,jerk_qp_pva_direct,255,1,command_p,stop-j0-k185,stop,1.85,0,joint_0,0,0.0,0.002272712246946941,0.1,0.1,0.05
paper-evidence-v1-locked-test::jerk_qp_pva_direct,synthetic-feasible-v1,synthetic,rapid_reversal__test__019,test,150819,clean,jerk_qp_pva_direct,255,1,command_p,stop-j0-k222,stop,2.22,0,joint_0,1,0.009999999999999787,0.007675768310669328,0.1,0.1,0.05
paper-evidence-v1-locked-test::jerk_qp_pva_direct,synthetic-feasible-v1,synthetic,rapid_reversal__test__019,test,150819,clean,jerk_qp_pva_direct,255,1,command_p,reversal-j0-k224,reversal,2.225,0,joint_0,1,0.009999999999999787,0.007675768310669328,0.1,0.1,0.05
paper-evidence-v1-locked-test::jerk_qp_pva_direct,synthetic-feasible-v1,synthetic,rapid_reversal__test__020,test,150820,clean,jerk_qp_pva_direct,380,1,command_p,stop-j0-k24,stop,0.24,0,joint_0,1,0.010000000000000009,0.0044720129134149435,0.1,0.1,0.05
paper-evidence-v1-locked-test::jerk_qp_pva_direct,synthetic-feasible-v1,synthetic,rapid_reversal__test__020,test,150820,clean,jerk_qp_pva_direct,380,1,command_p,stop-j0-k46,stop,0.46,0,joint_0,1,0.010000000000000009,0.0051387354961616016,0.1,0.1,0.05
paper-evidence-v1-locked-test::jerk_qp_pva_direct,synthetic-feasible-v1,synthetic,rapid_reversal__test__020,test,150820,clean,jerk_qp_pva_direct,380,1,command_p,stop-j0-k67,stop,0.67,0,joint_0,1,0.010000000000000009,0.004286302398184037,0.1,0.1,0.05
paper-evidence-v1-locked-test::jerk_qp_pva_direct,synthetic-feasible-v1,synthetic,rapid_reversal__test__020,test,150820,clean,jerk_qp_pva_direct,380,1,command_p,stop-j0-k88,stop,0.88,0,joint_0,2,0.020000000000000018,0.001233707524562531,0.1,0.1,0.05
paper-evidence-v1-locked-test::jerk_qp_pva_direct,synthetic-feasible-v1,synthetic,rapid_reversal__test__020,test,150820,clean,jerk_qp_pva_direct,380,1,command_p,reversal-j0-k110,reversal,1.0950000000000002,0,joint_0,1,0.010000000000000009,0.0023947323115722607,0.1,0.1,0.05
paper-evidence-v1-locked-test::jerk_qp_pva_direct,synthetic-feasible-v1,synthetic,rapid_reversal__test__020,test,150820,clean,jerk_qp_pva_direct,380,1,command_p,stop-j0-k131,stop,1.31,0,joint_0,1,0.010000000000000009,0.0048872532592845845,0.1,0.1,0.05
paper-evidence-v1-locked-test::jerk_qp_pva_direct,synthetic-feasible-v1,synthetic,rapid_reversal__test__020,test,150820,clean,jerk_qp_pva_direct,380,1,command_p,stop-j0-k152,stop,1.52,0,joint_0,2,0.020000000000000018,0.004063449461506087,0.1,0.1,0.05
paper-evidence-v1-locked-test::jerk_qp_pva_direct,synthetic-feasible-v1,synthetic,rapid_reversal__test__020,test,150820,clean,jerk_qp_pva_direct,380,1,command_p,reversal-j0-k174,reversal,1.7349999999999999,0,joint_0,1,0.010000000000000009,0.002566322247164099,0.1,0.1,0.05
paper-evidence-v1-locked-test::jerk_qp_pva_direct,synthetic-feasible-v1,synthetic,rapid_reversal__test__020,test,150820,clean,jerk_qp_pva_direct,380,1,command_p,stop-j0-k195,stop,1.95,0,joint_0,1,0.010000000000000009,0.0017747908912791894,0.1,0.1,0.05
paper-evidence-v1-locked-test::jerk_qp_pva_direct,synthetic-feasible-v1,synthetic,rapid_reversal__test__020,test,150820,clean,jerk_qp_pva_direct,380,1,command_p,stop-j0-k216,stop,2.16,0,joint_0,1,0.009999999999999787,0.003402162024881697,0.1,0.1,0.05
paper-evidence-v1-locked-test::jerk_qp_pva_direct,synthetic-feasible-v1,synthetic,rapid_reversal__test__020,test,150820,clean,jerk_qp_pva_direct,380,1,command_p,stop-j0-k237,stop,2.37,0,joint_0,1,0.009999999999999787,0.0050819229519258055,0.1,0.1,0.05
paper-evidence-v1-locked-test::jerk_qp_pva_direct,synthetic-feasible-v1,synthetic,rapid_reversal__test__020,test,150820,clean,jerk_qp_pva_direct,380,1,command_p,stop-j0-k259,stop,2.59,0,joint_0,1,0.010000000000000009,0.0034877904829779837,0.1,0.1,0.05
paper-evidence-v1-locked-test::jerk_qp_pva_direct,synthetic-feasible-v1,synthetic,rapid_reversal__test__020,test,150820,clean,jerk_qp_pva_direct,380,1,command_p,stop-j0-k280,stop,2.8000000000000003,0,joint_0,1,0.009999999999999787,0.0017598692986920998,0.1,0.1,0.05
paper-evidence-v1-locked-test::jerk_qp_pva_direct,synthetic-feasible-v1,synthetic,rapid_reversal__test__020,test,150820,clean,jerk_qp_pva_direct,380,1,command_p,stop-j0-k301,stop,3.0100000000000002,0,joint_0,1,0.009999999999999787,0.00220874535534395,0.1,0.1,0.05
paper-evidence-v1-locked-test::jerk_qp_pva_direct,synthetic-feasible-v1,synthetic,rapid_reversal__test__020,test,150820,clean,jerk_qp_pva_direct,380,1,command_p,reversal-j0-k323,reversal,3.225,0,joint_0,1,0.009999999999999787,0.0032966139495035607,0.1,0.1,0.05
paper-evidence-v1-locked-test::jerk_qp_pva_direct,synthetic-feasible-v1,synthetic,rapid_reversal__test__020,test,150820,clean,jerk_qp_pva_direct,380,1,command_p,stop-j0-k344,stop,3.44,0,joint_0,1,0.010000000000000009,0.004053155240825864,0.1,0.1,0.05
paper-evidence-v1-locked-test::jerk_qp_pva_direct,synthetic-feasible-v1,synthetic,rapid_reversal__test__020,test,150820,clean,jerk_qp_pva_direct,380,1,command_p,stop-j0-k365,stop,3.65,0,joint_0,1,0.010000000000000009,0.002144367095691479,0.1,0.1,0.05
paper-evidence-v1-locked-test::jerk_qp_pva_direct,synthetic-feasible-v1,synthetic,stop_and_go__test__001,test,140801,clean,jerk_qp_pva_direct,422,1,command_p,stop-j0-k111,stop,1.11,0,joint_0,-2,-0.020000000000000018,0.0003928892407115783,0.1,0.1,0.05
paper-evidence-v1-locked-test::jerk_qp_pva_direct,synthetic-feasible-v1,synthetic,stop_and_go__test__001,test,140801,clean,jerk_qp_pva_direct,422,1,command_p,reversal-j0-k188,reversal,1.4900000000000002,0,joint_0,-5,-0.050000000000000044,0.0008169800237423663,0.1,0.1,0.05
paper-evidence-v1-locked-test::jerk_qp_pva_direct,synthetic-feasible-v1,synthetic,stop_and_go__test__001,test,140801,clean,jerk_qp_pva_direct,422,1,command_p,stop-j0-k289,stop,2.89,0,joint_0,-3,-0.029999999999999805,0.00043322830125210114,0.1,0.1,0.05
paper-evidence-v1-locked-test::jerk_qp_pva_direct,synthetic-feasible-v1,synthetic,stop_and_go__test__001,test,140801,clean,jerk_qp_pva_direct,422,1,command_p,reversal-j0-k351,reversal,3.1950000000000003,0,joint_0,5,0.050000000000000266,0.00027608546900878686,0.1,0.1,0.05
paper-evidence-v1-locked-test::jerk_qp_pva_direct,synthetic-feasible-v1,synthetic,stop_and_go__test__002,test,140802,clean,jerk_qp_pva_direct,279,1,command_p,stop-j0-k73,stop,0.73,0,joint_0,0,0.0,0.0002596050407882663,0.1,0.1,0.05
paper-evidence-v1-locked-test::jerk_qp_pva_direct,synthetic-feasible-v1,synthetic,stop_and_go__test__002,test,140802,clean,jerk_qp_pva_direct,279,1,command_p,reversal-j0-k124,reversal,0.98,0,joint_0,-5,-0.050000000000000044,0.00013215896755078876,0.1,0.1,0.05
paper-evidence-v1-locked-test::jerk_qp_pva_direct,synthetic-feasible-v1,synthetic,stop_and_go__test__002,test,140802,clean,jerk_qp_pva_direct,279,1,command_p,stop-j0-k191,stop,1.9100000000000001,0,joint_0,1,0.010000000000000009,0.00010322559216887614,0.1,0.1,0.05
paper-evidence-v1-locked-test::jerk_qp_pva_direct,synthetic-feasible-v1,synthetic,stop_and_go__test__002,test,140802,clean,jerk_qp_pva_direct,279,1,command_p,reversal-j0-k232,reversal,2.11,0,joint_0,-5,-0.04999999999999982,6.581511441239696e-05,0.1,0.1,0.05
paper-evidence-v1-locked-test::jerk_qp_pva_direct,synthetic-feasible-v1,synthetic,stop_and_go__test__003,test,140803,clean,jerk_qp_pva_direct,337,1,command_p,stop-j0-k88,stop,0.88,0,joint_0,0,0.0,0.0003323699202715013,0.1,0.1,0.05
paper-evidence-v1-locked-test::jerk_qp_pva_direct,synthetic-feasible-v1,synthetic,stop_and_go__test__003,test,140803,clean,jerk_qp_pva_direct,337,1,command_p,reversal-j0-k150,reversal,1.185,0,joint_0,-5,-0.050000000000000044,0.00041804172032339063,0.1,0.1,0.05
paper-evidence-v1-locked-test::jerk_qp_pva_direct,synthetic-feasible-v1,synthetic,stop_and_go__test__003,test,140803,clean,jerk_qp_pva_direct,337,1,command_p,stop-j0-k231,stop,2.31,0,joint_0,1,0.009999999999999787,0.00023484921547815743,0.1,0.1,0.05
paper-evidence-v1-locked-test::jerk_qp_pva_direct,synthetic-feasible-v1,synthetic,stop_and_go__test__003,test,140803,clean,jerk_qp_pva_direct,337,1,command_p,reversal-j0-k280,reversal,2.5500000000000003,0,joint_0,-5,-0.04999999999999982,2.6610220511209394e-05,0.1,0.1,0.05
paper-evidence-v1-locked-test::jerk_qp_pva_direct,synthetic-feasible-v1,synthetic,stop_and_go__test__004,test,140804,clean,jerk_qp_pva_direct,269,1,command_p,stop-j0-k71,stop,0.71,0,joint_0,0,0.0,0.00043913845508830417,0.1,0.1,0.05
paper-evidence-v1-locked-test::jerk_qp_pva_direct,synthetic-feasible-v1,synthetic,stop_and_go__test__004,test,140804,clean,jerk_qp_pva_direct,269,1,command_p,reversal-j0-k120,reversal,0.95,0,joint_0,-5,-0.050000000000000044,0.0002005179282113015,0.1,0.1,0.05
paper-evidence-v1-locked-test::jerk_qp_pva_direct,synthetic-feasible-v1,synthetic,stop_and_go__test__004,test,140804,clean,jerk_qp_pva_direct,269,1,command_p,stop-j0-k184,stop,1.84,0,joint_0,1,0.010000000000000009,0.00044742196802384434,0.1,0.1,0.05
paper-evidence-v1-locked-test::jerk_qp_pva_direct,synthetic-feasible-v1,synthetic,stop_and_go__test__004,test,140804,clean,jerk_qp_pva_direct,269,1,command_p,reversal-j0-k224,reversal,2.035,0,joint_0,-5,-0.04999999999999982,0.0005249323277076567,0.1,0.1,0.05
paper-evidence-v1-locked-test::jerk_qp_pva_direct,synthetic-feasible-v1,synthetic,stop_and_go__test__005,test,140805,clean,jerk_qp_pva_direct,357,1,command_p,stop-j0-k94,stop,0.9400000000000001,0,joint_0,-1,-0.010000000000000009,0.0004964647048301182,0.1,0.1,0.05
paper-evidence-v1-locked-test::jerk_qp_pva_direct,synthetic-feasible-v1,synthetic,stop_and_go__test__005,test,140805,clean,jerk_qp_pva_direct,357,1,command_p,reversal-j0-k159,reversal,1.26,0,joint_0,5,0.050000000000000044,0.00025693106485089685,0.1,0.1,0.05
paper-evidence-v1-locked-test::jerk_qp_pva_direct,synthetic-feasible-v1,synthetic,stop_and_go__test__005,test,140805,clean,jerk_qp_pva_direct,357,1,command_p,stop-j0-k244,stop,2.44,0,joint_0,0,0.0,0.0001394840118262552,0.1,0.1,0.05
paper-evidence-v1-locked-test::jerk_qp_pva_direct,synthetic-feasible-v1,synthetic,stop_and_go__test__005,test,140805,clean,jerk_qp_pva_direct,357,1,command_p,reversal-j0-k296,reversal,2.6950000000000003,0,joint_0,0,0.0,0.0004982034643395605,0.1,0.1,0.05
paper-evidence-v1-locked-test::jerk_qp_pva_direct,synthetic-feasible-v1,synthetic,stop_and_go__test__006,test,140806,clean,jerk_qp_pva_direct,419,1,command_p,stop-j0-k110,stop,1.1,0,joint_0,1,0.010000000000000009,0.0001805264522506846,0.1,0.1,0.05
paper-evidence-v1-locked-test::jerk_qp_pva_direct,synthetic-feasible-v1,synthetic,stop_and_go__test__006,test,140806,clean,jerk_qp_pva_direct,419,1,command_p,reversal-j0-k187,reversal,1.48,0,joint_0,5,0.050000000000000044,0.0003202610660889971,0.1,0.1,0.05
paper-evidence-v1-locked-test::jerk_qp_pva_direct,synthetic-feasible-v1,synthetic,stop_and_go__test__006,test,140806,clean,jerk_qp_pva_direct,419,1,command_p,stop-j0-k287,stop,2.87,0,joint_0,-1,-0.009999999999999787,0.0007702260627533546,0.1,0.1,0.05
paper-evidence-v1-locked-test::jerk_qp_pva_direct,synthetic-feasible-v1,synthetic,stop_and_go__test__006,test,140806,clean,jerk_qp_pva_direct,419,1,command_p,reversal-j0-k348,reversal,3.17,0,joint_0,5,0.04999999999999982,0.00011295928507000588,0.1,0.1,0.05
paper-evidence-v1-locked-test::jerk_qp_pva_direct,synthetic-feasible-v1,synthetic,stop_and_go__test__007,test,140807,clean,jerk_qp_pva_direct,424,1,command_p,stop-j0-k111,stop,1.11,0,joint_0,1,0.010000000000000009,0.00028298322879687353,0.1,0.1,0.05
paper-evidence-v1-locked-test::jerk_qp_pva_direct,synthetic-feasible-v1,synthetic,stop_and_go__test__007,test,140807,clean,jerk_qp_pva_direct,424,1,command_p,reversal-j0-k189,reversal,1.495,0,joint_0,0,0.0,0.0006624582698387701,0.1,0.1,0.05
paper-evidence-v1-locked-test::jerk_qp_pva_direct,synthetic-feasible-v1,synthetic,stop_and_go__test__007,test,140807,clean,jerk_qp_pva_direct,424,1,command_p,stop-j0-k291,stop,2.91,0,joint_0,0,0.0,0.00043328799394195687,0.1,0.1,0.05
paper-evidence-v1-locked-test::jerk_qp_pva_direct,synthetic-feasible-v1,synthetic,stop_and_go__test__007,test,140807,clean,jerk_qp_pva_direct,424,1,command_p,reversal-j0-k353,reversal,3.215,0,joint_0,-5,-0.050000000000000266,0.00024133287027105002,0.1,0.1,0.05
paper-evidence-v1-locked-test::jerk_qp_pva_direct,synthetic-feasible-v1,synthetic,stop_and_go__test__008,test,140808,clean,jerk_qp_pva_direct,305,1,command_p,stop-j0-k80,stop,0.8,0,joint_0,0,0.0,0.0004149212594688503,0.1,0.1,0.05
paper-evidence-v1-locked-test::jerk_qp_pva_direct,synthetic-feasible-v1,synthetic,stop_and_go__test__008,test,140808,clean,jerk_qp_pva_direct,305,1,command_p,reversal-j0-k136,reversal,1.0750000000000002,0,joint_0,-5,-0.050000000000000044,0.00038725024115439496,0.1,0.1,0.05
paper-evidence-v1-locked-test::jerk_qp_pva_direct,synthetic-feasible-v1,synthetic,stop_and_go__test__008,test,140808,clean,jerk_qp_pva_direct,305,1,command_p,stop-j0-k209,stop,2.09,0,joint_0,1,0.009999999999999898,0.0003606720234323498,0.1,0.1,0.05
paper-evidence-v1-locked-test::jerk_qp_pva_direct,synthetic-feasible-v1,synthetic,stop_and_go__test__008,test,140808,clean,jerk_qp_pva_direct,305,1,command_p,reversal-j0-k253,reversal,2.305,0,joint_0,-5,-0.04999999999999982,0.0005438723842481361,0.1,0.1,0.05
paper-evidence-v1-locked-test::jerk_qp_pva_direct,synthetic-feasible-v1,synthetic,stop_and_go__test__009,test,140809,clean,jerk_qp_pva_direct,443,1,command_p,stop-j0-k116,stop,1.16,0,joint_0,-1,-0.010000000000000009,0.00025271589392717077,0.1,0.1,0.05
paper-evidence-v1-locked-test::jerk_qp_pva_direct,synthetic-feasible-v1,synthetic,stop_and_go__test__009,test,140809,clean,jerk_qp_pva_direct,443,1,command_p,reversal-j0-k198,reversal,1.565,0,joint_0,-5,-0.050000000000000044,0.00033011402195667287,0.1,0.1,0.05
paper-evidence-v1-locked-test::jerk_qp_pva_direct,synthetic-feasible-v1,synthetic,stop_and_go__test__009,test,140809,clean,jerk_qp_pva_direct,443,1,command_p,stop-j0-k304,stop,3.04,0,joint_0,0,0.0,0.0002704707785751797,0.1,0.1,0.05
paper-evidence-v1-locked-test::jerk_qp_pva_direct,synthetic-feasible-v1,synthetic,stop_and_go__test__009,test,140809,clean,jerk_qp_pva_direct,443,1,command_p,reversal-j0-k369,reversal,3.3600000000000003,0,joint_0,5,0.04999999999999982,0.0002832991380249937,0.1,0.1,0.05
paper-evidence-v1-locked-test::jerk_qp_pva_direct,synthetic-feasible-v1,synthetic,stop_and_go__test__010,test,140810,clean,jerk_qp_pva_direct,408,1,command_p,stop-j0-k107,stop,1.07,0,joint_0,1,0.010000000000000009,0.00016426219415026114,0.1,0.1,0.05
paper-evidence-v1-locked-test::jerk_qp_pva_direct,synthetic-feasible-v1,synthetic,stop_and_go__test__010,test,140810,clean,jerk_qp_pva_direct,408,1,command_p,reversal-j0-k182,reversal,1.44,0,joint_0,5,0.050000000000000044,0.00034761022592938364,0.1,0.1,0.05
paper-evidence-v1-locked-test::jerk_qp_pva_direct,synthetic-feasible-v1,synthetic,stop_and_go__test__010,test,140810,clean,jerk_qp_pva_direct,408,1,command_p,stop-j0-k279,stop,2.79,0,joint_0,0,0.0,0.00024907039593600983,0.1,0.1,0.05
paper-evidence-v1-locked-test::jerk_qp_pva_direct,synthetic-feasible-v1,synthetic,stop_and_go__test__010,test,140810,clean,jerk_qp_pva_direct,408,1,command_p,reversal-j0-k339,reversal,3.085,0,joint_0,-5,-0.04999999999999982,0.0012076879619260428,0.1,0.1,0.05
paper-evidence-v1-locked-test::jerk_qp_pva_direct,synthetic-feasible-v1,synthetic,stop_and_go__test__011,test,140811,clean,jerk_qp_pva_direct,281,1,command_p,stop-j0-k74,stop,0.74,0,joint_0,0,0.0,0.00035002384238151267,0.1,0.1,0.05
paper-evidence-v1-locked-test::jerk_qp_pva_direct,synthetic-feasible-v1,synthetic,stop_and_go__test__011,test,140811,clean,jerk_qp_pva_direct,281,1,command_p,reversal-j0-k125,reversal,0.99,0,joint_0,-5,-0.050000000000000044,0.0001550284773928028,0.1,0.1,0.05
paper-evidence-v1-locked-test::jerk_qp_pva_direct,synthetic-feasible-v1,synthetic,stop_and_go__test__011,test,140811,clean,jerk_qp_pva_direct,281,1,command_p,stop-j0-k192,stop,1.92,0,joint_0,1,0.010000000000000009,0.0002639789752337991,0.1,0.1,0.05
paper-evidence-v1-locked-test::jerk_qp_pva_direct,synthetic-feasible-v1,synthetic,stop_and_go__test__011,test,140811,clean,jerk_qp_pva_direct,281,1,command_p,reversal-j0-k234,reversal,2.125,0,joint_0,5,0.04999999999999982,0.00021675094141410968,0.1,0.1,0.05
paper-evidence-v1-locked-test::jerk_qp_pva_direct,synthetic-feasible-v1,synthetic,stop_and_go__test__012,test,140812,clean,jerk_qp_pva_direct,270,1,command_p,stop-j0-k71,stop,0.71,0,joint_0,0,0.0,0.00047402594470021507,0.1,0.1,0.05
paper-evidence-v1-locked-test::jerk_qp_pva_direct,synthetic-feasible-v1,synthetic,stop_and_go__test__012,test,140812,clean,jerk_qp_pva_direct,270,1,command_p,reversal-j0-k121,reversal,0.9550000000000001,0,joint_0,-5,-0.050000000000000044,0.000205673190493819,0.1,0.1,0.05
paper-evidence-v1-locked-test::jerk_qp_pva_direct,synthetic-feasible-v1,synthetic,stop_and_go__test__012,test,140812,clean,jerk_qp_pva_direct,270,1,command_p,stop-j0-k185,stop,1.85,0,joint_0,1,0.010000000000000009,0.0004385700893008959,0.1,0.1,0.05
paper-evidence-v1-locked-test::jerk_qp_pva_direct,synthetic-feasible-v1,synthetic,stop_and_go__test__012,test,140812,clean,jerk_qp_pva_direct,270,1,command_p,reversal-j0-k225,reversal,2.045,0,joint_0,-5,-0.04999999999999982,0.000523489984335254,0.1,0.1,0.05
paper-evidence-v1-locked-test::jerk_qp_pva_direct,synthetic-feasible-v1,synthetic,stop_and_go__test__013,test,140813,clean,jerk_qp_pva_direct,318,1,command_p,stop-j0-k84,stop,0.84,0,joint_0,1,0.010000000000000009,3.0573254137359486e-05,0.1,0.1,0.05
paper-evidence-v1-locked-test::jerk_qp_pva_direct,synthetic-feasible-v1,synthetic,stop_and_go__test__013,test,140813,clean,jerk_qp_pva_direct,318,1,command_p,reversal-j0-k142,reversal,1.125,0,joint_0,-5,-0.050000000000000044,0.00017280754035238187,0.1,0.1,0.05
paper-evidence-v1-locked-test::jerk_qp_pva_direct,synthetic-feasible-v1,synthetic,stop_and_go__test__013,test,140813,clean,jerk_qp_pva_direct,318,1,command_p,stop-j0-k218,stop,2.18,0,joint_0,-1,-0.009999999999999787,0.00025934137195802044,0.1,0.1,0.05
paper-evidence-v1-locked-test::jerk_qp_pva_direct,synthetic-feasible-v1,synthetic,stop_and_go__test__013,test,140813,clean,jerk_qp_pva_direct,318,1,command_p,reversal-j0-k264,reversal,2.4050000000000002,0,joint_0,-5,-0.04999999999999982,0.0010769620012701356,0.1,0.1,0.05
paper-evidence-v1-locked-test::jerk_qp_pva_direct,synthetic-feasible-v1,synthetic,stop_and_go__test__014,test,140814,clean,jerk_qp_pva_direct,428,1,command_p,stop-j0-k112,stop,1.12,0,joint_0,0,0.0,0.00019020721701327783,0.1,0.1,0.05
paper-evidence-v1-locked-test::jerk_qp_pva_direct,synthetic-feasible-v1,synthetic,stop_and_go__test__014,test,140814,clean,jerk_qp_pva_direct,428,1,command_p,reversal-j0-k191,reversal,1.5100000000000002,0,joint_0,5,0.050000000000000044,0.00014443338179712627,0.1,0.1,0.05
paper-evidence-v1-locked-test::jerk_qp_pva_direct,synthetic-feasible-v1,synthetic,stop_and_go__test__014,test,140814,clean,jerk_qp_pva_direct,428,1,command_p,stop-j0-k293,stop,2.93,0,joint_0,-1,-0.009999999999999787,0.0007999304788237539,0.1,0.1,0.05
paper-evidence-v1-locked-test::jerk_qp_pva_direct,synthetic-feasible-v1,synthetic,stop_and_go__test__014,test,140814,clean,jerk_qp_pva_direct,428,1,command_p,reversal-j0-k355,reversal,3.2350000000000003,0,joint_0,-5,-0.050000000000000266,0.00030699244551488515,0.1,0.1,0.05
paper-evidence-v1-locked-test::jerk_qp_pva_direct,synthetic-feasible-v1,synthetic,stop_and_go__test__015,test,140815,clean,jerk_qp_pva_direct,319,1,command_p,stop-j0-k84,stop,0.84,0,joint_0,0,0.0,0.0003237281057044997,0.1,0.1,0.05
paper-evidence-v1-locked-test::jerk_qp_pva_direct,synthetic-feasible-v1,synthetic,stop_and_go__test__015,test,140815,clean,jerk_qp_pva_direct,319,1,command_p,reversal-j0-k142,reversal,1.125,0,joint_0,-5,-0.050000000000000044,0.00037885887350443034,0.1,0.1,0.05
paper-evidence-v1-locked-test::jerk_qp_pva_direct,synthetic-feasible-v1,synthetic,stop_and_go__test__015,test,140815,clean,jerk_qp_pva_direct,319,1,command_p,stop-j0-k219,stop,2.19,0,joint_0,1,0.010000000000000009,0.00017886078827036563,0.1,0.1,0.05
paper-evidence-v1-locked-test::jerk_qp_pva_direct,synthetic-feasible-v1,synthetic,stop_and_go__test__015,test,140815,clean,jerk_qp_pva_direct,319,1,command_p,reversal-j0-k265,reversal,2.415,0,joint_0,5,0.04999999999999982,6.265069829425208e-05,0.1,0.1,0.05
paper-evidence-v1-locked-test::jerk_qp_pva_direct,synthetic-feasible-v1,synthetic,stop_and_go__test__016,test,140816,clean,jerk_qp_pva_direct,297,1,command_p,stop-j0-k78,stop,0.78,0,joint_0,0,0.0,0.00040564561527187706,0.1,0.1,0.05
paper-evidence-v1-locked-test::jerk_qp_pva_direct,synthetic-feasible-v1,synthetic,stop_and_go__test__016,test,140816,clean,jerk_qp_pva_direct,297,1,command_p,reversal-j0-k132,reversal,1.045,0,joint_0,-5,-0.050000000000000044,0.0003373624267800174,0.1,0.1,0.05
paper-evidence-v1-locked-test::jerk_qp_pva_direct,synthetic-feasible-v1,synthetic,stop_and_go__test__016,test,140816,clean,jerk_qp_pva_direct,297,1,command_p,stop-j0-k203,stop,2.0300000000000002,0,joint_0,1,0.010000000000000009,0.0003697443684491083,0.1,0.1,0.05
paper-evidence-v1-locked-test::jerk_qp_pva_direct,synthetic-feasible-v1,synthetic,stop_and_go__test__016,test,140816,clean,jerk_qp_pva_direct,297,1,command_p,reversal-j0-k246,reversal,2.24,0,joint_0,-5,-0.04999999999999982,0.0005945793699994731,0.1,0.1,0.05
paper-evidence-v1-locked-test::jerk_qp_pva_direct,synthetic-feasible-v1,synthetic,stop_and_go__test__017,test,140817,clean,jerk_qp_pva_direct,326,1,command_p,stop-j0-k86,stop,0.86,0,joint_0,1,0.010000000000000009,6.144500911593993e-05,0.1,0.1,0.05
paper-evidence-v1-locked-test::jerk_qp_pva_direct,synthetic-feasible-v1,synthetic,stop_and_go__test__017,test,140817,clean,jerk_qp_pva_direct,326,1,command_p,reversal-j0-k146,reversal,1.155,0,joint_0,0,0.0,0.00022817364526432868,0.1,0.1,0.05
paper-evidence-v1-locked-test::jerk_qp_pva_direct,synthetic-feasible-v1,synthetic,stop_and_go__test__017,test,140817,clean,jerk_qp_pva_direct,326,1,command_p,stop-j0-k224,stop,2.24,0,joint_0,2,0.020000000000000018,0.0006321776933975884,0.1,0.1,0.05
paper-evidence-v1-locked-test::jerk_qp_pva_direct,synthetic-feasible-v1,synthetic,stop_and_go__test__017,test,140817,clean,jerk_qp_pva_direct,326,1,command_p,reversal-j0-k271,reversal,2.4699999999999998,0,joint_0,0,0.0,0.0011156162098013955,0.1,0.1,0.05
paper-evidence-v1-locked-test::jerk_qp_pva_direct,synthetic-feasible-v1,synthetic,stop_and_go__test__018,test,140818,clean,jerk_qp_pva_direct,428,1,command_p,stop-j0-k112,stop,1.12,0,joint_0,0,0.0,0.00019830547471168133,0.1,0.1,0.05
paper-evidence-v1-locked-test::jerk_qp_pva_direct,synthetic-feasible-v1,synthetic,stop_and_go__test__018,test,140818,clean,jerk_qp_pva_direct,428,1,command_p,reversal-j0-k191,reversal,1.5100000000000002,0,joint_0,5,0.050000000000000044,0.0001476196794450613,0.1,0.1,0.05
paper-evidence-v1-locked-test::jerk_qp_pva_direct,synthetic-feasible-v1,synthetic,stop_and_go__test__018,test,140818,clean,jerk_qp_pva_direct,428,1,command_p,stop-j0-k293,stop,2.93,0,joint_0,-1,-0.009999999999999787,0.0008083032846747915,0.1,0.1,0.05
paper-evidence-v1-locked-test::jerk_qp_pva_direct,synthetic-feasible-v1,synthetic,stop_and_go__test__018,test,140818,clean,jerk_qp_pva_direct,428,1,command_p,reversal-j0-k356,reversal,3.24,0,joint_0,-5,-0.04999999999999982,0.0002985075059093059,0.1,0.1,0.05
paper-evidence-v1-locked-test::jerk_qp_pva_direct,synthetic-feasible-v1,synthetic,stop_and_go__test__019,test,140819,clean,jerk_qp_pva_direct,289,1,command_p,stop-j0-k76,stop,0.76,0,joint_0,0,0.0,0.0003359133555514608,0.1,0.1,0.05
paper-evidence-v1-locked-test::jerk_qp_pva_direct,synthetic-feasible-v1,synthetic,stop_and_go__test__019,test,140819,clean,jerk_qp_pva_direct,289,1,command_p,reversal-j0-k129,reversal,1.02,0,joint_0,-5,-0.050000000000000044,0.00024103772568104666,0.1,0.1,0.05
paper-evidence-v1-locked-test::jerk_qp_pva_direct,synthetic-feasible-v1,synthetic,stop_and_go__test__019,test,140819,clean,jerk_qp_pva_direct,289,1,command_p,stop-j0-k198,stop,1.98,0,joint_0,1,0.010000000000000009,0.0002744657964766674,0.1,0.1,0.05
paper-evidence-v1-locked-test::jerk_qp_pva_direct,synthetic-feasible-v1,synthetic,stop_and_go__test__019,test,140819,clean,jerk_qp_pva_direct,289,1,command_p,reversal-j0-k240,reversal,2.185,0,joint_0,0,0.0,0.00035023869125814003,0.1,0.1,0.05
paper-evidence-v1-locked-test::jerk_qp_pva_direct,synthetic-feasible-v1,synthetic,stop_and_go__test__020,test,140820,clean,jerk_qp_pva_direct,257,1,command_p,stop-j0-k68,stop,0.68,0,joint_0,0,0.0,0.0004344364193165692,0.1,0.1,0.05
paper-evidence-v1-locked-test::jerk_qp_pva_direct,synthetic-feasible-v1,synthetic,stop_and_go__test__020,test,140820,clean,jerk_qp_pva_direct,257,1,command_p,reversal-j0-k115,reversal,0.9100000000000001,0,joint_0,-5,-0.04999999999999993,0.00015901869737580668,0.1,0.1,0.05
paper-evidence-v1-locked-test::jerk_qp_pva_direct,synthetic-feasible-v1,synthetic,stop_and_go__test__020,test,140820,clean,jerk_qp_pva_direct,257,1,command_p,stop-j0-k176,stop,1.76,0,joint_0,1,0.010000000000000009,0.0005270909836356466,0.1,0.1,0.05
paper-evidence-v1-locked-test::jerk_qp_pva_direct,synthetic-feasible-v1,synthetic,stop_and_go__test__020,test,140820,clean,jerk_qp_pva_direct,257,1,command_p,reversal-j0-k214,reversal,1.945,0,joint_0,-5,-0.050000000000000044,0.00043996166857203844,0.1,0.1,0.05
paper-evidence-v1-locked-test::jerk_qp_pva_ruckig,synthetic-feasible-v1,synthetic,rapid_reversal__test__001,test,150801,clean,jerk_qp_pva_ruckig,334,1,command_p,reversal-j0-k16,reversal,0.155,0,joint_0,-5,-0.05,0.010649414053882205,0.1,0.1,0.05
paper-evidence-v1-locked-test::jerk_qp_pva_ruckig,synthetic-feasible-v1,synthetic,rapid_reversal__test__001,test,150801,clean,jerk_qp_pva_ruckig,334,1,command_p,stop-j0-k38,stop,0.38,0,joint_0,-5,-0.04999999999999999,0.023324597640409797,0.1,0.1,0.05
paper-evidence-v1-locked-test::jerk_qp_pva_ruckig,synthetic-feasible-v1,synthetic,rapid_reversal__test__001,test,150801,clean,jerk_qp_pva_ruckig,334,1,command_p,stop-j0-k61,stop,0.61,0,joint_0,5,0.050000000000000044,0.01887972005619729,0.1,0.1,0.05
paper-evidence-v1-locked-test::jerk_qp_pva_ruckig,synthetic-feasible-v1,synthetic,rapid_reversal__test__001,test,150801,clean,jerk_qp_pva_ruckig,334,1,command_p,stop-j0-k84,stop,0.84,0,joint_0,-2,-0.020000000000000018,0.005461688616094272,0.1,0.1,0.05
paper-evidence-v1-locked-test::jerk_qp_pva_ruckig,synthetic-feasible-v1,synthetic,rapid_reversal__test__001,test,150801,clean,jerk_qp_pva_ruckig,334,1,command_p,stop-j0-k106,stop,1.06,0,joint_0,-5,-0.050000000000000044,0.014165822815326254,0.1,0.1,0.05
paper-evidence-v1-locked-test::jerk_qp_pva_ruckig,synthetic-feasible-v1,synthetic,rapid_reversal__test__001,test,150801,clean,jerk_qp_pva_ruckig,334,1,command_p,stop-j0-k129,stop,1.29,0,joint_0,5,0.050000000000000044,0.023543848125481652,0.1,0.1,0.05
paper-evidence-v1-locked-test::jerk_qp_pva_ruckig,synthetic-feasible-v1,synthetic,rapid_reversal__test__001,test,150801,clean,jerk_qp_pva_ruckig,334,1,command_p,stop-j0-k152,stop,1.52,0,joint_0,5,0.050000000000000044,0.016186168071835868,0.1,0.1,0.05
paper-evidence-v1-locked-test::jerk_qp_pva_ruckig,synthetic-feasible-v1,synthetic,rapid_reversal__test__001,test,150801,clean,jerk_qp_pva_ruckig,334,1,command_p,stop-j0-k175,stop,1.75,0,joint_0,4,0.040000000000000036,0.004235747808715819,0.1,0.1,0.05
paper-evidence-v1-locked-test::jerk_qp_pva_ruckig,synthetic-feasible-v1,synthetic,rapid_reversal__test__001,test,150801,clean,jerk_qp_pva_ruckig,334,1,command_p,stop-j0-k197,stop,1.97,0,joint_0,-5,-0.04999999999999982,0.016379939889398402,0.1,0.1,0.05
paper-evidence-v1-locked-test::jerk_qp_pva_ruckig,synthetic-feasible-v1,synthetic,rapid_reversal__test__001,test,150801,clean,jerk_qp_pva_ruckig,334,1,command_p,stop-j0-k220,stop,2.2,0,joint_0,5,0.04999999999999982,0.02256547797336443,0.1,0.1,0.05
paper-evidence-v1-locked-test::jerk_qp_pva_ruckig,synthetic-feasible-v1,synthetic,rapid_reversal__test__001,test,150801,clean,jerk_qp_pva_ruckig,334,1,command_p,stop-j0-k243,stop,2.43,0,joint_0,5,0.04999999999999982,0.010926413025639986,0.1,0.1,0.05
paper-evidence-v1-locked-test::jerk_qp_pva_ruckig,synthetic-feasible-v1,synthetic,rapid_reversal__test__001,test,150801,clean,jerk_qp_pva_ruckig,334,1,command_p,stop-j0-k265,stop,2.65,0,joint_0,-5,-0.04999999999999982,0.0031318908797201175,0.1,0.1,0.05
paper-evidence-v1-locked-test::jerk_qp_pva_ruckig,synthetic-feasible-v1,synthetic,rapid_reversal__test__001,test,150801,clean,jerk_qp_pva_ruckig,334,1,command_p,stop-j0-k288,stop,2.88,0,joint_0,-5,-0.04999999999999982,0.018241816781475486,0.1,0.1,0.05
paper-evidence-v1-locked-test::jerk_qp_pva_ruckig,synthetic-feasible-v1,synthetic,rapid_reversal__test__001,test,150801,clean,jerk_qp_pva_ruckig,334,1,command_p,stop-j0-k311,stop,3.11,0,joint_0,5,0.04999999999999982,0.019848245926413616,0.1,0.1,0.05
paper-evidence-v1-locked-test::jerk_qp_pva_ruckig,synthetic-feasible-v1,synthetic,rapid_reversal__test__002,test,150802,clean,jerk_qp_pva_ruckig,440,1,command_p,stop-j0-k24,stop,0.24,0,joint_0,1,0.010000000000000009,0.003469887683130606,0.1,0.1,0.05
paper-evidence-v1-locked-test::jerk_qp_pva_ruckig,synthetic-feasible-v1,synthetic,rapid_reversal__test__002,test,150802,clean,jerk_qp_pva_ruckig,440,1,command_p,stop-j0-k48,stop,0.48,0,joint_0,0,0.0,0.005412330441494035,0.1,0.1,0.05
paper-evidence-v1-locked-test::jerk_qp_pva_ruckig,synthetic-feasible-v1,synthetic,rapid_reversal__test__002,test,150802,clean,jerk_qp_pva_ruckig,440,1,command_p,stop-j0-k73,stop,0.73,0,joint_0,2,0.020000000000000018,0.0020369953781841105,0.1,0.1,0.05
paper-evidence-v1-locked-test::jerk_qp_pva_ruckig,synthetic-feasible-v1,synthetic,rapid_reversal__test__002,test,150802,clean,jerk_qp_pva_ruckig,440,1,command_p,stop-j0-k98,stop,0.98,0,joint_0,0,0.0,0.0015414049627012147,0.1,0.1,0.05
paper-evidence-v1-locked-test::jerk_qp_pva_ruckig,synthetic-feasible-v1,synthetic,rapid_reversal__test__002,test,150802,clean,jerk_qp_pva_ruckig,440,1,command_p,stop-j0-k122,stop,1.22,0,joint_0,1,0.010000000000000009,0.005199219486191818,0.1,0.1,0.05
paper-evidence-v1-locked-test::jerk_qp_pva_ruckig,synthetic-feasible-v1,synthetic,rapid_reversal__test__002,test,150802,clean,jerk_qp_pva_ruckig,440,1,command_p,stop-j0-k147,stop,1.47,0,joint_0,2,0.020000000000000018,0.00356981848979393,0.1,0.1,0.05
paper-evidence-v1-locked-test::jerk_qp_pva_ruckig,synthetic-feasible-v1,synthetic,rapid_reversal__test__002,test,150802,clean,jerk_qp_pva_ruckig,440,1,command_p,stop-j0-k172,stop,1.72,0,joint_0,0,0.0,0.0009173902706605467,0.1,0.1,0.05
paper-evidence-v1-locked-test::jerk_qp_pva_ruckig,synthetic-feasible-v1,synthetic,rapid_reversal__test__002,test,150802,clean,jerk_qp_pva_ruckig,440,1,command_p,stop-j0-k197,stop,1.97,0,joint_0,1,0.010000000000000009,0.004119326132803863,0.1,0.1,0.05
paper-evidence-v1-locked-test::jerk_qp_pva_ruckig,synthetic-feasible-v1,synthetic,rapid_reversal__test__002,test,150802,clean,jerk_qp_pva_ruckig,440,1,command_p,stop-j0-k221,stop,2.21,0,joint_0,2,0.020000000000000018,0.004255329894564768,0.1,0.1,0.05
paper-evidence-v1-locked-test::jerk_qp_pva_ruckig,synthetic-feasible-v1,synthetic,rapid_reversal__test__002,test,150802,clean,jerk_qp_pva_ruckig,440,1,command_p,stop-j0-k246,stop,2.46,0,joint_0,0,0.0,0.0027178995097470356,0.1,0.1,0.05
paper-evidence-v1-locked-test::jerk_qp_pva_ruckig,synthetic-feasible-v1,synthetic,rapid_reversal__test__002,test,150802,clean,jerk_qp_pva_ruckig,440,1,command_p,stop-j0-k271,stop,2.71,0,joint_0,1,0.010000000000000009,0.002451107882122124,0.1,0.1,0.05
paper-evidence-v1-locked-test::jerk_qp_pva_ruckig,synthetic-feasible-v1,synthetic,rapid_reversal__test__002,test,150802,clean,jerk_qp_pva_ruckig,440,1,command_p,stop-j0-k295,stop,2.95,0,joint_0,1,0.009999999999999787,0.004066669443183214,0.1,0.1,0.05
paper-evidence-v1-locked-test::jerk_qp_pva_ruckig,synthetic-feasible-v1,synthetic,rapid_reversal__test__002,test,150802,clean,jerk_qp_pva_ruckig,440,1,command_p,stop-j0-k320,stop,3.2,0,joint_0,1,0.009999999999999787,0.004129562001445481,0.1,0.1,0.05
paper-evidence-v1-locked-test::jerk_qp_pva_ruckig,synthetic-feasible-v1,synthetic,rapid_reversal__test__002,test,150802,clean,jerk_qp_pva_ruckig,440,1,command_p,stop-j0-k345,stop,3.45,0,joint_0,2,0.020000000000000018,0.0005336121255489097,0.1,0.1,0.05
paper-evidence-v1-locked-test::jerk_qp_pva_ruckig,synthetic-feasible-v1,synthetic,rapid_reversal__test__002,test,150802,clean,jerk_qp_pva_ruckig,440,1,command_p,stop-j0-k370,stop,3.7,0,joint_0,0,0.0,0.0030164427693865127,0.1,0.1,0.05
paper-evidence-v1-locked-test::jerk_qp_pva_ruckig,synthetic-feasible-v1,synthetic,rapid_reversal__test__002,test,150802,clean,jerk_qp_pva_ruckig,440,1,command_p,stop-j0-k394,stop,3.94,0,joint_0,0,0.0,0.004700725228607752,0.1,0.1,0.05
paper-evidence-v1-locked-test::jerk_qp_pva_ruckig,synthetic-feasible-v1,synthetic,rapid_reversal__test__002,test,150802,clean,jerk_qp_pva_ruckig,440,1,command_p,stop-j0-k419,stop,4.19,0,joint_0,2,0.020000000000000462,0.0014819074595170236,0.1,0.1,0.05
paper-evidence-v1-locked-test::jerk_qp_pva_ruckig,synthetic-feasible-v1,synthetic,rapid_reversal__test__003,test,150803,clean,jerk_qp_pva_ruckig,290,1,command_p,stop-j0-k29,stop,0.29,0,joint_0,-5,-0.04999999999999999,0.04039886875013766,0.1,0.1,0.05
paper-evidence-v1-locked-test::jerk_qp_pva_ruckig,synthetic-feasible-v1,synthetic,rapid_reversal__test__003,test,150803,clean,jerk_qp_pva_ruckig,290,1,command_p,stop-j0-k50,stop,0.5,0,joint_0,5,0.04999999999999999,0.0412912860830652,0.1,0.1,0.05
paper-evidence-v1-locked-test::jerk_qp_pva_ruckig,synthetic-feasible-v1,synthetic,rapid_reversal__test__003,test,150803,clean,jerk_qp_pva_ruckig,290,1,command_p,reversal-j0-k72,reversal,0.715,0,joint_0,5,0.050000000000000044,0.023599211987874964,0.1,0.1,0.05
paper-evidence-v1-locked-test::jerk_qp_pva_ruckig,synthetic-feasible-v1,synthetic,rapid_reversal__test__003,test,150803,clean,jerk_qp_pva_ruckig,290,1,command_p,stop-j0-k93,stop,0.93,0,joint_0,2,0.020000000000000018,0.014947436264206455,0.1,0.1,0.05
paper-evidence-v1-locked-test::jerk_qp_pva_ruckig,synthetic-feasible-v1,synthetic,rapid_reversal__test__003,test,150803,clean,jerk_qp_pva_ruckig,290,1,command_p,stop-j0-k114,stop,1.1400000000000001,0,joint_0,-1,-0.010000000000000009,0.036919337139544095,0.1,0.1,0.05
paper-evidence-v1-locked-test::jerk_qp_pva_ruckig,synthetic-feasible-v1,synthetic,rapid_reversal__test__003,test,150803,clean,jerk_qp_pva_ruckig,290,1,command_p,stop-j0-k136,stop,1.36,0,joint_0,0,0.0,0.04200201605380332,0.1,0.1,0.05
paper-evidence-v1-locked-test::jerk_qp_pva_ruckig,synthetic-feasible-v1,synthetic,rapid_reversal__test__003,test,150803,clean,jerk_qp_pva_ruckig,290,1,command_p,stop-j0-k157,stop,1.57,0,joint_0,5,0.050000000000000044,0.017288268309406055,0.1,0.1,0.05
paper-evidence-v1-locked-test::jerk_qp_pva_ruckig,synthetic-feasible-v1,synthetic,rapid_reversal__test__003,test,150803,clean,jerk_qp_pva_ruckig,290,1,command_p,stop-j0-k179,stop,1.79,0,joint_0,-5,-0.050000000000000044,0.007318980991150647,0.1,0.1,0.05
paper-evidence-v1-locked-test::jerk_qp_pva_ruckig,synthetic-feasible-v1,synthetic,rapid_reversal__test__003,test,150803,clean,jerk_qp_pva_ruckig,290,1,command_p,stop-j0-k200,stop,2.0,0,joint_0,-5,-0.04999999999999982,0.03533000367913905,0.1,0.1,0.05
paper-evidence-v1-locked-test::jerk_qp_pva_ruckig,synthetic-feasible-v1,synthetic,rapid_reversal__test__003,test,150803,clean,jerk_qp_pva_ruckig,290,1,command_p,stop-j0-k222,stop,2.22,0,joint_0,3,0.029999999999999805,0.038984336288743926,0.1,0.1,0.05
paper-evidence-v1-locked-test::jerk_qp_pva_ruckig,synthetic-feasible-v1,synthetic,rapid_reversal__test__003,test,150803,clean,jerk_qp_pva_ruckig,290,1,command_p,stop-j0-k243,stop,2.43,0,joint_0,5,0.04999999999999982,0.021525474360321938,0.1,0.1,0.05
paper-evidence-v1-locked-test::jerk_qp_pva_ruckig,synthetic-feasible-v1,synthetic,rapid_reversal__test__003,test,150803,clean,jerk_qp_pva_ruckig,290,1,command_p,reversal-j0-k265,reversal,2.645,0,joint_0,2,0.020000000000000018,0.01289840525426842,0.1,0.1,0.05
paper-evidence-v1-locked-test::jerk_qp_pva_ruckig,synthetic-feasible-v1,synthetic,rapid_reversal__test__004,test,150804,clean,jerk_qp_pva_ruckig,351,1,command_p,stop-j0-k11,stop,0.11,0,joint_0,-5,-0.05,0.03219360992992596,0.1,0.1,0.05
paper-evidence-v1-locked-test::jerk_qp_pva_ruckig,synthetic-feasible-v1,synthetic,rapid_reversal__test__004,test,150804,clean,jerk_qp_pva_ruckig,351,1,command_p,reversal-j0-k13,reversal,0.115,0,joint_0,-5,-0.05,0.03295689398524434,0.1,0.1,0.05
paper-evidence-v1-locked-test::jerk_qp_pva_ruckig,synthetic-feasible-v1,synthetic,rapid_reversal__test__004,test,150804,clean,jerk_qp_pva_ruckig,351,1,command_p,stop-j0-k53,stop,0.53,0,joint_0,5,0.04999999999999999,0.09856429520331562,0.1,0.1,0.05
paper-evidence-v1-locked-test::jerk_qp_pva_ruckig,synthetic-feasible-v1,synthetic,rapid_reversal__test__004,test,150804,clean,jerk_qp_pva_ruckig,351,1,command_p,stop-j0-k94,stop,0.9400000000000001,0,joint_0,5,0.050000000000000044,0.10529105045157977,0.1,0.1,0.05
paper-evidence-v1-locked-test::jerk_qp_pva_ruckig,synthetic-feasible-v1,synthetic,rapid_reversal__test__004,test,150804,clean,jerk_qp_pva_ruckig,351,1,command_p,stop-j0-k135,stop,1.35,0,joint_0,-5,-0.050000000000000044,0.018983672549187192,0.1,0.1,0.05
paper-evidence-v1-locked-test::jerk_qp_pva_ruckig,synthetic-feasible-v1,synthetic,rapid_reversal__test__004,test,150804,clean,jerk_qp_pva_ruckig,351,1,command_p,reversal-j0-k137,reversal,1.355,0,joint_0,-5,-0.050000000000000044,0.01959165355092997,0.1,0.1,0.05
paper-evidence-v1-locked-test::jerk_qp_pva_ruckig,synthetic-feasible-v1,synthetic,rapid_reversal__test__004,test,150804,clean,jerk_qp_pva_ruckig,351,1,command_p,stop-j0-k176,stop,1.76,0,joint_0,-5,-0.050000000000000044,0.11231831733210873,0.1,0.1,0.05
paper-evidence-v1-locked-test::jerk_qp_pva_ruckig,synthetic-feasible-v1,synthetic,rapid_reversal__test__004,test,150804,clean,jerk_qp_pva_ruckig,351,1,command_p,reversal-j0-k178,reversal,1.7650000000000001,0,joint_0,0,0.0,0.11323192699250705,0.1,0.1,0.05
paper-evidence-v1-locked-test::jerk_qp_pva_ruckig,synthetic-feasible-v1,synthetic,rapid_reversal__test__004,test,150804,clean,jerk_qp_pva_ruckig,351,1,command_p,stop-j0-k218,stop,2.18,0,joint_0,5,0.04999999999999982,0.16356808262439523,0.1,0.1,0.05
paper-evidence-v1-locked-test::jerk_qp_pva_ruckig,synthetic-feasible-v1,synthetic,rapid_reversal__test__004,test,150804,clean,jerk_qp_pva_ruckig,351,1,command_p,stop-j0-k259,stop,2.59,0,joint_0,5,0.04999999999999982,0.024659451277830268,0.1,0.1,0.05
paper-evidence-v1-locked-test::jerk_qp_pva_ruckig,synthetic-feasible-v1,synthetic,rapid_reversal__test__004,test,150804,clean,jerk_qp_pva_ruckig,351,1,command_p,stop-j0-k300,stop,3.0,0,joint_0,-5,-0.04999999999999982,0.09823296098624387,0.1,0.1,0.05
paper-evidence-v1-locked-test::jerk_qp_pva_ruckig,synthetic-feasible-v1,synthetic,rapid_reversal__test__004,test,150804,clean,jerk_qp_pva_ruckig,351,1,command_p,reversal-j0-k302,reversal,3.005,0,joint_0,-5,-0.04999999999999982,0.0996783607200969,0.1,0.1,0.05
paper-evidence-v1-locked-test::jerk_qp_pva_ruckig,synthetic-feasible-v1,synthetic,rapid_reversal__test__005,test,150805,clean,jerk_qp_pva_ruckig,387,1,command_p,stop-j0-k14,stop,0.14,0,joint_0,-5,-0.05,0.014647379735884007,0.1,0.1,0.05
paper-evidence-v1-locked-test::jerk_qp_pva_ruckig,synthetic-feasible-v1,synthetic,rapid_reversal__test__005,test,150805,clean,jerk_qp_pva_ruckig,387,1,command_p,stop-j0-k43,stop,0.43,0,joint_0,-5,-0.04999999999999999,0.035636024614287054,0.1,0.1,0.05
paper-evidence-v1-locked-test::jerk_qp_pva_ruckig,synthetic-feasible-v1,synthetic,rapid_reversal__test__005,test,150805,clean,jerk_qp_pva_ruckig,387,1,command_p,stop-j0-k72,stop,0.72,0,joint_0,5,0.050000000000000044,0.016134629838303396,0.1,0.1,0.05
paper-evidence-v1-locked-test::jerk_qp_pva_ruckig,synthetic-feasible-v1,synthetic,rapid_reversal__test__005,test,150805,clean,jerk_qp_pva_ruckig,387,1,command_p,stop-j0-k101,stop,1.01,0,joint_0,-5,-0.050000000000000044,0.014827508142690307,0.1,0.1,0.05
paper-evidence-v1-locked-test::jerk_qp_pva_ruckig,synthetic-feasible-v1,synthetic,rapid_reversal__test__005,test,150805,clean,jerk_qp_pva_ruckig,387,1,command_p,stop-j0-k130,stop,1.3,0,joint_0,0,0.0,0.034128913684611864,0.1,0.1,0.05
paper-evidence-v1-locked-test::jerk_qp_pva_ruckig,synthetic-feasible-v1,synthetic,rapid_reversal__test__005,test,150805,clean,jerk_qp_pva_ruckig,387,1,command_p,stop-j0-k159,stop,1.59,0,joint_0,5,0.050000000000000044,0.014016181098708873,0.1,0.1,0.05
paper-evidence-v1-locked-test::jerk_qp_pva_ruckig,synthetic-feasible-v1,synthetic,rapid_reversal__test__005,test,150805,clean,jerk_qp_pva_ruckig,387,1,command_p,stop-j0-k188,stop,1.8800000000000001,0,joint_0,-5,-0.050000000000000044,0.015255986420781121,0.1,0.1,0.05
paper-evidence-v1-locked-test::jerk_qp_pva_ruckig,synthetic-feasible-v1,synthetic,rapid_reversal__test__005,test,150805,clean,jerk_qp_pva_ruckig,387,1,command_p,stop-j0-k217,stop,2.17,0,joint_0,0,0.0,0.032646272515782955,0.1,0.1,0.05
paper-evidence-v1-locked-test::jerk_qp_pva_ruckig,synthetic-feasible-v1,synthetic,rapid_reversal__test__005,test,150805,clean,jerk_qp_pva_ruckig,387,1,command_p,stop-j0-k246,stop,2.46,0,joint_0,5,0.050000000000000044,0.012377244828930004,0.1,0.1,0.05
paper-evidence-v1-locked-test::jerk_qp_pva_ruckig,synthetic-feasible-v1,synthetic,rapid_reversal__test__005,test,150805,clean,jerk_qp_pva_ruckig,387,1,command_p,stop-j0-k275,stop,2.75,0,joint_0,-5,-0.04999999999999982,0.015618606656241596,0.1,0.1,0.05
paper-evidence-v1-locked-test::jerk_qp_pva_ruckig,synthetic-feasible-v1,synthetic,rapid_reversal__test__005,test,150805,clean,jerk_qp_pva_ruckig,387,1,command_p,stop-j0-k304,stop,3.04,0,joint_0,0,0.0,0.031190979820471157,0.1,0.1,0.05
paper-evidence-v1-locked-test::jerk_qp_pva_ruckig,synthetic-feasible-v1,synthetic,rapid_reversal__test__005,test,150805,clean,jerk_qp_pva_ruckig,387,1,command_p,reversal-j0-k306,reversal,3.045,0,joint_0,0,0.0,0.031264372906193764,0.1,0.1,0.05
paper-evidence-v1-locked-test::jerk_qp_pva_ruckig,synthetic-feasible-v1,synthetic,rapid_reversal__test__005,test,150805,clean,jerk_qp_pva_ruckig,387,1,command_p,stop-j0-k333,stop,3.33,0,joint_0,5,0.04999999999999982,0.010841247293415223,0.1,0.1,0.05
paper-evidence-v1-locked-test::jerk_qp_pva_ruckig,synthetic-feasible-v1,synthetic,rapid_reversal__test__005,test,150805,clean,jerk_qp_pva_ruckig,387,1,command_p,reversal-j0-k335,reversal,3.335,0,joint_0,5,0.04999999999999982,0.01049246195637074,0.1,0.1,0.05
paper-evidence-v1-locked-test::jerk_qp_pva_ruckig,synthetic-feasible-v1,synthetic,rapid_reversal__test__005,test,150805,clean,jerk_qp_pva_ruckig,387,1,command_p,stop-j0-k362,stop,3.62,0,joint_0,-5,-0.04999999999999982,0.015918319019389466,0.1,0.1,0.05
paper-evidence-v1-locked-test::jerk_qp_pva_ruckig,synthetic-feasible-v1,synthetic,rapid_reversal__test__005,test,150805,clean,jerk_qp_pva_ruckig,387,1,command_p,reversal-j0-k364,reversal,3.625,0,joint_0,-5,-0.04999999999999982,0.016130211335904275,0.1,0.1,0.05
paper-evidence-v1-locked-test::jerk_qp_pva_ruckig,synthetic-feasible-v1,synthetic,rapid_reversal__test__006,test,150806,clean,jerk_qp_pva_ruckig,435,1,command_p,stop-j0-k33,stop,0.33,0,joint_0,-5,-0.04999999999999999,0.01426632848776089,0.1,0.1,0.05
paper-evidence-v1-locked-test::jerk_qp_pva_ruckig,synthetic-feasible-v1,synthetic,rapid_reversal__test__006,test,150806,clean,jerk_qp_pva_ruckig,435,1,command_p,reversal-j0-k35,reversal,0.335,0,joint_0,0,0.0,0.014639431951223806,0.1,0.1,0.05
paper-evidence-v1-locked-test::jerk_qp_pva_ruckig,synthetic-feasible-v1,synthetic,rapid_reversal__test__006,test,150806,clean,jerk_qp_pva_ruckig,435,1,command_p,stop-j0-k61,stop,0.61,0,joint_0,5,0.050000000000000044,0.00987397166039093,0.1,0.1,0.05
paper-evidence-v1-locked-test::jerk_qp_pva_ruckig,synthetic-feasible-v1,synthetic,rapid_reversal__test__006,test,150806,clean,jerk_qp_pva_ruckig,435,1,command_p,stop-j0-k88,stop,0.88,0,joint_0,-2,-0.020000000000000018,0.0014022272763165246,0.1,0.1,0.05
paper-evidence-v1-locked-test::jerk_qp_pva_ruckig,synthetic-feasible-v1,synthetic,rapid_reversal__test__006,test,150806,clean,jerk_qp_pva_ruckig,435,1,command_p,stop-j0-k115,stop,1.1500000000000001,0,joint_0,-5,-0.050000000000000044,0.012885723145780717,0.1,0.1,0.05
paper-evidence-v1-locked-test::jerk_qp_pva_ruckig,synthetic-feasible-v1,synthetic,rapid_reversal__test__006,test,150806,clean,jerk_qp_pva_ruckig,435,1,command_p,stop-j0-k143,stop,1.43,0,joint_0,5,0.050000000000000044,0.010965276141608419,0.1,0.1,0.05
paper-evidence-v1-locked-test::jerk_qp_pva_ruckig,synthetic-feasible-v1,synthetic,rapid_reversal__test__006,test,150806,clean,jerk_qp_pva_ruckig,435,1,command_p,stop-j0-k170,stop,1.7,0,joint_0,-1,-0.010000000000000009,0.001318022004267762,0.1,0.1,0.05
paper-evidence-v1-locked-test::jerk_qp_pva_ruckig,synthetic-feasible-v1,synthetic,rapid_reversal__test__006,test,150806,clean,jerk_qp_pva_ruckig,435,1,command_p,stop-j0-k198,stop,1.98,0,joint_0,1,0.010000000000000009,0.012029814340572447,0.1,0.1,0.05
paper-evidence-v1-locked-test::jerk_qp_pva_ruckig,synthetic-feasible-v1,synthetic,rapid_reversal__test__006,test,150806,clean,jerk_qp_pva_ruckig,435,1,command_p,stop-j0-k225,stop,2.25,0,joint_0,5,0.04999999999999982,0.011520980898698834,0.1,0.1,0.05
paper-evidence-v1-locked-test::jerk_qp_pva_ruckig,synthetic-feasible-v1,synthetic,rapid_reversal__test__006,test,150806,clean,jerk_qp_pva_ruckig,435,1,command_p,stop-j0-k252,stop,2.52,0,joint_0,-1,-0.009999999999999787,0.002933431932015462,0.1,0.1,0.05
paper-evidence-v1-locked-test::jerk_qp_pva_ruckig,synthetic-feasible-v1,synthetic,rapid_reversal__test__006,test,150806,clean,jerk_qp_pva_ruckig,435,1,command_p,stop-j0-k280,stop,2.8000000000000003,0,joint_0,2,0.020000000000000018,0.010582919861472913,0.1,0.1,0.05
paper-evidence-v1-locked-test::jerk_qp_pva_ruckig,synthetic-feasible-v1,synthetic,rapid_reversal__test__006,test,150806,clean,jerk_qp_pva_ruckig,435,1,command_p,stop-j0-k307,stop,3.0700000000000003,0,joint_0,3,0.029999999999999805,0.012056559019321223,0.1,0.1,0.05
paper-evidence-v1-locked-test::jerk_qp_pva_ruckig,synthetic-feasible-v1,synthetic,rapid_reversal__test__006,test,150806,clean,jerk_qp_pva_ruckig,435,1,command_p,stop-j0-k334,stop,3.34,0,joint_0,-1,-0.010000000000000009,0.004525639730743708,0.1,0.1,0.05
paper-evidence-v1-locked-test::jerk_qp_pva_ruckig,synthetic-feasible-v1,synthetic,rapid_reversal__test__006,test,150806,clean,jerk_qp_pva_ruckig,435,1,command_p,reversal-j0-k336,reversal,3.3449999999999998,0,joint_0,-1,-0.009999999999999787,0.004584433799939033,0.1,0.1,0.05
paper-evidence-v1-locked-test::jerk_qp_pva_ruckig,synthetic-feasible-v1,synthetic,rapid_reversal__test__006,test,150806,clean,jerk_qp_pva_ruckig,435,1,command_p,stop-j0-k362,stop,3.62,0,joint_0,1,0.009999999999999787,0.00877001935982724,0.1,0.1,0.05
paper-evidence-v1-locked-test::jerk_qp_pva_ruckig,synthetic-feasible-v1,synthetic,rapid_reversal__test__006,test,150806,clean,jerk_qp_pva_ruckig,435,1,command_p,stop-j0-k389,stop,3.89,0,joint_0,5,0.04999999999999982,0.011734345482460976,0.1,0.1,0.05
paper-evidence-v1-locked-test::jerk_qp_pva_ruckig,synthetic-feasible-v1,synthetic,rapid_reversal__test__006,test,150806,clean,jerk_qp_pva_ruckig,435,1,command_p,stop-j0-k417,stop,4.17,0,joint_0,0,0.0,0.0059708395034864855,0.1,0.1,0.05
paper-evidence-v1-locked-test::jerk_qp_pva_ruckig,synthetic-feasible-v1,synthetic,rapid_reversal__test__007,test,150807,clean,jerk_qp_pva_ruckig,259,1,command_p,stop-j0-k38,stop,0.38,0,joint_0,-5,-0.04999999999999999,0.08312734302285124,0.1,0.1,0.05
paper-evidence-v1-locked-test::jerk_qp_pva_ruckig,synthetic-feasible-v1,synthetic,rapid_reversal__test__007,test,150807,clean,jerk_qp_pva_ruckig,259,1,command_p,reversal-j0-k40,reversal,0.385,0,joint_0,-5,-0.04999999999999999,0.08583278391796155,0.1,0.1,0.05
paper-evidence-v1-locked-test::jerk_qp_pva_ruckig,synthetic-feasible-v1,synthetic,rapid_reversal__test__007,test,150807,clean,jerk_qp_pva_ruckig,259,1,command_p,stop-j0-k66,stop,0.66,0,joint_0,5,0.04999999999999999,0.05225152693278909,0.1,0.1,0.05
paper-evidence-v1-locked-test::jerk_qp_pva_ruckig,synthetic-feasible-v1,synthetic,rapid_reversal__test__007,test,150807,clean,jerk_qp_pva_ruckig,259,1,command_p,stop-j0-k94,stop,0.9400000000000001,0,joint_0,-5,-0.050000000000000044,0.01782110902213561,0.1,0.1,0.05
paper-evidence-v1-locked-test::jerk_qp_pva_ruckig,synthetic-feasible-v1,synthetic,rapid_reversal__test__007,test,150807,clean,jerk_qp_pva_ruckig,259,1,command_p,stop-j0-k122,stop,1.22,0,joint_0,-5,-0.050000000000000044,0.0794317880526974,0.1,0.1,0.05
paper-evidence-v1-locked-test::jerk_qp_pva_ruckig,synthetic-feasible-v1,synthetic,rapid_reversal__test__007,test,150807,clean,jerk_qp_pva_ruckig,259,1,command_p,stop-j0-k150,stop,1.5,0,joint_0,5,0.050000000000000044,0.05497701614911928,0.1,0.1,0.05
paper-evidence-v1-locked-test::jerk_qp_pva_ruckig,synthetic-feasible-v1,synthetic,rapid_reversal__test__007,test,150807,clean,jerk_qp_pva_ruckig,259,1,command_p,stop-j0-k178,stop,1.78,0,joint_0,-5,-0.050000000000000044,0.011346105071812917,0.1,0.1,0.05
paper-evidence-v1-locked-test::jerk_qp_pva_ruckig,synthetic-feasible-v1,synthetic,rapid_reversal__test__007,test,150807,clean,jerk_qp_pva_ruckig,259,1,command_p,stop-j0-k206,stop,2.06,0,joint_0,-5,-0.04999999999999982,0.07437722221842076,0.1,0.1,0.05
paper-evidence-v1-locked-test::jerk_qp_pva_ruckig,synthetic-feasible-v1,synthetic,rapid_reversal__test__007,test,150807,clean,jerk_qp_pva_ruckig,259,1,command_p,stop-j0-k234,stop,2.34,0,joint_0,5,0.04999999999999982,0.05713607999807995,0.1,0.1,0.05
paper-evidence-v1-locked-test::jerk_qp_pva_ruckig,synthetic-feasible-v1,synthetic,rapid_reversal__test__008,test,150808,clean,jerk_qp_pva_ruckig,442,1,command_p,stop-j0-k42,stop,0.42,0,joint_0,-5,-0.04999999999999999,0.09226757534556933,0.1,0.1,0.05
paper-evidence-v1-locked-test::jerk_qp_pva_ruckig,synthetic-feasible-v1,synthetic,rapid_reversal__test__008,test,150808,clean,jerk_qp_pva_ruckig,442,1,command_p,reversal-j0-k44,reversal,0.42500000000000004,0,joint_0,0,0.0,0.09343114922959701,0.1,0.1,0.05
paper-evidence-v1-locked-test::jerk_qp_pva_ruckig,synthetic-feasible-v1,synthetic,rapid_reversal__test__008,test,150808,clean,jerk_qp_pva_ruckig,442,1,command_p,stop-j0-k74,stop,0.74,0,joint_0,5,0.050000000000000044,0.11822413657969366,0.1,0.1,0.05
paper-evidence-v1-locked-test::jerk_qp_pva_ruckig,synthetic-feasible-v1,synthetic,rapid_reversal__test__008,test,150808,clean,jerk_qp_pva_ruckig,442,1,command_p,reversal-j0-k76,reversal,0.745,0,joint_0,0,0.0,0.11915298896657799,0.1,0.1,0.05
paper-evidence-v1-locked-test::jerk_qp_pva_ruckig,synthetic-feasible-v1,synthetic,rapid_reversal__test__008,test,150808,clean,jerk_qp_pva_ruckig,442,1,command_p,stop-j0-k106,stop,1.06,0,joint_0,5,0.050000000000000044,0.06547376965053846,0.1,0.1,0.05
paper-evidence-v1-locked-test::jerk_qp_pva_ruckig,synthetic-feasible-v1,synthetic,rapid_reversal__test__008,test,150808,clean,jerk_qp_pva_ruckig,442,1,command_p,reversal-j0-k108,reversal,1.065,0,joint_0,5,0.050000000000000044,0.06361911431413766,0.1,0.1,0.05
paper-evidence-v1-locked-test::jerk_qp_pva_ruckig,synthetic-feasible-v1,synthetic,rapid_reversal__test__008,test,150808,clean,jerk_qp_pva_ruckig,442,1,command_p,stop-j0-k139,stop,1.3900000000000001,0,joint_0,5,0.050000000000000044,0.023061092135265148,0.1,0.1,0.05
paper-evidence-v1-locked-test::jerk_qp_pva_ruckig,synthetic-feasible-v1,synthetic,rapid_reversal__test__008,test,150808,clean,jerk_qp_pva_ruckig,442,1,command_p,stop-j0-k171,stop,1.71,0,joint_0,-5,-0.050000000000000044,0.016931611227432076,0.1,0.1,0.05
paper-evidence-v1-locked-test::jerk_qp_pva_ruckig,synthetic-feasible-v1,synthetic,rapid_reversal__test__008,test,150808,clean,jerk_qp_pva_ruckig,442,1,command_p,stop-j0-k203,stop,2.0300000000000002,0,joint_0,5,0.04999999999999982,0.04227859525361172,0.1,0.1,0.05
paper-evidence-v1-locked-test::jerk_qp_pva_ruckig,synthetic-feasible-v1,synthetic,rapid_reversal__test__008,test,150808,clean,jerk_qp_pva_ruckig,442,1,command_p,stop-j0-k235,stop,2.35,0,joint_0,5,0.04999999999999982,0.05049110643140198,0.1,0.1,0.05
paper-evidence-v1-locked-test::jerk_qp_pva_ruckig,synthetic-feasible-v1,synthetic,rapid_reversal__test__008,test,150808,clean,jerk_qp_pva_ruckig,442,1,command_p,stop-j0-k267,stop,2.67,0,joint_0,5,0.050000000000000044,0.023759519079474514,0.1,0.1,0.05
paper-evidence-v1-locked-test::jerk_qp_pva_ruckig,synthetic-feasible-v1,synthetic,rapid_reversal__test__008,test,150808,clean,jerk_qp_pva_ruckig,442,1,command_p,stop-j0-k299,stop,2.99,0,joint_0,-5,-0.04999999999999982,0.03202700267396711,0.1,0.1,0.05
paper-evidence-v1-locked-test::jerk_qp_pva_ruckig,synthetic-feasible-v1,synthetic,rapid_reversal__test__008,test,150808,clean,jerk_qp_pva_ruckig,442,1,command_p,stop-j0-k331,stop,3.31,0,joint_0,-5,-0.04999999999999982,0.08263111816626618,0.1,0.1,0.05
paper-evidence-v1-locked-test::jerk_qp_pva_ruckig,synthetic-feasible-v1,synthetic,rapid_reversal__test__008,test,150808,clean,jerk_qp_pva_ruckig,442,1,command_p,reversal-j0-k333,reversal,3.3150000000000004,0,joint_0,-5,-0.04999999999999982,0.08219766090771667,0.1,0.1,0.05
paper-evidence-v1-locked-test::jerk_qp_pva_ruckig,synthetic-feasible-v1,synthetic,rapid_reversal__test__008,test,150808,clean,jerk_qp_pva_ruckig,442,1,command_p,stop-j0-k363,stop,3.63,0,joint_0,5,0.04999999999999982,0.05725797965006965,0.1,0.1,0.05
paper-evidence-v1-locked-test::jerk_qp_pva_ruckig,synthetic-feasible-v1,synthetic,rapid_reversal__test__008,test,150808,clean,jerk_qp_pva_ruckig,442,1,command_p,reversal-j0-k365,reversal,3.635,0,joint_0,5,0.04999999999999982,0.05493790438689665,0.1,0.1,0.05
paper-evidence-v1-locked-test::jerk_qp_pva_ruckig,synthetic-feasible-v1,synthetic,rapid_reversal__test__008,test,150808,clean,jerk_qp_pva_ruckig,442,1,command_p,stop-j0-k395,stop,3.95,0,joint_0,5,0.04999999999999982,0.0017716070757404772,0.1,0.1,0.05
paper-evidence-v1-locked-test::jerk_qp_pva_ruckig,synthetic-feasible-v1,synthetic,rapid_reversal__test__008,test,150808,clean,jerk_qp_pva_ruckig,442,1,command_p,reversal-j0-k397,reversal,3.955,0,joint_0,5,0.04999999999999982,0.0017716070757404772,0.1,0.1,0.05
paper-evidence-v1-locked-test::jerk_qp_pva_ruckig,synthetic-feasible-v1,synthetic,rapid_reversal__test__008,test,150808,clean,jerk_qp_pva_ruckig,442,1,command_p,stop-j0-k427,stop,4.2700000000000005,0,joint_0,-5,-0.04999999999999982,0.06568670540087661,0.1,0.1,0.05
paper-evidence-v1-locked-test::jerk_qp_pva_ruckig,synthetic-feasible-v1,synthetic,rapid_reversal__test__009,test,150809,clean,jerk_qp_pva_ruckig,413,1,command_p,stop-j0-k38,stop,0.38,0,joint_0,1,0.010000000000000009,0.00038832359939018363,0.1,0.1,0.05
paper-evidence-v1-locked-test::jerk_qp_pva_ruckig,synthetic-feasible-v1,synthetic,rapid_reversal__test__009,test,150809,clean,jerk_qp_pva_ruckig,413,1,command_p,stop-j0-k74,stop,0.74,0,joint_0,1,0.010000000000000009,0.00018128394548716652,0.1,0.1,0.05
paper-evidence-v1-locked-test::jerk_qp_pva_ruckig,synthetic-feasible-v1,synthetic,rapid_reversal__test__009,test,150809,clean,jerk_qp_pva_ruckig,413,1,command_p,reversal-j0-k76,reversal,0.745,0,joint_0,1,0.010000000000000009,0.00018907101665825542,0.1,0.1,0.05
paper-evidence-v1-locked-test::jerk_qp_pva_ruckig,synthetic-feasible-v1,synthetic,rapid_reversal__test__009,test,150809,clean,jerk_qp_pva_ruckig,413,1,command_p,stop-j0-k110,stop,1.1,0,joint_0,1,0.010000000000000009,8.839901691615467e-05,0.1,0.1,0.05
paper-evidence-v1-locked-test::jerk_qp_pva_ruckig,synthetic-feasible-v1,synthetic,rapid_reversal__test__009,test,150809,clean,jerk_qp_pva_ruckig,413,1,command_p,reversal-j0-k112,reversal,1.105,0,joint_0,1,0.010000000000000009,8.869826861728973e-05,0.1,0.1,0.05
paper-evidence-v1-locked-test::jerk_qp_pva_ruckig,synthetic-feasible-v1,synthetic,rapid_reversal__test__009,test,150809,clean,jerk_qp_pva_ruckig,413,1,command_p,stop-j0-k146,stop,1.46,0,joint_0,1,0.010000000000000009,0.0002849285595161459,0.1,0.1,0.05
paper-evidence-v1-locked-test::jerk_qp_pva_ruckig,synthetic-feasible-v1,synthetic,rapid_reversal__test__009,test,150809,clean,jerk_qp_pva_ruckig,413,1,command_p,reversal-j0-k148,reversal,1.4649999999999999,0,joint_0,1,0.010000000000000009,0.00027592640636170894,0.1,0.1,0.05
paper-evidence-v1-locked-test::jerk_qp_pva_ruckig,synthetic-feasible-v1,synthetic,rapid_reversal__test__009,test,150809,clean,jerk_qp_pva_ruckig,413,1,command_p,stop-j0-k183,stop,1.83,0,joint_0,1,0.010000000000000009,0.00033442044047023097,0.1,0.1,0.05
paper-evidence-v1-locked-test::jerk_qp_pva_ruckig,synthetic-feasible-v1,synthetic,rapid_reversal__test__009,test,150809,clean,jerk_qp_pva_ruckig,413,1,command_p,stop-j0-k219,stop,2.19,0,joint_0,1,0.010000000000000009,6.48801168747798e-05,0.1,0.1,0.05
paper-evidence-v1-locked-test::jerk_qp_pva_ruckig,synthetic-feasible-v1,synthetic,rapid_reversal__test__009,test,150809,clean,jerk_qp_pva_ruckig,413,1,command_p,stop-j0-k255,stop,2.5500000000000003,0,joint_0,1,0.009999999999999787,0.00013152185251379033,0.1,0.1,0.05
paper-evidence-v1-locked-test::jerk_qp_pva_ruckig,synthetic-feasible-v1,synthetic,rapid_reversal__test__009,test,150809,clean,jerk_qp_pva_ruckig,413,1,command_p,stop-j0-k291,stop,2.91,0,joint_0,1,0.009999999999999787,0.0003718365913401728,0.1,0.1,0.05
paper-evidence-v1-locked-test::jerk_qp_pva_ruckig,synthetic-feasible-v1,synthetic,rapid_reversal__test__009,test,150809,clean,jerk_qp_pva_ruckig,413,1,command_p,reversal-j0-k293,reversal,2.915,0,joint_0,1,0.009999999999999787,0.00036646091100362745,0.1,0.1,0.05
paper-evidence-v1-locked-test::jerk_qp_pva_ruckig,synthetic-feasible-v1,synthetic,rapid_reversal__test__009,test,150809,clean,jerk_qp_pva_ruckig,413,1,command_p,stop-j0-k327,stop,3.27,0,joint_0,1,0.009999999999999787,0.00015465409455238816,0.1,0.1,0.05
paper-evidence-v1-locked-test::jerk_qp_pva_ruckig,synthetic-feasible-v1,synthetic,rapid_reversal__test__009,test,150809,clean,jerk_qp_pva_ruckig,413,1,command_p,reversal-j0-k329,reversal,3.2750000000000004,0,joint_0,1,0.009999999999999787,0.00015369423579400854,0.1,0.1,0.05
paper-evidence-v1-locked-test::jerk_qp_pva_ruckig,synthetic-feasible-v1,synthetic,rapid_reversal__test__009,test,150809,clean,jerk_qp_pva_ruckig,413,1,command_p,stop-j0-k364,stop,3.64,0,joint_0,1,0.009999999999999787,8.152188632486587e-05,0.1,0.1,0.05
paper-evidence-v1-locked-test::jerk_qp_pva_ruckig,synthetic-feasible-v1,synthetic,rapid_reversal__test__009,test,150809,clean,jerk_qp_pva_ruckig,413,1,command_p,stop-j0-k400,stop,4.0,0,joint_0,1,0.009999999999999787,0.00029269454072006597,0.1,0.1,0.05
paper-evidence-v1-locked-test::jerk_qp_pva_ruckig,synthetic-feasible-v1,synthetic,rapid_reversal__test__010,test,150810,clean,jerk_qp_pva_ruckig,433,1,command_p,stop-j0-k34,stop,0.34,0,joint_0,-5,-0.04999999999999999,0.04463242857795918,0.1,0.1,0.05
paper-evidence-v1-locked-test::jerk_qp_pva_ruckig,synthetic-feasible-v1,synthetic,rapid_reversal__test__010,test,150810,clean,jerk_qp_pva_ruckig,433,1,command_p,stop-j0-k59,stop,0.59,0,joint_0,5,0.050000000000000044,0.03730600157313694,0.1,0.1,0.05
paper-evidence-v1-locked-test::jerk_qp_pva_ruckig,synthetic-feasible-v1,synthetic,rapid_reversal__test__010,test,150810,clean,jerk_qp_pva_ruckig,433,1,command_p,stop-j0-k84,stop,0.84,0,joint_0,-3,-0.030000000000000027,0.008458123674611108,0.1,0.1,0.05
paper-evidence-v1-locked-test::jerk_qp_pva_ruckig,synthetic-feasible-v1,synthetic,rapid_reversal__test__010,test,150810,clean,jerk_qp_pva_ruckig,433,1,command_p,stop-j0-k109,stop,1.09,0,joint_0,-5,-0.050000000000000044,0.034128591447278825,0.1,0.1,0.05
paper-evidence-v1-locked-test::jerk_qp_pva_ruckig,synthetic-feasible-v1,synthetic,rapid_reversal__test__010,test,150810,clean,jerk_qp_pva_ruckig,433,1,command_p,stop-j0-k134,stop,1.34,0,joint_0,5,0.050000000000000044,0.04409062276056461,0.1,0.1,0.05
paper-evidence-v1-locked-test::jerk_qp_pva_ruckig,synthetic-feasible-v1,synthetic,rapid_reversal__test__010,test,150810,clean,jerk_qp_pva_ruckig,433,1,command_p,stop-j0-k159,stop,1.59,0,joint_0,5,0.050000000000000044,0.02155647872761392,0.1,0.1,0.05
paper-evidence-v1-locked-test::jerk_qp_pva_ruckig,synthetic-feasible-v1,synthetic,rapid_reversal__test__010,test,150810,clean,jerk_qp_pva_ruckig,433,1,command_p,stop-j0-k184,stop,1.84,0,joint_0,-5,-0.050000000000000044,0.01932651530822976,0.1,0.1,0.05
paper-evidence-v1-locked-test::jerk_qp_pva_ruckig,synthetic-feasible-v1,synthetic,rapid_reversal__test__010,test,150810,clean,jerk_qp_pva_ruckig,433,1,command_p,stop-j0-k209,stop,2.09,0,joint_0,-5,-0.04999999999999982,0.04242714026994467,0.1,0.1,0.05
paper-evidence-v1-locked-test::jerk_qp_pva_ruckig,synthetic-feasible-v1,synthetic,rapid_reversal__test__010,test,150810,clean,jerk_qp_pva_ruckig,433,1,command_p,stop-j0-k234,stop,2.34,0,joint_0,5,0.04999999999999982,0.03356540826724419,0.1,0.1,0.05
paper-evidence-v1-locked-test::jerk_qp_pva_ruckig,synthetic-feasible-v1,synthetic,rapid_reversal__test__010,test,150810,clean,jerk_qp_pva_ruckig,433,1,command_p,stop-j0-k259,stop,2.59,0,joint_0,5,0.04999999999999982,0.006429933761632148,0.1,0.1,0.05
paper-evidence-v1-locked-test::jerk_qp_pva_ruckig,synthetic-feasible-v1,synthetic,rapid_reversal__test__010,test,150810,clean,jerk_qp_pva_ruckig,433,1,command_p,stop-j0-k284,stop,2.84,0,joint_0,-5,-0.04999999999999982,0.031750579351166146,0.1,0.1,0.05
paper-evidence-v1-locked-test::jerk_qp_pva_ruckig,synthetic-feasible-v1,synthetic,rapid_reversal__test__010,test,150810,clean,jerk_qp_pva_ruckig,433,1,command_p,stop-j0-k308,stop,3.08,0,joint_0,0,0.0,0.041097884539508654,0.1,0.1,0.05
paper-evidence-v1-locked-test::jerk_qp_pva_ruckig,synthetic-feasible-v1,synthetic,rapid_reversal__test__010,test,150810,clean,jerk_qp_pva_ruckig,433,1,command_p,reversal-j0-k310,reversal,3.085,0,joint_0,0,0.0,0.04115277565306407,0.1,0.1,0.05
paper-evidence-v1-locked-test::jerk_qp_pva_ruckig,synthetic-feasible-v1,synthetic,rapid_reversal__test__010,test,150810,clean,jerk_qp_pva_ruckig,433,1,command_p,stop-j0-k333,stop,3.33,0,joint_0,5,0.04999999999999982,0.012825646869832258,0.1,0.1,0.05
paper-evidence-v1-locked-test::jerk_qp_pva_ruckig,synthetic-feasible-v1,synthetic,rapid_reversal__test__010,test,150810,clean,jerk_qp_pva_ruckig,433,1,command_p,stop-j0-k358,stop,3.58,0,joint_0,-5,-0.04999999999999982,0.017045335807478378,0.1,0.1,0.05
paper-evidence-v1-locked-test::jerk_qp_pva_ruckig,synthetic-feasible-v1,synthetic,rapid_reversal__test__010,test,150810,clean,jerk_qp_pva_ruckig,433,1,command_p,stop-j0-k383,stop,3.83,0,joint_0,-5,-0.04999999999999982,0.039501243925258236,0.1,0.1,0.05
paper-evidence-v1-locked-test::jerk_qp_pva_ruckig,synthetic-feasible-v1,synthetic,rapid_reversal__test__010,test,150810,clean,jerk_qp_pva_ruckig,433,1,command_p,stop-j0-k408,stop,4.08,0,joint_0,5,0.04999999999999982,0.02606804224501931,0.1,0.1,0.05
paper-evidence-v1-locked-test::jerk_qp_pva_ruckig,synthetic-feasible-v1,synthetic,rapid_reversal__test__011,test,150811,clean,jerk_qp_pva_ruckig,431,1,command_p,stop-j0-k11,stop,0.11,0,joint_0,-5,-0.05,0.032596617842649014,0.1,0.1,0.05
paper-evidence-v1-locked-test::jerk_qp_pva_ruckig,synthetic-feasible-v1,synthetic,rapid_reversal__test__011,test,150811,clean,jerk_qp_pva_ruckig,431,1,command_p,stop-j0-k35,stop,0.35000000000000003,0,joint_0,-5,-0.04999999999999999,0.0984321842606811,0.1,0.1,0.05
paper-evidence-v1-locked-test::jerk_qp_pva_ruckig,synthetic-feasible-v1,synthetic,rapid_reversal__test__011,test,150811,clean,jerk_qp_pva_ruckig,431,1,command_p,stop-j0-k58,stop,0.58,0,joint_0,5,0.050000000000000044,0.0690338346995055,0.1,0.1,0.05
paper-evidence-v1-locked-test::jerk_qp_pva_ruckig,synthetic-feasible-v1,synthetic,rapid_reversal__test__011,test,150811,clean,jerk_qp_pva_ruckig,431,1,command_p,stop-j0-k81,stop,0.81,0,joint_0,-5,-0.050000000000000044,0.012855244648145213,0.1,0.1,0.05
paper-evidence-v1-locked-test::jerk_qp_pva_ruckig,synthetic-feasible-v1,synthetic,rapid_reversal__test__011,test,150811,clean,jerk_qp_pva_ruckig,431,1,command_p,stop-j0-k104,stop,1.04,0,joint_0,-5,-0.050000000000000044,0.06693358240753206,0.1,0.1,0.05
paper-evidence-v1-locked-test::jerk_qp_pva_ruckig,synthetic-feasible-v1,synthetic,rapid_reversal__test__011,test,150811,clean,jerk_qp_pva_ruckig,431,1,command_p,stop-j0-k128,stop,1.28,0,joint_0,5,0.050000000000000044,0.08999901804991907,0.1,0.1,0.05
paper-evidence-v1-locked-test::jerk_qp_pva_ruckig,synthetic-feasible-v1,synthetic,rapid_reversal__test__011,test,150811,clean,jerk_qp_pva_ruckig,431,1,command_p,stop-j0-k151,stop,1.51,0,joint_0,5,0.050000000000000044,0.04769042816203649,0.1,0.1,0.05
paper-evidence-v1-locked-test::jerk_qp_pva_ruckig,synthetic-feasible-v1,synthetic,rapid_reversal__test__011,test,150811,clean,jerk_qp_pva_ruckig,431,1,command_p,stop-j0-k174,stop,1.74,0,joint_0,-5,-0.050000000000000044,0.0288299598145169,0.1,0.1,0.05
paper-evidence-v1-locked-test::jerk_qp_pva_ruckig,synthetic-feasible-v1,synthetic,rapid_reversal__test__011,test,150811,clean,jerk_qp_pva_ruckig,431,1,command_p,stop-j0-k197,stop,1.97,0,joint_0,-5,-0.04999999999999982,0.0786413524836813,0.1,0.1,0.05
paper-evidence-v1-locked-test::jerk_qp_pva_ruckig,synthetic-feasible-v1,synthetic,rapid_reversal__test__011,test,150811,clean,jerk_qp_pva_ruckig,431,1,command_p,stop-j0-k220,stop,2.2,0,joint_0,5,0.04999999999999982,0.08129028738086419,0.1,0.1,0.05
paper-evidence-v1-locked-test::jerk_qp_pva_ruckig,synthetic-feasible-v1,synthetic,rapid_reversal__test__011,test,150811,clean,jerk_qp_pva_ruckig,431,1,command_p,stop-j0-k244,stop,2.44,0,joint_0,5,0.050000000000000044,0.020777041909605387,0.1,0.1,0.05
paper-evidence-v1-locked-test::jerk_qp_pva_ruckig,synthetic-feasible-v1,synthetic,rapid_reversal__test__011,test,150811,clean,jerk_qp_pva_ruckig,431,1,command_p,stop-j0-k267,stop,2.67,0,joint_0,-5,-0.050000000000000044,0.0376112122625736,0.1,0.1,0.05
paper-evidence-v1-locked-test::jerk_qp_pva_ruckig,synthetic-feasible-v1,synthetic,rapid_reversal__test__011,test,150811,clean,jerk_qp_pva_ruckig,431,1,command_p,stop-j0-k290,stop,2.9,0,joint_0,-5,-0.04999999999999982,0.08277670117220427,0.1,0.1,0.05
paper-evidence-v1-locked-test::jerk_qp_pva_ruckig,synthetic-feasible-v1,synthetic,rapid_reversal__test__011,test,150811,clean,jerk_qp_pva_ruckig,431,1,command_p,stop-j0-k313,stop,3.13,0,joint_0,5,0.04999999999999982,0.06211155618262833,0.1,0.1,0.05
paper-evidence-v1-locked-test::jerk_qp_pva_ruckig,synthetic-feasible-v1,synthetic,rapid_reversal__test__011,test,150811,clean,jerk_qp_pva_ruckig,431,1,command_p,stop-j0-k337,stop,3.37,0,joint_0,-3,-0.029999999999999805,0.013686679305920197,0.1,0.1,0.05
paper-evidence-v1-locked-test::jerk_qp_pva_ruckig,synthetic-feasible-v1,synthetic,rapid_reversal__test__011,test,150811,clean,jerk_qp_pva_ruckig,431,1,command_p,stop-j0-k360,stop,3.6,0,joint_0,-5,-0.04999999999999982,0.05618868568700781,0.1,0.1,0.05
paper-evidence-v1-locked-test::jerk_qp_pva_ruckig,synthetic-feasible-v1,synthetic,rapid_reversal__test__011,test,150811,clean,jerk_qp_pva_ruckig,431,1,command_p,stop-j0-k383,stop,3.83,0,joint_0,5,0.04999999999999982,0.08021772660199603,0.1,0.1,0.05
paper-evidence-v1-locked-test::jerk_qp_pva_ruckig,synthetic-feasible-v1,synthetic,rapid_reversal__test__011,test,150811,clean,jerk_qp_pva_ruckig,431,1,command_p,stop-j0-k406,stop,4.0600000000000005,0,joint_0,5,0.04999999999999982,0.048226097993492735,0.1,0.1,0.05
paper-evidence-v1-locked-test::jerk_qp_pva_ruckig,synthetic-feasible-v1,synthetic,rapid_reversal__test__012,test,150812,clean,jerk_qp_pva_ruckig,408,1,command_p,stop-j0-k30,stop,0.3,0,joint_0,1,0.010000000000000009,0.0014944130608509846,0.1,0.1,0.05
paper-evidence-v1-locked-test::jerk_qp_pva_ruckig,synthetic-feasible-v1,synthetic,rapid_reversal__test__012,test,150812,clean,jerk_qp_pva_ruckig,408,1,command_p,stop-j0-k58,stop,0.58,0,joint_0,1,0.010000000000000009,0.0003246984713581914,0.1,0.1,0.05
paper-evidence-v1-locked-test::jerk_qp_pva_ruckig,synthetic-feasible-v1,synthetic,rapid_reversal__test__012,test,150812,clean,jerk_qp_pva_ruckig,408,1,command_p,stop-j0-k87,stop,0.87,0,joint_0,1,0.010000000000000009,0.0007294559516723158,0.1,0.1,0.05
paper-evidence-v1-locked-test::jerk_qp_pva_ruckig,synthetic-feasible-v1,synthetic,rapid_reversal__test__012,test,150812,clean,jerk_qp_pva_ruckig,408,1,command_p,stop-j0-k115,stop,1.1500000000000001,0,joint_0,1,0.010000000000000009,0.0023554196425996377,0.1,0.1,0.05
paper-evidence-v1-locked-test::jerk_qp_pva_ruckig,synthetic-feasible-v1,synthetic,rapid_reversal__test__012,test,150812,clean,jerk_qp_pva_ruckig,408,1,command_p,stop-j0-k143,stop,1.43,0,joint_0,-5,-0.050000000000000044,0.03275629862997218,0.1,0.1,0.05
paper-evidence-v1-locked-test::jerk_qp_pva_ruckig,synthetic-feasible-v1,synthetic,rapid_reversal__test__012,test,150812,clean,jerk_qp_pva_ruckig,408,1,command_p,reversal-j0-k145,reversal,1.435,0,joint_0,-5,-0.050000000000000044,0.032327987942445145,0.1,0.1,0.05
paper-evidence-v1-locked-test::jerk_qp_pva_ruckig,synthetic-feasible-v1,synthetic,rapid_reversal__test__012,test,150812,clean,jerk_qp_pva_ruckig,408,1,command_p,stop-j0-k172,stop,1.72,0,joint_0,0,0.0,0.056794343918903936,0.1,0.1,0.05
paper-evidence-v1-locked-test::jerk_qp_pva_ruckig,synthetic-feasible-v1,synthetic,rapid_reversal__test__012,test,150812,clean,jerk_qp_pva_ruckig,408,1,command_p,stop-j0-k200,stop,2.0,0,joint_0,5,0.04999999999999982,0.05805254534839128,0.1,0.1,0.05
paper-evidence-v1-locked-test::jerk_qp_pva_ruckig,synthetic-feasible-v1,synthetic,rapid_reversal__test__012,test,150812,clean,jerk_qp_pva_ruckig,408,1,command_p,stop-j0-k229,stop,2.29,0,joint_0,5,0.04999999999999982,0.027691311178933902,0.1,0.1,0.05
paper-evidence-v1-locked-test::jerk_qp_pva_ruckig,synthetic-feasible-v1,synthetic,rapid_reversal__test__012,test,150812,clean,jerk_qp_pva_ruckig,408,1,command_p,stop-j0-k257,stop,2.57,0,joint_0,2,0.020000000000000018,0.004034664162598923,0.1,0.1,0.05
paper-evidence-v1-locked-test::jerk_qp_pva_ruckig,synthetic-feasible-v1,synthetic,rapid_reversal__test__012,test,150812,clean,jerk_qp_pva_ruckig,408,1,command_p,stop-j0-k285,stop,2.85,0,joint_0,1,0.009999999999999787,0.001557853444917596,0.1,0.1,0.05
paper-evidence-v1-locked-test::jerk_qp_pva_ruckig,synthetic-feasible-v1,synthetic,rapid_reversal__test__012,test,150812,clean,jerk_qp_pva_ruckig,408,1,command_p,reversal-j0-k287,reversal,2.855,0,joint_0,0,0.0,0.0013875179718035838,0.1,0.1,0.05
paper-evidence-v1-locked-test::jerk_qp_pva_ruckig,synthetic-feasible-v1,synthetic,rapid_reversal__test__012,test,150812,clean,jerk_qp_pva_ruckig,408,1,command_p,stop-j0-k314,stop,3.14,0,joint_0,1,0.009999999999999787,0.007080140933446888,0.1,0.1,0.05
paper-evidence-v1-locked-test::jerk_qp_pva_ruckig,synthetic-feasible-v1,synthetic,rapid_reversal__test__012,test,150812,clean,jerk_qp_pva_ruckig,408,1,command_p,stop-j0-k342,stop,3.42,0,joint_0,-5,-0.04999999999999982,0.038248813978562404,0.1,0.1,0.05
paper-evidence-v1-locked-test::jerk_qp_pva_ruckig,synthetic-feasible-v1,synthetic,rapid_reversal__test__012,test,150812,clean,jerk_qp_pva_ruckig,408,1,command_p,stop-j0-k370,stop,3.7,0,joint_0,0,0.0,0.056570450438712214,0.1,0.1,0.05
paper-evidence-v1-locked-test::jerk_qp_pva_ruckig,synthetic-feasible-v1,synthetic,rapid_reversal__test__012,test,150812,clean,jerk_qp_pva_ruckig,408,1,command_p,reversal-j0-k372,reversal,3.705,0,joint_0,0,0.0,0.056570450438712214,0.1,0.1,0.05
paper-evidence-v1-locked-test::jerk_qp_pva_ruckig,synthetic-feasible-v1,synthetic,rapid_reversal__test__013,test,150813,clean,jerk_qp_pva_ruckig,289,1,command_p,stop-j0-k22,stop,0.22,0,joint_0,1,0.010000000000000009,0.00015570160986066227,0.1,0.1,0.05
paper-evidence-v1-locked-test::jerk_qp_pva_ruckig,synthetic-feasible-v1,synthetic,rapid_reversal__test__013,test,150813,clean,jerk_qp_pva_ruckig,289,1,command_p,stop-j0-k43,stop,0.43,0,joint_0,1,0.010000000000000009,0.0005907103731515296,0.1,0.1,0.05
paper-evidence-v1-locked-test::jerk_qp_pva_ruckig,synthetic-feasible-v1,synthetic,rapid_reversal__test__013,test,150813,clean,jerk_qp_pva_ruckig,289,1,command_p,stop-j0-k64,stop,0.64,0,joint_0,1,0.010000000000000009,0.00024348958973837448,0.1,0.1,0.05
paper-evidence-v1-locked-test::jerk_qp_pva_ruckig,synthetic-feasible-v1,synthetic,rapid_reversal__test__013,test,150813,clean,jerk_qp_pva_ruckig,289,1,command_p,reversal-j0-k86,reversal,0.855,0,joint_0,1,0.010000000000000009,0.0002362639543708099,0.1,0.1,0.05
paper-evidence-v1-locked-test::jerk_qp_pva_ruckig,synthetic-feasible-v1,synthetic,rapid_reversal__test__013,test,150813,clean,jerk_qp_pva_ruckig,289,1,command_p,stop-j0-k107,stop,1.07,0,joint_0,1,0.010000000000000009,0.00043588187903270486,0.1,0.1,0.05
paper-evidence-v1-locked-test::jerk_qp_pva_ruckig,synthetic-feasible-v1,synthetic,rapid_reversal__test__013,test,150813,clean,jerk_qp_pva_ruckig,289,1,command_p,stop-j0-k128,stop,1.28,0,joint_0,1,0.010000000000000009,0.0002831252797388458,0.1,0.1,0.05
paper-evidence-v1-locked-test::jerk_qp_pva_ruckig,synthetic-feasible-v1,synthetic,rapid_reversal__test__013,test,150813,clean,jerk_qp_pva_ruckig,289,1,command_p,stop-j0-k149,stop,1.49,0,joint_0,1,0.010000000000000009,0.0004925166547157856,0.1,0.1,0.05
paper-evidence-v1-locked-test::jerk_qp_pva_ruckig,synthetic-feasible-v1,synthetic,rapid_reversal__test__013,test,150813,clean,jerk_qp_pva_ruckig,289,1,command_p,stop-j0-k171,stop,1.71,0,joint_0,1,0.010000000000000009,0.00016394677005461552,0.1,0.1,0.05
paper-evidence-v1-locked-test::jerk_qp_pva_ruckig,synthetic-feasible-v1,synthetic,rapid_reversal__test__013,test,150813,clean,jerk_qp_pva_ruckig,289,1,command_p,stop-j0-k192,stop,1.92,0,joint_0,1,0.010000000000000009,0.0001215357779223353,0.1,0.1,0.05
paper-evidence-v1-locked-test::jerk_qp_pva_ruckig,synthetic-feasible-v1,synthetic,rapid_reversal__test__013,test,150813,clean,jerk_qp_pva_ruckig,289,1,command_p,stop-j0-k213,stop,2.13,0,joint_0,1,0.010000000000000009,0.0005490982382905021,0.1,0.1,0.05
paper-evidence-v1-locked-test::jerk_qp_pva_ruckig,synthetic-feasible-v1,synthetic,rapid_reversal__test__013,test,150813,clean,jerk_qp_pva_ruckig,289,1,command_p,stop-j0-k234,stop,2.34,0,joint_0,1,0.010000000000000009,0.00023479730274711383,0.1,0.1,0.05
paper-evidence-v1-locked-test::jerk_qp_pva_ruckig,synthetic-feasible-v1,synthetic,rapid_reversal__test__013,test,150813,clean,jerk_qp_pva_ruckig,289,1,command_p,stop-j0-k256,stop,2.56,0,joint_0,1,0.009999999999999787,0.0002507148248761729,0.1,0.1,0.05
paper-evidence-v1-locked-test::jerk_qp_pva_ruckig,synthetic-feasible-v1,synthetic,rapid_reversal__test__013,test,150813,clean,jerk_qp_pva_ruckig,289,1,command_p,stop-j0-k277,stop,2.77,0,joint_0,1,0.009999999999999787,0.00038047893994103143,0.1,0.1,0.05
paper-evidence-v1-locked-test::jerk_qp_pva_ruckig,synthetic-feasible-v1,synthetic,rapid_reversal__test__014,test,150814,clean,jerk_qp_pva_ruckig,429,1,command_p,stop-j0-k13,stop,0.13,0,joint_0,-5,-0.05,0.02882866933663237,0.1,0.1,0.05
paper-evidence-v1-locked-test::jerk_qp_pva_ruckig,synthetic-feasible-v1,synthetic,rapid_reversal__test__014,test,150814,clean,jerk_qp_pva_ruckig,429,1,command_p,stop-j0-k37,stop,0.37,0,joint_0,-5,-0.04999999999999999,0.07439098023775603,0.1,0.1,0.05
paper-evidence-v1-locked-test::jerk_qp_pva_ruckig,synthetic-feasible-v1,synthetic,rapid_reversal__test__014,test,150814,clean,jerk_qp_pva_ruckig,429,1,command_p,stop-j0-k62,stop,0.62,0,joint_0,5,0.050000000000000044,0.057875738912451145,0.1,0.1,0.05
paper-evidence-v1-locked-test::jerk_qp_pva_ruckig,synthetic-feasible-v1,synthetic,rapid_reversal__test__014,test,150814,clean,jerk_qp_pva_ruckig,429,1,command_p,stop-j0-k86,stop,0.86,0,joint_0,-4,-0.040000000000000036,0.012468318728809597,0.1,0.1,0.05
paper-evidence-v1-locked-test::jerk_qp_pva_ruckig,synthetic-feasible-v1,synthetic,rapid_reversal__test__014,test,150814,clean,jerk_qp_pva_ruckig,429,1,command_p,stop-j0-k111,stop,1.11,0,joint_0,-5,-0.050000000000000044,0.056477813202214726,0.1,0.1,0.05
paper-evidence-v1-locked-test::jerk_qp_pva_ruckig,synthetic-feasible-v1,synthetic,rapid_reversal__test__014,test,150814,clean,jerk_qp_pva_ruckig,429,1,command_p,stop-j0-k135,stop,1.35,0,joint_0,5,0.050000000000000044,0.07261287359115978,0.1,0.1,0.05
paper-evidence-v1-locked-test::jerk_qp_pva_ruckig,synthetic-feasible-v1,synthetic,rapid_reversal__test__014,test,150814,clean,jerk_qp_pva_ruckig,429,1,command_p,stop-j0-k160,stop,1.6,0,joint_0,5,0.050000000000000044,0.03333799125390432,0.1,0.1,0.05
paper-evidence-v1-locked-test::jerk_qp_pva_ruckig,synthetic-feasible-v1,synthetic,rapid_reversal__test__014,test,150814,clean,jerk_qp_pva_ruckig,429,1,command_p,stop-j0-k184,stop,1.84,0,joint_0,-5,-0.050000000000000044,0.027906701407312766,0.1,0.1,0.05
paper-evidence-v1-locked-test::jerk_qp_pva_ruckig,synthetic-feasible-v1,synthetic,rapid_reversal__test__014,test,150814,clean,jerk_qp_pva_ruckig,429,1,command_p,stop-j0-k209,stop,2.09,0,joint_0,-5,-0.04999999999999982,0.0695910198763196,0.1,0.1,0.05
paper-evidence-v1-locked-test::jerk_qp_pva_ruckig,synthetic-feasible-v1,synthetic,rapid_reversal__test__014,test,150814,clean,jerk_qp_pva_ruckig,429,1,command_p,stop-j0-k233,stop,2.33,0,joint_0,5,0.04999999999999982,0.05799136944518176,0.1,0.1,0.05
paper-evidence-v1-locked-test::jerk_qp_pva_ruckig,synthetic-feasible-v1,synthetic,rapid_reversal__test__014,test,150814,clean,jerk_qp_pva_ruckig,429,1,command_p,stop-j0-k258,stop,2.58,0,joint_0,5,0.04999999999999982,0.009514831681239897,0.1,0.1,0.05
paper-evidence-v1-locked-test::jerk_qp_pva_ruckig,synthetic-feasible-v1,synthetic,rapid_reversal__test__014,test,150814,clean,jerk_qp_pva_ruckig,429,1,command_p,stop-j0-k282,stop,2.82,0,joint_0,-5,-0.04999999999999982,0.04908779434758882,0.1,0.1,0.05
paper-evidence-v1-locked-test::jerk_qp_pva_ruckig,synthetic-feasible-v1,synthetic,rapid_reversal__test__014,test,150814,clean,jerk_qp_pva_ruckig,429,1,command_p,stop-j0-k307,stop,3.0700000000000003,0,joint_0,5,0.04999999999999982,0.06810291933379985,0.1,0.1,0.05
paper-evidence-v1-locked-test::jerk_qp_pva_ruckig,synthetic-feasible-v1,synthetic,rapid_reversal__test__014,test,150814,clean,jerk_qp_pva_ruckig,429,1,command_p,stop-j0-k331,stop,3.31,0,joint_0,5,0.04999999999999982,0.028661980277554983,0.1,0.1,0.05
paper-evidence-v1-locked-test::jerk_qp_pva_ruckig,synthetic-feasible-v1,synthetic,rapid_reversal__test__014,test,150814,clean,jerk_qp_pva_ruckig,429,1,command_p,stop-j0-k356,stop,3.56,0,joint_0,-5,-0.04999999999999982,0.0211662433894164,0.1,0.1,0.05
paper-evidence-v1-locked-test::jerk_qp_pva_ruckig,synthetic-feasible-v1,synthetic,rapid_reversal__test__014,test,150814,clean,jerk_qp_pva_ruckig,429,1,command_p,stop-j0-k380,stop,3.8000000000000003,0,joint_0,-5,-0.04999999999999982,0.06394108576368755,0.1,0.1,0.05
paper-evidence-v1-locked-test::jerk_qp_pva_ruckig,synthetic-feasible-v1,synthetic,rapid_reversal__test__014,test,150814,clean,jerk_qp_pva_ruckig,429,1,command_p,stop-j0-k405,stop,4.05,0,joint_0,5,0.04999999999999982,0.05064573639418581,0.1,0.1,0.05
paper-evidence-v1-locked-test::jerk_qp_pva_ruckig,synthetic-feasible-v1,synthetic,rapid_reversal__test__015,test,150815,clean,jerk_qp_pva_ruckig,304,1,command_p,stop-j0-k27,stop,0.27,0,joint_0,1,0.010000000000000009,0.01075681486767419,0.1,0.1,0.05
paper-evidence-v1-locked-test::jerk_qp_pva_ruckig,synthetic-feasible-v1,synthetic,rapid_reversal__test__015,test,150815,clean,jerk_qp_pva_ruckig,304,1,command_p,stop-j0-k57,stop,0.5700000000000001,0,joint_0,0,0.0,0.01290966228999686,0.1,0.1,0.05
paper-evidence-v1-locked-test::jerk_qp_pva_ruckig,synthetic-feasible-v1,synthetic,rapid_reversal__test__015,test,150815,clean,jerk_qp_pva_ruckig,304,1,command_p,stop-j0-k87,stop,0.87,0,joint_0,2,0.020000000000000018,0.001445435778129151,0.1,0.1,0.05
paper-evidence-v1-locked-test::jerk_qp_pva_ruckig,synthetic-feasible-v1,synthetic,rapid_reversal__test__015,test,150815,clean,jerk_qp_pva_ruckig,304,1,command_p,stop-j0-k117,stop,1.17,0,joint_0,1,0.010000000000000009,0.01122596000050567,0.1,0.1,0.05
paper-evidence-v1-locked-test::jerk_qp_pva_ruckig,synthetic-feasible-v1,synthetic,rapid_reversal__test__015,test,150815,clean,jerk_qp_pva_ruckig,304,1,command_p,stop-j0-k147,stop,1.47,0,joint_0,0,0.0,0.011511658285770915,0.1,0.1,0.05
paper-evidence-v1-locked-test::jerk_qp_pva_ruckig,synthetic-feasible-v1,synthetic,rapid_reversal__test__015,test,150815,clean,jerk_qp_pva_ruckig,304,1,command_p,stop-j0-k177,stop,1.77,0,joint_0,2,0.020000000000000018,0.0027666805044325553,0.1,0.1,0.05
paper-evidence-v1-locked-test::jerk_qp_pva_ruckig,synthetic-feasible-v1,synthetic,rapid_reversal__test__015,test,150815,clean,jerk_qp_pva_ruckig,304,1,command_p,stop-j0-k207,stop,2.07,0,joint_0,0,0.0,0.01135595543666243,0.1,0.1,0.05
paper-evidence-v1-locked-test::jerk_qp_pva_ruckig,synthetic-feasible-v1,synthetic,rapid_reversal__test__015,test,150815,clean,jerk_qp_pva_ruckig,304,1,command_p,stop-j0-k236,stop,2.36,0,joint_0,-1,-0.010000000000000009,0.009983987873264578,0.1,0.1,0.05
paper-evidence-v1-locked-test::jerk_qp_pva_ruckig,synthetic-feasible-v1,synthetic,rapid_reversal__test__015,test,150815,clean,jerk_qp_pva_ruckig,304,1,command_p,reversal-j0-k238,reversal,2.365,0,joint_0,0,0.0,0.010086323265702597,0.1,0.1,0.05
paper-evidence-v1-locked-test::jerk_qp_pva_ruckig,synthetic-feasible-v1,synthetic,rapid_reversal__test__015,test,150815,clean,jerk_qp_pva_ruckig,304,1,command_p,stop-j0-k266,stop,2.66,0,joint_0,2,0.020000000000000018,0.004081266452660552,0.1,0.1,0.05
paper-evidence-v1-locked-test::jerk_qp_pva_ruckig,synthetic-feasible-v1,synthetic,rapid_reversal__test__016,test,150816,clean,jerk_qp_pva_ruckig,341,1,command_p,stop-j0-k42,stop,0.42,0,joint_0,0,0.0,0.0058679877682185615,0.1,0.1,0.05
paper-evidence-v1-locked-test::jerk_qp_pva_ruckig,synthetic-feasible-v1,synthetic,rapid_reversal__test__016,test,150816,clean,jerk_qp_pva_ruckig,341,1,command_p,reversal-j0-k44,reversal,0.42500000000000004,0,joint_0,0,0.0,0.005998776573627402,0.1,0.1,0.05
paper-evidence-v1-locked-test::jerk_qp_pva_ruckig,synthetic-feasible-v1,synthetic,rapid_reversal__test__016,test,150816,clean,jerk_qp_pva_ruckig,341,1,command_p,stop-j0-k82,stop,0.8200000000000001,0,joint_0,2,0.020000000000000018,0.000941923764482217,0.1,0.1,0.05
paper-evidence-v1-locked-test::jerk_qp_pva_ruckig,synthetic-feasible-v1,synthetic,rapid_reversal__test__016,test,150816,clean,jerk_qp_pva_ruckig,341,1,command_p,stop-j0-k121,stop,1.21,0,joint_0,1,0.010000000000000009,0.00363615207988437,0.1,0.1,0.05
paper-evidence-v1-locked-test::jerk_qp_pva_ruckig,synthetic-feasible-v1,synthetic,rapid_reversal__test__016,test,150816,clean,jerk_qp_pva_ruckig,341,1,command_p,reversal-j0-k123,reversal,1.2149999999999999,0,joint_0,1,0.010000000000000009,0.003676005479562246,0.1,0.1,0.05
paper-evidence-v1-locked-test::jerk_qp_pva_ruckig,synthetic-feasible-v1,synthetic,rapid_reversal__test__016,test,150816,clean,jerk_qp_pva_ruckig,341,1,command_p,stop-j0-k160,stop,1.6,0,joint_0,0,0.0,0.001800909074086508,0.1,0.1,0.05
paper-evidence-v1-locked-test::jerk_qp_pva_ruckig,synthetic-feasible-v1,synthetic,rapid_reversal__test__016,test,150816,clean,jerk_qp_pva_ruckig,341,1,command_p,reversal-j0-k162,reversal,1.605,0,joint_0,0,0.0,0.0018409315093049134,0.1,0.1,0.05
paper-evidence-v1-locked-test::jerk_qp_pva_ruckig,synthetic-feasible-v1,synthetic,rapid_reversal__test__016,test,150816,clean,jerk_qp_pva_ruckig,341,1,command_p,stop-j0-k199,stop,1.99,0,joint_0,0,0.0,0.004700718041723679,0.1,0.1,0.05
paper-evidence-v1-locked-test::jerk_qp_pva_ruckig,synthetic-feasible-v1,synthetic,rapid_reversal__test__016,test,150816,clean,jerk_qp_pva_ruckig,341,1,command_p,reversal-j0-k201,reversal,1.995,0,joint_0,1,0.010000000000000009,0.004751987124863638,0.1,0.1,0.05
paper-evidence-v1-locked-test::jerk_qp_pva_ruckig,synthetic-feasible-v1,synthetic,rapid_reversal__test__016,test,150816,clean,jerk_qp_pva_ruckig,341,1,command_p,stop-j0-k239,stop,2.39,0,joint_0,1,0.009999999999999787,0.0013991518073669094,0.1,0.1,0.05
paper-evidence-v1-locked-test::jerk_qp_pva_ruckig,synthetic-feasible-v1,synthetic,rapid_reversal__test__016,test,150816,clean,jerk_qp_pva_ruckig,341,1,command_p,stop-j0-k278,stop,2.7800000000000002,0,joint_0,1,0.009999999999999787,0.002636036795094013,0.1,0.1,0.05
paper-evidence-v1-locked-test::jerk_qp_pva_ruckig,synthetic-feasible-v1,synthetic,rapid_reversal__test__016,test,150816,clean,jerk_qp_pva_ruckig,341,1,command_p,reversal-j0-k280,reversal,2.785,0,joint_0,1,0.009999999999999787,0.002636036795094013,0.1,0.1,0.05
paper-evidence-v1-locked-test::jerk_qp_pva_ruckig,synthetic-feasible-v1,synthetic,rapid_reversal__test__016,test,150816,clean,jerk_qp_pva_ruckig,341,1,command_p,stop-j0-k317,stop,3.17,0,joint_0,0,0.0,0.0035088114400844868,0.1,0.1,0.05
paper-evidence-v1-locked-test::jerk_qp_pva_ruckig,synthetic-feasible-v1,synthetic,rapid_reversal__test__016,test,150816,clean,jerk_qp_pva_ruckig,341,1,command_p,reversal-j0-k319,reversal,3.175,0,joint_0,0,0.0,0.003593543127677996,0.1,0.1,0.05
paper-evidence-v1-locked-test::jerk_qp_pva_ruckig,synthetic-feasible-v1,synthetic,rapid_reversal__test__017,test,150817,clean,jerk_qp_pva_ruckig,342,1,command_p,stop-j0-k22,stop,0.22,0,joint_0,1,0.010000000000000009,0.000980800200081177,0.1,0.1,0.05
paper-evidence-v1-locked-test::jerk_qp_pva_ruckig,synthetic-feasible-v1,synthetic,rapid_reversal__test__017,test,150817,clean,jerk_qp_pva_ruckig,342,1,command_p,stop-j0-k45,stop,0.45,0,joint_0,1,0.010000000000000009,0.0017765645260622903,0.1,0.1,0.05
paper-evidence-v1-locked-test::jerk_qp_pva_ruckig,synthetic-feasible-v1,synthetic,rapid_reversal__test__017,test,150817,clean,jerk_qp_pva_ruckig,342,1,command_p,stop-j0-k68,stop,0.68,0,joint_0,2,0.020000000000000018,0.0008323686806265391,0.1,0.1,0.05
paper-evidence-v1-locked-test::jerk_qp_pva_ruckig,synthetic-feasible-v1,synthetic,rapid_reversal__test__017,test,150817,clean,jerk_qp_pva_ruckig,342,1,command_p,stop-j0-k91,stop,0.91,0,joint_0,1,0.010000000000000009,0.0003243026568871557,0.1,0.1,0.05
paper-evidence-v1-locked-test::jerk_qp_pva_ruckig,synthetic-feasible-v1,synthetic,rapid_reversal__test__017,test,150817,clean,jerk_qp_pva_ruckig,342,1,command_p,stop-j0-k114,stop,1.1400000000000001,0,joint_0,1,0.010000000000000009,0.001447228816657502,0.1,0.1,0.05
paper-evidence-v1-locked-test::jerk_qp_pva_ruckig,synthetic-feasible-v1,synthetic,rapid_reversal__test__017,test,150817,clean,jerk_qp_pva_ruckig,342,1,command_p,reversal-j0-k138,reversal,1.375,0,joint_0,2,0.020000000000000018,0.0013426495228702525,0.1,0.1,0.05
paper-evidence-v1-locked-test::jerk_qp_pva_ruckig,synthetic-feasible-v1,synthetic,rapid_reversal__test__017,test,150817,clean,jerk_qp_pva_ruckig,342,1,command_p,stop-j0-k161,stop,1.61,0,joint_0,1,0.010000000000000009,0.0009050249805066578,0.1,0.1,0.05
paper-evidence-v1-locked-test::jerk_qp_pva_ruckig,synthetic-feasible-v1,synthetic,rapid_reversal__test__017,test,150817,clean,jerk_qp_pva_ruckig,342,1,command_p,stop-j0-k184,stop,1.84,0,joint_0,1,0.010000000000000009,0.0007769045802742524,0.1,0.1,0.05
paper-evidence-v1-locked-test::jerk_qp_pva_ruckig,synthetic-feasible-v1,synthetic,rapid_reversal__test__017,test,150817,clean,jerk_qp_pva_ruckig,342,1,command_p,stop-j0-k207,stop,2.07,0,joint_0,1,0.010000000000000009,0.0012418934530970802,0.1,0.1,0.05
paper-evidence-v1-locked-test::jerk_qp_pva_ruckig,synthetic-feasible-v1,synthetic,rapid_reversal__test__017,test,150817,clean,jerk_qp_pva_ruckig,342,1,command_p,stop-j0-k230,stop,2.3000000000000003,0,joint_0,1,0.009999999999999787,0.0014801164029313476,0.1,0.1,0.05
paper-evidence-v1-locked-test::jerk_qp_pva_ruckig,synthetic-feasible-v1,synthetic,rapid_reversal__test__017,test,150817,clean,jerk_qp_pva_ruckig,342,1,command_p,stop-j0-k253,stop,2.5300000000000002,0,joint_0,2,0.020000000000000018,0.0002700375482748164,0.1,0.1,0.05
paper-evidence-v1-locked-test::jerk_qp_pva_ruckig,synthetic-feasible-v1,synthetic,rapid_reversal__test__017,test,150817,clean,jerk_qp_pva_ruckig,342,1,command_p,stop-j0-k276,stop,2.7600000000000002,0,joint_0,1,0.009999999999999787,0.0006993978037937146,0.1,0.1,0.05
paper-evidence-v1-locked-test::jerk_qp_pva_ruckig,synthetic-feasible-v1,synthetic,rapid_reversal__test__017,test,150817,clean,jerk_qp_pva_ruckig,342,1,command_p,stop-j0-k299,stop,2.99,0,joint_0,1,0.009999999999999787,0.001588837895937734,0.1,0.1,0.05
paper-evidence-v1-locked-test::jerk_qp_pva_ruckig,synthetic-feasible-v1,synthetic,rapid_reversal__test__017,test,150817,clean,jerk_qp_pva_ruckig,342,1,command_p,stop-j0-k322,stop,3.22,0,joint_0,1,0.009999999999999787,0.000926022683369785,0.1,0.1,0.05
paper-evidence-v1-locked-test::jerk_qp_pva_ruckig,synthetic-feasible-v1,synthetic,rapid_reversal__test__018,test,150818,clean,jerk_qp_pva_ruckig,447,1,command_p,stop-j0-k29,stop,0.29,0,joint_0,-5,-0.04999999999999999,0.02272959349600538,0.1,0.1,0.05
paper-evidence-v1-locked-test::jerk_qp_pva_ruckig,synthetic-feasible-v1,synthetic,rapid_reversal__test__018,test,150818,clean,jerk_qp_pva_ruckig,447,1,command_p,reversal-j0-k52,reversal,0.515,0,joint_0,5,0.04999999999999999,0.023055154203890937,0.1,0.1,0.05
paper-evidence-v1-locked-test::jerk_qp_pva_ruckig,synthetic-feasible-v1,synthetic,rapid_reversal__test__018,test,150818,clean,jerk_qp_pva_ruckig,447,1,command_p,stop-j0-k74,stop,0.74,0,joint_0,-1,-0.010000000000000009,0.01167139292244568,0.1,0.1,0.05
paper-evidence-v1-locked-test::jerk_qp_pva_ruckig,synthetic-feasible-v1,synthetic,rapid_reversal__test__018,test,150818,clean,jerk_qp_pva_ruckig,447,1,command_p,stop-j0-k96,stop,0.96,0,joint_0,2,0.020000000000000018,0.011105548435877282,0.1,0.1,0.05
paper-evidence-v1-locked-test::jerk_qp_pva_ruckig,synthetic-feasible-v1,synthetic,rapid_reversal__test__018,test,150818,clean,jerk_qp_pva_ruckig,447,1,command_p,stop-j0-k118,stop,1.18,0,joint_0,0,0.0,0.022863951172829945,0.1,0.1,0.05
paper-evidence-v1-locked-test::jerk_qp_pva_ruckig,synthetic-feasible-v1,synthetic,rapid_reversal__test__018,test,150818,clean,jerk_qp_pva_ruckig,447,1,command_p,stop-j0-k141,stop,1.41,0,joint_0,0,0.0,0.022537607392038684,0.1,0.1,0.05
paper-evidence-v1-locked-test::jerk_qp_pva_ruckig,synthetic-feasible-v1,synthetic,rapid_reversal__test__018,test,150818,clean,jerk_qp_pva_ruckig,447,1,command_p,stop-j0-k163,stop,1.6300000000000001,0,joint_0,5,0.050000000000000044,0.00471968457427295,0.1,0.1,0.05
paper-evidence-v1-locked-test::jerk_qp_pva_ruckig,synthetic-feasible-v1,synthetic,rapid_reversal__test__018,test,150818,clean,jerk_qp_pva_ruckig,447,1,command_p,stop-j0-k185,stop,1.85,0,joint_0,-5,-0.050000000000000044,0.010599137573319303,0.1,0.1,0.05
paper-evidence-v1-locked-test::jerk_qp_pva_ruckig,synthetic-feasible-v1,synthetic,rapid_reversal__test__018,test,150818,clean,jerk_qp_pva_ruckig,447,1,command_p,stop-j0-k208,stop,2.08,0,joint_0,0,0.0,0.023494293368155807,0.1,0.1,0.05
paper-evidence-v1-locked-test::jerk_qp_pva_ruckig,synthetic-feasible-v1,synthetic,rapid_reversal__test__018,test,150818,clean,jerk_qp_pva_ruckig,447,1,command_p,stop-j0-k230,stop,2.3000000000000003,0,joint_0,5,0.04999999999999982,0.018327194002025347,0.1,0.1,0.05
paper-evidence-v1-locked-test::jerk_qp_pva_ruckig,synthetic-feasible-v1,synthetic,rapid_reversal__test__018,test,150818,clean,jerk_qp_pva_ruckig,447,1,command_p,stop-j0-k252,stop,2.52,0,joint_0,-2,-0.020000000000000018,0.00559017314305549,0.1,0.1,0.05
paper-evidence-v1-locked-test::jerk_qp_pva_ruckig,synthetic-feasible-v1,synthetic,rapid_reversal__test__018,test,150818,clean,jerk_qp_pva_ruckig,447,1,command_p,stop-j0-k275,stop,2.75,0,joint_0,1,0.009999999999999787,0.014705494167584893,0.1,0.1,0.05
paper-evidence-v1-locked-test::jerk_qp_pva_ruckig,synthetic-feasible-v1,synthetic,rapid_reversal__test__018,test,150818,clean,jerk_qp_pva_ruckig,447,1,command_p,stop-j0-k297,stop,2.97,0,joint_0,0,0.0,0.022268595694371295,0.1,0.1,0.05
paper-evidence-v1-locked-test::jerk_qp_pva_ruckig,synthetic-feasible-v1,synthetic,rapid_reversal__test__018,test,150818,clean,jerk_qp_pva_ruckig,447,1,command_p,stop-j0-k319,stop,3.19,0,joint_0,-1,-0.010000000000000009,0.017972009625352663,0.1,0.1,0.05
paper-evidence-v1-locked-test::jerk_qp_pva_ruckig,synthetic-feasible-v1,synthetic,rapid_reversal__test__018,test,150818,clean,jerk_qp_pva_ruckig,447,1,command_p,stop-j0-k342,stop,3.42,0,joint_0,4,0.040000000000000036,0.0012354683817015124,0.1,0.1,0.05
paper-evidence-v1-locked-test::jerk_qp_pva_ruckig,synthetic-feasible-v1,synthetic,rapid_reversal__test__018,test,150818,clean,jerk_qp_pva_ruckig,447,1,command_p,stop-j0-k364,stop,3.64,0,joint_0,-5,-0.04999999999999982,0.014145334717186202,0.1,0.1,0.05
paper-evidence-v1-locked-test::jerk_qp_pva_ruckig,synthetic-feasible-v1,synthetic,rapid_reversal__test__018,test,150818,clean,jerk_qp_pva_ruckig,447,1,command_p,stop-j0-k386,stop,3.86,0,joint_0,-5,-0.04999999999999982,0.021821313558574612,0.1,0.1,0.05
paper-evidence-v1-locked-test::jerk_qp_pva_ruckig,synthetic-feasible-v1,synthetic,rapid_reversal__test__018,test,150818,clean,jerk_qp_pva_ruckig,447,1,command_p,stop-j0-k409,stop,4.09,0,joint_0,5,0.04999999999999982,0.013041402510550209,0.1,0.1,0.05
paper-evidence-v1-locked-test::jerk_qp_pva_ruckig,synthetic-feasible-v1,synthetic,rapid_reversal__test__018,test,150818,clean,jerk_qp_pva_ruckig,447,1,command_p,stop-j0-k431,stop,4.3100000000000005,0,joint_0,-2,-0.020000000000000018,0.0010580429475791986,0.1,0.1,0.05
paper-evidence-v1-locked-test::jerk_qp_pva_ruckig,synthetic-feasible-v1,synthetic,rapid_reversal__test__019,test,150819,clean,jerk_qp_pva_ruckig,255,1,command_p,stop-j0-k36,stop,0.36,0,joint_0,1,0.010000000000000009,0.0068340430100058145,0.1,0.1,0.05
paper-evidence-v1-locked-test::jerk_qp_pva_ruckig,synthetic-feasible-v1,synthetic,rapid_reversal__test__019,test,150819,clean,jerk_qp_pva_ruckig,255,1,command_p,stop-j0-k73,stop,0.73,0,joint_0,-1,-0.010000000000000009,0.004532184397433565,0.1,0.1,0.05
paper-evidence-v1-locked-test::jerk_qp_pva_ruckig,synthetic-feasible-v1,synthetic,rapid_reversal__test__019,test,150819,clean,jerk_qp_pva_ruckig,255,1,command_p,stop-j0-k110,stop,1.1,0,joint_0,1,0.010000000000000009,0.006170146235574587,0.1,0.1,0.05
paper-evidence-v1-locked-test::jerk_qp_pva_ruckig,synthetic-feasible-v1,synthetic,rapid_reversal__test__019,test,150819,clean,jerk_qp_pva_ruckig,255,1,command_p,reversal-j0-k112,reversal,1.105,0,joint_0,1,0.010000000000000009,0.006246844653199569,0.1,0.1,0.05
paper-evidence-v1-locked-test::jerk_qp_pva_ruckig,synthetic-feasible-v1,synthetic,rapid_reversal__test__019,test,150819,clean,jerk_qp_pva_ruckig,255,1,command_p,stop-j0-k147,stop,1.47,0,joint_0,3,0.030000000000000027,0.005122367183650007,0.1,0.1,0.05
paper-evidence-v1-locked-test::jerk_qp_pva_ruckig,synthetic-feasible-v1,synthetic,rapid_reversal__test__019,test,150819,clean,jerk_qp_pva_ruckig,255,1,command_p,reversal-j0-k149,reversal,1.475,0,joint_0,3,0.030000000000000027,0.005270598208356104,0.1,0.1,0.05
paper-evidence-v1-locked-test::jerk_qp_pva_ruckig,synthetic-feasible-v1,synthetic,rapid_reversal__test__019,test,150819,clean,jerk_qp_pva_ruckig,255,1,command_p,stop-j0-k185,stop,1.85,0,joint_0,0,0.0,0.0022727122469468957,0.1,0.1,0.05
paper-evidence-v1-locked-test::jerk_qp_pva_ruckig,synthetic-feasible-v1,synthetic,rapid_reversal__test__019,test,150819,clean,jerk_qp_pva_ruckig,255,1,command_p,stop-j0-k222,stop,2.22,0,joint_0,1,0.009999999999999787,0.007675768348441556,0.1,0.1,0.05
paper-evidence-v1-locked-test::jerk_qp_pva_ruckig,synthetic-feasible-v1,synthetic,rapid_reversal__test__019,test,150819,clean,jerk_qp_pva_ruckig,255,1,command_p,reversal-j0-k224,reversal,2.225,0,joint_0,1,0.009999999999999787,0.007675768348441556,0.1,0.1,0.05
paper-evidence-v1-locked-test::jerk_qp_pva_ruckig,synthetic-feasible-v1,synthetic,rapid_reversal__test__020,test,150820,clean,jerk_qp_pva_ruckig,380,1,command_p,stop-j0-k24,stop,0.24,0,joint_0,-5,-0.04999999999999999,0.020997539542937285,0.1,0.1,0.05
paper-evidence-v1-locked-test::jerk_qp_pva_ruckig,synthetic-feasible-v1,synthetic,rapid_reversal__test__020,test,150820,clean,jerk_qp_pva_ruckig,380,1,command_p,stop-j0-k46,stop,0.46,0,joint_0,-5,-0.04999999999999999,0.051537708702324304,0.1,0.1,0.05
paper-evidence-v1-locked-test::jerk_qp_pva_ruckig,synthetic-feasible-v1,synthetic,rapid_reversal__test__020,test,150820,clean,jerk_qp_pva_ruckig,380,1,command_p,stop-j0-k67,stop,0.67,0,joint_0,5,0.050000000000000044,0.05318377566618564,0.1,0.1,0.05
paper-evidence-v1-locked-test::jerk_qp_pva_ruckig,synthetic-feasible-v1,synthetic,rapid_reversal__test__020,test,150820,clean,jerk_qp_pva_ruckig,380,1,command_p,stop-j0-k88,stop,0.88,0,joint_0,-1,-0.010000000000000009,0.033569556217412984,0.1,0.1,0.05
paper-evidence-v1-locked-test::jerk_qp_pva_ruckig,synthetic-feasible-v1,synthetic,rapid_reversal__test__020,test,150820,clean,jerk_qp_pva_ruckig,380,1,command_p,reversal-j0-k110,reversal,1.0950000000000002,0,joint_0,3,0.030000000000000027,0.021324439588482628,0.1,0.1,0.05
paper-evidence-v1-locked-test::jerk_qp_pva_ruckig,synthetic-feasible-v1,synthetic,rapid_reversal__test__020,test,150820,clean,jerk_qp_pva_ruckig,380,1,command_p,stop-j0-k131,stop,1.31,0,joint_0,0,0.0,0.016420941195813915,0.1,0.1,0.05
paper-evidence-v1-locked-test::jerk_qp_pva_ruckig,synthetic-feasible-v1,synthetic,rapid_reversal__test__020,test,150820,clean,jerk_qp_pva_ruckig,380,1,command_p,stop-j0-k152,stop,1.52,0,joint_0,3,0.030000000000000027,0.001999889234252678,0.1,0.1,0.05
paper-evidence-v1-locked-test::jerk_qp_pva_ruckig,synthetic-feasible-v1,synthetic,rapid_reversal__test__020,test,150820,clean,jerk_qp_pva_ruckig,380,1,command_p,reversal-j0-k174,reversal,1.7349999999999999,0,joint_0,0,0.0,0.010360307106187926,0.1,0.1,0.05
paper-evidence-v1-locked-test::jerk_qp_pva_ruckig,synthetic-feasible-v1,synthetic,rapid_reversal__test__020,test,150820,clean,jerk_qp_pva_ruckig,380,1,command_p,stop-j0-k195,stop,1.95,0,joint_0,1,0.010000000000000009,0.019635734647571654,0.1,0.1,0.05
paper-evidence-v1-locked-test::jerk_qp_pva_ruckig,synthetic-feasible-v1,synthetic,rapid_reversal__test__020,test,150820,clean,jerk_qp_pva_ruckig,380,1,command_p,stop-j0-k216,stop,2.16,0,joint_0,2,0.020000000000000018,0.01830623669416025,0.1,0.1,0.05
paper-evidence-v1-locked-test::jerk_qp_pva_ruckig,synthetic-feasible-v1,synthetic,rapid_reversal__test__020,test,150820,clean,jerk_qp_pva_ruckig,380,1,command_p,stop-j0-k237,stop,2.37,0,joint_0,0,0.0,0.010381445616118468,0.1,0.1,0.05
paper-evidence-v1-locked-test::jerk_qp_pva_ruckig,synthetic-feasible-v1,synthetic,rapid_reversal__test__020,test,150820,clean,jerk_qp_pva_ruckig,380,1,command_p,stop-j0-k259,stop,2.59,0,joint_0,-5,-0.04999999999999982,0.02096015543509482,0.1,0.1,0.05
paper-evidence-v1-locked-test::jerk_qp_pva_ruckig,synthetic-feasible-v1,synthetic,rapid_reversal__test__020,test,150820,clean,jerk_qp_pva_ruckig,380,1,command_p,stop-j0-k280,stop,2.8000000000000003,0,joint_0,0,0.0,0.04148010446016207,0.1,0.1,0.05
paper-evidence-v1-locked-test::jerk_qp_pva_ruckig,synthetic-feasible-v1,synthetic,rapid_reversal__test__020,test,150820,clean,jerk_qp_pva_ruckig,380,1,command_p,stop-j0-k301,stop,3.0100000000000002,0,joint_0,-5,-0.04999999999999982,0.057812997546511306,0.1,0.1,0.05
paper-evidence-v1-locked-test::jerk_qp_pva_ruckig,synthetic-feasible-v1,synthetic,rapid_reversal__test__020,test,150820,clean,jerk_qp_pva_ruckig,380,1,command_p,reversal-j0-k323,reversal,3.225,0,joint_0,-1,-0.009999999999999787,0.06653609987480615,0.1,0.1,0.05
paper-evidence-v1-locked-test::jerk_qp_pva_ruckig,synthetic-feasible-v1,synthetic,rapid_reversal__test__020,test,150820,clean,jerk_qp_pva_ruckig,380,1,command_p,stop-j0-k344,stop,3.44,0,joint_0,3,0.030000000000000027,0.06651531633137753,0.1,0.1,0.05
paper-evidence-v1-locked-test::jerk_qp_pva_ruckig,synthetic-feasible-v1,synthetic,rapid_reversal__test__020,test,150820,clean,jerk_qp_pva_ruckig,380,1,command_p,stop-j0-k365,stop,3.65,0,joint_0,0,0.0,0.051950229205869426,0.1,0.1,0.05
paper-evidence-v1-locked-test::jerk_qp_pva_ruckig,synthetic-feasible-v1,synthetic,stop_and_go__test__001,test,140801,clean,jerk_qp_pva_ruckig,422,1,command_p,stop-j0-k111,stop,1.11,0,joint_0,-2,-0.020000000000000018,0.0003928892410829064,0.1,0.1,0.05
paper-evidence-v1-locked-test::jerk_qp_pva_ruckig,synthetic-feasible-v1,synthetic,stop_and_go__test__001,test,140801,clean,jerk_qp_pva_ruckig,422,1,command_p,reversal-j0-k188,reversal,1.4900000000000002,0,joint_0,-5,-0.050000000000000044,0.0008169800222346138,0.1,0.1,0.05
paper-evidence-v1-locked-test::jerk_qp_pva_ruckig,synthetic-feasible-v1,synthetic,stop_and_go__test__001,test,140801,clean,jerk_qp_pva_ruckig,422,1,command_p,stop-j0-k289,stop,2.89,0,joint_0,-3,-0.029999999999999805,0.00043322830015511254,0.1,0.1,0.05
paper-evidence-v1-locked-test::jerk_qp_pva_ruckig,synthetic-feasible-v1,synthetic,stop_and_go__test__001,test,140801,clean,jerk_qp_pva_ruckig,422,1,command_p,reversal-j0-k351,reversal,3.1950000000000003,0,joint_0,5,0.050000000000000266,0.0002760854672940354,0.1,0.1,0.05
paper-evidence-v1-locked-test::jerk_qp_pva_ruckig,synthetic-feasible-v1,synthetic,stop_and_go__test__002,test,140802,clean,jerk_qp_pva_ruckig,279,1,command_p,stop-j0-k73,stop,0.73,0,joint_0,0,0.0,0.00025960503859835394,0.1,0.1,0.05
paper-evidence-v1-locked-test::jerk_qp_pva_ruckig,synthetic-feasible-v1,synthetic,stop_and_go__test__002,test,140802,clean,jerk_qp_pva_ruckig,279,1,command_p,reversal-j0-k124,reversal,0.98,0,joint_0,-5,-0.050000000000000044,0.00013215901793485796,0.1,0.1,0.05
paper-evidence-v1-locked-test::jerk_qp_pva_ruckig,synthetic-feasible-v1,synthetic,stop_and_go__test__002,test,140802,clean,jerk_qp_pva_ruckig,279,1,command_p,stop-j0-k191,stop,1.9100000000000001,0,joint_0,1,0.010000000000000009,0.00010322558730444451,0.1,0.1,0.05
paper-evidence-v1-locked-test::jerk_qp_pva_ruckig,synthetic-feasible-v1,synthetic,stop_and_go__test__002,test,140802,clean,jerk_qp_pva_ruckig,279,1,command_p,reversal-j0-k232,reversal,2.11,0,joint_0,-5,-0.04999999999999982,6.58151311127074e-05,0.1,0.1,0.05
paper-evidence-v1-locked-test::jerk_qp_pva_ruckig,synthetic-feasible-v1,synthetic,stop_and_go__test__003,test,140803,clean,jerk_qp_pva_ruckig,337,1,command_p,stop-j0-k88,stop,0.88,0,joint_0,0,0.0,0.0003323699199532299,0.1,0.1,0.05
paper-evidence-v1-locked-test::jerk_qp_pva_ruckig,synthetic-feasible-v1,synthetic,stop_and_go__test__003,test,140803,clean,jerk_qp_pva_ruckig,337,1,command_p,reversal-j0-k150,reversal,1.185,0,joint_0,-5,-0.050000000000000044,0.00041804171445560743,0.1,0.1,0.05
paper-evidence-v1-locked-test::jerk_qp_pva_ruckig,synthetic-feasible-v1,synthetic,stop_and_go__test__003,test,140803,clean,jerk_qp_pva_ruckig,337,1,command_p,stop-j0-k231,stop,2.31,0,joint_0,1,0.009999999999999787,0.00023484921541100942,0.1,0.1,0.05
paper-evidence-v1-locked-test::jerk_qp_pva_ruckig,synthetic-feasible-v1,synthetic,stop_and_go__test__003,test,140803,clean,jerk_qp_pva_ruckig,337,1,command_p,reversal-j0-k280,reversal,2.5500000000000003,0,joint_0,-5,-0.04999999999999982,2.6610214783477866e-05,0.1,0.1,0.05
paper-evidence-v1-locked-test::jerk_qp_pva_ruckig,synthetic-feasible-v1,synthetic,stop_and_go__test__004,test,140804,clean,jerk_qp_pva_ruckig,269,1,command_p,stop-j0-k71,stop,0.71,0,joint_0,0,0.0,0.0004391384543119483,0.1,0.1,0.05
paper-evidence-v1-locked-test::jerk_qp_pva_ruckig,synthetic-feasible-v1,synthetic,stop_and_go__test__004,test,140804,clean,jerk_qp_pva_ruckig,269,1,command_p,reversal-j0-k120,reversal,0.95,0,joint_0,-5,-0.050000000000000044,0.00020051792230963233,0.1,0.1,0.05
paper-evidence-v1-locked-test::jerk_qp_pva_ruckig,synthetic-feasible-v1,synthetic,stop_and_go__test__004,test,140804,clean,jerk_qp_pva_ruckig,269,1,command_p,stop-j0-k184,stop,1.84,0,joint_0,1,0.010000000000000009,0.00044742197210127804,0.1,0.1,0.05
paper-evidence-v1-locked-test::jerk_qp_pva_ruckig,synthetic-feasible-v1,synthetic,stop_and_go__test__004,test,140804,clean,jerk_qp_pva_ruckig,269,1,command_p,reversal-j0-k224,reversal,2.035,0,joint_0,-5,-0.04999999999999982,0.0005249323248128837,0.1,0.1,0.05
paper-evidence-v1-locked-test::jerk_qp_pva_ruckig,synthetic-feasible-v1,synthetic,stop_and_go__test__005,test,140805,clean,jerk_qp_pva_ruckig,357,1,command_p,stop-j0-k94,stop,0.9400000000000001,0,joint_0,-1,-0.010000000000000009,0.0004964647049958416,0.1,0.1,0.05
paper-evidence-v1-locked-test::jerk_qp_pva_ruckig,synthetic-feasible-v1,synthetic,stop_and_go__test__005,test,140805,clean,jerk_qp_pva_ruckig,357,1,command_p,reversal-j0-k159,reversal,1.26,0,joint_0,5,0.050000000000000044,0.0002569310652699069,0.1,0.1,0.05
paper-evidence-v1-locked-test::jerk_qp_pva_ruckig,synthetic-feasible-v1,synthetic,stop_and_go__test__005,test,140805,clean,jerk_qp_pva_ruckig,357,1,command_p,stop-j0-k244,stop,2.44,0,joint_0,0,0.0,0.00013948401208232523,0.1,0.1,0.05
paper-evidence-v1-locked-test::jerk_qp_pva_ruckig,synthetic-feasible-v1,synthetic,stop_and_go__test__005,test,140805,clean,jerk_qp_pva_ruckig,357,1,command_p,reversal-j0-k296,reversal,2.6950000000000003,0,joint_0,0,0.0,0.0004982034635513362,0.1,0.1,0.05
paper-evidence-v1-locked-test::jerk_qp_pva_ruckig,synthetic-feasible-v1,synthetic,stop_and_go__test__006,test,140806,clean,jerk_qp_pva_ruckig,419,1,command_p,stop-j0-k110,stop,1.1,0,joint_0,1,0.010000000000000009,0.0001805264526282328,0.1,0.1,0.05
paper-evidence-v1-locked-test::jerk_qp_pva_ruckig,synthetic-feasible-v1,synthetic,stop_and_go__test__006,test,140806,clean,jerk_qp_pva_ruckig,419,1,command_p,reversal-j0-k187,reversal,1.48,0,joint_0,5,0.050000000000000044,0.00032026106692545467,0.1,0.1,0.05
paper-evidence-v1-locked-test::jerk_qp_pva_ruckig,synthetic-feasible-v1,synthetic,stop_and_go__test__006,test,140806,clean,jerk_qp_pva_ruckig,419,1,command_p,stop-j0-k287,stop,2.87,0,joint_0,-1,-0.009999999999999787,0.0007702258939108357,0.1,0.1,0.05
paper-evidence-v1-locked-test::jerk_qp_pva_ruckig,synthetic-feasible-v1,synthetic,stop_and_go__test__006,test,140806,clean,jerk_qp_pva_ruckig,419,1,command_p,reversal-j0-k348,reversal,3.17,0,joint_0,5,0.04999999999999982,0.0001129595351191212,0.1,0.1,0.05
paper-evidence-v1-locked-test::jerk_qp_pva_ruckig,synthetic-feasible-v1,synthetic,stop_and_go__test__007,test,140807,clean,jerk_qp_pva_ruckig,424,1,command_p,stop-j0-k111,stop,1.11,0,joint_0,1,0.010000000000000009,0.0002829832288217905,0.1,0.1,0.05
paper-evidence-v1-locked-test::jerk_qp_pva_ruckig,synthetic-feasible-v1,synthetic,stop_and_go__test__007,test,140807,clean,jerk_qp_pva_ruckig,424,1,command_p,reversal-j0-k189,reversal,1.495,0,joint_0,0,0.0,0.000662458269888744,0.1,0.1,0.05
paper-evidence-v1-locked-test::jerk_qp_pva_ruckig,synthetic-feasible-v1,synthetic,stop_and_go__test__007,test,140807,clean,jerk_qp_pva_ruckig,424,1,command_p,stop-j0-k291,stop,2.91,0,joint_0,0,0.0,0.0004332879936963883,0.1,0.1,0.05
paper-evidence-v1-locked-test::jerk_qp_pva_ruckig,synthetic-feasible-v1,synthetic,stop_and_go__test__007,test,140807,clean,jerk_qp_pva_ruckig,424,1,command_p,reversal-j0-k353,reversal,3.215,0,joint_0,-5,-0.050000000000000266,0.00024133287065493451,0.1,0.1,0.05
paper-evidence-v1-locked-test::jerk_qp_pva_ruckig,synthetic-feasible-v1,synthetic,stop_and_go__test__008,test,140808,clean,jerk_qp_pva_ruckig,305,1,command_p,stop-j0-k80,stop,0.8,0,joint_0,0,0.0,0.0004149212456383228,0.1,0.1,0.05
paper-evidence-v1-locked-test::jerk_qp_pva_ruckig,synthetic-feasible-v1,synthetic,stop_and_go__test__008,test,140808,clean,jerk_qp_pva_ruckig,305,1,command_p,reversal-j0-k136,reversal,1.0750000000000002,0,joint_0,-5,-0.050000000000000044,0.0003872502707030665,0.1,0.1,0.05
paper-evidence-v1-locked-test::jerk_qp_pva_ruckig,synthetic-feasible-v1,synthetic,stop_and_go__test__008,test,140808,clean,jerk_qp_pva_ruckig,305,1,command_p,stop-j0-k209,stop,2.09,0,joint_0,1,0.009999999999999898,0.00036067204266899825,0.1,0.1,0.05
paper-evidence-v1-locked-test::jerk_qp_pva_ruckig,synthetic-feasible-v1,synthetic,stop_and_go__test__008,test,140808,clean,jerk_qp_pva_ruckig,305,1,command_p,reversal-j0-k253,reversal,2.305,0,joint_0,-5,-0.04999999999999982,0.0005438724413064983,0.1,0.1,0.05
paper-evidence-v1-locked-test::jerk_qp_pva_ruckig,synthetic-feasible-v1,synthetic,stop_and_go__test__009,test,140809,clean,jerk_qp_pva_ruckig,443,1,command_p,stop-j0-k116,stop,1.16,0,joint_0,-1,-0.010000000000000009,0.00025271589413165477,0.1,0.1,0.05
paper-evidence-v1-locked-test::jerk_qp_pva_ruckig,synthetic-feasible-v1,synthetic,stop_and_go__test__009,test,140809,clean,jerk_qp_pva_ruckig,443,1,command_p,reversal-j0-k198,reversal,1.565,0,joint_0,-5,-0.050000000000000044,0.0003301140216324512,0.1,0.1,0.05
paper-evidence-v1-locked-test::jerk_qp_pva_ruckig,synthetic-feasible-v1,synthetic,stop_and_go__test__009,test,140809,clean,jerk_qp_pva_ruckig,443,1,command_p,stop-j0-k304,stop,3.04,0,joint_0,0,0.0,0.00027047042115703755,0.1,0.1,0.05
paper-evidence-v1-locked-test::jerk_qp_pva_ruckig,synthetic-feasible-v1,synthetic,stop_and_go__test__009,test,140809,clean,jerk_qp_pva_ruckig,443,1,command_p,reversal-j0-k369,reversal,3.3600000000000003,0,joint_0,5,0.04999999999999982,0.00028329830390793107,0.1,0.1,0.05
paper-evidence-v1-locked-test::jerk_qp_pva_ruckig,synthetic-feasible-v1,synthetic,stop_and_go__test__010,test,140810,clean,jerk_qp_pva_ruckig,408,1,command_p,stop-j0-k107,stop,1.07,0,joint_0,1,0.010000000000000009,0.0001642621943182089,0.1,0.1,0.05
paper-evidence-v1-locked-test::jerk_qp_pva_ruckig,synthetic-feasible-v1,synthetic,stop_and_go__test__010,test,140810,clean,jerk_qp_pva_ruckig,408,1,command_p,reversal-j0-k182,reversal,1.44,0,joint_0,5,0.050000000000000044,0.00034761022309704636,0.1,0.1,0.05
paper-evidence-v1-locked-test::jerk_qp_pva_ruckig,synthetic-feasible-v1,synthetic,stop_and_go__test__010,test,140810,clean,jerk_qp_pva_ruckig,408,1,command_p,stop-j0-k279,stop,2.79,0,joint_0,0,0.0,0.00024907039155431745,0.1,0.1,0.05
paper-evidence-v1-locked-test::jerk_qp_pva_ruckig,synthetic-feasible-v1,synthetic,stop_and_go__test__010,test,140810,clean,jerk_qp_pva_ruckig,408,1,command_p,reversal-j0-k339,reversal,3.085,0,joint_0,-5,-0.04999999999999982,0.0012076879485471567,0.1,0.1,0.05
paper-evidence-v1-locked-test::jerk_qp_pva_ruckig,synthetic-feasible-v1,synthetic,stop_and_go__test__011,test,140811,clean,jerk_qp_pva_ruckig,281,1,command_p,stop-j0-k74,stop,0.74,0,joint_0,0,0.0,0.00035002384232101327,0.1,0.1,0.05
paper-evidence-v1-locked-test::jerk_qp_pva_ruckig,synthetic-feasible-v1,synthetic,stop_and_go__test__011,test,140811,clean,jerk_qp_pva_ruckig,281,1,command_p,reversal-j0-k125,reversal,0.99,0,joint_0,-5,-0.050000000000000044,0.0001550284711107457,0.1,0.1,0.05
paper-evidence-v1-locked-test::jerk_qp_pva_ruckig,synthetic-feasible-v1,synthetic,stop_and_go__test__011,test,140811,clean,jerk_qp_pva_ruckig,281,1,command_p,stop-j0-k192,stop,1.92,0,joint_0,1,0.010000000000000009,0.0002639785417172158,0.1,0.1,0.05
paper-evidence-v1-locked-test::jerk_qp_pva_ruckig,synthetic-feasible-v1,synthetic,stop_and_go__test__011,test,140811,clean,jerk_qp_pva_ruckig,281,1,command_p,reversal-j0-k234,reversal,2.125,0,joint_0,5,0.04999999999999982,0.0002167525898389162,0.1,0.1,0.05
paper-evidence-v1-locked-test::jerk_qp_pva_ruckig,synthetic-feasible-v1,synthetic,stop_and_go__test__012,test,140812,clean,jerk_qp_pva_ruckig,270,1,command_p,stop-j0-k71,stop,0.71,0,joint_0,0,0.0,0.00047402594457883143,0.1,0.1,0.05
paper-evidence-v1-locked-test::jerk_qp_pva_ruckig,synthetic-feasible-v1,synthetic,stop_and_go__test__012,test,140812,clean,jerk_qp_pva_ruckig,270,1,command_p,reversal-j0-k121,reversal,0.9550000000000001,0,joint_0,-5,-0.050000000000000044,0.00020567318241198273,0.1,0.1,0.05
paper-evidence-v1-locked-test::jerk_qp_pva_ruckig,synthetic-feasible-v1,synthetic,stop_and_go__test__012,test,140812,clean,jerk_qp_pva_ruckig,270,1,command_p,stop-j0-k185,stop,1.85,0,joint_0,1,0.010000000000000009,0.00043857077703716063,0.1,0.1,0.05
paper-evidence-v1-locked-test::jerk_qp_pva_ruckig,synthetic-feasible-v1,synthetic,stop_and_go__test__012,test,140812,clean,jerk_qp_pva_ruckig,270,1,command_p,reversal-j0-k225,reversal,2.045,0,joint_0,-5,-0.04999999999999982,0.0005234904024569624,0.1,0.1,0.05
paper-evidence-v1-locked-test::jerk_qp_pva_ruckig,synthetic-feasible-v1,synthetic,stop_and_go__test__013,test,140813,clean,jerk_qp_pva_ruckig,318,1,command_p,stop-j0-k84,stop,0.84,0,joint_0,1,0.010000000000000009,3.057326923568442e-05,0.1,0.1,0.05
paper-evidence-v1-locked-test::jerk_qp_pva_ruckig,synthetic-feasible-v1,synthetic,stop_and_go__test__013,test,140813,clean,jerk_qp_pva_ruckig,318,1,command_p,reversal-j0-k142,reversal,1.125,0,joint_0,-5,-0.050000000000000044,0.00017280751921490138,0.1,0.1,0.05
paper-evidence-v1-locked-test::jerk_qp_pva_ruckig,synthetic-feasible-v1,synthetic,stop_and_go__test__013,test,140813,clean,jerk_qp_pva_ruckig,318,1,command_p,stop-j0-k218,stop,2.18,0,joint_0,-1,-0.009999999999999787,0.00025934129481115835,0.1,0.1,0.05
paper-evidence-v1-locked-test::jerk_qp_pva_ruckig,synthetic-feasible-v1,synthetic,stop_and_go__test__013,test,140813,clean,jerk_qp_pva_ruckig,318,1,command_p,reversal-j0-k264,reversal,2.4050000000000002,0,joint_0,-5,-0.04999999999999982,0.0010769619603758958,0.1,0.1,0.05
paper-evidence-v1-locked-test::jerk_qp_pva_ruckig,synthetic-feasible-v1,synthetic,stop_and_go__test__014,test,140814,clean,jerk_qp_pva_ruckig,428,1,command_p,stop-j0-k112,stop,1.12,0,joint_0,0,0.0,0.0001902072169694897,0.1,0.1,0.05
paper-evidence-v1-locked-test::jerk_qp_pva_ruckig,synthetic-feasible-v1,synthetic,stop_and_go__test__014,test,140814,clean,jerk_qp_pva_ruckig,428,1,command_p,reversal-j0-k191,reversal,1.5100000000000002,0,joint_0,5,0.050000000000000044,0.00014443337754520454,0.1,0.1,0.05
paper-evidence-v1-locked-test::jerk_qp_pva_ruckig,synthetic-feasible-v1,synthetic,stop_and_go__test__014,test,140814,clean,jerk_qp_pva_ruckig,428,1,command_p,stop-j0-k293,stop,2.93,0,joint_0,-1,-0.009999999999999787,0.0007999304596623195,0.1,0.1,0.05
paper-evidence-v1-locked-test::jerk_qp_pva_ruckig,synthetic-feasible-v1,synthetic,stop_and_go__test__014,test,140814,clean,jerk_qp_pva_ruckig,428,1,command_p,reversal-j0-k355,reversal,3.2350000000000003,0,joint_0,-5,-0.050000000000000266,0.00030699245073534,0.1,0.1,0.05
paper-evidence-v1-locked-test::jerk_qp_pva_ruckig,synthetic-feasible-v1,synthetic,stop_and_go__test__015,test,140815,clean,jerk_qp_pva_ruckig,319,1,command_p,stop-j0-k84,stop,0.84,0,joint_0,0,0.0,0.0003237280977234492,0.1,0.1,0.05
paper-evidence-v1-locked-test::jerk_qp_pva_ruckig,synthetic-feasible-v1,synthetic,stop_and_go__test__015,test,140815,clean,jerk_qp_pva_ruckig,319,1,command_p,reversal-j0-k142,reversal,1.125,0,joint_0,-5,-0.050000000000000044,0.00037885888982145684,0.1,0.1,0.05
paper-evidence-v1-locked-test::jerk_qp_pva_ruckig,synthetic-feasible-v1,synthetic,stop_and_go__test__015,test,140815,clean,jerk_qp_pva_ruckig,319,1,command_p,stop-j0-k219,stop,2.19,0,joint_0,1,0.010000000000000009,0.00017886066905424723,0.1,0.1,0.05
paper-evidence-v1-locked-test::jerk_qp_pva_ruckig,synthetic-feasible-v1,synthetic,stop_and_go__test__015,test,140815,clean,jerk_qp_pva_ruckig,319,1,command_p,reversal-j0-k265,reversal,2.415,0,joint_0,5,0.04999999999999982,6.264998919109112e-05,0.1,0.1,0.05
paper-evidence-v1-locked-test::jerk_qp_pva_ruckig,synthetic-feasible-v1,synthetic,stop_and_go__test__016,test,140816,clean,jerk_qp_pva_ruckig,297,1,command_p,stop-j0-k78,stop,0.78,0,joint_0,0,0.0,0.0004056443006046875,0.1,0.1,0.05
paper-evidence-v1-locked-test::jerk_qp_pva_ruckig,synthetic-feasible-v1,synthetic,stop_and_go__test__016,test,140816,clean,jerk_qp_pva_ruckig,297,1,command_p,reversal-j0-k132,reversal,1.045,0,joint_0,-5,-0.050000000000000044,0.0003373658027376707,0.1,0.1,0.05
paper-evidence-v1-locked-test::jerk_qp_pva_ruckig,synthetic-feasible-v1,synthetic,stop_and_go__test__016,test,140816,clean,jerk_qp_pva_ruckig,297,1,command_p,stop-j0-k203,stop,2.0300000000000002,0,joint_0,1,0.010000000000000009,0.0003697448078361821,0.1,0.1,0.05
paper-evidence-v1-locked-test::jerk_qp_pva_ruckig,synthetic-feasible-v1,synthetic,stop_and_go__test__016,test,140816,clean,jerk_qp_pva_ruckig,297,1,command_p,reversal-j0-k246,reversal,2.24,0,joint_0,-5,-0.04999999999999982,0.0005945826284812231,0.1,0.1,0.05
paper-evidence-v1-locked-test::jerk_qp_pva_ruckig,synthetic-feasible-v1,synthetic,stop_and_go__test__017,test,140817,clean,jerk_qp_pva_ruckig,326,1,command_p,stop-j0-k86,stop,0.86,0,joint_0,1,0.010000000000000009,6.144500833729928e-05,0.1,0.1,0.05
paper-evidence-v1-locked-test::jerk_qp_pva_ruckig,synthetic-feasible-v1,synthetic,stop_and_go__test__017,test,140817,clean,jerk_qp_pva_ruckig,326,1,command_p,reversal-j0-k146,reversal,1.155,0,joint_0,0,0.0,0.00022817364374150886,0.1,0.1,0.05
paper-evidence-v1-locked-test::jerk_qp_pva_ruckig,synthetic-feasible-v1,synthetic,stop_and_go__test__017,test,140817,clean,jerk_qp_pva_ruckig,326,1,command_p,stop-j0-k224,stop,2.24,0,joint_0,2,0.020000000000000018,0.0006321793045187886,0.1,0.1,0.05
paper-evidence-v1-locked-test::jerk_qp_pva_ruckig,synthetic-feasible-v1,synthetic,stop_and_go__test__017,test,140817,clean,jerk_qp_pva_ruckig,326,1,command_p,reversal-j0-k271,reversal,2.4699999999999998,0,joint_0,0,0.0,0.0011156185173227093,0.1,0.1,0.05
paper-evidence-v1-locked-test::jerk_qp_pva_ruckig,synthetic-feasible-v1,synthetic,stop_and_go__test__018,test,140818,clean,jerk_qp_pva_ruckig,428,1,command_p,stop-j0-k112,stop,1.12,0,joint_0,0,0.0,0.00019830547466420296,0.1,0.1,0.05
paper-evidence-v1-locked-test::jerk_qp_pva_ruckig,synthetic-feasible-v1,synthetic,stop_and_go__test__018,test,140818,clean,jerk_qp_pva_ruckig,428,1,command_p,reversal-j0-k191,reversal,1.5100000000000002,0,joint_0,5,0.050000000000000044,0.000147619674956363,0.1,0.1,0.05
paper-evidence-v1-locked-test::jerk_qp_pva_ruckig,synthetic-feasible-v1,synthetic,stop_and_go__test__018,test,140818,clean,jerk_qp_pva_ruckig,428,1,command_p,stop-j0-k293,stop,2.93,0,joint_0,-1,-0.009999999999999787,0.0008083032649737201,0.1,0.1,0.05
paper-evidence-v1-locked-test::jerk_qp_pva_ruckig,synthetic-feasible-v1,synthetic,stop_and_go__test__018,test,140818,clean,jerk_qp_pva_ruckig,428,1,command_p,reversal-j0-k356,reversal,3.24,0,joint_0,-5,-0.04999999999999982,0.00029850751105119647,0.1,0.1,0.05
paper-evidence-v1-locked-test::jerk_qp_pva_ruckig,synthetic-feasible-v1,synthetic,stop_and_go__test__019,test,140819,clean,jerk_qp_pva_ruckig,289,1,command_p,stop-j0-k76,stop,0.76,0,joint_0,0,0.0,0.00033591331385300356,0.1,0.1,0.05
paper-evidence-v1-locked-test::jerk_qp_pva_ruckig,synthetic-feasible-v1,synthetic,stop_and_go__test__019,test,140819,clean,jerk_qp_pva_ruckig,289,1,command_p,reversal-j0-k129,reversal,1.02,0,joint_0,-5,-0.050000000000000044,0.00024103891655021849,0.1,0.1,0.05
paper-evidence-v1-locked-test::jerk_qp_pva_ruckig,synthetic-feasible-v1,synthetic,stop_and_go__test__019,test,140819,clean,jerk_qp_pva_ruckig,289,1,command_p,stop-j0-k198,stop,1.98,0,joint_0,1,0.010000000000000009,0.0002744655879774299,0.1,0.1,0.05
paper-evidence-v1-locked-test::jerk_qp_pva_ruckig,synthetic-feasible-v1,synthetic,stop_and_go__test__019,test,140819,clean,jerk_qp_pva_ruckig,289,1,command_p,reversal-j0-k240,reversal,2.185,0,joint_0,0,0.0,0.00035023826308434863,0.1,0.1,0.05
paper-evidence-v1-locked-test::jerk_qp_pva_ruckig,synthetic-feasible-v1,synthetic,stop_and_go__test__020,test,140820,clean,jerk_qp_pva_ruckig,257,1,command_p,stop-j0-k68,stop,0.68,0,joint_0,0,0.0,0.0004344364187848249,0.1,0.1,0.05
paper-evidence-v1-locked-test::jerk_qp_pva_ruckig,synthetic-feasible-v1,synthetic,stop_and_go__test__020,test,140820,clean,jerk_qp_pva_ruckig,257,1,command_p,reversal-j0-k115,reversal,0.9100000000000001,0,joint_0,-5,-0.04999999999999993,0.00015901869630750582,0.1,0.1,0.05
paper-evidence-v1-locked-test::jerk_qp_pva_ruckig,synthetic-feasible-v1,synthetic,stop_and_go__test__020,test,140820,clean,jerk_qp_pva_ruckig,257,1,command_p,stop-j0-k176,stop,1.76,0,joint_0,1,0.010000000000000009,0.0005270914658823176,0.1,0.1,0.05
paper-evidence-v1-locked-test::jerk_qp_pva_ruckig,synthetic-feasible-v1,synthetic,stop_and_go__test__020,test,140820,clean,jerk_qp_pva_ruckig,257,1,command_p,reversal-j0-k214,reversal,1.945,0,joint_0,-5,-0.050000000000000044,0.0004399641351821722,0.1,0.1,0.05
paper-evidence-v1-locked-test::one_step_governed_pva_direct,synthetic-feasible-v1,synthetic,rapid_reversal__test__001,test,150801,clean,one_step_governed_pva_direct,334,1,command_p,reversal-j0-k16,reversal,0.155,0,joint_0,-5,-0.05,0.01064941405375354,0.1,0.1,0.05
paper-evidence-v1-locked-test::one_step_governed_pva_direct,synthetic-feasible-v1,synthetic,rapid_reversal__test__001,test,150801,clean,one_step_governed_pva_direct,334,1,command_p,stop-j0-k38,stop,0.38,0,joint_0,-5,-0.04999999999999999,0.023324597640161444,0.1,0.1,0.05
paper-evidence-v1-locked-test::one_step_governed_pva_direct,synthetic-feasible-v1,synthetic,rapid_reversal__test__001,test,150801,clean,one_step_governed_pva_direct,334,1,command_p,stop-j0-k61,stop,0.61,0,joint_0,5,0.050000000000000044,0.01887972005623039,0.1,0.1,0.05
paper-evidence-v1-locked-test::one_step_governed_pva_direct,synthetic-feasible-v1,synthetic,rapid_reversal__test__001,test,150801,clean,one_step_governed_pva_direct,334,1,command_p,stop-j0-k84,stop,0.84,0,joint_0,-2,-0.020000000000000018,0.0054616886162577516,0.1,0.1,0.05
paper-evidence-v1-locked-test::one_step_governed_pva_direct,synthetic-feasible-v1,synthetic,rapid_reversal__test__001,test,150801,clean,one_step_governed_pva_direct,334,1,command_p,stop-j0-k106,stop,1.06,0,joint_0,-5,-0.050000000000000044,0.014165822815041357,0.1,0.1,0.05
paper-evidence-v1-locked-test::one_step_governed_pva_direct,synthetic-feasible-v1,synthetic,rapid_reversal__test__001,test,150801,clean,one_step_governed_pva_direct,334,1,command_p,stop-j0-k129,stop,1.29,0,joint_0,5,0.050000000000000044,0.02354384812460556,0.1,0.1,0.05
paper-evidence-v1-locked-test::one_step_governed_pva_direct,synthetic-feasible-v1,synthetic,rapid_reversal__test__001,test,150801,clean,one_step_governed_pva_direct,334,1,command_p,stop-j0-k152,stop,1.52,0,joint_0,5,0.050000000000000044,0.016186168071269737,0.1,0.1,0.05
paper-evidence-v1-locked-test::one_step_governed_pva_direct,synthetic-feasible-v1,synthetic,rapid_reversal__test__001,test,150801,clean,one_step_governed_pva_direct,334,1,command_p,stop-j0-k175,stop,1.75,0,joint_0,4,0.040000000000000036,0.004235747326790615,0.1,0.1,0.05
paper-evidence-v1-locked-test::one_step_governed_pva_direct,synthetic-feasible-v1,synthetic,rapid_reversal__test__001,test,150801,clean,one_step_governed_pva_direct,334,1,command_p,stop-j0-k197,stop,1.97,0,joint_0,-5,-0.04999999999999982,0.01637993950227186,0.1,0.1,0.05
paper-evidence-v1-locked-test::one_step_governed_pva_direct,synthetic-feasible-v1,synthetic,rapid_reversal__test__001,test,150801,clean,one_step_governed_pva_direct,334,1,command_p,stop-j0-k220,stop,2.2,0,joint_0,5,0.04999999999999982,0.022565478336808817,0.1,0.1,0.05
paper-evidence-v1-locked-test::one_step_governed_pva_direct,synthetic-feasible-v1,synthetic,rapid_reversal__test__001,test,150801,clean,one_step_governed_pva_direct,334,1,command_p,stop-j0-k243,stop,2.43,0,joint_0,5,0.04999999999999982,0.010926413750190227,0.1,0.1,0.05
paper-evidence-v1-locked-test::one_step_governed_pva_direct,synthetic-feasible-v1,synthetic,rapid_reversal__test__001,test,150801,clean,one_step_governed_pva_direct,334,1,command_p,stop-j0-k265,stop,2.65,0,joint_0,-5,-0.04999999999999982,0.003131890288053078,0.1,0.1,0.05
paper-evidence-v1-locked-test::one_step_governed_pva_direct,synthetic-feasible-v1,synthetic,rapid_reversal__test__001,test,150801,clean,one_step_governed_pva_direct,334,1,command_p,stop-j0-k288,stop,2.88,0,joint_0,-5,-0.04999999999999982,0.018241816566883645,0.1,0.1,0.05
paper-evidence-v1-locked-test::one_step_governed_pva_direct,synthetic-feasible-v1,synthetic,rapid_reversal__test__001,test,150801,clean,one_step_governed_pva_direct,334,1,command_p,stop-j0-k311,stop,3.11,0,joint_0,5,0.04999999999999982,0.019848246382133977,0.1,0.1,0.05
paper-evidence-v1-locked-test::one_step_governed_pva_direct,synthetic-feasible-v1,synthetic,rapid_reversal__test__002,test,150802,clean,one_step_governed_pva_direct,440,1,command_p,stop-j0-k24,stop,0.24,0,joint_0,1,0.010000000000000009,0.0034698876838285203,0.1,0.1,0.05
paper-evidence-v1-locked-test::one_step_governed_pva_direct,synthetic-feasible-v1,synthetic,rapid_reversal__test__002,test,150802,clean,one_step_governed_pva_direct,440,1,command_p,stop-j0-k48,stop,0.48,0,joint_0,0,0.0,0.005412330441387246,0.1,0.1,0.05
paper-evidence-v1-locked-test::one_step_governed_pva_direct,synthetic-feasible-v1,synthetic,rapid_reversal__test__002,test,150802,clean,one_step_governed_pva_direct,440,1,command_p,stop-j0-k73,stop,0.73,0,joint_0,2,0.020000000000000018,0.0020369953773221095,0.1,0.1,0.05
paper-evidence-v1-locked-test::one_step_governed_pva_direct,synthetic-feasible-v1,synthetic,rapid_reversal__test__002,test,150802,clean,one_step_governed_pva_direct,440,1,command_p,stop-j0-k98,stop,0.98,0,joint_0,0,0.0,0.0015414135010404517,0.1,0.1,0.05
paper-evidence-v1-locked-test::one_step_governed_pva_direct,synthetic-feasible-v1,synthetic,rapid_reversal__test__002,test,150802,clean,one_step_governed_pva_direct,440,1,command_p,stop-j0-k122,stop,1.22,0,joint_0,1,0.010000000000000009,0.005199222251438998,0.1,0.1,0.05
paper-evidence-v1-locked-test::one_step_governed_pva_direct,synthetic-feasible-v1,synthetic,rapid_reversal__test__002,test,150802,clean,one_step_governed_pva_direct,440,1,command_p,stop-j0-k147,stop,1.47,0,joint_0,2,0.020000000000000018,0.003569812782952875,0.1,0.1,0.05
paper-evidence-v1-locked-test::one_step_governed_pva_direct,synthetic-feasible-v1,synthetic,rapid_reversal__test__002,test,150802,clean,one_step_governed_pva_direct,440,1,command_p,stop-j0-k172,stop,1.72,0,joint_0,0,0.0,0.0009173829418905519,0.1,0.1,0.05
paper-evidence-v1-locked-test::one_step_governed_pva_direct,synthetic-feasible-v1,synthetic,rapid_reversal__test__002,test,150802,clean,one_step_governed_pva_direct,440,1,command_p,stop-j0-k197,stop,1.97,0,joint_0,1,0.010000000000000009,0.004119331820506634,0.1,0.1,0.05
paper-evidence-v1-locked-test::one_step_governed_pva_direct,synthetic-feasible-v1,synthetic,rapid_reversal__test__002,test,150802,clean,one_step_governed_pva_direct,440,1,command_p,stop-j0-k221,stop,2.21,0,joint_0,2,0.020000000000000018,0.0042553278376423545,0.1,0.1,0.05
paper-evidence-v1-locked-test::one_step_governed_pva_direct,synthetic-feasible-v1,synthetic,rapid_reversal__test__002,test,150802,clean,one_step_governed_pva_direct,440,1,command_p,stop-j0-k246,stop,2.46,0,joint_0,0,0.0,0.002717891745526151,0.1,0.1,0.05
paper-evidence-v1-locked-test::one_step_governed_pva_direct,synthetic-feasible-v1,synthetic,rapid_reversal__test__002,test,150802,clean,one_step_governed_pva_direct,440,1,command_p,stop-j0-k271,stop,2.71,0,joint_0,1,0.010000000000000009,0.0024511097086002305,0.1,0.1,0.05
paper-evidence-v1-locked-test::one_step_governed_pva_direct,synthetic-feasible-v1,synthetic,rapid_reversal__test__002,test,150802,clean,one_step_governed_pva_direct,440,1,command_p,stop-j0-k295,stop,2.95,0,joint_0,1,0.009999999999999787,0.004066669800383762,0.1,0.1,0.05
paper-evidence-v1-locked-test::one_step_governed_pva_direct,synthetic-feasible-v1,synthetic,rapid_reversal__test__002,test,150802,clean,one_step_governed_pva_direct,440,1,command_p,stop-j0-k320,stop,3.2,0,joint_0,1,0.009999999999999787,0.004129560486079837,0.1,0.1,0.05
paper-evidence-v1-locked-test::one_step_governed_pva_direct,synthetic-feasible-v1,synthetic,rapid_reversal__test__002,test,150802,clean,one_step_governed_pva_direct,440,1,command_p,stop-j0-k345,stop,3.45,0,joint_0,2,0.020000000000000018,0.0005336138905863234,0.1,0.1,0.05
paper-evidence-v1-locked-test::one_step_governed_pva_direct,synthetic-feasible-v1,synthetic,rapid_reversal__test__002,test,150802,clean,one_step_governed_pva_direct,440,1,command_p,stop-j0-k370,stop,3.7,0,joint_0,0,0.0,0.003016444069271617,0.1,0.1,0.05
paper-evidence-v1-locked-test::one_step_governed_pva_direct,synthetic-feasible-v1,synthetic,rapid_reversal__test__002,test,150802,clean,one_step_governed_pva_direct,440,1,command_p,stop-j0-k394,stop,3.94,0,joint_0,0,0.0,0.004700724528219791,0.1,0.1,0.05
paper-evidence-v1-locked-test::one_step_governed_pva_direct,synthetic-feasible-v1,synthetic,rapid_reversal__test__002,test,150802,clean,one_step_governed_pva_direct,440,1,command_p,stop-j0-k419,stop,4.19,0,joint_0,2,0.020000000000000462,0.001481905422600583,0.1,0.1,0.05
paper-evidence-v1-locked-test::one_step_governed_pva_direct,synthetic-feasible-v1,synthetic,rapid_reversal__test__003,test,150803,clean,one_step_governed_pva_direct,290,1,command_p,stop-j0-k29,stop,0.29,0,joint_0,-5,-0.04999999999999999,0.04039886875013763,0.1,0.1,0.05
paper-evidence-v1-locked-test::one_step_governed_pva_direct,synthetic-feasible-v1,synthetic,rapid_reversal__test__003,test,150803,clean,one_step_governed_pva_direct,290,1,command_p,stop-j0-k50,stop,0.5,0,joint_0,5,0.04999999999999999,0.04129128608306514,0.1,0.1,0.05
paper-evidence-v1-locked-test::one_step_governed_pva_direct,synthetic-feasible-v1,synthetic,rapid_reversal__test__003,test,150803,clean,one_step_governed_pva_direct,290,1,command_p,reversal-j0-k72,reversal,0.715,0,joint_0,5,0.050000000000000044,0.023599211987874912,0.1,0.1,0.05
paper-evidence-v1-locked-test::one_step_governed_pva_direct,synthetic-feasible-v1,synthetic,rapid_reversal__test__003,test,150803,clean,one_step_governed_pva_direct,290,1,command_p,stop-j0-k93,stop,0.93,0,joint_0,2,0.020000000000000018,0.01494743626420644,0.1,0.1,0.05
paper-evidence-v1-locked-test::one_step_governed_pva_direct,synthetic-feasible-v1,synthetic,rapid_reversal__test__003,test,150803,clean,one_step_governed_pva_direct,290,1,command_p,stop-j0-k114,stop,1.1400000000000001,0,joint_0,-1,-0.010000000000000009,0.03691933713954404,0.1,0.1,0.05
paper-evidence-v1-locked-test::one_step_governed_pva_direct,synthetic-feasible-v1,synthetic,rapid_reversal__test__003,test,150803,clean,one_step_governed_pva_direct,290,1,command_p,stop-j0-k136,stop,1.36,0,joint_0,0,0.0,0.042002016053803264,0.1,0.1,0.05
paper-evidence-v1-locked-test::one_step_governed_pva_direct,synthetic-feasible-v1,synthetic,rapid_reversal__test__003,test,150803,clean,one_step_governed_pva_direct,290,1,command_p,stop-j0-k157,stop,1.57,0,joint_0,5,0.050000000000000044,0.01728826830940603,0.1,0.1,0.05
paper-evidence-v1-locked-test::one_step_governed_pva_direct,synthetic-feasible-v1,synthetic,rapid_reversal__test__003,test,150803,clean,one_step_governed_pva_direct,290,1,command_p,stop-j0-k179,stop,1.79,0,joint_0,-5,-0.050000000000000044,0.007318980991150665,0.1,0.1,0.05
paper-evidence-v1-locked-test::one_step_governed_pva_direct,synthetic-feasible-v1,synthetic,rapid_reversal__test__003,test,150803,clean,one_step_governed_pva_direct,290,1,command_p,stop-j0-k200,stop,2.0,0,joint_0,-5,-0.04999999999999982,0.035330003679139035,0.1,0.1,0.05
paper-evidence-v1-locked-test::one_step_governed_pva_direct,synthetic-feasible-v1,synthetic,rapid_reversal__test__003,test,150803,clean,one_step_governed_pva_direct,290,1,command_p,stop-j0-k222,stop,2.22,0,joint_0,3,0.029999999999999805,0.038984336288743884,0.1,0.1,0.05
paper-evidence-v1-locked-test::one_step_governed_pva_direct,synthetic-feasible-v1,synthetic,rapid_reversal__test__003,test,150803,clean,one_step_governed_pva_direct,290,1,command_p,stop-j0-k243,stop,2.43,0,joint_0,5,0.04999999999999982,0.021525474360321935,0.1,0.1,0.05
paper-evidence-v1-locked-test::one_step_governed_pva_direct,synthetic-feasible-v1,synthetic,rapid_reversal__test__003,test,150803,clean,one_step_governed_pva_direct,290,1,command_p,reversal-j0-k265,reversal,2.645,0,joint_0,2,0.020000000000000018,0.012898405254268453,0.1,0.1,0.05
paper-evidence-v1-locked-test::one_step_governed_pva_direct,synthetic-feasible-v1,synthetic,rapid_reversal__test__004,test,150804,clean,one_step_governed_pva_direct,351,1,command_p,stop-j0-k11,stop,0.11,0,joint_0,-5,-0.05,0.03219360992992599,0.1,0.1,0.05
paper-evidence-v1-locked-test::one_step_governed_pva_direct,synthetic-feasible-v1,synthetic,rapid_reversal__test__004,test,150804,clean,one_step_governed_pva_direct,351,1,command_p,reversal-j0-k13,reversal,0.115,0,joint_0,-5,-0.05,0.032956893985244366,0.1,0.1,0.05
paper-evidence-v1-locked-test::one_step_governed_pva_direct,synthetic-feasible-v1,synthetic,rapid_reversal__test__004,test,150804,clean,one_step_governed_pva_direct,351,1,command_p,stop-j0-k53,stop,0.53,0,joint_0,5,0.04999999999999999,0.09585547572280015,0.1,0.1,0.05
paper-evidence-v1-locked-test::one_step_governed_pva_direct,synthetic-feasible-v1,synthetic,rapid_reversal__test__004,test,150804,clean,one_step_governed_pva_direct,351,1,command_p,stop-j0-k94,stop,0.9400000000000001,0,joint_0,3,0.030000000000000027,0.0208448256469661,0.1,0.1,0.05
paper-evidence-v1-locked-test::one_step_governed_pva_direct,synthetic-feasible-v1,synthetic,rapid_reversal__test__004,test,150804,clean,one_step_governed_pva_direct,351,1,command_p,stop-j0-k135,stop,1.35,0,joint_0,5,0.050000000000000044,0.09274706508266346,0.1,0.1,0.05
paper-evidence-v1-locked-test::one_step_governed_pva_direct,synthetic-feasible-v1,synthetic,rapid_reversal__test__004,test,150804,clean,one_step_governed_pva_direct,351,1,command_p,reversal-j0-k137,reversal,1.355,0,joint_0,5,0.050000000000000044,0.09334165879041997,0.1,0.1,0.05
paper-evidence-v1-locked-test::one_step_governed_pva_direct,synthetic-feasible-v1,synthetic,rapid_reversal__test__004,test,150804,clean,one_step_governed_pva_direct,351,1,command_p,stop-j0-k176,stop,1.76,0,joint_0,-4,-0.040000000000000036,0.01740243344407637,0.1,0.1,0.05
paper-evidence-v1-locked-test::one_step_governed_pva_direct,synthetic-feasible-v1,synthetic,rapid_reversal__test__004,test,150804,clean,one_step_governed_pva_direct,351,1,command_p,reversal-j0-k178,reversal,1.7650000000000001,0,joint_0,-3,-0.030000000000000027,0.01658110246707585,0.1,0.1,0.05
paper-evidence-v1-locked-test::one_step_governed_pva_direct,synthetic-feasible-v1,synthetic,rapid_reversal__test__004,test,150804,clean,one_step_governed_pva_direct,351,1,command_p,stop-j0-k218,stop,2.18,0,joint_0,-5,-0.04999999999999982,0.09175277760843968,0.1,0.1,0.05
paper-evidence-v1-locked-test::one_step_governed_pva_direct,synthetic-feasible-v1,synthetic,rapid_reversal__test__004,test,150804,clean,one_step_governed_pva_direct,351,1,command_p,stop-j0-k259,stop,2.59,0,joint_0,5,0.04999999999999982,0.026731274963852282,0.1,0.1,0.05
paper-evidence-v1-locked-test::one_step_governed_pva_direct,synthetic-feasible-v1,synthetic,rapid_reversal__test__004,test,150804,clean,one_step_governed_pva_direct,351,1,command_p,stop-j0-k300,stop,3.0,0,joint_0,-5,-0.04999999999999982,0.07562417043655525,0.1,0.1,0.05
paper-evidence-v1-locked-test::one_step_governed_pva_direct,synthetic-feasible-v1,synthetic,rapid_reversal__test__004,test,150804,clean,one_step_governed_pva_direct,351,1,command_p,reversal-j0-k302,reversal,3.005,0,joint_0,-5,-0.04999999999999982,0.07566174164894927,0.1,0.1,0.05
paper-evidence-v1-locked-test::one_step_governed_pva_direct,synthetic-feasible-v1,synthetic,rapid_reversal__test__005,test,150805,clean,one_step_governed_pva_direct,387,1,command_p,stop-j0-k14,stop,0.14,0,joint_0,-5,-0.05,0.014647379735684828,0.1,0.1,0.05
paper-evidence-v1-locked-test::one_step_governed_pva_direct,synthetic-feasible-v1,synthetic,rapid_reversal__test__005,test,150805,clean,one_step_governed_pva_direct,387,1,command_p,stop-j0-k43,stop,0.43,0,joint_0,-5,-0.04999999999999999,0.035636024614056655,0.1,0.1,0.05
paper-evidence-v1-locked-test::one_step_governed_pva_direct,synthetic-feasible-v1,synthetic,rapid_reversal__test__005,test,150805,clean,one_step_governed_pva_direct,387,1,command_p,stop-j0-k72,stop,0.72,0,joint_0,5,0.050000000000000044,0.01613463133059123,0.1,0.1,0.05
paper-evidence-v1-locked-test::one_step_governed_pva_direct,synthetic-feasible-v1,synthetic,rapid_reversal__test__005,test,150805,clean,one_step_governed_pva_direct,387,1,command_p,stop-j0-k101,stop,1.01,0,joint_0,-5,-0.050000000000000044,0.014827507863936178,0.1,0.1,0.05
paper-evidence-v1-locked-test::one_step_governed_pva_direct,synthetic-feasible-v1,synthetic,rapid_reversal__test__005,test,150805,clean,one_step_governed_pva_direct,387,1,command_p,stop-j0-k130,stop,1.3,0,joint_0,0,0.0,0.03412891501777014,0.1,0.1,0.05
paper-evidence-v1-locked-test::one_step_governed_pva_direct,synthetic-feasible-v1,synthetic,rapid_reversal__test__005,test,150805,clean,one_step_governed_pva_direct,387,1,command_p,stop-j0-k159,stop,1.59,0,joint_0,5,0.050000000000000044,0.01401618272603727,0.1,0.1,0.05
paper-evidence-v1-locked-test::one_step_governed_pva_direct,synthetic-feasible-v1,synthetic,rapid_reversal__test__005,test,150805,clean,one_step_governed_pva_direct,387,1,command_p,stop-j0-k188,stop,1.8800000000000001,0,joint_0,-5,-0.050000000000000044,0.015255986033663566,0.1,0.1,0.05
paper-evidence-v1-locked-test::one_step_governed_pva_direct,synthetic-feasible-v1,synthetic,rapid_reversal__test__005,test,150805,clean,one_step_governed_pva_direct,387,1,command_p,stop-j0-k217,stop,2.17,0,joint_0,0,0.0,0.03264627403662639,0.1,0.1,0.05
paper-evidence-v1-locked-test::one_step_governed_pva_direct,synthetic-feasible-v1,synthetic,rapid_reversal__test__005,test,150805,clean,one_step_governed_pva_direct,387,1,command_p,stop-j0-k246,stop,2.46,0,joint_0,5,0.050000000000000044,0.012377246477300928,0.1,0.1,0.05
paper-evidence-v1-locked-test::one_step_governed_pva_direct,synthetic-feasible-v1,synthetic,rapid_reversal__test__005,test,150805,clean,one_step_governed_pva_direct,387,1,command_p,stop-j0-k275,stop,2.75,0,joint_0,-5,-0.04999999999999982,0.01561860622899596,0.1,0.1,0.05
paper-evidence-v1-locked-test::one_step_governed_pva_direct,synthetic-feasible-v1,synthetic,rapid_reversal__test__005,test,150805,clean,one_step_governed_pva_direct,387,1,command_p,stop-j0-k304,stop,3.04,0,joint_0,0,0.0,0.03119098196419167,0.1,0.1,0.05
paper-evidence-v1-locked-test::one_step_governed_pva_direct,synthetic-feasible-v1,synthetic,rapid_reversal__test__005,test,150805,clean,one_step_governed_pva_direct,387,1,command_p,reversal-j0-k306,reversal,3.045,0,joint_0,0,0.0,0.031264375065848324,0.1,0.1,0.05
paper-evidence-v1-locked-test::one_step_governed_pva_direct,synthetic-feasible-v1,synthetic,rapid_reversal__test__005,test,150805,clean,one_step_governed_pva_direct,387,1,command_p,stop-j0-k333,stop,3.33,0,joint_0,5,0.04999999999999982,0.010841248795414541,0.1,0.1,0.05
paper-evidence-v1-locked-test::one_step_governed_pva_direct,synthetic-feasible-v1,synthetic,rapid_reversal__test__005,test,150805,clean,one_step_governed_pva_direct,387,1,command_p,reversal-j0-k335,reversal,3.335,0,joint_0,5,0.04999999999999982,0.01049246342681726,0.1,0.1,0.05
paper-evidence-v1-locked-test::one_step_governed_pva_direct,synthetic-feasible-v1,synthetic,rapid_reversal__test__005,test,150805,clean,one_step_governed_pva_direct,387,1,command_p,stop-j0-k362,stop,3.62,0,joint_0,-5,-0.04999999999999982,0.01591831939563022,0.1,0.1,0.05
paper-evidence-v1-locked-test::one_step_governed_pva_direct,synthetic-feasible-v1,synthetic,rapid_reversal__test__005,test,150805,clean,one_step_governed_pva_direct,387,1,command_p,reversal-j0-k364,reversal,3.625,0,joint_0,-5,-0.04999999999999982,0.01613021174654944,0.1,0.1,0.05
paper-evidence-v1-locked-test::one_step_governed_pva_direct,synthetic-feasible-v1,synthetic,rapid_reversal__test__006,test,150806,clean,one_step_governed_pva_direct,435,1,command_p,stop-j0-k33,stop,0.33,0,joint_0,-5,-0.04999999999999999,0.014266328487760884,0.1,0.1,0.05
paper-evidence-v1-locked-test::one_step_governed_pva_direct,synthetic-feasible-v1,synthetic,rapid_reversal__test__006,test,150806,clean,one_step_governed_pva_direct,435,1,command_p,reversal-j0-k35,reversal,0.335,0,joint_0,0,0.0,0.0146394319512238,0.1,0.1,0.05
paper-evidence-v1-locked-test::one_step_governed_pva_direct,synthetic-feasible-v1,synthetic,rapid_reversal__test__006,test,150806,clean,one_step_governed_pva_direct,435,1,command_p,stop-j0-k61,stop,0.61,0,joint_0,5,0.050000000000000044,0.009873971660390932,0.1,0.1,0.05
paper-evidence-v1-locked-test::one_step_governed_pva_direct,synthetic-feasible-v1,synthetic,rapid_reversal__test__006,test,150806,clean,one_step_governed_pva_direct,435,1,command_p,stop-j0-k88,stop,0.88,0,joint_0,-2,-0.020000000000000018,0.0014022278172832975,0.1,0.1,0.05
paper-evidence-v1-locked-test::one_step_governed_pva_direct,synthetic-feasible-v1,synthetic,rapid_reversal__test__006,test,150806,clean,one_step_governed_pva_direct,435,1,command_p,stop-j0-k115,stop,1.1500000000000001,0,joint_0,-5,-0.050000000000000044,0.012885723261409696,0.1,0.1,0.05
paper-evidence-v1-locked-test::one_step_governed_pva_direct,synthetic-feasible-v1,synthetic,rapid_reversal__test__006,test,150806,clean,one_step_governed_pva_direct,435,1,command_p,stop-j0-k143,stop,1.43,0,joint_0,5,0.050000000000000044,0.010965282848236564,0.1,0.1,0.05
paper-evidence-v1-locked-test::one_step_governed_pva_direct,synthetic-feasible-v1,synthetic,rapid_reversal__test__006,test,150806,clean,one_step_governed_pva_direct,435,1,command_p,stop-j0-k170,stop,1.7,0,joint_0,-1,-0.010000000000000009,0.0013180234187281418,0.1,0.1,0.05
paper-evidence-v1-locked-test::one_step_governed_pva_direct,synthetic-feasible-v1,synthetic,rapid_reversal__test__006,test,150806,clean,one_step_governed_pva_direct,435,1,command_p,stop-j0-k198,stop,1.98,0,joint_0,1,0.010000000000000009,0.012029820933863188,0.1,0.1,0.05
paper-evidence-v1-locked-test::one_step_governed_pva_direct,synthetic-feasible-v1,synthetic,rapid_reversal__test__006,test,150806,clean,one_step_governed_pva_direct,435,1,command_p,stop-j0-k225,stop,2.25,0,joint_0,5,0.04999999999999982,0.011520987979979504,0.1,0.1,0.05
paper-evidence-v1-locked-test::one_step_governed_pva_direct,synthetic-feasible-v1,synthetic,rapid_reversal__test__006,test,150806,clean,one_step_governed_pva_direct,435,1,command_p,stop-j0-k252,stop,2.52,0,joint_0,-1,-0.009999999999999787,0.0029334341184051402,0.1,0.1,0.05
paper-evidence-v1-locked-test::one_step_governed_pva_direct,synthetic-feasible-v1,synthetic,rapid_reversal__test__006,test,150806,clean,one_step_governed_pva_direct,435,1,command_p,stop-j0-k280,stop,2.8000000000000003,0,joint_0,2,0.020000000000000018,0.010582925728539307,0.1,0.1,0.05
paper-evidence-v1-locked-test::one_step_governed_pva_direct,synthetic-feasible-v1,synthetic,rapid_reversal__test__006,test,150806,clean,one_step_governed_pva_direct,435,1,command_p,stop-j0-k307,stop,3.0700000000000003,0,joint_0,3,0.029999999999999805,0.012056566439934904,0.1,0.1,0.05
paper-evidence-v1-locked-test::one_step_governed_pva_direct,synthetic-feasible-v1,synthetic,rapid_reversal__test__006,test,150806,clean,one_step_governed_pva_direct,435,1,command_p,stop-j0-k334,stop,3.34,0,joint_0,-1,-0.010000000000000009,0.0045256427751168065,0.1,0.1,0.05
paper-evidence-v1-locked-test::one_step_governed_pva_direct,synthetic-feasible-v1,synthetic,rapid_reversal__test__006,test,150806,clean,one_step_governed_pva_direct,435,1,command_p,reversal-j0-k336,reversal,3.3449999999999998,0,joint_0,-1,-0.009999999999999787,0.00458443676560411,0.1,0.1,0.05
paper-evidence-v1-locked-test::one_step_governed_pva_direct,synthetic-feasible-v1,synthetic,rapid_reversal__test__006,test,150806,clean,one_step_governed_pva_direct,435,1,command_p,stop-j0-k362,stop,3.62,0,joint_0,1,0.009999999999999787,0.008770024076133356,0.1,0.1,0.05
paper-evidence-v1-locked-test::one_step_governed_pva_direct,synthetic-feasible-v1,synthetic,rapid_reversal__test__006,test,150806,clean,one_step_governed_pva_direct,435,1,command_p,stop-j0-k389,stop,3.89,0,joint_0,5,0.04999999999999982,0.011734352575029847,0.1,0.1,0.05
paper-evidence-v1-locked-test::one_step_governed_pva_direct,synthetic-feasible-v1,synthetic,rapid_reversal__test__006,test,150806,clean,one_step_governed_pva_direct,435,1,command_p,stop-j0-k417,stop,4.17,0,joint_0,0,0.0,0.005970843220366493,0.1,0.1,0.05
paper-evidence-v1-locked-test::one_step_governed_pva_direct,synthetic-feasible-v1,synthetic,rapid_reversal__test__007,test,150807,clean,one_step_governed_pva_direct,259,1,command_p,stop-j0-k38,stop,0.38,0,joint_0,-5,-0.04999999999999999,0.08312734323639884,0.1,0.1,0.05
paper-evidence-v1-locked-test::one_step_governed_pva_direct,synthetic-feasible-v1,synthetic,rapid_reversal__test__007,test,150807,clean,one_step_governed_pva_direct,259,1,command_p,reversal-j0-k40,reversal,0.385,0,joint_0,-5,-0.04999999999999999,0.08583278412426897,0.1,0.1,0.05
paper-evidence-v1-locked-test::one_step_governed_pva_direct,synthetic-feasible-v1,synthetic,rapid_reversal__test__007,test,150807,clean,one_step_governed_pva_direct,259,1,command_p,stop-j0-k66,stop,0.66,0,joint_0,5,0.04999999999999999,0.05225152681613735,0.1,0.1,0.05
paper-evidence-v1-locked-test::one_step_governed_pva_direct,synthetic-feasible-v1,synthetic,rapid_reversal__test__007,test,150807,clean,one_step_governed_pva_direct,259,1,command_p,stop-j0-k94,stop,0.9400000000000001,0,joint_0,-5,-0.050000000000000044,0.017821109288541435,0.1,0.1,0.05
paper-evidence-v1-locked-test::one_step_governed_pva_direct,synthetic-feasible-v1,synthetic,rapid_reversal__test__007,test,150807,clean,one_step_governed_pva_direct,259,1,command_p,stop-j0-k122,stop,1.22,0,joint_0,-5,-0.050000000000000044,0.0794317882665094,0.1,0.1,0.05
paper-evidence-v1-locked-test::one_step_governed_pva_direct,synthetic-feasible-v1,synthetic,rapid_reversal__test__007,test,150807,clean,one_step_governed_pva_direct,259,1,command_p,stop-j0-k150,stop,1.5,0,joint_0,5,0.050000000000000044,0.054977016056704346,0.1,0.1,0.05
paper-evidence-v1-locked-test::one_step_governed_pva_direct,synthetic-feasible-v1,synthetic,rapid_reversal__test__007,test,150807,clean,one_step_governed_pva_direct,259,1,command_p,stop-j0-k178,stop,1.78,0,joint_0,-5,-0.050000000000000044,0.011346105295299443,0.1,0.1,0.05
paper-evidence-v1-locked-test::one_step_governed_pva_direct,synthetic-feasible-v1,synthetic,rapid_reversal__test__007,test,150807,clean,one_step_governed_pva_direct,259,1,command_p,stop-j0-k206,stop,2.06,0,joint_0,-5,-0.04999999999999982,0.07437722243602611,0.1,0.1,0.05
paper-evidence-v1-locked-test::one_step_governed_pva_direct,synthetic-feasible-v1,synthetic,rapid_reversal__test__007,test,150807,clean,one_step_governed_pva_direct,259,1,command_p,stop-j0-k234,stop,2.34,0,joint_0,5,0.04999999999999982,0.05713608246365891,0.1,0.1,0.05
paper-evidence-v1-locked-test::one_step_governed_pva_direct,synthetic-feasible-v1,synthetic,rapid_reversal__test__008,test,150808,clean,one_step_governed_pva_direct,442,1,command_p,stop-j0-k42,stop,0.42,0,joint_0,-5,-0.04999999999999999,0.09373692909907039,0.1,0.1,0.05
paper-evidence-v1-locked-test::one_step_governed_pva_direct,synthetic-feasible-v1,synthetic,rapid_reversal__test__008,test,150808,clean,one_step_governed_pva_direct,442,1,command_p,reversal-j0-k44,reversal,0.42500000000000004,0,joint_0,-5,-0.04999999999999999,0.09522909527711722,0.1,0.1,0.05
paper-evidence-v1-locked-test::one_step_governed_pva_direct,synthetic-feasible-v1,synthetic,rapid_reversal__test__008,test,150808,clean,one_step_governed_pva_direct,442,1,command_p,stop-j0-k74,stop,0.74,0,joint_0,5,0.050000000000000044,0.05085503951660197,0.1,0.1,0.05
paper-evidence-v1-locked-test::one_step_governed_pva_direct,synthetic-feasible-v1,synthetic,rapid_reversal__test__008,test,150808,clean,one_step_governed_pva_direct,442,1,command_p,reversal-j0-k76,reversal,0.745,0,joint_0,5,0.050000000000000044,0.04951316590070966,0.1,0.1,0.05
paper-evidence-v1-locked-test::one_step_governed_pva_direct,synthetic-feasible-v1,synthetic,rapid_reversal__test__008,test,150808,clean,one_step_governed_pva_direct,442,1,command_p,stop-j0-k106,stop,1.06,0,joint_0,-5,-0.050000000000000044,0.03816635175318947,0.1,0.1,0.05
paper-evidence-v1-locked-test::one_step_governed_pva_direct,synthetic-feasible-v1,synthetic,rapid_reversal__test__008,test,150808,clean,one_step_governed_pva_direct,442,1,command_p,reversal-j0-k108,reversal,1.065,0,joint_0,-5,-0.050000000000000044,0.038561585418258326,0.1,0.1,0.05
paper-evidence-v1-locked-test::one_step_governed_pva_direct,synthetic-feasible-v1,synthetic,rapid_reversal__test__008,test,150808,clean,one_step_governed_pva_direct,442,1,command_p,stop-j0-k139,stop,1.3900000000000001,0,joint_0,0,0.0,0.09328403717561819,0.1,0.1,0.05
paper-evidence-v1-locked-test::one_step_governed_pva_direct,synthetic-feasible-v1,synthetic,rapid_reversal__test__008,test,150808,clean,one_step_governed_pva_direct,442,1,command_p,stop-j0-k171,stop,1.71,0,joint_0,5,0.050000000000000044,0.03463464675141607,0.1,0.1,0.05
paper-evidence-v1-locked-test::one_step_governed_pva_direct,synthetic-feasible-v1,synthetic,rapid_reversal__test__008,test,150808,clean,one_step_governed_pva_direct,442,1,command_p,stop-j0-k203,stop,2.0300000000000002,0,joint_0,-5,-0.04999999999999982,0.04904558420113991,0.1,0.1,0.05
paper-evidence-v1-locked-test::one_step_governed_pva_direct,synthetic-feasible-v1,synthetic,rapid_reversal__test__008,test,150808,clean,one_step_governed_pva_direct,442,1,command_p,stop-j0-k235,stop,2.35,0,joint_0,0,0.0,0.08599466284640862,0.1,0.1,0.05
paper-evidence-v1-locked-test::one_step_governed_pva_direct,synthetic-feasible-v1,synthetic,rapid_reversal__test__008,test,150808,clean,one_step_governed_pva_direct,442,1,command_p,stop-j0-k267,stop,2.67,0,joint_0,5,0.050000000000000044,0.019491695574866266,0.1,0.1,0.05
paper-evidence-v1-locked-test::one_step_governed_pva_direct,synthetic-feasible-v1,synthetic,rapid_reversal__test__008,test,150808,clean,one_step_governed_pva_direct,442,1,command_p,stop-j0-k299,stop,2.99,0,joint_0,-5,-0.04999999999999982,0.05637354319842085,0.1,0.1,0.05
paper-evidence-v1-locked-test::one_step_governed_pva_direct,synthetic-feasible-v1,synthetic,rapid_reversal__test__008,test,150808,clean,one_step_governed_pva_direct,442,1,command_p,stop-j0-k331,stop,3.31,0,joint_0,0,0.0,0.0751458419516079,0.1,0.1,0.05
paper-evidence-v1-locked-test::one_step_governed_pva_direct,synthetic-feasible-v1,synthetic,rapid_reversal__test__008,test,150808,clean,one_step_governed_pva_direct,442,1,command_p,reversal-j0-k333,reversal,3.3150000000000004,0,joint_0,5,0.04999999999999982,0.0740565511134376,0.1,0.1,0.05
paper-evidence-v1-locked-test::one_step_governed_pva_direct,synthetic-feasible-v1,synthetic,rapid_reversal__test__008,test,150808,clean,one_step_governed_pva_direct,442,1,command_p,stop-j0-k363,stop,3.63,0,joint_0,5,0.04999999999999982,0.007405367558112454,0.1,0.1,0.05
paper-evidence-v1-locked-test::one_step_governed_pva_direct,synthetic-feasible-v1,synthetic,rapid_reversal__test__008,test,150808,clean,one_step_governed_pva_direct,442,1,command_p,reversal-j0-k365,reversal,3.635,0,joint_0,5,0.04999999999999982,0.007245902174862675,0.1,0.1,0.05
paper-evidence-v1-locked-test::one_step_governed_pva_direct,synthetic-feasible-v1,synthetic,rapid_reversal__test__008,test,150808,clean,one_step_governed_pva_direct,442,1,command_p,stop-j0-k395,stop,3.95,0,joint_0,-5,-0.04999999999999982,0.061587354002875495,0.1,0.1,0.05
paper-evidence-v1-locked-test::one_step_governed_pva_direct,synthetic-feasible-v1,synthetic,rapid_reversal__test__008,test,150808,clean,one_step_governed_pva_direct,442,1,command_p,reversal-j0-k397,reversal,3.955,0,joint_0,-5,-0.04999999999999982,0.061587354002875495,0.1,0.1,0.05
paper-evidence-v1-locked-test::one_step_governed_pva_direct,synthetic-feasible-v1,synthetic,rapid_reversal__test__008,test,150808,clean,one_step_governed_pva_direct,442,1,command_p,stop-j0-k427,stop,4.2700000000000005,0,joint_0,5,0.04999999999999982,0.0603975872964271,0.1,0.1,0.05
paper-evidence-v1-locked-test::one_step_governed_pva_direct,synthetic-feasible-v1,synthetic,rapid_reversal__test__009,test,150809,clean,one_step_governed_pva_direct,413,1,command_p,stop-j0-k38,stop,0.38,0,joint_0,1,0.010000000000000009,0.00038875969101353363,0.1,0.1,0.05
paper-evidence-v1-locked-test::one_step_governed_pva_direct,synthetic-feasible-v1,synthetic,rapid_reversal__test__009,test,150809,clean,one_step_governed_pva_direct,413,1,command_p,stop-j0-k74,stop,0.74,0,joint_0,1,0.010000000000000009,0.00018106666806236787,0.1,0.1,0.05
paper-evidence-v1-locked-test::one_step_governed_pva_direct,synthetic-feasible-v1,synthetic,rapid_reversal__test__009,test,150809,clean,one_step_governed_pva_direct,413,1,command_p,reversal-j0-k76,reversal,0.745,0,joint_0,1,0.010000000000000009,0.00018887667729581493,0.1,0.1,0.05
paper-evidence-v1-locked-test::one_step_governed_pva_direct,synthetic-feasible-v1,synthetic,rapid_reversal__test__009,test,150809,clean,one_step_governed_pva_direct,413,1,command_p,stop-j0-k110,stop,1.1,0,joint_0,1,0.010000000000000009,8.857864611512171e-05,0.1,0.1,0.05
paper-evidence-v1-locked-test::one_step_governed_pva_direct,synthetic-feasible-v1,synthetic,rapid_reversal__test__009,test,150809,clean,one_step_governed_pva_direct,413,1,command_p,reversal-j0-k112,reversal,1.105,0,joint_0,1,0.010000000000000009,8.88970938395909e-05,0.1,0.1,0.05
paper-evidence-v1-locked-test::one_step_governed_pva_direct,synthetic-feasible-v1,synthetic,rapid_reversal__test__009,test,150809,clean,one_step_governed_pva_direct,413,1,command_p,stop-j0-k146,stop,1.46,0,joint_0,1,0.010000000000000009,0.00028528952617351463,0.1,0.1,0.05
paper-evidence-v1-locked-test::one_step_governed_pva_direct,synthetic-feasible-v1,synthetic,rapid_reversal__test__009,test,150809,clean,one_step_governed_pva_direct,413,1,command_p,reversal-j0-k148,reversal,1.4649999999999999,0,joint_0,1,0.010000000000000009,0.00027628334044139924,0.1,0.1,0.05
paper-evidence-v1-locked-test::one_step_governed_pva_direct,synthetic-feasible-v1,synthetic,rapid_reversal__test__009,test,150809,clean,one_step_governed_pva_direct,413,1,command_p,stop-j0-k183,stop,1.83,0,joint_0,1,0.010000000000000009,0.0003345638970111923,0.1,0.1,0.05
paper-evidence-v1-locked-test::one_step_governed_pva_direct,synthetic-feasible-v1,synthetic,rapid_reversal__test__009,test,150809,clean,one_step_governed_pva_direct,413,1,command_p,stop-j0-k219,stop,2.19,0,joint_0,1,0.010000000000000009,6.483884955395666e-05,0.1,0.1,0.05
paper-evidence-v1-locked-test::one_step_governed_pva_direct,synthetic-feasible-v1,synthetic,rapid_reversal__test__009,test,150809,clean,one_step_governed_pva_direct,413,1,command_p,stop-j0-k255,stop,2.5500000000000003,0,joint_0,1,0.009999999999999787,0.0001316093224483344,0.1,0.1,0.05
paper-evidence-v1-locked-test::one_step_governed_pva_direct,synthetic-feasible-v1,synthetic,rapid_reversal__test__009,test,150809,clean,one_step_governed_pva_direct,413,1,command_p,stop-j0-k291,stop,2.91,0,joint_0,1,0.009999999999999787,0.0003721948494388052,0.1,0.1,0.05
paper-evidence-v1-locked-test::one_step_governed_pva_direct,synthetic-feasible-v1,synthetic,rapid_reversal__test__009,test,150809,clean,one_step_governed_pva_direct,413,1,command_p,reversal-j0-k293,reversal,2.915,0,joint_0,1,0.009999999999999787,0.0003668236681992216,0.1,0.1,0.05
paper-evidence-v1-locked-test::one_step_governed_pva_direct,synthetic-feasible-v1,synthetic,rapid_reversal__test__009,test,150809,clean,one_step_governed_pva_direct,413,1,command_p,stop-j0-k327,stop,3.27,0,joint_0,1,0.009999999999999787,0.00015441721963652,0.1,0.1,0.05
paper-evidence-v1-locked-test::one_step_governed_pva_direct,synthetic-feasible-v1,synthetic,rapid_reversal__test__009,test,150809,clean,one_step_governed_pva_direct,413,1,command_p,reversal-j0-k329,reversal,3.2750000000000004,0,joint_0,1,0.009999999999999787,0.00015346408784482922,0.1,0.1,0.05
paper-evidence-v1-locked-test::one_step_governed_pva_direct,synthetic-feasible-v1,synthetic,rapid_reversal__test__009,test,150809,clean,one_step_governed_pva_direct,413,1,command_p,stop-j0-k364,stop,3.64,0,joint_0,1,0.009999999999999787,8.157852108363347e-05,0.1,0.1,0.05
paper-evidence-v1-locked-test::one_step_governed_pva_direct,synthetic-feasible-v1,synthetic,rapid_reversal__test__009,test,150809,clean,one_step_governed_pva_direct,413,1,command_p,stop-j0-k400,stop,4.0,0,joint_0,1,0.009999999999999787,0.00029303758283142934,0.1,0.1,0.05
paper-evidence-v1-locked-test::one_step_governed_pva_direct,synthetic-feasible-v1,synthetic,rapid_reversal__test__010,test,150810,clean,one_step_governed_pva_direct,433,1,command_p,stop-j0-k34,stop,0.34,0,joint_0,-5,-0.04999999999999999,0.044632428577959196,0.1,0.1,0.05
paper-evidence-v1-locked-test::one_step_governed_pva_direct,synthetic-feasible-v1,synthetic,rapid_reversal__test__010,test,150810,clean,one_step_governed_pva_direct,433,1,command_p,stop-j0-k59,stop,0.59,0,joint_0,5,0.050000000000000044,0.03730600157455142,0.1,0.1,0.05
paper-evidence-v1-locked-test::one_step_governed_pva_direct,synthetic-feasible-v1,synthetic,rapid_reversal__test__010,test,150810,clean,one_step_governed_pva_direct,433,1,command_p,stop-j0-k84,stop,0.84,0,joint_0,-3,-0.030000000000000027,0.008458123676800492,0.1,0.1,0.05
paper-evidence-v1-locked-test::one_step_governed_pva_direct,synthetic-feasible-v1,synthetic,rapid_reversal__test__010,test,150810,clean,one_step_governed_pva_direct,433,1,command_p,stop-j0-k109,stop,1.09,0,joint_0,-5,-0.050000000000000044,0.03412859144754234,0.1,0.1,0.05
paper-evidence-v1-locked-test::one_step_governed_pva_direct,synthetic-feasible-v1,synthetic,rapid_reversal__test__010,test,150810,clean,one_step_governed_pva_direct,433,1,command_p,stop-j0-k134,stop,1.34,0,joint_0,5,0.050000000000000044,0.04409062276325186,0.1,0.1,0.05
paper-evidence-v1-locked-test::one_step_governed_pva_direct,synthetic-feasible-v1,synthetic,rapid_reversal__test__010,test,150810,clean,one_step_governed_pva_direct,433,1,command_p,stop-j0-k159,stop,1.59,0,joint_0,5,0.050000000000000044,0.02155647873002017,0.1,0.1,0.05
paper-evidence-v1-locked-test::one_step_governed_pva_direct,synthetic-feasible-v1,synthetic,rapid_reversal__test__010,test,150810,clean,one_step_governed_pva_direct,433,1,command_p,stop-j0-k184,stop,1.84,0,joint_0,-5,-0.050000000000000044,0.019326515307694487,0.1,0.1,0.05
paper-evidence-v1-locked-test::one_step_governed_pva_direct,synthetic-feasible-v1,synthetic,rapid_reversal__test__010,test,150810,clean,one_step_governed_pva_direct,433,1,command_p,stop-j0-k209,stop,2.09,0,joint_0,-5,-0.04999999999999982,0.04242714073604797,0.1,0.1,0.05
paper-evidence-v1-locked-test::one_step_governed_pva_direct,synthetic-feasible-v1,synthetic,rapid_reversal__test__010,test,150810,clean,one_step_governed_pva_direct,433,1,command_p,stop-j0-k234,stop,2.34,0,joint_0,5,0.04999999999999982,0.033565410796127085,0.1,0.1,0.05
paper-evidence-v1-locked-test::one_step_governed_pva_direct,synthetic-feasible-v1,synthetic,rapid_reversal__test__010,test,150810,clean,one_step_governed_pva_direct,433,1,command_p,stop-j0-k259,stop,2.59,0,joint_0,5,0.04999999999999982,0.0064299346426823735,0.1,0.1,0.05
paper-evidence-v1-locked-test::one_step_governed_pva_direct,synthetic-feasible-v1,synthetic,rapid_reversal__test__010,test,150810,clean,one_step_governed_pva_direct,433,1,command_p,stop-j0-k284,stop,2.84,0,joint_0,-5,-0.04999999999999982,0.03175058221011929,0.1,0.1,0.05
paper-evidence-v1-locked-test::one_step_governed_pva_direct,synthetic-feasible-v1,synthetic,rapid_reversal__test__010,test,150810,clean,one_step_governed_pva_direct,433,1,command_p,stop-j0-k308,stop,3.08,0,joint_0,0,0.0,0.041097887930398286,0.1,0.1,0.05
paper-evidence-v1-locked-test::one_step_governed_pva_direct,synthetic-feasible-v1,synthetic,rapid_reversal__test__010,test,150810,clean,one_step_governed_pva_direct,433,1,command_p,reversal-j0-k310,reversal,3.085,0,joint_0,0,0.0,0.041152779031471895,0.1,0.1,0.05
paper-evidence-v1-locked-test::one_step_governed_pva_direct,synthetic-feasible-v1,synthetic,rapid_reversal__test__010,test,150810,clean,one_step_governed_pva_direct,433,1,command_p,stop-j0-k333,stop,3.33,0,joint_0,5,0.04999999999999982,0.012825647896275747,0.1,0.1,0.05
paper-evidence-v1-locked-test::one_step_governed_pva_direct,synthetic-feasible-v1,synthetic,rapid_reversal__test__010,test,150810,clean,one_step_governed_pva_direct,433,1,command_p,stop-j0-k358,stop,3.58,0,joint_0,-5,-0.04999999999999982,0.01704533875927461,0.1,0.1,0.05
paper-evidence-v1-locked-test::one_step_governed_pva_direct,synthetic-feasible-v1,synthetic,rapid_reversal__test__010,test,150810,clean,one_step_governed_pva_direct,433,1,command_p,stop-j0-k383,stop,3.83,0,joint_0,-5,-0.04999999999999982,0.03950125219961219,0.1,0.1,0.05
paper-evidence-v1-locked-test::one_step_governed_pva_direct,synthetic-feasible-v1,synthetic,rapid_reversal__test__010,test,150810,clean,one_step_governed_pva_direct,433,1,command_p,stop-j0-k408,stop,4.08,0,joint_0,5,0.04999999999999982,0.026068046606640204,0.1,0.1,0.05
paper-evidence-v1-locked-test::one_step_governed_pva_direct,synthetic-feasible-v1,synthetic,rapid_reversal__test__011,test,150811,clean,one_step_governed_pva_direct,431,1,command_p,stop-j0-k11,stop,0.11,0,joint_0,-5,-0.05,0.032596617832638335,0.1,0.1,0.05
paper-evidence-v1-locked-test::one_step_governed_pva_direct,synthetic-feasible-v1,synthetic,rapid_reversal__test__011,test,150811,clean,one_step_governed_pva_direct,431,1,command_p,stop-j0-k35,stop,0.35000000000000003,0,joint_0,-5,-0.04999999999999999,0.10046327537169283,0.1,0.1,0.05
paper-evidence-v1-locked-test::one_step_governed_pva_direct,synthetic-feasible-v1,synthetic,rapid_reversal__test__011,test,150811,clean,one_step_governed_pva_direct,431,1,command_p,stop-j0-k58,stop,0.58,0,joint_0,5,0.050000000000000044,0.08805766280828727,0.1,0.1,0.05
paper-evidence-v1-locked-test::one_step_governed_pva_direct,synthetic-feasible-v1,synthetic,rapid_reversal__test__011,test,150811,clean,one_step_governed_pva_direct,431,1,command_p,stop-j0-k81,stop,0.81,0,joint_0,5,0.050000000000000044,0.02825830239839097,0.1,0.1,0.05
paper-evidence-v1-locked-test::one_step_governed_pva_direct,synthetic-feasible-v1,synthetic,rapid_reversal__test__011,test,150811,clean,one_step_governed_pva_direct,431,1,command_p,stop-j0-k104,stop,1.04,0,joint_0,-5,-0.050000000000000044,0.05634569560576317,0.1,0.1,0.05
paper-evidence-v1-locked-test::one_step_governed_pva_direct,synthetic-feasible-v1,synthetic,rapid_reversal__test__011,test,150811,clean,one_step_governed_pva_direct,431,1,command_p,stop-j0-k128,stop,1.28,0,joint_0,0,0.0,0.10146793301353219,0.1,0.1,0.05
paper-evidence-v1-locked-test::one_step_governed_pva_direct,synthetic-feasible-v1,synthetic,rapid_reversal__test__011,test,150811,clean,one_step_governed_pva_direct,431,1,command_p,stop-j0-k151,stop,1.51,0,joint_0,5,0.050000000000000044,0.07105235628745597,0.1,0.1,0.05
paper-evidence-v1-locked-test::one_step_governed_pva_direct,synthetic-feasible-v1,synthetic,rapid_reversal__test__011,test,150811,clean,one_step_governed_pva_direct,431,1,command_p,stop-j0-k174,stop,1.74,0,joint_0,5,0.050000000000000044,0.017301364261613376,0.1,0.1,0.05
paper-evidence-v1-locked-test::one_step_governed_pva_direct,synthetic-feasible-v1,synthetic,rapid_reversal__test__011,test,150811,clean,one_step_governed_pva_direct,431,1,command_p,stop-j0-k197,stop,1.97,0,joint_0,-5,-0.04999999999999982,0.07105615197717147,0.1,0.1,0.05
paper-evidence-v1-locked-test::one_step_governed_pva_direct,synthetic-feasible-v1,synthetic,rapid_reversal__test__011,test,150811,clean,one_step_governed_pva_direct,431,1,command_p,stop-j0-k220,stop,2.2,0,joint_0,0,0.0,0.0972729297142923,0.1,0.1,0.05
paper-evidence-v1-locked-test::one_step_governed_pva_direct,synthetic-feasible-v1,synthetic,rapid_reversal__test__011,test,150811,clean,one_step_governed_pva_direct,431,1,command_p,stop-j0-k244,stop,2.44,0,joint_0,5,0.050000000000000044,0.044827225874129156,0.1,0.1,0.05
paper-evidence-v1-locked-test::one_step_governed_pva_direct,synthetic-feasible-v1,synthetic,rapid_reversal__test__011,test,150811,clean,one_step_governed_pva_direct,431,1,command_p,stop-j0-k267,stop,2.67,0,joint_0,-5,-0.050000000000000044,0.01921620320096062,0.1,0.1,0.05
paper-evidence-v1-locked-test::one_step_governed_pva_direct,synthetic-feasible-v1,synthetic,rapid_reversal__test__011,test,150811,clean,one_step_governed_pva_direct,431,1,command_p,stop-j0-k290,stop,2.9,0,joint_0,-5,-0.04999999999999982,0.0819864041374156,0.1,0.1,0.05
paper-evidence-v1-locked-test::one_step_governed_pva_direct,synthetic-feasible-v1,synthetic,rapid_reversal__test__011,test,150811,clean,one_step_governed_pva_direct,431,1,command_p,stop-j0-k313,stop,3.13,0,joint_0,5,0.04999999999999982,0.08191093680835417,0.1,0.1,0.05
paper-evidence-v1-locked-test::one_step_governed_pva_direct,synthetic-feasible-v1,synthetic,rapid_reversal__test__011,test,150811,clean,one_step_governed_pva_direct,431,1,command_p,stop-j0-k337,stop,3.37,0,joint_0,5,0.04999999999999982,0.030128410032221897,0.1,0.1,0.05
paper-evidence-v1-locked-test::one_step_governed_pva_direct,synthetic-feasible-v1,synthetic,rapid_reversal__test__011,test,150811,clean,one_step_governed_pva_direct,431,1,command_p,stop-j0-k360,stop,3.6,0,joint_0,-5,-0.04999999999999982,0.04453403146842225,0.1,0.1,0.05
paper-evidence-v1-locked-test::one_step_governed_pva_direct,synthetic-feasible-v1,synthetic,rapid_reversal__test__011,test,150811,clean,one_step_governed_pva_direct,431,1,command_p,stop-j0-k383,stop,3.83,0,joint_0,0,0.0,0.08780954611487622,0.1,0.1,0.05
paper-evidence-v1-locked-test::one_step_governed_pva_direct,synthetic-feasible-v1,synthetic,rapid_reversal__test__011,test,150811,clean,one_step_governed_pva_direct,431,1,command_p,stop-j0-k406,stop,4.0600000000000005,0,joint_0,5,0.04999999999999982,0.06902519732048963,0.1,0.1,0.05
paper-evidence-v1-locked-test::one_step_governed_pva_direct,synthetic-feasible-v1,synthetic,rapid_reversal__test__012,test,150812,clean,one_step_governed_pva_direct,408,1,command_p,stop-j0-k30,stop,0.3,0,joint_0,1,0.010000000000000009,0.0014944130615240753,0.1,0.1,0.05
paper-evidence-v1-locked-test::one_step_governed_pva_direct,synthetic-feasible-v1,synthetic,rapid_reversal__test__012,test,150812,clean,one_step_governed_pva_direct,408,1,command_p,stop-j0-k58,stop,0.58,0,joint_0,1,0.010000000000000009,0.0003246984711575499,0.1,0.1,0.05
paper-evidence-v1-locked-test::one_step_governed_pva_direct,synthetic-feasible-v1,synthetic,rapid_reversal__test__012,test,150812,clean,one_step_governed_pva_direct,408,1,command_p,stop-j0-k87,stop,0.87,0,joint_0,1,0.010000000000000009,0.0009039601992470661,0.1,0.1,0.05
paper-evidence-v1-locked-test::one_step_governed_pva_direct,synthetic-feasible-v1,synthetic,rapid_reversal__test__012,test,150812,clean,one_step_governed_pva_direct,408,1,command_p,stop-j0-k115,stop,1.1500000000000001,0,joint_0,1,0.010000000000000009,0.0012308914597657147,0.1,0.1,0.05
paper-evidence-v1-locked-test::one_step_governed_pva_direct,synthetic-feasible-v1,synthetic,rapid_reversal__test__012,test,150812,clean,one_step_governed_pva_direct,408,1,command_p,stop-j0-k143,stop,1.43,0,joint_0,1,0.010000000000000009,0.0003738369257695203,0.1,0.1,0.05
paper-evidence-v1-locked-test::one_step_governed_pva_direct,synthetic-feasible-v1,synthetic,rapid_reversal__test__012,test,150812,clean,one_step_governed_pva_direct,408,1,command_p,reversal-j0-k145,reversal,1.435,0,joint_0,1,0.010000000000000009,0.0003747962315227641,0.1,0.1,0.05
paper-evidence-v1-locked-test::one_step_governed_pva_direct,synthetic-feasible-v1,synthetic,rapid_reversal__test__012,test,150812,clean,one_step_governed_pva_direct,408,1,command_p,stop-j0-k172,stop,1.72,0,joint_0,1,0.010000000000000009,0.0011805892398751893,0.1,0.1,0.05
paper-evidence-v1-locked-test::one_step_governed_pva_direct,synthetic-feasible-v1,synthetic,rapid_reversal__test__012,test,150812,clean,one_step_governed_pva_direct,408,1,command_p,stop-j0-k200,stop,2.0,0,joint_0,1,0.010000000000000009,0.0008816144417491099,0.1,0.1,0.05
paper-evidence-v1-locked-test::one_step_governed_pva_direct,synthetic-feasible-v1,synthetic,rapid_reversal__test__012,test,150812,clean,one_step_governed_pva_direct,408,1,command_p,stop-j0-k229,stop,2.29,0,joint_0,1,0.009999999999999787,0.00034853598843155364,0.1,0.1,0.05
paper-evidence-v1-locked-test::one_step_governed_pva_direct,synthetic-feasible-v1,synthetic,rapid_reversal__test__012,test,150812,clean,one_step_governed_pva_direct,408,1,command_p,stop-j0-k257,stop,2.57,0,joint_0,1,0.010000000000000009,0.0011911639651781445,0.1,0.1,0.05
paper-evidence-v1-locked-test::one_step_governed_pva_direct,synthetic-feasible-v1,synthetic,rapid_reversal__test__012,test,150812,clean,one_step_governed_pva_direct,408,1,command_p,stop-j0-k285,stop,2.85,0,joint_0,1,0.009999999999999787,0.0006038621455982924,0.1,0.1,0.05
paper-evidence-v1-locked-test::one_step_governed_pva_direct,synthetic-feasible-v1,synthetic,rapid_reversal__test__012,test,150812,clean,one_step_governed_pva_direct,408,1,command_p,reversal-j0-k287,reversal,2.855,0,joint_0,1,0.009999999999999787,0.0006172435911171703,0.1,0.1,0.05
paper-evidence-v1-locked-test::one_step_governed_pva_direct,synthetic-feasible-v1,synthetic,rapid_reversal__test__012,test,150812,clean,one_step_governed_pva_direct,408,1,command_p,stop-j0-k314,stop,3.14,0,joint_0,1,0.009999999999999787,0.0005453491578995517,0.1,0.1,0.05
paper-evidence-v1-locked-test::one_step_governed_pva_direct,synthetic-feasible-v1,synthetic,rapid_reversal__test__012,test,150812,clean,one_step_governed_pva_direct,408,1,command_p,stop-j0-k342,stop,3.42,0,joint_0,1,0.010000000000000009,0.0010300248275312662,0.1,0.1,0.05
paper-evidence-v1-locked-test::one_step_governed_pva_direct,synthetic-feasible-v1,synthetic,rapid_reversal__test__012,test,150812,clean,one_step_governed_pva_direct,408,1,command_p,stop-j0-k370,stop,3.7,0,joint_0,1,0.009999999999999787,0.0005605063372238016,0.1,0.1,0.05
paper-evidence-v1-locked-test::one_step_governed_pva_direct,synthetic-feasible-v1,synthetic,rapid_reversal__test__012,test,150812,clean,one_step_governed_pva_direct,408,1,command_p,reversal-j0-k372,reversal,3.705,0,joint_0,1,0.009999999999999787,0.0005605063372238016,0.1,0.1,0.05
paper-evidence-v1-locked-test::one_step_governed_pva_direct,synthetic-feasible-v1,synthetic,rapid_reversal__test__013,test,150813,clean,one_step_governed_pva_direct,289,1,command_p,stop-j0-k22,stop,0.22,0,joint_0,1,0.010000000000000009,0.0001556458012152546,0.1,0.1,0.05
paper-evidence-v1-locked-test::one_step_governed_pva_direct,synthetic-feasible-v1,synthetic,rapid_reversal__test__013,test,150813,clean,one_step_governed_pva_direct,289,1,command_p,stop-j0-k43,stop,0.43,0,joint_0,1,0.010000000000000009,0.0005906182183508398,0.1,0.1,0.05
paper-evidence-v1-locked-test::one_step_governed_pva_direct,synthetic-feasible-v1,synthetic,rapid_reversal__test__013,test,150813,clean,one_step_governed_pva_direct,289,1,command_p,stop-j0-k64,stop,0.64,0,joint_0,1,0.010000000000000009,0.00024342527009377308,0.1,0.1,0.05
paper-evidence-v1-locked-test::one_step_governed_pva_direct,synthetic-feasible-v1,synthetic,rapid_reversal__test__013,test,150813,clean,one_step_governed_pva_direct,289,1,command_p,reversal-j0-k86,reversal,0.855,0,joint_0,1,0.010000000000000009,0.00023625312547360152,0.1,0.1,0.05
paper-evidence-v1-locked-test::one_step_governed_pva_direct,synthetic-feasible-v1,synthetic,rapid_reversal__test__013,test,150813,clean,one_step_governed_pva_direct,289,1,command_p,stop-j0-k107,stop,1.07,0,joint_0,1,0.010000000000000009,0.0004358208403571141,0.1,0.1,0.05
paper-evidence-v1-locked-test::one_step_governed_pva_direct,synthetic-feasible-v1,synthetic,rapid_reversal__test__013,test,150813,clean,one_step_governed_pva_direct,289,1,command_p,stop-j0-k128,stop,1.28,0,joint_0,1,0.010000000000000009,0.0002830406390669788,0.1,0.1,0.05
paper-evidence-v1-locked-test::one_step_governed_pva_direct,synthetic-feasible-v1,synthetic,rapid_reversal__test__013,test,150813,clean,one_step_governed_pva_direct,289,1,command_p,stop-j0-k149,stop,1.49,0,joint_0,1,0.010000000000000009,0.0004924483221667289,0.1,0.1,0.05
paper-evidence-v1-locked-test::one_step_governed_pva_direct,synthetic-feasible-v1,synthetic,rapid_reversal__test__013,test,150813,clean,one_step_governed_pva_direct,289,1,command_p,stop-j0-k171,stop,1.71,0,joint_0,1,0.010000000000000009,0.00016393792416717355,0.1,0.1,0.05
paper-evidence-v1-locked-test::one_step_governed_pva_direct,synthetic-feasible-v1,synthetic,rapid_reversal__test__013,test,150813,clean,one_step_governed_pva_direct,289,1,command_p,stop-j0-k192,stop,1.92,0,joint_0,1,0.010000000000000009,0.00012150030563978248,0.1,0.1,0.05
paper-evidence-v1-locked-test::one_step_governed_pva_direct,synthetic-feasible-v1,synthetic,rapid_reversal__test__013,test,150813,clean,one_step_governed_pva_direct,289,1,command_p,stop-j0-k213,stop,2.13,0,joint_0,1,0.010000000000000009,0.0005490179868152071,0.1,0.1,0.05
paper-evidence-v1-locked-test::one_step_governed_pva_direct,synthetic-feasible-v1,synthetic,rapid_reversal__test__013,test,150813,clean,one_step_governed_pva_direct,289,1,command_p,stop-j0-k234,stop,2.34,0,joint_0,1,0.010000000000000009,0.00023473435753404678,0.1,0.1,0.05
paper-evidence-v1-locked-test::one_step_governed_pva_direct,synthetic-feasible-v1,synthetic,rapid_reversal__test__013,test,150813,clean,one_step_governed_pva_direct,289,1,command_p,stop-j0-k256,stop,2.56,0,joint_0,1,0.009999999999999787,0.0002506946492315962,0.1,0.1,0.05
paper-evidence-v1-locked-test::one_step_governed_pva_direct,synthetic-feasible-v1,synthetic,rapid_reversal__test__013,test,150813,clean,one_step_governed_pva_direct,289,1,command_p,stop-j0-k277,stop,2.77,0,joint_0,1,0.009999999999999787,0.00038043504162696114,0.1,0.1,0.05
paper-evidence-v1-locked-test::one_step_governed_pva_direct,synthetic-feasible-v1,synthetic,rapid_reversal__test__014,test,150814,clean,one_step_governed_pva_direct,429,1,command_p,stop-j0-k13,stop,0.13,0,joint_0,-5,-0.05,0.02882866933666113,0.1,0.1,0.05
paper-evidence-v1-locked-test::one_step_governed_pva_direct,synthetic-feasible-v1,synthetic,rapid_reversal__test__014,test,150814,clean,one_step_governed_pva_direct,429,1,command_p,stop-j0-k37,stop,0.37,0,joint_0,-5,-0.04999999999999999,0.07439098023784727,0.1,0.1,0.05
paper-evidence-v1-locked-test::one_step_governed_pva_direct,synthetic-feasible-v1,synthetic,rapid_reversal__test__014,test,150814,clean,one_step_governed_pva_direct,429,1,command_p,stop-j0-k62,stop,0.62,0,joint_0,5,0.050000000000000044,0.05787574501135627,0.1,0.1,0.05
paper-evidence-v1-locked-test::one_step_governed_pva_direct,synthetic-feasible-v1,synthetic,rapid_reversal__test__014,test,150814,clean,one_step_governed_pva_direct,429,1,command_p,stop-j0-k86,stop,0.86,0,joint_0,-4,-0.040000000000000036,0.012468321512483288,0.1,0.1,0.05
paper-evidence-v1-locked-test::one_step_governed_pva_direct,synthetic-feasible-v1,synthetic,rapid_reversal__test__014,test,150814,clean,one_step_governed_pva_direct,429,1,command_p,stop-j0-k111,stop,1.11,0,joint_0,-5,-0.050000000000000044,0.05647781625393771,0.1,0.1,0.05
paper-evidence-v1-locked-test::one_step_governed_pva_direct,synthetic-feasible-v1,synthetic,rapid_reversal__test__014,test,150814,clean,one_step_governed_pva_direct,429,1,command_p,stop-j0-k135,stop,1.35,0,joint_0,5,0.050000000000000044,0.0726128775473283,0.1,0.1,0.05
paper-evidence-v1-locked-test::one_step_governed_pva_direct,synthetic-feasible-v1,synthetic,rapid_reversal__test__014,test,150814,clean,one_step_governed_pva_direct,429,1,command_p,stop-j0-k160,stop,1.6,0,joint_0,5,0.050000000000000044,0.033337993303258935,0.1,0.1,0.05
paper-evidence-v1-locked-test::one_step_governed_pva_direct,synthetic-feasible-v1,synthetic,rapid_reversal__test__014,test,150814,clean,one_step_governed_pva_direct,429,1,command_p,stop-j0-k184,stop,1.84,0,joint_0,-5,-0.050000000000000044,0.027906701370350777,0.1,0.1,0.05
paper-evidence-v1-locked-test::one_step_governed_pva_direct,synthetic-feasible-v1,synthetic,rapid_reversal__test__014,test,150814,clean,one_step_governed_pva_direct,429,1,command_p,stop-j0-k209,stop,2.09,0,joint_0,-5,-0.04999999999999982,0.0695910217927985,0.1,0.1,0.05
paper-evidence-v1-locked-test::one_step_governed_pva_direct,synthetic-feasible-v1,synthetic,rapid_reversal__test__014,test,150814,clean,one_step_governed_pva_direct,429,1,command_p,stop-j0-k233,stop,2.33,0,joint_0,5,0.04999999999999982,0.05799137189768787,0.1,0.1,0.05
paper-evidence-v1-locked-test::one_step_governed_pva_direct,synthetic-feasible-v1,synthetic,rapid_reversal__test__014,test,150814,clean,one_step_governed_pva_direct,429,1,command_p,stop-j0-k258,stop,2.58,0,joint_0,5,0.04999999999999982,0.009514831579719217,0.1,0.1,0.05
paper-evidence-v1-locked-test::one_step_governed_pva_direct,synthetic-feasible-v1,synthetic,rapid_reversal__test__014,test,150814,clean,one_step_governed_pva_direct,429,1,command_p,stop-j0-k282,stop,2.82,0,joint_0,-5,-0.04999999999999982,0.04908780219788351,0.1,0.1,0.05
paper-evidence-v1-locked-test::one_step_governed_pva_direct,synthetic-feasible-v1,synthetic,rapid_reversal__test__014,test,150814,clean,one_step_governed_pva_direct,429,1,command_p,stop-j0-k307,stop,3.0700000000000003,0,joint_0,5,0.04999999999999982,0.06810292340089859,0.1,0.1,0.05
paper-evidence-v1-locked-test::one_step_governed_pva_direct,synthetic-feasible-v1,synthetic,rapid_reversal__test__014,test,150814,clean,one_step_governed_pva_direct,429,1,command_p,stop-j0-k331,stop,3.31,0,joint_0,5,0.04999999999999982,0.028661977123732453,0.1,0.1,0.05
paper-evidence-v1-locked-test::one_step_governed_pva_direct,synthetic-feasible-v1,synthetic,rapid_reversal__test__014,test,150814,clean,one_step_governed_pva_direct,429,1,command_p,stop-j0-k356,stop,3.56,0,joint_0,-5,-0.04999999999999982,0.021166250920864486,0.1,0.1,0.05
paper-evidence-v1-locked-test::one_step_governed_pva_direct,synthetic-feasible-v1,synthetic,rapid_reversal__test__014,test,150814,clean,one_step_governed_pva_direct,429,1,command_p,stop-j0-k380,stop,3.8000000000000003,0,joint_0,-5,-0.04999999999999982,0.06394109233409596,0.1,0.1,0.05
paper-evidence-v1-locked-test::one_step_governed_pva_direct,synthetic-feasible-v1,synthetic,rapid_reversal__test__014,test,150814,clean,one_step_governed_pva_direct,429,1,command_p,stop-j0-k405,stop,4.05,0,joint_0,5,0.04999999999999982,0.05064573585151211,0.1,0.1,0.05
paper-evidence-v1-locked-test::one_step_governed_pva_direct,synthetic-feasible-v1,synthetic,rapid_reversal__test__015,test,150815,clean,one_step_governed_pva_direct,304,1,command_p,stop-j0-k27,stop,0.27,0,joint_0,1,0.010000000000000009,0.010756814867674186,0.1,0.1,0.05
paper-evidence-v1-locked-test::one_step_governed_pva_direct,synthetic-feasible-v1,synthetic,rapid_reversal__test__015,test,150815,clean,one_step_governed_pva_direct,304,1,command_p,stop-j0-k57,stop,0.5700000000000001,0,joint_0,0,0.0,0.012909662289996869,0.1,0.1,0.05
paper-evidence-v1-locked-test::one_step_governed_pva_direct,synthetic-feasible-v1,synthetic,rapid_reversal__test__015,test,150815,clean,one_step_governed_pva_direct,304,1,command_p,stop-j0-k87,stop,0.87,0,joint_0,2,0.020000000000000018,0.0014454357781290936,0.1,0.1,0.05
paper-evidence-v1-locked-test::one_step_governed_pva_direct,synthetic-feasible-v1,synthetic,rapid_reversal__test__015,test,150815,clean,one_step_governed_pva_direct,304,1,command_p,stop-j0-k117,stop,1.17,0,joint_0,1,0.010000000000000009,0.011225960000505584,0.1,0.1,0.05
paper-evidence-v1-locked-test::one_step_governed_pva_direct,synthetic-feasible-v1,synthetic,rapid_reversal__test__015,test,150815,clean,one_step_governed_pva_direct,304,1,command_p,stop-j0-k147,stop,1.47,0,joint_0,0,0.0,0.011511658285770944,0.1,0.1,0.05
paper-evidence-v1-locked-test::one_step_governed_pva_direct,synthetic-feasible-v1,synthetic,rapid_reversal__test__015,test,150815,clean,one_step_governed_pva_direct,304,1,command_p,stop-j0-k177,stop,1.77,0,joint_0,2,0.020000000000000018,0.0027666805044325054,0.1,0.1,0.05
paper-evidence-v1-locked-test::one_step_governed_pva_direct,synthetic-feasible-v1,synthetic,rapid_reversal__test__015,test,150815,clean,one_step_governed_pva_direct,304,1,command_p,stop-j0-k207,stop,2.07,0,joint_0,0,0.0,0.011355955436662419,0.1,0.1,0.05
paper-evidence-v1-locked-test::one_step_governed_pva_direct,synthetic-feasible-v1,synthetic,rapid_reversal__test__015,test,150815,clean,one_step_governed_pva_direct,304,1,command_p,stop-j0-k236,stop,2.36,0,joint_0,-1,-0.010000000000000009,0.009983986262963283,0.1,0.1,0.05
paper-evidence-v1-locked-test::one_step_governed_pva_direct,synthetic-feasible-v1,synthetic,rapid_reversal__test__015,test,150815,clean,one_step_governed_pva_direct,304,1,command_p,reversal-j0-k238,reversal,2.365,0,joint_0,0,0.0,0.010086321627054074,0.1,0.1,0.05
paper-evidence-v1-locked-test::one_step_governed_pva_direct,synthetic-feasible-v1,synthetic,rapid_reversal__test__015,test,150815,clean,one_step_governed_pva_direct,304,1,command_p,stop-j0-k266,stop,2.66,0,joint_0,2,0.020000000000000018,0.004081260155854174,0.1,0.1,0.05
paper-evidence-v1-locked-test::one_step_governed_pva_direct,synthetic-feasible-v1,synthetic,rapid_reversal__test__016,test,150816,clean,one_step_governed_pva_direct,341,1,command_p,stop-j0-k42,stop,0.42,0,joint_0,0,0.0,0.005867987768218541,0.1,0.1,0.05
paper-evidence-v1-locked-test::one_step_governed_pva_direct,synthetic-feasible-v1,synthetic,rapid_reversal__test__016,test,150816,clean,one_step_governed_pva_direct,341,1,command_p,reversal-j0-k44,reversal,0.42500000000000004,0,joint_0,0,0.0,0.005998776573627379,0.1,0.1,0.05
paper-evidence-v1-locked-test::one_step_governed_pva_direct,synthetic-feasible-v1,synthetic,rapid_reversal__test__016,test,150816,clean,one_step_governed_pva_direct,341,1,command_p,stop-j0-k82,stop,0.8200000000000001,0,joint_0,2,0.020000000000000018,0.0009419237644821321,0.1,0.1,0.05
paper-evidence-v1-locked-test::one_step_governed_pva_direct,synthetic-feasible-v1,synthetic,rapid_reversal__test__016,test,150816,clean,one_step_governed_pva_direct,341,1,command_p,stop-j0-k121,stop,1.21,0,joint_0,1,0.010000000000000009,0.004236972313941333,0.1,0.1,0.05
paper-evidence-v1-locked-test::one_step_governed_pva_direct,synthetic-feasible-v1,synthetic,rapid_reversal__test__016,test,150816,clean,one_step_governed_pva_direct,341,1,command_p,reversal-j0-k123,reversal,1.2149999999999999,0,joint_0,1,0.010000000000000009,0.004284850779875899,0.1,0.1,0.05
paper-evidence-v1-locked-test::one_step_governed_pva_direct,synthetic-feasible-v1,synthetic,rapid_reversal__test__016,test,150816,clean,one_step_governed_pva_direct,341,1,command_p,stop-j0-k160,stop,1.6,0,joint_0,0,0.0,0.002245156224291225,0.1,0.1,0.05
paper-evidence-v1-locked-test::one_step_governed_pva_direct,synthetic-feasible-v1,synthetic,rapid_reversal__test__016,test,150816,clean,one_step_governed_pva_direct,341,1,command_p,reversal-j0-k162,reversal,1.605,0,joint_0,0,0.0,0.002300449828630546,0.1,0.1,0.05
paper-evidence-v1-locked-test::one_step_governed_pva_direct,synthetic-feasible-v1,synthetic,rapid_reversal__test__016,test,150816,clean,one_step_governed_pva_direct,341,1,command_p,stop-j0-k199,stop,1.99,0,joint_0,0,0.0,0.00512784391451234,0.1,0.1,0.05
paper-evidence-v1-locked-test::one_step_governed_pva_direct,synthetic-feasible-v1,synthetic,rapid_reversal__test__016,test,150816,clean,one_step_governed_pva_direct,341,1,command_p,reversal-j0-k201,reversal,1.995,0,joint_0,1,0.010000000000000009,0.005191513473294535,0.1,0.1,0.05
paper-evidence-v1-locked-test::one_step_governed_pva_direct,synthetic-feasible-v1,synthetic,rapid_reversal__test__016,test,150816,clean,one_step_governed_pva_direct,341,1,command_p,stop-j0-k239,stop,2.39,0,joint_0,2,0.020000000000000018,0.0018638719105565137,0.1,0.1,0.05
paper-evidence-v1-locked-test::one_step_governed_pva_direct,synthetic-feasible-v1,synthetic,rapid_reversal__test__016,test,150816,clean,one_step_governed_pva_direct,341,1,command_p,stop-j0-k278,stop,2.7800000000000002,0,joint_0,1,0.009999999999999787,0.002925300154069655,0.1,0.1,0.05
paper-evidence-v1-locked-test::one_step_governed_pva_direct,synthetic-feasible-v1,synthetic,rapid_reversal__test__016,test,150816,clean,one_step_governed_pva_direct,341,1,command_p,reversal-j0-k280,reversal,2.785,0,joint_0,1,0.009999999999999787,0.002925300154069655,0.1,0.1,0.05
paper-evidence-v1-locked-test::one_step_governed_pva_direct,synthetic-feasible-v1,synthetic,rapid_reversal__test__016,test,150816,clean,one_step_governed_pva_direct,341,1,command_p,stop-j0-k317,stop,3.17,0,joint_0,0,0.0,0.0041294894651990564,0.1,0.1,0.05
paper-evidence-v1-locked-test::one_step_governed_pva_direct,synthetic-feasible-v1,synthetic,rapid_reversal__test__016,test,150816,clean,one_step_governed_pva_direct,341,1,command_p,reversal-j0-k319,reversal,3.175,0,joint_0,0,0.0,0.00422279696536562,0.1,0.1,0.05
paper-evidence-v1-locked-test::one_step_governed_pva_direct,synthetic-feasible-v1,synthetic,rapid_reversal__test__017,test,150817,clean,one_step_governed_pva_direct,342,1,command_p,stop-j0-k22,stop,0.22,0,joint_0,1,0.010000000000000009,0.000981137825817559,0.1,0.1,0.05
paper-evidence-v1-locked-test::one_step_governed_pva_direct,synthetic-feasible-v1,synthetic,rapid_reversal__test__017,test,150817,clean,one_step_governed_pva_direct,342,1,command_p,stop-j0-k45,stop,0.45,0,joint_0,1,0.010000000000000009,0.0017770443417018669,0.1,0.1,0.05
paper-evidence-v1-locked-test::one_step_governed_pva_direct,synthetic-feasible-v1,synthetic,rapid_reversal__test__017,test,150817,clean,one_step_governed_pva_direct,342,1,command_p,stop-j0-k68,stop,0.68,0,joint_0,2,0.020000000000000018,0.0008326370496314218,0.1,0.1,0.05
paper-evidence-v1-locked-test::one_step_governed_pva_direct,synthetic-feasible-v1,synthetic,rapid_reversal__test__017,test,150817,clean,one_step_governed_pva_direct,342,1,command_p,stop-j0-k91,stop,0.91,0,joint_0,1,0.010000000000000009,0.00032440328942578045,0.1,0.1,0.05
paper-evidence-v1-locked-test::one_step_governed_pva_direct,synthetic-feasible-v1,synthetic,rapid_reversal__test__017,test,150817,clean,one_step_governed_pva_direct,342,1,command_p,stop-j0-k114,stop,1.1400000000000001,0,joint_0,1,0.010000000000000009,0.0014476137050782845,0.1,0.1,0.05
paper-evidence-v1-locked-test::one_step_governed_pva_direct,synthetic-feasible-v1,synthetic,rapid_reversal__test__017,test,150817,clean,one_step_governed_pva_direct,342,1,command_p,reversal-j0-k138,reversal,1.375,0,joint_0,2,0.020000000000000018,0.001343066941007739,0.1,0.1,0.05
paper-evidence-v1-locked-test::one_step_governed_pva_direct,synthetic-feasible-v1,synthetic,rapid_reversal__test__017,test,150817,clean,one_step_governed_pva_direct,342,1,command_p,stop-j0-k161,stop,1.61,0,joint_0,1,0.010000000000000009,0.0009052427138585553,0.1,0.1,0.05
paper-evidence-v1-locked-test::one_step_governed_pva_direct,synthetic-feasible-v1,synthetic,rapid_reversal__test__017,test,150817,clean,one_step_governed_pva_direct,342,1,command_p,stop-j0-k184,stop,1.84,0,joint_0,1,0.010000000000000009,0.000777090949766539,0.1,0.1,0.05
paper-evidence-v1-locked-test::one_step_governed_pva_direct,synthetic-feasible-v1,synthetic,rapid_reversal__test__017,test,150817,clean,one_step_governed_pva_direct,342,1,command_p,stop-j0-k207,stop,2.07,0,joint_0,1,0.010000000000000009,0.0012423097455221688,0.1,0.1,0.05
paper-evidence-v1-locked-test::one_step_governed_pva_direct,synthetic-feasible-v1,synthetic,rapid_reversal__test__017,test,150817,clean,one_step_governed_pva_direct,342,1,command_p,stop-j0-k230,stop,2.3000000000000003,0,joint_0,1,0.009999999999999787,0.001480502187295562,0.1,0.1,0.05
paper-evidence-v1-locked-test::one_step_governed_pva_direct,synthetic-feasible-v1,synthetic,rapid_reversal__test__017,test,150817,clean,one_step_governed_pva_direct,342,1,command_p,stop-j0-k253,stop,2.5300000000000002,0,joint_0,2,0.020000000000000018,0.00027003906539780313,0.1,0.1,0.05
paper-evidence-v1-locked-test::one_step_governed_pva_direct,synthetic-feasible-v1,synthetic,rapid_reversal__test__017,test,150817,clean,one_step_governed_pva_direct,342,1,command_p,stop-j0-k276,stop,2.7600000000000002,0,joint_0,1,0.009999999999999787,0.0006996528251322736,0.1,0.1,0.05
paper-evidence-v1-locked-test::one_step_governed_pva_direct,synthetic-feasible-v1,synthetic,rapid_reversal__test__017,test,150817,clean,one_step_governed_pva_direct,342,1,command_p,stop-j0-k299,stop,2.99,0,joint_0,1,0.009999999999999787,0.0015892519419411378,0.1,0.1,0.05
paper-evidence-v1-locked-test::one_step_governed_pva_direct,synthetic-feasible-v1,synthetic,rapid_reversal__test__017,test,150817,clean,one_step_governed_pva_direct,342,1,command_p,stop-j0-k322,stop,3.22,0,joint_0,1,0.009999999999999787,0.0009263383793252949,0.1,0.1,0.05
paper-evidence-v1-locked-test::one_step_governed_pva_direct,synthetic-feasible-v1,synthetic,rapid_reversal__test__018,test,150818,clean,one_step_governed_pva_direct,447,1,command_p,stop-j0-k29,stop,0.29,0,joint_0,-5,-0.04999999999999999,0.02272959349600537,0.1,0.1,0.05
paper-evidence-v1-locked-test::one_step_governed_pva_direct,synthetic-feasible-v1,synthetic,rapid_reversal__test__018,test,150818,clean,one_step_governed_pva_direct,447,1,command_p,reversal-j0-k52,reversal,0.515,0,joint_0,5,0.04999999999999999,0.023055154203890902,0.1,0.1,0.05
paper-evidence-v1-locked-test::one_step_governed_pva_direct,synthetic-feasible-v1,synthetic,rapid_reversal__test__018,test,150818,clean,one_step_governed_pva_direct,447,1,command_p,stop-j0-k74,stop,0.74,0,joint_0,-1,-0.010000000000000009,0.011671392922445647,0.1,0.1,0.05
paper-evidence-v1-locked-test::one_step_governed_pva_direct,synthetic-feasible-v1,synthetic,rapid_reversal__test__018,test,150818,clean,one_step_governed_pva_direct,447,1,command_p,stop-j0-k96,stop,0.96,0,joint_0,2,0.020000000000000018,0.011105548435877303,0.1,0.1,0.05
paper-evidence-v1-locked-test::one_step_governed_pva_direct,synthetic-feasible-v1,synthetic,rapid_reversal__test__018,test,150818,clean,one_step_governed_pva_direct,447,1,command_p,stop-j0-k118,stop,1.18,0,joint_0,0,0.0,0.022863951174645094,0.1,0.1,0.05
paper-evidence-v1-locked-test::one_step_governed_pva_direct,synthetic-feasible-v1,synthetic,rapid_reversal__test__018,test,150818,clean,one_step_governed_pva_direct,447,1,command_p,stop-j0-k141,stop,1.41,0,joint_0,0,0.0,0.02253760737909887,0.1,0.1,0.05
paper-evidence-v1-locked-test::one_step_governed_pva_direct,synthetic-feasible-v1,synthetic,rapid_reversal__test__018,test,150818,clean,one_step_governed_pva_direct,447,1,command_p,stop-j0-k163,stop,1.6300000000000001,0,joint_0,5,0.050000000000000044,0.004719684568471656,0.1,0.1,0.05
paper-evidence-v1-locked-test::one_step_governed_pva_direct,synthetic-feasible-v1,synthetic,rapid_reversal__test__018,test,150818,clean,one_step_governed_pva_direct,447,1,command_p,stop-j0-k185,stop,1.85,0,joint_0,-5,-0.050000000000000044,0.010599137421454899,0.1,0.1,0.05
paper-evidence-v1-locked-test::one_step_governed_pva_direct,synthetic-feasible-v1,synthetic,rapid_reversal__test__018,test,150818,clean,one_step_governed_pva_direct,447,1,command_p,stop-j0-k208,stop,2.08,0,joint_0,0,0.0,0.023494292785249848,0.1,0.1,0.05
paper-evidence-v1-locked-test::one_step_governed_pva_direct,synthetic-feasible-v1,synthetic,rapid_reversal__test__018,test,150818,clean,one_step_governed_pva_direct,447,1,command_p,stop-j0-k230,stop,2.3000000000000003,0,joint_0,5,0.04999999999999982,0.01832719405762795,0.1,0.1,0.05
paper-evidence-v1-locked-test::one_step_governed_pva_direct,synthetic-feasible-v1,synthetic,rapid_reversal__test__018,test,150818,clean,one_step_governed_pva_direct,447,1,command_p,stop-j0-k252,stop,2.52,0,joint_0,-2,-0.020000000000000018,0.005590173632465849,0.1,0.1,0.05
paper-evidence-v1-locked-test::one_step_governed_pva_direct,synthetic-feasible-v1,synthetic,rapid_reversal__test__018,test,150818,clean,one_step_governed_pva_direct,447,1,command_p,stop-j0-k275,stop,2.75,0,joint_0,1,0.009999999999999787,0.014705493424179176,0.1,0.1,0.05
paper-evidence-v1-locked-test::one_step_governed_pva_direct,synthetic-feasible-v1,synthetic,rapid_reversal__test__018,test,150818,clean,one_step_governed_pva_direct,447,1,command_p,stop-j0-k297,stop,2.97,0,joint_0,0,0.0,0.022268595029839154,0.1,0.1,0.05
paper-evidence-v1-locked-test::one_step_governed_pva_direct,synthetic-feasible-v1,synthetic,rapid_reversal__test__018,test,150818,clean,one_step_governed_pva_direct,447,1,command_p,stop-j0-k319,stop,3.19,0,joint_0,-1,-0.010000000000000009,0.017972009424118647,0.1,0.1,0.05
paper-evidence-v1-locked-test::one_step_governed_pva_direct,synthetic-feasible-v1,synthetic,rapid_reversal__test__018,test,150818,clean,one_step_governed_pva_direct,447,1,command_p,stop-j0-k342,stop,3.42,0,joint_0,4,0.040000000000000036,0.0012354679810060382,0.1,0.1,0.05
paper-evidence-v1-locked-test::one_step_governed_pva_direct,synthetic-feasible-v1,synthetic,rapid_reversal__test__018,test,150818,clean,one_step_governed_pva_direct,447,1,command_p,stop-j0-k364,stop,3.64,0,joint_0,-5,-0.04999999999999982,0.014145333803137239,0.1,0.1,0.05
paper-evidence-v1-locked-test::one_step_governed_pva_direct,synthetic-feasible-v1,synthetic,rapid_reversal__test__018,test,150818,clean,one_step_governed_pva_direct,447,1,command_p,stop-j0-k386,stop,3.86,0,joint_0,-5,-0.04999999999999982,0.02182131283222093,0.1,0.1,0.05
paper-evidence-v1-locked-test::one_step_governed_pva_direct,synthetic-feasible-v1,synthetic,rapid_reversal__test__018,test,150818,clean,one_step_governed_pva_direct,447,1,command_p,stop-j0-k409,stop,4.09,0,joint_0,5,0.04999999999999982,0.013041404261913787,0.1,0.1,0.05
paper-evidence-v1-locked-test::one_step_governed_pva_direct,synthetic-feasible-v1,synthetic,rapid_reversal__test__018,test,150818,clean,one_step_governed_pva_direct,447,1,command_p,stop-j0-k431,stop,4.3100000000000005,0,joint_0,-2,-0.020000000000000018,0.0010580430394486185,0.1,0.1,0.05
paper-evidence-v1-locked-test::one_step_governed_pva_direct,synthetic-feasible-v1,synthetic,rapid_reversal__test__019,test,150819,clean,one_step_governed_pva_direct,255,1,command_p,stop-j0-k36,stop,0.36,0,joint_0,1,0.010000000000000009,0.0068340430100058145,0.1,0.1,0.05
paper-evidence-v1-locked-test::one_step_governed_pva_direct,synthetic-feasible-v1,synthetic,rapid_reversal__test__019,test,150819,clean,one_step_governed_pva_direct,255,1,command_p,stop-j0-k73,stop,0.73,0,joint_0,-1,-0.010000000000000009,0.00453218439743359,0.1,0.1,0.05
paper-evidence-v1-locked-test::one_step_governed_pva_direct,synthetic-feasible-v1,synthetic,rapid_reversal__test__019,test,150819,clean,one_step_governed_pva_direct,255,1,command_p,stop-j0-k110,stop,1.1,0,joint_0,1,0.010000000000000009,0.006170146235574626,0.1,0.1,0.05
paper-evidence-v1-locked-test::one_step_governed_pva_direct,synthetic-feasible-v1,synthetic,rapid_reversal__test__019,test,150819,clean,one_step_governed_pva_direct,255,1,command_p,reversal-j0-k112,reversal,1.105,0,joint_0,1,0.010000000000000009,0.006246844653199607,0.1,0.1,0.05
paper-evidence-v1-locked-test::one_step_governed_pva_direct,synthetic-feasible-v1,synthetic,rapid_reversal__test__019,test,150819,clean,one_step_governed_pva_direct,255,1,command_p,stop-j0-k147,stop,1.47,0,joint_0,3,0.030000000000000027,0.005122367183649995,0.1,0.1,0.05
paper-evidence-v1-locked-test::one_step_governed_pva_direct,synthetic-feasible-v1,synthetic,rapid_reversal__test__019,test,150819,clean,one_step_governed_pva_direct,255,1,command_p,reversal-j0-k149,reversal,1.475,0,joint_0,3,0.030000000000000027,0.005270598208356091,0.1,0.1,0.05
paper-evidence-v1-locked-test::one_step_governed_pva_direct,synthetic-feasible-v1,synthetic,rapid_reversal__test__019,test,150819,clean,one_step_governed_pva_direct,255,1,command_p,stop-j0-k185,stop,1.85,0,joint_0,0,0.0,0.002272712246946941,0.1,0.1,0.05
paper-evidence-v1-locked-test::one_step_governed_pva_direct,synthetic-feasible-v1,synthetic,rapid_reversal__test__019,test,150819,clean,one_step_governed_pva_direct,255,1,command_p,stop-j0-k222,stop,2.22,0,joint_0,1,0.009999999999999787,0.007675768310669328,0.1,0.1,0.05
paper-evidence-v1-locked-test::one_step_governed_pva_direct,synthetic-feasible-v1,synthetic,rapid_reversal__test__019,test,150819,clean,one_step_governed_pva_direct,255,1,command_p,reversal-j0-k224,reversal,2.225,0,joint_0,1,0.009999999999999787,0.007675768310669328,0.1,0.1,0.05
paper-evidence-v1-locked-test::one_step_governed_pva_direct,synthetic-feasible-v1,synthetic,rapid_reversal__test__020,test,150820,clean,one_step_governed_pva_direct,380,1,command_p,stop-j0-k24,stop,0.24,0,joint_0,1,0.010000000000000009,0.0044720129134149435,0.1,0.1,0.05
paper-evidence-v1-locked-test::one_step_governed_pva_direct,synthetic-feasible-v1,synthetic,rapid_reversal__test__020,test,150820,clean,one_step_governed_pva_direct,380,1,command_p,stop-j0-k46,stop,0.46,0,joint_0,1,0.010000000000000009,0.0051387354961616016,0.1,0.1,0.05
paper-evidence-v1-locked-test::one_step_governed_pva_direct,synthetic-feasible-v1,synthetic,rapid_reversal__test__020,test,150820,clean,one_step_governed_pva_direct,380,1,command_p,stop-j0-k67,stop,0.67,0,joint_0,1,0.010000000000000009,0.004286302398184037,0.1,0.1,0.05
paper-evidence-v1-locked-test::one_step_governed_pva_direct,synthetic-feasible-v1,synthetic,rapid_reversal__test__020,test,150820,clean,one_step_governed_pva_direct,380,1,command_p,stop-j0-k88,stop,0.88,0,joint_0,2,0.020000000000000018,0.001233707524562531,0.1,0.1,0.05
paper-evidence-v1-locked-test::one_step_governed_pva_direct,synthetic-feasible-v1,synthetic,rapid_reversal__test__020,test,150820,clean,one_step_governed_pva_direct,380,1,command_p,reversal-j0-k110,reversal,1.0950000000000002,0,joint_0,1,0.010000000000000009,0.0023947323115722607,0.1,0.1,0.05
paper-evidence-v1-locked-test::one_step_governed_pva_direct,synthetic-feasible-v1,synthetic,rapid_reversal__test__020,test,150820,clean,one_step_governed_pva_direct,380,1,command_p,stop-j0-k131,stop,1.31,0,joint_0,1,0.010000000000000009,0.0048872532592845845,0.1,0.1,0.05
paper-evidence-v1-locked-test::one_step_governed_pva_direct,synthetic-feasible-v1,synthetic,rapid_reversal__test__020,test,150820,clean,one_step_governed_pva_direct,380,1,command_p,stop-j0-k152,stop,1.52,0,joint_0,2,0.020000000000000018,0.004063449461506087,0.1,0.1,0.05
paper-evidence-v1-locked-test::one_step_governed_pva_direct,synthetic-feasible-v1,synthetic,rapid_reversal__test__020,test,150820,clean,one_step_governed_pva_direct,380,1,command_p,reversal-j0-k174,reversal,1.7349999999999999,0,joint_0,1,0.010000000000000009,0.002566322247164099,0.1,0.1,0.05
paper-evidence-v1-locked-test::one_step_governed_pva_direct,synthetic-feasible-v1,synthetic,rapid_reversal__test__020,test,150820,clean,one_step_governed_pva_direct,380,1,command_p,stop-j0-k195,stop,1.95,0,joint_0,1,0.010000000000000009,0.0017747908912791894,0.1,0.1,0.05
paper-evidence-v1-locked-test::one_step_governed_pva_direct,synthetic-feasible-v1,synthetic,rapid_reversal__test__020,test,150820,clean,one_step_governed_pva_direct,380,1,command_p,stop-j0-k216,stop,2.16,0,joint_0,1,0.009999999999999787,0.003402162024881697,0.1,0.1,0.05
paper-evidence-v1-locked-test::one_step_governed_pva_direct,synthetic-feasible-v1,synthetic,rapid_reversal__test__020,test,150820,clean,one_step_governed_pva_direct,380,1,command_p,stop-j0-k237,stop,2.37,0,joint_0,1,0.009999999999999787,0.0050819229519258055,0.1,0.1,0.05
paper-evidence-v1-locked-test::one_step_governed_pva_direct,synthetic-feasible-v1,synthetic,rapid_reversal__test__020,test,150820,clean,one_step_governed_pva_direct,380,1,command_p,stop-j0-k259,stop,2.59,0,joint_0,1,0.010000000000000009,0.0033357024365272716,0.1,0.1,0.05
paper-evidence-v1-locked-test::one_step_governed_pva_direct,synthetic-feasible-v1,synthetic,rapid_reversal__test__020,test,150820,clean,one_step_governed_pva_direct,380,1,command_p,stop-j0-k280,stop,2.8000000000000003,0,joint_0,1,0.009999999999999787,0.001031138457815697,0.1,0.1,0.05
paper-evidence-v1-locked-test::one_step_governed_pva_direct,synthetic-feasible-v1,synthetic,rapid_reversal__test__020,test,150820,clean,one_step_governed_pva_direct,380,1,command_p,stop-j0-k301,stop,3.0100000000000002,0,joint_0,1,0.009999999999999787,0.0033425975903649888,0.1,0.1,0.05
paper-evidence-v1-locked-test::one_step_governed_pva_direct,synthetic-feasible-v1,synthetic,rapid_reversal__test__020,test,150820,clean,one_step_governed_pva_direct,380,1,command_p,reversal-j0-k323,reversal,3.225,0,joint_0,1,0.009999999999999787,0.004269536631060276,0.1,0.1,0.05
paper-evidence-v1-locked-test::one_step_governed_pva_direct,synthetic-feasible-v1,synthetic,rapid_reversal__test__020,test,150820,clean,one_step_governed_pva_direct,380,1,command_p,stop-j0-k344,stop,3.44,0,joint_0,1,0.010000000000000009,0.004306775133122441,0.1,0.1,0.05
paper-evidence-v1-locked-test::one_step_governed_pva_direct,synthetic-feasible-v1,synthetic,rapid_reversal__test__020,test,150820,clean,one_step_governed_pva_direct,380,1,command_p,stop-j0-k365,stop,3.65,0,joint_0,2,0.020000000000000018,0.0016875208602907651,0.1,0.1,0.05
paper-evidence-v1-locked-test::one_step_governed_pva_direct,synthetic-feasible-v1,synthetic,stop_and_go__test__001,test,140801,clean,one_step_governed_pva_direct,422,1,command_p,stop-j0-k111,stop,1.11,0,joint_0,1,0.010000000000000009,8.52296402729905e-05,0.1,0.1,0.05
paper-evidence-v1-locked-test::one_step_governed_pva_direct,synthetic-feasible-v1,synthetic,stop_and_go__test__001,test,140801,clean,one_step_governed_pva_direct,422,1,command_p,reversal-j0-k188,reversal,1.4900000000000002,0,joint_0,5,0.050000000000000044,0.00023622734003964525,0.1,0.1,0.05
paper-evidence-v1-locked-test::one_step_governed_pva_direct,synthetic-feasible-v1,synthetic,stop_and_go__test__001,test,140801,clean,one_step_governed_pva_direct,422,1,command_p,stop-j0-k289,stop,2.89,0,joint_0,1,0.009999999999999787,0.00010472813496807925,0.1,0.1,0.05
paper-evidence-v1-locked-test::one_step_governed_pva_direct,synthetic-feasible-v1,synthetic,stop_and_go__test__001,test,140801,clean,one_step_governed_pva_direct,422,1,command_p,reversal-j0-k351,reversal,3.1950000000000003,0,joint_0,-5,-0.050000000000000266,0.0001114381595765868,0.1,0.1,0.05
paper-evidence-v1-locked-test::one_step_governed_pva_direct,synthetic-feasible-v1,synthetic,stop_and_go__test__002,test,140802,clean,one_step_governed_pva_direct,279,1,command_p,stop-j0-k73,stop,0.73,0,joint_0,0,0.0,0.00024260359161053317,0.1,0.1,0.05
paper-evidence-v1-locked-test::one_step_governed_pva_direct,synthetic-feasible-v1,synthetic,stop_and_go__test__002,test,140802,clean,one_step_governed_pva_direct,279,1,command_p,reversal-j0-k124,reversal,0.98,0,joint_0,-5,-0.050000000000000044,0.00014392839518799217,0.1,0.1,0.05
paper-evidence-v1-locked-test::one_step_governed_pva_direct,synthetic-feasible-v1,synthetic,stop_and_go__test__002,test,140802,clean,one_step_governed_pva_direct,279,1,command_p,stop-j0-k191,stop,1.9100000000000001,0,joint_0,1,0.010000000000000009,0.0003015921511862223,0.1,0.1,0.05
paper-evidence-v1-locked-test::one_step_governed_pva_direct,synthetic-feasible-v1,synthetic,stop_and_go__test__002,test,140802,clean,one_step_governed_pva_direct,279,1,command_p,reversal-j0-k232,reversal,2.11,0,joint_0,-5,-0.04999999999999982,0.00043038895652319846,0.1,0.1,0.05
paper-evidence-v1-locked-test::one_step_governed_pva_direct,synthetic-feasible-v1,synthetic,stop_and_go__test__003,test,140803,clean,one_step_governed_pva_direct,337,1,command_p,stop-j0-k88,stop,0.88,0,joint_0,0,0.0,0.0003405462128133151,0.1,0.1,0.05
paper-evidence-v1-locked-test::one_step_governed_pva_direct,synthetic-feasible-v1,synthetic,stop_and_go__test__003,test,140803,clean,one_step_governed_pva_direct,337,1,command_p,reversal-j0-k150,reversal,1.185,0,joint_0,-5,-0.050000000000000044,0.0005193400629763043,0.1,0.1,0.05
paper-evidence-v1-locked-test::one_step_governed_pva_direct,synthetic-feasible-v1,synthetic,stop_and_go__test__003,test,140803,clean,one_step_governed_pva_direct,337,1,command_p,stop-j0-k231,stop,2.31,0,joint_0,1,0.009999999999999787,0.00042713203024540285,0.1,0.1,0.05
paper-evidence-v1-locked-test::one_step_governed_pva_direct,synthetic-feasible-v1,synthetic,stop_and_go__test__003,test,140803,clean,one_step_governed_pva_direct,337,1,command_p,reversal-j0-k280,reversal,2.5500000000000003,0,joint_0,-5,-0.04999999999999982,0.0008113711890269811,0.1,0.1,0.05
paper-evidence-v1-locked-test::one_step_governed_pva_direct,synthetic-feasible-v1,synthetic,stop_and_go__test__004,test,140804,clean,one_step_governed_pva_direct,269,1,command_p,stop-j0-k71,stop,0.71,0,joint_0,0,0.0,0.00041926517671775495,0.1,0.1,0.05
paper-evidence-v1-locked-test::one_step_governed_pva_direct,synthetic-feasible-v1,synthetic,stop_and_go__test__004,test,140804,clean,one_step_governed_pva_direct,269,1,command_p,reversal-j0-k120,reversal,0.95,0,joint_0,-5,-0.050000000000000044,0.00022027344995152347,0.1,0.1,0.05
paper-evidence-v1-locked-test::one_step_governed_pva_direct,synthetic-feasible-v1,synthetic,stop_and_go__test__004,test,140804,clean,one_step_governed_pva_direct,269,1,command_p,stop-j0-k184,stop,1.84,0,joint_0,1,0.010000000000000009,0.000653166394765374,0.1,0.1,0.05
paper-evidence-v1-locked-test::one_step_governed_pva_direct,synthetic-feasible-v1,synthetic,stop_and_go__test__004,test,140804,clean,one_step_governed_pva_direct,269,1,command_p,reversal-j0-k224,reversal,2.035,0,joint_0,-5,-0.04999999999999982,0.0006672756197030316,0.1,0.1,0.05
paper-evidence-v1-locked-test::one_step_governed_pva_direct,synthetic-feasible-v1,synthetic,stop_and_go__test__005,test,140805,clean,one_step_governed_pva_direct,357,1,command_p,stop-j0-k94,stop,0.9400000000000001,0,joint_0,0,0.0,8.098320745024093e-05,0.1,0.1,0.05
paper-evidence-v1-locked-test::one_step_governed_pva_direct,synthetic-feasible-v1,synthetic,stop_and_go__test__005,test,140805,clean,one_step_governed_pva_direct,357,1,command_p,reversal-j0-k159,reversal,1.26,0,joint_0,-5,-0.050000000000000044,0.00016828192611602778,0.1,0.1,0.05
paper-evidence-v1-locked-test::one_step_governed_pva_direct,synthetic-feasible-v1,synthetic,stop_and_go__test__005,test,140805,clean,one_step_governed_pva_direct,357,1,command_p,stop-j0-k244,stop,2.44,0,joint_0,1,0.010000000000000009,9.966483776575118e-05,0.1,0.1,0.05
paper-evidence-v1-locked-test::one_step_governed_pva_direct,synthetic-feasible-v1,synthetic,stop_and_go__test__005,test,140805,clean,one_step_governed_pva_direct,357,1,command_p,reversal-j0-k296,reversal,2.6950000000000003,0,joint_0,0,0.0,0.0001831668621570594,0.1,0.1,0.05
paper-evidence-v1-locked-test::one_step_governed_pva_direct,synthetic-feasible-v1,synthetic,stop_and_go__test__006,test,140806,clean,one_step_governed_pva_direct,419,1,command_p,stop-j0-k110,stop,1.1,0,joint_0,1,0.010000000000000009,0.00020716787927053108,0.1,0.1,0.05
paper-evidence-v1-locked-test::one_step_governed_pva_direct,synthetic-feasible-v1,synthetic,stop_and_go__test__006,test,140806,clean,one_step_governed_pva_direct,419,1,command_p,reversal-j0-k187,reversal,1.48,0,joint_0,5,0.050000000000000044,0.0005876950520767564,0.1,0.1,0.05
paper-evidence-v1-locked-test::one_step_governed_pva_direct,synthetic-feasible-v1,synthetic,stop_and_go__test__006,test,140806,clean,one_step_governed_pva_direct,419,1,command_p,stop-j0-k287,stop,2.87,0,joint_0,1,0.009999999999999787,0.00025041738528433965,0.1,0.1,0.05
paper-evidence-v1-locked-test::one_step_governed_pva_direct,synthetic-feasible-v1,synthetic,stop_and_go__test__006,test,140806,clean,one_step_governed_pva_direct,419,1,command_p,reversal-j0-k348,reversal,3.17,0,joint_0,-5,-0.04999999999999982,0.00026899374302009465,0.1,0.1,0.05
paper-evidence-v1-locked-test::one_step_governed_pva_direct,synthetic-feasible-v1,synthetic,stop_and_go__test__007,test,140807,clean,one_step_governed_pva_direct,424,1,command_p,stop-j0-k111,stop,1.11,0,joint_0,1,0.010000000000000009,0.00031649460768351924,0.1,0.1,0.05
paper-evidence-v1-locked-test::one_step_governed_pva_direct,synthetic-feasible-v1,synthetic,stop_and_go__test__007,test,140807,clean,one_step_governed_pva_direct,424,1,command_p,reversal-j0-k189,reversal,1.495,0,joint_0,5,0.050000000000000044,0.0008925637190654823,0.1,0.1,0.05
paper-evidence-v1-locked-test::one_step_governed_pva_direct,synthetic-feasible-v1,synthetic,stop_and_go__test__007,test,140807,clean,one_step_governed_pva_direct,424,1,command_p,stop-j0-k291,stop,2.91,0,joint_0,0,0.0,0.00034554176481498873,0.1,0.1,0.05
paper-evidence-v1-locked-test::one_step_governed_pva_direct,synthetic-feasible-v1,synthetic,stop_and_go__test__007,test,140807,clean,one_step_governed_pva_direct,424,1,command_p,reversal-j0-k353,reversal,3.215,0,joint_0,-5,-0.050000000000000266,0.00043172456266216266,0.1,0.1,0.05
paper-evidence-v1-locked-test::one_step_governed_pva_direct,synthetic-feasible-v1,synthetic,stop_and_go__test__008,test,140808,clean,one_step_governed_pva_direct,305,1,command_p,stop-j0-k80,stop,0.8,0,joint_0,0,0.0,0.0003961421582407994,0.1,0.1,0.05
paper-evidence-v1-locked-test::one_step_governed_pva_direct,synthetic-feasible-v1,synthetic,stop_and_go__test__008,test,140808,clean,one_step_governed_pva_direct,305,1,command_p,reversal-j0-k136,reversal,1.0750000000000002,0,joint_0,-5,-0.050000000000000044,0.00043508444742051456,0.1,0.1,0.05
paper-evidence-v1-locked-test::one_step_governed_pva_direct,synthetic-feasible-v1,synthetic,stop_and_go__test__008,test,140808,clean,one_step_governed_pva_direct,305,1,command_p,stop-j0-k209,stop,2.09,0,joint_0,1,0.009999999999999898,0.0005092056451632212,0.1,0.1,0.05
paper-evidence-v1-locked-test::one_step_governed_pva_direct,synthetic-feasible-v1,synthetic,stop_and_go__test__008,test,140808,clean,one_step_governed_pva_direct,305,1,command_p,reversal-j0-k253,reversal,2.305,0,joint_0,-5,-0.04999999999999982,0.0010102506608882125,0.1,0.1,0.05
paper-evidence-v1-locked-test::one_step_governed_pva_direct,synthetic-feasible-v1,synthetic,stop_and_go__test__009,test,140809,clean,one_step_governed_pva_direct,443,1,command_p,stop-j0-k116,stop,1.16,0,joint_0,1,0.010000000000000009,9.701574021400548e-05,0.1,0.1,0.05
paper-evidence-v1-locked-test::one_step_governed_pva_direct,synthetic-feasible-v1,synthetic,stop_and_go__test__009,test,140809,clean,one_step_governed_pva_direct,443,1,command_p,reversal-j0-k198,reversal,1.565,0,joint_0,5,0.050000000000000044,0.00024147408424403946,0.1,0.1,0.05
paper-evidence-v1-locked-test::one_step_governed_pva_direct,synthetic-feasible-v1,synthetic,stop_and_go__test__009,test,140809,clean,one_step_governed_pva_direct,443,1,command_p,stop-j0-k304,stop,3.04,0,joint_0,0,0.0,7.929473957719335e-05,0.1,0.1,0.05
paper-evidence-v1-locked-test::one_step_governed_pva_direct,synthetic-feasible-v1,synthetic,stop_and_go__test__009,test,140809,clean,one_step_governed_pva_direct,443,1,command_p,reversal-j0-k369,reversal,3.3600000000000003,0,joint_0,-5,-0.04999999999999982,0.000162013177959571,0.1,0.1,0.05
paper-evidence-v1-locked-test::one_step_governed_pva_direct,synthetic-feasible-v1,synthetic,stop_and_go__test__010,test,140810,clean,one_step_governed_pva_direct,408,1,command_p,stop-j0-k107,stop,1.07,0,joint_0,1,0.010000000000000009,0.00018979416061620422,0.1,0.1,0.05
paper-evidence-v1-locked-test::one_step_governed_pva_direct,synthetic-feasible-v1,synthetic,stop_and_go__test__010,test,140810,clean,one_step_governed_pva_direct,408,1,command_p,reversal-j0-k182,reversal,1.44,0,joint_0,0,0.0,0.0005696860929215899,0.1,0.1,0.05
paper-evidence-v1-locked-test::one_step_governed_pva_direct,synthetic-feasible-v1,synthetic,stop_and_go__test__010,test,140810,clean,one_step_governed_pva_direct,408,1,command_p,stop-j0-k279,stop,2.79,0,joint_0,1,0.009999999999999787,0.0002116663878522511,0.1,0.1,0.05
paper-evidence-v1-locked-test::one_step_governed_pva_direct,synthetic-feasible-v1,synthetic,stop_and_go__test__010,test,140810,clean,one_step_governed_pva_direct,408,1,command_p,reversal-j0-k339,reversal,3.085,0,joint_0,-5,-0.04999999999999982,0.0002621541933272321,0.1,0.1,0.05
paper-evidence-v1-locked-test::one_step_governed_pva_direct,synthetic-feasible-v1,synthetic,stop_and_go__test__011,test,140811,clean,one_step_governed_pva_direct,281,1,command_p,stop-j0-k74,stop,0.74,0,joint_0,0,0.0,0.0003287526130477524,0.1,0.1,0.05
paper-evidence-v1-locked-test::one_step_governed_pva_direct,synthetic-feasible-v1,synthetic,stop_and_go__test__011,test,140811,clean,one_step_governed_pva_direct,281,1,command_p,reversal-j0-k125,reversal,0.99,0,joint_0,-5,-0.050000000000000044,0.0002296047759370352,0.1,0.1,0.05
paper-evidence-v1-locked-test::one_step_governed_pva_direct,synthetic-feasible-v1,synthetic,stop_and_go__test__011,test,140811,clean,one_step_governed_pva_direct,281,1,command_p,stop-j0-k192,stop,1.92,0,joint_0,1,0.010000000000000009,0.00046585737214526417,0.1,0.1,0.05
paper-evidence-v1-locked-test::one_step_governed_pva_direct,synthetic-feasible-v1,synthetic,stop_and_go__test__011,test,140811,clean,one_step_governed_pva_direct,281,1,command_p,reversal-j0-k234,reversal,2.125,0,joint_0,-5,-0.04999999999999982,0.0006595337233597877,0.1,0.1,0.05
paper-evidence-v1-locked-test::one_step_governed_pva_direct,synthetic-feasible-v1,synthetic,stop_and_go__test__012,test,140812,clean,one_step_governed_pva_direct,270,1,command_p,stop-j0-k71,stop,0.71,0,joint_0,0,0.0,0.00045107586038678975,0.1,0.1,0.05
paper-evidence-v1-locked-test::one_step_governed_pva_direct,synthetic-feasible-v1,synthetic,stop_and_go__test__012,test,140812,clean,one_step_governed_pva_direct,270,1,command_p,reversal-j0-k121,reversal,0.9550000000000001,0,joint_0,-5,-0.050000000000000044,0.0002262350649389911,0.1,0.1,0.05
paper-evidence-v1-locked-test::one_step_governed_pva_direct,synthetic-feasible-v1,synthetic,stop_and_go__test__012,test,140812,clean,one_step_governed_pva_direct,270,1,command_p,stop-j0-k185,stop,1.85,0,joint_0,1,0.010000000000000009,0.0006338298763621647,0.1,0.1,0.05
paper-evidence-v1-locked-test::one_step_governed_pva_direct,synthetic-feasible-v1,synthetic,stop_and_go__test__012,test,140812,clean,one_step_governed_pva_direct,270,1,command_p,reversal-j0-k225,reversal,2.045,0,joint_0,-5,-0.04999999999999982,0.0006865348245292347,0.1,0.1,0.05
paper-evidence-v1-locked-test::one_step_governed_pva_direct,synthetic-feasible-v1,synthetic,stop_and_go__test__013,test,140813,clean,one_step_governed_pva_direct,318,1,command_p,stop-j0-k84,stop,0.84,0,joint_0,0,0.0,7.374781566870715e-05,0.1,0.1,0.05
paper-evidence-v1-locked-test::one_step_governed_pva_direct,synthetic-feasible-v1,synthetic,stop_and_go__test__013,test,140813,clean,one_step_governed_pva_direct,318,1,command_p,reversal-j0-k142,reversal,1.125,0,joint_0,-5,-0.050000000000000044,0.00011381849804330251,0.1,0.1,0.05
paper-evidence-v1-locked-test::one_step_governed_pva_direct,synthetic-feasible-v1,synthetic,stop_and_go__test__013,test,140813,clean,one_step_governed_pva_direct,318,1,command_p,stop-j0-k218,stop,2.18,0,joint_0,1,0.009999999999999787,0.0001109486308890068,0.1,0.1,0.05
paper-evidence-v1-locked-test::one_step_governed_pva_direct,synthetic-feasible-v1,synthetic,stop_and_go__test__013,test,140813,clean,one_step_governed_pva_direct,318,1,command_p,reversal-j0-k264,reversal,2.4050000000000002,0,joint_0,-5,-0.04999999999999982,0.00022456353107694525,0.1,0.1,0.05
paper-evidence-v1-locked-test::one_step_governed_pva_direct,synthetic-feasible-v1,synthetic,stop_and_go__test__014,test,140814,clean,one_step_governed_pva_direct,428,1,command_p,stop-j0-k112,stop,1.12,0,joint_0,1,0.010000000000000009,0.00021661285983711484,0.1,0.1,0.05
paper-evidence-v1-locked-test::one_step_governed_pva_direct,synthetic-feasible-v1,synthetic,stop_and_go__test__014,test,140814,clean,one_step_governed_pva_direct,428,1,command_p,reversal-j0-k191,reversal,1.5100000000000002,0,joint_0,5,0.050000000000000044,0.0005957097142020377,0.1,0.1,0.05
paper-evidence-v1-locked-test::one_step_governed_pva_direct,synthetic-feasible-v1,synthetic,stop_and_go__test__014,test,140814,clean,one_step_governed_pva_direct,428,1,command_p,stop-j0-k293,stop,2.93,0,joint_0,0,0.0,0.0001891575759356069,0.1,0.1,0.05
paper-evidence-v1-locked-test::one_step_governed_pva_direct,synthetic-feasible-v1,synthetic,stop_and_go__test__014,test,140814,clean,one_step_governed_pva_direct,428,1,command_p,reversal-j0-k355,reversal,3.2350000000000003,0,joint_0,-5,-0.050000000000000266,0.00029451740370541187,0.1,0.1,0.05
paper-evidence-v1-locked-test::one_step_governed_pva_direct,synthetic-feasible-v1,synthetic,stop_and_go__test__015,test,140815,clean,one_step_governed_pva_direct,319,1,command_p,stop-j0-k84,stop,0.84,0,joint_0,0,0.0,0.00029915369892144315,0.1,0.1,0.05
paper-evidence-v1-locked-test::one_step_governed_pva_direct,synthetic-feasible-v1,synthetic,stop_and_go__test__015,test,140815,clean,one_step_governed_pva_direct,319,1,command_p,reversal-j0-k142,reversal,1.125,0,joint_0,-5,-0.050000000000000044,0.0004267806904665943,0.1,0.1,0.05
paper-evidence-v1-locked-test::one_step_governed_pva_direct,synthetic-feasible-v1,synthetic,stop_and_go__test__015,test,140815,clean,one_step_governed_pva_direct,319,1,command_p,stop-j0-k219,stop,2.19,0,joint_0,1,0.010000000000000009,0.00042342801041959433,0.1,0.1,0.05
paper-evidence-v1-locked-test::one_step_governed_pva_direct,synthetic-feasible-v1,synthetic,stop_and_go__test__015,test,140815,clean,one_step_governed_pva_direct,319,1,command_p,reversal-j0-k265,reversal,2.415,0,joint_0,-5,-0.04999999999999982,0.0008440441137591583,0.1,0.1,0.05
paper-evidence-v1-locked-test::one_step_governed_pva_direct,synthetic-feasible-v1,synthetic,stop_and_go__test__016,test,140816,clean,one_step_governed_pva_direct,297,1,command_p,stop-j0-k78,stop,0.78,0,joint_0,0,0.0,0.0003864928466222073,0.1,0.1,0.05
paper-evidence-v1-locked-test::one_step_governed_pva_direct,synthetic-feasible-v1,synthetic,stop_and_go__test__016,test,140816,clean,one_step_governed_pva_direct,297,1,command_p,reversal-j0-k132,reversal,1.045,0,joint_0,-5,-0.050000000000000044,0.00037988477415253633,0.1,0.1,0.05
paper-evidence-v1-locked-test::one_step_governed_pva_direct,synthetic-feasible-v1,synthetic,stop_and_go__test__016,test,140816,clean,one_step_governed_pva_direct,297,1,command_p,stop-j0-k203,stop,2.0300000000000002,0,joint_0,1,0.010000000000000009,0.00048826817712649526,0.1,0.1,0.05
paper-evidence-v1-locked-test::one_step_governed_pva_direct,synthetic-feasible-v1,synthetic,stop_and_go__test__016,test,140816,clean,one_step_governed_pva_direct,297,1,command_p,reversal-j0-k246,reversal,2.24,0,joint_0,-5,-0.04999999999999982,0.0009678873037361804,0.1,0.1,0.05
paper-evidence-v1-locked-test::one_step_governed_pva_direct,synthetic-feasible-v1,synthetic,stop_and_go__test__017,test,140817,clean,one_step_governed_pva_direct,326,1,command_p,stop-j0-k86,stop,0.86,0,joint_0,0,0.0,7.74019882706068e-05,0.1,0.1,0.05
paper-evidence-v1-locked-test::one_step_governed_pva_direct,synthetic-feasible-v1,synthetic,stop_and_go__test__017,test,140817,clean,one_step_governed_pva_direct,326,1,command_p,reversal-j0-k146,reversal,1.155,0,joint_0,-5,-0.050000000000000044,0.00012606927977149108,0.1,0.1,0.05
paper-evidence-v1-locked-test::one_step_governed_pva_direct,synthetic-feasible-v1,synthetic,stop_and_go__test__017,test,140817,clean,one_step_governed_pva_direct,326,1,command_p,stop-j0-k224,stop,2.24,0,joint_0,1,0.009999999999999787,0.00011478460328087537,0.1,0.1,0.05
paper-evidence-v1-locked-test::one_step_governed_pva_direct,synthetic-feasible-v1,synthetic,stop_and_go__test__017,test,140817,clean,one_step_governed_pva_direct,326,1,command_p,reversal-j0-k271,reversal,2.4699999999999998,0,joint_0,-5,-0.050000000000000044,0.00022305847432605583,0.1,0.1,0.05
paper-evidence-v1-locked-test::one_step_governed_pva_direct,synthetic-feasible-v1,synthetic,stop_and_go__test__018,test,140818,clean,one_step_governed_pva_direct,428,1,command_p,stop-j0-k112,stop,1.12,0,joint_0,1,0.010000000000000009,0.0002157584141236022,0.1,0.1,0.05
paper-evidence-v1-locked-test::one_step_governed_pva_direct,synthetic-feasible-v1,synthetic,stop_and_go__test__018,test,140818,clean,one_step_governed_pva_direct,428,1,command_p,reversal-j0-k191,reversal,1.5100000000000002,0,joint_0,5,0.050000000000000044,0.0005976727833916664,0.1,0.1,0.05
paper-evidence-v1-locked-test::one_step_governed_pva_direct,synthetic-feasible-v1,synthetic,stop_and_go__test__018,test,140818,clean,one_step_governed_pva_direct,428,1,command_p,stop-j0-k293,stop,2.93,0,joint_0,0,0.0,0.0002164887690436131,0.1,0.1,0.05
paper-evidence-v1-locked-test::one_step_governed_pva_direct,synthetic-feasible-v1,synthetic,stop_and_go__test__018,test,140818,clean,one_step_governed_pva_direct,428,1,command_p,reversal-j0-k356,reversal,3.24,0,joint_0,-5,-0.04999999999999982,0.0003020233897578078,0.1,0.1,0.05
paper-evidence-v1-locked-test::one_step_governed_pva_direct,synthetic-feasible-v1,synthetic,stop_and_go__test__019,test,140819,clean,one_step_governed_pva_direct,289,1,command_p,stop-j0-k76,stop,0.76,0,joint_0,0,0.0,0.0003198596938671255,0.1,0.1,0.05
paper-evidence-v1-locked-test::one_step_governed_pva_direct,synthetic-feasible-v1,synthetic,stop_and_go__test__019,test,140819,clean,one_step_governed_pva_direct,289,1,command_p,reversal-j0-k129,reversal,1.02,0,joint_0,-5,-0.050000000000000044,0.00027143812578498707,0.1,0.1,0.05
paper-evidence-v1-locked-test::one_step_governed_pva_direct,synthetic-feasible-v1,synthetic,stop_and_go__test__019,test,140819,clean,one_step_governed_pva_direct,289,1,command_p,stop-j0-k198,stop,1.98,0,joint_0,1,0.010000000000000009,0.00042405268072589336,0.1,0.1,0.05
paper-evidence-v1-locked-test::one_step_governed_pva_direct,synthetic-feasible-v1,synthetic,stop_and_go__test__019,test,140819,clean,one_step_governed_pva_direct,289,1,command_p,reversal-j0-k240,reversal,2.185,0,joint_0,-5,-0.04999999999999982,0.0007248675828542664,0.1,0.1,0.05
paper-evidence-v1-locked-test::one_step_governed_pva_direct,synthetic-feasible-v1,synthetic,stop_and_go__test__020,test,140820,clean,one_step_governed_pva_direct,257,1,command_p,stop-j0-k68,stop,0.68,0,joint_0,0,0.0,0.00041668054611823934,0.1,0.1,0.05
paper-evidence-v1-locked-test::one_step_governed_pva_direct,synthetic-feasible-v1,synthetic,stop_and_go__test__020,test,140820,clean,one_step_governed_pva_direct,257,1,command_p,reversal-j0-k115,reversal,0.9100000000000001,0,joint_0,-5,-0.04999999999999993,0.00016756601678005078,0.1,0.1,0.05
paper-evidence-v1-locked-test::one_step_governed_pva_direct,synthetic-feasible-v1,synthetic,stop_and_go__test__020,test,140820,clean,one_step_governed_pva_direct,257,1,command_p,stop-j0-k176,stop,1.76,0,joint_0,0,0.0,0.0006581414816375054,0.1,0.1,0.05
paper-evidence-v1-locked-test::one_step_governed_pva_direct,synthetic-feasible-v1,synthetic,stop_and_go__test__020,test,140820,clean,one_step_governed_pva_direct,257,1,command_p,reversal-j0-k214,reversal,1.945,0,joint_0,-5,-0.050000000000000044,0.0004998417337992099,0.1,0.1,0.05
paper-evidence-v1-locked-test::one_step_governed_pva_ruckig,synthetic-feasible-v1,synthetic,rapid_reversal__test__001,test,150801,clean,one_step_governed_pva_ruckig,334,1,command_p,reversal-j0-k16,reversal,0.155,0,joint_0,-5,-0.05,0.010649414053882205,0.1,0.1,0.05
paper-evidence-v1-locked-test::one_step_governed_pva_ruckig,synthetic-feasible-v1,synthetic,rapid_reversal__test__001,test,150801,clean,one_step_governed_pva_ruckig,334,1,command_p,stop-j0-k38,stop,0.38,0,joint_0,-5,-0.04999999999999999,0.023324597640409797,0.1,0.1,0.05
paper-evidence-v1-locked-test::one_step_governed_pva_ruckig,synthetic-feasible-v1,synthetic,rapid_reversal__test__001,test,150801,clean,one_step_governed_pva_ruckig,334,1,command_p,stop-j0-k61,stop,0.61,0,joint_0,5,0.050000000000000044,0.01887972005619729,0.1,0.1,0.05
paper-evidence-v1-locked-test::one_step_governed_pva_ruckig,synthetic-feasible-v1,synthetic,rapid_reversal__test__001,test,150801,clean,one_step_governed_pva_ruckig,334,1,command_p,stop-j0-k84,stop,0.84,0,joint_0,-2,-0.020000000000000018,0.005461688616094272,0.1,0.1,0.05
paper-evidence-v1-locked-test::one_step_governed_pva_ruckig,synthetic-feasible-v1,synthetic,rapid_reversal__test__001,test,150801,clean,one_step_governed_pva_ruckig,334,1,command_p,stop-j0-k106,stop,1.06,0,joint_0,-5,-0.050000000000000044,0.014165822815326254,0.1,0.1,0.05
paper-evidence-v1-locked-test::one_step_governed_pva_ruckig,synthetic-feasible-v1,synthetic,rapid_reversal__test__001,test,150801,clean,one_step_governed_pva_ruckig,334,1,command_p,stop-j0-k129,stop,1.29,0,joint_0,5,0.050000000000000044,0.023543848125481652,0.1,0.1,0.05
paper-evidence-v1-locked-test::one_step_governed_pva_ruckig,synthetic-feasible-v1,synthetic,rapid_reversal__test__001,test,150801,clean,one_step_governed_pva_ruckig,334,1,command_p,stop-j0-k152,stop,1.52,0,joint_0,5,0.050000000000000044,0.016186168071835868,0.1,0.1,0.05
paper-evidence-v1-locked-test::one_step_governed_pva_ruckig,synthetic-feasible-v1,synthetic,rapid_reversal__test__001,test,150801,clean,one_step_governed_pva_ruckig,334,1,command_p,stop-j0-k175,stop,1.75,0,joint_0,4,0.040000000000000036,0.004235747808715819,0.1,0.1,0.05
paper-evidence-v1-locked-test::one_step_governed_pva_ruckig,synthetic-feasible-v1,synthetic,rapid_reversal__test__001,test,150801,clean,one_step_governed_pva_ruckig,334,1,command_p,stop-j0-k197,stop,1.97,0,joint_0,-5,-0.04999999999999982,0.016379939889398402,0.1,0.1,0.05
paper-evidence-v1-locked-test::one_step_governed_pva_ruckig,synthetic-feasible-v1,synthetic,rapid_reversal__test__001,test,150801,clean,one_step_governed_pva_ruckig,334,1,command_p,stop-j0-k220,stop,2.2,0,joint_0,5,0.04999999999999982,0.02256547797336443,0.1,0.1,0.05
paper-evidence-v1-locked-test::one_step_governed_pva_ruckig,synthetic-feasible-v1,synthetic,rapid_reversal__test__001,test,150801,clean,one_step_governed_pva_ruckig,334,1,command_p,stop-j0-k243,stop,2.43,0,joint_0,5,0.04999999999999982,0.010926413025639986,0.1,0.1,0.05
paper-evidence-v1-locked-test::one_step_governed_pva_ruckig,synthetic-feasible-v1,synthetic,rapid_reversal__test__001,test,150801,clean,one_step_governed_pva_ruckig,334,1,command_p,stop-j0-k265,stop,2.65,0,joint_0,-5,-0.04999999999999982,0.0031318908797201175,0.1,0.1,0.05
paper-evidence-v1-locked-test::one_step_governed_pva_ruckig,synthetic-feasible-v1,synthetic,rapid_reversal__test__001,test,150801,clean,one_step_governed_pva_ruckig,334,1,command_p,stop-j0-k288,stop,2.88,0,joint_0,-5,-0.04999999999999982,0.018241816781475486,0.1,0.1,0.05
paper-evidence-v1-locked-test::one_step_governed_pva_ruckig,synthetic-feasible-v1,synthetic,rapid_reversal__test__001,test,150801,clean,one_step_governed_pva_ruckig,334,1,command_p,stop-j0-k311,stop,3.11,0,joint_0,5,0.04999999999999982,0.019848245926413616,0.1,0.1,0.05
paper-evidence-v1-locked-test::one_step_governed_pva_ruckig,synthetic-feasible-v1,synthetic,rapid_reversal__test__002,test,150802,clean,one_step_governed_pva_ruckig,440,1,command_p,stop-j0-k24,stop,0.24,0,joint_0,1,0.010000000000000009,0.003469887683130606,0.1,0.1,0.05
paper-evidence-v1-locked-test::one_step_governed_pva_ruckig,synthetic-feasible-v1,synthetic,rapid_reversal__test__002,test,150802,clean,one_step_governed_pva_ruckig,440,1,command_p,stop-j0-k48,stop,0.48,0,joint_0,0,0.0,0.005412330441494035,0.1,0.1,0.05
paper-evidence-v1-locked-test::one_step_governed_pva_ruckig,synthetic-feasible-v1,synthetic,rapid_reversal__test__002,test,150802,clean,one_step_governed_pva_ruckig,440,1,command_p,stop-j0-k73,stop,0.73,0,joint_0,2,0.020000000000000018,0.0020369953781841105,0.1,0.1,0.05
paper-evidence-v1-locked-test::one_step_governed_pva_ruckig,synthetic-feasible-v1,synthetic,rapid_reversal__test__002,test,150802,clean,one_step_governed_pva_ruckig,440,1,command_p,stop-j0-k98,stop,0.98,0,joint_0,0,0.0,0.0015414049627012147,0.1,0.1,0.05
paper-evidence-v1-locked-test::one_step_governed_pva_ruckig,synthetic-feasible-v1,synthetic,rapid_reversal__test__002,test,150802,clean,one_step_governed_pva_ruckig,440,1,command_p,stop-j0-k122,stop,1.22,0,joint_0,1,0.010000000000000009,0.005199219486191818,0.1,0.1,0.05
paper-evidence-v1-locked-test::one_step_governed_pva_ruckig,synthetic-feasible-v1,synthetic,rapid_reversal__test__002,test,150802,clean,one_step_governed_pva_ruckig,440,1,command_p,stop-j0-k147,stop,1.47,0,joint_0,2,0.020000000000000018,0.00356981848979393,0.1,0.1,0.05
paper-evidence-v1-locked-test::one_step_governed_pva_ruckig,synthetic-feasible-v1,synthetic,rapid_reversal__test__002,test,150802,clean,one_step_governed_pva_ruckig,440,1,command_p,stop-j0-k172,stop,1.72,0,joint_0,0,0.0,0.0009173902706605467,0.1,0.1,0.05
paper-evidence-v1-locked-test::one_step_governed_pva_ruckig,synthetic-feasible-v1,synthetic,rapid_reversal__test__002,test,150802,clean,one_step_governed_pva_ruckig,440,1,command_p,stop-j0-k197,stop,1.97,0,joint_0,1,0.010000000000000009,0.004119326132803863,0.1,0.1,0.05
paper-evidence-v1-locked-test::one_step_governed_pva_ruckig,synthetic-feasible-v1,synthetic,rapid_reversal__test__002,test,150802,clean,one_step_governed_pva_ruckig,440,1,command_p,stop-j0-k221,stop,2.21,0,joint_0,2,0.020000000000000018,0.004255329894564768,0.1,0.1,0.05
paper-evidence-v1-locked-test::one_step_governed_pva_ruckig,synthetic-feasible-v1,synthetic,rapid_reversal__test__002,test,150802,clean,one_step_governed_pva_ruckig,440,1,command_p,stop-j0-k246,stop,2.46,0,joint_0,0,0.0,0.0027178995097470356,0.1,0.1,0.05
paper-evidence-v1-locked-test::one_step_governed_pva_ruckig,synthetic-feasible-v1,synthetic,rapid_reversal__test__002,test,150802,clean,one_step_governed_pva_ruckig,440,1,command_p,stop-j0-k271,stop,2.71,0,joint_0,1,0.010000000000000009,0.002451107882122124,0.1,0.1,0.05
paper-evidence-v1-locked-test::one_step_governed_pva_ruckig,synthetic-feasible-v1,synthetic,rapid_reversal__test__002,test,150802,clean,one_step_governed_pva_ruckig,440,1,command_p,stop-j0-k295,stop,2.95,0,joint_0,1,0.009999999999999787,0.004066669443183214,0.1,0.1,0.05
paper-evidence-v1-locked-test::one_step_governed_pva_ruckig,synthetic-feasible-v1,synthetic,rapid_reversal__test__002,test,150802,clean,one_step_governed_pva_ruckig,440,1,command_p,stop-j0-k320,stop,3.2,0,joint_0,1,0.009999999999999787,0.004129562001445481,0.1,0.1,0.05
paper-evidence-v1-locked-test::one_step_governed_pva_ruckig,synthetic-feasible-v1,synthetic,rapid_reversal__test__002,test,150802,clean,one_step_governed_pva_ruckig,440,1,command_p,stop-j0-k345,stop,3.45,0,joint_0,2,0.020000000000000018,0.0005336121255489097,0.1,0.1,0.05
paper-evidence-v1-locked-test::one_step_governed_pva_ruckig,synthetic-feasible-v1,synthetic,rapid_reversal__test__002,test,150802,clean,one_step_governed_pva_ruckig,440,1,command_p,stop-j0-k370,stop,3.7,0,joint_0,0,0.0,0.0030164427693865127,0.1,0.1,0.05
paper-evidence-v1-locked-test::one_step_governed_pva_ruckig,synthetic-feasible-v1,synthetic,rapid_reversal__test__002,test,150802,clean,one_step_governed_pva_ruckig,440,1,command_p,stop-j0-k394,stop,3.94,0,joint_0,0,0.0,0.004700725228607752,0.1,0.1,0.05
paper-evidence-v1-locked-test::one_step_governed_pva_ruckig,synthetic-feasible-v1,synthetic,rapid_reversal__test__002,test,150802,clean,one_step_governed_pva_ruckig,440,1,command_p,stop-j0-k419,stop,4.19,0,joint_0,2,0.020000000000000462,0.0014819074595170236,0.1,0.1,0.05
paper-evidence-v1-locked-test::one_step_governed_pva_ruckig,synthetic-feasible-v1,synthetic,rapid_reversal__test__003,test,150803,clean,one_step_governed_pva_ruckig,290,1,command_p,stop-j0-k29,stop,0.29,0,joint_0,-5,-0.04999999999999999,0.04039886875013766,0.1,0.1,0.05
paper-evidence-v1-locked-test::one_step_governed_pva_ruckig,synthetic-feasible-v1,synthetic,rapid_reversal__test__003,test,150803,clean,one_step_governed_pva_ruckig,290,1,command_p,stop-j0-k50,stop,0.5,0,joint_0,5,0.04999999999999999,0.0412912860830652,0.1,0.1,0.05
paper-evidence-v1-locked-test::one_step_governed_pva_ruckig,synthetic-feasible-v1,synthetic,rapid_reversal__test__003,test,150803,clean,one_step_governed_pva_ruckig,290,1,command_p,reversal-j0-k72,reversal,0.715,0,joint_0,5,0.050000000000000044,0.023599211987874964,0.1,0.1,0.05
paper-evidence-v1-locked-test::one_step_governed_pva_ruckig,synthetic-feasible-v1,synthetic,rapid_reversal__test__003,test,150803,clean,one_step_governed_pva_ruckig,290,1,command_p,stop-j0-k93,stop,0.93,0,joint_0,2,0.020000000000000018,0.014947436264206455,0.1,0.1,0.05
paper-evidence-v1-locked-test::one_step_governed_pva_ruckig,synthetic-feasible-v1,synthetic,rapid_reversal__test__003,test,150803,clean,one_step_governed_pva_ruckig,290,1,command_p,stop-j0-k114,stop,1.1400000000000001,0,joint_0,-1,-0.010000000000000009,0.036919337139544095,0.1,0.1,0.05
paper-evidence-v1-locked-test::one_step_governed_pva_ruckig,synthetic-feasible-v1,synthetic,rapid_reversal__test__003,test,150803,clean,one_step_governed_pva_ruckig,290,1,command_p,stop-j0-k136,stop,1.36,0,joint_0,0,0.0,0.04200201605380332,0.1,0.1,0.05
paper-evidence-v1-locked-test::one_step_governed_pva_ruckig,synthetic-feasible-v1,synthetic,rapid_reversal__test__003,test,150803,clean,one_step_governed_pva_ruckig,290,1,command_p,stop-j0-k157,stop,1.57,0,joint_0,5,0.050000000000000044,0.017288268309406055,0.1,0.1,0.05
paper-evidence-v1-locked-test::one_step_governed_pva_ruckig,synthetic-feasible-v1,synthetic,rapid_reversal__test__003,test,150803,clean,one_step_governed_pva_ruckig,290,1,command_p,stop-j0-k179,stop,1.79,0,joint_0,-5,-0.050000000000000044,0.007318980991150647,0.1,0.1,0.05
paper-evidence-v1-locked-test::one_step_governed_pva_ruckig,synthetic-feasible-v1,synthetic,rapid_reversal__test__003,test,150803,clean,one_step_governed_pva_ruckig,290,1,command_p,stop-j0-k200,stop,2.0,0,joint_0,-5,-0.04999999999999982,0.03533000367913905,0.1,0.1,0.05
paper-evidence-v1-locked-test::one_step_governed_pva_ruckig,synthetic-feasible-v1,synthetic,rapid_reversal__test__003,test,150803,clean,one_step_governed_pva_ruckig,290,1,command_p,stop-j0-k222,stop,2.22,0,joint_0,3,0.029999999999999805,0.038984336288743926,0.1,0.1,0.05
paper-evidence-v1-locked-test::one_step_governed_pva_ruckig,synthetic-feasible-v1,synthetic,rapid_reversal__test__003,test,150803,clean,one_step_governed_pva_ruckig,290,1,command_p,stop-j0-k243,stop,2.43,0,joint_0,5,0.04999999999999982,0.021525474360321938,0.1,0.1,0.05
paper-evidence-v1-locked-test::one_step_governed_pva_ruckig,synthetic-feasible-v1,synthetic,rapid_reversal__test__003,test,150803,clean,one_step_governed_pva_ruckig,290,1,command_p,reversal-j0-k265,reversal,2.645,0,joint_0,2,0.020000000000000018,0.01289840525426842,0.1,0.1,0.05
paper-evidence-v1-locked-test::one_step_governed_pva_ruckig,synthetic-feasible-v1,synthetic,rapid_reversal__test__004,test,150804,clean,one_step_governed_pva_ruckig,351,1,command_p,stop-j0-k11,stop,0.11,0,joint_0,-5,-0.05,0.03219360992992596,0.1,0.1,0.05
paper-evidence-v1-locked-test::one_step_governed_pva_ruckig,synthetic-feasible-v1,synthetic,rapid_reversal__test__004,test,150804,clean,one_step_governed_pva_ruckig,351,1,command_p,reversal-j0-k13,reversal,0.115,0,joint_0,-5,-0.05,0.03295689398524434,0.1,0.1,0.05
paper-evidence-v1-locked-test::one_step_governed_pva_ruckig,synthetic-feasible-v1,synthetic,rapid_reversal__test__004,test,150804,clean,one_step_governed_pva_ruckig,351,1,command_p,stop-j0-k53,stop,0.53,0,joint_0,5,0.04999999999999999,0.09585547619935102,0.1,0.1,0.05
paper-evidence-v1-locked-test::one_step_governed_pva_ruckig,synthetic-feasible-v1,synthetic,rapid_reversal__test__004,test,150804,clean,one_step_governed_pva_ruckig,351,1,command_p,stop-j0-k94,stop,0.9400000000000001,0,joint_0,5,0.050000000000000044,0.13191076858300554,0.1,0.1,0.05
paper-evidence-v1-locked-test::one_step_governed_pva_ruckig,synthetic-feasible-v1,synthetic,rapid_reversal__test__004,test,150804,clean,one_step_governed_pva_ruckig,351,1,command_p,stop-j0-k135,stop,1.35,0,joint_0,5,0.050000000000000044,0.02595417195079076,0.1,0.1,0.05
paper-evidence-v1-locked-test::one_step_governed_pva_ruckig,synthetic-feasible-v1,synthetic,rapid_reversal__test__004,test,150804,clean,one_step_governed_pva_ruckig,351,1,command_p,reversal-j0-k137,reversal,1.355,0,joint_0,5,0.050000000000000044,0.02395941635985457,0.1,0.1,0.05
paper-evidence-v1-locked-test::one_step_governed_pva_ruckig,synthetic-feasible-v1,synthetic,rapid_reversal__test__004,test,150804,clean,one_step_governed_pva_ruckig,351,1,command_p,stop-j0-k176,stop,1.76,0,joint_0,-5,-0.050000000000000044,0.12449753555686313,0.1,0.1,0.05
paper-evidence-v1-locked-test::one_step_governed_pva_ruckig,synthetic-feasible-v1,synthetic,rapid_reversal__test__004,test,150804,clean,one_step_governed_pva_ruckig,351,1,command_p,reversal-j0-k178,reversal,1.7650000000000001,0,joint_0,-5,-0.050000000000000044,0.12624519991024097,0.1,0.1,0.05
paper-evidence-v1-locked-test::one_step_governed_pva_ruckig,synthetic-feasible-v1,synthetic,rapid_reversal__test__004,test,150804,clean,one_step_governed_pva_ruckig,351,1,command_p,stop-j0-k218,stop,2.18,0,joint_0,5,0.04999999999999982,0.19707288464578573,0.1,0.1,0.05
paper-evidence-v1-locked-test::one_step_governed_pva_ruckig,synthetic-feasible-v1,synthetic,rapid_reversal__test__004,test,150804,clean,one_step_governed_pva_ruckig,351,1,command_p,stop-j0-k259,stop,2.59,0,joint_0,5,0.04999999999999982,0.02836405861374449,0.1,0.1,0.05
paper-evidence-v1-locked-test::one_step_governed_pva_ruckig,synthetic-feasible-v1,synthetic,rapid_reversal__test__004,test,150804,clean,one_step_governed_pva_ruckig,351,1,command_p,stop-j0-k300,stop,3.0,0,joint_0,-5,-0.04999999999999982,0.13889865085932396,0.1,0.1,0.05
paper-evidence-v1-locked-test::one_step_governed_pva_ruckig,synthetic-feasible-v1,synthetic,rapid_reversal__test__004,test,150804,clean,one_step_governed_pva_ruckig,351,1,command_p,reversal-j0-k302,reversal,3.005,0,joint_0,-5,-0.04999999999999982,0.14076184435793532,0.1,0.1,0.05
paper-evidence-v1-locked-test::one_step_governed_pva_ruckig,synthetic-feasible-v1,synthetic,rapid_reversal__test__005,test,150805,clean,one_step_governed_pva_ruckig,387,1,command_p,stop-j0-k14,stop,0.14,0,joint_0,-5,-0.05,0.014647379735884007,0.1,0.1,0.05
paper-evidence-v1-locked-test::one_step_governed_pva_ruckig,synthetic-feasible-v1,synthetic,rapid_reversal__test__005,test,150805,clean,one_step_governed_pva_ruckig,387,1,command_p,stop-j0-k43,stop,0.43,0,joint_0,-5,-0.04999999999999999,0.035636024614287054,0.1,0.1,0.05
paper-evidence-v1-locked-test::one_step_governed_pva_ruckig,synthetic-feasible-v1,synthetic,rapid_reversal__test__005,test,150805,clean,one_step_governed_pva_ruckig,387,1,command_p,stop-j0-k72,stop,0.72,0,joint_0,5,0.050000000000000044,0.016134629838303396,0.1,0.1,0.05
paper-evidence-v1-locked-test::one_step_governed_pva_ruckig,synthetic-feasible-v1,synthetic,rapid_reversal__test__005,test,150805,clean,one_step_governed_pva_ruckig,387,1,command_p,stop-j0-k101,stop,1.01,0,joint_0,-5,-0.050000000000000044,0.014827508142690307,0.1,0.1,0.05
paper-evidence-v1-locked-test::one_step_governed_pva_ruckig,synthetic-feasible-v1,synthetic,rapid_reversal__test__005,test,150805,clean,one_step_governed_pva_ruckig,387,1,command_p,stop-j0-k130,stop,1.3,0,joint_0,0,0.0,0.034128913684611864,0.1,0.1,0.05
paper-evidence-v1-locked-test::one_step_governed_pva_ruckig,synthetic-feasible-v1,synthetic,rapid_reversal__test__005,test,150805,clean,one_step_governed_pva_ruckig,387,1,command_p,stop-j0-k159,stop,1.59,0,joint_0,5,0.050000000000000044,0.014016181098708873,0.1,0.1,0.05
paper-evidence-v1-locked-test::one_step_governed_pva_ruckig,synthetic-feasible-v1,synthetic,rapid_reversal__test__005,test,150805,clean,one_step_governed_pva_ruckig,387,1,command_p,stop-j0-k188,stop,1.8800000000000001,0,joint_0,-5,-0.050000000000000044,0.015255986420781121,0.1,0.1,0.05
paper-evidence-v1-locked-test::one_step_governed_pva_ruckig,synthetic-feasible-v1,synthetic,rapid_reversal__test__005,test,150805,clean,one_step_governed_pva_ruckig,387,1,command_p,stop-j0-k217,stop,2.17,0,joint_0,0,0.0,0.032646272515782955,0.1,0.1,0.05
paper-evidence-v1-locked-test::one_step_governed_pva_ruckig,synthetic-feasible-v1,synthetic,rapid_reversal__test__005,test,150805,clean,one_step_governed_pva_ruckig,387,1,command_p,stop-j0-k246,stop,2.46,0,joint_0,5,0.050000000000000044,0.012377244828930004,0.1,0.1,0.05
paper-evidence-v1-locked-test::one_step_governed_pva_ruckig,synthetic-feasible-v1,synthetic,rapid_reversal__test__005,test,150805,clean,one_step_governed_pva_ruckig,387,1,command_p,stop-j0-k275,stop,2.75,0,joint_0,-5,-0.04999999999999982,0.015618606656241596,0.1,0.1,0.05
paper-evidence-v1-locked-test::one_step_governed_pva_ruckig,synthetic-feasible-v1,synthetic,rapid_reversal__test__005,test,150805,clean,one_step_governed_pva_ruckig,387,1,command_p,stop-j0-k304,stop,3.04,0,joint_0,0,0.0,0.031190979820471157,0.1,0.1,0.05
paper-evidence-v1-locked-test::one_step_governed_pva_ruckig,synthetic-feasible-v1,synthetic,rapid_reversal__test__005,test,150805,clean,one_step_governed_pva_ruckig,387,1,command_p,reversal-j0-k306,reversal,3.045,0,joint_0,0,0.0,0.031264372906193764,0.1,0.1,0.05
paper-evidence-v1-locked-test::one_step_governed_pva_ruckig,synthetic-feasible-v1,synthetic,rapid_reversal__test__005,test,150805,clean,one_step_governed_pva_ruckig,387,1,command_p,stop-j0-k333,stop,3.33,0,joint_0,5,0.04999999999999982,0.010841247293415223,0.1,0.1,0.05
paper-evidence-v1-locked-test::one_step_governed_pva_ruckig,synthetic-feasible-v1,synthetic,rapid_reversal__test__005,test,150805,clean,one_step_governed_pva_ruckig,387,1,command_p,reversal-j0-k335,reversal,3.335,0,joint_0,5,0.04999999999999982,0.01049246195637074,0.1,0.1,0.05
paper-evidence-v1-locked-test::one_step_governed_pva_ruckig,synthetic-feasible-v1,synthetic,rapid_reversal__test__005,test,150805,clean,one_step_governed_pva_ruckig,387,1,command_p,stop-j0-k362,stop,3.62,0,joint_0,-5,-0.04999999999999982,0.015918319019389466,0.1,0.1,0.05
paper-evidence-v1-locked-test::one_step_governed_pva_ruckig,synthetic-feasible-v1,synthetic,rapid_reversal__test__005,test,150805,clean,one_step_governed_pva_ruckig,387,1,command_p,reversal-j0-k364,reversal,3.625,0,joint_0,-5,-0.04999999999999982,0.016130211335904275,0.1,0.1,0.05
paper-evidence-v1-locked-test::one_step_governed_pva_ruckig,synthetic-feasible-v1,synthetic,rapid_reversal__test__006,test,150806,clean,one_step_governed_pva_ruckig,435,1,command_p,stop-j0-k33,stop,0.33,0,joint_0,-5,-0.04999999999999999,0.01426632848776089,0.1,0.1,0.05
paper-evidence-v1-locked-test::one_step_governed_pva_ruckig,synthetic-feasible-v1,synthetic,rapid_reversal__test__006,test,150806,clean,one_step_governed_pva_ruckig,435,1,command_p,reversal-j0-k35,reversal,0.335,0,joint_0,0,0.0,0.014639431951223806,0.1,0.1,0.05
paper-evidence-v1-locked-test::one_step_governed_pva_ruckig,synthetic-feasible-v1,synthetic,rapid_reversal__test__006,test,150806,clean,one_step_governed_pva_ruckig,435,1,command_p,stop-j0-k61,stop,0.61,0,joint_0,5,0.050000000000000044,0.00987397166039093,0.1,0.1,0.05
paper-evidence-v1-locked-test::one_step_governed_pva_ruckig,synthetic-feasible-v1,synthetic,rapid_reversal__test__006,test,150806,clean,one_step_governed_pva_ruckig,435,1,command_p,stop-j0-k88,stop,0.88,0,joint_0,-2,-0.020000000000000018,0.0014022272763165246,0.1,0.1,0.05
paper-evidence-v1-locked-test::one_step_governed_pva_ruckig,synthetic-feasible-v1,synthetic,rapid_reversal__test__006,test,150806,clean,one_step_governed_pva_ruckig,435,1,command_p,stop-j0-k115,stop,1.1500000000000001,0,joint_0,-5,-0.050000000000000044,0.012885723145780717,0.1,0.1,0.05
paper-evidence-v1-locked-test::one_step_governed_pva_ruckig,synthetic-feasible-v1,synthetic,rapid_reversal__test__006,test,150806,clean,one_step_governed_pva_ruckig,435,1,command_p,stop-j0-k143,stop,1.43,0,joint_0,5,0.050000000000000044,0.010965276141608419,0.1,0.1,0.05
paper-evidence-v1-locked-test::one_step_governed_pva_ruckig,synthetic-feasible-v1,synthetic,rapid_reversal__test__006,test,150806,clean,one_step_governed_pva_ruckig,435,1,command_p,stop-j0-k170,stop,1.7,0,joint_0,-1,-0.010000000000000009,0.001318022004267762,0.1,0.1,0.05
paper-evidence-v1-locked-test::one_step_governed_pva_ruckig,synthetic-feasible-v1,synthetic,rapid_reversal__test__006,test,150806,clean,one_step_governed_pva_ruckig,435,1,command_p,stop-j0-k198,stop,1.98,0,joint_0,1,0.010000000000000009,0.012029814340572447,0.1,0.1,0.05
paper-evidence-v1-locked-test::one_step_governed_pva_ruckig,synthetic-feasible-v1,synthetic,rapid_reversal__test__006,test,150806,clean,one_step_governed_pva_ruckig,435,1,command_p,stop-j0-k225,stop,2.25,0,joint_0,5,0.04999999999999982,0.011520980898698834,0.1,0.1,0.05
paper-evidence-v1-locked-test::one_step_governed_pva_ruckig,synthetic-feasible-v1,synthetic,rapid_reversal__test__006,test,150806,clean,one_step_governed_pva_ruckig,435,1,command_p,stop-j0-k252,stop,2.52,0,joint_0,-1,-0.009999999999999787,0.002933431932015462,0.1,0.1,0.05
paper-evidence-v1-locked-test::one_step_governed_pva_ruckig,synthetic-feasible-v1,synthetic,rapid_reversal__test__006,test,150806,clean,one_step_governed_pva_ruckig,435,1,command_p,stop-j0-k280,stop,2.8000000000000003,0,joint_0,2,0.020000000000000018,0.010582919861472913,0.1,0.1,0.05
paper-evidence-v1-locked-test::one_step_governed_pva_ruckig,synthetic-feasible-v1,synthetic,rapid_reversal__test__006,test,150806,clean,one_step_governed_pva_ruckig,435,1,command_p,stop-j0-k307,stop,3.0700000000000003,0,joint_0,3,0.029999999999999805,0.012056559019321223,0.1,0.1,0.05
paper-evidence-v1-locked-test::one_step_governed_pva_ruckig,synthetic-feasible-v1,synthetic,rapid_reversal__test__006,test,150806,clean,one_step_governed_pva_ruckig,435,1,command_p,stop-j0-k334,stop,3.34,0,joint_0,-1,-0.010000000000000009,0.004525639730743708,0.1,0.1,0.05
paper-evidence-v1-locked-test::one_step_governed_pva_ruckig,synthetic-feasible-v1,synthetic,rapid_reversal__test__006,test,150806,clean,one_step_governed_pva_ruckig,435,1,command_p,reversal-j0-k336,reversal,3.3449999999999998,0,joint_0,-1,-0.009999999999999787,0.004584433799939033,0.1,0.1,0.05
paper-evidence-v1-locked-test::one_step_governed_pva_ruckig,synthetic-feasible-v1,synthetic,rapid_reversal__test__006,test,150806,clean,one_step_governed_pva_ruckig,435,1,command_p,stop-j0-k362,stop,3.62,0,joint_0,1,0.009999999999999787,0.00877001935982724,0.1,0.1,0.05
paper-evidence-v1-locked-test::one_step_governed_pva_ruckig,synthetic-feasible-v1,synthetic,rapid_reversal__test__006,test,150806,clean,one_step_governed_pva_ruckig,435,1,command_p,stop-j0-k389,stop,3.89,0,joint_0,5,0.04999999999999982,0.011734345482460976,0.1,0.1,0.05
paper-evidence-v1-locked-test::one_step_governed_pva_ruckig,synthetic-feasible-v1,synthetic,rapid_reversal__test__006,test,150806,clean,one_step_governed_pva_ruckig,435,1,command_p,stop-j0-k417,stop,4.17,0,joint_0,0,0.0,0.0059708395034864855,0.1,0.1,0.05
paper-evidence-v1-locked-test::one_step_governed_pva_ruckig,synthetic-feasible-v1,synthetic,rapid_reversal__test__007,test,150807,clean,one_step_governed_pva_ruckig,259,1,command_p,stop-j0-k38,stop,0.38,0,joint_0,-5,-0.04999999999999999,0.08312734302285124,0.1,0.1,0.05
paper-evidence-v1-locked-test::one_step_governed_pva_ruckig,synthetic-feasible-v1,synthetic,rapid_reversal__test__007,test,150807,clean,one_step_governed_pva_ruckig,259,1,command_p,reversal-j0-k40,reversal,0.385,0,joint_0,-5,-0.04999999999999999,0.08583278391796155,0.1,0.1,0.05
paper-evidence-v1-locked-test::one_step_governed_pva_ruckig,synthetic-feasible-v1,synthetic,rapid_reversal__test__007,test,150807,clean,one_step_governed_pva_ruckig,259,1,command_p,stop-j0-k66,stop,0.66,0,joint_0,5,0.04999999999999999,0.05225152693278909,0.1,0.1,0.05
paper-evidence-v1-locked-test::one_step_governed_pva_ruckig,synthetic-feasible-v1,synthetic,rapid_reversal__test__007,test,150807,clean,one_step_governed_pva_ruckig,259,1,command_p,stop-j0-k94,stop,0.9400000000000001,0,joint_0,-5,-0.050000000000000044,0.01782110902213561,0.1,0.1,0.05
paper-evidence-v1-locked-test::one_step_governed_pva_ruckig,synthetic-feasible-v1,synthetic,rapid_reversal__test__007,test,150807,clean,one_step_governed_pva_ruckig,259,1,command_p,stop-j0-k122,stop,1.22,0,joint_0,-5,-0.050000000000000044,0.0794317880526974,0.1,0.1,0.05
paper-evidence-v1-locked-test::one_step_governed_pva_ruckig,synthetic-feasible-v1,synthetic,rapid_reversal__test__007,test,150807,clean,one_step_governed_pva_ruckig,259,1,command_p,stop-j0-k150,stop,1.5,0,joint_0,5,0.050000000000000044,0.05497701614911928,0.1,0.1,0.05
paper-evidence-v1-locked-test::one_step_governed_pva_ruckig,synthetic-feasible-v1,synthetic,rapid_reversal__test__007,test,150807,clean,one_step_governed_pva_ruckig,259,1,command_p,stop-j0-k178,stop,1.78,0,joint_0,-5,-0.050000000000000044,0.011346105071812917,0.1,0.1,0.05
paper-evidence-v1-locked-test::one_step_governed_pva_ruckig,synthetic-feasible-v1,synthetic,rapid_reversal__test__007,test,150807,clean,one_step_governed_pva_ruckig,259,1,command_p,stop-j0-k206,stop,2.06,0,joint_0,-5,-0.04999999999999982,0.07437722221842076,0.1,0.1,0.05
paper-evidence-v1-locked-test::one_step_governed_pva_ruckig,synthetic-feasible-v1,synthetic,rapid_reversal__test__007,test,150807,clean,one_step_governed_pva_ruckig,259,1,command_p,stop-j0-k234,stop,2.34,0,joint_0,5,0.04999999999999982,0.05713607999807995,0.1,0.1,0.05
paper-evidence-v1-locked-test::one_step_governed_pva_ruckig,synthetic-feasible-v1,synthetic,rapid_reversal__test__008,test,150808,clean,one_step_governed_pva_ruckig,442,1,command_p,stop-j0-k42,stop,0.42,0,joint_0,-5,-0.04999999999999999,0.0937369290990703,0.1,0.1,0.05
paper-evidence-v1-locked-test::one_step_governed_pva_ruckig,synthetic-feasible-v1,synthetic,rapid_reversal__test__008,test,150808,clean,one_step_governed_pva_ruckig,442,1,command_p,reversal-j0-k44,reversal,0.42500000000000004,0,joint_0,-5,-0.04999999999999999,0.09522909527711715,0.1,0.1,0.05
paper-evidence-v1-locked-test::one_step_governed_pva_ruckig,synthetic-feasible-v1,synthetic,rapid_reversal__test__008,test,150808,clean,one_step_governed_pva_ruckig,442,1,command_p,stop-j0-k74,stop,0.74,0,joint_0,5,0.050000000000000044,0.13278225004456473,0.1,0.1,0.05
paper-evidence-v1-locked-test::one_step_governed_pva_ruckig,synthetic-feasible-v1,synthetic,rapid_reversal__test__008,test,150808,clean,one_step_governed_pva_ruckig,442,1,command_p,reversal-j0-k76,reversal,0.745,0,joint_0,0,0.0,0.13334620903294528,0.1,0.1,0.05
paper-evidence-v1-locked-test::one_step_governed_pva_ruckig,synthetic-feasible-v1,synthetic,rapid_reversal__test__008,test,150808,clean,one_step_governed_pva_ruckig,442,1,command_p,stop-j0-k106,stop,1.06,0,joint_0,5,0.050000000000000044,0.06323603497274731,0.1,0.1,0.05
paper-evidence-v1-locked-test::one_step_governed_pva_ruckig,synthetic-feasible-v1,synthetic,rapid_reversal__test__008,test,150808,clean,one_step_governed_pva_ruckig,442,1,command_p,reversal-j0-k108,reversal,1.065,0,joint_0,5,0.050000000000000044,0.05995805862286074,0.1,0.1,0.05
paper-evidence-v1-locked-test::one_step_governed_pva_ruckig,synthetic-feasible-v1,synthetic,rapid_reversal__test__008,test,150808,clean,one_step_governed_pva_ruckig,442,1,command_p,stop-j0-k139,stop,1.3900000000000001,0,joint_0,-5,-0.050000000000000044,0.03487324626605606,0.1,0.1,0.05
paper-evidence-v1-locked-test::one_step_governed_pva_ruckig,synthetic-feasible-v1,synthetic,rapid_reversal__test__008,test,150808,clean,one_step_governed_pva_ruckig,442,1,command_p,stop-j0-k171,stop,1.71,0,joint_0,-5,-0.050000000000000044,0.10534497151676739,0.1,0.1,0.05
paper-evidence-v1-locked-test::one_step_governed_pva_ruckig,synthetic-feasible-v1,synthetic,rapid_reversal__test__008,test,150808,clean,one_step_governed_pva_ruckig,442,1,command_p,stop-j0-k203,stop,2.0300000000000002,0,joint_0,5,0.04999999999999982,0.0718939037305828,0.1,0.1,0.05
paper-evidence-v1-locked-test::one_step_governed_pva_ruckig,synthetic-feasible-v1,synthetic,rapid_reversal__test__008,test,150808,clean,one_step_governed_pva_ruckig,442,1,command_p,stop-j0-k235,stop,2.35,0,joint_0,5,0.04999999999999982,0.004569348781328029,0.1,0.1,0.05
paper-evidence-v1-locked-test::one_step_governed_pva_ruckig,synthetic-feasible-v1,synthetic,rapid_reversal__test__008,test,150808,clean,one_step_governed_pva_ruckig,442,1,command_p,stop-j0-k267,stop,2.67,0,joint_0,-5,-0.050000000000000044,0.04723818292130153,0.1,0.1,0.05
paper-evidence-v1-locked-test::one_step_governed_pva_ruckig,synthetic-feasible-v1,synthetic,rapid_reversal__test__008,test,150808,clean,one_step_governed_pva_ruckig,442,1,command_p,stop-j0-k299,stop,2.99,0,joint_0,5,0.04999999999999982,0.04328736915352674,0.1,0.1,0.05
paper-evidence-v1-locked-test::one_step_governed_pva_ruckig,synthetic-feasible-v1,synthetic,rapid_reversal__test__008,test,150808,clean,one_step_governed_pva_ruckig,442,1,command_p,stop-j0-k331,stop,3.31,0,joint_0,5,0.04999999999999982,0.028875192901403803,0.1,0.1,0.05
paper-evidence-v1-locked-test::one_step_governed_pva_ruckig,synthetic-feasible-v1,synthetic,rapid_reversal__test__008,test,150808,clean,one_step_governed_pva_ruckig,442,1,command_p,reversal-j0-k333,reversal,3.3150000000000004,0,joint_0,5,0.04999999999999982,0.029403231103897542,0.1,0.1,0.05
paper-evidence-v1-locked-test::one_step_governed_pva_ruckig,synthetic-feasible-v1,synthetic,rapid_reversal__test__008,test,150808,clean,one_step_governed_pva_ruckig,442,1,command_p,stop-j0-k363,stop,3.63,0,joint_0,-2,-0.020000000000000018,0.004906536876351278,0.1,0.1,0.05
paper-evidence-v1-locked-test::one_step_governed_pva_ruckig,synthetic-feasible-v1,synthetic,rapid_reversal__test__008,test,150808,clean,one_step_governed_pva_ruckig,442,1,command_p,reversal-j0-k365,reversal,3.635,0,joint_0,-2,-0.020000000000000018,0.004997211128663098,0.1,0.1,0.05
paper-evidence-v1-locked-test::one_step_governed_pva_ruckig,synthetic-feasible-v1,synthetic,rapid_reversal__test__008,test,150808,clean,one_step_governed_pva_ruckig,442,1,command_p,stop-j0-k395,stop,3.95,0,joint_0,-5,-0.04999999999999982,0.02781556833617774,0.1,0.1,0.05
paper-evidence-v1-locked-test::one_step_governed_pva_ruckig,synthetic-feasible-v1,synthetic,rapid_reversal__test__008,test,150808,clean,one_step_governed_pva_ruckig,442,1,command_p,reversal-j0-k397,reversal,3.955,0,joint_0,-5,-0.04999999999999982,0.02781556833617774,0.1,0.1,0.05
paper-evidence-v1-locked-test::one_step_governed_pva_ruckig,synthetic-feasible-v1,synthetic,rapid_reversal__test__008,test,150808,clean,one_step_governed_pva_ruckig,442,1,command_p,stop-j0-k427,stop,4.2700000000000005,0,joint_0,5,0.04999999999999982,0.024252843364134694,0.1,0.1,0.05
paper-evidence-v1-locked-test::one_step_governed_pva_ruckig,synthetic-feasible-v1,synthetic,rapid_reversal__test__009,test,150809,clean,one_step_governed_pva_ruckig,413,1,command_p,stop-j0-k38,stop,0.38,0,joint_0,1,0.010000000000000009,0.0003887596909875657,0.1,0.1,0.05
paper-evidence-v1-locked-test::one_step_governed_pva_ruckig,synthetic-feasible-v1,synthetic,rapid_reversal__test__009,test,150809,clean,one_step_governed_pva_ruckig,413,1,command_p,stop-j0-k74,stop,0.74,0,joint_0,1,0.010000000000000009,0.0001810666679953624,0.1,0.1,0.05
paper-evidence-v1-locked-test::one_step_governed_pva_ruckig,synthetic-feasible-v1,synthetic,rapid_reversal__test__009,test,150809,clean,one_step_governed_pva_ruckig,413,1,command_p,reversal-j0-k76,reversal,0.745,0,joint_0,1,0.010000000000000009,0.00018887667722753063,0.1,0.1,0.05
paper-evidence-v1-locked-test::one_step_governed_pva_ruckig,synthetic-feasible-v1,synthetic,rapid_reversal__test__009,test,150809,clean,one_step_governed_pva_ruckig,413,1,command_p,stop-j0-k110,stop,1.1,0,joint_0,1,0.010000000000000009,8.857763176924943e-05,0.1,0.1,0.05
paper-evidence-v1-locked-test::one_step_governed_pva_ruckig,synthetic-feasible-v1,synthetic,rapid_reversal__test__009,test,150809,clean,one_step_governed_pva_ruckig,413,1,command_p,reversal-j0-k112,reversal,1.105,0,joint_0,1,0.010000000000000009,8.889586078662492e-05,0.1,0.1,0.05
paper-evidence-v1-locked-test::one_step_governed_pva_ruckig,synthetic-feasible-v1,synthetic,rapid_reversal__test__009,test,150809,clean,one_step_governed_pva_ruckig,413,1,command_p,stop-j0-k146,stop,1.46,0,joint_0,1,0.010000000000000009,0.00028529029591345574,0.1,0.1,0.05
paper-evidence-v1-locked-test::one_step_governed_pva_ruckig,synthetic-feasible-v1,synthetic,rapid_reversal__test__009,test,150809,clean,one_step_governed_pva_ruckig,413,1,command_p,reversal-j0-k148,reversal,1.4649999999999999,0,joint_0,1,0.010000000000000009,0.0002762841863191937,0.1,0.1,0.05
paper-evidence-v1-locked-test::one_step_governed_pva_ruckig,synthetic-feasible-v1,synthetic,rapid_reversal__test__009,test,150809,clean,one_step_governed_pva_ruckig,413,1,command_p,stop-j0-k183,stop,1.83,0,joint_0,1,0.010000000000000009,0.0003345606320704497,0.1,0.1,0.05
paper-evidence-v1-locked-test::one_step_governed_pva_ruckig,synthetic-feasible-v1,synthetic,rapid_reversal__test__009,test,150809,clean,one_step_governed_pva_ruckig,413,1,command_p,stop-j0-k219,stop,2.19,0,joint_0,1,0.010000000000000009,6.483903379370764e-05,0.1,0.1,0.05
paper-evidence-v1-locked-test::one_step_governed_pva_ruckig,synthetic-feasible-v1,synthetic,rapid_reversal__test__009,test,150809,clean,one_step_governed_pva_ruckig,413,1,command_p,stop-j0-k255,stop,2.5500000000000003,0,joint_0,1,0.009999999999999787,0.00013161121946509175,0.1,0.1,0.05
paper-evidence-v1-locked-test::one_step_governed_pva_ruckig,synthetic-feasible-v1,synthetic,rapid_reversal__test__009,test,150809,clean,one_step_governed_pva_ruckig,413,1,command_p,stop-j0-k291,stop,2.91,0,joint_0,1,0.009999999999999787,0.00037219618034903566,0.1,0.1,0.05
paper-evidence-v1-locked-test::one_step_governed_pva_ruckig,synthetic-feasible-v1,synthetic,rapid_reversal__test__009,test,150809,clean,one_step_governed_pva_ruckig,413,1,command_p,reversal-j0-k293,reversal,2.915,0,joint_0,1,0.009999999999999787,0.0003668250093380658,0.1,0.1,0.05
paper-evidence-v1-locked-test::one_step_governed_pva_ruckig,synthetic-feasible-v1,synthetic,rapid_reversal__test__009,test,150809,clean,one_step_governed_pva_ruckig,413,1,command_p,stop-j0-k327,stop,3.27,0,joint_0,1,0.009999999999999787,0.00015441660910070604,0.1,0.1,0.05
paper-evidence-v1-locked-test::one_step_governed_pva_ruckig,synthetic-feasible-v1,synthetic,rapid_reversal__test__009,test,150809,clean,one_step_governed_pva_ruckig,413,1,command_p,reversal-j0-k329,reversal,3.2750000000000004,0,joint_0,1,0.009999999999999787,0.00015346350305154053,0.1,0.1,0.05
paper-evidence-v1-locked-test::one_step_governed_pva_ruckig,synthetic-feasible-v1,synthetic,rapid_reversal__test__009,test,150809,clean,one_step_governed_pva_ruckig,413,1,command_p,stop-j0-k364,stop,3.64,0,joint_0,1,0.009999999999999787,8.157870806624127e-05,0.1,0.1,0.05
paper-evidence-v1-locked-test::one_step_governed_pva_ruckig,synthetic-feasible-v1,synthetic,rapid_reversal__test__009,test,150809,clean,one_step_governed_pva_ruckig,413,1,command_p,stop-j0-k400,stop,4.0,0,joint_0,1,0.009999999999999787,0.0002930386585656588,0.1,0.1,0.05
paper-evidence-v1-locked-test::one_step_governed_pva_ruckig,synthetic-feasible-v1,synthetic,rapid_reversal__test__010,test,150810,clean,one_step_governed_pva_ruckig,433,1,command_p,stop-j0-k34,stop,0.34,0,joint_0,-5,-0.04999999999999999,0.04463242857795918,0.1,0.1,0.05
paper-evidence-v1-locked-test::one_step_governed_pva_ruckig,synthetic-feasible-v1,synthetic,rapid_reversal__test__010,test,150810,clean,one_step_governed_pva_ruckig,433,1,command_p,stop-j0-k59,stop,0.59,0,joint_0,5,0.050000000000000044,0.03730600157313694,0.1,0.1,0.05
paper-evidence-v1-locked-test::one_step_governed_pva_ruckig,synthetic-feasible-v1,synthetic,rapid_reversal__test__010,test,150810,clean,one_step_governed_pva_ruckig,433,1,command_p,stop-j0-k84,stop,0.84,0,joint_0,-3,-0.030000000000000027,0.008458123674611108,0.1,0.1,0.05
paper-evidence-v1-locked-test::one_step_governed_pva_ruckig,synthetic-feasible-v1,synthetic,rapid_reversal__test__010,test,150810,clean,one_step_governed_pva_ruckig,433,1,command_p,stop-j0-k109,stop,1.09,0,joint_0,-5,-0.050000000000000044,0.034128591447278825,0.1,0.1,0.05
paper-evidence-v1-locked-test::one_step_governed_pva_ruckig,synthetic-feasible-v1,synthetic,rapid_reversal__test__010,test,150810,clean,one_step_governed_pva_ruckig,433,1,command_p,stop-j0-k134,stop,1.34,0,joint_0,5,0.050000000000000044,0.04409062276056461,0.1,0.1,0.05
paper-evidence-v1-locked-test::one_step_governed_pva_ruckig,synthetic-feasible-v1,synthetic,rapid_reversal__test__010,test,150810,clean,one_step_governed_pva_ruckig,433,1,command_p,stop-j0-k159,stop,1.59,0,joint_0,5,0.050000000000000044,0.02155647872761392,0.1,0.1,0.05
paper-evidence-v1-locked-test::one_step_governed_pva_ruckig,synthetic-feasible-v1,synthetic,rapid_reversal__test__010,test,150810,clean,one_step_governed_pva_ruckig,433,1,command_p,stop-j0-k184,stop,1.84,0,joint_0,-5,-0.050000000000000044,0.01932651530822976,0.1,0.1,0.05
paper-evidence-v1-locked-test::one_step_governed_pva_ruckig,synthetic-feasible-v1,synthetic,rapid_reversal__test__010,test,150810,clean,one_step_governed_pva_ruckig,433,1,command_p,stop-j0-k209,stop,2.09,0,joint_0,-5,-0.04999999999999982,0.04242714026994467,0.1,0.1,0.05
paper-evidence-v1-locked-test::one_step_governed_pva_ruckig,synthetic-feasible-v1,synthetic,rapid_reversal__test__010,test,150810,clean,one_step_governed_pva_ruckig,433,1,command_p,stop-j0-k234,stop,2.34,0,joint_0,5,0.04999999999999982,0.03356540826724419,0.1,0.1,0.05
paper-evidence-v1-locked-test::one_step_governed_pva_ruckig,synthetic-feasible-v1,synthetic,rapid_reversal__test__010,test,150810,clean,one_step_governed_pva_ruckig,433,1,command_p,stop-j0-k259,stop,2.59,0,joint_0,5,0.04999999999999982,0.006429933761632148,0.1,0.1,0.05
paper-evidence-v1-locked-test::one_step_governed_pva_ruckig,synthetic-feasible-v1,synthetic,rapid_reversal__test__010,test,150810,clean,one_step_governed_pva_ruckig,433,1,command_p,stop-j0-k284,stop,2.84,0,joint_0,-5,-0.04999999999999982,0.031750579351166146,0.1,0.1,0.05
paper-evidence-v1-locked-test::one_step_governed_pva_ruckig,synthetic-feasible-v1,synthetic,rapid_reversal__test__010,test,150810,clean,one_step_governed_pva_ruckig,433,1,command_p,stop-j0-k308,stop,3.08,0,joint_0,0,0.0,0.041097884539508654,0.1,0.1,0.05
paper-evidence-v1-locked-test::one_step_governed_pva_ruckig,synthetic-feasible-v1,synthetic,rapid_reversal__test__010,test,150810,clean,one_step_governed_pva_ruckig,433,1,command_p,reversal-j0-k310,reversal,3.085,0,joint_0,0,0.0,0.04115277565306407,0.1,0.1,0.05
paper-evidence-v1-locked-test::one_step_governed_pva_ruckig,synthetic-feasible-v1,synthetic,rapid_reversal__test__010,test,150810,clean,one_step_governed_pva_ruckig,433,1,command_p,stop-j0-k333,stop,3.33,0,joint_0,5,0.04999999999999982,0.012825646869832258,0.1,0.1,0.05
paper-evidence-v1-locked-test::one_step_governed_pva_ruckig,synthetic-feasible-v1,synthetic,rapid_reversal__test__010,test,150810,clean,one_step_governed_pva_ruckig,433,1,command_p,stop-j0-k358,stop,3.58,0,joint_0,-5,-0.04999999999999982,0.017045335807478378,0.1,0.1,0.05
paper-evidence-v1-locked-test::one_step_governed_pva_ruckig,synthetic-feasible-v1,synthetic,rapid_reversal__test__010,test,150810,clean,one_step_governed_pva_ruckig,433,1,command_p,stop-j0-k383,stop,3.83,0,joint_0,-5,-0.04999999999999982,0.039501243925258236,0.1,0.1,0.05
paper-evidence-v1-locked-test::one_step_governed_pva_ruckig,synthetic-feasible-v1,synthetic,rapid_reversal__test__010,test,150810,clean,one_step_governed_pva_ruckig,433,1,command_p,stop-j0-k408,stop,4.08,0,joint_0,5,0.04999999999999982,0.02606804224501931,0.1,0.1,0.05
paper-evidence-v1-locked-test::one_step_governed_pva_ruckig,synthetic-feasible-v1,synthetic,rapid_reversal__test__011,test,150811,clean,one_step_governed_pva_ruckig,431,1,command_p,stop-j0-k11,stop,0.11,0,joint_0,-5,-0.05,0.032596617842649014,0.1,0.1,0.05
paper-evidence-v1-locked-test::one_step_governed_pva_ruckig,synthetic-feasible-v1,synthetic,rapid_reversal__test__011,test,150811,clean,one_step_governed_pva_ruckig,431,1,command_p,stop-j0-k35,stop,0.35000000000000003,0,joint_0,-5,-0.04999999999999999,0.10046327538923755,0.1,0.1,0.05
paper-evidence-v1-locked-test::one_step_governed_pva_ruckig,synthetic-feasible-v1,synthetic,rapid_reversal__test__011,test,150811,clean,one_step_governed_pva_ruckig,431,1,command_p,stop-j0-k58,stop,0.58,0,joint_0,5,0.050000000000000044,0.08805766280580601,0.1,0.1,0.05
paper-evidence-v1-locked-test::one_step_governed_pva_ruckig,synthetic-feasible-v1,synthetic,rapid_reversal__test__011,test,150811,clean,one_step_governed_pva_ruckig,431,1,command_p,stop-j0-k81,stop,0.81,0,joint_0,5,0.050000000000000044,0.02825830238972173,0.1,0.1,0.05
paper-evidence-v1-locked-test::one_step_governed_pva_ruckig,synthetic-feasible-v1,synthetic,rapid_reversal__test__011,test,150811,clean,one_step_governed_pva_ruckig,431,1,command_p,stop-j0-k104,stop,1.04,0,joint_0,-5,-0.050000000000000044,0.056345695625907265,0.1,0.1,0.05
paper-evidence-v1-locked-test::one_step_governed_pva_ruckig,synthetic-feasible-v1,synthetic,rapid_reversal__test__011,test,150811,clean,one_step_governed_pva_ruckig,431,1,command_p,stop-j0-k128,stop,1.28,0,joint_0,0,0.0,0.10146793303106143,0.1,0.1,0.05
paper-evidence-v1-locked-test::one_step_governed_pva_ruckig,synthetic-feasible-v1,synthetic,rapid_reversal__test__011,test,150811,clean,one_step_governed_pva_ruckig,431,1,command_p,stop-j0-k151,stop,1.51,0,joint_0,5,0.050000000000000044,0.07105235628255548,0.1,0.1,0.05
paper-evidence-v1-locked-test::one_step_governed_pva_ruckig,synthetic-feasible-v1,synthetic,rapid_reversal__test__011,test,150811,clean,one_step_governed_pva_ruckig,431,1,command_p,stop-j0-k174,stop,1.74,0,joint_0,5,0.050000000000000044,0.01730136428083275,0.1,0.1,0.05
paper-evidence-v1-locked-test::one_step_governed_pva_ruckig,synthetic-feasible-v1,synthetic,rapid_reversal__test__011,test,150811,clean,one_step_governed_pva_ruckig,431,1,command_p,stop-j0-k197,stop,1.97,0,joint_0,-5,-0.04999999999999982,0.07105615200335354,0.1,0.1,0.05
paper-evidence-v1-locked-test::one_step_governed_pva_ruckig,synthetic-feasible-v1,synthetic,rapid_reversal__test__011,test,150811,clean,one_step_governed_pva_ruckig,431,1,command_p,stop-j0-k220,stop,2.2,0,joint_0,0,0.0,0.09727292972621332,0.1,0.1,0.05
paper-evidence-v1-locked-test::one_step_governed_pva_ruckig,synthetic-feasible-v1,synthetic,rapid_reversal__test__011,test,150811,clean,one_step_governed_pva_ruckig,431,1,command_p,stop-j0-k244,stop,2.44,0,joint_0,5,0.050000000000000044,0.04482722586403965,0.1,0.1,0.05
paper-evidence-v1-locked-test::one_step_governed_pva_ruckig,synthetic-feasible-v1,synthetic,rapid_reversal__test__011,test,150811,clean,one_step_governed_pva_ruckig,431,1,command_p,stop-j0-k267,stop,2.67,0,joint_0,-5,-0.050000000000000044,0.01921620338594109,0.1,0.1,0.05
paper-evidence-v1-locked-test::one_step_governed_pva_ruckig,synthetic-feasible-v1,synthetic,rapid_reversal__test__011,test,150811,clean,one_step_governed_pva_ruckig,431,1,command_p,stop-j0-k290,stop,2.9,0,joint_0,-5,-0.04999999999999982,0.08198640443031979,0.1,0.1,0.05
paper-evidence-v1-locked-test::one_step_governed_pva_ruckig,synthetic-feasible-v1,synthetic,rapid_reversal__test__011,test,150811,clean,one_step_governed_pva_ruckig,431,1,command_p,stop-j0-k313,stop,3.13,0,joint_0,5,0.04999999999999982,0.08191093676631288,0.1,0.1,0.05
paper-evidence-v1-locked-test::one_step_governed_pva_ruckig,synthetic-feasible-v1,synthetic,rapid_reversal__test__011,test,150811,clean,one_step_governed_pva_ruckig,431,1,command_p,stop-j0-k337,stop,3.37,0,joint_0,5,0.04999999999999982,0.0301284098289876,0.1,0.1,0.05
paper-evidence-v1-locked-test::one_step_governed_pva_ruckig,synthetic-feasible-v1,synthetic,rapid_reversal__test__011,test,150811,clean,one_step_governed_pva_ruckig,431,1,command_p,stop-j0-k360,stop,3.6,0,joint_0,-5,-0.04999999999999982,0.04453403178863078,0.1,0.1,0.05
paper-evidence-v1-locked-test::one_step_governed_pva_ruckig,synthetic-feasible-v1,synthetic,rapid_reversal__test__011,test,150811,clean,one_step_governed_pva_ruckig,431,1,command_p,stop-j0-k383,stop,3.83,0,joint_0,0,0.0,0.08780954631100438,0.1,0.1,0.05
paper-evidence-v1-locked-test::one_step_governed_pva_ruckig,synthetic-feasible-v1,synthetic,rapid_reversal__test__011,test,150811,clean,one_step_governed_pva_ruckig,431,1,command_p,stop-j0-k406,stop,4.0600000000000005,0,joint_0,5,0.04999999999999982,0.06902519719728134,0.1,0.1,0.05
paper-evidence-v1-locked-test::one_step_governed_pva_ruckig,synthetic-feasible-v1,synthetic,rapid_reversal__test__012,test,150812,clean,one_step_governed_pva_ruckig,408,1,command_p,stop-j0-k30,stop,0.3,0,joint_0,1,0.010000000000000009,0.0014944130608509846,0.1,0.1,0.05
paper-evidence-v1-locked-test::one_step_governed_pva_ruckig,synthetic-feasible-v1,synthetic,rapid_reversal__test__012,test,150812,clean,one_step_governed_pva_ruckig,408,1,command_p,stop-j0-k58,stop,0.58,0,joint_0,1,0.010000000000000009,0.0003246984713581914,0.1,0.1,0.05
paper-evidence-v1-locked-test::one_step_governed_pva_ruckig,synthetic-feasible-v1,synthetic,rapid_reversal__test__012,test,150812,clean,one_step_governed_pva_ruckig,408,1,command_p,stop-j0-k87,stop,0.87,0,joint_0,1,0.010000000000000009,0.0009039602003015577,0.1,0.1,0.05
paper-evidence-v1-locked-test::one_step_governed_pva_ruckig,synthetic-feasible-v1,synthetic,rapid_reversal__test__012,test,150812,clean,one_step_governed_pva_ruckig,408,1,command_p,stop-j0-k115,stop,1.1500000000000001,0,joint_0,1,0.010000000000000009,0.0012308914589351946,0.1,0.1,0.05
paper-evidence-v1-locked-test::one_step_governed_pva_ruckig,synthetic-feasible-v1,synthetic,rapid_reversal__test__012,test,150812,clean,one_step_governed_pva_ruckig,408,1,command_p,stop-j0-k143,stop,1.43,0,joint_0,1,0.010000000000000009,0.0003738369258548395,0.1,0.1,0.05
paper-evidence-v1-locked-test::one_step_governed_pva_ruckig,synthetic-feasible-v1,synthetic,rapid_reversal__test__012,test,150812,clean,one_step_governed_pva_ruckig,408,1,command_p,reversal-j0-k145,reversal,1.435,0,joint_0,1,0.010000000000000009,0.00037479623162478743,0.1,0.1,0.05
paper-evidence-v1-locked-test::one_step_governed_pva_ruckig,synthetic-feasible-v1,synthetic,rapid_reversal__test__012,test,150812,clean,one_step_governed_pva_ruckig,408,1,command_p,stop-j0-k172,stop,1.72,0,joint_0,1,0.010000000000000009,0.0011805892408418013,0.1,0.1,0.05
paper-evidence-v1-locked-test::one_step_governed_pva_ruckig,synthetic-feasible-v1,synthetic,rapid_reversal__test__012,test,150812,clean,one_step_governed_pva_ruckig,408,1,command_p,stop-j0-k200,stop,2.0,0,joint_0,1,0.010000000000000009,0.0008816144408532432,0.1,0.1,0.05
paper-evidence-v1-locked-test::one_step_governed_pva_ruckig,synthetic-feasible-v1,synthetic,rapid_reversal__test__012,test,150812,clean,one_step_governed_pva_ruckig,408,1,command_p,stop-j0-k229,stop,2.29,0,joint_0,1,0.009999999999999787,0.00034853616765067295,0.1,0.1,0.05
paper-evidence-v1-locked-test::one_step_governed_pva_ruckig,synthetic-feasible-v1,synthetic,rapid_reversal__test__012,test,150812,clean,one_step_governed_pva_ruckig,408,1,command_p,stop-j0-k257,stop,2.57,0,joint_0,1,0.010000000000000009,0.001191163827742019,0.1,0.1,0.05
paper-evidence-v1-locked-test::one_step_governed_pva_ruckig,synthetic-feasible-v1,synthetic,rapid_reversal__test__012,test,150812,clean,one_step_governed_pva_ruckig,408,1,command_p,stop-j0-k285,stop,2.85,0,joint_0,1,0.009999999999999787,0.0006038616966464936,0.1,0.1,0.05
paper-evidence-v1-locked-test::one_step_governed_pva_ruckig,synthetic-feasible-v1,synthetic,rapid_reversal__test__012,test,150812,clean,one_step_governed_pva_ruckig,408,1,command_p,reversal-j0-k287,reversal,2.855,0,joint_0,1,0.009999999999999787,0.0006172431353208525,0.1,0.1,0.05
paper-evidence-v1-locked-test::one_step_governed_pva_ruckig,synthetic-feasible-v1,synthetic,rapid_reversal__test__012,test,150812,clean,one_step_governed_pva_ruckig,408,1,command_p,stop-j0-k314,stop,3.14,0,joint_0,1,0.009999999999999787,0.0005453497194549036,0.1,0.1,0.05
paper-evidence-v1-locked-test::one_step_governed_pva_ruckig,synthetic-feasible-v1,synthetic,rapid_reversal__test__012,test,150812,clean,one_step_governed_pva_ruckig,408,1,command_p,stop-j0-k342,stop,3.42,0,joint_0,1,0.010000000000000009,0.001030024565781486,0.1,0.1,0.05
paper-evidence-v1-locked-test::one_step_governed_pva_ruckig,synthetic-feasible-v1,synthetic,rapid_reversal__test__012,test,150812,clean,one_step_governed_pva_ruckig,408,1,command_p,stop-j0-k370,stop,3.7,0,joint_0,1,0.009999999999999787,0.000560506008564672,0.1,0.1,0.05
paper-evidence-v1-locked-test::one_step_governed_pva_ruckig,synthetic-feasible-v1,synthetic,rapid_reversal__test__012,test,150812,clean,one_step_governed_pva_ruckig,408,1,command_p,reversal-j0-k372,reversal,3.705,0,joint_0,1,0.009999999999999787,0.000560506008564672,0.1,0.1,0.05
paper-evidence-v1-locked-test::one_step_governed_pva_ruckig,synthetic-feasible-v1,synthetic,rapid_reversal__test__013,test,150813,clean,one_step_governed_pva_ruckig,289,1,command_p,stop-j0-k22,stop,0.22,0,joint_0,1,0.010000000000000009,0.00015564580121516305,0.1,0.1,0.05
paper-evidence-v1-locked-test::one_step_governed_pva_ruckig,synthetic-feasible-v1,synthetic,rapid_reversal__test__013,test,150813,clean,one_step_governed_pva_ruckig,289,1,command_p,stop-j0-k43,stop,0.43,0,joint_0,1,0.010000000000000009,0.0005906187075265476,0.1,0.1,0.05
paper-evidence-v1-locked-test::one_step_governed_pva_ruckig,synthetic-feasible-v1,synthetic,rapid_reversal__test__013,test,150813,clean,one_step_governed_pva_ruckig,289,1,command_p,stop-j0-k64,stop,0.64,0,joint_0,1,0.010000000000000009,0.0002434255152491214,0.1,0.1,0.05
paper-evidence-v1-locked-test::one_step_governed_pva_ruckig,synthetic-feasible-v1,synthetic,rapid_reversal__test__013,test,150813,clean,one_step_governed_pva_ruckig,289,1,command_p,reversal-j0-k86,reversal,0.855,0,joint_0,1,0.010000000000000009,0.00023625301557882845,0.1,0.1,0.05
paper-evidence-v1-locked-test::one_step_governed_pva_ruckig,synthetic-feasible-v1,synthetic,rapid_reversal__test__013,test,150813,clean,one_step_governed_pva_ruckig,289,1,command_p,stop-j0-k107,stop,1.07,0,joint_0,1,0.010000000000000009,0.00043582128709130117,0.1,0.1,0.05
paper-evidence-v1-locked-test::one_step_governed_pva_ruckig,synthetic-feasible-v1,synthetic,rapid_reversal__test__013,test,150813,clean,one_step_governed_pva_ruckig,289,1,command_p,stop-j0-k128,stop,1.28,0,joint_0,1,0.010000000000000009,0.0002830411007654405,0.1,0.1,0.05
paper-evidence-v1-locked-test::one_step_governed_pva_ruckig,synthetic-feasible-v1,synthetic,rapid_reversal__test__013,test,150813,clean,one_step_governed_pva_ruckig,289,1,command_p,stop-j0-k149,stop,1.49,0,joint_0,1,0.010000000000000009,0.0004924485701080218,0.1,0.1,0.05
paper-evidence-v1-locked-test::one_step_governed_pva_ruckig,synthetic-feasible-v1,synthetic,rapid_reversal__test__013,test,150813,clean,one_step_governed_pva_ruckig,289,1,command_p,stop-j0-k171,stop,1.71,0,joint_0,1,0.010000000000000009,0.00016393806391319822,0.1,0.1,0.05
paper-evidence-v1-locked-test::one_step_governed_pva_ruckig,synthetic-feasible-v1,synthetic,rapid_reversal__test__013,test,150813,clean,one_step_governed_pva_ruckig,289,1,command_p,stop-j0-k192,stop,1.92,0,joint_0,1,0.010000000000000009,0.0001214955509354686,0.1,0.1,0.05
paper-evidence-v1-locked-test::one_step_governed_pva_ruckig,synthetic-feasible-v1,synthetic,rapid_reversal__test__013,test,150813,clean,one_step_governed_pva_ruckig,289,1,command_p,stop-j0-k213,stop,2.13,0,joint_0,1,0.010000000000000009,0.0005490148460186002,0.1,0.1,0.05
paper-evidence-v1-locked-test::one_step_governed_pva_ruckig,synthetic-feasible-v1,synthetic,rapid_reversal__test__013,test,150813,clean,one_step_governed_pva_ruckig,289,1,command_p,stop-j0-k234,stop,2.34,0,joint_0,1,0.010000000000000009,0.0002347358273652849,0.1,0.1,0.05
paper-evidence-v1-locked-test::one_step_governed_pva_ruckig,synthetic-feasible-v1,synthetic,rapid_reversal__test__013,test,150813,clean,one_step_governed_pva_ruckig,289,1,command_p,stop-j0-k256,stop,2.56,0,joint_0,1,0.009999999999999787,0.00025070088428127035,0.1,0.1,0.05
paper-evidence-v1-locked-test::one_step_governed_pva_ruckig,synthetic-feasible-v1,synthetic,rapid_reversal__test__013,test,150813,clean,one_step_governed_pva_ruckig,289,1,command_p,stop-j0-k277,stop,2.77,0,joint_0,1,0.009999999999999787,0.000380429287026893,0.1,0.1,0.05
paper-evidence-v1-locked-test::one_step_governed_pva_ruckig,synthetic-feasible-v1,synthetic,rapid_reversal__test__014,test,150814,clean,one_step_governed_pva_ruckig,429,1,command_p,stop-j0-k13,stop,0.13,0,joint_0,-5,-0.05,0.02882866933663237,0.1,0.1,0.05
paper-evidence-v1-locked-test::one_step_governed_pva_ruckig,synthetic-feasible-v1,synthetic,rapid_reversal__test__014,test,150814,clean,one_step_governed_pva_ruckig,429,1,command_p,stop-j0-k37,stop,0.37,0,joint_0,-5,-0.04999999999999999,0.07439098023775603,0.1,0.1,0.05
paper-evidence-v1-locked-test::one_step_governed_pva_ruckig,synthetic-feasible-v1,synthetic,rapid_reversal__test__014,test,150814,clean,one_step_governed_pva_ruckig,429,1,command_p,stop-j0-k62,stop,0.62,0,joint_0,5,0.050000000000000044,0.057875738912451145,0.1,0.1,0.05
paper-evidence-v1-locked-test::one_step_governed_pva_ruckig,synthetic-feasible-v1,synthetic,rapid_reversal__test__014,test,150814,clean,one_step_governed_pva_ruckig,429,1,command_p,stop-j0-k86,stop,0.86,0,joint_0,-4,-0.040000000000000036,0.012468318728809597,0.1,0.1,0.05
paper-evidence-v1-locked-test::one_step_governed_pva_ruckig,synthetic-feasible-v1,synthetic,rapid_reversal__test__014,test,150814,clean,one_step_governed_pva_ruckig,429,1,command_p,stop-j0-k111,stop,1.11,0,joint_0,-5,-0.050000000000000044,0.056477813202214726,0.1,0.1,0.05
paper-evidence-v1-locked-test::one_step_governed_pva_ruckig,synthetic-feasible-v1,synthetic,rapid_reversal__test__014,test,150814,clean,one_step_governed_pva_ruckig,429,1,command_p,stop-j0-k135,stop,1.35,0,joint_0,5,0.050000000000000044,0.07261287359115978,0.1,0.1,0.05
paper-evidence-v1-locked-test::one_step_governed_pva_ruckig,synthetic-feasible-v1,synthetic,rapid_reversal__test__014,test,150814,clean,one_step_governed_pva_ruckig,429,1,command_p,stop-j0-k160,stop,1.6,0,joint_0,5,0.050000000000000044,0.03333799125390432,0.1,0.1,0.05
paper-evidence-v1-locked-test::one_step_governed_pva_ruckig,synthetic-feasible-v1,synthetic,rapid_reversal__test__014,test,150814,clean,one_step_governed_pva_ruckig,429,1,command_p,stop-j0-k184,stop,1.84,0,joint_0,-5,-0.050000000000000044,0.027906701407312766,0.1,0.1,0.05
paper-evidence-v1-locked-test::one_step_governed_pva_ruckig,synthetic-feasible-v1,synthetic,rapid_reversal__test__014,test,150814,clean,one_step_governed_pva_ruckig,429,1,command_p,stop-j0-k209,stop,2.09,0,joint_0,-5,-0.04999999999999982,0.0695910198763196,0.1,0.1,0.05
paper-evidence-v1-locked-test::one_step_governed_pva_ruckig,synthetic-feasible-v1,synthetic,rapid_reversal__test__014,test,150814,clean,one_step_governed_pva_ruckig,429,1,command_p,stop-j0-k233,stop,2.33,0,joint_0,5,0.04999999999999982,0.05799136944518176,0.1,0.1,0.05
paper-evidence-v1-locked-test::one_step_governed_pva_ruckig,synthetic-feasible-v1,synthetic,rapid_reversal__test__014,test,150814,clean,one_step_governed_pva_ruckig,429,1,command_p,stop-j0-k258,stop,2.58,0,joint_0,5,0.04999999999999982,0.009514831681239897,0.1,0.1,0.05
paper-evidence-v1-locked-test::one_step_governed_pva_ruckig,synthetic-feasible-v1,synthetic,rapid_reversal__test__014,test,150814,clean,one_step_governed_pva_ruckig,429,1,command_p,stop-j0-k282,stop,2.82,0,joint_0,-5,-0.04999999999999982,0.04908779434758882,0.1,0.1,0.05
paper-evidence-v1-locked-test::one_step_governed_pva_ruckig,synthetic-feasible-v1,synthetic,rapid_reversal__test__014,test,150814,clean,one_step_governed_pva_ruckig,429,1,command_p,stop-j0-k307,stop,3.0700000000000003,0,joint_0,5,0.04999999999999982,0.06810291933379985,0.1,0.1,0.05
paper-evidence-v1-locked-test::one_step_governed_pva_ruckig,synthetic-feasible-v1,synthetic,rapid_reversal__test__014,test,150814,clean,one_step_governed_pva_ruckig,429,1,command_p,stop-j0-k331,stop,3.31,0,joint_0,5,0.04999999999999982,0.028661980277554983,0.1,0.1,0.05
paper-evidence-v1-locked-test::one_step_governed_pva_ruckig,synthetic-feasible-v1,synthetic,rapid_reversal__test__014,test,150814,clean,one_step_governed_pva_ruckig,429,1,command_p,stop-j0-k356,stop,3.56,0,joint_0,-5,-0.04999999999999982,0.0211662433894164,0.1,0.1,0.05
paper-evidence-v1-locked-test::one_step_governed_pva_ruckig,synthetic-feasible-v1,synthetic,rapid_reversal__test__014,test,150814,clean,one_step_governed_pva_ruckig,429,1,command_p,stop-j0-k380,stop,3.8000000000000003,0,joint_0,-5,-0.04999999999999982,0.06394108576368755,0.1,0.1,0.05
paper-evidence-v1-locked-test::one_step_governed_pva_ruckig,synthetic-feasible-v1,synthetic,rapid_reversal__test__014,test,150814,clean,one_step_governed_pva_ruckig,429,1,command_p,stop-j0-k405,stop,4.05,0,joint_0,5,0.04999999999999982,0.05064573639418581,0.1,0.1,0.05
paper-evidence-v1-locked-test::one_step_governed_pva_ruckig,synthetic-feasible-v1,synthetic,rapid_reversal__test__015,test,150815,clean,one_step_governed_pva_ruckig,304,1,command_p,stop-j0-k27,stop,0.27,0,joint_0,1,0.010000000000000009,0.01075681486767419,0.1,0.1,0.05
paper-evidence-v1-locked-test::one_step_governed_pva_ruckig,synthetic-feasible-v1,synthetic,rapid_reversal__test__015,test,150815,clean,one_step_governed_pva_ruckig,304,1,command_p,stop-j0-k57,stop,0.5700000000000001,0,joint_0,0,0.0,0.01290966228999686,0.1,0.1,0.05
paper-evidence-v1-locked-test::one_step_governed_pva_ruckig,synthetic-feasible-v1,synthetic,rapid_reversal__test__015,test,150815,clean,one_step_governed_pva_ruckig,304,1,command_p,stop-j0-k87,stop,0.87,0,joint_0,2,0.020000000000000018,0.001445435778129151,0.1,0.1,0.05
paper-evidence-v1-locked-test::one_step_governed_pva_ruckig,synthetic-feasible-v1,synthetic,rapid_reversal__test__015,test,150815,clean,one_step_governed_pva_ruckig,304,1,command_p,stop-j0-k117,stop,1.17,0,joint_0,1,0.010000000000000009,0.01122596000050567,0.1,0.1,0.05
paper-evidence-v1-locked-test::one_step_governed_pva_ruckig,synthetic-feasible-v1,synthetic,rapid_reversal__test__015,test,150815,clean,one_step_governed_pva_ruckig,304,1,command_p,stop-j0-k147,stop,1.47,0,joint_0,0,0.0,0.011511658285770915,0.1,0.1,0.05
paper-evidence-v1-locked-test::one_step_governed_pva_ruckig,synthetic-feasible-v1,synthetic,rapid_reversal__test__015,test,150815,clean,one_step_governed_pva_ruckig,304,1,command_p,stop-j0-k177,stop,1.77,0,joint_0,2,0.020000000000000018,0.0027666805044325553,0.1,0.1,0.05
paper-evidence-v1-locked-test::one_step_governed_pva_ruckig,synthetic-feasible-v1,synthetic,rapid_reversal__test__015,test,150815,clean,one_step_governed_pva_ruckig,304,1,command_p,stop-j0-k207,stop,2.07,0,joint_0,0,0.0,0.01135595543666243,0.1,0.1,0.05
paper-evidence-v1-locked-test::one_step_governed_pva_ruckig,synthetic-feasible-v1,synthetic,rapid_reversal__test__015,test,150815,clean,one_step_governed_pva_ruckig,304,1,command_p,stop-j0-k236,stop,2.36,0,joint_0,-1,-0.010000000000000009,0.009983987873264578,0.1,0.1,0.05
paper-evidence-v1-locked-test::one_step_governed_pva_ruckig,synthetic-feasible-v1,synthetic,rapid_reversal__test__015,test,150815,clean,one_step_governed_pva_ruckig,304,1,command_p,reversal-j0-k238,reversal,2.365,0,joint_0,0,0.0,0.010086323265702597,0.1,0.1,0.05
paper-evidence-v1-locked-test::one_step_governed_pva_ruckig,synthetic-feasible-v1,synthetic,rapid_reversal__test__015,test,150815,clean,one_step_governed_pva_ruckig,304,1,command_p,stop-j0-k266,stop,2.66,0,joint_0,2,0.020000000000000018,0.004081266452660552,0.1,0.1,0.05
paper-evidence-v1-locked-test::one_step_governed_pva_ruckig,synthetic-feasible-v1,synthetic,rapid_reversal__test__016,test,150816,clean,one_step_governed_pva_ruckig,341,1,command_p,stop-j0-k42,stop,0.42,0,joint_0,0,0.0,0.0058679877682185615,0.1,0.1,0.05
paper-evidence-v1-locked-test::one_step_governed_pva_ruckig,synthetic-feasible-v1,synthetic,rapid_reversal__test__016,test,150816,clean,one_step_governed_pva_ruckig,341,1,command_p,reversal-j0-k44,reversal,0.42500000000000004,0,joint_0,0,0.0,0.005998776573627402,0.1,0.1,0.05
paper-evidence-v1-locked-test::one_step_governed_pva_ruckig,synthetic-feasible-v1,synthetic,rapid_reversal__test__016,test,150816,clean,one_step_governed_pva_ruckig,341,1,command_p,stop-j0-k82,stop,0.8200000000000001,0,joint_0,2,0.020000000000000018,0.000941923764482217,0.1,0.1,0.05
paper-evidence-v1-locked-test::one_step_governed_pva_ruckig,synthetic-feasible-v1,synthetic,rapid_reversal__test__016,test,150816,clean,one_step_governed_pva_ruckig,341,1,command_p,stop-j0-k121,stop,1.21,0,joint_0,1,0.010000000000000009,0.004236972314045306,0.1,0.1,0.05
paper-evidence-v1-locked-test::one_step_governed_pva_ruckig,synthetic-feasible-v1,synthetic,rapid_reversal__test__016,test,150816,clean,one_step_governed_pva_ruckig,341,1,command_p,reversal-j0-k123,reversal,1.2149999999999999,0,joint_0,1,0.010000000000000009,0.00428485077997901,0.1,0.1,0.05
paper-evidence-v1-locked-test::one_step_governed_pva_ruckig,synthetic-feasible-v1,synthetic,rapid_reversal__test__016,test,150816,clean,one_step_governed_pva_ruckig,341,1,command_p,stop-j0-k160,stop,1.6,0,joint_0,0,0.0,0.002245156224228905,0.1,0.1,0.05
paper-evidence-v1-locked-test::one_step_governed_pva_ruckig,synthetic-feasible-v1,synthetic,rapid_reversal__test__016,test,150816,clean,one_step_governed_pva_ruckig,341,1,command_p,reversal-j0-k162,reversal,1.605,0,joint_0,0,0.0,0.0023004498285667226,0.1,0.1,0.05
paper-evidence-v1-locked-test::one_step_governed_pva_ruckig,synthetic-feasible-v1,synthetic,rapid_reversal__test__016,test,150816,clean,one_step_governed_pva_ruckig,341,1,command_p,stop-j0-k199,stop,1.99,0,joint_0,0,0.0,0.005127843914617215,0.1,0.1,0.05
paper-evidence-v1-locked-test::one_step_governed_pva_ruckig,synthetic-feasible-v1,synthetic,rapid_reversal__test__016,test,150816,clean,one_step_governed_pva_ruckig,341,1,command_p,reversal-j0-k201,reversal,1.995,0,joint_0,1,0.010000000000000009,0.005191513473412941,0.1,0.1,0.05
paper-evidence-v1-locked-test::one_step_governed_pva_ruckig,synthetic-feasible-v1,synthetic,rapid_reversal__test__016,test,150816,clean,one_step_governed_pva_ruckig,341,1,command_p,stop-j0-k239,stop,2.39,0,joint_0,2,0.020000000000000018,0.0018638719105183636,0.1,0.1,0.05
paper-evidence-v1-locked-test::one_step_governed_pva_ruckig,synthetic-feasible-v1,synthetic,rapid_reversal__test__016,test,150816,clean,one_step_governed_pva_ruckig,341,1,command_p,stop-j0-k278,stop,2.7800000000000002,0,joint_0,1,0.009999999999999787,0.0029253001541856742,0.1,0.1,0.05
paper-evidence-v1-locked-test::one_step_governed_pva_ruckig,synthetic-feasible-v1,synthetic,rapid_reversal__test__016,test,150816,clean,one_step_governed_pva_ruckig,341,1,command_p,reversal-j0-k280,reversal,2.785,0,joint_0,1,0.009999999999999787,0.0029253001541856742,0.1,0.1,0.05
paper-evidence-v1-locked-test::one_step_governed_pva_ruckig,synthetic-feasible-v1,synthetic,rapid_reversal__test__016,test,150816,clean,one_step_governed_pva_ruckig,341,1,command_p,stop-j0-k317,stop,3.17,0,joint_0,0,0.0,0.004129489465201206,0.1,0.1,0.05
paper-evidence-v1-locked-test::one_step_governed_pva_ruckig,synthetic-feasible-v1,synthetic,rapid_reversal__test__016,test,150816,clean,one_step_governed_pva_ruckig,341,1,command_p,reversal-j0-k319,reversal,3.175,0,joint_0,0,0.0,0.0042227969653670806,0.1,0.1,0.05
paper-evidence-v1-locked-test::one_step_governed_pva_ruckig,synthetic-feasible-v1,synthetic,rapid_reversal__test__017,test,150817,clean,one_step_governed_pva_ruckig,342,1,command_p,stop-j0-k22,stop,0.22,0,joint_0,1,0.010000000000000009,0.0009811378257541007,0.1,0.1,0.05
paper-evidence-v1-locked-test::one_step_governed_pva_ruckig,synthetic-feasible-v1,synthetic,rapid_reversal__test__017,test,150817,clean,one_step_governed_pva_ruckig,342,1,command_p,stop-j0-k45,stop,0.45,0,joint_0,1,0.010000000000000009,0.001777044341700653,0.1,0.1,0.05
paper-evidence-v1-locked-test::one_step_governed_pva_ruckig,synthetic-feasible-v1,synthetic,rapid_reversal__test__017,test,150817,clean,one_step_governed_pva_ruckig,342,1,command_p,stop-j0-k68,stop,0.68,0,joint_0,2,0.020000000000000018,0.0008326370496982014,0.1,0.1,0.05
paper-evidence-v1-locked-test::one_step_governed_pva_ruckig,synthetic-feasible-v1,synthetic,rapid_reversal__test__017,test,150817,clean,one_step_governed_pva_ruckig,342,1,command_p,stop-j0-k91,stop,0.91,0,joint_0,1,0.010000000000000009,0.00032440328941958266,0.1,0.1,0.05
paper-evidence-v1-locked-test::one_step_governed_pva_ruckig,synthetic-feasible-v1,synthetic,rapid_reversal__test__017,test,150817,clean,one_step_governed_pva_ruckig,342,1,command_p,stop-j0-k114,stop,1.1400000000000001,0,joint_0,1,0.010000000000000009,0.0014476137050292617,0.1,0.1,0.05
paper-evidence-v1-locked-test::one_step_governed_pva_ruckig,synthetic-feasible-v1,synthetic,rapid_reversal__test__017,test,150817,clean,one_step_governed_pva_ruckig,342,1,command_p,reversal-j0-k138,reversal,1.375,0,joint_0,2,0.020000000000000018,0.0013430669410317835,0.1,0.1,0.05
paper-evidence-v1-locked-test::one_step_governed_pva_ruckig,synthetic-feasible-v1,synthetic,rapid_reversal__test__017,test,150817,clean,one_step_governed_pva_ruckig,342,1,command_p,stop-j0-k161,stop,1.61,0,joint_0,1,0.010000000000000009,0.0009052427139269795,0.1,0.1,0.05
paper-evidence-v1-locked-test::one_step_governed_pva_ruckig,synthetic-feasible-v1,synthetic,rapid_reversal__test__017,test,150817,clean,one_step_governed_pva_ruckig,342,1,command_p,stop-j0-k184,stop,1.84,0,joint_0,1,0.010000000000000009,0.0007770909496970014,0.1,0.1,0.05
paper-evidence-v1-locked-test::one_step_governed_pva_ruckig,synthetic-feasible-v1,synthetic,rapid_reversal__test__017,test,150817,clean,one_step_governed_pva_ruckig,342,1,command_p,stop-j0-k207,stop,2.07,0,joint_0,1,0.010000000000000009,0.0012423097454924304,0.1,0.1,0.05
paper-evidence-v1-locked-test::one_step_governed_pva_ruckig,synthetic-feasible-v1,synthetic,rapid_reversal__test__017,test,150817,clean,one_step_governed_pva_ruckig,342,1,command_p,stop-j0-k230,stop,2.3000000000000003,0,joint_0,1,0.009999999999999787,0.0014805021873314733,0.1,0.1,0.05
paper-evidence-v1-locked-test::one_step_governed_pva_ruckig,synthetic-feasible-v1,synthetic,rapid_reversal__test__017,test,150817,clean,one_step_governed_pva_ruckig,342,1,command_p,stop-j0-k253,stop,2.5300000000000002,0,joint_0,2,0.020000000000000018,0.00027003906545112913,0.1,0.1,0.05
paper-evidence-v1-locked-test::one_step_governed_pva_ruckig,synthetic-feasible-v1,synthetic,rapid_reversal__test__017,test,150817,clean,one_step_governed_pva_ruckig,342,1,command_p,stop-j0-k276,stop,2.7600000000000002,0,joint_0,1,0.009999999999999787,0.0006996528250724544,0.1,0.1,0.05
paper-evidence-v1-locked-test::one_step_governed_pva_ruckig,synthetic-feasible-v1,synthetic,rapid_reversal__test__017,test,150817,clean,one_step_governed_pva_ruckig,342,1,command_p,stop-j0-k299,stop,2.99,0,joint_0,1,0.009999999999999787,0.0015892586094009731,0.1,0.1,0.05
paper-evidence-v1-locked-test::one_step_governed_pva_ruckig,synthetic-feasible-v1,synthetic,rapid_reversal__test__017,test,150817,clean,one_step_governed_pva_ruckig,342,1,command_p,stop-j0-k322,stop,3.22,0,joint_0,1,0.009999999999999787,0.0009263407679988838,0.1,0.1,0.05
paper-evidence-v1-locked-test::one_step_governed_pva_ruckig,synthetic-feasible-v1,synthetic,rapid_reversal__test__018,test,150818,clean,one_step_governed_pva_ruckig,447,1,command_p,stop-j0-k29,stop,0.29,0,joint_0,-5,-0.04999999999999999,0.02272959349600538,0.1,0.1,0.05
paper-evidence-v1-locked-test::one_step_governed_pva_ruckig,synthetic-feasible-v1,synthetic,rapid_reversal__test__018,test,150818,clean,one_step_governed_pva_ruckig,447,1,command_p,reversal-j0-k52,reversal,0.515,0,joint_0,5,0.04999999999999999,0.023055154203890937,0.1,0.1,0.05
paper-evidence-v1-locked-test::one_step_governed_pva_ruckig,synthetic-feasible-v1,synthetic,rapid_reversal__test__018,test,150818,clean,one_step_governed_pva_ruckig,447,1,command_p,stop-j0-k74,stop,0.74,0,joint_0,-1,-0.010000000000000009,0.01167139292244568,0.1,0.1,0.05
paper-evidence-v1-locked-test::one_step_governed_pva_ruckig,synthetic-feasible-v1,synthetic,rapid_reversal__test__018,test,150818,clean,one_step_governed_pva_ruckig,447,1,command_p,stop-j0-k96,stop,0.96,0,joint_0,2,0.020000000000000018,0.011105548435877282,0.1,0.1,0.05
paper-evidence-v1-locked-test::one_step_governed_pva_ruckig,synthetic-feasible-v1,synthetic,rapid_reversal__test__018,test,150818,clean,one_step_governed_pva_ruckig,447,1,command_p,stop-j0-k118,stop,1.18,0,joint_0,0,0.0,0.022863951172829945,0.1,0.1,0.05
paper-evidence-v1-locked-test::one_step_governed_pva_ruckig,synthetic-feasible-v1,synthetic,rapid_reversal__test__018,test,150818,clean,one_step_governed_pva_ruckig,447,1,command_p,stop-j0-k141,stop,1.41,0,joint_0,0,0.0,0.022537607392038684,0.1,0.1,0.05
paper-evidence-v1-locked-test::one_step_governed_pva_ruckig,synthetic-feasible-v1,synthetic,rapid_reversal__test__018,test,150818,clean,one_step_governed_pva_ruckig,447,1,command_p,stop-j0-k163,stop,1.6300000000000001,0,joint_0,5,0.050000000000000044,0.00471968457427295,0.1,0.1,0.05
paper-evidence-v1-locked-test::one_step_governed_pva_ruckig,synthetic-feasible-v1,synthetic,rapid_reversal__test__018,test,150818,clean,one_step_governed_pva_ruckig,447,1,command_p,stop-j0-k185,stop,1.85,0,joint_0,-5,-0.050000000000000044,0.010599137573319303,0.1,0.1,0.05
paper-evidence-v1-locked-test::one_step_governed_pva_ruckig,synthetic-feasible-v1,synthetic,rapid_reversal__test__018,test,150818,clean,one_step_governed_pva_ruckig,447,1,command_p,stop-j0-k208,stop,2.08,0,joint_0,0,0.0,0.023494293368155807,0.1,0.1,0.05
paper-evidence-v1-locked-test::one_step_governed_pva_ruckig,synthetic-feasible-v1,synthetic,rapid_reversal__test__018,test,150818,clean,one_step_governed_pva_ruckig,447,1,command_p,stop-j0-k230,stop,2.3000000000000003,0,joint_0,5,0.04999999999999982,0.018327194002025347,0.1,0.1,0.05
paper-evidence-v1-locked-test::one_step_governed_pva_ruckig,synthetic-feasible-v1,synthetic,rapid_reversal__test__018,test,150818,clean,one_step_governed_pva_ruckig,447,1,command_p,stop-j0-k252,stop,2.52,0,joint_0,-2,-0.020000000000000018,0.00559017314305549,0.1,0.1,0.05
paper-evidence-v1-locked-test::one_step_governed_pva_ruckig,synthetic-feasible-v1,synthetic,rapid_reversal__test__018,test,150818,clean,one_step_governed_pva_ruckig,447,1,command_p,stop-j0-k275,stop,2.75,0,joint_0,1,0.009999999999999787,0.014705494167584893,0.1,0.1,0.05
paper-evidence-v1-locked-test::one_step_governed_pva_ruckig,synthetic-feasible-v1,synthetic,rapid_reversal__test__018,test,150818,clean,one_step_governed_pva_ruckig,447,1,command_p,stop-j0-k297,stop,2.97,0,joint_0,0,0.0,0.022268595694371295,0.1,0.1,0.05
paper-evidence-v1-locked-test::one_step_governed_pva_ruckig,synthetic-feasible-v1,synthetic,rapid_reversal__test__018,test,150818,clean,one_step_governed_pva_ruckig,447,1,command_p,stop-j0-k319,stop,3.19,0,joint_0,-1,-0.010000000000000009,0.017972009625352663,0.1,0.1,0.05
paper-evidence-v1-locked-test::one_step_governed_pva_ruckig,synthetic-feasible-v1,synthetic,rapid_reversal__test__018,test,150818,clean,one_step_governed_pva_ruckig,447,1,command_p,stop-j0-k342,stop,3.42,0,joint_0,4,0.040000000000000036,0.0012354683817015124,0.1,0.1,0.05
paper-evidence-v1-locked-test::one_step_governed_pva_ruckig,synthetic-feasible-v1,synthetic,rapid_reversal__test__018,test,150818,clean,one_step_governed_pva_ruckig,447,1,command_p,stop-j0-k364,stop,3.64,0,joint_0,-5,-0.04999999999999982,0.014145334717186202,0.1,0.1,0.05
paper-evidence-v1-locked-test::one_step_governed_pva_ruckig,synthetic-feasible-v1,synthetic,rapid_reversal__test__018,test,150818,clean,one_step_governed_pva_ruckig,447,1,command_p,stop-j0-k386,stop,3.86,0,joint_0,-5,-0.04999999999999982,0.021821313558574612,0.1,0.1,0.05
paper-evidence-v1-locked-test::one_step_governed_pva_ruckig,synthetic-feasible-v1,synthetic,rapid_reversal__test__018,test,150818,clean,one_step_governed_pva_ruckig,447,1,command_p,stop-j0-k409,stop,4.09,0,joint_0,5,0.04999999999999982,0.013041402510550209,0.1,0.1,0.05
paper-evidence-v1-locked-test::one_step_governed_pva_ruckig,synthetic-feasible-v1,synthetic,rapid_reversal__test__018,test,150818,clean,one_step_governed_pva_ruckig,447,1,command_p,stop-j0-k431,stop,4.3100000000000005,0,joint_0,-2,-0.020000000000000018,0.0010580429475791986,0.1,0.1,0.05
paper-evidence-v1-locked-test::one_step_governed_pva_ruckig,synthetic-feasible-v1,synthetic,rapid_reversal__test__019,test,150819,clean,one_step_governed_pva_ruckig,255,1,command_p,stop-j0-k36,stop,0.36,0,joint_0,1,0.010000000000000009,0.0068340430100058145,0.1,0.1,0.05
paper-evidence-v1-locked-test::one_step_governed_pva_ruckig,synthetic-feasible-v1,synthetic,rapid_reversal__test__019,test,150819,clean,one_step_governed_pva_ruckig,255,1,command_p,stop-j0-k73,stop,0.73,0,joint_0,-1,-0.010000000000000009,0.004532184397433565,0.1,0.1,0.05
paper-evidence-v1-locked-test::one_step_governed_pva_ruckig,synthetic-feasible-v1,synthetic,rapid_reversal__test__019,test,150819,clean,one_step_governed_pva_ruckig,255,1,command_p,stop-j0-k110,stop,1.1,0,joint_0,1,0.010000000000000009,0.006170146235574587,0.1,0.1,0.05
paper-evidence-v1-locked-test::one_step_governed_pva_ruckig,synthetic-feasible-v1,synthetic,rapid_reversal__test__019,test,150819,clean,one_step_governed_pva_ruckig,255,1,command_p,reversal-j0-k112,reversal,1.105,0,joint_0,1,0.010000000000000009,0.006246844653199569,0.1,0.1,0.05
paper-evidence-v1-locked-test::one_step_governed_pva_ruckig,synthetic-feasible-v1,synthetic,rapid_reversal__test__019,test,150819,clean,one_step_governed_pva_ruckig,255,1,command_p,stop-j0-k147,stop,1.47,0,joint_0,3,0.030000000000000027,0.005122367183650007,0.1,0.1,0.05
paper-evidence-v1-locked-test::one_step_governed_pva_ruckig,synthetic-feasible-v1,synthetic,rapid_reversal__test__019,test,150819,clean,one_step_governed_pva_ruckig,255,1,command_p,reversal-j0-k149,reversal,1.475,0,joint_0,3,0.030000000000000027,0.005270598208356104,0.1,0.1,0.05
paper-evidence-v1-locked-test::one_step_governed_pva_ruckig,synthetic-feasible-v1,synthetic,rapid_reversal__test__019,test,150819,clean,one_step_governed_pva_ruckig,255,1,command_p,stop-j0-k185,stop,1.85,0,joint_0,0,0.0,0.0022727122469468957,0.1,0.1,0.05
paper-evidence-v1-locked-test::one_step_governed_pva_ruckig,synthetic-feasible-v1,synthetic,rapid_reversal__test__019,test,150819,clean,one_step_governed_pva_ruckig,255,1,command_p,stop-j0-k222,stop,2.22,0,joint_0,1,0.009999999999999787,0.007675768348441556,0.1,0.1,0.05
paper-evidence-v1-locked-test::one_step_governed_pva_ruckig,synthetic-feasible-v1,synthetic,rapid_reversal__test__019,test,150819,clean,one_step_governed_pva_ruckig,255,1,command_p,reversal-j0-k224,reversal,2.225,0,joint_0,1,0.009999999999999787,0.007675768348441556,0.1,0.1,0.05
paper-evidence-v1-locked-test::one_step_governed_pva_ruckig,synthetic-feasible-v1,synthetic,rapid_reversal__test__020,test,150820,clean,one_step_governed_pva_ruckig,380,1,command_p,stop-j0-k24,stop,0.24,0,joint_0,-5,-0.04999999999999999,0.020997539542937285,0.1,0.1,0.05
paper-evidence-v1-locked-test::one_step_governed_pva_ruckig,synthetic-feasible-v1,synthetic,rapid_reversal__test__020,test,150820,clean,one_step_governed_pva_ruckig,380,1,command_p,stop-j0-k46,stop,0.46,0,joint_0,-5,-0.04999999999999999,0.051537708702324304,0.1,0.1,0.05
paper-evidence-v1-locked-test::one_step_governed_pva_ruckig,synthetic-feasible-v1,synthetic,rapid_reversal__test__020,test,150820,clean,one_step_governed_pva_ruckig,380,1,command_p,stop-j0-k67,stop,0.67,0,joint_0,5,0.050000000000000044,0.05318377566618564,0.1,0.1,0.05
paper-evidence-v1-locked-test::one_step_governed_pva_ruckig,synthetic-feasible-v1,synthetic,rapid_reversal__test__020,test,150820,clean,one_step_governed_pva_ruckig,380,1,command_p,stop-j0-k88,stop,0.88,0,joint_0,-1,-0.010000000000000009,0.03363098005784263,0.1,0.1,0.05
paper-evidence-v1-locked-test::one_step_governed_pva_ruckig,synthetic-feasible-v1,synthetic,rapid_reversal__test__020,test,150820,clean,one_step_governed_pva_ruckig,380,1,command_p,reversal-j0-k110,reversal,1.0950000000000002,0,joint_0,2,0.020000000000000018,0.02058844688813165,0.1,0.1,0.05
paper-evidence-v1-locked-test::one_step_governed_pva_ruckig,synthetic-feasible-v1,synthetic,rapid_reversal__test__020,test,150820,clean,one_step_governed_pva_ruckig,380,1,command_p,stop-j0-k131,stop,1.31,0,joint_0,0,0.0,0.017372374594194096,0.1,0.1,0.05
paper-evidence-v1-locked-test::one_step_governed_pva_ruckig,synthetic-feasible-v1,synthetic,rapid_reversal__test__020,test,150820,clean,one_step_governed_pva_ruckig,380,1,command_p,stop-j0-k152,stop,1.52,0,joint_0,-5,-0.050000000000000044,0.031072757239669783,0.1,0.1,0.05
paper-evidence-v1-locked-test::one_step_governed_pva_ruckig,synthetic-feasible-v1,synthetic,rapid_reversal__test__020,test,150820,clean,one_step_governed_pva_ruckig,380,1,command_p,reversal-j0-k174,reversal,1.7349999999999999,0,joint_0,-5,-0.050000000000000044,0.0479714213624856,0.1,0.1,0.05
paper-evidence-v1-locked-test::one_step_governed_pva_ruckig,synthetic-feasible-v1,synthetic,rapid_reversal__test__020,test,150820,clean,one_step_governed_pva_ruckig,380,1,command_p,stop-j0-k195,stop,1.95,0,joint_0,5,0.04999999999999993,0.03895368251186269,0.1,0.1,0.05
paper-evidence-v1-locked-test::one_step_governed_pva_ruckig,synthetic-feasible-v1,synthetic,rapid_reversal__test__020,test,150820,clean,one_step_governed_pva_ruckig,380,1,command_p,stop-j0-k216,stop,2.16,0,joint_0,0,0.0,0.01684652149776011,0.1,0.1,0.05
paper-evidence-v1-locked-test::one_step_governed_pva_ruckig,synthetic-feasible-v1,synthetic,rapid_reversal__test__020,test,150820,clean,one_step_governed_pva_ruckig,380,1,command_p,stop-j0-k237,stop,2.37,0,joint_0,2,0.020000000000000018,0.01961229487478894,0.1,0.1,0.05
paper-evidence-v1-locked-test::one_step_governed_pva_ruckig,synthetic-feasible-v1,synthetic,rapid_reversal__test__020,test,150820,clean,one_step_governed_pva_ruckig,380,1,command_p,stop-j0-k259,stop,2.59,0,joint_0,-5,-0.04999999999999982,0.06352533907746301,0.1,0.1,0.05
paper-evidence-v1-locked-test::one_step_governed_pva_ruckig,synthetic-feasible-v1,synthetic,rapid_reversal__test__020,test,150820,clean,one_step_governed_pva_ruckig,380,1,command_p,stop-j0-k280,stop,2.8000000000000003,0,joint_0,-5,-0.04999999999999982,0.10218936113504823,0.1,0.1,0.05
paper-evidence-v1-locked-test::one_step_governed_pva_ruckig,synthetic-feasible-v1,synthetic,rapid_reversal__test__020,test,150820,clean,one_step_governed_pva_ruckig,380,1,command_p,stop-j0-k301,stop,3.0100000000000002,0,joint_0,0,0.0,0.1163837140199726,0.1,0.1,0.05
paper-evidence-v1-locked-test::one_step_governed_pva_ruckig,synthetic-feasible-v1,synthetic,rapid_reversal__test__020,test,150820,clean,one_step_governed_pva_ruckig,380,1,command_p,reversal-j0-k323,reversal,3.225,0,joint_0,5,0.04999999999999982,0.08551089400760613,0.1,0.1,0.05
paper-evidence-v1-locked-test::one_step_governed_pva_ruckig,synthetic-feasible-v1,synthetic,rapid_reversal__test__020,test,150820,clean,one_step_governed_pva_ruckig,380,1,command_p,stop-j0-k344,stop,3.44,0,joint_0,5,0.050000000000000044,0.04157592652373851,0.1,0.1,0.05
paper-evidence-v1-locked-test::one_step_governed_pva_ruckig,synthetic-feasible-v1,synthetic,rapid_reversal__test__020,test,150820,clean,one_step_governed_pva_ruckig,380,1,command_p,stop-j0-k365,stop,3.65,0,joint_0,-4,-0.040000000000000036,0.0047867818917490534,0.1,0.1,0.05
paper-evidence-v1-locked-test::one_step_governed_pva_ruckig,synthetic-feasible-v1,synthetic,stop_and_go__test__001,test,140801,clean,one_step_governed_pva_ruckig,422,1,command_p,stop-j0-k111,stop,1.11,0,joint_0,1,0.010000000000000009,8.522964027293415e-05,0.1,0.1,0.05
paper-evidence-v1-locked-test::one_step_governed_pva_ruckig,synthetic-feasible-v1,synthetic,stop_and_go__test__001,test,140801,clean,one_step_governed_pva_ruckig,422,1,command_p,reversal-j0-k188,reversal,1.4900000000000002,0,joint_0,5,0.050000000000000044,0.00023622730571230005,0.1,0.1,0.05
paper-evidence-v1-locked-test::one_step_governed_pva_ruckig,synthetic-feasible-v1,synthetic,stop_and_go__test__001,test,140801,clean,one_step_governed_pva_ruckig,422,1,command_p,stop-j0-k289,stop,2.89,0,joint_0,1,0.009999999999999787,0.00010472812606934496,0.1,0.1,0.05
paper-evidence-v1-locked-test::one_step_governed_pva_ruckig,synthetic-feasible-v1,synthetic,stop_and_go__test__001,test,140801,clean,one_step_governed_pva_ruckig,422,1,command_p,reversal-j0-k351,reversal,3.1950000000000003,0,joint_0,-5,-0.050000000000000266,0.00011143820931145602,0.1,0.1,0.05
paper-evidence-v1-locked-test::one_step_governed_pva_ruckig,synthetic-feasible-v1,synthetic,stop_and_go__test__002,test,140802,clean,one_step_governed_pva_ruckig,279,1,command_p,stop-j0-k73,stop,0.73,0,joint_0,0,0.0,0.00024260358787927207,0.1,0.1,0.05
paper-evidence-v1-locked-test::one_step_governed_pva_ruckig,synthetic-feasible-v1,synthetic,stop_and_go__test__002,test,140802,clean,one_step_governed_pva_ruckig,279,1,command_p,reversal-j0-k124,reversal,0.98,0,joint_0,-5,-0.050000000000000044,0.00014392843459978873,0.1,0.1,0.05
paper-evidence-v1-locked-test::one_step_governed_pva_ruckig,synthetic-feasible-v1,synthetic,stop_and_go__test__002,test,140802,clean,one_step_governed_pva_ruckig,279,1,command_p,stop-j0-k191,stop,1.9100000000000001,0,joint_0,1,0.010000000000000009,0.00030159213623135594,0.1,0.1,0.05
paper-evidence-v1-locked-test::one_step_governed_pva_ruckig,synthetic-feasible-v1,synthetic,stop_and_go__test__002,test,140802,clean,one_step_governed_pva_ruckig,279,1,command_p,reversal-j0-k232,reversal,2.11,0,joint_0,-5,-0.04999999999999982,0.0004303889443460719,0.1,0.1,0.05
paper-evidence-v1-locked-test::one_step_governed_pva_ruckig,synthetic-feasible-v1,synthetic,stop_and_go__test__003,test,140803,clean,one_step_governed_pva_ruckig,337,1,command_p,stop-j0-k88,stop,0.88,0,joint_0,0,0.0,0.0003405462128138765,0.1,0.1,0.05
paper-evidence-v1-locked-test::one_step_governed_pva_ruckig,synthetic-feasible-v1,synthetic,stop_and_go__test__003,test,140803,clean,one_step_governed_pva_ruckig,337,1,command_p,reversal-j0-k150,reversal,1.185,0,joint_0,-5,-0.050000000000000044,0.0005193400595828485,0.1,0.1,0.05
paper-evidence-v1-locked-test::one_step_governed_pva_ruckig,synthetic-feasible-v1,synthetic,stop_and_go__test__003,test,140803,clean,one_step_governed_pva_ruckig,337,1,command_p,stop-j0-k231,stop,2.31,0,joint_0,1,0.009999999999999787,0.0004271320300237183,0.1,0.1,0.05
paper-evidence-v1-locked-test::one_step_governed_pva_ruckig,synthetic-feasible-v1,synthetic,stop_and_go__test__003,test,140803,clean,one_step_governed_pva_ruckig,337,1,command_p,reversal-j0-k280,reversal,2.5500000000000003,0,joint_0,-5,-0.04999999999999982,0.0008113711906875605,0.1,0.1,0.05
paper-evidence-v1-locked-test::one_step_governed_pva_ruckig,synthetic-feasible-v1,synthetic,stop_and_go__test__004,test,140804,clean,one_step_governed_pva_ruckig,269,1,command_p,stop-j0-k71,stop,0.71,0,joint_0,0,0.0,0.0004192651760869635,0.1,0.1,0.05
paper-evidence-v1-locked-test::one_step_governed_pva_ruckig,synthetic-feasible-v1,synthetic,stop_and_go__test__004,test,140804,clean,one_step_governed_pva_ruckig,269,1,command_p,reversal-j0-k120,reversal,0.95,0,joint_0,-5,-0.050000000000000044,0.0002202734466331819,0.1,0.1,0.05
paper-evidence-v1-locked-test::one_step_governed_pva_ruckig,synthetic-feasible-v1,synthetic,stop_and_go__test__004,test,140804,clean,one_step_governed_pva_ruckig,269,1,command_p,stop-j0-k184,stop,1.84,0,joint_0,1,0.010000000000000009,0.000653166398006396,0.1,0.1,0.05
paper-evidence-v1-locked-test::one_step_governed_pva_ruckig,synthetic-feasible-v1,synthetic,stop_and_go__test__004,test,140804,clean,one_step_governed_pva_ruckig,269,1,command_p,reversal-j0-k224,reversal,2.035,0,joint_0,-5,-0.04999999999999982,0.0006672756192126008,0.1,0.1,0.05
paper-evidence-v1-locked-test::one_step_governed_pva_ruckig,synthetic-feasible-v1,synthetic,stop_and_go__test__005,test,140805,clean,one_step_governed_pva_ruckig,357,1,command_p,stop-j0-k94,stop,0.9400000000000001,0,joint_0,0,0.0,8.098320743764812e-05,0.1,0.1,0.05
paper-evidence-v1-locked-test::one_step_governed_pva_ruckig,synthetic-feasible-v1,synthetic,stop_and_go__test__005,test,140805,clean,one_step_governed_pva_ruckig,357,1,command_p,reversal-j0-k159,reversal,1.26,0,joint_0,-5,-0.050000000000000044,0.00016828191641306037,0.1,0.1,0.05
paper-evidence-v1-locked-test::one_step_governed_pva_ruckig,synthetic-feasible-v1,synthetic,stop_and_go__test__005,test,140805,clean,one_step_governed_pva_ruckig,357,1,command_p,stop-j0-k244,stop,2.44,0,joint_0,1,0.010000000000000009,9.966483052901393e-05,0.1,0.1,0.05
paper-evidence-v1-locked-test::one_step_governed_pva_ruckig,synthetic-feasible-v1,synthetic,stop_and_go__test__005,test,140805,clean,one_step_governed_pva_ruckig,357,1,command_p,reversal-j0-k296,reversal,2.6950000000000003,0,joint_0,0,0.0,0.000183166855656678,0.1,0.1,0.05
paper-evidence-v1-locked-test::one_step_governed_pva_ruckig,synthetic-feasible-v1,synthetic,stop_and_go__test__006,test,140806,clean,one_step_governed_pva_ruckig,419,1,command_p,stop-j0-k110,stop,1.1,0,joint_0,1,0.010000000000000009,0.0002071678818256172,0.1,0.1,0.05
paper-evidence-v1-locked-test::one_step_governed_pva_ruckig,synthetic-feasible-v1,synthetic,stop_and_go__test__006,test,140806,clean,one_step_governed_pva_ruckig,419,1,command_p,reversal-j0-k187,reversal,1.48,0,joint_0,5,0.050000000000000044,0.0005876950604690643,0.1,0.1,0.05
paper-evidence-v1-locked-test::one_step_governed_pva_ruckig,synthetic-feasible-v1,synthetic,stop_and_go__test__006,test,140806,clean,one_step_governed_pva_ruckig,419,1,command_p,stop-j0-k287,stop,2.87,0,joint_0,1,0.009999999999999787,0.0002504173987797281,0.1,0.1,0.05
paper-evidence-v1-locked-test::one_step_governed_pva_ruckig,synthetic-feasible-v1,synthetic,stop_and_go__test__006,test,140806,clean,one_step_governed_pva_ruckig,419,1,command_p,reversal-j0-k348,reversal,3.17,0,joint_0,-5,-0.04999999999999982,0.0002689943289734326,0.1,0.1,0.05
paper-evidence-v1-locked-test::one_step_governed_pva_ruckig,synthetic-feasible-v1,synthetic,stop_and_go__test__007,test,140807,clean,one_step_governed_pva_ruckig,424,1,command_p,stop-j0-k111,stop,1.11,0,joint_0,1,0.010000000000000009,0.00031649460768341944,0.1,0.1,0.05
paper-evidence-v1-locked-test::one_step_governed_pva_ruckig,synthetic-feasible-v1,synthetic,stop_and_go__test__007,test,140807,clean,one_step_governed_pva_ruckig,424,1,command_p,reversal-j0-k189,reversal,1.495,0,joint_0,5,0.050000000000000044,0.0008925637190654573,0.1,0.1,0.05
paper-evidence-v1-locked-test::one_step_governed_pva_ruckig,synthetic-feasible-v1,synthetic,stop_and_go__test__007,test,140807,clean,one_step_governed_pva_ruckig,424,1,command_p,stop-j0-k291,stop,2.91,0,joint_0,0,0.0,0.0003455417638534819,0.1,0.1,0.05
paper-evidence-v1-locked-test::one_step_governed_pva_ruckig,synthetic-feasible-v1,synthetic,stop_and_go__test__007,test,140807,clean,one_step_governed_pva_ruckig,424,1,command_p,reversal-j0-k353,reversal,3.215,0,joint_0,-5,-0.050000000000000266,0.00043172455719856005,0.1,0.1,0.05
paper-evidence-v1-locked-test::one_step_governed_pva_ruckig,synthetic-feasible-v1,synthetic,stop_and_go__test__008,test,140808,clean,one_step_governed_pva_ruckig,305,1,command_p,stop-j0-k80,stop,0.8,0,joint_0,0,0.0,0.00039614214366799714,0.1,0.1,0.05
paper-evidence-v1-locked-test::one_step_governed_pva_ruckig,synthetic-feasible-v1,synthetic,stop_and_go__test__008,test,140808,clean,one_step_governed_pva_ruckig,305,1,command_p,reversal-j0-k136,reversal,1.0750000000000002,0,joint_0,-5,-0.050000000000000044,0.0004350844852291873,0.1,0.1,0.05
paper-evidence-v1-locked-test::one_step_governed_pva_ruckig,synthetic-feasible-v1,synthetic,stop_and_go__test__008,test,140808,clean,one_step_governed_pva_ruckig,305,1,command_p,stop-j0-k209,stop,2.09,0,joint_0,1,0.009999999999999898,0.0005092056912038253,0.1,0.1,0.05
paper-evidence-v1-locked-test::one_step_governed_pva_ruckig,synthetic-feasible-v1,synthetic,stop_and_go__test__008,test,140808,clean,one_step_governed_pva_ruckig,305,1,command_p,reversal-j0-k253,reversal,2.305,0,joint_0,-5,-0.04999999999999982,0.0010102507726058537,0.1,0.1,0.05
paper-evidence-v1-locked-test::one_step_governed_pva_ruckig,synthetic-feasible-v1,synthetic,stop_and_go__test__009,test,140809,clean,one_step_governed_pva_ruckig,443,1,command_p,stop-j0-k116,stop,1.16,0,joint_0,1,0.010000000000000009,9.701574049901549e-05,0.1,0.1,0.05
paper-evidence-v1-locked-test::one_step_governed_pva_ruckig,synthetic-feasible-v1,synthetic,stop_and_go__test__009,test,140809,clean,one_step_governed_pva_ruckig,443,1,command_p,reversal-j0-k198,reversal,1.565,0,joint_0,5,0.050000000000000044,0.00024147406754824628,0.1,0.1,0.05
paper-evidence-v1-locked-test::one_step_governed_pva_ruckig,synthetic-feasible-v1,synthetic,stop_and_go__test__009,test,140809,clean,one_step_governed_pva_ruckig,443,1,command_p,stop-j0-k304,stop,3.04,0,joint_0,0,0.0,7.929473676102559e-05,0.1,0.1,0.05
paper-evidence-v1-locked-test::one_step_governed_pva_ruckig,synthetic-feasible-v1,synthetic,stop_and_go__test__009,test,140809,clean,one_step_governed_pva_ruckig,443,1,command_p,reversal-j0-k369,reversal,3.3600000000000003,0,joint_0,-5,-0.04999999999999982,0.0001620132008590987,0.1,0.1,0.05
paper-evidence-v1-locked-test::one_step_governed_pva_ruckig,synthetic-feasible-v1,synthetic,stop_and_go__test__010,test,140810,clean,one_step_governed_pva_ruckig,408,1,command_p,stop-j0-k107,stop,1.07,0,joint_0,1,0.010000000000000009,0.00018979416203730528,0.1,0.1,0.05
paper-evidence-v1-locked-test::one_step_governed_pva_ruckig,synthetic-feasible-v1,synthetic,stop_and_go__test__010,test,140810,clean,one_step_governed_pva_ruckig,408,1,command_p,reversal-j0-k182,reversal,1.44,0,joint_0,0,0.0,0.0005696860950092777,0.1,0.1,0.05
paper-evidence-v1-locked-test::one_step_governed_pva_ruckig,synthetic-feasible-v1,synthetic,stop_and_go__test__010,test,140810,clean,one_step_governed_pva_ruckig,408,1,command_p,stop-j0-k279,stop,2.79,0,joint_0,1,0.009999999999999787,0.00021166639163010834,0.1,0.1,0.05
paper-evidence-v1-locked-test::one_step_governed_pva_ruckig,synthetic-feasible-v1,synthetic,stop_and_go__test__010,test,140810,clean,one_step_governed_pva_ruckig,408,1,command_p,reversal-j0-k339,reversal,3.085,0,joint_0,-5,-0.04999999999999982,0.0002621541779813067,0.1,0.1,0.05
paper-evidence-v1-locked-test::one_step_governed_pva_ruckig,synthetic-feasible-v1,synthetic,stop_and_go__test__011,test,140811,clean,one_step_governed_pva_ruckig,281,1,command_p,stop-j0-k74,stop,0.74,0,joint_0,0,0.0,0.0003287526130500237,0.1,0.1,0.05
paper-evidence-v1-locked-test::one_step_governed_pva_ruckig,synthetic-feasible-v1,synthetic,stop_and_go__test__011,test,140811,clean,one_step_governed_pva_ruckig,281,1,command_p,reversal-j0-k125,reversal,0.99,0,joint_0,-5,-0.050000000000000044,0.00022960476986986006,0.1,0.1,0.05
paper-evidence-v1-locked-test::one_step_governed_pva_ruckig,synthetic-feasible-v1,synthetic,stop_and_go__test__011,test,140811,clean,one_step_governed_pva_ruckig,281,1,command_p,stop-j0-k192,stop,1.92,0,joint_0,1,0.010000000000000009,0.0004658578371720883,0.1,0.1,0.05
paper-evidence-v1-locked-test::one_step_governed_pva_ruckig,synthetic-feasible-v1,synthetic,stop_and_go__test__011,test,140811,clean,one_step_governed_pva_ruckig,281,1,command_p,reversal-j0-k234,reversal,2.125,0,joint_0,-5,-0.04999999999999982,0.0006595310180098202,0.1,0.1,0.05
paper-evidence-v1-locked-test::one_step_governed_pva_ruckig,synthetic-feasible-v1,synthetic,stop_and_go__test__012,test,140812,clean,one_step_governed_pva_ruckig,270,1,command_p,stop-j0-k71,stop,0.71,0,joint_0,0,0.0,0.0004510758603943453,0.1,0.1,0.05
paper-evidence-v1-locked-test::one_step_governed_pva_ruckig,synthetic-feasible-v1,synthetic,stop_and_go__test__012,test,140812,clean,one_step_governed_pva_ruckig,270,1,command_p,reversal-j0-k121,reversal,0.9550000000000001,0,joint_0,-5,-0.050000000000000044,0.00022623505923459003,0.1,0.1,0.05
paper-evidence-v1-locked-test::one_step_governed_pva_ruckig,synthetic-feasible-v1,synthetic,stop_and_go__test__012,test,140812,clean,one_step_governed_pva_ruckig,270,1,command_p,stop-j0-k185,stop,1.85,0,joint_0,1,0.010000000000000009,0.0006338311492709545,0.1,0.1,0.05
paper-evidence-v1-locked-test::one_step_governed_pva_ruckig,synthetic-feasible-v1,synthetic,stop_and_go__test__012,test,140812,clean,one_step_governed_pva_ruckig,270,1,command_p,reversal-j0-k225,reversal,2.045,0,joint_0,-5,-0.04999999999999982,0.0006865354401802407,0.1,0.1,0.05
paper-evidence-v1-locked-test::one_step_governed_pva_ruckig,synthetic-feasible-v1,synthetic,stop_and_go__test__013,test,140813,clean,one_step_governed_pva_ruckig,318,1,command_p,stop-j0-k84,stop,0.84,0,joint_0,0,0.0,7.374776659490542e-05,0.1,0.1,0.05
paper-evidence-v1-locked-test::one_step_governed_pva_ruckig,synthetic-feasible-v1,synthetic,stop_and_go__test__013,test,140813,clean,one_step_governed_pva_ruckig,318,1,command_p,reversal-j0-k142,reversal,1.125,0,joint_0,-5,-0.050000000000000044,0.00011381867062718138,0.1,0.1,0.05
paper-evidence-v1-locked-test::one_step_governed_pva_ruckig,synthetic-feasible-v1,synthetic,stop_and_go__test__013,test,140813,clean,one_step_governed_pva_ruckig,318,1,command_p,stop-j0-k218,stop,2.18,0,joint_0,1,0.009999999999999787,0.00011094891025602348,0.1,0.1,0.05
paper-evidence-v1-locked-test::one_step_governed_pva_ruckig,synthetic-feasible-v1,synthetic,stop_and_go__test__013,test,140813,clean,one_step_governed_pva_ruckig,318,1,command_p,reversal-j0-k264,reversal,2.4050000000000002,0,joint_0,-5,-0.04999999999999982,0.0002245651624919205,0.1,0.1,0.05
paper-evidence-v1-locked-test::one_step_governed_pva_ruckig,synthetic-feasible-v1,synthetic,stop_and_go__test__014,test,140814,clean,one_step_governed_pva_ruckig,428,1,command_p,stop-j0-k112,stop,1.12,0,joint_0,1,0.010000000000000009,0.000216612859837066,0.1,0.1,0.05
paper-evidence-v1-locked-test::one_step_governed_pva_ruckig,synthetic-feasible-v1,synthetic,stop_and_go__test__014,test,140814,clean,one_step_governed_pva_ruckig,428,1,command_p,reversal-j0-k191,reversal,1.5100000000000002,0,joint_0,5,0.050000000000000044,0.0005957097142022452,0.1,0.1,0.05
paper-evidence-v1-locked-test::one_step_governed_pva_ruckig,synthetic-feasible-v1,synthetic,stop_and_go__test__014,test,140814,clean,one_step_governed_pva_ruckig,428,1,command_p,stop-j0-k293,stop,2.93,0,joint_0,0,0.0,0.00018915757558190307,0.1,0.1,0.05
paper-evidence-v1-locked-test::one_step_governed_pva_ruckig,synthetic-feasible-v1,synthetic,stop_and_go__test__014,test,140814,clean,one_step_governed_pva_ruckig,428,1,command_p,reversal-j0-k355,reversal,3.2350000000000003,0,joint_0,-5,-0.050000000000000266,0.00029451742392979134,0.1,0.1,0.05
paper-evidence-v1-locked-test::one_step_governed_pva_ruckig,synthetic-feasible-v1,synthetic,stop_and_go__test__015,test,140815,clean,one_step_governed_pva_ruckig,319,1,command_p,stop-j0-k84,stop,0.84,0,joint_0,0,0.0,0.00029915369035089627,0.1,0.1,0.05
paper-evidence-v1-locked-test::one_step_governed_pva_ruckig,synthetic-feasible-v1,synthetic,stop_and_go__test__015,test,140815,clean,one_step_governed_pva_ruckig,319,1,command_p,reversal-j0-k142,reversal,1.125,0,joint_0,-5,-0.050000000000000044,0.0004267807143722486,0.1,0.1,0.05
paper-evidence-v1-locked-test::one_step_governed_pva_ruckig,synthetic-feasible-v1,synthetic,stop_and_go__test__015,test,140815,clean,one_step_governed_pva_ruckig,319,1,command_p,stop-j0-k219,stop,2.19,0,joint_0,1,0.010000000000000009,0.00042342805515660595,0.1,0.1,0.05
paper-evidence-v1-locked-test::one_step_governed_pva_ruckig,synthetic-feasible-v1,synthetic,stop_and_go__test__015,test,140815,clean,one_step_governed_pva_ruckig,319,1,command_p,reversal-j0-k265,reversal,2.415,0,joint_0,-5,-0.04999999999999982,0.0008440441879522391,0.1,0.1,0.05
paper-evidence-v1-locked-test::one_step_governed_pva_ruckig,synthetic-feasible-v1,synthetic,stop_and_go__test__016,test,140816,clean,one_step_governed_pva_ruckig,297,1,command_p,stop-j0-k78,stop,0.78,0,joint_0,0,0.0,0.0003864916025340439,0.1,0.1,0.05
paper-evidence-v1-locked-test::one_step_governed_pva_ruckig,synthetic-feasible-v1,synthetic,stop_and_go__test__016,test,140816,clean,one_step_governed_pva_ruckig,297,1,command_p,reversal-j0-k132,reversal,1.045,0,joint_0,-5,-0.050000000000000044,0.0003798884379355617,0.1,0.1,0.05
paper-evidence-v1-locked-test::one_step_governed_pva_ruckig,synthetic-feasible-v1,synthetic,stop_and_go__test__016,test,140816,clean,one_step_governed_pva_ruckig,297,1,command_p,stop-j0-k203,stop,2.0300000000000002,0,joint_0,1,0.010000000000000009,0.00048826935325058823,0.1,0.1,0.05
paper-evidence-v1-locked-test::one_step_governed_pva_ruckig,synthetic-feasible-v1,synthetic,stop_and_go__test__016,test,140816,clean,one_step_governed_pva_ruckig,297,1,command_p,reversal-j0-k246,reversal,2.24,0,joint_0,-5,-0.04999999999999982,0.000967893259738749,0.1,0.1,0.05
paper-evidence-v1-locked-test::one_step_governed_pva_ruckig,synthetic-feasible-v1,synthetic,stop_and_go__test__017,test,140817,clean,one_step_governed_pva_ruckig,326,1,command_p,stop-j0-k86,stop,0.86,0,joint_0,0,0.0,7.740198819678772e-05,0.1,0.1,0.05
paper-evidence-v1-locked-test::one_step_governed_pva_ruckig,synthetic-feasible-v1,synthetic,stop_and_go__test__017,test,140817,clean,one_step_governed_pva_ruckig,326,1,command_p,reversal-j0-k146,reversal,1.155,0,joint_0,-5,-0.050000000000000044,0.00012606927509044104,0.1,0.1,0.05
paper-evidence-v1-locked-test::one_step_governed_pva_ruckig,synthetic-feasible-v1,synthetic,stop_and_go__test__017,test,140817,clean,one_step_governed_pva_ruckig,326,1,command_p,stop-j0-k224,stop,2.24,0,joint_0,1,0.009999999999999787,0.00011478459303935706,0.1,0.1,0.05
paper-evidence-v1-locked-test::one_step_governed_pva_ruckig,synthetic-feasible-v1,synthetic,stop_and_go__test__017,test,140817,clean,one_step_governed_pva_ruckig,326,1,command_p,reversal-j0-k271,reversal,2.4699999999999998,0,joint_0,-5,-0.050000000000000044,0.00022305845255022938,0.1,0.1,0.05
paper-evidence-v1-locked-test::one_step_governed_pva_ruckig,synthetic-feasible-v1,synthetic,stop_and_go__test__018,test,140818,clean,one_step_governed_pva_ruckig,428,1,command_p,stop-j0-k112,stop,1.12,0,joint_0,1,0.010000000000000009,0.00021575841412346689,0.1,0.1,0.05
paper-evidence-v1-locked-test::one_step_governed_pva_ruckig,synthetic-feasible-v1,synthetic,stop_and_go__test__018,test,140818,clean,one_step_governed_pva_ruckig,428,1,command_p,reversal-j0-k191,reversal,1.5100000000000002,0,joint_0,5,0.050000000000000044,0.0005976727833911251,0.1,0.1,0.05
paper-evidence-v1-locked-test::one_step_governed_pva_ruckig,synthetic-feasible-v1,synthetic,stop_and_go__test__018,test,140818,clean,one_step_governed_pva_ruckig,428,1,command_p,stop-j0-k293,stop,2.93,0,joint_0,0,0.0,0.000216488767569071,0.1,0.1,0.05
paper-evidence-v1-locked-test::one_step_governed_pva_ruckig,synthetic-feasible-v1,synthetic,stop_and_go__test__018,test,140818,clean,one_step_governed_pva_ruckig,428,1,command_p,reversal-j0-k356,reversal,3.24,0,joint_0,-5,-0.04999999999999982,0.0003020233830625195,0.1,0.1,0.05
paper-evidence-v1-locked-test::one_step_governed_pva_ruckig,synthetic-feasible-v1,synthetic,stop_and_go__test__019,test,140819,clean,one_step_governed_pva_ruckig,289,1,command_p,stop-j0-k76,stop,0.76,0,joint_0,0,0.0,0.00031985963535707124,0.1,0.1,0.05
paper-evidence-v1-locked-test::one_step_governed_pva_ruckig,synthetic-feasible-v1,synthetic,stop_and_go__test__019,test,140819,clean,one_step_governed_pva_ruckig,289,1,command_p,reversal-j0-k129,reversal,1.02,0,joint_0,-5,-0.050000000000000044,0.00027143916650087407,0.1,0.1,0.05
paper-evidence-v1-locked-test::one_step_governed_pva_ruckig,synthetic-feasible-v1,synthetic,stop_and_go__test__019,test,140819,clean,one_step_governed_pva_ruckig,289,1,command_p,stop-j0-k198,stop,1.98,0,joint_0,1,0.010000000000000009,0.00042405247696847,0.1,0.1,0.05
paper-evidence-v1-locked-test::one_step_governed_pva_ruckig,synthetic-feasible-v1,synthetic,stop_and_go__test__019,test,140819,clean,one_step_governed_pva_ruckig,289,1,command_p,reversal-j0-k240,reversal,2.185,0,joint_0,-5,-0.04999999999999982,0.0007248676044313023,0.1,0.1,0.05
paper-evidence-v1-locked-test::one_step_governed_pva_ruckig,synthetic-feasible-v1,synthetic,stop_and_go__test__020,test,140820,clean,one_step_governed_pva_ruckig,257,1,command_p,stop-j0-k68,stop,0.68,0,joint_0,0,0.0,0.00041668054542412167,0.1,0.1,0.05
paper-evidence-v1-locked-test::one_step_governed_pva_ruckig,synthetic-feasible-v1,synthetic,stop_and_go__test__020,test,140820,clean,one_step_governed_pva_ruckig,257,1,command_p,reversal-j0-k115,reversal,0.9100000000000001,0,joint_0,-5,-0.04999999999999993,0.00016756601701918512,0.1,0.1,0.05
paper-evidence-v1-locked-test::one_step_governed_pva_ruckig,synthetic-feasible-v1,synthetic,stop_and_go__test__020,test,140820,clean,one_step_governed_pva_ruckig,257,1,command_p,stop-j0-k176,stop,1.76,0,joint_0,0,0.0,0.0006581415931177551,0.1,0.1,0.05
paper-evidence-v1-locked-test::one_step_governed_pva_ruckig,synthetic-feasible-v1,synthetic,stop_and_go__test__020,test,140820,clean,one_step_governed_pva_ruckig,257,1,command_p,reversal-j0-k214,reversal,1.945,0,joint_0,-5,-0.050000000000000044,0.0004998436686917571,0.1,0.1,0.05
paper-evidence-v1-locked-test::predicted_p,synthetic-feasible-v1,synthetic,rapid_reversal__test__001,test,150801,clean,predicted_p,334,1,command_p,reversal-j0-k16,reversal,0.155,0,joint_0,1,0.010000000000000009,0.0002536901290308522,0.1,0.1,0.05
paper-evidence-v1-locked-test::predicted_p,synthetic-feasible-v1,synthetic,rapid_reversal__test__001,test,150801,clean,predicted_p,334,1,command_p,stop-j0-k38,stop,0.38,0,joint_0,2,0.020000000000000018,0.0002742501839799477,0.1,0.1,0.05
paper-evidence-v1-locked-test::predicted_p,synthetic-feasible-v1,synthetic,rapid_reversal__test__001,test,150801,clean,predicted_p,334,1,command_p,stop-j0-k61,stop,0.61,0,joint_0,1,0.010000000000000009,0.0002677211447493264,0.1,0.1,0.05
paper-evidence-v1-locked-test::predicted_p,synthetic-feasible-v1,synthetic,rapid_reversal__test__001,test,150801,clean,predicted_p,334,1,command_p,stop-j0-k84,stop,0.84,0,joint_0,1,0.010000000000000009,0.0002589559925533881,0.1,0.1,0.05
paper-evidence-v1-locked-test::predicted_p,synthetic-feasible-v1,synthetic,rapid_reversal__test__001,test,150801,clean,predicted_p,334,1,command_p,stop-j0-k106,stop,1.06,0,joint_0,1,0.010000000000000009,0.0002872513354054715,0.1,0.1,0.05
paper-evidence-v1-locked-test::predicted_p,synthetic-feasible-v1,synthetic,rapid_reversal__test__001,test,150801,clean,predicted_p,334,1,command_p,stop-j0-k129,stop,1.29,0,joint_0,1,0.010000000000000009,0.0002820236274018711,0.1,0.1,0.05
paper-evidence-v1-locked-test::predicted_p,synthetic-feasible-v1,synthetic,rapid_reversal__test__001,test,150801,clean,predicted_p,334,1,command_p,stop-j0-k152,stop,1.52,0,joint_0,1,0.010000000000000009,0.00027560770527662896,0.1,0.1,0.05
paper-evidence-v1-locked-test::predicted_p,synthetic-feasible-v1,synthetic,rapid_reversal__test__001,test,150801,clean,predicted_p,334,1,command_p,stop-j0-k175,stop,1.75,0,joint_0,1,0.010000000000000009,0.00026999847162055633,0.1,0.1,0.05
paper-evidence-v1-locked-test::predicted_p,synthetic-feasible-v1,synthetic,rapid_reversal__test__001,test,150801,clean,predicted_p,334,1,command_p,stop-j0-k197,stop,1.97,0,joint_0,1,0.010000000000000009,0.000286075619596924,0.1,0.1,0.05
paper-evidence-v1-locked-test::predicted_p,synthetic-feasible-v1,synthetic,rapid_reversal__test__001,test,150801,clean,predicted_p,334,1,command_p,stop-j0-k220,stop,2.2,0,joint_0,1,0.009999999999999787,0.00024128278194097464,0.1,0.1,0.05
paper-evidence-v1-locked-test::predicted_p,synthetic-feasible-v1,synthetic,rapid_reversal__test__001,test,150801,clean,predicted_p,334,1,command_p,stop-j0-k243,stop,2.43,0,joint_0,1,0.009999999999999787,0.00023614068300247592,0.1,0.1,0.05
paper-evidence-v1-locked-test::predicted_p,synthetic-feasible-v1,synthetic,rapid_reversal__test__001,test,150801,clean,predicted_p,334,1,command_p,stop-j0-k265,stop,2.65,0,joint_0,1,0.010000000000000009,0.0002880440666834577,0.1,0.1,0.05
paper-evidence-v1-locked-test::predicted_p,synthetic-feasible-v1,synthetic,rapid_reversal__test__001,test,150801,clean,predicted_p,334,1,command_p,stop-j0-k288,stop,2.88,0,joint_0,1,0.010000000000000009,0.0002834968181944484,0.1,0.1,0.05
paper-evidence-v1-locked-test::predicted_p,synthetic-feasible-v1,synthetic,rapid_reversal__test__001,test,150801,clean,predicted_p,334,1,command_p,stop-j0-k311,stop,3.11,0,joint_0,1,0.010000000000000009,0.00027645034016897705,0.1,0.1,0.05
paper-evidence-v1-locked-test::predicted_p,synthetic-feasible-v1,synthetic,rapid_reversal__test__002,test,150802,clean,predicted_p,440,1,command_p,stop-j0-k24,stop,0.24,0,joint_0,2,0.01999999999999999,0.0006806600537209488,0.1,0.1,0.05
paper-evidence-v1-locked-test::predicted_p,synthetic-feasible-v1,synthetic,rapid_reversal__test__002,test,150802,clean,predicted_p,440,1,command_p,stop-j0-k48,stop,0.48,0,joint_0,2,0.020000000000000018,0.0007593482006640822,0.1,0.1,0.05
paper-evidence-v1-locked-test::predicted_p,synthetic-feasible-v1,synthetic,rapid_reversal__test__002,test,150802,clean,predicted_p,440,1,command_p,stop-j0-k73,stop,0.73,0,joint_0,2,0.020000000000000018,0.0007302581217779628,0.1,0.1,0.05
paper-evidence-v1-locked-test::predicted_p,synthetic-feasible-v1,synthetic,rapid_reversal__test__002,test,150802,clean,predicted_p,440,1,command_p,stop-j0-k98,stop,0.98,0,joint_0,2,0.020000000000000018,0.0006823999639030757,0.1,0.1,0.05
paper-evidence-v1-locked-test::predicted_p,synthetic-feasible-v1,synthetic,rapid_reversal__test__002,test,150802,clean,predicted_p,440,1,command_p,stop-j0-k122,stop,1.22,0,joint_0,2,0.020000000000000018,0.000758122038892666,0.1,0.1,0.05
paper-evidence-v1-locked-test::predicted_p,synthetic-feasible-v1,synthetic,rapid_reversal__test__002,test,150802,clean,predicted_p,440,1,command_p,stop-j0-k147,stop,1.47,0,joint_0,2,0.020000000000000018,0.0007305505587557841,0.1,0.1,0.05
paper-evidence-v1-locked-test::predicted_p,synthetic-feasible-v1,synthetic,rapid_reversal__test__002,test,150802,clean,predicted_p,440,1,command_p,stop-j0-k172,stop,1.72,0,joint_0,2,0.020000000000000018,0.0006998005160195779,0.1,0.1,0.05
paper-evidence-v1-locked-test::predicted_p,synthetic-feasible-v1,synthetic,rapid_reversal__test__002,test,150802,clean,predicted_p,440,1,command_p,stop-j0-k197,stop,1.97,0,joint_0,2,0.020000000000000018,0.0006655166037700679,0.1,0.1,0.05
paper-evidence-v1-locked-test::predicted_p,synthetic-feasible-v1,synthetic,rapid_reversal__test__002,test,150802,clean,predicted_p,440,1,command_p,stop-j0-k221,stop,2.21,0,joint_0,2,0.020000000000000018,0.0007454488276203004,0.1,0.1,0.05
paper-evidence-v1-locked-test::predicted_p,synthetic-feasible-v1,synthetic,rapid_reversal__test__002,test,150802,clean,predicted_p,440,1,command_p,stop-j0-k246,stop,2.46,0,joint_0,2,0.020000000000000018,0.000716124684017398,0.1,0.1,0.05
paper-evidence-v1-locked-test::predicted_p,synthetic-feasible-v1,synthetic,rapid_reversal__test__002,test,150802,clean,predicted_p,440,1,command_p,stop-j0-k271,stop,2.71,0,joint_0,2,0.020000000000000018,0.0006838609110015809,0.1,0.1,0.05
paper-evidence-v1-locked-test::predicted_p,synthetic-feasible-v1,synthetic,rapid_reversal__test__002,test,150802,clean,predicted_p,440,1,command_p,stop-j0-k295,stop,2.95,0,joint_0,2,0.020000000000000018,0.0006671783229815349,0.1,0.1,0.05
paper-evidence-v1-locked-test::predicted_p,synthetic-feasible-v1,synthetic,rapid_reversal__test__002,test,150802,clean,predicted_p,440,1,command_p,stop-j0-k320,stop,3.2,0,joint_0,2,0.020000000000000018,0.0006321699517488621,0.1,0.1,0.05
paper-evidence-v1-locked-test::predicted_p,synthetic-feasible-v1,synthetic,rapid_reversal__test__002,test,150802,clean,predicted_p,440,1,command_p,stop-j0-k345,stop,3.45,0,joint_0,2,0.020000000000000018,0.0005953046111972462,0.1,0.1,0.05
paper-evidence-v1-locked-test::predicted_p,synthetic-feasible-v1,synthetic,rapid_reversal__test__002,test,150802,clean,predicted_p,440,1,command_p,stop-j0-k370,stop,3.7,0,joint_0,2,0.020000000000000018,0.0005553875533372059,0.1,0.1,0.05
paper-evidence-v1-locked-test::predicted_p,synthetic-feasible-v1,synthetic,rapid_reversal__test__002,test,150802,clean,predicted_p,440,1,command_p,stop-j0-k394,stop,3.94,0,joint_0,2,0.020000000000000018,0.0007465289304891547,0.1,0.1,0.05
paper-evidence-v1-locked-test::predicted_p,synthetic-feasible-v1,synthetic,rapid_reversal__test__002,test,150802,clean,predicted_p,440,1,command_p,stop-j0-k419,stop,4.19,0,joint_0,2,0.020000000000000462,0.0006147009533066024,0.1,0.1,0.05
paper-evidence-v1-locked-test::predicted_p,synthetic-feasible-v1,synthetic,rapid_reversal__test__003,test,150803,clean,predicted_p,290,1,command_p,stop-j0-k29,stop,0.29,0,joint_0,3,0.03,0.0011415557136609095,0.1,0.1,0.05
paper-evidence-v1-locked-test::predicted_p,synthetic-feasible-v1,synthetic,rapid_reversal__test__003,test,150803,clean,predicted_p,290,1,command_p,stop-j0-k50,stop,0.5,0,joint_0,3,0.030000000000000027,0.0010855410403320634,0.1,0.1,0.05
paper-evidence-v1-locked-test::predicted_p,synthetic-feasible-v1,synthetic,rapid_reversal__test__003,test,150803,clean,predicted_p,290,1,command_p,reversal-j0-k72,reversal,0.715,0,joint_0,3,0.030000000000000027,0.0010498175039248907,0.1,0.1,0.05
paper-evidence-v1-locked-test::predicted_p,synthetic-feasible-v1,synthetic,rapid_reversal__test__003,test,150803,clean,predicted_p,290,1,command_p,stop-j0-k93,stop,0.93,0,joint_0,3,0.030000000000000027,0.0010981192074028543,0.1,0.1,0.05
paper-evidence-v1-locked-test::predicted_p,synthetic-feasible-v1,synthetic,rapid_reversal__test__003,test,150803,clean,predicted_p,290,1,command_p,stop-j0-k114,stop,1.1400000000000001,0,joint_0,3,0.030000000000000027,0.0010459540540000984,0.1,0.1,0.05
paper-evidence-v1-locked-test::predicted_p,synthetic-feasible-v1,synthetic,rapid_reversal__test__003,test,150803,clean,predicted_p,290,1,command_p,stop-j0-k136,stop,1.36,0,joint_0,3,0.030000000000000027,0.0011114038192752429,0.1,0.1,0.05
paper-evidence-v1-locked-test::predicted_p,synthetic-feasible-v1,synthetic,rapid_reversal__test__003,test,150803,clean,predicted_p,290,1,command_p,stop-j0-k157,stop,1.57,0,joint_0,3,0.030000000000000027,0.0010593083538194374,0.1,0.1,0.05
paper-evidence-v1-locked-test::predicted_p,synthetic-feasible-v1,synthetic,rapid_reversal__test__003,test,150803,clean,predicted_p,290,1,command_p,stop-j0-k179,stop,1.79,0,joint_0,3,0.030000000000000027,0.0011250484692799407,0.1,0.1,0.05
paper-evidence-v1-locked-test::predicted_p,synthetic-feasible-v1,synthetic,rapid_reversal__test__003,test,150803,clean,predicted_p,290,1,command_p,stop-j0-k200,stop,2.0,0,joint_0,3,0.029999999999999805,0.0010776011414319316,0.1,0.1,0.05
paper-evidence-v1-locked-test::predicted_p,synthetic-feasible-v1,synthetic,rapid_reversal__test__003,test,150803,clean,predicted_p,290,1,command_p,stop-j0-k222,stop,2.22,0,joint_0,3,0.029999999999999805,0.001169972974588073,0.1,0.1,0.05
paper-evidence-v1-locked-test::predicted_p,synthetic-feasible-v1,synthetic,rapid_reversal__test__003,test,150803,clean,predicted_p,290,1,command_p,stop-j0-k243,stop,2.43,0,joint_0,3,0.029999999999999805,0.0011083989112572266,0.1,0.1,0.05
paper-evidence-v1-locked-test::predicted_p,synthetic-feasible-v1,synthetic,rapid_reversal__test__003,test,150803,clean,predicted_p,290,1,command_p,reversal-j0-k265,reversal,2.645,0,joint_0,3,0.029999999999999805,0.001045407937805812,0.1,0.1,0.05
paper-evidence-v1-locked-test::predicted_p,synthetic-feasible-v1,synthetic,rapid_reversal__test__004,test,150804,clean,predicted_p,351,1,command_p,stop-j0-k11,stop,0.11,0,joint_0,3,0.03,0.0010962209708043332,0.1,0.1,0.05
paper-evidence-v1-locked-test::predicted_p,synthetic-feasible-v1,synthetic,rapid_reversal__test__004,test,150804,clean,predicted_p,351,1,command_p,reversal-j0-k13,reversal,0.115,0,joint_0,3,0.03,0.0010990414944316309,0.1,0.1,0.05
paper-evidence-v1-locked-test::predicted_p,synthetic-feasible-v1,synthetic,rapid_reversal__test__004,test,150804,clean,predicted_p,351,1,command_p,stop-j0-k53,stop,0.53,0,joint_0,5,0.04999999999999999,0.002075744573872822,0.1,0.1,0.05
paper-evidence-v1-locked-test::predicted_p,synthetic-feasible-v1,synthetic,rapid_reversal__test__004,test,150804,clean,predicted_p,351,1,command_p,stop-j0-k94,stop,0.9400000000000001,0,joint_0,5,0.050000000000000044,0.00214455439869395,0.1,0.1,0.05
paper-evidence-v1-locked-test::predicted_p,synthetic-feasible-v1,synthetic,rapid_reversal__test__004,test,150804,clean,predicted_p,351,1,command_p,stop-j0-k135,stop,1.35,0,joint_0,5,0.050000000000000044,0.002126150515160047,0.1,0.1,0.05
paper-evidence-v1-locked-test::predicted_p,synthetic-feasible-v1,synthetic,rapid_reversal__test__004,test,150804,clean,predicted_p,351,1,command_p,reversal-j0-k137,reversal,1.355,0,joint_0,5,0.050000000000000044,0.0019527679690435039,0.1,0.1,0.05
paper-evidence-v1-locked-test::predicted_p,synthetic-feasible-v1,synthetic,rapid_reversal__test__004,test,150804,clean,predicted_p,351,1,command_p,stop-j0-k176,stop,1.76,0,joint_0,5,0.050000000000000044,0.0021169705474886114,0.1,0.1,0.05
paper-evidence-v1-locked-test::predicted_p,synthetic-feasible-v1,synthetic,rapid_reversal__test__004,test,150804,clean,predicted_p,351,1,command_p,reversal-j0-k178,reversal,1.7650000000000001,0,joint_0,5,0.050000000000000044,0.001910732705284722,0.1,0.1,0.05
paper-evidence-v1-locked-test::predicted_p,synthetic-feasible-v1,synthetic,rapid_reversal__test__004,test,150804,clean,predicted_p,351,1,command_p,stop-j0-k218,stop,2.18,0,joint_0,5,0.04999999999999982,0.0021050235176184326,0.1,0.1,0.05
paper-evidence-v1-locked-test::predicted_p,synthetic-feasible-v1,synthetic,rapid_reversal__test__004,test,150804,clean,predicted_p,351,1,command_p,stop-j0-k259,stop,2.59,0,joint_0,5,0.04999999999999982,0.0021578306501634165,0.1,0.1,0.05
paper-evidence-v1-locked-test::predicted_p,synthetic-feasible-v1,synthetic,rapid_reversal__test__004,test,150804,clean,predicted_p,351,1,command_p,stop-j0-k300,stop,3.0,0,joint_0,5,0.04999999999999982,0.0021330121197067646,0.1,0.1,0.05
paper-evidence-v1-locked-test::predicted_p,synthetic-feasible-v1,synthetic,rapid_reversal__test__004,test,150804,clean,predicted_p,351,1,command_p,reversal-j0-k302,reversal,3.005,0,joint_0,5,0.04999999999999982,0.0019718488396438787,0.1,0.1,0.05
paper-evidence-v1-locked-test::predicted_p,synthetic-feasible-v1,synthetic,rapid_reversal__test__005,test,150805,clean,predicted_p,387,1,command_p,stop-j0-k14,stop,0.14,0,joint_0,1,0.010000000000000009,0.0002032573323784127,0.1,0.1,0.05
paper-evidence-v1-locked-test::predicted_p,synthetic-feasible-v1,synthetic,rapid_reversal__test__005,test,150805,clean,predicted_p,387,1,command_p,stop-j0-k43,stop,0.43,0,joint_0,2,0.020000000000000018,0.000260930458438653,0.1,0.1,0.05
paper-evidence-v1-locked-test::predicted_p,synthetic-feasible-v1,synthetic,rapid_reversal__test__005,test,150805,clean,predicted_p,387,1,command_p,stop-j0-k72,stop,0.72,0,joint_0,2,0.020000000000000018,0.00024342587622401988,0.1,0.1,0.05
paper-evidence-v1-locked-test::predicted_p,synthetic-feasible-v1,synthetic,rapid_reversal__test__005,test,150805,clean,predicted_p,387,1,command_p,stop-j0-k101,stop,1.01,0,joint_0,2,0.020000000000000018,0.00026060762419376373,0.1,0.1,0.05
paper-evidence-v1-locked-test::predicted_p,synthetic-feasible-v1,synthetic,rapid_reversal__test__005,test,150805,clean,predicted_p,387,1,command_p,stop-j0-k130,stop,1.3,0,joint_0,2,0.020000000000000018,0.00026021383799599765,0.1,0.1,0.05
paper-evidence-v1-locked-test::predicted_p,synthetic-feasible-v1,synthetic,rapid_reversal__test__005,test,150805,clean,predicted_p,387,1,command_p,stop-j0-k159,stop,1.59,0,joint_0,2,0.020000000000000018,0.0002596950458257916,0.1,0.1,0.05
paper-evidence-v1-locked-test::predicted_p,synthetic-feasible-v1,synthetic,rapid_reversal__test__005,test,150805,clean,predicted_p,387,1,command_p,stop-j0-k188,stop,1.8800000000000001,0,joint_0,2,0.020000000000000018,0.00025907397374304655,0.1,0.1,0.05
paper-evidence-v1-locked-test::predicted_p,synthetic-feasible-v1,synthetic,rapid_reversal__test__005,test,150805,clean,predicted_p,387,1,command_p,stop-j0-k217,stop,2.17,0,joint_0,2,0.020000000000000018,0.00025839061610792786,0.1,0.1,0.05
paper-evidence-v1-locked-test::predicted_p,synthetic-feasible-v1,synthetic,rapid_reversal__test__005,test,150805,clean,predicted_p,387,1,command_p,stop-j0-k246,stop,2.46,0,joint_0,2,0.020000000000000018,0.0002579329151522715,0.1,0.1,0.05
paper-evidence-v1-locked-test::predicted_p,synthetic-feasible-v1,synthetic,rapid_reversal__test__005,test,150805,clean,predicted_p,387,1,command_p,stop-j0-k275,stop,2.75,0,joint_0,2,0.020000000000000018,0.00025745717721051015,0.1,0.1,0.05
paper-evidence-v1-locked-test::predicted_p,synthetic-feasible-v1,synthetic,rapid_reversal__test__005,test,150805,clean,predicted_p,387,1,command_p,stop-j0-k304,stop,3.04,0,joint_0,2,0.020000000000000018,0.0002569372757989855,0.1,0.1,0.05
paper-evidence-v1-locked-test::predicted_p,synthetic-feasible-v1,synthetic,rapid_reversal__test__005,test,150805,clean,predicted_p,387,1,command_p,reversal-j0-k306,reversal,3.045,0,joint_0,1,0.009999999999999787,0.00022265407624991543,0.1,0.1,0.05
paper-evidence-v1-locked-test::predicted_p,synthetic-feasible-v1,synthetic,rapid_reversal__test__005,test,150805,clean,predicted_p,387,1,command_p,stop-j0-k333,stop,3.33,0,joint_0,2,0.020000000000000018,0.00025635631225298726,0.1,0.1,0.05
paper-evidence-v1-locked-test::predicted_p,synthetic-feasible-v1,synthetic,rapid_reversal__test__005,test,150805,clean,predicted_p,387,1,command_p,reversal-j0-k335,reversal,3.335,0,joint_0,1,0.009999999999999787,0.00022507917347171322,0.1,0.1,0.05
paper-evidence-v1-locked-test::predicted_p,synthetic-feasible-v1,synthetic,rapid_reversal__test__005,test,150805,clean,predicted_p,387,1,command_p,stop-j0-k362,stop,3.62,0,joint_0,2,0.020000000000000018,0.00025568860400720315,0.1,0.1,0.05
paper-evidence-v1-locked-test::predicted_p,synthetic-feasible-v1,synthetic,rapid_reversal__test__005,test,150805,clean,predicted_p,387,1,command_p,reversal-j0-k364,reversal,3.625,0,joint_0,1,0.009999999999999787,0.0002275933484445521,0.1,0.1,0.05
paper-evidence-v1-locked-test::predicted_p,synthetic-feasible-v1,synthetic,rapid_reversal__test__006,test,150806,clean,predicted_p,435,1,command_p,stop-j0-k33,stop,0.33,0,joint_0,3,0.030000000000000013,0.0008373117704049066,0.1,0.1,0.05
paper-evidence-v1-locked-test::predicted_p,synthetic-feasible-v1,synthetic,rapid_reversal__test__006,test,150806,clean,predicted_p,435,1,command_p,reversal-j0-k35,reversal,0.335,0,joint_0,2,0.020000000000000018,0.0007755549027085982,0.1,0.1,0.05
paper-evidence-v1-locked-test::predicted_p,synthetic-feasible-v1,synthetic,rapid_reversal__test__006,test,150806,clean,predicted_p,435,1,command_p,stop-j0-k61,stop,0.61,0,joint_0,3,0.030000000000000027,0.0008058455614828642,0.1,0.1,0.05
paper-evidence-v1-locked-test::predicted_p,synthetic-feasible-v1,synthetic,rapid_reversal__test__006,test,150806,clean,predicted_p,435,1,command_p,stop-j0-k88,stop,0.88,0,joint_0,3,0.030000000000000027,0.0008734916085833906,0.1,0.1,0.05
paper-evidence-v1-locked-test::predicted_p,synthetic-feasible-v1,synthetic,rapid_reversal__test__006,test,150806,clean,predicted_p,435,1,command_p,stop-j0-k115,stop,1.1500000000000001,0,joint_0,3,0.030000000000000027,0.000820203038643108,0.1,0.1,0.05
paper-evidence-v1-locked-test::predicted_p,synthetic-feasible-v1,synthetic,rapid_reversal__test__006,test,150806,clean,predicted_p,435,1,command_p,stop-j0-k143,stop,1.43,0,joint_0,2,0.020000000000000018,0.0008443089449267482,0.1,0.1,0.05
paper-evidence-v1-locked-test::predicted_p,synthetic-feasible-v1,synthetic,rapid_reversal__test__006,test,150806,clean,predicted_p,435,1,command_p,stop-j0-k170,stop,1.7,0,joint_0,3,0.030000000000000027,0.0008598051760809298,0.1,0.1,0.05
paper-evidence-v1-locked-test::predicted_p,synthetic-feasible-v1,synthetic,rapid_reversal__test__006,test,150806,clean,predicted_p,435,1,command_p,stop-j0-k198,stop,1.98,0,joint_0,2,0.020000000000000018,0.0007962105043245727,0.1,0.1,0.05
paper-evidence-v1-locked-test::predicted_p,synthetic-feasible-v1,synthetic,rapid_reversal__test__006,test,150806,clean,predicted_p,435,1,command_p,stop-j0-k225,stop,2.25,0,joint_0,2,0.020000000000000018,0.0008628449526005122,0.1,0.1,0.05
paper-evidence-v1-locked-test::predicted_p,synthetic-feasible-v1,synthetic,rapid_reversal__test__006,test,150806,clean,predicted_p,435,1,command_p,stop-j0-k252,stop,2.52,0,joint_0,3,0.029999999999999805,0.0008450994817916747,0.1,0.1,0.05
paper-evidence-v1-locked-test::predicted_p,synthetic-feasible-v1,synthetic,rapid_reversal__test__006,test,150806,clean,predicted_p,435,1,command_p,stop-j0-k280,stop,2.8000000000000003,0,joint_0,2,0.020000000000000018,0.0006507870553583567,0.1,0.1,0.05
paper-evidence-v1-locked-test::predicted_p,synthetic-feasible-v1,synthetic,rapid_reversal__test__006,test,150806,clean,predicted_p,435,1,command_p,stop-j0-k307,stop,3.0700000000000003,0,joint_0,2,0.020000000000000018,0.0007192412192016003,0.1,0.1,0.05
paper-evidence-v1-locked-test::predicted_p,synthetic-feasible-v1,synthetic,rapid_reversal__test__006,test,150806,clean,predicted_p,435,1,command_p,stop-j0-k334,stop,3.34,0,joint_0,3,0.029999999999999805,0.0008280234744569536,0.1,0.1,0.05
paper-evidence-v1-locked-test::predicted_p,synthetic-feasible-v1,synthetic,rapid_reversal__test__006,test,150806,clean,predicted_p,435,1,command_p,reversal-j0-k336,reversal,3.3449999999999998,0,joint_0,2,0.020000000000000018,0.0007853604799961891,0.1,0.1,0.05
paper-evidence-v1-locked-test::predicted_p,synthetic-feasible-v1,synthetic,rapid_reversal__test__006,test,150806,clean,predicted_p,435,1,command_p,stop-j0-k362,stop,3.62,0,joint_0,2,0.020000000000000018,0.000835713361614489,0.1,0.1,0.05
paper-evidence-v1-locked-test::predicted_p,synthetic-feasible-v1,synthetic,rapid_reversal__test__006,test,150806,clean,predicted_p,435,1,command_p,stop-j0-k389,stop,3.89,0,joint_0,3,0.029999999999999805,0.0008662837749139652,0.1,0.1,0.05
paper-evidence-v1-locked-test::predicted_p,synthetic-feasible-v1,synthetic,rapid_reversal__test__006,test,150806,clean,predicted_p,435,1,command_p,stop-j0-k417,stop,4.17,0,joint_0,2,0.019999999999999574,0.0007868816733881761,0.1,0.1,0.05
paper-evidence-v1-locked-test::predicted_p,synthetic-feasible-v1,synthetic,rapid_reversal__test__007,test,150807,clean,predicted_p,259,1,command_p,stop-j0-k38,stop,0.38,0,joint_0,4,0.03999999999999998,0.001322768212059584,0.1,0.1,0.05
paper-evidence-v1-locked-test::predicted_p,synthetic-feasible-v1,synthetic,rapid_reversal__test__007,test,150807,clean,predicted_p,259,1,command_p,reversal-j0-k40,reversal,0.385,0,joint_0,3,0.030000000000000027,0.0013760209332947322,0.1,0.1,0.05
paper-evidence-v1-locked-test::predicted_p,synthetic-feasible-v1,synthetic,rapid_reversal__test__007,test,150807,clean,predicted_p,259,1,command_p,stop-j0-k66,stop,0.66,0,joint_0,3,0.030000000000000027,0.0014960824123275503,0.1,0.1,0.05
paper-evidence-v1-locked-test::predicted_p,synthetic-feasible-v1,synthetic,rapid_reversal__test__007,test,150807,clean,predicted_p,259,1,command_p,stop-j0-k94,stop,0.9400000000000001,0,joint_0,3,0.030000000000000027,0.0014927510689696827,0.1,0.1,0.05
paper-evidence-v1-locked-test::predicted_p,synthetic-feasible-v1,synthetic,rapid_reversal__test__007,test,150807,clean,predicted_p,259,1,command_p,stop-j0-k122,stop,1.22,0,joint_0,3,0.030000000000000027,0.0014893345050984372,0.1,0.1,0.05
paper-evidence-v1-locked-test::predicted_p,synthetic-feasible-v1,synthetic,rapid_reversal__test__007,test,150807,clean,predicted_p,259,1,command_p,stop-j0-k150,stop,1.5,0,joint_0,3,0.030000000000000027,0.0014855907368283912,0.1,0.1,0.05
paper-evidence-v1-locked-test::predicted_p,synthetic-feasible-v1,synthetic,rapid_reversal__test__007,test,150807,clean,predicted_p,259,1,command_p,stop-j0-k178,stop,1.78,0,joint_0,3,0.030000000000000027,0.0014818563668805049,0.1,0.1,0.05
paper-evidence-v1-locked-test::predicted_p,synthetic-feasible-v1,synthetic,rapid_reversal__test__007,test,150807,clean,predicted_p,259,1,command_p,stop-j0-k206,stop,2.06,0,joint_0,3,0.029999999999999805,0.0014803296789996706,0.1,0.1,0.05
paper-evidence-v1-locked-test::predicted_p,synthetic-feasible-v1,synthetic,rapid_reversal__test__007,test,150807,clean,predicted_p,259,1,command_p,stop-j0-k234,stop,2.34,0,joint_0,3,0.029999999999999805,0.001472557824638154,0.1,0.1,0.05
paper-evidence-v1-locked-test::predicted_p,synthetic-feasible-v1,synthetic,rapid_reversal__test__008,test,150808,clean,predicted_p,442,1,command_p,stop-j0-k42,stop,0.42,0,joint_0,5,0.04999999999999999,0.002093025243246202,0.1,0.1,0.05
paper-evidence-v1-locked-test::predicted_p,synthetic-feasible-v1,synthetic,rapid_reversal__test__008,test,150808,clean,predicted_p,442,1,command_p,reversal-j0-k44,reversal,0.42500000000000004,0,joint_0,4,0.03999999999999998,0.0020674001753629456,0.1,0.1,0.05
paper-evidence-v1-locked-test::predicted_p,synthetic-feasible-v1,synthetic,rapid_reversal__test__008,test,150808,clean,predicted_p,442,1,command_p,stop-j0-k74,stop,0.74,0,joint_0,5,0.050000000000000044,0.0016246379658207855,0.1,0.1,0.05
paper-evidence-v1-locked-test::predicted_p,synthetic-feasible-v1,synthetic,rapid_reversal__test__008,test,150808,clean,predicted_p,442,1,command_p,reversal-j0-k76,reversal,0.745,0,joint_0,4,0.040000000000000036,0.002062402842303587,0.1,0.1,0.05
paper-evidence-v1-locked-test::predicted_p,synthetic-feasible-v1,synthetic,rapid_reversal__test__008,test,150808,clean,predicted_p,442,1,command_p,stop-j0-k106,stop,1.06,0,joint_0,5,0.050000000000000044,0.001986805013622329,0.1,0.1,0.05
paper-evidence-v1-locked-test::predicted_p,synthetic-feasible-v1,synthetic,rapid_reversal__test__008,test,150808,clean,predicted_p,442,1,command_p,reversal-j0-k108,reversal,1.065,0,joint_0,5,0.050000000000000044,0.0020436089335130127,0.1,0.1,0.05
paper-evidence-v1-locked-test::predicted_p,synthetic-feasible-v1,synthetic,rapid_reversal__test__008,test,150808,clean,predicted_p,442,1,command_p,stop-j0-k139,stop,1.3900000000000001,0,joint_0,4,0.040000000000000036,0.0022796914984628486,0.1,0.1,0.05
paper-evidence-v1-locked-test::predicted_p,synthetic-feasible-v1,synthetic,rapid_reversal__test__008,test,150808,clean,predicted_p,442,1,command_p,stop-j0-k171,stop,1.71,0,joint_0,4,0.040000000000000036,0.002270295266570308,0.1,0.1,0.05
paper-evidence-v1-locked-test::predicted_p,synthetic-feasible-v1,synthetic,rapid_reversal__test__008,test,150808,clean,predicted_p,442,1,command_p,stop-j0-k203,stop,2.0300000000000002,0,joint_0,4,0.040000000000000036,0.0021127398983451892,0.1,0.1,0.05
paper-evidence-v1-locked-test::predicted_p,synthetic-feasible-v1,synthetic,rapid_reversal__test__008,test,150808,clean,predicted_p,442,1,command_p,stop-j0-k235,stop,2.35,0,joint_0,4,0.040000000000000036,0.0022554689325552553,0.1,0.1,0.05
paper-evidence-v1-locked-test::predicted_p,synthetic-feasible-v1,synthetic,rapid_reversal__test__008,test,150808,clean,predicted_p,442,1,command_p,stop-j0-k267,stop,2.67,0,joint_0,5,0.050000000000000044,0.002220215897473495,0.1,0.1,0.05
paper-evidence-v1-locked-test::predicted_p,synthetic-feasible-v1,synthetic,rapid_reversal__test__008,test,150808,clean,predicted_p,442,1,command_p,stop-j0-k299,stop,2.99,0,joint_0,4,0.040000000000000036,0.002078127360957033,0.1,0.1,0.05
paper-evidence-v1-locked-test::predicted_p,synthetic-feasible-v1,synthetic,rapid_reversal__test__008,test,150808,clean,predicted_p,442,1,command_p,stop-j0-k331,stop,3.31,0,joint_0,5,0.04999999999999982,0.0021064958975891513,0.1,0.1,0.05
paper-evidence-v1-locked-test::predicted_p,synthetic-feasible-v1,synthetic,rapid_reversal__test__008,test,150808,clean,predicted_p,442,1,command_p,reversal-j0-k333,reversal,3.3150000000000004,0,joint_0,4,0.040000000000000036,0.002069553592226173,0.1,0.1,0.05
paper-evidence-v1-locked-test::predicted_p,synthetic-feasible-v1,synthetic,rapid_reversal__test__008,test,150808,clean,predicted_p,442,1,command_p,stop-j0-k363,stop,3.63,0,joint_0,5,0.04999999999999982,0.0020526178714535674,0.1,0.1,0.05
paper-evidence-v1-locked-test::predicted_p,synthetic-feasible-v1,synthetic,rapid_reversal__test__008,test,150808,clean,predicted_p,442,1,command_p,reversal-j0-k365,reversal,3.635,0,joint_0,4,0.040000000000000036,0.0020638413781022646,0.1,0.1,0.05
paper-evidence-v1-locked-test::predicted_p,synthetic-feasible-v1,synthetic,rapid_reversal__test__008,test,150808,clean,predicted_p,442,1,command_p,stop-j0-k395,stop,3.95,0,joint_0,5,0.04999999999999982,0.0020565267801536478,0.1,0.1,0.05
paper-evidence-v1-locked-test::predicted_p,synthetic-feasible-v1,synthetic,rapid_reversal__test__008,test,150808,clean,predicted_p,442,1,command_p,reversal-j0-k397,reversal,3.955,0,joint_0,5,0.04999999999999982,0.0020565267801536478,0.1,0.1,0.05
paper-evidence-v1-locked-test::predicted_p,synthetic-feasible-v1,synthetic,rapid_reversal__test__008,test,150808,clean,predicted_p,442,1,command_p,stop-j0-k427,stop,4.2700000000000005,0,joint_0,5,0.04999999999999982,0.0020018584370395443,0.1,0.1,0.05
paper-evidence-v1-locked-test::predicted_p,synthetic-feasible-v1,synthetic,rapid_reversal__test__009,test,150809,clean,predicted_p,413,1,command_p,stop-j0-k38,stop,0.38,0,joint_0,1,0.010000000000000009,0.00020527313823685934,0.1,0.1,0.05
paper-evidence-v1-locked-test::predicted_p,synthetic-feasible-v1,synthetic,rapid_reversal__test__009,test,150809,clean,predicted_p,413,1,command_p,stop-j0-k74,stop,0.74,0,joint_0,1,0.010000000000000009,0.00022062972237950064,0.1,0.1,0.05
paper-evidence-v1-locked-test::predicted_p,synthetic-feasible-v1,synthetic,rapid_reversal__test__009,test,150809,clean,predicted_p,413,1,command_p,reversal-j0-k76,reversal,0.745,0,joint_0,1,0.010000000000000009,0.0001516071583276931,0.1,0.1,0.05
paper-evidence-v1-locked-test::predicted_p,synthetic-feasible-v1,synthetic,rapid_reversal__test__009,test,150809,clean,predicted_p,413,1,command_p,stop-j0-k110,stop,1.1,0,joint_0,2,0.020000000000000018,0.00023344929350814007,0.1,0.1,0.05
paper-evidence-v1-locked-test::predicted_p,synthetic-feasible-v1,synthetic,rapid_reversal__test__009,test,150809,clean,predicted_p,413,1,command_p,reversal-j0-k112,reversal,1.105,0,joint_0,1,0.010000000000000009,0.0001629348957140415,0.1,0.1,0.05
paper-evidence-v1-locked-test::predicted_p,synthetic-feasible-v1,synthetic,rapid_reversal__test__009,test,150809,clean,predicted_p,413,1,command_p,stop-j0-k146,stop,1.46,0,joint_0,2,0.020000000000000018,0.00023144768506383,0.1,0.1,0.05
paper-evidence-v1-locked-test::predicted_p,synthetic-feasible-v1,synthetic,rapid_reversal__test__009,test,150809,clean,predicted_p,413,1,command_p,reversal-j0-k148,reversal,1.4649999999999999,0,joint_0,1,0.010000000000000009,0.0001761404711277669,0.1,0.1,0.05
paper-evidence-v1-locked-test::predicted_p,synthetic-feasible-v1,synthetic,rapid_reversal__test__009,test,150809,clean,predicted_p,413,1,command_p,stop-j0-k183,stop,1.83,0,joint_0,1,0.010000000000000009,0.00019172464439512214,0.1,0.1,0.05
paper-evidence-v1-locked-test::predicted_p,synthetic-feasible-v1,synthetic,rapid_reversal__test__009,test,150809,clean,predicted_p,413,1,command_p,stop-j0-k219,stop,2.19,0,joint_0,1,0.010000000000000009,0.0002047789446238719,0.1,0.1,0.05
paper-evidence-v1-locked-test::predicted_p,synthetic-feasible-v1,synthetic,rapid_reversal__test__009,test,150809,clean,predicted_p,413,1,command_p,stop-j0-k255,stop,2.5500000000000003,0,joint_0,1,0.009999999999999787,0.00015189136327186685,0.1,0.1,0.05
paper-evidence-v1-locked-test::predicted_p,synthetic-feasible-v1,synthetic,rapid_reversal__test__009,test,150809,clean,predicted_p,413,1,command_p,stop-j0-k291,stop,2.91,0,joint_0,2,0.020000000000000018,0.00023339790646274253,0.1,0.1,0.05
paper-evidence-v1-locked-test::predicted_p,synthetic-feasible-v1,synthetic,rapid_reversal__test__009,test,150809,clean,predicted_p,413,1,command_p,reversal-j0-k293,reversal,2.915,0,joint_0,1,0.009999999999999787,0.00016326744322448498,0.1,0.1,0.05
paper-evidence-v1-locked-test::predicted_p,synthetic-feasible-v1,synthetic,rapid_reversal__test__009,test,150809,clean,predicted_p,413,1,command_p,stop-j0-k327,stop,3.27,0,joint_0,2,0.020000000000000018,0.0002313823419017795,0.1,0.1,0.05
paper-evidence-v1-locked-test::predicted_p,synthetic-feasible-v1,synthetic,rapid_reversal__test__009,test,150809,clean,predicted_p,413,1,command_p,reversal-j0-k329,reversal,3.2750000000000004,0,joint_0,1,0.009999999999999787,0.00017653151653911452,0.1,0.1,0.05
paper-evidence-v1-locked-test::predicted_p,synthetic-feasible-v1,synthetic,rapid_reversal__test__009,test,150809,clean,predicted_p,413,1,command_p,stop-j0-k364,stop,3.64,0,joint_0,1,0.009999999999999787,0.00019209124306023608,0.1,0.1,0.05
paper-evidence-v1-locked-test::predicted_p,synthetic-feasible-v1,synthetic,rapid_reversal__test__009,test,150809,clean,predicted_p,413,1,command_p,stop-j0-k400,stop,4.0,0,joint_0,1,0.009999999999999787,0.00020515955578068523,0.1,0.1,0.05
paper-evidence-v1-locked-test::predicted_p,synthetic-feasible-v1,synthetic,rapid_reversal__test__010,test,150810,clean,predicted_p,433,1,command_p,stop-j0-k34,stop,0.34,0,joint_0,2,0.020000000000000018,0.0007443781753440137,0.1,0.1,0.05
paper-evidence-v1-locked-test::predicted_p,synthetic-feasible-v1,synthetic,rapid_reversal__test__010,test,150810,clean,predicted_p,433,1,command_p,stop-j0-k59,stop,0.59,0,joint_0,2,0.020000000000000018,0.0007534981229636784,0.1,0.1,0.05
paper-evidence-v1-locked-test::predicted_p,synthetic-feasible-v1,synthetic,rapid_reversal__test__010,test,150810,clean,predicted_p,433,1,command_p,stop-j0-k84,stop,0.84,0,joint_0,2,0.020000000000000018,0.000747100028607475,0.1,0.1,0.05
paper-evidence-v1-locked-test::predicted_p,synthetic-feasible-v1,synthetic,rapid_reversal__test__010,test,150810,clean,predicted_p,433,1,command_p,stop-j0-k109,stop,1.09,0,joint_0,2,0.020000000000000018,0.0006156105723297779,0.1,0.1,0.05
paper-evidence-v1-locked-test::predicted_p,synthetic-feasible-v1,synthetic,rapid_reversal__test__010,test,150810,clean,predicted_p,433,1,command_p,stop-j0-k134,stop,1.34,0,joint_0,2,0.020000000000000018,0.0007181133956031129,0.1,0.1,0.05
paper-evidence-v1-locked-test::predicted_p,synthetic-feasible-v1,synthetic,rapid_reversal__test__010,test,150810,clean,predicted_p,433,1,command_p,stop-j0-k159,stop,1.59,0,joint_0,2,0.020000000000000018,0.0007113002092369787,0.1,0.1,0.05
paper-evidence-v1-locked-test::predicted_p,synthetic-feasible-v1,synthetic,rapid_reversal__test__010,test,150810,clean,predicted_p,433,1,command_p,stop-j0-k184,stop,1.84,0,joint_0,2,0.020000000000000018,0.0007043276741848559,0.1,0.1,0.05
paper-evidence-v1-locked-test::predicted_p,synthetic-feasible-v1,synthetic,rapid_reversal__test__010,test,150810,clean,predicted_p,433,1,command_p,stop-j0-k209,stop,2.09,0,joint_0,2,0.020000000000000018,0.0006971177113460544,0.1,0.1,0.05
paper-evidence-v1-locked-test::predicted_p,synthetic-feasible-v1,synthetic,rapid_reversal__test__010,test,150810,clean,predicted_p,433,1,command_p,stop-j0-k234,stop,2.34,0,joint_0,2,0.020000000000000018,0.0006896577765576694,0.1,0.1,0.05
paper-evidence-v1-locked-test::predicted_p,synthetic-feasible-v1,synthetic,rapid_reversal__test__010,test,150810,clean,predicted_p,433,1,command_p,stop-j0-k259,stop,2.59,0,joint_0,2,0.020000000000000018,0.0006819387394311151,0.1,0.1,0.05
paper-evidence-v1-locked-test::predicted_p,synthetic-feasible-v1,synthetic,rapid_reversal__test__010,test,150810,clean,predicted_p,433,1,command_p,stop-j0-k284,stop,2.84,0,joint_0,2,0.020000000000000018,0.000674893090359467,0.1,0.1,0.05
paper-evidence-v1-locked-test::predicted_p,synthetic-feasible-v1,synthetic,rapid_reversal__test__010,test,150810,clean,predicted_p,433,1,command_p,stop-j0-k308,stop,3.08,0,joint_0,2,0.020000000000000018,0.0007816454728970553,0.1,0.1,0.05
paper-evidence-v1-locked-test::predicted_p,synthetic-feasible-v1,synthetic,rapid_reversal__test__010,test,150810,clean,predicted_p,433,1,command_p,reversal-j0-k310,reversal,3.085,0,joint_0,2,0.020000000000000018,0.0006854348899208514,0.1,0.1,0.05
paper-evidence-v1-locked-test::predicted_p,synthetic-feasible-v1,synthetic,rapid_reversal__test__010,test,150810,clean,predicted_p,433,1,command_p,stop-j0-k333,stop,3.33,0,joint_0,2,0.020000000000000018,0.0007767447810895633,0.1,0.1,0.05
paper-evidence-v1-locked-test::predicted_p,synthetic-feasible-v1,synthetic,rapid_reversal__test__010,test,150810,clean,predicted_p,433,1,command_p,stop-j0-k358,stop,3.58,0,joint_0,2,0.020000000000000018,0.0007709684693060365,0.1,0.1,0.05
paper-evidence-v1-locked-test::predicted_p,synthetic-feasible-v1,synthetic,rapid_reversal__test__010,test,150810,clean,predicted_p,433,1,command_p,stop-j0-k383,stop,3.83,0,joint_0,2,0.020000000000000018,0.0007649578856206173,0.1,0.1,0.05
paper-evidence-v1-locked-test::predicted_p,synthetic-feasible-v1,synthetic,rapid_reversal__test__010,test,150810,clean,predicted_p,433,1,command_p,stop-j0-k408,stop,4.08,0,joint_0,2,0.020000000000000018,0.0007587624565445388,0.1,0.1,0.05
paper-evidence-v1-locked-test::predicted_p,synthetic-feasible-v1,synthetic,rapid_reversal__test__011,test,150811,clean,predicted_p,431,1,command_p,stop-j0-k11,stop,0.11,0,joint_0,3,0.03,0.0012746149693975005,0.1,0.1,0.05
paper-evidence-v1-locked-test::predicted_p,synthetic-feasible-v1,synthetic,rapid_reversal__test__011,test,150811,clean,predicted_p,431,1,command_p,stop-j0-k35,stop,0.35000000000000003,0,joint_0,3,0.03,0.0011574439524923404,0.1,0.1,0.05
paper-evidence-v1-locked-test::predicted_p,synthetic-feasible-v1,synthetic,rapid_reversal__test__011,test,150811,clean,predicted_p,431,1,command_p,stop-j0-k58,stop,0.58,0,joint_0,3,0.030000000000000027,0.0010094736754310532,0.1,0.1,0.05
paper-evidence-v1-locked-test::predicted_p,synthetic-feasible-v1,synthetic,rapid_reversal__test__011,test,150811,clean,predicted_p,431,1,command_p,stop-j0-k81,stop,0.81,0,joint_0,3,0.030000000000000027,0.0010968176791652324,0.1,0.1,0.05
paper-evidence-v1-locked-test::predicted_p,synthetic-feasible-v1,synthetic,rapid_reversal__test__011,test,150811,clean,predicted_p,431,1,command_p,stop-j0-k104,stop,1.04,0,joint_0,3,0.030000000000000027,0.001065545560184218,0.1,0.1,0.05
paper-evidence-v1-locked-test::predicted_p,synthetic-feasible-v1,synthetic,rapid_reversal__test__011,test,150811,clean,predicted_p,431,1,command_p,stop-j0-k128,stop,1.28,0,joint_0,3,0.030000000000000027,0.0011657349628656085,0.1,0.1,0.05
paper-evidence-v1-locked-test::predicted_p,synthetic-feasible-v1,synthetic,rapid_reversal__test__011,test,150811,clean,predicted_p,431,1,command_p,stop-j0-k151,stop,1.51,0,joint_0,3,0.030000000000000027,0.0011361741326658052,0.1,0.1,0.05
paper-evidence-v1-locked-test::predicted_p,synthetic-feasible-v1,synthetic,rapid_reversal__test__011,test,150811,clean,predicted_p,431,1,command_p,stop-j0-k174,stop,1.74,0,joint_0,3,0.030000000000000027,0.0011061512976032126,0.1,0.1,0.05
paper-evidence-v1-locked-test::predicted_p,synthetic-feasible-v1,synthetic,rapid_reversal__test__011,test,150811,clean,predicted_p,431,1,command_p,stop-j0-k197,stop,1.97,0,joint_0,3,0.030000000000000027,0.0010752916283054746,0.1,0.1,0.05
paper-evidence-v1-locked-test::predicted_p,synthetic-feasible-v1,synthetic,rapid_reversal__test__011,test,150811,clean,predicted_p,431,1,command_p,stop-j0-k220,stop,2.2,0,joint_0,3,0.029999999999999805,0.0010663768386377634,0.1,0.1,0.05
paper-evidence-v1-locked-test::predicted_p,synthetic-feasible-v1,synthetic,rapid_reversal__test__011,test,150811,clean,predicted_p,431,1,command_p,stop-j0-k244,stop,2.44,0,joint_0,3,0.030000000000000027,0.001144229599958972,0.1,0.1,0.05
paper-evidence-v1-locked-test::predicted_p,synthetic-feasible-v1,synthetic,rapid_reversal__test__011,test,150811,clean,predicted_p,431,1,command_p,stop-j0-k267,stop,2.67,0,joint_0,3,0.030000000000000027,0.0011149834063389741,0.1,0.1,0.05
paper-evidence-v1-locked-test::predicted_p,synthetic-feasible-v1,synthetic,rapid_reversal__test__011,test,150811,clean,predicted_p,431,1,command_p,stop-j0-k290,stop,2.9,0,joint_0,3,0.029999999999999805,0.0010844423562205122,0.1,0.1,0.05
paper-evidence-v1-locked-test::predicted_p,synthetic-feasible-v1,synthetic,rapid_reversal__test__011,test,150811,clean,predicted_p,431,1,command_p,stop-j0-k313,stop,3.13,0,joint_0,3,0.029999999999999805,0.0010490044561842357,0.1,0.1,0.05
paper-evidence-v1-locked-test::predicted_p,synthetic-feasible-v1,synthetic,rapid_reversal__test__011,test,150811,clean,predicted_p,431,1,command_p,stop-j0-k337,stop,3.37,0,joint_0,3,0.029999999999999805,0.001152179019586129,0.1,0.1,0.05
paper-evidence-v1-locked-test::predicted_p,synthetic-feasible-v1,synthetic,rapid_reversal__test__011,test,150811,clean,predicted_p,431,1,command_p,stop-j0-k360,stop,3.6,0,joint_0,3,0.029999999999999805,0.00112334359070748,0.1,0.1,0.05
paper-evidence-v1-locked-test::predicted_p,synthetic-feasible-v1,synthetic,rapid_reversal__test__011,test,150811,clean,predicted_p,431,1,command_p,stop-j0-k383,stop,3.83,0,joint_0,3,0.029999999999999805,0.0010993825507289816,0.1,0.1,0.05
paper-evidence-v1-locked-test::predicted_p,synthetic-feasible-v1,synthetic,rapid_reversal__test__011,test,150811,clean,predicted_p,431,1,command_p,stop-j0-k406,stop,4.0600000000000005,0,joint_0,3,0.03000000000000025,0.0010860872458959623,0.1,0.1,0.05
paper-evidence-v1-locked-test::predicted_p,synthetic-feasible-v1,synthetic,rapid_reversal__test__012,test,150812,clean,predicted_p,408,1,command_p,stop-j0-k30,stop,0.3,0,joint_0,4,0.03999999999999998,0.00194684483452507,0.1,0.1,0.05
paper-evidence-v1-locked-test::predicted_p,synthetic-feasible-v1,synthetic,rapid_reversal__test__012,test,150812,clean,predicted_p,408,1,command_p,stop-j0-k58,stop,0.58,0,joint_0,4,0.040000000000000036,0.0015258430865716043,0.1,0.1,0.05
paper-evidence-v1-locked-test::predicted_p,synthetic-feasible-v1,synthetic,rapid_reversal__test__012,test,150812,clean,predicted_p,408,1,command_p,stop-j0-k87,stop,0.87,0,joint_0,4,0.040000000000000036,0.0020274637766384464,0.1,0.1,0.05
paper-evidence-v1-locked-test::predicted_p,synthetic-feasible-v1,synthetic,rapid_reversal__test__012,test,150812,clean,predicted_p,408,1,command_p,stop-j0-k115,stop,1.1500000000000001,0,joint_0,4,0.040000000000000036,0.0018990414254977748,0.1,0.1,0.05
paper-evidence-v1-locked-test::predicted_p,synthetic-feasible-v1,synthetic,rapid_reversal__test__012,test,150812,clean,predicted_p,408,1,command_p,stop-j0-k143,stop,1.43,0,joint_0,4,0.040000000000000036,0.0017740593310399209,0.1,0.1,0.05
paper-evidence-v1-locked-test::predicted_p,synthetic-feasible-v1,synthetic,rapid_reversal__test__012,test,150812,clean,predicted_p,408,1,command_p,reversal-j0-k145,reversal,1.435,0,joint_0,4,0.040000000000000036,0.00178782016510144,0.1,0.1,0.05
paper-evidence-v1-locked-test::predicted_p,synthetic-feasible-v1,synthetic,rapid_reversal__test__012,test,150812,clean,predicted_p,408,1,command_p,stop-j0-k172,stop,1.72,0,joint_0,4,0.040000000000000036,0.001978636671552166,0.1,0.1,0.05
paper-evidence-v1-locked-test::predicted_p,synthetic-feasible-v1,synthetic,rapid_reversal__test__012,test,150812,clean,predicted_p,408,1,command_p,stop-j0-k200,stop,2.0,0,joint_0,4,0.040000000000000036,0.0018509728379387993,0.1,0.1,0.05
paper-evidence-v1-locked-test::predicted_p,synthetic-feasible-v1,synthetic,rapid_reversal__test__012,test,150812,clean,predicted_p,408,1,command_p,stop-j0-k229,stop,2.29,0,joint_0,4,0.040000000000000036,0.002061424570394313,0.1,0.1,0.05
paper-evidence-v1-locked-test::predicted_p,synthetic-feasible-v1,synthetic,rapid_reversal__test__012,test,150812,clean,predicted_p,408,1,command_p,stop-j0-k257,stop,2.57,0,joint_0,4,0.040000000000000036,0.0019307260447204697,0.1,0.1,0.05
paper-evidence-v1-locked-test::predicted_p,synthetic-feasible-v1,synthetic,rapid_reversal__test__012,test,150812,clean,predicted_p,408,1,command_p,stop-j0-k285,stop,2.85,0,joint_0,4,0.040000000000000036,0.0018056275161068786,0.1,0.1,0.05
paper-evidence-v1-locked-test::predicted_p,synthetic-feasible-v1,synthetic,rapid_reversal__test__012,test,150812,clean,predicted_p,408,1,command_p,reversal-j0-k287,reversal,2.855,0,joint_0,4,0.040000000000000036,0.0018195051949887293,0.1,0.1,0.05
paper-evidence-v1-locked-test::predicted_p,synthetic-feasible-v1,synthetic,rapid_reversal__test__012,test,150812,clean,predicted_p,408,1,command_p,stop-j0-k314,stop,3.14,0,joint_0,4,0.040000000000000036,0.0020108232691082983,0.1,0.1,0.05
paper-evidence-v1-locked-test::predicted_p,synthetic-feasible-v1,synthetic,rapid_reversal__test__012,test,150812,clean,predicted_p,408,1,command_p,stop-j0-k342,stop,3.42,0,joint_0,4,0.040000000000000036,0.0018828343113160967,0.1,0.1,0.05
paper-evidence-v1-locked-test::predicted_p,synthetic-feasible-v1,synthetic,rapid_reversal__test__012,test,150812,clean,predicted_p,408,1,command_p,stop-j0-k370,stop,3.7,0,joint_0,4,0.040000000000000036,0.0017716075569662914,0.1,0.1,0.05
paper-evidence-v1-locked-test::predicted_p,synthetic-feasible-v1,synthetic,rapid_reversal__test__012,test,150812,clean,predicted_p,408,1,command_p,reversal-j0-k372,reversal,3.705,0,joint_0,4,0.040000000000000036,0.0017716075569662914,0.1,0.1,0.05
paper-evidence-v1-locked-test::predicted_p,synthetic-feasible-v1,synthetic,rapid_reversal__test__013,test,150813,clean,predicted_p,289,1,command_p,stop-j0-k22,stop,0.22,0,joint_0,1,0.010000000000000009,0.00026711596330839443,0.1,0.1,0.05
paper-evidence-v1-locked-test::predicted_p,synthetic-feasible-v1,synthetic,rapid_reversal__test__013,test,150813,clean,predicted_p,289,1,command_p,stop-j0-k43,stop,0.43,0,joint_0,1,0.010000000000000009,0.0002697955542737533,0.1,0.1,0.05
paper-evidence-v1-locked-test::predicted_p,synthetic-feasible-v1,synthetic,rapid_reversal__test__013,test,150813,clean,predicted_p,289,1,command_p,stop-j0-k64,stop,0.64,0,joint_0,1,0.010000000000000009,0.00027308953366795755,0.1,0.1,0.05
paper-evidence-v1-locked-test::predicted_p,synthetic-feasible-v1,synthetic,rapid_reversal__test__013,test,150813,clean,predicted_p,289,1,command_p,reversal-j0-k86,reversal,0.855,0,joint_0,1,0.010000000000000009,0.00024959524859876286,0.1,0.1,0.05
paper-evidence-v1-locked-test::predicted_p,synthetic-feasible-v1,synthetic,rapid_reversal__test__013,test,150813,clean,predicted_p,289,1,command_p,stop-j0-k107,stop,1.07,0,joint_0,1,0.010000000000000009,0.000239281083248536,0.1,0.1,0.05
paper-evidence-v1-locked-test::predicted_p,synthetic-feasible-v1,synthetic,rapid_reversal__test__013,test,150813,clean,predicted_p,289,1,command_p,stop-j0-k128,stop,1.28,0,joint_0,1,0.010000000000000009,0.0002703560435966773,0.1,0.1,0.05
paper-evidence-v1-locked-test::predicted_p,synthetic-feasible-v1,synthetic,rapid_reversal__test__013,test,150813,clean,predicted_p,289,1,command_p,stop-j0-k149,stop,1.49,0,joint_0,1,0.010000000000000009,0.00027443038856048905,0.1,0.1,0.05
paper-evidence-v1-locked-test::predicted_p,synthetic-feasible-v1,synthetic,rapid_reversal__test__013,test,150813,clean,predicted_p,289,1,command_p,stop-j0-k171,stop,1.71,0,joint_0,1,0.010000000000000009,0.00026608963232926654,0.1,0.1,0.05
paper-evidence-v1-locked-test::predicted_p,synthetic-feasible-v1,synthetic,rapid_reversal__test__013,test,150813,clean,predicted_p,289,1,command_p,stop-j0-k192,stop,1.92,0,joint_0,1,0.010000000000000009,0.00026897226118405873,0.1,0.1,0.05
paper-evidence-v1-locked-test::predicted_p,synthetic-feasible-v1,synthetic,rapid_reversal__test__013,test,150813,clean,predicted_p,289,1,command_p,stop-j0-k213,stop,2.13,0,joint_0,1,0.010000000000000009,0.0002711625542319327,0.1,0.1,0.05
paper-evidence-v1-locked-test::predicted_p,synthetic-feasible-v1,synthetic,rapid_reversal__test__013,test,150813,clean,predicted_p,289,1,command_p,stop-j0-k234,stop,2.34,0,joint_0,1,0.010000000000000009,0.00027500976870154946,0.1,0.1,0.05
paper-evidence-v1-locked-test::predicted_p,synthetic-feasible-v1,synthetic,rapid_reversal__test__013,test,150813,clean,predicted_p,289,1,command_p,stop-j0-k256,stop,2.56,0,joint_0,1,0.009999999999999787,0.00026685325510830764,0.1,0.1,0.05
paper-evidence-v1-locked-test::predicted_p,synthetic-feasible-v1,synthetic,rapid_reversal__test__013,test,150813,clean,predicted_p,289,1,command_p,stop-j0-k277,stop,2.77,0,joint_0,1,0.009999999999999787,0.00026964636439699675,0.1,0.1,0.05
paper-evidence-v1-locked-test::predicted_p,synthetic-feasible-v1,synthetic,rapid_reversal__test__014,test,150814,clean,predicted_p,429,1,command_p,stop-j0-k13,stop,0.13,0,joint_0,3,0.03,0.0009337047867247831,0.1,0.1,0.05
paper-evidence-v1-locked-test::predicted_p,synthetic-feasible-v1,synthetic,rapid_reversal__test__014,test,150814,clean,predicted_p,429,1,command_p,stop-j0-k37,stop,0.37,0,joint_0,2,0.020000000000000018,0.0007553965440814328,0.1,0.1,0.05
paper-evidence-v1-locked-test::predicted_p,synthetic-feasible-v1,synthetic,rapid_reversal__test__014,test,150814,clean,predicted_p,429,1,command_p,stop-j0-k62,stop,0.62,0,joint_0,2,0.020000000000000018,0.0006926176482433372,0.1,0.1,0.05
paper-evidence-v1-locked-test::predicted_p,synthetic-feasible-v1,synthetic,rapid_reversal__test__014,test,150814,clean,predicted_p,429,1,command_p,stop-j0-k86,stop,0.86,0,joint_0,2,0.020000000000000018,0.0007533208798905571,0.1,0.1,0.05
paper-evidence-v1-locked-test::predicted_p,synthetic-feasible-v1,synthetic,rapid_reversal__test__014,test,150814,clean,predicted_p,429,1,command_p,stop-j0-k111,stop,1.11,0,joint_0,2,0.020000000000000018,0.0006899816987912011,0.1,0.1,0.05
paper-evidence-v1-locked-test::predicted_p,synthetic-feasible-v1,synthetic,rapid_reversal__test__014,test,150814,clean,predicted_p,429,1,command_p,stop-j0-k135,stop,1.35,0,joint_0,2,0.020000000000000018,0.000737105941514327,0.1,0.1,0.05
paper-evidence-v1-locked-test::predicted_p,synthetic-feasible-v1,synthetic,rapid_reversal__test__014,test,150814,clean,predicted_p,429,1,command_p,stop-j0-k160,stop,1.6,0,joint_0,2,0.020000000000000018,0.0006873315493648928,0.1,0.1,0.05
paper-evidence-v1-locked-test::predicted_p,synthetic-feasible-v1,synthetic,rapid_reversal__test__014,test,150814,clean,predicted_p,429,1,command_p,stop-j0-k184,stop,1.84,0,joint_0,2,0.020000000000000018,0.0007348893138477542,0.1,0.1,0.05
paper-evidence-v1-locked-test::predicted_p,synthetic-feasible-v1,synthetic,rapid_reversal__test__014,test,150814,clean,predicted_p,429,1,command_p,stop-j0-k209,stop,2.09,0,joint_0,2,0.020000000000000018,0.0006846647127664121,0.1,0.1,0.05
paper-evidence-v1-locked-test::predicted_p,synthetic-feasible-v1,synthetic,rapid_reversal__test__014,test,150814,clean,predicted_p,429,1,command_p,stop-j0-k233,stop,2.33,0,joint_0,2,0.020000000000000018,0.0007326374674107746,0.1,0.1,0.05
paper-evidence-v1-locked-test::predicted_p,synthetic-feasible-v1,synthetic,rapid_reversal__test__014,test,150814,clean,predicted_p,429,1,command_p,stop-j0-k258,stop,2.58,0,joint_0,2,0.020000000000000018,0.0006819576938022605,0.1,0.1,0.05
paper-evidence-v1-locked-test::predicted_p,synthetic-feasible-v1,synthetic,rapid_reversal__test__014,test,150814,clean,predicted_p,429,1,command_p,stop-j0-k282,stop,2.82,0,joint_0,2,0.020000000000000018,0.0007303569041798123,0.1,0.1,0.05
paper-evidence-v1-locked-test::predicted_p,synthetic-feasible-v1,synthetic,rapid_reversal__test__014,test,150814,clean,predicted_p,429,1,command_p,stop-j0-k307,stop,3.0700000000000003,0,joint_0,2,0.020000000000000018,0.0005770547209686033,0.1,0.1,0.05
paper-evidence-v1-locked-test::predicted_p,synthetic-feasible-v1,synthetic,rapid_reversal__test__014,test,150814,clean,predicted_p,429,1,command_p,stop-j0-k331,stop,3.31,0,joint_0,2,0.020000000000000018,0.0007280472528326067,0.1,0.1,0.05
paper-evidence-v1-locked-test::predicted_p,synthetic-feasible-v1,synthetic,rapid_reversal__test__014,test,150814,clean,predicted_p,429,1,command_p,stop-j0-k356,stop,3.56,0,joint_0,2,0.020000000000000018,0.0006764142315291478,0.1,0.1,0.05
paper-evidence-v1-locked-test::predicted_p,synthetic-feasible-v1,synthetic,rapid_reversal__test__014,test,150814,clean,predicted_p,429,1,command_p,stop-j0-k380,stop,3.8000000000000003,0,joint_0,2,0.020000000000000018,0.0006344085582885192,0.1,0.1,0.05
paper-evidence-v1-locked-test::predicted_p,synthetic-feasible-v1,synthetic,rapid_reversal__test__014,test,150814,clean,predicted_p,429,1,command_p,stop-j0-k405,stop,4.05,0,joint_0,2,0.020000000000000018,0.0006735749488594291,0.1,0.1,0.05
paper-evidence-v1-locked-test::predicted_p,synthetic-feasible-v1,synthetic,rapid_reversal__test__015,test,150815,clean,predicted_p,304,1,command_p,stop-j0-k27,stop,0.27,0,joint_0,4,0.04000000000000001,0.00142436668274313,0.1,0.1,0.05
paper-evidence-v1-locked-test::predicted_p,synthetic-feasible-v1,synthetic,rapid_reversal__test__015,test,150815,clean,predicted_p,304,1,command_p,stop-j0-k57,stop,0.5700000000000001,0,joint_0,4,0.040000000000000036,0.001518147355661097,0.1,0.1,0.05
paper-evidence-v1-locked-test::predicted_p,synthetic-feasible-v1,synthetic,rapid_reversal__test__015,test,150815,clean,predicted_p,304,1,command_p,stop-j0-k87,stop,0.87,0,joint_0,4,0.040000000000000036,0.001525203360468219,0.1,0.1,0.05
paper-evidence-v1-locked-test::predicted_p,synthetic-feasible-v1,synthetic,rapid_reversal__test__015,test,150815,clean,predicted_p,304,1,command_p,stop-j0-k117,stop,1.17,0,joint_0,4,0.040000000000000036,0.0015754324963228687,0.1,0.1,0.05
paper-evidence-v1-locked-test::predicted_p,synthetic-feasible-v1,synthetic,rapid_reversal__test__015,test,150815,clean,predicted_p,304,1,command_p,stop-j0-k147,stop,1.47,0,joint_0,4,0.040000000000000036,0.0016258788484168525,0.1,0.1,0.05
paper-evidence-v1-locked-test::predicted_p,synthetic-feasible-v1,synthetic,rapid_reversal__test__015,test,150815,clean,predicted_p,304,1,command_p,stop-j0-k177,stop,1.77,0,joint_0,3,0.030000000000000027,0.0016305267937441088,0.1,0.1,0.05
paper-evidence-v1-locked-test::predicted_p,synthetic-feasible-v1,synthetic,rapid_reversal__test__015,test,150815,clean,predicted_p,304,1,command_p,stop-j0-k207,stop,2.07,0,joint_0,3,0.029999999999999805,0.0016074088902308446,0.1,0.1,0.05
paper-evidence-v1-locked-test::predicted_p,synthetic-feasible-v1,synthetic,rapid_reversal__test__015,test,150815,clean,predicted_p,304,1,command_p,stop-j0-k236,stop,2.36,0,joint_0,4,0.040000000000000036,0.0014521262343514946,0.1,0.1,0.05
paper-evidence-v1-locked-test::predicted_p,synthetic-feasible-v1,synthetic,rapid_reversal__test__015,test,150815,clean,predicted_p,304,1,command_p,reversal-j0-k238,reversal,2.365,0,joint_0,4,0.040000000000000036,0.0014951111341417458,0.1,0.1,0.05
paper-evidence-v1-locked-test::predicted_p,synthetic-feasible-v1,synthetic,rapid_reversal__test__015,test,150815,clean,predicted_p,304,1,command_p,stop-j0-k266,stop,2.66,0,joint_0,4,0.040000000000000036,0.0015025834608289354,0.1,0.1,0.05
paper-evidence-v1-locked-test::predicted_p,synthetic-feasible-v1,synthetic,rapid_reversal__test__016,test,150816,clean,predicted_p,341,1,command_p,stop-j0-k42,stop,0.42,0,joint_0,5,0.04999999999999999,0.001968941558900432,0.1,0.1,0.05
paper-evidence-v1-locked-test::predicted_p,synthetic-feasible-v1,synthetic,rapid_reversal__test__016,test,150816,clean,predicted_p,341,1,command_p,reversal-j0-k44,reversal,0.42500000000000004,0,joint_0,5,0.04999999999999999,0.0018569031871576377,0.1,0.1,0.05
paper-evidence-v1-locked-test::predicted_p,synthetic-feasible-v1,synthetic,rapid_reversal__test__016,test,150816,clean,predicted_p,341,1,command_p,stop-j0-k82,stop,0.8200000000000001,0,joint_0,5,0.050000000000000044,0.0021084566436649797,0.1,0.1,0.05
paper-evidence-v1-locked-test::predicted_p,synthetic-feasible-v1,synthetic,rapid_reversal__test__016,test,150816,clean,predicted_p,341,1,command_p,stop-j0-k121,stop,1.21,0,joint_0,5,0.050000000000000044,0.0020627079463493626,0.1,0.1,0.05
paper-evidence-v1-locked-test::predicted_p,synthetic-feasible-v1,synthetic,rapid_reversal__test__016,test,150816,clean,predicted_p,341,1,command_p,reversal-j0-k123,reversal,1.2149999999999999,0,joint_0,5,0.050000000000000044,0.0019976854880001207,0.1,0.1,0.05
paper-evidence-v1-locked-test::predicted_p,synthetic-feasible-v1,synthetic,rapid_reversal__test__016,test,150816,clean,predicted_p,341,1,command_p,stop-j0-k160,stop,1.6,0,joint_0,5,0.050000000000000044,0.0020006468238636353,0.1,0.1,0.05
paper-evidence-v1-locked-test::predicted_p,synthetic-feasible-v1,synthetic,rapid_reversal__test__016,test,150816,clean,predicted_p,341,1,command_p,reversal-j0-k162,reversal,1.605,0,joint_0,5,0.050000000000000044,0.001906738543534408,0.1,0.1,0.05
paper-evidence-v1-locked-test::predicted_p,synthetic-feasible-v1,synthetic,rapid_reversal__test__016,test,150816,clean,predicted_p,341,1,command_p,stop-j0-k199,stop,1.99,0,joint_0,5,0.04999999999999982,0.0019521145136930595,0.1,0.1,0.05
paper-evidence-v1-locked-test::predicted_p,synthetic-feasible-v1,synthetic,rapid_reversal__test__016,test,150816,clean,predicted_p,341,1,command_p,reversal-j0-k201,reversal,1.995,0,joint_0,5,0.04999999999999982,0.0018287913742811262,0.1,0.1,0.05
paper-evidence-v1-locked-test::predicted_p,synthetic-feasible-v1,synthetic,rapid_reversal__test__016,test,150816,clean,predicted_p,341,1,command_p,stop-j0-k239,stop,2.39,0,joint_0,5,0.04999999999999982,0.002111590739073178,0.1,0.1,0.05
paper-evidence-v1-locked-test::predicted_p,synthetic-feasible-v1,synthetic,rapid_reversal__test__016,test,150816,clean,predicted_p,341,1,command_p,stop-j0-k278,stop,2.7800000000000002,0,joint_0,5,0.04999999999999982,0.0019619040621932458,0.1,0.1,0.05
paper-evidence-v1-locked-test::predicted_p,synthetic-feasible-v1,synthetic,rapid_reversal__test__016,test,150816,clean,predicted_p,341,1,command_p,reversal-j0-k280,reversal,2.785,0,joint_0,5,0.04999999999999982,0.0019619040621932458,0.1,0.1,0.05
paper-evidence-v1-locked-test::predicted_p,synthetic-feasible-v1,synthetic,rapid_reversal__test__016,test,150816,clean,predicted_p,341,1,command_p,stop-j0-k317,stop,3.17,0,joint_0,5,0.04999999999999982,0.0019799727402805526,0.1,0.1,0.05
paper-evidence-v1-locked-test::predicted_p,synthetic-feasible-v1,synthetic,rapid_reversal__test__016,test,150816,clean,predicted_p,341,1,command_p,reversal-j0-k319,reversal,3.175,0,joint_0,5,0.04999999999999982,0.0018746843586469669,0.1,0.1,0.05
paper-evidence-v1-locked-test::predicted_p,synthetic-feasible-v1,synthetic,rapid_reversal__test__017,test,150817,clean,predicted_p,342,1,command_p,stop-j0-k22,stop,0.22,0,joint_0,2,0.01999999999999999,0.000285356821924351,0.1,0.1,0.05
paper-evidence-v1-locked-test::predicted_p,synthetic-feasible-v1,synthetic,rapid_reversal__test__017,test,150817,clean,predicted_p,342,1,command_p,stop-j0-k45,stop,0.45,0,joint_0,2,0.020000000000000018,0.0002859972643435636,0.1,0.1,0.05
paper-evidence-v1-locked-test::predicted_p,synthetic-feasible-v1,synthetic,rapid_reversal__test__017,test,150817,clean,predicted_p,342,1,command_p,stop-j0-k68,stop,0.68,0,joint_0,2,0.020000000000000018,0.00028677527962866356,0.1,0.1,0.05
paper-evidence-v1-locked-test::predicted_p,synthetic-feasible-v1,synthetic,rapid_reversal__test__017,test,150817,clean,predicted_p,342,1,command_p,stop-j0-k91,stop,0.91,0,joint_0,2,0.020000000000000018,0.00028729811327723087,0.1,0.1,0.05
paper-evidence-v1-locked-test::predicted_p,synthetic-feasible-v1,synthetic,rapid_reversal__test__017,test,150817,clean,predicted_p,342,1,command_p,stop-j0-k114,stop,1.1400000000000001,0,joint_0,2,0.020000000000000018,0.0002875824183379079,0.1,0.1,0.05
paper-evidence-v1-locked-test::predicted_p,synthetic-feasible-v1,synthetic,rapid_reversal__test__017,test,150817,clean,predicted_p,342,1,command_p,reversal-j0-k138,reversal,1.375,0,joint_0,1,0.010000000000000009,0.00025317188989905967,0.1,0.1,0.05
paper-evidence-v1-locked-test::predicted_p,synthetic-feasible-v1,synthetic,rapid_reversal__test__017,test,150817,clean,predicted_p,342,1,command_p,stop-j0-k161,stop,1.61,0,joint_0,1,0.010000000000000009,0.00026973284487876814,0.1,0.1,0.05
paper-evidence-v1-locked-test::predicted_p,synthetic-feasible-v1,synthetic,rapid_reversal__test__017,test,150817,clean,predicted_p,342,1,command_p,stop-j0-k184,stop,1.84,0,joint_0,1,0.010000000000000009,0.0002707296985252934,0.1,0.1,0.05
paper-evidence-v1-locked-test::predicted_p,synthetic-feasible-v1,synthetic,rapid_reversal__test__017,test,150817,clean,predicted_p,342,1,command_p,stop-j0-k207,stop,2.07,0,joint_0,1,0.010000000000000009,0.0002717632631810321,0.1,0.1,0.05
paper-evidence-v1-locked-test::predicted_p,synthetic-feasible-v1,synthetic,rapid_reversal__test__017,test,150817,clean,predicted_p,342,1,command_p,stop-j0-k230,stop,2.3000000000000003,0,joint_0,1,0.009999999999999787,0.0002340092000075882,0.1,0.1,0.05
paper-evidence-v1-locked-test::predicted_p,synthetic-feasible-v1,synthetic,rapid_reversal__test__017,test,150817,clean,predicted_p,342,1,command_p,stop-j0-k253,stop,2.5300000000000002,0,joint_0,1,0.009999999999999787,0.00023496343131011523,0.1,0.1,0.05
paper-evidence-v1-locked-test::predicted_p,synthetic-feasible-v1,synthetic,rapid_reversal__test__017,test,150817,clean,predicted_p,342,1,command_p,stop-j0-k276,stop,2.7600000000000002,0,joint_0,1,0.009999999999999787,0.0002358053258470299,0.1,0.1,0.05
paper-evidence-v1-locked-test::predicted_p,synthetic-feasible-v1,synthetic,rapid_reversal__test__017,test,150817,clean,predicted_p,342,1,command_p,stop-j0-k299,stop,2.99,0,joint_0,1,0.009999999999999787,0.00023656977807428402,0.1,0.1,0.05
paper-evidence-v1-locked-test::predicted_p,synthetic-feasible-v1,synthetic,rapid_reversal__test__017,test,150817,clean,predicted_p,342,1,command_p,stop-j0-k322,stop,3.22,0,joint_0,1,0.009999999999999787,0.00023741290022383105,0.1,0.1,0.05
paper-evidence-v1-locked-test::predicted_p,synthetic-feasible-v1,synthetic,rapid_reversal__test__018,test,150818,clean,predicted_p,447,1,command_p,stop-j0-k29,stop,0.29,0,joint_0,2,0.020000000000000018,0.0005615780750811376,0.1,0.1,0.05
paper-evidence-v1-locked-test::predicted_p,synthetic-feasible-v1,synthetic,rapid_reversal__test__018,test,150818,clean,predicted_p,447,1,command_p,reversal-j0-k52,reversal,0.515,0,joint_0,2,0.020000000000000018,0.0005409516793884347,0.1,0.1,0.05
paper-evidence-v1-locked-test::predicted_p,synthetic-feasible-v1,synthetic,rapid_reversal__test__018,test,150818,clean,predicted_p,447,1,command_p,stop-j0-k74,stop,0.74,0,joint_0,2,0.020000000000000018,0.0005570086882072088,0.1,0.1,0.05
paper-evidence-v1-locked-test::predicted_p,synthetic-feasible-v1,synthetic,rapid_reversal__test__018,test,150818,clean,predicted_p,447,1,command_p,stop-j0-k96,stop,0.96,0,joint_0,2,0.020000000000000018,0.0005605595982312027,0.1,0.1,0.05
paper-evidence-v1-locked-test::predicted_p,synthetic-feasible-v1,synthetic,rapid_reversal__test__018,test,150818,clean,predicted_p,447,1,command_p,stop-j0-k118,stop,1.18,0,joint_0,2,0.020000000000000018,0.0005742063182110682,0.1,0.1,0.05
paper-evidence-v1-locked-test::predicted_p,synthetic-feasible-v1,synthetic,rapid_reversal__test__018,test,150818,clean,predicted_p,447,1,command_p,stop-j0-k141,stop,1.41,0,joint_0,2,0.020000000000000018,0.0005428781913583839,0.1,0.1,0.05
paper-evidence-v1-locked-test::predicted_p,synthetic-feasible-v1,synthetic,rapid_reversal__test__018,test,150818,clean,predicted_p,447,1,command_p,stop-j0-k163,stop,1.6300000000000001,0,joint_0,2,0.020000000000000018,0.0005595253315826028,0.1,0.1,0.05
paper-evidence-v1-locked-test::predicted_p,synthetic-feasible-v1,synthetic,rapid_reversal__test__018,test,150818,clean,predicted_p,447,1,command_p,stop-j0-k185,stop,1.85,0,joint_0,2,0.020000000000000018,0.0005733539931318266,0.1,0.1,0.05
paper-evidence-v1-locked-test::predicted_p,synthetic-feasible-v1,synthetic,rapid_reversal__test__018,test,150818,clean,predicted_p,447,1,command_p,stop-j0-k208,stop,2.08,0,joint_0,2,0.020000000000000018,0.0005414817465528415,0.1,0.1,0.05
paper-evidence-v1-locked-test::predicted_p,synthetic-feasible-v1,synthetic,rapid_reversal__test__018,test,150818,clean,predicted_p,447,1,command_p,stop-j0-k230,stop,2.3000000000000003,0,joint_0,2,0.020000000000000018,0.0005140900731749005,0.1,0.1,0.05
paper-evidence-v1-locked-test::predicted_p,synthetic-feasible-v1,synthetic,rapid_reversal__test__018,test,150818,clean,predicted_p,447,1,command_p,stop-j0-k252,stop,2.52,0,joint_0,2,0.020000000000000018,0.0005724604448643384,0.1,0.1,0.05
paper-evidence-v1-locked-test::predicted_p,synthetic-feasible-v1,synthetic,rapid_reversal__test__018,test,150818,clean,predicted_p,447,1,command_p,stop-j0-k275,stop,2.75,0,joint_0,2,0.020000000000000018,0.0005400319009946044,0.1,0.1,0.05
paper-evidence-v1-locked-test::predicted_p,synthetic-feasible-v1,synthetic,rapid_reversal__test__018,test,150818,clean,predicted_p,447,1,command_p,stop-j0-k297,stop,2.97,0,joint_0,2,0.020000000000000018,0.0005124180964961491,0.1,0.1,0.05
paper-evidence-v1-locked-test::predicted_p,synthetic-feasible-v1,synthetic,rapid_reversal__test__018,test,150818,clean,predicted_p,447,1,command_p,stop-j0-k319,stop,3.19,0,joint_0,2,0.020000000000000018,0.0005715295176626336,0.1,0.1,0.05
paper-evidence-v1-locked-test::predicted_p,synthetic-feasible-v1,synthetic,rapid_reversal__test__018,test,150818,clean,predicted_p,447,1,command_p,stop-j0-k342,stop,3.42,0,joint_0,2,0.020000000000000018,0.0005385281899178478,0.1,0.1,0.05
paper-evidence-v1-locked-test::predicted_p,synthetic-feasible-v1,synthetic,rapid_reversal__test__018,test,150818,clean,predicted_p,447,1,command_p,stop-j0-k364,stop,3.64,0,joint_0,2,0.020000000000000018,0.0005563282698059398,0.1,0.1,0.05
paper-evidence-v1-locked-test::predicted_p,synthetic-feasible-v1,synthetic,rapid_reversal__test__018,test,150818,clean,predicted_p,447,1,command_p,stop-j0-k386,stop,3.86,0,joint_0,2,0.020000000000000018,0.0005705636062790391,0.1,0.1,0.05
paper-evidence-v1-locked-test::predicted_p,synthetic-feasible-v1,synthetic,rapid_reversal__test__018,test,150818,clean,predicted_p,447,1,command_p,stop-j0-k409,stop,4.09,0,joint_0,2,0.019999999999999574,0.0005369705574220466,0.1,0.1,0.05
paper-evidence-v1-locked-test::predicted_p,synthetic-feasible-v1,synthetic,rapid_reversal__test__018,test,150818,clean,predicted_p,447,1,command_p,stop-j0-k431,stop,4.3100000000000005,0,joint_0,2,0.020000000000000018,0.0005090300460333105,0.1,0.1,0.05
paper-evidence-v1-locked-test::predicted_p,synthetic-feasible-v1,synthetic,rapid_reversal__test__019,test,150819,clean,predicted_p,255,1,command_p,stop-j0-k36,stop,0.36,0,joint_0,4,0.03999999999999998,0.0012751727485167902,0.1,0.1,0.05
paper-evidence-v1-locked-test::predicted_p,synthetic-feasible-v1,synthetic,rapid_reversal__test__019,test,150819,clean,predicted_p,255,1,command_p,stop-j0-k73,stop,0.73,0,joint_0,4,0.040000000000000036,0.00124077940735592,0.1,0.1,0.05
paper-evidence-v1-locked-test::predicted_p,synthetic-feasible-v1,synthetic,rapid_reversal__test__019,test,150819,clean,predicted_p,255,1,command_p,stop-j0-k110,stop,1.1,0,joint_0,4,0.040000000000000036,0.0014194899332517466,0.1,0.1,0.05
paper-evidence-v1-locked-test::predicted_p,synthetic-feasible-v1,synthetic,rapid_reversal__test__019,test,150819,clean,predicted_p,255,1,command_p,reversal-j0-k112,reversal,1.105,0,joint_0,4,0.040000000000000036,0.001352544479176133,0.1,0.1,0.05
paper-evidence-v1-locked-test::predicted_p,synthetic-feasible-v1,synthetic,rapid_reversal__test__019,test,150819,clean,predicted_p,255,1,command_p,stop-j0-k147,stop,1.47,0,joint_0,4,0.040000000000000036,0.0013915298364018584,0.1,0.1,0.05
paper-evidence-v1-locked-test::predicted_p,synthetic-feasible-v1,synthetic,rapid_reversal__test__019,test,150819,clean,predicted_p,255,1,command_p,reversal-j0-k149,reversal,1.475,0,joint_0,4,0.040000000000000036,0.0013010242802735147,0.1,0.1,0.05
paper-evidence-v1-locked-test::predicted_p,synthetic-feasible-v1,synthetic,rapid_reversal__test__019,test,150819,clean,predicted_p,255,1,command_p,stop-j0-k185,stop,1.85,0,joint_0,4,0.040000000000000036,0.0014830694515908331,0.1,0.1,0.05
paper-evidence-v1-locked-test::predicted_p,synthetic-feasible-v1,synthetic,rapid_reversal__test__019,test,150819,clean,predicted_p,255,1,command_p,stop-j0-k222,stop,2.22,0,joint_0,4,0.040000000000000036,0.001386415319227935,0.1,0.1,0.05
paper-evidence-v1-locked-test::predicted_p,synthetic-feasible-v1,synthetic,rapid_reversal__test__019,test,150819,clean,predicted_p,255,1,command_p,reversal-j0-k224,reversal,2.225,0,joint_0,4,0.040000000000000036,0.001386415319227935,0.1,0.1,0.05
paper-evidence-v1-locked-test::predicted_p,synthetic-feasible-v1,synthetic,rapid_reversal__test__020,test,150820,clean,predicted_p,380,1,command_p,stop-j0-k24,stop,0.24,0,joint_0,3,0.03,0.0012854196056316667,0.1,0.1,0.05
paper-evidence-v1-locked-test::predicted_p,synthetic-feasible-v1,synthetic,rapid_reversal__test__020,test,150820,clean,predicted_p,380,1,command_p,stop-j0-k46,stop,0.46,0,joint_0,3,0.030000000000000027,0.0014401971312032697,0.1,0.1,0.05
paper-evidence-v1-locked-test::predicted_p,synthetic-feasible-v1,synthetic,rapid_reversal__test__020,test,150820,clean,predicted_p,380,1,command_p,stop-j0-k67,stop,0.67,0,joint_0,3,0.030000000000000027,0.0014142175442603867,0.1,0.1,0.05
paper-evidence-v1-locked-test::predicted_p,synthetic-feasible-v1,synthetic,rapid_reversal__test__020,test,150820,clean,predicted_p,380,1,command_p,stop-j0-k88,stop,0.88,0,joint_0,3,0.030000000000000027,0.0013843044244318998,0.1,0.1,0.05
paper-evidence-v1-locked-test::predicted_p,synthetic-feasible-v1,synthetic,rapid_reversal__test__020,test,150820,clean,predicted_p,380,1,command_p,reversal-j0-k110,reversal,1.0950000000000002,0,joint_0,3,0.030000000000000027,0.0013888962116383053,0.1,0.1,0.05
paper-evidence-v1-locked-test::predicted_p,synthetic-feasible-v1,synthetic,rapid_reversal__test__020,test,150820,clean,predicted_p,380,1,command_p,stop-j0-k131,stop,1.31,0,joint_0,3,0.030000000000000027,0.001424379856079809,0.1,0.1,0.05
paper-evidence-v1-locked-test::predicted_p,synthetic-feasible-v1,synthetic,rapid_reversal__test__020,test,150820,clean,predicted_p,380,1,command_p,stop-j0-k152,stop,1.52,0,joint_0,3,0.030000000000000027,0.0013955074282092595,0.1,0.1,0.05
paper-evidence-v1-locked-test::predicted_p,synthetic-feasible-v1,synthetic,rapid_reversal__test__020,test,150820,clean,predicted_p,380,1,command_p,reversal-j0-k174,reversal,1.7349999999999999,0,joint_0,3,0.030000000000000027,0.0014003827988568807,0.1,0.1,0.05
paper-evidence-v1-locked-test::predicted_p,synthetic-feasible-v1,synthetic,rapid_reversal__test__020,test,150820,clean,predicted_p,380,1,command_p,stop-j0-k195,stop,1.95,0,joint_0,3,0.030000000000000027,0.001433758074176824,0.1,0.1,0.05
paper-evidence-v1-locked-test::predicted_p,synthetic-feasible-v1,synthetic,rapid_reversal__test__020,test,150820,clean,predicted_p,380,1,command_p,stop-j0-k216,stop,2.16,0,joint_0,3,0.029999999999999805,0.0014376334683782175,0.1,0.1,0.05
paper-evidence-v1-locked-test::predicted_p,synthetic-feasible-v1,synthetic,rapid_reversal__test__020,test,150820,clean,predicted_p,380,1,command_p,stop-j0-k237,stop,2.37,0,joint_0,3,0.029999999999999805,0.0013759486664992487,0.1,0.1,0.05
paper-evidence-v1-locked-test::predicted_p,synthetic-feasible-v1,synthetic,rapid_reversal__test__020,test,150820,clean,predicted_p,380,1,command_p,stop-j0-k259,stop,2.59,0,joint_0,3,0.029999999999999805,0.0014431218796520933,0.1,0.1,0.05
paper-evidence-v1-locked-test::predicted_p,synthetic-feasible-v1,synthetic,rapid_reversal__test__020,test,150820,clean,predicted_p,380,1,command_p,stop-j0-k280,stop,2.8000000000000003,0,joint_0,3,0.029999999999999805,0.0014462913439518346,0.1,0.1,0.05
paper-evidence-v1-locked-test::predicted_p,synthetic-feasible-v1,synthetic,rapid_reversal__test__020,test,150820,clean,predicted_p,380,1,command_p,stop-j0-k301,stop,3.0100000000000002,0,joint_0,3,0.029999999999999805,0.001421720074929599,0.1,0.1,0.05
paper-evidence-v1-locked-test::predicted_p,synthetic-feasible-v1,synthetic,rapid_reversal__test__020,test,150820,clean,predicted_p,380,1,command_p,reversal-j0-k323,reversal,3.225,0,joint_0,3,0.029999999999999805,0.0013919429847513282,0.1,0.1,0.05
paper-evidence-v1-locked-test::predicted_p,synthetic-feasible-v1,synthetic,rapid_reversal__test__020,test,150820,clean,predicted_p,380,1,command_p,stop-j0-k344,stop,3.44,0,joint_0,3,0.030000000000000027,0.0014267769061367351,0.1,0.1,0.05
paper-evidence-v1-locked-test::predicted_p,synthetic-feasible-v1,synthetic,rapid_reversal__test__020,test,150820,clean,predicted_p,380,1,command_p,stop-j0-k365,stop,3.65,0,joint_0,3,0.029999999999999805,0.0013981989230611488,0.1,0.1,0.05
paper-evidence-v1-locked-test::predicted_p,synthetic-feasible-v1,synthetic,stop_and_go__test__001,test,140801,clean,predicted_p,422,1,command_p,stop-j0-k111,stop,1.11,0,joint_0,1,0.010000000000000009,1.986999505335642e-05,0.1,0.1,0.05
paper-evidence-v1-locked-test::predicted_p,synthetic-feasible-v1,synthetic,stop_and_go__test__001,test,140801,clean,predicted_p,422,1,command_p,reversal-j0-k188,reversal,1.4900000000000002,0,joint_0,0,0.0,1.3877787807814457e-16,0.1,0.1,0.05
paper-evidence-v1-locked-test::predicted_p,synthetic-feasible-v1,synthetic,stop_and_go__test__001,test,140801,clean,predicted_p,422,1,command_p,stop-j0-k289,stop,2.89,0,joint_0,1,0.009999999999999787,4.444144183950893e-05,0.1,0.1,0.05
paper-evidence-v1-locked-test::predicted_p,synthetic-feasible-v1,synthetic,stop_and_go__test__001,test,140801,clean,predicted_p,422,1,command_p,reversal-j0-k351,reversal,3.1950000000000003,0,joint_0,0,0.0,5.551115123125783e-17,0.1,0.1,0.05
paper-evidence-v1-locked-test::predicted_p,synthetic-feasible-v1,synthetic,stop_and_go__test__002,test,140802,clean,predicted_p,279,1,command_p,stop-j0-k73,stop,0.73,0,joint_0,2,0.020000000000000018,0.00018687531344742595,0.1,0.1,0.05
paper-evidence-v1-locked-test::predicted_p,synthetic-feasible-v1,synthetic,stop_and_go__test__002,test,140802,clean,predicted_p,279,1,command_p,reversal-j0-k124,reversal,0.98,0,joint_0,0,0.0,1.3877787807814457e-16,0.1,0.1,0.05
paper-evidence-v1-locked-test::predicted_p,synthetic-feasible-v1,synthetic,stop_and_go__test__002,test,140802,clean,predicted_p,279,1,command_p,stop-j0-k191,stop,1.9100000000000001,0,joint_0,3,0.030000000000000027,0.00043602919969590965,0.1,0.1,0.05
paper-evidence-v1-locked-test::predicted_p,synthetic-feasible-v1,synthetic,stop_and_go__test__002,test,140802,clean,predicted_p,279,1,command_p,reversal-j0-k232,reversal,2.11,0,joint_0,0,0.0,5.551115123125783e-17,0.1,0.1,0.05
paper-evidence-v1-locked-test::predicted_p,synthetic-feasible-v1,synthetic,stop_and_go__test__003,test,140803,clean,predicted_p,337,1,command_p,stop-j0-k88,stop,0.88,0,joint_0,3,0.030000000000000027,0.0005055670008810917,0.1,0.1,0.05
paper-evidence-v1-locked-test::predicted_p,synthetic-feasible-v1,synthetic,stop_and_go__test__003,test,140803,clean,predicted_p,337,1,command_p,reversal-j0-k150,reversal,1.185,0,joint_0,0,0.0,6.076250613773482e-13,0.1,0.1,0.05
paper-evidence-v1-locked-test::predicted_p,synthetic-feasible-v1,synthetic,stop_and_go__test__003,test,140803,clean,predicted_p,337,1,command_p,stop-j0-k231,stop,2.31,0,joint_0,5,0.04999999999999982,0.0008309066329695583,0.1,0.1,0.05
paper-evidence-v1-locked-test::predicted_p,synthetic-feasible-v1,synthetic,stop_and_go__test__003,test,140803,clean,predicted_p,337,1,command_p,reversal-j0-k280,reversal,2.5500000000000003,0,joint_0,0,0.0,1.1102230246251565e-16,0.1,0.1,0.05
paper-evidence-v1-locked-test::predicted_p,synthetic-feasible-v1,synthetic,stop_and_go__test__004,test,140804,clean,predicted_p,269,1,command_p,stop-j0-k71,stop,0.71,0,joint_0,4,0.040000000000000036,0.0007966166307195217,0.1,0.1,0.05
paper-evidence-v1-locked-test::predicted_p,synthetic-feasible-v1,synthetic,stop_and_go__test__004,test,140804,clean,predicted_p,269,1,command_p,reversal-j0-k120,reversal,0.95,0,joint_0,0,0.0,2.220446049250313e-16,0.1,0.1,0.05
paper-evidence-v1-locked-test::predicted_p,synthetic-feasible-v1,synthetic,stop_and_go__test__004,test,140804,clean,predicted_p,269,1,command_p,stop-j0-k184,stop,1.84,0,joint_0,5,0.050000000000000044,0.003336622142367753,0.1,0.1,0.05
paper-evidence-v1-locked-test::predicted_p,synthetic-feasible-v1,synthetic,stop_and_go__test__004,test,140804,clean,predicted_p,269,1,command_p,reversal-j0-k224,reversal,2.035,0,joint_0,0,0.0,8.326672684688674e-17,0.1,0.1,0.05
paper-evidence-v1-locked-test::predicted_p,synthetic-feasible-v1,synthetic,stop_and_go__test__005,test,140805,clean,predicted_p,357,1,command_p,stop-j0-k94,stop,0.9400000000000001,0,joint_0,1,0.010000000000000009,2.2229661613593704e-05,0.1,0.1,0.05
paper-evidence-v1-locked-test::predicted_p,synthetic-feasible-v1,synthetic,stop_and_go__test__005,test,140805,clean,predicted_p,357,1,command_p,reversal-j0-k159,reversal,1.26,0,joint_0,0,0.0,1.249000902703301e-16,0.1,0.1,0.05
paper-evidence-v1-locked-test::predicted_p,synthetic-feasible-v1,synthetic,stop_and_go__test__005,test,140805,clean,predicted_p,357,1,command_p,stop-j0-k244,stop,2.44,0,joint_0,1,0.010000000000000009,6.234129629445575e-05,0.1,0.1,0.05
paper-evidence-v1-locked-test::predicted_p,synthetic-feasible-v1,synthetic,stop_and_go__test__005,test,140805,clean,predicted_p,357,1,command_p,reversal-j0-k296,reversal,2.6950000000000003,0,joint_0,0,0.0,4.163336342344337e-17,0.1,0.1,0.05
paper-evidence-v1-locked-test::predicted_p,synthetic-feasible-v1,synthetic,stop_and_go__test__006,test,140806,clean,predicted_p,419,1,command_p,stop-j0-k110,stop,1.1,0,joint_0,2,0.020000000000000018,0.00021274769845733987,0.1,0.1,0.05
paper-evidence-v1-locked-test::predicted_p,synthetic-feasible-v1,synthetic,stop_and_go__test__006,test,140806,clean,predicted_p,419,1,command_p,reversal-j0-k187,reversal,1.48,0,joint_0,0,0.0,1.7015833186917462e-12,0.1,0.1,0.05
paper-evidence-v1-locked-test::predicted_p,synthetic-feasible-v1,synthetic,stop_and_go__test__006,test,140806,clean,predicted_p,419,1,command_p,stop-j0-k287,stop,2.87,0,joint_0,2,0.020000000000000018,0.00038263815885645493,0.1,0.1,0.05
paper-evidence-v1-locked-test::predicted_p,synthetic-feasible-v1,synthetic,stop_and_go__test__006,test,140806,clean,predicted_p,419,1,command_p,reversal-j0-k348,reversal,3.17,0,joint_0,0,0.0,5.551115123125783e-17,0.1,0.1,0.05
paper-evidence-v1-locked-test::predicted_p,synthetic-feasible-v1,synthetic,stop_and_go__test__007,test,140807,clean,predicted_p,424,1,command_p,stop-j0-k111,stop,1.11,0,joint_0,2,0.020000000000000018,0.0005357422333749143,0.1,0.1,0.05
paper-evidence-v1-locked-test::predicted_p,synthetic-feasible-v1,synthetic,stop_and_go__test__007,test,140807,clean,predicted_p,424,1,command_p,reversal-j0-k189,reversal,1.495,0,joint_0,0,0.0,7.771561172376096e-16,0.1,0.1,0.05
paper-evidence-v1-locked-test::predicted_p,synthetic-feasible-v1,synthetic,stop_and_go__test__007,test,140807,clean,predicted_p,424,1,command_p,stop-j0-k291,stop,2.91,0,joint_0,5,0.04999999999999982,0.0008650081639832774,0.1,0.1,0.05
paper-evidence-v1-locked-test::predicted_p,synthetic-feasible-v1,synthetic,stop_and_go__test__007,test,140807,clean,predicted_p,424,1,command_p,reversal-j0-k353,reversal,3.215,0,joint_0,0,0.0,2.220446049250313e-16,0.1,0.1,0.05
paper-evidence-v1-locked-test::predicted_p,synthetic-feasible-v1,synthetic,stop_and_go__test__008,test,140808,clean,predicted_p,305,1,command_p,stop-j0-k80,stop,0.8,0,joint_0,4,0.040000000000000036,0.0007793650989879089,0.1,0.1,0.05
paper-evidence-v1-locked-test::predicted_p,synthetic-feasible-v1,synthetic,stop_and_go__test__008,test,140808,clean,predicted_p,305,1,command_p,reversal-j0-k136,reversal,1.0750000000000002,0,joint_0,0,0.0,2.7755575615628914e-16,0.1,0.1,0.05
paper-evidence-v1-locked-test::predicted_p,synthetic-feasible-v1,synthetic,stop_and_go__test__008,test,140808,clean,predicted_p,305,1,command_p,stop-j0-k209,stop,2.09,0,joint_0,5,0.04999999999999982,0.0034190118812969243,0.1,0.1,0.05
paper-evidence-v1-locked-test::predicted_p,synthetic-feasible-v1,synthetic,stop_and_go__test__008,test,140808,clean,predicted_p,305,1,command_p,reversal-j0-k253,reversal,2.305,0,joint_0,0,0.0,8.612555113529652e-14,0.1,0.1,0.05
paper-evidence-v1-locked-test::predicted_p,synthetic-feasible-v1,synthetic,stop_and_go__test__009,test,140809,clean,predicted_p,443,1,command_p,stop-j0-k116,stop,1.16,0,joint_0,1,0.010000000000000009,2.4070106421207982e-05,0.1,0.1,0.05
paper-evidence-v1-locked-test::predicted_p,synthetic-feasible-v1,synthetic,stop_and_go__test__009,test,140809,clean,predicted_p,443,1,command_p,reversal-j0-k198,reversal,1.565,0,joint_0,0,0.0,6.38378239159465e-16,0.1,0.1,0.05
paper-evidence-v1-locked-test::predicted_p,synthetic-feasible-v1,synthetic,stop_and_go__test__009,test,140809,clean,predicted_p,443,1,command_p,stop-j0-k304,stop,3.04,0,joint_0,1,0.009999999999999787,3.852021195920186e-05,0.1,0.1,0.05
paper-evidence-v1-locked-test::predicted_p,synthetic-feasible-v1,synthetic,stop_and_go__test__009,test,140809,clean,predicted_p,443,1,command_p,reversal-j0-k369,reversal,3.3600000000000003,0,joint_0,0,0.0,3.606837051250977e-14,0.1,0.1,0.05
paper-evidence-v1-locked-test::predicted_p,synthetic-feasible-v1,synthetic,stop_and_go__test__010,test,140810,clean,predicted_p,408,1,command_p,stop-j0-k107,stop,1.07,0,joint_0,1,0.010000000000000009,0.00017145646880760887,0.1,0.1,0.05
paper-evidence-v1-locked-test::predicted_p,synthetic-feasible-v1,synthetic,stop_and_go__test__010,test,140810,clean,predicted_p,408,1,command_p,reversal-j0-k182,reversal,1.44,0,joint_0,0,0.0,2.1582735598713043e-13,0.1,0.1,0.05
paper-evidence-v1-locked-test::predicted_p,synthetic-feasible-v1,synthetic,stop_and_go__test__010,test,140810,clean,predicted_p,408,1,command_p,stop-j0-k279,stop,2.79,0,joint_0,3,0.029999999999999805,0.0005096588738826734,0.1,0.1,0.05
paper-evidence-v1-locked-test::predicted_p,synthetic-feasible-v1,synthetic,stop_and_go__test__010,test,140810,clean,predicted_p,408,1,command_p,reversal-j0-k339,reversal,3.085,0,joint_0,0,0.0,8.326672684688674e-17,0.1,0.1,0.05
paper-evidence-v1-locked-test::predicted_p,synthetic-feasible-v1,synthetic,stop_and_go__test__011,test,140811,clean,predicted_p,281,1,command_p,stop-j0-k74,stop,0.74,0,joint_0,3,0.030000000000000027,0.0004848771885939805,0.1,0.1,0.05
paper-evidence-v1-locked-test::predicted_p,synthetic-feasible-v1,synthetic,stop_and_go__test__011,test,140811,clean,predicted_p,281,1,command_p,reversal-j0-k125,reversal,0.99,0,joint_0,0,0.0,1.1102230246251565e-16,0.1,0.1,0.05
paper-evidence-v1-locked-test::predicted_p,synthetic-feasible-v1,synthetic,stop_and_go__test__011,test,140811,clean,predicted_p,281,1,command_p,stop-j0-k192,stop,1.92,0,joint_0,5,0.050000000000000044,0.0009165948305284436,0.1,0.1,0.05
paper-evidence-v1-locked-test::predicted_p,synthetic-feasible-v1,synthetic,stop_and_go__test__011,test,140811,clean,predicted_p,281,1,command_p,reversal-j0-k234,reversal,2.125,0,joint_0,0,0.0,6.938893903907228e-17,0.1,0.1,0.05
paper-evidence-v1-locked-test::predicted_p,synthetic-feasible-v1,synthetic,stop_and_go__test__012,test,140812,clean,predicted_p,270,1,command_p,stop-j0-k71,stop,0.71,0,joint_0,4,0.040000000000000036,0.0007982867756589612,0.1,0.1,0.05
paper-evidence-v1-locked-test::predicted_p,synthetic-feasible-v1,synthetic,stop_and_go__test__012,test,140812,clean,predicted_p,270,1,command_p,reversal-j0-k121,reversal,0.9550000000000001,0,joint_0,0,0.0,1.1102230246251565e-16,0.1,0.1,0.05
paper-evidence-v1-locked-test::predicted_p,synthetic-feasible-v1,synthetic,stop_and_go__test__012,test,140812,clean,predicted_p,270,1,command_p,stop-j0-k185,stop,1.85,0,joint_0,5,0.050000000000000044,0.003175146053110835,0.1,0.1,0.05
paper-evidence-v1-locked-test::predicted_p,synthetic-feasible-v1,synthetic,stop_and_go__test__012,test,140812,clean,predicted_p,270,1,command_p,reversal-j0-k225,reversal,2.045,0,joint_0,0,0.0,1.3877787807814457e-16,0.1,0.1,0.05
paper-evidence-v1-locked-test::predicted_p,synthetic-feasible-v1,synthetic,stop_and_go__test__013,test,140813,clean,predicted_p,318,1,command_p,stop-j0-k84,stop,0.84,0,joint_0,1,0.010000000000000009,2.459074661485634e-05,0.1,0.1,0.05
paper-evidence-v1-locked-test::predicted_p,synthetic-feasible-v1,synthetic,stop_and_go__test__013,test,140813,clean,predicted_p,318,1,command_p,reversal-j0-k142,reversal,1.125,0,joint_0,0,0.0,6.938893903907228e-17,0.1,0.1,0.05
paper-evidence-v1-locked-test::predicted_p,synthetic-feasible-v1,synthetic,stop_and_go__test__013,test,140813,clean,predicted_p,318,1,command_p,stop-j0-k218,stop,2.18,0,joint_0,1,0.009999999999999787,4.030867606285026e-05,0.1,0.1,0.05
paper-evidence-v1-locked-test::predicted_p,synthetic-feasible-v1,synthetic,stop_and_go__test__013,test,140813,clean,predicted_p,318,1,command_p,reversal-j0-k264,reversal,2.4050000000000002,0,joint_0,0,0.0,2.0816681711721685e-17,0.1,0.1,0.05
paper-evidence-v1-locked-test::predicted_p,synthetic-feasible-v1,synthetic,stop_and_go__test__014,test,140814,clean,predicted_p,428,1,command_p,stop-j0-k112,stop,1.12,0,joint_0,2,0.020000000000000018,0.00021589328548462806,0.1,0.1,0.05
paper-evidence-v1-locked-test::predicted_p,synthetic-feasible-v1,synthetic,stop_and_go__test__014,test,140814,clean,predicted_p,428,1,command_p,reversal-j0-k191,reversal,1.5100000000000002,0,joint_0,0,0.0,2.7755575615628914e-16,0.1,0.1,0.05
paper-evidence-v1-locked-test::predicted_p,synthetic-feasible-v1,synthetic,stop_and_go__test__014,test,140814,clean,predicted_p,428,1,command_p,stop-j0-k293,stop,2.93,0,joint_0,2,0.020000000000000018,0.00019611140963069198,0.1,0.1,0.05
paper-evidence-v1-locked-test::predicted_p,synthetic-feasible-v1,synthetic,stop_and_go__test__014,test,140814,clean,predicted_p,428,1,command_p,reversal-j0-k355,reversal,3.2350000000000003,0,joint_0,0,0.0,1.304512053934559e-15,0.1,0.1,0.05
paper-evidence-v1-locked-test::predicted_p,synthetic-feasible-v1,synthetic,stop_and_go__test__015,test,140815,clean,predicted_p,319,1,command_p,stop-j0-k84,stop,0.84,0,joint_0,3,0.030000000000000027,0.0005066164692154095,0.1,0.1,0.05
paper-evidence-v1-locked-test::predicted_p,synthetic-feasible-v1,synthetic,stop_and_go__test__015,test,140815,clean,predicted_p,319,1,command_p,reversal-j0-k142,reversal,1.125,0,joint_0,0,0.0,3.3306690738754696e-16,0.1,0.1,0.05
paper-evidence-v1-locked-test::predicted_p,synthetic-feasible-v1,synthetic,stop_and_go__test__015,test,140815,clean,predicted_p,319,1,command_p,stop-j0-k219,stop,2.19,0,joint_0,5,0.050000000000000044,0.0008322567752719978,0.1,0.1,0.05
paper-evidence-v1-locked-test::predicted_p,synthetic-feasible-v1,synthetic,stop_and_go__test__015,test,140815,clean,predicted_p,319,1,command_p,reversal-j0-k265,reversal,2.415,0,joint_0,0,0.0,8.326672684688674e-17,0.1,0.1,0.05
paper-evidence-v1-locked-test::predicted_p,synthetic-feasible-v1,synthetic,stop_and_go__test__016,test,140816,clean,predicted_p,297,1,command_p,stop-j0-k78,stop,0.78,0,joint_0,4,0.040000000000000036,0.0007749472936385479,0.1,0.1,0.05
paper-evidence-v1-locked-test::predicted_p,synthetic-feasible-v1,synthetic,stop_and_go__test__016,test,140816,clean,predicted_p,297,1,command_p,reversal-j0-k132,reversal,1.045,0,joint_0,0,0.0,2.7755575615628914e-16,0.1,0.1,0.05
paper-evidence-v1-locked-test::predicted_p,synthetic-feasible-v1,synthetic,stop_and_go__test__016,test,140816,clean,predicted_p,297,1,command_p,stop-j0-k203,stop,2.0300000000000002,0,joint_0,5,0.04999999999999982,0.0026233026934975225,0.1,0.1,0.05
paper-evidence-v1-locked-test::predicted_p,synthetic-feasible-v1,synthetic,stop_and_go__test__016,test,140816,clean,predicted_p,297,1,command_p,reversal-j0-k246,reversal,2.24,0,joint_0,0,0.0,5.551115123125783e-17,0.1,0.1,0.05
paper-evidence-v1-locked-test::predicted_p,synthetic-feasible-v1,synthetic,stop_and_go__test__017,test,140817,clean,predicted_p,326,1,command_p,stop-j0-k86,stop,0.86,0,joint_0,1,0.010000000000000009,2.5815095363989186e-05,0.1,0.1,0.05
paper-evidence-v1-locked-test::predicted_p,synthetic-feasible-v1,synthetic,stop_and_go__test__017,test,140817,clean,predicted_p,326,1,command_p,reversal-j0-k146,reversal,1.155,0,joint_0,0,0.0,1.3570256029993288e-12,0.1,0.1,0.05
paper-evidence-v1-locked-test::predicted_p,synthetic-feasible-v1,synthetic,stop_and_go__test__017,test,140817,clean,predicted_p,326,1,command_p,stop-j0-k224,stop,2.24,0,joint_0,1,0.009999999999999787,3.4238535353840766e-05,0.1,0.1,0.05
paper-evidence-v1-locked-test::predicted_p,synthetic-feasible-v1,synthetic,stop_and_go__test__017,test,140817,clean,predicted_p,326,1,command_p,reversal-j0-k271,reversal,2.4699999999999998,0,joint_0,0,0.0,2.2025437029782324e-13,0.1,0.1,0.05
paper-evidence-v1-locked-test::predicted_p,synthetic-feasible-v1,synthetic,stop_and_go__test__018,test,140818,clean,predicted_p,428,1,command_p,stop-j0-k112,stop,1.12,0,joint_0,2,0.020000000000000018,0.00021727440892017904,0.1,0.1,0.05
paper-evidence-v1-locked-test::predicted_p,synthetic-feasible-v1,synthetic,stop_and_go__test__018,test,140818,clean,predicted_p,428,1,command_p,reversal-j0-k191,reversal,1.5100000000000002,0,joint_0,0,0.0,2.220446049250313e-16,0.1,0.1,0.05
paper-evidence-v1-locked-test::predicted_p,synthetic-feasible-v1,synthetic,stop_and_go__test__018,test,140818,clean,predicted_p,428,1,command_p,stop-j0-k293,stop,2.93,0,joint_0,2,0.020000000000000018,0.0002571778475894487,0.1,0.1,0.05
paper-evidence-v1-locked-test::predicted_p,synthetic-feasible-v1,synthetic,stop_and_go__test__018,test,140818,clean,predicted_p,428,1,command_p,reversal-j0-k356,reversal,3.24,0,joint_0,0,0.0,1.3877787807814457e-16,0.1,0.1,0.05
paper-evidence-v1-locked-test::predicted_p,synthetic-feasible-v1,synthetic,stop_and_go__test__019,test,140819,clean,predicted_p,289,1,command_p,stop-j0-k76,stop,0.76,0,joint_0,3,0.030000000000000027,0.00047575514622352663,0.1,0.1,0.05
paper-evidence-v1-locked-test::predicted_p,synthetic-feasible-v1,synthetic,stop_and_go__test__019,test,140819,clean,predicted_p,289,1,command_p,reversal-j0-k129,reversal,1.02,0,joint_0,0,0.0,1.6653345369377348e-16,0.1,0.1,0.05
paper-evidence-v1-locked-test::predicted_p,synthetic-feasible-v1,synthetic,stop_and_go__test__019,test,140819,clean,predicted_p,289,1,command_p,stop-j0-k198,stop,1.98,0,joint_0,5,0.04999999999999982,0.000864384574895138,0.1,0.1,0.05
paper-evidence-v1-locked-test::predicted_p,synthetic-feasible-v1,synthetic,stop_and_go__test__019,test,140819,clean,predicted_p,289,1,command_p,reversal-j0-k240,reversal,2.185,0,joint_0,0,0.0,6.938893903907228e-17,0.1,0.1,0.05
paper-evidence-v1-locked-test::predicted_p,synthetic-feasible-v1,synthetic,stop_and_go__test__020,test,140820,clean,predicted_p,257,1,command_p,stop-j0-k68,stop,0.68,0,joint_0,4,0.040000000000000036,0.0007754926826618656,0.1,0.1,0.05
paper-evidence-v1-locked-test::predicted_p,synthetic-feasible-v1,synthetic,stop_and_go__test__020,test,140820,clean,predicted_p,257,1,command_p,reversal-j0-k115,reversal,0.9100000000000001,0,joint_0,0,0.0,1.1102230246251565e-16,0.1,0.1,0.05
paper-evidence-v1-locked-test::predicted_p,synthetic-feasible-v1,synthetic,stop_and_go__test__020,test,140820,clean,predicted_p,257,1,command_p,stop-j0-k176,stop,1.76,0,joint_0,5,0.050000000000000044,0.002871159627420185,0.1,0.1,0.05
paper-evidence-v1-locked-test::predicted_p,synthetic-feasible-v1,synthetic,stop_and_go__test__020,test,140820,clean,predicted_p,257,1,command_p,reversal-j0-k214,reversal,1.945,0,joint_0,0,0.0,8.326672684688674e-17,0.1,0.1,0.05
paper-evidence-v1-locked-test::raw_predicted_pv,synthetic-feasible-v1,synthetic,rapid_reversal__test__001,test,150801,clean,raw_predicted_pv,334,1,command_p,reversal-j0-k16,reversal,0.155,0,joint_0,1,0.010000000000000009,1.5893710050897427e-07,0.1,0.1,0.05
paper-evidence-v1-locked-test::raw_predicted_pv,synthetic-feasible-v1,synthetic,rapid_reversal__test__001,test,150801,clean,raw_predicted_pv,334,1,command_p,stop-j0-k38,stop,0.38,0,joint_0,1,0.010000000000000009,1.5332449144530257e-07,0.1,0.1,0.05
paper-evidence-v1-locked-test::raw_predicted_pv,synthetic-feasible-v1,synthetic,rapid_reversal__test__001,test,150801,clean,raw_predicted_pv,334,1,command_p,stop-j0-k61,stop,0.61,0,joint_0,1,0.010000000000000009,1.5514150201117813e-07,0.1,0.1,0.05
paper-evidence-v1-locked-test::raw_predicted_pv,synthetic-feasible-v1,synthetic,rapid_reversal__test__001,test,150801,clean,raw_predicted_pv,334,1,command_p,stop-j0-k84,stop,0.84,0,joint_0,1,0.010000000000000009,1.5742742230473127e-07,0.1,0.1,0.05
paper-evidence-v1-locked-test::raw_predicted_pv,synthetic-feasible-v1,synthetic,rapid_reversal__test__001,test,150801,clean,raw_predicted_pv,334,1,command_p,stop-j0-k106,stop,1.06,0,joint_0,1,0.010000000000000009,1.5766244506102113e-07,0.1,0.1,0.05
paper-evidence-v1-locked-test::raw_predicted_pv,synthetic-feasible-v1,synthetic,rapid_reversal__test__001,test,150801,clean,raw_predicted_pv,334,1,command_p,stop-j0-k129,stop,1.29,0,joint_0,1,0.010000000000000009,1.5964300033931104e-07,0.1,0.1,0.05
paper-evidence-v1-locked-test::raw_predicted_pv,synthetic-feasible-v1,synthetic,rapid_reversal__test__001,test,150801,clean,raw_predicted_pv,334,1,command_p,stop-j0-k152,stop,1.52,0,joint_0,1,0.010000000000000009,1.6188955133847907e-07,0.1,0.1,0.05
paper-evidence-v1-locked-test::raw_predicted_pv,synthetic-feasible-v1,synthetic,rapid_reversal__test__001,test,150801,clean,raw_predicted_pv,334,1,command_p,stop-j0-k175,stop,1.75,0,joint_0,1,0.010000000000000009,1.642802125381715e-07,0.1,0.1,0.05
paper-evidence-v1-locked-test::raw_predicted_pv,synthetic-feasible-v1,synthetic,rapid_reversal__test__001,test,150801,clean,raw_predicted_pv,334,1,command_p,stop-j0-k197,stop,1.97,0,joint_0,1,0.010000000000000009,1.584389244521873e-07,0.1,0.1,0.05
paper-evidence-v1-locked-test::raw_predicted_pv,synthetic-feasible-v1,synthetic,rapid_reversal__test__001,test,150801,clean,raw_predicted_pv,334,1,command_p,stop-j0-k220,stop,2.2,0,joint_0,1,0.009999999999999787,1.640499110480099e-07,0.1,0.1,0.05
paper-evidence-v1-locked-test::raw_predicted_pv,synthetic-feasible-v1,synthetic,rapid_reversal__test__001,test,150801,clean,raw_predicted_pv,334,1,command_p,stop-j0-k243,stop,2.43,0,joint_0,1,0.009999999999999787,1.668844890474629e-07,0.1,0.1,0.05
paper-evidence-v1-locked-test::raw_predicted_pv,synthetic-feasible-v1,synthetic,rapid_reversal__test__001,test,150801,clean,raw_predicted_pv,334,1,command_p,stop-j0-k265,stop,2.65,0,joint_0,1,0.010000000000000009,1.5734984248194692e-07,0.1,0.1,0.05
paper-evidence-v1-locked-test::raw_predicted_pv,synthetic-feasible-v1,synthetic,rapid_reversal__test__001,test,150801,clean,raw_predicted_pv,334,1,command_p,stop-j0-k288,stop,2.88,0,joint_0,1,0.010000000000000009,1.5927499368558013e-07,0.1,0.1,0.05
paper-evidence-v1-locked-test::raw_predicted_pv,synthetic-feasible-v1,synthetic,rapid_reversal__test__001,test,150801,clean,raw_predicted_pv,334,1,command_p,stop-j0-k311,stop,3.11,0,joint_0,1,0.010000000000000009,1.614858446504802e-07,0.1,0.1,0.05
paper-evidence-v1-locked-test::raw_predicted_pv,synthetic-feasible-v1,synthetic,rapid_reversal__test__002,test,150802,clean,raw_predicted_pv,440,1,command_p,stop-j0-k24,stop,0.24,0,joint_0,1,0.010000000000000009,3.38967256526319e-07,0.1,0.1,0.05
paper-evidence-v1-locked-test::raw_predicted_pv,synthetic-feasible-v1,synthetic,rapid_reversal__test__002,test,150802,clean,raw_predicted_pv,440,1,command_p,stop-j0-k48,stop,0.48,0,joint_0,1,0.010000000000000009,3.2753751929431847e-07,0.1,0.1,0.05
paper-evidence-v1-locked-test::raw_predicted_pv,synthetic-feasible-v1,synthetic,rapid_reversal__test__002,test,150802,clean,raw_predicted_pv,440,1,command_p,stop-j0-k73,stop,0.73,0,joint_0,1,0.010000000000000009,3.3161390441177825e-07,0.1,0.1,0.05
paper-evidence-v1-locked-test::raw_predicted_pv,synthetic-feasible-v1,synthetic,rapid_reversal__test__002,test,150802,clean,raw_predicted_pv,440,1,command_p,stop-j0-k98,stop,0.98,0,joint_0,1,0.010000000000000009,3.467652482127285e-07,0.1,0.1,0.05
paper-evidence-v1-locked-test::raw_predicted_pv,synthetic-feasible-v1,synthetic,rapid_reversal__test__002,test,150802,clean,raw_predicted_pv,440,1,command_p,stop-j0-k122,stop,1.22,0,joint_0,1,0.010000000000000009,3.3279971304221166e-07,0.1,0.1,0.05
paper-evidence-v1-locked-test::raw_predicted_pv,synthetic-feasible-v1,synthetic,rapid_reversal__test__002,test,150802,clean,raw_predicted_pv,440,1,command_p,stop-j0-k147,stop,1.47,0,joint_0,1,0.010000000000000009,3.3807809290962655e-07,0.1,0.1,0.05
paper-evidence-v1-locked-test::raw_predicted_pv,synthetic-feasible-v1,synthetic,rapid_reversal__test__002,test,150802,clean,raw_predicted_pv,440,1,command_p,stop-j0-k172,stop,1.72,0,joint_0,1,0.010000000000000009,3.4373742762921897e-07,0.1,0.1,0.05
paper-evidence-v1-locked-test::raw_predicted_pv,synthetic-feasible-v1,synthetic,rapid_reversal__test__002,test,150802,clean,raw_predicted_pv,440,1,command_p,stop-j0-k197,stop,1.97,0,joint_0,1,0.010000000000000009,3.495157157858667e-07,0.1,0.1,0.05
paper-evidence-v1-locked-test::raw_predicted_pv,synthetic-feasible-v1,synthetic,rapid_reversal__test__002,test,150802,clean,raw_predicted_pv,440,1,command_p,stop-j0-k221,stop,2.21,0,joint_0,1,0.010000000000000009,3.352497665758441e-07,0.1,0.1,0.05
paper-evidence-v1-locked-test::raw_predicted_pv,synthetic-feasible-v1,synthetic,rapid_reversal__test__002,test,150802,clean,raw_predicted_pv,440,1,command_p,stop-j0-k246,stop,2.46,0,joint_0,1,0.010000000000000009,3.407435360990503e-07,0.1,0.1,0.05
paper-evidence-v1-locked-test::raw_predicted_pv,synthetic-feasible-v1,synthetic,rapid_reversal__test__002,test,150802,clean,raw_predicted_pv,440,1,command_p,stop-j0-k271,stop,2.71,0,joint_0,1,0.010000000000000009,3.464927898192152e-07,0.1,0.1,0.05
paper-evidence-v1-locked-test::raw_predicted_pv,synthetic-feasible-v1,synthetic,rapid_reversal__test__002,test,150802,clean,raw_predicted_pv,440,1,command_p,stop-j0-k295,stop,2.95,0,joint_0,1,0.009999999999999787,3.411871777135295e-07,0.1,0.1,0.05
paper-evidence-v1-locked-test::raw_predicted_pv,synthetic-feasible-v1,synthetic,rapid_reversal__test__002,test,150802,clean,raw_predicted_pv,440,1,command_p,stop-j0-k320,stop,3.2,0,joint_0,1,0.009999999999999787,3.464643239385912e-07,0.1,0.1,0.05
paper-evidence-v1-locked-test::raw_predicted_pv,synthetic-feasible-v1,synthetic,rapid_reversal__test__002,test,150802,clean,raw_predicted_pv,440,1,command_p,stop-j0-k345,stop,3.45,0,joint_0,1,0.009999999999999787,3.5168332857382547e-07,0.1,0.1,0.05
paper-evidence-v1-locked-test::raw_predicted_pv,synthetic-feasible-v1,synthetic,rapid_reversal__test__002,test,150802,clean,raw_predicted_pv,440,1,command_p,stop-j0-k370,stop,3.7,0,joint_0,1,0.009999999999999787,3.56621896719215e-07,0.1,0.1,0.05
paper-evidence-v1-locked-test::raw_predicted_pv,synthetic-feasible-v1,synthetic,rapid_reversal__test__002,test,150802,clean,raw_predicted_pv,440,1,command_p,stop-j0-k394,stop,3.94,0,joint_0,1,0.009999999999999787,3.350063511484761e-07,0.1,0.1,0.05
paper-evidence-v1-locked-test::raw_predicted_pv,synthetic-feasible-v1,synthetic,rapid_reversal__test__002,test,150802,clean,raw_predicted_pv,440,1,command_p,stop-j0-k419,stop,4.19,0,joint_0,1,0.009999999999999787,3.489758631977731e-07,0.1,0.1,0.05
paper-evidence-v1-locked-test::raw_predicted_pv,synthetic-feasible-v1,synthetic,rapid_reversal__test__003,test,150803,clean,raw_predicted_pv,290,1,command_p,stop-j0-k29,stop,0.29,0,joint_0,5,0.04999999999999999,0.0020581587542797793,0.1,0.1,0.05
paper-evidence-v1-locked-test::raw_predicted_pv,synthetic-feasible-v1,synthetic,rapid_reversal__test__003,test,150803,clean,raw_predicted_pv,290,1,command_p,stop-j0-k50,stop,0.5,0,joint_0,5,0.04999999999999999,0.002928839361172615,0.1,0.1,0.05
paper-evidence-v1-locked-test::raw_predicted_pv,synthetic-feasible-v1,synthetic,rapid_reversal__test__003,test,150803,clean,raw_predicted_pv,290,1,command_p,reversal-j0-k72,reversal,0.715,0,joint_0,5,0.050000000000000044,0.0021546831348369573,0.1,0.1,0.05
paper-evidence-v1-locked-test::raw_predicted_pv,synthetic-feasible-v1,synthetic,rapid_reversal__test__003,test,150803,clean,raw_predicted_pv,290,1,command_p,stop-j0-k93,stop,0.93,0,joint_0,5,0.050000000000000044,0.0029391812758865067,0.1,0.1,0.05
paper-evidence-v1-locked-test::raw_predicted_pv,synthetic-feasible-v1,synthetic,rapid_reversal__test__003,test,150803,clean,raw_predicted_pv,290,1,command_p,stop-j0-k114,stop,1.1400000000000001,0,joint_0,5,0.050000000000000044,0.0022612320635356916,0.1,0.1,0.05
paper-evidence-v1-locked-test::raw_predicted_pv,synthetic-feasible-v1,synthetic,rapid_reversal__test__003,test,150803,clean,raw_predicted_pv,290,1,command_p,stop-j0-k136,stop,1.36,0,joint_0,5,0.050000000000000044,0.0020466724755190107,0.1,0.1,0.05
paper-evidence-v1-locked-test::raw_predicted_pv,synthetic-feasible-v1,synthetic,rapid_reversal__test__003,test,150803,clean,raw_predicted_pv,290,1,command_p,stop-j0-k157,stop,1.57,0,joint_0,5,0.050000000000000044,0.0029731514223312163,0.1,0.1,0.05
paper-evidence-v1-locked-test::raw_predicted_pv,synthetic-feasible-v1,synthetic,rapid_reversal__test__003,test,150803,clean,raw_predicted_pv,290,1,command_p,stop-j0-k179,stop,1.79,0,joint_0,5,0.050000000000000044,0.002034851709486244,0.1,0.1,0.05
paper-evidence-v1-locked-test::raw_predicted_pv,synthetic-feasible-v1,synthetic,rapid_reversal__test__003,test,150803,clean,raw_predicted_pv,290,1,command_p,stop-j0-k200,stop,2.0,0,joint_0,5,0.04999999999999982,0.0029421407034549234,0.1,0.1,0.05
paper-evidence-v1-locked-test::raw_predicted_pv,synthetic-feasible-v1,synthetic,rapid_reversal__test__003,test,150803,clean,raw_predicted_pv,290,1,command_p,stop-j0-k222,stop,2.22,0,joint_0,5,0.04999999999999982,0.0019675567109632523,0.1,0.1,0.05
paper-evidence-v1-locked-test::raw_predicted_pv,synthetic-feasible-v1,synthetic,rapid_reversal__test__003,test,150803,clean,raw_predicted_pv,290,1,command_p,stop-j0-k243,stop,2.43,0,joint_0,5,0.04999999999999982,0.002755233310856117,0.1,0.1,0.05
paper-evidence-v1-locked-test::raw_predicted_pv,synthetic-feasible-v1,synthetic,rapid_reversal__test__003,test,150803,clean,raw_predicted_pv,290,1,command_p,reversal-j0-k265,reversal,2.645,0,joint_0,5,0.04999999999999982,0.0021412983448046885,0.1,0.1,0.05
paper-evidence-v1-locked-test::raw_predicted_pv,synthetic-feasible-v1,synthetic,rapid_reversal__test__004,test,150804,clean,raw_predicted_pv,351,1,command_p,stop-j0-k11,stop,0.11,0,joint_0,5,0.05,0.0025478125311222655,0.1,0.1,0.05
paper-evidence-v1-locked-test::raw_predicted_pv,synthetic-feasible-v1,synthetic,rapid_reversal__test__004,test,150804,clean,raw_predicted_pv,351,1,command_p,reversal-j0-k13,reversal,0.115,0,joint_0,5,0.05,0.0025506378884476546,0.1,0.1,0.05
paper-evidence-v1-locked-test::raw_predicted_pv,synthetic-feasible-v1,synthetic,rapid_reversal__test__004,test,150804,clean,raw_predicted_pv,351,1,command_p,stop-j0-k53,stop,0.53,0,joint_0,5,0.04999999999999999,0.010731945785498331,0.1,0.1,0.05
paper-evidence-v1-locked-test::raw_predicted_pv,synthetic-feasible-v1,synthetic,rapid_reversal__test__004,test,150804,clean,raw_predicted_pv,351,1,command_p,stop-j0-k94,stop,0.9400000000000001,0,joint_0,1,0.010000000000000009,4.803930207565979e-05,0.1,0.1,0.05
paper-evidence-v1-locked-test::raw_predicted_pv,synthetic-feasible-v1,synthetic,rapid_reversal__test__004,test,150804,clean,raw_predicted_pv,351,1,command_p,stop-j0-k135,stop,1.35,0,joint_0,5,0.050000000000000044,0.01871800967866231,0.1,0.1,0.05
paper-evidence-v1-locked-test::raw_predicted_pv,synthetic-feasible-v1,synthetic,rapid_reversal__test__004,test,150804,clean,raw_predicted_pv,351,1,command_p,reversal-j0-k137,reversal,1.355,0,joint_0,5,0.050000000000000044,0.01606213674609158,0.1,0.1,0.05
paper-evidence-v1-locked-test::raw_predicted_pv,synthetic-feasible-v1,synthetic,rapid_reversal__test__004,test,150804,clean,raw_predicted_pv,351,1,command_p,stop-j0-k176,stop,1.76,0,joint_0,1,0.010000000000000009,0.000255295519448066,0.1,0.1,0.05
paper-evidence-v1-locked-test::raw_predicted_pv,synthetic-feasible-v1,synthetic,rapid_reversal__test__004,test,150804,clean,raw_predicted_pv,351,1,command_p,reversal-j0-k178,reversal,1.7650000000000001,0,joint_0,1,0.010000000000000009,0.00020764463365995748,0.1,0.1,0.05
paper-evidence-v1-locked-test::raw_predicted_pv,synthetic-feasible-v1,synthetic,rapid_reversal__test__004,test,150804,clean,raw_predicted_pv,351,1,command_p,stop-j0-k218,stop,2.18,0,joint_0,5,0.04999999999999982,0.011452953887927166,0.1,0.1,0.05
paper-evidence-v1-locked-test::raw_predicted_pv,synthetic-feasible-v1,synthetic,rapid_reversal__test__004,test,150804,clean,raw_predicted_pv,351,1,command_p,stop-j0-k259,stop,2.59,0,joint_0,1,0.010000000000000009,8.524963040128832e-05,0.1,0.1,0.05
paper-evidence-v1-locked-test::raw_predicted_pv,synthetic-feasible-v1,synthetic,rapid_reversal__test__004,test,150804,clean,raw_predicted_pv,351,1,command_p,stop-j0-k300,stop,3.0,0,joint_0,5,0.04999999999999982,0.019136431785014858,0.1,0.1,0.05
paper-evidence-v1-locked-test::raw_predicted_pv,synthetic-feasible-v1,synthetic,rapid_reversal__test__004,test,150804,clean,raw_predicted_pv,351,1,command_p,reversal-j0-k302,reversal,3.005,0,joint_0,5,0.04999999999999982,0.016426547214784388,0.1,0.1,0.05
paper-evidence-v1-locked-test::raw_predicted_pv,synthetic-feasible-v1,synthetic,rapid_reversal__test__005,test,150805,clean,raw_predicted_pv,387,1,command_p,stop-j0-k14,stop,0.14,0,joint_0,1,0.010000000000000009,4.232638507636585e-05,0.1,0.1,0.05
paper-evidence-v1-locked-test::raw_predicted_pv,synthetic-feasible-v1,synthetic,rapid_reversal__test__005,test,150805,clean,raw_predicted_pv,387,1,command_p,stop-j0-k43,stop,0.43,0,joint_0,1,0.010000000000000009,1.0011889094094723e-07,0.1,0.1,0.05
paper-evidence-v1-locked-test::raw_predicted_pv,synthetic-feasible-v1,synthetic,rapid_reversal__test__005,test,150805,clean,raw_predicted_pv,387,1,command_p,stop-j0-k72,stop,0.72,0,joint_0,1,0.010000000000000009,9.978260862636684e-08,0.1,0.1,0.05
paper-evidence-v1-locked-test::raw_predicted_pv,synthetic-feasible-v1,synthetic,rapid_reversal__test__005,test,150805,clean,raw_predicted_pv,387,1,command_p,stop-j0-k101,stop,1.01,0,joint_0,1,0.010000000000000009,9.997333733873365e-08,0.1,0.1,0.05
paper-evidence-v1-locked-test::raw_predicted_pv,synthetic-feasible-v1,synthetic,rapid_reversal__test__005,test,150805,clean,raw_predicted_pv,387,1,command_p,stop-j0-k130,stop,1.3,0,joint_0,1,0.010000000000000009,9.990066405792354e-08,0.1,0.1,0.05
paper-evidence-v1-locked-test::raw_predicted_pv,synthetic-feasible-v1,synthetic,rapid_reversal__test__005,test,150805,clean,raw_predicted_pv,387,1,command_p,stop-j0-k159,stop,1.59,0,joint_0,1,0.010000000000000009,9.982812464377568e-08,0.1,0.1,0.05
paper-evidence-v1-locked-test::raw_predicted_pv,synthetic-feasible-v1,synthetic,rapid_reversal__test__005,test,150805,clean,raw_predicted_pv,387,1,command_p,stop-j0-k188,stop,1.8800000000000001,0,joint_0,1,0.010000000000000009,9.975576786627662e-08,0.1,0.1,0.05
paper-evidence-v1-locked-test::raw_predicted_pv,synthetic-feasible-v1,synthetic,rapid_reversal__test__005,test,150805,clean,raw_predicted_pv,387,1,command_p,stop-j0-k217,stop,2.17,0,joint_0,1,0.010000000000000009,9.968364255717819e-08,0.1,0.1,0.05
paper-evidence-v1-locked-test::raw_predicted_pv,synthetic-feasible-v1,synthetic,rapid_reversal__test__005,test,150805,clean,raw_predicted_pv,387,1,command_p,stop-j0-k246,stop,2.46,0,joint_0,1,0.010000000000000009,9.96117976011269e-08,0.1,0.1,0.05
paper-evidence-v1-locked-test::raw_predicted_pv,synthetic-feasible-v1,synthetic,rapid_reversal__test__005,test,150805,clean,raw_predicted_pv,387,1,command_p,stop-j0-k275,stop,2.75,0,joint_0,1,0.009999999999999787,9.954028187845127e-08,0.1,0.1,0.05
paper-evidence-v1-locked-test::raw_predicted_pv,synthetic-feasible-v1,synthetic,rapid_reversal__test__005,test,150805,clean,raw_predicted_pv,387,1,command_p,stop-j0-k304,stop,3.04,0,joint_0,1,0.009999999999999787,9.94691442469529e-08,0.1,0.1,0.05
paper-evidence-v1-locked-test::raw_predicted_pv,synthetic-feasible-v1,synthetic,rapid_reversal__test__005,test,150805,clean,raw_predicted_pv,387,1,command_p,reversal-j0-k306,reversal,3.045,0,joint_0,1,0.009999999999999787,9.966644233297297e-08,0.1,0.1,0.05
paper-evidence-v1-locked-test::raw_predicted_pv,synthetic-feasible-v1,synthetic,rapid_reversal__test__005,test,150805,clean,raw_predicted_pv,387,1,command_p,stop-j0-k333,stop,3.33,0,joint_0,1,0.009999999999999787,9.939843350665682e-08,0.1,0.1,0.05
paper-evidence-v1-locked-test::raw_predicted_pv,synthetic-feasible-v1,synthetic,rapid_reversal__test__005,test,150805,clean,raw_predicted_pv,387,1,command_p,reversal-j0-k335,reversal,3.335,0,joint_0,1,0.009999999999999787,9.967354735593814e-08,0.1,0.1,0.05
paper-evidence-v1-locked-test::raw_predicted_pv,synthetic-feasible-v1,synthetic,rapid_reversal__test__005,test,150805,clean,raw_predicted_pv,387,1,command_p,stop-j0-k362,stop,3.62,0,joint_0,1,0.009999999999999787,9.932819837543133e-08,0.1,0.1,0.05
paper-evidence-v1-locked-test::raw_predicted_pv,synthetic-feasible-v1,synthetic,rapid_reversal__test__005,test,150805,clean,raw_predicted_pv,387,1,command_p,reversal-j0-k364,reversal,3.625,0,joint_0,1,0.009999999999999787,9.968061985383397e-08,0.1,0.1,0.05
paper-evidence-v1-locked-test::raw_predicted_pv,synthetic-feasible-v1,synthetic,rapid_reversal__test__006,test,150806,clean,raw_predicted_pv,435,1,command_p,stop-j0-k33,stop,0.33,0,joint_0,1,0.010000000000000009,2.7690392084463556e-07,0.1,0.1,0.05
paper-evidence-v1-locked-test::raw_predicted_pv,synthetic-feasible-v1,synthetic,rapid_reversal__test__006,test,150806,clean,raw_predicted_pv,435,1,command_p,reversal-j0-k35,reversal,0.335,0,joint_0,1,0.010000000000000009,2.811613091082767e-07,0.1,0.1,0.05
paper-evidence-v1-locked-test::raw_predicted_pv,synthetic-feasible-v1,synthetic,rapid_reversal__test__006,test,150806,clean,raw_predicted_pv,435,1,command_p,stop-j0-k61,stop,0.61,0,joint_0,1,0.010000000000000009,2.789862545968731e-07,0.1,0.1,0.05
paper-evidence-v1-locked-test::raw_predicted_pv,synthetic-feasible-v1,synthetic,rapid_reversal__test__006,test,150806,clean,raw_predicted_pv,435,1,command_p,stop-j0-k88,stop,0.88,0,joint_0,1,0.010000000000000009,2.795906988126256e-07,0.1,0.1,0.05
paper-evidence-v1-locked-test::raw_predicted_pv,synthetic-feasible-v1,synthetic,rapid_reversal__test__006,test,150806,clean,raw_predicted_pv,435,1,command_p,stop-j0-k115,stop,1.1500000000000001,0,joint_0,1,0.010000000000000009,2.7584240466304437e-07,0.1,0.1,0.05
paper-evidence-v1-locked-test::raw_predicted_pv,synthetic-feasible-v1,synthetic,rapid_reversal__test__006,test,150806,clean,raw_predicted_pv,435,1,command_p,stop-j0-k143,stop,1.43,0,joint_0,1,0.010000000000000009,2.823520727384003e-07,0.1,0.1,0.05
paper-evidence-v1-locked-test::raw_predicted_pv,synthetic-feasible-v1,synthetic,rapid_reversal__test__006,test,150806,clean,raw_predicted_pv,435,1,command_p,stop-j0-k170,stop,1.7,0,joint_0,1,0.010000000000000009,2.784757238090196e-07,0.1,0.1,0.05
paper-evidence-v1-locked-test::raw_predicted_pv,synthetic-feasible-v1,synthetic,rapid_reversal__test__006,test,150806,clean,raw_predicted_pv,435,1,command_p,stop-j0-k198,stop,1.98,0,joint_0,1,0.010000000000000009,2.851029184295503e-07,0.1,0.1,0.05
paper-evidence-v1-locked-test::raw_predicted_pv,synthetic-feasible-v1,synthetic,rapid_reversal__test__006,test,150806,clean,raw_predicted_pv,435,1,command_p,stop-j0-k225,stop,2.25,0,joint_0,1,0.009999999999999787,2.8121840251480254e-07,0.1,0.1,0.05
paper-evidence-v1-locked-test::raw_predicted_pv,synthetic-feasible-v1,synthetic,rapid_reversal__test__006,test,150806,clean,raw_predicted_pv,435,1,command_p,stop-j0-k252,stop,2.52,0,joint_0,1,0.009999999999999787,2.773802179676394e-07,0.1,0.1,0.05
paper-evidence-v1-locked-test::raw_predicted_pv,synthetic-feasible-v1,synthetic,rapid_reversal__test__006,test,150806,clean,raw_predicted_pv,435,1,command_p,stop-j0-k280,stop,2.8000000000000003,0,joint_0,1,0.009999999999999787,2.8504704137521097e-07,0.1,0.1,0.05
paper-evidence-v1-locked-test::raw_predicted_pv,synthetic-feasible-v1,synthetic,rapid_reversal__test__006,test,150806,clean,raw_predicted_pv,435,1,command_p,stop-j0-k307,stop,3.0700000000000003,0,joint_0,1,0.009999999999999787,2.829748057769208e-07,0.1,0.1,0.05
paper-evidence-v1-locked-test::raw_predicted_pv,synthetic-feasible-v1,synthetic,rapid_reversal__test__006,test,150806,clean,raw_predicted_pv,435,1,command_p,stop-j0-k334,stop,3.34,0,joint_0,1,0.010000000000000009,2.7630987006292494e-07,0.1,0.1,0.05
paper-evidence-v1-locked-test::raw_predicted_pv,synthetic-feasible-v1,synthetic,rapid_reversal__test__006,test,150806,clean,raw_predicted_pv,435,1,command_p,reversal-j0-k336,reversal,3.3449999999999998,0,joint_0,1,0.009999999999999787,2.8079427281286936e-07,0.1,0.1,0.05
paper-evidence-v1-locked-test::raw_predicted_pv,synthetic-feasible-v1,synthetic,rapid_reversal__test__006,test,150806,clean,raw_predicted_pv,435,1,command_p,stop-j0-k362,stop,3.62,0,joint_0,1,0.009999999999999787,2.828584414313321e-07,0.1,0.1,0.05
paper-evidence-v1-locked-test::raw_predicted_pv,synthetic-feasible-v1,synthetic,rapid_reversal__test__006,test,150806,clean,raw_predicted_pv,435,1,command_p,stop-j0-k389,stop,3.89,0,joint_0,1,0.009999999999999787,2.7897287405780413e-07,0.1,0.1,0.05
paper-evidence-v1-locked-test::raw_predicted_pv,synthetic-feasible-v1,synthetic,rapid_reversal__test__006,test,150806,clean,raw_predicted_pv,435,1,command_p,stop-j0-k417,stop,4.17,0,joint_0,1,0.009999999999999787,2.85600449396622e-07,0.1,0.1,0.05
paper-evidence-v1-locked-test::raw_predicted_pv,synthetic-feasible-v1,synthetic,rapid_reversal__test__007,test,150807,clean,raw_predicted_pv,259,1,command_p,stop-j0-k38,stop,0.38,0,joint_0,5,0.04999999999999999,0.004554343640449826,0.1,0.1,0.05
paper-evidence-v1-locked-test::raw_predicted_pv,synthetic-feasible-v1,synthetic,rapid_reversal__test__007,test,150807,clean,raw_predicted_pv,259,1,command_p,reversal-j0-k40,reversal,0.385,0,joint_0,5,0.04999999999999999,0.004066409125139062,0.1,0.1,0.05
paper-evidence-v1-locked-test::raw_predicted_pv,synthetic-feasible-v1,synthetic,rapid_reversal__test__007,test,150807,clean,raw_predicted_pv,259,1,command_p,stop-j0-k66,stop,0.66,0,joint_0,5,0.04999999999999999,0.004612466342184996,0.1,0.1,0.05
paper-evidence-v1-locked-test::raw_predicted_pv,synthetic-feasible-v1,synthetic,rapid_reversal__test__007,test,150807,clean,raw_predicted_pv,259,1,command_p,stop-j0-k94,stop,0.9400000000000001,0,joint_0,5,0.050000000000000044,0.004498249177366432,0.1,0.1,0.05
paper-evidence-v1-locked-test::raw_predicted_pv,synthetic-feasible-v1,synthetic,rapid_reversal__test__007,test,150807,clean,raw_predicted_pv,259,1,command_p,stop-j0-k122,stop,1.22,0,joint_0,5,0.050000000000000044,0.004392542415107565,0.1,0.1,0.05
paper-evidence-v1-locked-test::raw_predicted_pv,synthetic-feasible-v1,synthetic,rapid_reversal__test__007,test,150807,clean,raw_predicted_pv,259,1,command_p,stop-j0-k150,stop,1.5,0,joint_0,5,0.050000000000000044,0.004296190520801898,0.1,0.1,0.05
paper-evidence-v1-locked-test::raw_predicted_pv,synthetic-feasible-v1,synthetic,rapid_reversal__test__007,test,150807,clean,raw_predicted_pv,259,1,command_p,stop-j0-k178,stop,1.78,0,joint_0,5,0.050000000000000044,0.00420962769028161,0.1,0.1,0.05
paper-evidence-v1-locked-test::raw_predicted_pv,synthetic-feasible-v1,synthetic,rapid_reversal__test__007,test,150807,clean,raw_predicted_pv,259,1,command_p,stop-j0-k206,stop,2.06,0,joint_0,5,0.04999999999999982,0.004132630823859375,0.1,0.1,0.05
paper-evidence-v1-locked-test::raw_predicted_pv,synthetic-feasible-v1,synthetic,rapid_reversal__test__007,test,150807,clean,raw_predicted_pv,259,1,command_p,stop-j0-k234,stop,2.34,0,joint_0,5,0.04999999999999982,0.004065556209641531,0.1,0.1,0.05
paper-evidence-v1-locked-test::raw_predicted_pv,synthetic-feasible-v1,synthetic,rapid_reversal__test__008,test,150808,clean,raw_predicted_pv,442,1,command_p,stop-j0-k42,stop,0.42,0,joint_0,5,0.04999999999999999,0.012742245221986134,0.1,0.1,0.05
paper-evidence-v1-locked-test::raw_predicted_pv,synthetic-feasible-v1,synthetic,rapid_reversal__test__008,test,150808,clean,raw_predicted_pv,442,1,command_p,reversal-j0-k44,reversal,0.42500000000000004,0,joint_0,5,0.04999999999999999,0.01091295445532427,0.1,0.1,0.05
paper-evidence-v1-locked-test::raw_predicted_pv,synthetic-feasible-v1,synthetic,rapid_reversal__test__008,test,150808,clean,raw_predicted_pv,442,1,command_p,stop-j0-k74,stop,0.74,0,joint_0,1,0.010000000000000009,0.000333895232124775,0.1,0.1,0.05
paper-evidence-v1-locked-test::raw_predicted_pv,synthetic-feasible-v1,synthetic,rapid_reversal__test__008,test,150808,clean,raw_predicted_pv,442,1,command_p,reversal-j0-k76,reversal,0.745,0,joint_0,1,0.010000000000000009,0.0007056340164521763,0.1,0.1,0.05
paper-evidence-v1-locked-test::raw_predicted_pv,synthetic-feasible-v1,synthetic,rapid_reversal__test__008,test,150808,clean,raw_predicted_pv,442,1,command_p,stop-j0-k106,stop,1.06,0,joint_0,5,0.050000000000000044,0.010538403028260165,0.1,0.1,0.05
paper-evidence-v1-locked-test::raw_predicted_pv,synthetic-feasible-v1,synthetic,rapid_reversal__test__008,test,150808,clean,raw_predicted_pv,442,1,command_p,reversal-j0-k108,reversal,1.065,0,joint_0,5,0.050000000000000044,0.009025920062702149,0.1,0.1,0.05
paper-evidence-v1-locked-test::raw_predicted_pv,synthetic-feasible-v1,synthetic,rapid_reversal__test__008,test,150808,clean,raw_predicted_pv,442,1,command_p,stop-j0-k139,stop,1.3900000000000001,0,joint_0,1,0.010000000000000009,0.0015749972011463488,0.1,0.1,0.05
paper-evidence-v1-locked-test::raw_predicted_pv,synthetic-feasible-v1,synthetic,rapid_reversal__test__008,test,150808,clean,raw_predicted_pv,442,1,command_p,stop-j0-k171,stop,1.71,0,joint_0,5,0.050000000000000044,0.007343888219090114,0.1,0.1,0.05
paper-evidence-v1-locked-test::raw_predicted_pv,synthetic-feasible-v1,synthetic,rapid_reversal__test__008,test,150808,clean,raw_predicted_pv,442,1,command_p,stop-j0-k203,stop,2.0300000000000002,0,joint_0,5,0.04999999999999982,0.01358834049680968,0.1,0.1,0.05
paper-evidence-v1-locked-test::raw_predicted_pv,synthetic-feasible-v1,synthetic,rapid_reversal__test__008,test,150808,clean,raw_predicted_pv,442,1,command_p,stop-j0-k235,stop,2.35,0,joint_0,2,0.020000000000000018,0.0009938952633536816,0.1,0.1,0.05
paper-evidence-v1-locked-test::raw_predicted_pv,synthetic-feasible-v1,synthetic,rapid_reversal__test__008,test,150808,clean,raw_predicted_pv,442,1,command_p,stop-j0-k267,stop,2.67,0,joint_0,5,0.050000000000000044,0.014790927661016624,0.1,0.1,0.05
paper-evidence-v1-locked-test::raw_predicted_pv,synthetic-feasible-v1,synthetic,rapid_reversal__test__008,test,150808,clean,raw_predicted_pv,442,1,command_p,stop-j0-k299,stop,2.99,0,joint_0,1,0.009999999999999787,0.0008867500792588551,0.1,0.1,0.05
paper-evidence-v1-locked-test::raw_predicted_pv,synthetic-feasible-v1,synthetic,rapid_reversal__test__008,test,150808,clean,raw_predicted_pv,442,1,command_p,stop-j0-k331,stop,3.31,0,joint_0,5,0.04999999999999982,0.013005710433763504,0.1,0.1,0.05
paper-evidence-v1-locked-test::raw_predicted_pv,synthetic-feasible-v1,synthetic,rapid_reversal__test__008,test,150808,clean,raw_predicted_pv,442,1,command_p,reversal-j0-k333,reversal,3.3150000000000004,0,joint_0,5,0.04999999999999982,0.011139595534254134,0.1,0.1,0.05
paper-evidence-v1-locked-test::raw_predicted_pv,synthetic-feasible-v1,synthetic,rapid_reversal__test__008,test,150808,clean,raw_predicted_pv,442,1,command_p,stop-j0-k363,stop,3.63,0,joint_0,1,0.010000000000000009,0.0007238954449458759,0.1,0.1,0.05
paper-evidence-v1-locked-test::raw_predicted_pv,synthetic-feasible-v1,synthetic,rapid_reversal__test__008,test,150808,clean,raw_predicted_pv,442,1,command_p,reversal-j0-k365,reversal,3.635,0,joint_0,1,0.009999999999999787,0.000719250198547119,0.1,0.1,0.05
paper-evidence-v1-locked-test::raw_predicted_pv,synthetic-feasible-v1,synthetic,rapid_reversal__test__008,test,150808,clean,raw_predicted_pv,442,1,command_p,stop-j0-k395,stop,3.95,0,joint_0,5,0.04999999999999982,0.009245496604015227,0.1,0.1,0.05
paper-evidence-v1-locked-test::raw_predicted_pv,synthetic-feasible-v1,synthetic,rapid_reversal__test__008,test,150808,clean,raw_predicted_pv,442,1,command_p,reversal-j0-k397,reversal,3.955,0,joint_0,5,0.04999999999999982,0.009245496604015227,0.1,0.1,0.05
paper-evidence-v1-locked-test::raw_predicted_pv,synthetic-feasible-v1,synthetic,rapid_reversal__test__008,test,150808,clean,raw_predicted_pv,442,1,command_p,stop-j0-k427,stop,4.2700000000000005,0,joint_0,1,0.009999999999999787,0.0006592917603976318,0.1,0.1,0.05
paper-evidence-v1-locked-test::raw_predicted_pv,synthetic-feasible-v1,synthetic,rapid_reversal__test__009,test,150809,clean,raw_predicted_pv,413,1,command_p,stop-j0-k38,stop,0.38,0,joint_0,1,0.010000000000000009,6.268150370410311e-08,0.1,0.1,0.05
paper-evidence-v1-locked-test::raw_predicted_pv,synthetic-feasible-v1,synthetic,rapid_reversal__test__009,test,150809,clean,raw_predicted_pv,413,1,command_p,stop-j0-k74,stop,0.74,0,joint_0,1,0.010000000000000009,6.347189522822927e-08,0.1,0.1,0.05
paper-evidence-v1-locked-test::raw_predicted_pv,synthetic-feasible-v1,synthetic,rapid_reversal__test__009,test,150809,clean,raw_predicted_pv,413,1,command_p,reversal-j0-k76,reversal,0.745,0,joint_0,1,0.010000000000000009,5.9540481142717984e-08,0.1,0.1,0.05
paper-evidence-v1-locked-test::raw_predicted_pv,synthetic-feasible-v1,synthetic,rapid_reversal__test__009,test,150809,clean,raw_predicted_pv,413,1,command_p,stop-j0-k110,stop,1.1,0,joint_0,1,0.010000000000000009,6.283133308105984e-08,0.1,0.1,0.05
paper-evidence-v1-locked-test::raw_predicted_pv,synthetic-feasible-v1,synthetic,rapid_reversal__test__009,test,150809,clean,raw_predicted_pv,413,1,command_p,reversal-j0-k112,reversal,1.105,0,joint_0,1,0.010000000000000009,6.031316323214303e-08,0.1,0.1,0.05
paper-evidence-v1-locked-test::raw_predicted_pv,synthetic-feasible-v1,synthetic,rapid_reversal__test__009,test,150809,clean,raw_predicted_pv,413,1,command_p,stop-j0-k146,stop,1.46,0,joint_0,1,0.010000000000000009,6.348638693747811e-08,0.1,0.1,0.05
paper-evidence-v1-locked-test::raw_predicted_pv,synthetic-feasible-v1,synthetic,rapid_reversal__test__009,test,150809,clean,raw_predicted_pv,413,1,command_p,reversal-j0-k148,reversal,1.4649999999999999,0,joint_0,1,0.010000000000000009,6.110278622408953e-08,0.1,0.1,0.05
paper-evidence-v1-locked-test::raw_predicted_pv,synthetic-feasible-v1,synthetic,rapid_reversal__test__009,test,150809,clean,raw_predicted_pv,413,1,command_p,stop-j0-k183,stop,1.83,0,joint_0,1,0.010000000000000009,6.089390488595449e-08,0.1,0.1,0.05
paper-evidence-v1-locked-test::raw_predicted_pv,synthetic-feasible-v1,synthetic,rapid_reversal__test__009,test,150809,clean,raw_predicted_pv,413,1,command_p,stop-j0-k219,stop,2.19,0,joint_0,1,0.010000000000000009,6.153572118534678e-08,0.1,0.1,0.05
paper-evidence-v1-locked-test::raw_predicted_pv,synthetic-feasible-v1,synthetic,rapid_reversal__test__009,test,150809,clean,raw_predicted_pv,413,1,command_p,stop-j0-k255,stop,2.5500000000000003,0,joint_0,1,0.009999999999999787,5.955820264173908e-08,0.1,0.1,0.05
paper-evidence-v1-locked-test::raw_predicted_pv,synthetic-feasible-v1,synthetic,rapid_reversal__test__009,test,150809,clean,raw_predicted_pv,413,1,command_p,stop-j0-k291,stop,2.91,0,joint_0,1,0.009999999999999787,6.284681505829627e-08,0.1,0.1,0.05
paper-evidence-v1-locked-test::raw_predicted_pv,synthetic-feasible-v1,synthetic,rapid_reversal__test__009,test,150809,clean,raw_predicted_pv,413,1,command_p,reversal-j0-k293,reversal,2.915,0,joint_0,1,0.009999999999999787,6.033213915473832e-08,0.1,0.1,0.05
paper-evidence-v1-locked-test::raw_predicted_pv,synthetic-feasible-v1,synthetic,rapid_reversal__test__009,test,150809,clean,raw_predicted_pv,413,1,command_p,stop-j0-k327,stop,3.27,0,joint_0,1,0.009999999999999787,6.350244457023014e-08,0.1,0.1,0.05
paper-evidence-v1-locked-test::raw_predicted_pv,synthetic-feasible-v1,synthetic,rapid_reversal__test__009,test,150809,clean,raw_predicted_pv,413,1,command_p,reversal-j0-k329,reversal,3.2750000000000004,0,joint_0,1,0.009999999999999787,6.112280014531643e-08,0.1,0.1,0.05
paper-evidence-v1-locked-test::raw_predicted_pv,synthetic-feasible-v1,synthetic,rapid_reversal__test__009,test,150809,clean,raw_predicted_pv,413,1,command_p,stop-j0-k364,stop,3.64,0,joint_0,1,0.009999999999999787,6.091027864648874e-08,0.1,0.1,0.05
paper-evidence-v1-locked-test::raw_predicted_pv,synthetic-feasible-v1,synthetic,rapid_reversal__test__009,test,150809,clean,raw_predicted_pv,413,1,command_p,stop-j0-k400,stop,4.0,0,joint_0,1,0.009999999999999787,6.155321363184682e-08,0.1,0.1,0.05
paper-evidence-v1-locked-test::raw_predicted_pv,synthetic-feasible-v1,synthetic,rapid_reversal__test__010,test,150810,clean,raw_predicted_pv,433,1,command_p,stop-j0-k34,stop,0.34,0,joint_0,1,0.010000000000000009,3.325097788844515e-07,0.1,0.1,0.05
paper-evidence-v1-locked-test::raw_predicted_pv,synthetic-feasible-v1,synthetic,rapid_reversal__test__010,test,150810,clean,raw_predicted_pv,433,1,command_p,stop-j0-k59,stop,0.59,0,joint_0,1,0.010000000000000009,3.25172565381552e-07,0.1,0.1,0.05
paper-evidence-v1-locked-test::raw_predicted_pv,synthetic-feasible-v1,synthetic,rapid_reversal__test__010,test,150810,clean,raw_predicted_pv,433,1,command_p,stop-j0-k84,stop,0.84,0,joint_0,1,0.010000000000000009,3.2600332298992784e-07,0.1,0.1,0.05
paper-evidence-v1-locked-test::raw_predicted_pv,synthetic-feasible-v1,synthetic,rapid_reversal__test__010,test,150810,clean,raw_predicted_pv,433,1,command_p,stop-j0-k109,stop,1.09,0,joint_0,1,0.010000000000000009,3.438061256482256e-07,0.1,0.1,0.05
paper-evidence-v1-locked-test::raw_predicted_pv,synthetic-feasible-v1,synthetic,rapid_reversal__test__010,test,150810,clean,raw_predicted_pv,433,1,command_p,stop-j0-k134,stop,1.34,0,joint_0,1,0.010000000000000009,3.3695638683678e-07,0.1,0.1,0.05
paper-evidence-v1-locked-test::raw_predicted_pv,synthetic-feasible-v1,synthetic,rapid_reversal__test__010,test,150810,clean,raw_predicted_pv,433,1,command_p,stop-j0-k159,stop,1.59,0,joint_0,1,0.010000000000000009,3.3809030634061945e-07,0.1,0.1,0.05
paper-evidence-v1-locked-test::raw_predicted_pv,synthetic-feasible-v1,synthetic,rapid_reversal__test__010,test,150810,clean,raw_predicted_pv,433,1,command_p,stop-j0-k184,stop,1.84,0,joint_0,1,0.010000000000000009,3.392289269578761e-07,0.1,0.1,0.05
paper-evidence-v1-locked-test::raw_predicted_pv,synthetic-feasible-v1,synthetic,rapid_reversal__test__010,test,150810,clean,raw_predicted_pv,433,1,command_p,stop-j0-k209,stop,2.09,0,joint_0,1,0.009999999999999898,3.4037016672141186e-07,0.1,0.1,0.05
paper-evidence-v1-locked-test::raw_predicted_pv,synthetic-feasible-v1,synthetic,rapid_reversal__test__010,test,150810,clean,raw_predicted_pv,433,1,command_p,stop-j0-k234,stop,2.34,0,joint_0,1,0.010000000000000009,3.415119615446132e-07,0.1,0.1,0.05
paper-evidence-v1-locked-test::raw_predicted_pv,synthetic-feasible-v1,synthetic,rapid_reversal__test__010,test,150810,clean,raw_predicted_pv,433,1,command_p,stop-j0-k259,stop,2.59,0,joint_0,1,0.010000000000000009,3.426522686199786e-07,0.1,0.1,0.05
paper-evidence-v1-locked-test::raw_predicted_pv,synthetic-feasible-v1,synthetic,rapid_reversal__test__010,test,150810,clean,raw_predicted_pv,433,1,command_p,stop-j0-k284,stop,2.84,0,joint_0,1,0.010000000000000009,3.437890696622881e-07,0.1,0.1,0.05
paper-evidence-v1-locked-test::raw_predicted_pv,synthetic-feasible-v1,synthetic,rapid_reversal__test__010,test,150810,clean,raw_predicted_pv,433,1,command_p,stop-j0-k308,stop,3.08,0,joint_0,1,0.009999999999999787,3.2595747435767436e-07,0.1,0.1,0.05
paper-evidence-v1-locked-test::raw_predicted_pv,synthetic-feasible-v1,synthetic,rapid_reversal__test__010,test,150810,clean,raw_predicted_pv,433,1,command_p,reversal-j0-k310,reversal,3.085,0,joint_0,1,0.009999999999999787,3.344241392339699e-07,0.1,0.1,0.05
paper-evidence-v1-locked-test::raw_predicted_pv,synthetic-feasible-v1,synthetic,rapid_reversal__test__010,test,150810,clean,raw_predicted_pv,433,1,command_p,stop-j0-k333,stop,3.33,0,joint_0,1,0.009999999999999787,3.2694204039739364e-07,0.1,0.1,0.05
paper-evidence-v1-locked-test::raw_predicted_pv,synthetic-feasible-v1,synthetic,rapid_reversal__test__010,test,150810,clean,raw_predicted_pv,433,1,command_p,stop-j0-k358,stop,3.58,0,joint_0,1,0.009999999999999787,3.279528596961113e-07,0.1,0.1,0.05
paper-evidence-v1-locked-test::raw_predicted_pv,synthetic-feasible-v1,synthetic,rapid_reversal__test__010,test,150810,clean,raw_predicted_pv,433,1,command_p,stop-j0-k383,stop,3.83,0,joint_0,1,0.009999999999999787,3.2898790884645577e-07,0.1,0.1,0.05
paper-evidence-v1-locked-test::raw_predicted_pv,synthetic-feasible-v1,synthetic,rapid_reversal__test__010,test,150810,clean,raw_predicted_pv,433,1,command_p,stop-j0-k408,stop,4.08,0,joint_0,1,0.009999999999999787,3.3004513715034163e-07,0.1,0.1,0.05
paper-evidence-v1-locked-test::raw_predicted_pv,synthetic-feasible-v1,synthetic,rapid_reversal__test__011,test,150811,clean,raw_predicted_pv,431,1,command_p,stop-j0-k11,stop,0.11,0,joint_0,5,0.05,0.0032421069799773343,0.1,0.1,0.05
paper-evidence-v1-locked-test::raw_predicted_pv,synthetic-feasible-v1,synthetic,rapid_reversal__test__011,test,150811,clean,raw_predicted_pv,431,1,command_p,stop-j0-k35,stop,0.35000000000000003,0,joint_0,5,0.04999999999999999,0.005375460424912087,0.1,0.1,0.05
paper-evidence-v1-locked-test::raw_predicted_pv,synthetic-feasible-v1,synthetic,rapid_reversal__test__011,test,150811,clean,raw_predicted_pv,431,1,command_p,stop-j0-k58,stop,0.58,0,joint_0,1,0.010000000000000009,0.0006285367262963599,0.1,0.1,0.05
paper-evidence-v1-locked-test::raw_predicted_pv,synthetic-feasible-v1,synthetic,rapid_reversal__test__011,test,150811,clean,raw_predicted_pv,431,1,command_p,stop-j0-k81,stop,0.81,0,joint_0,5,0.050000000000000044,0.0026493169946316883,0.1,0.1,0.05
paper-evidence-v1-locked-test::raw_predicted_pv,synthetic-feasible-v1,synthetic,rapid_reversal__test__011,test,150811,clean,raw_predicted_pv,431,1,command_p,stop-j0-k104,stop,1.04,0,joint_0,5,0.050000000000000044,0.0021888460638617166,0.1,0.1,0.05
paper-evidence-v1-locked-test::raw_predicted_pv,synthetic-feasible-v1,synthetic,rapid_reversal__test__011,test,150811,clean,raw_predicted_pv,431,1,command_p,stop-j0-k128,stop,1.28,0,joint_0,5,0.050000000000000044,0.0028942543964795833,0.1,0.1,0.05
paper-evidence-v1-locked-test::raw_predicted_pv,synthetic-feasible-v1,synthetic,rapid_reversal__test__011,test,150811,clean,raw_predicted_pv,431,1,command_p,stop-j0-k151,stop,1.51,0,joint_0,5,0.050000000000000044,0.003832795308057099,0.1,0.1,0.05
paper-evidence-v1-locked-test::raw_predicted_pv,synthetic-feasible-v1,synthetic,rapid_reversal__test__011,test,150811,clean,raw_predicted_pv,431,1,command_p,stop-j0-k174,stop,1.74,0,joint_0,5,0.050000000000000044,0.0028885503833109482,0.1,0.1,0.05
paper-evidence-v1-locked-test::raw_predicted_pv,synthetic-feasible-v1,synthetic,rapid_reversal__test__011,test,150811,clean,raw_predicted_pv,431,1,command_p,stop-j0-k197,stop,1.97,0,joint_0,5,0.04999999999999982,0.0022047138417228113,0.1,0.1,0.05
paper-evidence-v1-locked-test::raw_predicted_pv,synthetic-feasible-v1,synthetic,rapid_reversal__test__011,test,150811,clean,raw_predicted_pv,431,1,command_p,stop-j0-k220,stop,2.2,0,joint_0,5,0.04999999999999982,0.002760928519070356,0.1,0.1,0.05
paper-evidence-v1-locked-test::raw_predicted_pv,synthetic-feasible-v1,synthetic,rapid_reversal__test__011,test,150811,clean,raw_predicted_pv,431,1,command_p,stop-j0-k244,stop,2.44,0,joint_0,5,0.050000000000000044,0.004091691626807305,0.1,0.1,0.05
paper-evidence-v1-locked-test::raw_predicted_pv,synthetic-feasible-v1,synthetic,rapid_reversal__test__011,test,150811,clean,raw_predicted_pv,431,1,command_p,stop-j0-k267,stop,2.67,0,joint_0,5,0.050000000000000044,0.0031015745174983577,0.1,0.1,0.05
paper-evidence-v1-locked-test::raw_predicted_pv,synthetic-feasible-v1,synthetic,rapid_reversal__test__011,test,150811,clean,raw_predicted_pv,431,1,command_p,stop-j0-k290,stop,2.9,0,joint_0,5,0.04999999999999982,0.002302862655678307,0.1,0.1,0.05
paper-evidence-v1-locked-test::raw_predicted_pv,synthetic-feasible-v1,synthetic,rapid_reversal__test__011,test,150811,clean,raw_predicted_pv,431,1,command_p,stop-j0-k313,stop,3.13,0,joint_0,5,0.04999999999999982,0.0028758159882944436,0.1,0.1,0.05
paper-evidence-v1-locked-test::raw_predicted_pv,synthetic-feasible-v1,synthetic,rapid_reversal__test__011,test,150811,clean,raw_predicted_pv,431,1,command_p,stop-j0-k337,stop,3.37,0,joint_0,5,0.04999999999999982,0.005227238187167622,0.1,0.1,0.05
paper-evidence-v1-locked-test::raw_predicted_pv,synthetic-feasible-v1,synthetic,rapid_reversal__test__011,test,150811,clean,raw_predicted_pv,431,1,command_p,stop-j0-k360,stop,3.6,0,joint_0,1,0.009999999999999787,0.0014947967802578955,0.1,0.1,0.05
paper-evidence-v1-locked-test::raw_predicted_pv,synthetic-feasible-v1,synthetic,rapid_reversal__test__011,test,150811,clean,raw_predicted_pv,431,1,command_p,stop-j0-k383,stop,3.83,0,joint_0,5,0.04999999999999982,0.002507116265284784,0.1,0.1,0.05
paper-evidence-v1-locked-test::raw_predicted_pv,synthetic-feasible-v1,synthetic,rapid_reversal__test__011,test,150811,clean,raw_predicted_pv,431,1,command_p,stop-j0-k406,stop,4.0600000000000005,0,joint_0,5,0.04999999999999982,0.002849806566575416,0.1,0.1,0.05
paper-evidence-v1-locked-test::raw_predicted_pv,synthetic-feasible-v1,synthetic,rapid_reversal__test__012,test,150812,clean,raw_predicted_pv,408,1,command_p,stop-j0-k30,stop,0.3,0,joint_0,5,0.04999999999999999,0.012610114095074546,0.1,0.1,0.05
paper-evidence-v1-locked-test::raw_predicted_pv,synthetic-feasible-v1,synthetic,rapid_reversal__test__012,test,150812,clean,raw_predicted_pv,408,1,command_p,stop-j0-k58,stop,0.58,0,joint_0,2,0.020000000000000018,0.0010691712875737197,0.1,0.1,0.05
paper-evidence-v1-locked-test::raw_predicted_pv,synthetic-feasible-v1,synthetic,rapid_reversal__test__012,test,150812,clean,raw_predicted_pv,408,1,command_p,stop-j0-k87,stop,0.87,0,joint_0,5,0.050000000000000044,0.007214673671282583,0.1,0.1,0.05
paper-evidence-v1-locked-test::raw_predicted_pv,synthetic-feasible-v1,synthetic,rapid_reversal__test__012,test,150812,clean,raw_predicted_pv,408,1,command_p,stop-j0-k115,stop,1.1500000000000001,0,joint_0,1,0.010000000000000009,0.0016060691593114504,0.1,0.1,0.05
paper-evidence-v1-locked-test::raw_predicted_pv,synthetic-feasible-v1,synthetic,rapid_reversal__test__012,test,150812,clean,raw_predicted_pv,408,1,command_p,stop-j0-k143,stop,1.43,0,joint_0,5,0.050000000000000044,0.00952867408754461,0.1,0.1,0.05
paper-evidence-v1-locked-test::raw_predicted_pv,synthetic-feasible-v1,synthetic,rapid_reversal__test__012,test,150812,clean,raw_predicted_pv,408,1,command_p,reversal-j0-k145,reversal,1.435,0,joint_0,5,0.050000000000000044,0.008230800947711697,0.1,0.1,0.05
paper-evidence-v1-locked-test::raw_predicted_pv,synthetic-feasible-v1,synthetic,rapid_reversal__test__012,test,150812,clean,raw_predicted_pv,408,1,command_p,stop-j0-k172,stop,1.72,0,joint_0,1,0.010000000000000009,0.0016277150635279863,0.1,0.1,0.05
paper-evidence-v1-locked-test::raw_predicted_pv,synthetic-feasible-v1,synthetic,rapid_reversal__test__012,test,150812,clean,raw_predicted_pv,408,1,command_p,stop-j0-k200,stop,2.0,0,joint_0,5,0.04999999999999982,0.01016794239098695,0.1,0.1,0.05
paper-evidence-v1-locked-test::raw_predicted_pv,synthetic-feasible-v1,synthetic,rapid_reversal__test__012,test,150812,clean,raw_predicted_pv,408,1,command_p,stop-j0-k229,stop,2.29,0,joint_0,2,0.020000000000000018,0.001590595269702057,0.1,0.1,0.05
paper-evidence-v1-locked-test::raw_predicted_pv,synthetic-feasible-v1,synthetic,rapid_reversal__test__012,test,150812,clean,raw_predicted_pv,408,1,command_p,stop-j0-k257,stop,2.57,0,joint_0,5,0.04999999999999982,0.01218690312153375,0.1,0.1,0.05
paper-evidence-v1-locked-test::raw_predicted_pv,synthetic-feasible-v1,synthetic,rapid_reversal__test__012,test,150812,clean,raw_predicted_pv,408,1,command_p,stop-j0-k285,stop,2.85,0,joint_0,2,0.020000000000000018,0.0013690489933740032,0.1,0.1,0.05
paper-evidence-v1-locked-test::raw_predicted_pv,synthetic-feasible-v1,synthetic,rapid_reversal__test__012,test,150812,clean,raw_predicted_pv,408,1,command_p,reversal-j0-k287,reversal,2.855,0,joint_0,2,0.020000000000000018,0.00124573320214496,0.1,0.1,0.05
paper-evidence-v1-locked-test::raw_predicted_pv,synthetic-feasible-v1,synthetic,rapid_reversal__test__012,test,150812,clean,raw_predicted_pv,408,1,command_p,stop-j0-k314,stop,3.14,0,joint_0,5,0.04999999999999982,0.00683136108885594,0.1,0.1,0.05
paper-evidence-v1-locked-test::raw_predicted_pv,synthetic-feasible-v1,synthetic,rapid_reversal__test__012,test,150812,clean,raw_predicted_pv,408,1,command_p,stop-j0-k342,stop,3.42,0,joint_0,1,0.010000000000000009,0.001602549550759257,0.1,0.1,0.05
paper-evidence-v1-locked-test::raw_predicted_pv,synthetic-feasible-v1,synthetic,rapid_reversal__test__012,test,150812,clean,raw_predicted_pv,408,1,command_p,stop-j0-k370,stop,3.7,0,joint_0,5,0.04999999999999982,0.00835313831164615,0.1,0.1,0.05
paper-evidence-v1-locked-test::raw_predicted_pv,synthetic-feasible-v1,synthetic,rapid_reversal__test__012,test,150812,clean,raw_predicted_pv,408,1,command_p,reversal-j0-k372,reversal,3.705,0,joint_0,5,0.04999999999999982,0.00835313831164615,0.1,0.1,0.05
paper-evidence-v1-locked-test::raw_predicted_pv,synthetic-feasible-v1,synthetic,rapid_reversal__test__013,test,150813,clean,raw_predicted_pv,289,1,command_p,stop-j0-k22,stop,0.22,0,joint_0,1,0.010000000000000009,1.8656119001570177e-07,0.1,0.1,0.05
paper-evidence-v1-locked-test::raw_predicted_pv,synthetic-feasible-v1,synthetic,rapid_reversal__test__013,test,150813,clean,raw_predicted_pv,289,1,command_p,stop-j0-k43,stop,0.43,0,joint_0,1,0.010000000000000009,1.851309009267324e-07,0.1,0.1,0.05
paper-evidence-v1-locked-test::raw_predicted_pv,synthetic-feasible-v1,synthetic,rapid_reversal__test__013,test,150813,clean,raw_predicted_pv,289,1,command_p,stop-j0-k64,stop,0.64,0,joint_0,1,0.010000000000000009,1.8389368148764446e-07,0.1,0.1,0.05
paper-evidence-v1-locked-test::raw_predicted_pv,synthetic-feasible-v1,synthetic,rapid_reversal__test__013,test,150813,clean,raw_predicted_pv,289,1,command_p,reversal-j0-k86,reversal,0.855,0,joint_0,1,0.010000000000000009,1.8157333113014083e-07,0.1,0.1,0.05
paper-evidence-v1-locked-test::raw_predicted_pv,synthetic-feasible-v1,synthetic,rapid_reversal__test__013,test,150813,clean,raw_predicted_pv,289,1,command_p,stop-j0-k107,stop,1.07,0,joint_0,1,0.010000000000000009,1.883430598371834e-07,0.1,0.1,0.05
paper-evidence-v1-locked-test::raw_predicted_pv,synthetic-feasible-v1,synthetic,rapid_reversal__test__013,test,150813,clean,raw_predicted_pv,289,1,command_p,stop-j0-k128,stop,1.28,0,joint_0,1,0.010000000000000009,1.8470696423943622e-07,0.1,0.1,0.05
paper-evidence-v1-locked-test::raw_predicted_pv,synthetic-feasible-v1,synthetic,rapid_reversal__test__013,test,150813,clean,raw_predicted_pv,289,1,command_p,stop-j0-k149,stop,1.49,0,joint_0,1,0.010000000000000009,1.8354929297975089e-07,0.1,0.1,0.05
paper-evidence-v1-locked-test::raw_predicted_pv,synthetic-feasible-v1,synthetic,rapid_reversal__test__013,test,150813,clean,raw_predicted_pv,289,1,command_p,stop-j0-k171,stop,1.71,0,joint_0,1,0.010000000000000009,1.871095046046004e-07,0.1,0.1,0.05
paper-evidence-v1-locked-test::raw_predicted_pv,synthetic-feasible-v1,synthetic,rapid_reversal__test__013,test,150813,clean,raw_predicted_pv,289,1,command_p,stop-j0-k192,stop,1.92,0,joint_0,1,0.010000000000000009,1.8563707357073293e-07,0.1,0.1,0.05
paper-evidence-v1-locked-test::raw_predicted_pv,synthetic-feasible-v1,synthetic,rapid_reversal__test__013,test,150813,clean,raw_predicted_pv,289,1,command_p,stop-j0-k213,stop,2.13,0,joint_0,1,0.010000000000000009,1.8432468749102096e-07,0.1,0.1,0.05
paper-evidence-v1-locked-test::raw_predicted_pv,synthetic-feasible-v1,synthetic,rapid_reversal__test__013,test,150813,clean,raw_predicted_pv,289,1,command_p,stop-j0-k234,stop,2.34,0,joint_0,1,0.010000000000000009,1.8325534562704297e-07,0.1,0.1,0.05
paper-evidence-v1-locked-test::raw_predicted_pv,synthetic-feasible-v1,synthetic,rapid_reversal__test__013,test,150813,clean,raw_predicted_pv,289,1,command_p,stop-j0-k256,stop,2.56,0,joint_0,1,0.009999999999999787,1.8665853511870837e-07,0.1,0.1,0.05
paper-evidence-v1-locked-test::raw_predicted_pv,synthetic-feasible-v1,synthetic,rapid_reversal__test__013,test,150813,clean,raw_predicted_pv,289,1,command_p,stop-j0-k277,stop,2.77,0,joint_0,1,0.009999999999999787,1.85232839848125e-07,0.1,0.1,0.05
paper-evidence-v1-locked-test::raw_predicted_pv,synthetic-feasible-v1,synthetic,rapid_reversal__test__014,test,150814,clean,raw_predicted_pv,429,1,command_p,stop-j0-k13,stop,0.13,0,joint_0,4,0.04000000000000001,0.0023526433661061968,0.1,0.1,0.05
paper-evidence-v1-locked-test::raw_predicted_pv,synthetic-feasible-v1,synthetic,rapid_reversal__test__014,test,150814,clean,raw_predicted_pv,429,1,command_p,stop-j0-k37,stop,0.37,0,joint_0,1,0.010000000000000009,3.3093798613621076e-07,0.1,0.1,0.05
paper-evidence-v1-locked-test::raw_predicted_pv,synthetic-feasible-v1,synthetic,rapid_reversal__test__014,test,150814,clean,raw_predicted_pv,429,1,command_p,stop-j0-k62,stop,0.62,0,joint_0,1,0.010000000000000009,3.4863995291114324e-07,0.1,0.1,0.05
paper-evidence-v1-locked-test::raw_predicted_pv,synthetic-feasible-v1,synthetic,rapid_reversal__test__014,test,150814,clean,raw_predicted_pv,429,1,command_p,stop-j0-k86,stop,0.86,0,joint_0,1,0.010000000000000009,3.312162736479889e-07,0.1,0.1,0.05
paper-evidence-v1-locked-test::raw_predicted_pv,synthetic-feasible-v1,synthetic,rapid_reversal__test__014,test,150814,clean,raw_predicted_pv,429,1,command_p,stop-j0-k111,stop,1.11,0,joint_0,1,0.010000000000000009,3.49140981258886e-07,0.1,0.1,0.05
paper-evidence-v1-locked-test::raw_predicted_pv,synthetic-feasible-v1,synthetic,rapid_reversal__test__014,test,150814,clean,raw_predicted_pv,429,1,command_p,stop-j0-k135,stop,1.35,0,joint_0,1,0.010000000000000009,3.39495580639036e-07,0.1,0.1,0.05
paper-evidence-v1-locked-test::raw_predicted_pv,synthetic-feasible-v1,synthetic,rapid_reversal__test__014,test,150814,clean,raw_predicted_pv,429,1,command_p,stop-j0-k160,stop,1.6,0,joint_0,1,0.010000000000000009,3.496450520889737e-07,0.1,0.1,0.05
paper-evidence-v1-locked-test::raw_predicted_pv,synthetic-feasible-v1,synthetic,rapid_reversal__test__014,test,150814,clean,raw_predicted_pv,429,1,command_p,stop-j0-k184,stop,1.84,0,joint_0,1,0.010000000000000009,3.399408108624009e-07,0.1,0.1,0.05
paper-evidence-v1-locked-test::raw_predicted_pv,synthetic-feasible-v1,synthetic,rapid_reversal__test__014,test,150814,clean,raw_predicted_pv,429,1,command_p,stop-j0-k209,stop,2.09,0,joint_0,1,0.009999999999999898,3.5015198963888245e-07,0.1,0.1,0.05
paper-evidence-v1-locked-test::raw_predicted_pv,synthetic-feasible-v1,synthetic,rapid_reversal__test__014,test,150814,clean,raw_predicted_pv,429,1,command_p,stop-j0-k233,stop,2.33,0,joint_0,1,0.009999999999999787,3.403924284169837e-07,0.1,0.1,0.05
paper-evidence-v1-locked-test::raw_predicted_pv,synthetic-feasible-v1,synthetic,rapid_reversal__test__014,test,150814,clean,raw_predicted_pv,429,1,command_p,stop-j0-k258,stop,2.58,0,joint_0,1,0.009999999999999787,3.5066161851400954e-07,0.1,0.1,0.05
paper-evidence-v1-locked-test::raw_predicted_pv,synthetic-feasible-v1,synthetic,rapid_reversal__test__014,test,150814,clean,raw_predicted_pv,429,1,command_p,stop-j0-k282,stop,2.82,0,joint_0,1,0.010000000000000009,3.408502630662717e-07,0.1,0.1,0.05
paper-evidence-v1-locked-test::raw_predicted_pv,synthetic-feasible-v1,synthetic,rapid_reversal__test__014,test,150814,clean,raw_predicted_pv,429,1,command_p,stop-j0-k307,stop,3.0700000000000003,0,joint_0,1,0.009999999999999787,3.596654512610343e-07,0.1,0.1,0.05
paper-evidence-v1-locked-test::raw_predicted_pv,synthetic-feasible-v1,synthetic,rapid_reversal__test__014,test,150814,clean,raw_predicted_pv,429,1,command_p,stop-j0-k331,stop,3.31,0,joint_0,1,0.009999999999999787,3.4131414356946266e-07,0.1,0.1,0.05
paper-evidence-v1-locked-test::raw_predicted_pv,synthetic-feasible-v1,synthetic,rapid_reversal__test__014,test,150814,clean,raw_predicted_pv,429,1,command_p,stop-j0-k356,stop,3.56,0,joint_0,1,0.009999999999999787,3.516882509468091e-07,0.1,0.1,0.05
paper-evidence-v1-locked-test::raw_predicted_pv,synthetic-feasible-v1,synthetic,rapid_reversal__test__014,test,150814,clean,raw_predicted_pv,429,1,command_p,stop-j0-k380,stop,3.8000000000000003,0,joint_0,1,0.009999999999999787,3.506628406043787e-07,0.1,0.1,0.05
paper-evidence-v1-locked-test::raw_predicted_pv,synthetic-feasible-v1,synthetic,rapid_reversal__test__014,test,150814,clean,raw_predicted_pv,429,1,command_p,stop-j0-k405,stop,4.05,0,joint_0,1,0.009999999999999787,3.522049061289624e-07,0.1,0.1,0.05
paper-evidence-v1-locked-test::raw_predicted_pv,synthetic-feasible-v1,synthetic,rapid_reversal__test__015,test,150815,clean,raw_predicted_pv,304,1,command_p,stop-j0-k27,stop,0.27,0,joint_0,5,0.04999999999999999,0.007068654487821771,0.1,0.1,0.05
paper-evidence-v1-locked-test::raw_predicted_pv,synthetic-feasible-v1,synthetic,rapid_reversal__test__015,test,150815,clean,raw_predicted_pv,304,1,command_p,stop-j0-k57,stop,0.5700000000000001,0,joint_0,5,0.050000000000000044,0.006649075644559036,0.1,0.1,0.05
paper-evidence-v1-locked-test::raw_predicted_pv,synthetic-feasible-v1,synthetic,rapid_reversal__test__015,test,150815,clean,raw_predicted_pv,304,1,command_p,stop-j0-k87,stop,0.87,0,joint_0,1,0.010000000000000009,2.4418370260923557e-06,0.1,0.1,0.05
paper-evidence-v1-locked-test::raw_predicted_pv,synthetic-feasible-v1,synthetic,rapid_reversal__test__015,test,150815,clean,raw_predicted_pv,304,1,command_p,stop-j0-k117,stop,1.17,0,joint_0,5,0.050000000000000044,0.008076185928381354,0.1,0.1,0.05
paper-evidence-v1-locked-test::raw_predicted_pv,synthetic-feasible-v1,synthetic,rapid_reversal__test__015,test,150815,clean,raw_predicted_pv,304,1,command_p,stop-j0-k147,stop,1.47,0,joint_0,1,0.010000000000000009,0.00013970757229833894,0.1,0.1,0.05
paper-evidence-v1-locked-test::raw_predicted_pv,synthetic-feasible-v1,synthetic,rapid_reversal__test__015,test,150815,clean,raw_predicted_pv,304,1,command_p,stop-j0-k177,stop,1.77,0,joint_0,5,0.050000000000000044,0.005066511525114791,0.1,0.1,0.05
paper-evidence-v1-locked-test::raw_predicted_pv,synthetic-feasible-v1,synthetic,rapid_reversal__test__015,test,150815,clean,raw_predicted_pv,304,1,command_p,stop-j0-k207,stop,2.07,0,joint_0,5,0.04999999999999982,0.005779586454803577,0.1,0.1,0.05
paper-evidence-v1-locked-test::raw_predicted_pv,synthetic-feasible-v1,synthetic,rapid_reversal__test__015,test,150815,clean,raw_predicted_pv,304,1,command_p,stop-j0-k236,stop,2.36,0,joint_0,5,0.04999999999999982,0.00755842848189176,0.1,0.1,0.05
paper-evidence-v1-locked-test::raw_predicted_pv,synthetic-feasible-v1,synthetic,rapid_reversal__test__015,test,150815,clean,raw_predicted_pv,304,1,command_p,reversal-j0-k238,reversal,2.365,0,joint_0,5,0.04999999999999982,0.006335789176895427,0.1,0.1,0.05
paper-evidence-v1-locked-test::raw_predicted_pv,synthetic-feasible-v1,synthetic,rapid_reversal__test__015,test,150815,clean,raw_predicted_pv,304,1,command_p,stop-j0-k266,stop,2.66,0,joint_0,5,0.04999999999999982,0.008398464493423283,0.1,0.1,0.05
paper-evidence-v1-locked-test::raw_predicted_pv,synthetic-feasible-v1,synthetic,rapid_reversal__test__016,test,150816,clean,raw_predicted_pv,341,1,command_p,stop-j0-k42,stop,0.42,0,joint_0,5,0.04999999999999999,0.020708556067076098,0.1,0.1,0.05
paper-evidence-v1-locked-test::raw_predicted_pv,synthetic-feasible-v1,synthetic,rapid_reversal__test__016,test,150816,clean,raw_predicted_pv,341,1,command_p,reversal-j0-k44,reversal,0.42500000000000004,0,joint_0,5,0.04999999999999999,0.01794367238694975,0.1,0.1,0.05
paper-evidence-v1-locked-test::raw_predicted_pv,synthetic-feasible-v1,synthetic,rapid_reversal__test__016,test,150816,clean,raw_predicted_pv,341,1,command_p,stop-j0-k82,stop,0.8200000000000001,0,joint_0,1,0.010000000000000009,0.00035559670573539695,0.1,0.1,0.05
paper-evidence-v1-locked-test::raw_predicted_pv,synthetic-feasible-v1,synthetic,rapid_reversal__test__016,test,150816,clean,raw_predicted_pv,341,1,command_p,stop-j0-k121,stop,1.21,0,joint_0,5,0.050000000000000044,0.014583722379987616,0.1,0.1,0.05
paper-evidence-v1-locked-test::raw_predicted_pv,synthetic-feasible-v1,synthetic,rapid_reversal__test__016,test,150816,clean,raw_predicted_pv,341,1,command_p,reversal-j0-k123,reversal,1.2149999999999999,0,joint_0,5,0.050000000000000044,0.012368133607475245,0.1,0.1,0.05
paper-evidence-v1-locked-test::raw_predicted_pv,synthetic-feasible-v1,synthetic,rapid_reversal__test__016,test,150816,clean,raw_predicted_pv,341,1,command_p,stop-j0-k160,stop,1.6,0,joint_0,1,0.010000000000000009,0.00014418940231469062,0.1,0.1,0.05
paper-evidence-v1-locked-test::raw_predicted_pv,synthetic-feasible-v1,synthetic,rapid_reversal__test__016,test,150816,clean,raw_predicted_pv,341,1,command_p,reversal-j0-k162,reversal,1.605,0,joint_0,1,0.010000000000000009,0.000119725419428511,0.1,0.1,0.05
paper-evidence-v1-locked-test::raw_predicted_pv,synthetic-feasible-v1,synthetic,rapid_reversal__test__016,test,150816,clean,raw_predicted_pv,341,1,command_p,stop-j0-k199,stop,1.99,0,joint_0,5,0.04999999999999982,0.021389581879382225,0.1,0.1,0.05
paper-evidence-v1-locked-test::raw_predicted_pv,synthetic-feasible-v1,synthetic,rapid_reversal__test__016,test,150816,clean,raw_predicted_pv,341,1,command_p,reversal-j0-k201,reversal,1.995,0,joint_0,5,0.04999999999999982,0.018582916380464103,0.1,0.1,0.05
paper-evidence-v1-locked-test::raw_predicted_pv,synthetic-feasible-v1,synthetic,rapid_reversal__test__016,test,150816,clean,raw_predicted_pv,341,1,command_p,stop-j0-k239,stop,2.39,0,joint_0,1,0.009999999999999787,0.00047686500784620967,0.1,0.1,0.05
paper-evidence-v1-locked-test::raw_predicted_pv,synthetic-feasible-v1,synthetic,rapid_reversal__test__016,test,150816,clean,raw_predicted_pv,341,1,command_p,stop-j0-k278,stop,2.7800000000000002,0,joint_0,5,0.04999999999999982,0.011406185136940339,0.1,0.1,0.05
paper-evidence-v1-locked-test::raw_predicted_pv,synthetic-feasible-v1,synthetic,rapid_reversal__test__016,test,150816,clean,raw_predicted_pv,341,1,command_p,reversal-j0-k280,reversal,2.785,0,joint_0,5,0.04999999999999982,0.011406185136940339,0.1,0.1,0.05
paper-evidence-v1-locked-test::raw_predicted_pv,synthetic-feasible-v1,synthetic,rapid_reversal__test__016,test,150816,clean,raw_predicted_pv,341,1,command_p,stop-j0-k317,stop,3.17,0,joint_0,1,0.010000000000000009,8.22326104247064e-05,0.1,0.1,0.05
paper-evidence-v1-locked-test::raw_predicted_pv,synthetic-feasible-v1,synthetic,rapid_reversal__test__016,test,150816,clean,raw_predicted_pv,341,1,command_p,reversal-j0-k319,reversal,3.175,0,joint_0,1,0.009999999999999787,7.081454351450829e-05,0.1,0.1,0.05
paper-evidence-v1-locked-test::raw_predicted_pv,synthetic-feasible-v1,synthetic,rapid_reversal__test__017,test,150817,clean,raw_predicted_pv,342,1,command_p,stop-j0-k22,stop,0.22,0,joint_0,1,0.010000000000000009,1.5401471831904444e-07,0.1,0.1,0.05
paper-evidence-v1-locked-test::raw_predicted_pv,synthetic-feasible-v1,synthetic,rapid_reversal__test__017,test,150817,clean,raw_predicted_pv,342,1,command_p,stop-j0-k45,stop,0.45,0,joint_0,1,0.010000000000000009,1.5366235874130147e-07,0.1,0.1,0.05
paper-evidence-v1-locked-test::raw_predicted_pv,synthetic-feasible-v1,synthetic,rapid_reversal__test__017,test,150817,clean,raw_predicted_pv,342,1,command_p,stop-j0-k68,stop,0.68,0,joint_0,1,0.010000000000000009,1.533197008386957e-07,0.1,0.1,0.05
paper-evidence-v1-locked-test::raw_predicted_pv,synthetic-feasible-v1,synthetic,rapid_reversal__test__017,test,150817,clean,raw_predicted_pv,342,1,command_p,stop-j0-k91,stop,0.91,0,joint_0,1,0.010000000000000009,1.5298727274052154e-07,0.1,0.1,0.05
paper-evidence-v1-locked-test::raw_predicted_pv,synthetic-feasible-v1,synthetic,rapid_reversal__test__017,test,150817,clean,raw_predicted_pv,342,1,command_p,stop-j0-k114,stop,1.1400000000000001,0,joint_0,1,0.010000000000000009,1.5266559039744217e-07,0.1,0.1,0.05
paper-evidence-v1-locked-test::raw_predicted_pv,synthetic-feasible-v1,synthetic,rapid_reversal__test__017,test,150817,clean,raw_predicted_pv,342,1,command_p,reversal-j0-k138,reversal,1.375,0,joint_0,1,0.010000000000000009,1.5489960949036492e-07,0.1,0.1,0.05
paper-evidence-v1-locked-test::raw_predicted_pv,synthetic-feasible-v1,synthetic,rapid_reversal__test__017,test,150817,clean,raw_predicted_pv,342,1,command_p,stop-j0-k161,stop,1.61,0,joint_0,1,0.010000000000000009,1.600550742458983e-07,0.1,0.1,0.05
paper-evidence-v1-locked-test::raw_predicted_pv,synthetic-feasible-v1,synthetic,rapid_reversal__test__017,test,150817,clean,raw_predicted_pv,342,1,command_p,stop-j0-k184,stop,1.84,0,joint_0,1,0.010000000000000009,1.59635613948837e-07,0.1,0.1,0.05
paper-evidence-v1-locked-test::raw_predicted_pv,synthetic-feasible-v1,synthetic,rapid_reversal__test__017,test,150817,clean,raw_predicted_pv,342,1,command_p,stop-j0-k207,stop,2.07,0,joint_0,1,0.010000000000000009,1.592169625670145e-07,0.1,0.1,0.05
paper-evidence-v1-locked-test::raw_predicted_pv,synthetic-feasible-v1,synthetic,rapid_reversal__test__017,test,150817,clean,raw_predicted_pv,342,1,command_p,stop-j0-k230,stop,2.3000000000000003,0,joint_0,1,0.009999999999999787,1.6288999132763474e-07,0.1,0.1,0.05
paper-evidence-v1-locked-test::raw_predicted_pv,synthetic-feasible-v1,synthetic,rapid_reversal__test__017,test,150817,clean,raw_predicted_pv,342,1,command_p,stop-j0-k253,stop,2.5300000000000002,0,joint_0,1,0.009999999999999787,1.6243873911125941e-07,0.1,0.1,0.05
paper-evidence-v1-locked-test::raw_predicted_pv,synthetic-feasible-v1,synthetic,rapid_reversal__test__017,test,150817,clean,raw_predicted_pv,342,1,command_p,stop-j0-k276,stop,2.7600000000000002,0,joint_0,1,0.009999999999999787,1.6198330632514953e-07,0.1,0.1,0.05
paper-evidence-v1-locked-test::raw_predicted_pv,synthetic-feasible-v1,synthetic,rapid_reversal__test__017,test,150817,clean,raw_predicted_pv,342,1,command_p,stop-j0-k299,stop,2.99,0,joint_0,1,0.009999999999999787,1.6152428926999763e-07,0.1,0.1,0.05
paper-evidence-v1-locked-test::raw_predicted_pv,synthetic-feasible-v1,synthetic,rapid_reversal__test__017,test,150817,clean,raw_predicted_pv,342,1,command_p,stop-j0-k322,stop,3.22,0,joint_0,1,0.009999999999999787,1.6106229439372426e-07,0.1,0.1,0.05
paper-evidence-v1-locked-test::raw_predicted_pv,synthetic-feasible-v1,synthetic,rapid_reversal__test__018,test,150818,clean,raw_predicted_pv,447,1,command_p,stop-j0-k29,stop,0.29,0,joint_0,1,0.010000000000000009,4.1347193874152043e-07,0.1,0.1,0.05
paper-evidence-v1-locked-test::raw_predicted_pv,synthetic-feasible-v1,synthetic,rapid_reversal__test__018,test,150818,clean,raw_predicted_pv,447,1,command_p,reversal-j0-k52,reversal,0.515,0,joint_0,1,0.010000000000000009,4.1186594590976913e-07,0.1,0.1,0.05
paper-evidence-v1-locked-test::raw_predicted_pv,synthetic-feasible-v1,synthetic,rapid_reversal__test__018,test,150818,clean,raw_predicted_pv,447,1,command_p,stop-j0-k74,stop,0.74,0,joint_0,1,0.010000000000000009,4.046279645969344e-07,0.1,0.1,0.05
paper-evidence-v1-locked-test::raw_predicted_pv,synthetic-feasible-v1,synthetic,rapid_reversal__test__018,test,150818,clean,raw_predicted_pv,447,1,command_p,stop-j0-k96,stop,0.96,0,joint_0,1,0.010000000000000009,4.1387843461885734e-07,0.1,0.1,0.05
paper-evidence-v1-locked-test::raw_predicted_pv,synthetic-feasible-v1,synthetic,rapid_reversal__test__018,test,150818,clean,raw_predicted_pv,447,1,command_p,stop-j0-k118,stop,1.18,0,joint_0,1,0.010000000000000009,4.0873069742496307e-07,0.1,0.1,0.05
paper-evidence-v1-locked-test::raw_predicted_pv,synthetic-feasible-v1,synthetic,rapid_reversal__test__018,test,150818,clean,raw_predicted_pv,447,1,command_p,stop-j0-k141,stop,1.41,0,joint_0,1,0.010000000000000009,4.2045836764716483e-07,0.1,0.1,0.05
paper-evidence-v1-locked-test::raw_predicted_pv,synthetic-feasible-v1,synthetic,rapid_reversal__test__018,test,150818,clean,raw_predicted_pv,447,1,command_p,stop-j0-k163,stop,1.6300000000000001,0,joint_0,1,0.010000000000000009,4.142899646478628e-07,0.1,0.1,0.05
paper-evidence-v1-locked-test::raw_predicted_pv,synthetic-feasible-v1,synthetic,rapid_reversal__test__018,test,150818,clean,raw_predicted_pv,447,1,command_p,stop-j0-k185,stop,1.85,0,joint_0,1,0.010000000000000009,4.090581234283366e-07,0.1,0.1,0.05
paper-evidence-v1-locked-test::raw_predicted_pv,synthetic-feasible-v1,synthetic,rapid_reversal__test__018,test,150818,clean,raw_predicted_pv,447,1,command_p,stop-j0-k208,stop,2.08,0,joint_0,1,0.009999999999999898,4.209244332822991e-07,0.1,0.1,0.05
paper-evidence-v1-locked-test::raw_predicted_pv,synthetic-feasible-v1,synthetic,rapid_reversal__test__018,test,150818,clean,raw_predicted_pv,447,1,command_p,stop-j0-k230,stop,2.3000000000000003,0,joint_0,1,0.009999999999999787,4.218497044692877e-07,0.1,0.1,0.05
paper-evidence-v1-locked-test::raw_predicted_pv,synthetic-feasible-v1,synthetic,rapid_reversal__test__018,test,150818,clean,raw_predicted_pv,447,1,command_p,stop-j0-k252,stop,2.52,0,joint_0,1,0.009999999999999787,4.09392562436674e-07,0.1,0.1,0.05
paper-evidence-v1-locked-test::raw_predicted_pv,synthetic-feasible-v1,synthetic,rapid_reversal__test__018,test,150818,clean,raw_predicted_pv,447,1,command_p,stop-j0-k275,stop,2.75,0,joint_0,1,0.009999999999999787,4.213927473275269e-07,0.1,0.1,0.05
paper-evidence-v1-locked-test::raw_predicted_pv,synthetic-feasible-v1,synthetic,rapid_reversal__test__018,test,150818,clean,raw_predicted_pv,447,1,command_p,stop-j0-k297,stop,2.97,0,joint_0,1,0.009999999999999787,4.224582414508732e-07,0.1,0.1,0.05
paper-evidence-v1-locked-test::raw_predicted_pv,synthetic-feasible-v1,synthetic,rapid_reversal__test__018,test,150818,clean,raw_predicted_pv,447,1,command_p,stop-j0-k319,stop,3.19,0,joint_0,1,0.010000000000000009,4.097338748086151e-07,0.1,0.1,0.05
paper-evidence-v1-locked-test::raw_predicted_pv,synthetic-feasible-v1,synthetic,rapid_reversal__test__018,test,150818,clean,raw_predicted_pv,447,1,command_p,stop-j0-k342,stop,3.42,0,joint_0,1,0.010000000000000009,4.218631288369276e-07,0.1,0.1,0.05
paper-evidence-v1-locked-test::raw_predicted_pv,synthetic-feasible-v1,synthetic,rapid_reversal__test__018,test,150818,clean,raw_predicted_pv,447,1,command_p,stop-j0-k364,stop,3.64,0,joint_0,1,0.009999999999999787,4.1555308553507257e-07,0.1,0.1,0.05
paper-evidence-v1-locked-test::raw_predicted_pv,synthetic-feasible-v1,synthetic,rapid_reversal__test__018,test,150818,clean,raw_predicted_pv,447,1,command_p,stop-j0-k386,stop,3.86,0,joint_0,1,0.010000000000000009,4.1008191830341874e-07,0.1,0.1,0.05
paper-evidence-v1-locked-test::raw_predicted_pv,synthetic-feasible-v1,synthetic,rapid_reversal__test__018,test,150818,clean,raw_predicted_pv,447,1,command_p,stop-j0-k409,stop,4.09,0,joint_0,1,0.009999999999999787,4.223353965971903e-07,0.1,0.1,0.05
paper-evidence-v1-locked-test::raw_predicted_pv,synthetic-feasible-v1,synthetic,rapid_reversal__test__018,test,150818,clean,raw_predicted_pv,447,1,command_p,stop-j0-k431,stop,4.3100000000000005,0,joint_0,1,0.009999999999999787,4.2367714974904693e-07,0.1,0.1,0.05
paper-evidence-v1-locked-test::raw_predicted_pv,synthetic-feasible-v1,synthetic,rapid_reversal__test__019,test,150819,clean,raw_predicted_pv,255,1,command_p,stop-j0-k36,stop,0.36,0,joint_0,1,0.010000000000000009,2.1630392818894275e-07,0.1,0.1,0.05
paper-evidence-v1-locked-test::raw_predicted_pv,synthetic-feasible-v1,synthetic,rapid_reversal__test__019,test,150819,clean,raw_predicted_pv,255,1,command_p,stop-j0-k73,stop,0.73,0,joint_0,1,0.010000000000000009,2.2043971089526431e-07,0.1,0.1,0.05
paper-evidence-v1-locked-test::raw_predicted_pv,synthetic-feasible-v1,synthetic,rapid_reversal__test__019,test,150819,clean,raw_predicted_pv,255,1,command_p,stop-j0-k110,stop,1.1,0,joint_0,1,0.010000000000000009,2.1940063277175198e-07,0.1,0.1,0.05
paper-evidence-v1-locked-test::raw_predicted_pv,synthetic-feasible-v1,synthetic,rapid_reversal__test__019,test,150819,clean,raw_predicted_pv,255,1,command_p,reversal-j0-k112,reversal,1.105,0,joint_0,1,0.010000000000000009,2.0991930511591184e-07,0.1,0.1,0.05
paper-evidence-v1-locked-test::raw_predicted_pv,synthetic-feasible-v1,synthetic,rapid_reversal__test__019,test,150819,clean,raw_predicted_pv,255,1,command_p,stop-j0-k147,stop,1.47,0,joint_0,1,0.010000000000000009,2.541019021279303e-07,0.1,0.1,0.05
paper-evidence-v1-locked-test::raw_predicted_pv,synthetic-feasible-v1,synthetic,rapid_reversal__test__019,test,150819,clean,raw_predicted_pv,255,1,command_p,reversal-j0-k149,reversal,1.475,0,joint_0,1,0.010000000000000009,2.1398119200339864e-07,0.1,0.1,0.05
paper-evidence-v1-locked-test::raw_predicted_pv,synthetic-feasible-v1,synthetic,rapid_reversal__test__019,test,150819,clean,raw_predicted_pv,255,1,command_p,stop-j0-k185,stop,1.85,0,joint_0,1,0.010000000000000009,2.1389135151737415e-07,0.1,0.1,0.05
paper-evidence-v1-locked-test::raw_predicted_pv,synthetic-feasible-v1,synthetic,rapid_reversal__test__019,test,150819,clean,raw_predicted_pv,255,1,command_p,stop-j0-k222,stop,2.22,0,joint_0,1,0.009999999999999787,2.0769936299138928e-07,0.1,0.1,0.05
paper-evidence-v1-locked-test::raw_predicted_pv,synthetic-feasible-v1,synthetic,rapid_reversal__test__019,test,150819,clean,raw_predicted_pv,255,1,command_p,reversal-j0-k224,reversal,2.225,0,joint_0,1,0.009999999999999787,2.0769936299138928e-07,0.1,0.1,0.05
paper-evidence-v1-locked-test::raw_predicted_pv,synthetic-feasible-v1,synthetic,rapid_reversal__test__020,test,150820,clean,raw_predicted_pv,380,1,command_p,stop-j0-k24,stop,0.24,0,joint_0,5,0.04999999999999999,0.007651835231031097,0.1,0.1,0.05
paper-evidence-v1-locked-test::raw_predicted_pv,synthetic-feasible-v1,synthetic,rapid_reversal__test__020,test,150820,clean,raw_predicted_pv,380,1,command_p,stop-j0-k46,stop,0.46,0,joint_0,3,0.030000000000000027,0.0033336267872711373,0.1,0.1,0.05
paper-evidence-v1-locked-test::raw_predicted_pv,synthetic-feasible-v1,synthetic,rapid_reversal__test__020,test,150820,clean,raw_predicted_pv,380,1,command_p,stop-j0-k67,stop,0.67,0,joint_0,5,0.050000000000000044,0.005977025409142897,0.1,0.1,0.05
paper-evidence-v1-locked-test::raw_predicted_pv,synthetic-feasible-v1,synthetic,rapid_reversal__test__020,test,150820,clean,raw_predicted_pv,380,1,command_p,stop-j0-k88,stop,0.88,0,joint_0,2,0.020000000000000018,0.0027174373548157263,0.1,0.1,0.05
paper-evidence-v1-locked-test::raw_predicted_pv,synthetic-feasible-v1,synthetic,rapid_reversal__test__020,test,150820,clean,raw_predicted_pv,380,1,command_p,reversal-j0-k110,reversal,1.0950000000000002,0,joint_0,5,0.050000000000000044,0.006173895641709641,0.1,0.1,0.05
paper-evidence-v1-locked-test::raw_predicted_pv,synthetic-feasible-v1,synthetic,rapid_reversal__test__020,test,150820,clean,raw_predicted_pv,380,1,command_p,stop-j0-k131,stop,1.31,0,joint_0,2,0.020000000000000018,0.0033978385690968606,0.1,0.1,0.05
paper-evidence-v1-locked-test::raw_predicted_pv,synthetic-feasible-v1,synthetic,rapid_reversal__test__020,test,150820,clean,raw_predicted_pv,380,1,command_p,stop-j0-k152,stop,1.52,0,joint_0,5,0.050000000000000044,0.003077672976163192,0.1,0.1,0.05
paper-evidence-v1-locked-test::raw_predicted_pv,synthetic-feasible-v1,synthetic,rapid_reversal__test__020,test,150820,clean,raw_predicted_pv,380,1,command_p,reversal-j0-k174,reversal,1.7349999999999999,0,joint_0,5,0.050000000000000044,0.006258075006916709,0.1,0.1,0.05
paper-evidence-v1-locked-test::raw_predicted_pv,synthetic-feasible-v1,synthetic,rapid_reversal__test__020,test,150820,clean,raw_predicted_pv,380,1,command_p,stop-j0-k195,stop,1.95,0,joint_0,2,0.020000000000000018,0.003484112640493747,0.1,0.1,0.05
paper-evidence-v1-locked-test::raw_predicted_pv,synthetic-feasible-v1,synthetic,rapid_reversal__test__020,test,150820,clean,raw_predicted_pv,380,1,command_p,stop-j0-k216,stop,2.16,0,joint_0,5,0.04999999999999982,0.005424961043989138,0.1,0.1,0.05
paper-evidence-v1-locked-test::raw_predicted_pv,synthetic-feasible-v1,synthetic,rapid_reversal__test__020,test,150820,clean,raw_predicted_pv,380,1,command_p,stop-j0-k237,stop,2.37,0,joint_0,2,0.020000000000000018,0.002779119657917147,0.1,0.1,0.05
paper-evidence-v1-locked-test::raw_predicted_pv,synthetic-feasible-v1,synthetic,rapid_reversal__test__020,test,150820,clean,raw_predicted_pv,380,1,command_p,stop-j0-k259,stop,2.59,0,joint_0,5,0.04999999999999982,0.006450209693012609,0.1,0.1,0.05
paper-evidence-v1-locked-test::raw_predicted_pv,synthetic-feasible-v1,synthetic,rapid_reversal__test__020,test,150820,clean,raw_predicted_pv,380,1,command_p,stop-j0-k280,stop,2.8000000000000003,0,joint_0,3,0.029999999999999805,0.0033474038904067593,0.1,0.1,0.05
paper-evidence-v1-locked-test::raw_predicted_pv,synthetic-feasible-v1,synthetic,rapid_reversal__test__020,test,150820,clean,raw_predicted_pv,380,1,command_p,stop-j0-k301,stop,3.0100000000000002,0,joint_0,5,0.04999999999999982,0.003279293223047488,0.1,0.1,0.05
paper-evidence-v1-locked-test::raw_predicted_pv,synthetic-feasible-v1,synthetic,rapid_reversal__test__020,test,150820,clean,raw_predicted_pv,380,1,command_p,reversal-j0-k323,reversal,3.225,0,joint_0,5,0.04999999999999982,0.007453442783069768,0.1,0.1,0.05
paper-evidence-v1-locked-test::raw_predicted_pv,synthetic-feasible-v1,synthetic,rapid_reversal__test__020,test,150820,clean,raw_predicted_pv,380,1,command_p,stop-j0-k344,stop,3.44,0,joint_0,3,0.030000000000000027,0.0031169243667275555,0.1,0.1,0.05
paper-evidence-v1-locked-test::raw_predicted_pv,synthetic-feasible-v1,synthetic,rapid_reversal__test__020,test,150820,clean,raw_predicted_pv,380,1,command_p,stop-j0-k365,stop,3.65,0,joint_0,5,0.04999999999999982,0.003287923631191588,0.1,0.1,0.05
paper-evidence-v1-locked-test::raw_predicted_pv,synthetic-feasible-v1,synthetic,stop_and_go__test__001,test,140801,clean,raw_predicted_pv,422,1,command_p,stop-j0-k111,stop,1.11,0,joint_0,1,0.010000000000000009,4.095002782443198e-09,0.1,0.1,0.05
paper-evidence-v1-locked-test::raw_predicted_pv,synthetic-feasible-v1,synthetic,stop_and_go__test__001,test,140801,clean,raw_predicted_pv,422,1,command_p,reversal-j0-k188,reversal,1.4900000000000002,0,joint_0,-3,-0.030000000000000027,1.4347839970998812e-16,0.1,0.1,0.05
paper-evidence-v1-locked-test::raw_predicted_pv,synthetic-feasible-v1,synthetic,stop_and_go__test__001,test,140801,clean,raw_predicted_pv,422,1,command_p,stop-j0-k289,stop,2.89,0,joint_0,1,0.009999999999999787,6.7035587272406896e-09,0.1,0.1,0.05
paper-evidence-v1-locked-test::raw_predicted_pv,synthetic-feasible-v1,synthetic,stop_and_go__test__001,test,140801,clean,raw_predicted_pv,422,1,command_p,reversal-j0-k351,reversal,3.1950000000000003,0,joint_0,0,0.0,5.551115123125783e-17,0.1,0.1,0.05
paper-evidence-v1-locked-test::raw_predicted_pv,synthetic-feasible-v1,synthetic,stop_and_go__test__002,test,140802,clean,raw_predicted_pv,279,1,command_p,stop-j0-k73,stop,0.73,0,joint_0,1,0.010000000000000009,2.1156224612375767e-08,0.1,0.1,0.05
paper-evidence-v1-locked-test::raw_predicted_pv,synthetic-feasible-v1,synthetic,stop_and_go__test__002,test,140802,clean,raw_predicted_pv,279,1,command_p,reversal-j0-k124,reversal,0.98,0,joint_0,-3,-0.030000000000000027,7.877673682787172e-17,0.1,0.1,0.05
paper-evidence-v1-locked-test::raw_predicted_pv,synthetic-feasible-v1,synthetic,stop_and_go__test__002,test,140802,clean,raw_predicted_pv,279,1,command_p,stop-j0-k191,stop,1.9100000000000001,0,joint_0,1,0.010000000000000009,3.312026740697594e-08,0.1,0.1,0.05
paper-evidence-v1-locked-test::raw_predicted_pv,synthetic-feasible-v1,synthetic,stop_and_go__test__002,test,140802,clean,raw_predicted_pv,279,1,command_p,reversal-j0-k232,reversal,2.11,0,joint_0,-5,-0.04999999999999982,3.863412619563315e-17,0.1,0.1,0.05
paper-evidence-v1-locked-test::raw_predicted_pv,synthetic-feasible-v1,synthetic,stop_and_go__test__003,test,140803,clean,raw_predicted_pv,337,1,command_p,stop-j0-k88,stop,0.88,0,joint_0,1,0.010000000000000009,2.22771566883056e-08,0.1,0.1,0.05
paper-evidence-v1-locked-test::raw_predicted_pv,synthetic-feasible-v1,synthetic,stop_and_go__test__003,test,140803,clean,raw_predicted_pv,337,1,command_p,reversal-j0-k150,reversal,1.185,0,joint_0,0,0.0,2.6995775427946684e-16,0.1,0.1,0.05
paper-evidence-v1-locked-test::raw_predicted_pv,synthetic-feasible-v1,synthetic,stop_and_go__test__003,test,140803,clean,raw_predicted_pv,337,1,command_p,stop-j0-k231,stop,2.31,0,joint_0,1,0.009999999999999787,3.561553733803523e-08,0.1,0.1,0.05
paper-evidence-v1-locked-test::raw_predicted_pv,synthetic-feasible-v1,synthetic,stop_and_go__test__003,test,140803,clean,raw_predicted_pv,337,1,command_p,reversal-j0-k280,reversal,2.5500000000000003,0,joint_0,0,0.0,1.634989529877633e-16,0.1,0.1,0.05
paper-evidence-v1-locked-test::raw_predicted_pv,synthetic-feasible-v1,synthetic,stop_and_go__test__004,test,140804,clean,raw_predicted_pv,269,1,command_p,stop-j0-k71,stop,0.71,0,joint_0,1,0.010000000000000009,4.1056263659210705e-08,0.1,0.1,0.05
paper-evidence-v1-locked-test::raw_predicted_pv,synthetic-feasible-v1,synthetic,stop_and_go__test__004,test,140804,clean,raw_predicted_pv,269,1,command_p,reversal-j0-k120,reversal,0.95,0,joint_0,5,0.050000000000000044,1.5577778178957092e-16,0.1,0.1,0.05
paper-evidence-v1-locked-test::raw_predicted_pv,synthetic-feasible-v1,synthetic,stop_and_go__test__004,test,140804,clean,raw_predicted_pv,269,1,command_p,stop-j0-k184,stop,1.84,0,joint_0,1,0.010000000000000009,6.62289571001544e-08,0.1,0.1,0.05
paper-evidence-v1-locked-test::raw_predicted_pv,synthetic-feasible-v1,synthetic,stop_and_go__test__004,test,140804,clean,raw_predicted_pv,269,1,command_p,reversal-j0-k224,reversal,2.035,0,joint_0,5,0.04999999999999982,5.672902885430356e-15,0.1,0.1,0.05
paper-evidence-v1-locked-test::raw_predicted_pv,synthetic-feasible-v1,synthetic,stop_and_go__test__005,test,140805,clean,raw_predicted_pv,357,1,command_p,stop-j0-k94,stop,0.9400000000000001,0,joint_0,1,0.010000000000000009,5.349309126668063e-09,0.1,0.1,0.05
paper-evidence-v1-locked-test::raw_predicted_pv,synthetic-feasible-v1,synthetic,stop_and_go__test__005,test,140805,clean,raw_predicted_pv,357,1,command_p,reversal-j0-k159,reversal,1.26,0,joint_0,-5,-0.050000000000000044,1.063146338051474e-16,0.1,0.1,0.05
paper-evidence-v1-locked-test::raw_predicted_pv,synthetic-feasible-v1,synthetic,stop_and_go__test__005,test,140805,clean,raw_predicted_pv,357,1,command_p,stop-j0-k244,stop,2.44,0,joint_0,1,0.010000000000000009,8.810315754902226e-09,0.1,0.1,0.05
paper-evidence-v1-locked-test::raw_predicted_pv,synthetic-feasible-v1,synthetic,stop_and_go__test__005,test,140805,clean,raw_predicted_pv,357,1,command_p,reversal-j0-k296,reversal,2.6950000000000003,0,joint_0,-4,-0.040000000000000036,2.7537881465400968e-17,0.1,0.1,0.05
paper-evidence-v1-locked-test::raw_predicted_pv,synthetic-feasible-v1,synthetic,stop_and_go__test__006,test,140806,clean,raw_predicted_pv,419,1,command_p,stop-j0-k110,stop,1.1,0,joint_0,1,0.010000000000000009,1.0342729813770595e-08,0.1,0.1,0.05
paper-evidence-v1-locked-test::raw_predicted_pv,synthetic-feasible-v1,synthetic,stop_and_go__test__006,test,140806,clean,raw_predicted_pv,419,1,command_p,reversal-j0-k187,reversal,1.48,0,joint_0,5,0.050000000000000044,1.965557292077948e-15,0.1,0.1,0.05
paper-evidence-v1-locked-test::raw_predicted_pv,synthetic-feasible-v1,synthetic,stop_and_go__test__006,test,140806,clean,raw_predicted_pv,419,1,command_p,stop-j0-k287,stop,2.87,0,joint_0,1,0.009999999999999787,1.6902586465816733e-08,0.1,0.1,0.05
paper-evidence-v1-locked-test::raw_predicted_pv,synthetic-feasible-v1,synthetic,stop_and_go__test__006,test,140806,clean,raw_predicted_pv,419,1,command_p,reversal-j0-k348,reversal,3.17,0,joint_0,-5,-0.04999999999999982,1.4067313239769295e-16,0.1,0.1,0.05
paper-evidence-v1-locked-test::raw_predicted_pv,synthetic-feasible-v1,synthetic,stop_and_go__test__007,test,140807,clean,raw_predicted_pv,424,1,command_p,stop-j0-k111,stop,1.11,0,joint_0,1,0.010000000000000009,1.51377349450542e-08,0.1,0.1,0.05
paper-evidence-v1-locked-test::raw_predicted_pv,synthetic-feasible-v1,synthetic,stop_and_go__test__007,test,140807,clean,raw_predicted_pv,424,1,command_p,reversal-j0-k189,reversal,1.495,0,joint_0,5,0.050000000000000044,4.923518887275036e-16,0.1,0.1,0.05
paper-evidence-v1-locked-test::raw_predicted_pv,synthetic-feasible-v1,synthetic,stop_and_go__test__007,test,140807,clean,raw_predicted_pv,424,1,command_p,stop-j0-k291,stop,2.91,0,joint_0,1,0.009999999999999787,2.473709802603426e-08,0.1,0.1,0.05
paper-evidence-v1-locked-test::raw_predicted_pv,synthetic-feasible-v1,synthetic,stop_and_go__test__007,test,140807,clean,raw_predicted_pv,424,1,command_p,reversal-j0-k353,reversal,3.215,0,joint_0,4,0.040000000000000036,1.8619006149354548e-16,0.1,0.1,0.05
paper-evidence-v1-locked-test::raw_predicted_pv,synthetic-feasible-v1,synthetic,stop_and_go__test__008,test,140808,clean,raw_predicted_pv,305,1,command_p,stop-j0-k80,stop,0.8,0,joint_0,1,0.010000000000000009,3.244926166874677e-08,0.1,0.1,0.05
paper-evidence-v1-locked-test::raw_predicted_pv,synthetic-feasible-v1,synthetic,stop_and_go__test__008,test,140808,clean,raw_predicted_pv,305,1,command_p,reversal-j0-k136,reversal,1.0750000000000002,0,joint_0,-5,-0.050000000000000044,2.086904305642132e-16,0.1,0.1,0.05
paper-evidence-v1-locked-test::raw_predicted_pv,synthetic-feasible-v1,synthetic,stop_and_go__test__008,test,140808,clean,raw_predicted_pv,305,1,command_p,stop-j0-k209,stop,2.09,0,joint_0,1,0.009999999999999898,5.219274974904409e-08,0.1,0.1,0.05
paper-evidence-v1-locked-test::raw_predicted_pv,synthetic-feasible-v1,synthetic,stop_and_go__test__008,test,140808,clean,raw_predicted_pv,305,1,command_p,reversal-j0-k253,reversal,2.305,0,joint_0,0,0.0,1.8327088756841168e-16,0.1,0.1,0.05
paper-evidence-v1-locked-test::raw_predicted_pv,synthetic-feasible-v1,synthetic,stop_and_go__test__009,test,140809,clean,raw_predicted_pv,443,1,command_p,stop-j0-k116,stop,1.16,0,joint_0,1,0.010000000000000009,3.683812015365208e-09,0.1,0.1,0.05
paper-evidence-v1-locked-test::raw_predicted_pv,synthetic-feasible-v1,synthetic,stop_and_go__test__009,test,140809,clean,raw_predicted_pv,443,1,command_p,reversal-j0-k198,reversal,1.565,0,joint_0,5,0.050000000000000044,8.95090418262362e-17,0.1,0.1,0.05
paper-evidence-v1-locked-test::raw_predicted_pv,synthetic-feasible-v1,synthetic,stop_and_go__test__009,test,140809,clean,raw_predicted_pv,443,1,command_p,stop-j0-k304,stop,3.04,0,joint_0,1,0.009999999999999787,6.1971078360069955e-09,0.1,0.1,0.05
paper-evidence-v1-locked-test::raw_predicted_pv,synthetic-feasible-v1,synthetic,stop_and_go__test__009,test,140809,clean,raw_predicted_pv,443,1,command_p,reversal-j0-k369,reversal,3.3600000000000003,0,joint_0,-4,-0.040000000000000036,3.784719799586234e-17,0.1,0.1,0.05
paper-evidence-v1-locked-test::raw_predicted_pv,synthetic-feasible-v1,synthetic,stop_and_go__test__010,test,140810,clean,raw_predicted_pv,408,1,command_p,stop-j0-k107,stop,1.07,0,joint_0,1,0.010000000000000009,1.0972891855531742e-08,0.1,0.1,0.05
paper-evidence-v1-locked-test::raw_predicted_pv,synthetic-feasible-v1,synthetic,stop_and_go__test__010,test,140810,clean,raw_predicted_pv,408,1,command_p,reversal-j0-k182,reversal,1.44,0,joint_0,0,0.0,3.0332231169478817e-16,0.1,0.1,0.05
paper-evidence-v1-locked-test::raw_predicted_pv,synthetic-feasible-v1,synthetic,stop_and_go__test__010,test,140810,clean,raw_predicted_pv,408,1,command_p,stop-j0-k279,stop,2.79,0,joint_0,1,0.009999999999999787,1.77079950186491e-08,0.1,0.1,0.05
paper-evidence-v1-locked-test::raw_predicted_pv,synthetic-feasible-v1,synthetic,stop_and_go__test__010,test,140810,clean,raw_predicted_pv,408,1,command_p,reversal-j0-k339,reversal,3.085,0,joint_0,-5,-0.04999999999999982,6.123025089834124e-17,0.1,0.1,0.05
paper-evidence-v1-locked-test::raw_predicted_pv,synthetic-feasible-v1,synthetic,stop_and_go__test__011,test,140811,clean,raw_predicted_pv,281,1,command_p,stop-j0-k74,stop,0.74,0,joint_0,1,0.010000000000000009,3.083151545939943e-08,0.1,0.1,0.05
paper-evidence-v1-locked-test::raw_predicted_pv,synthetic-feasible-v1,synthetic,stop_and_go__test__011,test,140811,clean,raw_predicted_pv,281,1,command_p,reversal-j0-k125,reversal,0.99,0,joint_0,-5,-0.050000000000000044,1.8463195827281384e-16,0.1,0.1,0.05
paper-evidence-v1-locked-test::raw_predicted_pv,synthetic-feasible-v1,synthetic,stop_and_go__test__011,test,140811,clean,raw_predicted_pv,281,1,command_p,stop-j0-k192,stop,1.92,0,joint_0,1,0.010000000000000009,4.965919978546924e-08,0.1,0.1,0.05
paper-evidence-v1-locked-test::raw_predicted_pv,synthetic-feasible-v1,synthetic,stop_and_go__test__011,test,140811,clean,raw_predicted_pv,281,1,command_p,reversal-j0-k234,reversal,2.125,0,joint_0,2,0.020000000000000018,4.8956233716268386e-17,0.1,0.1,0.05
paper-evidence-v1-locked-test::raw_predicted_pv,synthetic-feasible-v1,synthetic,stop_and_go__test__012,test,140812,clean,raw_predicted_pv,270,1,command_p,stop-j0-k71,stop,0.71,0,joint_0,1,0.010000000000000009,4.114090684381811e-08,0.1,0.1,0.05
paper-evidence-v1-locked-test::raw_predicted_pv,synthetic-feasible-v1,synthetic,stop_and_go__test__012,test,140812,clean,raw_predicted_pv,270,1,command_p,reversal-j0-k121,reversal,0.9550000000000001,0,joint_0,0,0.0,1.7422013638940486e-16,0.1,0.1,0.05
paper-evidence-v1-locked-test::raw_predicted_pv,synthetic-feasible-v1,synthetic,stop_and_go__test__012,test,140812,clean,raw_predicted_pv,270,1,command_p,stop-j0-k185,stop,1.85,0,joint_0,1,0.010000000000000009,6.528400130532992e-08,0.1,0.1,0.05
paper-evidence-v1-locked-test::raw_predicted_pv,synthetic-feasible-v1,synthetic,stop_and_go__test__012,test,140812,clean,raw_predicted_pv,270,1,command_p,reversal-j0-k225,reversal,2.045,0,joint_0,-5,-0.04999999999999982,6.369687917139878e-17,0.1,0.1,0.05
paper-evidence-v1-locked-test::raw_predicted_pv,synthetic-feasible-v1,synthetic,stop_and_go__test__013,test,140813,clean,raw_predicted_pv,318,1,command_p,stop-j0-k84,stop,0.84,0,joint_0,1,0.010000000000000009,6.621273063710647e-09,0.1,0.1,0.05
paper-evidence-v1-locked-test::raw_predicted_pv,synthetic-feasible-v1,synthetic,stop_and_go__test__013,test,140813,clean,raw_predicted_pv,318,1,command_p,reversal-j0-k142,reversal,1.125,0,joint_0,-5,-0.050000000000000044,7.299593262279312e-17,0.1,0.1,0.05
paper-evidence-v1-locked-test::raw_predicted_pv,synthetic-feasible-v1,synthetic,stop_and_go__test__013,test,140813,clean,raw_predicted_pv,318,1,command_p,stop-j0-k218,stop,2.18,0,joint_0,1,0.009999999999999787,1.0640925519553658e-08,0.1,0.1,0.05
paper-evidence-v1-locked-test::raw_predicted_pv,synthetic-feasible-v1,synthetic,stop_and_go__test__013,test,140813,clean,raw_predicted_pv,318,1,command_p,reversal-j0-k264,reversal,2.4050000000000002,0,joint_0,-5,-0.04999999999999982,2.495430521343374e-17,0.1,0.1,0.05
paper-evidence-v1-locked-test::raw_predicted_pv,synthetic-feasible-v1,synthetic,stop_and_go__test__014,test,140814,clean,raw_predicted_pv,428,1,command_p,stop-j0-k112,stop,1.12,0,joint_0,1,0.010000000000000009,9.976170608903346e-09,0.1,0.1,0.05
paper-evidence-v1-locked-test::raw_predicted_pv,synthetic-feasible-v1,synthetic,stop_and_go__test__014,test,140814,clean,raw_predicted_pv,428,1,command_p,reversal-j0-k191,reversal,1.5100000000000002,0,joint_0,5,0.050000000000000044,2.618455766672135e-16,0.1,0.1,0.05
paper-evidence-v1-locked-test::raw_predicted_pv,synthetic-feasible-v1,synthetic,stop_and_go__test__014,test,140814,clean,raw_predicted_pv,428,1,command_p,stop-j0-k293,stop,2.93,0,joint_0,1,0.009999999999999787,1.667063882855204e-08,0.1,0.1,0.05
paper-evidence-v1-locked-test::raw_predicted_pv,synthetic-feasible-v1,synthetic,stop_and_go__test__014,test,140814,clean,raw_predicted_pv,428,1,command_p,reversal-j0-k355,reversal,3.2350000000000003,0,joint_0,2,0.020000000000000018,9.8999209566393e-17,0.1,0.1,0.05
paper-evidence-v1-locked-test::raw_predicted_pv,synthetic-feasible-v1,synthetic,stop_and_go__test__015,test,140815,clean,raw_predicted_pv,319,1,command_p,stop-j0-k84,stop,0.84,0,joint_0,1,0.010000000000000009,2.4713777793967022e-08,0.1,0.1,0.05
paper-evidence-v1-locked-test::raw_predicted_pv,synthetic-feasible-v1,synthetic,stop_and_go__test__015,test,140815,clean,raw_predicted_pv,319,1,command_p,reversal-j0-k142,reversal,1.125,0,joint_0,-5,-0.050000000000000044,5.541855541828488e-16,0.1,0.1,0.05
paper-evidence-v1-locked-test::raw_predicted_pv,synthetic-feasible-v1,synthetic,stop_and_go__test__015,test,140815,clean,raw_predicted_pv,319,1,command_p,stop-j0-k219,stop,2.19,0,joint_0,1,0.010000000000000009,3.8893158498795045e-08,0.1,0.1,0.05
paper-evidence-v1-locked-test::raw_predicted_pv,synthetic-feasible-v1,synthetic,stop_and_go__test__015,test,140815,clean,raw_predicted_pv,319,1,command_p,reversal-j0-k265,reversal,2.415,0,joint_0,-5,-0.04999999999999982,7.784766893323461e-17,0.1,0.1,0.05
paper-evidence-v1-locked-test::raw_predicted_pv,synthetic-feasible-v1,synthetic,stop_and_go__test__016,test,140816,clean,raw_predicted_pv,297,1,command_p,stop-j0-k78,stop,0.78,0,joint_0,1,0.010000000000000009,3.3881379988783066e-08,0.1,0.1,0.05
paper-evidence-v1-locked-test::raw_predicted_pv,synthetic-feasible-v1,synthetic,stop_and_go__test__016,test,140816,clean,raw_predicted_pv,297,1,command_p,reversal-j0-k132,reversal,1.045,0,joint_0,5,0.050000000000000044,1.9963444170746992e-16,0.1,0.1,0.05
paper-evidence-v1-locked-test::raw_predicted_pv,synthetic-feasible-v1,synthetic,stop_and_go__test__016,test,140816,clean,raw_predicted_pv,297,1,command_p,stop-j0-k203,stop,2.0300000000000002,0,joint_0,1,0.010000000000000009,5.516581800057989e-08,0.1,0.1,0.05
paper-evidence-v1-locked-test::raw_predicted_pv,synthetic-feasible-v1,synthetic,stop_and_go__test__016,test,140816,clean,raw_predicted_pv,297,1,command_p,reversal-j0-k246,reversal,2.24,0,joint_0,1,0.009999999999999787,1.673834294490901e-16,0.1,0.1,0.05
paper-evidence-v1-locked-test::raw_predicted_pv,synthetic-feasible-v1,synthetic,stop_and_go__test__017,test,140817,clean,raw_predicted_pv,326,1,command_p,stop-j0-k86,stop,0.86,0,joint_0,1,0.010000000000000009,6.3664974478455985e-09,0.1,0.1,0.05
paper-evidence-v1-locked-test::raw_predicted_pv,synthetic-feasible-v1,synthetic,stop_and_go__test__017,test,140817,clean,raw_predicted_pv,326,1,command_p,reversal-j0-k146,reversal,1.155,0,joint_0,-5,-0.050000000000000044,5.865999347060875e-17,0.1,0.1,0.05
paper-evidence-v1-locked-test::raw_predicted_pv,synthetic-feasible-v1,synthetic,stop_and_go__test__017,test,140817,clean,raw_predicted_pv,326,1,command_p,stop-j0-k224,stop,2.24,0,joint_0,1,0.009999999999999787,1.0147320846869565e-08,0.1,0.1,0.05
paper-evidence-v1-locked-test::raw_predicted_pv,synthetic-feasible-v1,synthetic,stop_and_go__test__017,test,140817,clean,raw_predicted_pv,326,1,command_p,reversal-j0-k271,reversal,2.4699999999999998,0,joint_0,-5,-0.050000000000000044,3.94053425015214e-17,0.1,0.1,0.05
paper-evidence-v1-locked-test::raw_predicted_pv,synthetic-feasible-v1,synthetic,stop_and_go__test__018,test,140818,clean,raw_predicted_pv,428,1,command_p,stop-j0-k112,stop,1.12,0,joint_0,1,0.010000000000000009,9.867046696570498e-09,0.1,0.1,0.05
paper-evidence-v1-locked-test::raw_predicted_pv,synthetic-feasible-v1,synthetic,stop_and_go__test__018,test,140818,clean,raw_predicted_pv,428,1,command_p,reversal-j0-k191,reversal,1.5100000000000002,0,joint_0,0,0.0,2.220446049250313e-16,0.1,0.1,0.05
paper-evidence-v1-locked-test::raw_predicted_pv,synthetic-feasible-v1,synthetic,stop_and_go__test__018,test,140818,clean,raw_predicted_pv,428,1,command_p,stop-j0-k293,stop,2.93,0,joint_0,1,0.009999999999999787,1.668935774032881e-08,0.1,0.1,0.05
paper-evidence-v1-locked-test::raw_predicted_pv,synthetic-feasible-v1,synthetic,stop_and_go__test__018,test,140818,clean,raw_predicted_pv,428,1,command_p,reversal-j0-k356,reversal,3.24,0,joint_0,-5,-0.04999999999999982,3.4629645951195037e-16,0.1,0.1,0.05
paper-evidence-v1-locked-test::raw_predicted_pv,synthetic-feasible-v1,synthetic,stop_and_go__test__019,test,140819,clean,raw_predicted_pv,289,1,command_p,stop-j0-k76,stop,0.76,0,joint_0,1,0.010000000000000009,2.866507708630711e-08,0.1,0.1,0.05
paper-evidence-v1-locked-test::raw_predicted_pv,synthetic-feasible-v1,synthetic,stop_and_go__test__019,test,140819,clean,raw_predicted_pv,289,1,command_p,reversal-j0-k129,reversal,1.02,0,joint_0,5,0.050000000000000044,1.2869730969111293e-16,0.1,0.1,0.05
paper-evidence-v1-locked-test::raw_predicted_pv,synthetic-feasible-v1,synthetic,stop_and_go__test__019,test,140819,clean,raw_predicted_pv,289,1,command_p,stop-j0-k198,stop,1.98,0,joint_0,1,0.010000000000000009,4.647792941115734e-08,0.1,0.1,0.05
paper-evidence-v1-locked-test::raw_predicted_pv,synthetic-feasible-v1,synthetic,stop_and_go__test__019,test,140819,clean,raw_predicted_pv,289,1,command_p,reversal-j0-k240,reversal,2.185,0,joint_0,-5,-0.04999999999999982,7.22889335636562e-17,0.1,0.1,0.05
paper-evidence-v1-locked-test::raw_predicted_pv,synthetic-feasible-v1,synthetic,stop_and_go__test__020,test,140820,clean,raw_predicted_pv,257,1,command_p,stop-j0-k68,stop,0.68,0,joint_0,1,0.010000000000000009,4.321974413788005e-08,0.1,0.1,0.05
paper-evidence-v1-locked-test::raw_predicted_pv,synthetic-feasible-v1,synthetic,stop_and_go__test__020,test,140820,clean,raw_predicted_pv,257,1,command_p,reversal-j0-k115,reversal,0.9100000000000001,0,joint_0,0,0.0,4.823404785853848e-16,0.1,0.1,0.05
paper-evidence-v1-locked-test::raw_predicted_pv,synthetic-feasible-v1,synthetic,stop_and_go__test__020,test,140820,clean,raw_predicted_pv,257,1,command_p,stop-j0-k176,stop,1.76,0,joint_0,1,0.010000000000000009,7.151925422044653e-08,0.1,0.1,0.05
paper-evidence-v1-locked-test::raw_predicted_pv,synthetic-feasible-v1,synthetic,stop_and_go__test__020,test,140820,clean,raw_predicted_pv,257,1,command_p,reversal-j0-k214,reversal,1.945,0,joint_0,5,0.050000000000000044,5.585701844806364e-17,0.1,0.1,0.05
paper-evidence-v1-locked-test::scalar_projected_pva,synthetic-feasible-v1,synthetic,rapid_reversal__test__001,test,150801,clean,scalar_projected_pva,334,1,command_p,reversal-j0-k16,reversal,0.155,0,joint_0,1,0.010000000000000009,1.589371005090013e-07,0.1,0.1,0.05
paper-evidence-v1-locked-test::scalar_projected_pva,synthetic-feasible-v1,synthetic,rapid_reversal__test__001,test,150801,clean,scalar_projected_pva,334,1,command_p,stop-j0-k38,stop,0.38,0,joint_0,1,0.010000000000000009,1.5332449144535014e-07,0.1,0.1,0.05
paper-evidence-v1-locked-test::scalar_projected_pva,synthetic-feasible-v1,synthetic,rapid_reversal__test__001,test,150801,clean,scalar_projected_pva,334,1,command_p,stop-j0-k61,stop,0.61,0,joint_0,1,0.010000000000000009,1.5514150201127908e-07,0.1,0.1,0.05
paper-evidence-v1-locked-test::scalar_projected_pva,synthetic-feasible-v1,synthetic,rapid_reversal__test__001,test,150801,clean,scalar_projected_pva,334,1,command_p,stop-j0-k84,stop,0.84,0,joint_0,1,0.010000000000000009,1.5742742230458486e-07,0.1,0.1,0.05
paper-evidence-v1-locked-test::scalar_projected_pva,synthetic-feasible-v1,synthetic,rapid_reversal__test__001,test,150801,clean,scalar_projected_pva,334,1,command_p,stop-j0-k106,stop,1.06,0,joint_0,1,0.010000000000000009,1.5766244506132653e-07,0.1,0.1,0.05
paper-evidence-v1-locked-test::scalar_projected_pva,synthetic-feasible-v1,synthetic,rapid_reversal__test__001,test,150801,clean,scalar_projected_pva,334,1,command_p,stop-j0-k129,stop,1.29,0,joint_0,1,0.010000000000000009,1.596430003393696e-07,0.1,0.1,0.05
paper-evidence-v1-locked-test::scalar_projected_pva,synthetic-feasible-v1,synthetic,rapid_reversal__test__001,test,150801,clean,scalar_projected_pva,334,1,command_p,stop-j0-k152,stop,1.52,0,joint_0,1,0.010000000000000009,1.618895513384086e-07,0.1,0.1,0.05
paper-evidence-v1-locked-test::scalar_projected_pva,synthetic-feasible-v1,synthetic,rapid_reversal__test__001,test,150801,clean,scalar_projected_pva,334,1,command_p,stop-j0-k175,stop,1.75,0,joint_0,1,0.010000000000000009,1.6428021253817793e-07,0.1,0.1,0.05
paper-evidence-v1-locked-test::scalar_projected_pva,synthetic-feasible-v1,synthetic,rapid_reversal__test__001,test,150801,clean,scalar_projected_pva,334,1,command_p,stop-j0-k197,stop,1.97,0,joint_0,1,0.010000000000000009,1.5843892445203046e-07,0.1,0.1,0.05
paper-evidence-v1-locked-test::scalar_projected_pva,synthetic-feasible-v1,synthetic,rapid_reversal__test__001,test,150801,clean,scalar_projected_pva,334,1,command_p,stop-j0-k220,stop,2.2,0,joint_0,1,0.009999999999999787,1.6404991104819094e-07,0.1,0.1,0.05
paper-evidence-v1-locked-test::scalar_projected_pva,synthetic-feasible-v1,synthetic,rapid_reversal__test__001,test,150801,clean,scalar_projected_pva,334,1,command_p,stop-j0-k243,stop,2.43,0,joint_0,1,0.009999999999999787,1.6688448904766596e-07,0.1,0.1,0.05
paper-evidence-v1-locked-test::scalar_projected_pva,synthetic-feasible-v1,synthetic,rapid_reversal__test__001,test,150801,clean,scalar_projected_pva,334,1,command_p,stop-j0-k265,stop,2.65,0,joint_0,1,0.010000000000000009,1.573498424815943e-07,0.1,0.1,0.05
paper-evidence-v1-locked-test::scalar_projected_pva,synthetic-feasible-v1,synthetic,rapid_reversal__test__001,test,150801,clean,scalar_projected_pva,334,1,command_p,stop-j0-k288,stop,2.88,0,joint_0,1,0.010000000000000009,1.592749936857628e-07,0.1,0.1,0.05
paper-evidence-v1-locked-test::scalar_projected_pva,synthetic-feasible-v1,synthetic,rapid_reversal__test__001,test,150801,clean,scalar_projected_pva,334,1,command_p,stop-j0-k311,stop,3.11,0,joint_0,1,0.010000000000000009,1.6148584465064392e-07,0.1,0.1,0.05
paper-evidence-v1-locked-test::scalar_projected_pva,synthetic-feasible-v1,synthetic,rapid_reversal__test__002,test,150802,clean,scalar_projected_pva,440,1,command_p,stop-j0-k24,stop,0.24,0,joint_0,1,0.010000000000000009,3.389672565262138e-07,0.1,0.1,0.05
paper-evidence-v1-locked-test::scalar_projected_pva,synthetic-feasible-v1,synthetic,rapid_reversal__test__002,test,150802,clean,scalar_projected_pva,440,1,command_p,stop-j0-k48,stop,0.48,0,joint_0,1,0.010000000000000009,3.275375192942471e-07,0.1,0.1,0.05
paper-evidence-v1-locked-test::scalar_projected_pva,synthetic-feasible-v1,synthetic,rapid_reversal__test__002,test,150802,clean,scalar_projected_pva,440,1,command_p,stop-j0-k73,stop,0.73,0,joint_0,1,0.010000000000000009,3.3161390441255424e-07,0.1,0.1,0.05
paper-evidence-v1-locked-test::scalar_projected_pva,synthetic-feasible-v1,synthetic,rapid_reversal__test__002,test,150802,clean,scalar_projected_pva,440,1,command_p,stop-j0-k98,stop,0.98,0,joint_0,1,0.010000000000000009,3.4676524821326584e-07,0.1,0.1,0.05
paper-evidence-v1-locked-test::scalar_projected_pva,synthetic-feasible-v1,synthetic,rapid_reversal__test__002,test,150802,clean,scalar_projected_pva,440,1,command_p,stop-j0-k122,stop,1.22,0,joint_0,1,0.010000000000000009,3.3279971304291877e-07,0.1,0.1,0.05
paper-evidence-v1-locked-test::scalar_projected_pva,synthetic-feasible-v1,synthetic,rapid_reversal__test__002,test,150802,clean,scalar_projected_pva,440,1,command_p,stop-j0-k147,stop,1.47,0,joint_0,1,0.010000000000000009,3.38078092909193e-07,0.1,0.1,0.05
paper-evidence-v1-locked-test::scalar_projected_pva,synthetic-feasible-v1,synthetic,rapid_reversal__test__002,test,150802,clean,scalar_projected_pva,440,1,command_p,stop-j0-k172,stop,1.72,0,joint_0,1,0.010000000000000009,3.437374276293382e-07,0.1,0.1,0.05
paper-evidence-v1-locked-test::scalar_projected_pva,synthetic-feasible-v1,synthetic,rapid_reversal__test__002,test,150802,clean,scalar_projected_pva,440,1,command_p,stop-j0-k197,stop,1.97,0,joint_0,1,0.010000000000000009,3.4951571578457336e-07,0.1,0.1,0.05
paper-evidence-v1-locked-test::scalar_projected_pva,synthetic-feasible-v1,synthetic,rapid_reversal__test__002,test,150802,clean,scalar_projected_pva,440,1,command_p,stop-j0-k221,stop,2.21,0,joint_0,1,0.010000000000000009,3.3524976657567333e-07,0.1,0.1,0.05
paper-evidence-v1-locked-test::scalar_projected_pva,synthetic-feasible-v1,synthetic,rapid_reversal__test__002,test,150802,clean,scalar_projected_pva,440,1,command_p,stop-j0-k246,stop,2.46,0,joint_0,1,0.010000000000000009,3.4074353609902486e-07,0.1,0.1,0.05
paper-evidence-v1-locked-test::scalar_projected_pva,synthetic-feasible-v1,synthetic,rapid_reversal__test__002,test,150802,clean,scalar_projected_pva,440,1,command_p,stop-j0-k271,stop,2.71,0,joint_0,1,0.010000000000000009,3.464927898185146e-07,0.1,0.1,0.05
paper-evidence-v1-locked-test::scalar_projected_pva,synthetic-feasible-v1,synthetic,rapid_reversal__test__002,test,150802,clean,scalar_projected_pva,440,1,command_p,stop-j0-k295,stop,2.95,0,joint_0,1,0.009999999999999787,3.41187177713477e-07,0.1,0.1,0.05
paper-evidence-v1-locked-test::scalar_projected_pva,synthetic-feasible-v1,synthetic,rapid_reversal__test__002,test,150802,clean,scalar_projected_pva,440,1,command_p,stop-j0-k320,stop,3.2,0,joint_0,1,0.009999999999999787,3.4646432393854306e-07,0.1,0.1,0.05
paper-evidence-v1-locked-test::scalar_projected_pva,synthetic-feasible-v1,synthetic,rapid_reversal__test__002,test,150802,clean,scalar_projected_pva,440,1,command_p,stop-j0-k345,stop,3.45,0,joint_0,1,0.009999999999999787,3.51683328574671e-07,0.1,0.1,0.05
paper-evidence-v1-locked-test::scalar_projected_pva,synthetic-feasible-v1,synthetic,rapid_reversal__test__002,test,150802,clean,scalar_projected_pva,440,1,command_p,stop-j0-k370,stop,3.7,0,joint_0,1,0.009999999999999787,3.566218967204503e-07,0.1,0.1,0.05
paper-evidence-v1-locked-test::scalar_projected_pva,synthetic-feasible-v1,synthetic,rapid_reversal__test__002,test,150802,clean,scalar_projected_pva,440,1,command_p,stop-j0-k394,stop,3.94,0,joint_0,1,0.009999999999999787,3.350063511484253e-07,0.1,0.1,0.05
paper-evidence-v1-locked-test::scalar_projected_pva,synthetic-feasible-v1,synthetic,rapid_reversal__test__002,test,150802,clean,scalar_projected_pva,440,1,command_p,stop-j0-k419,stop,4.19,0,joint_0,1,0.009999999999999787,3.489758631979177e-07,0.1,0.1,0.05
paper-evidence-v1-locked-test::scalar_projected_pva,synthetic-feasible-v1,synthetic,rapid_reversal__test__003,test,150803,clean,scalar_projected_pva,290,1,command_p,stop-j0-k29,stop,0.29,0,joint_0,1,0.010000000000000009,6.908467330853751e-07,0.1,0.1,0.05
paper-evidence-v1-locked-test::scalar_projected_pva,synthetic-feasible-v1,synthetic,rapid_reversal__test__003,test,150803,clean,scalar_projected_pva,290,1,command_p,stop-j0-k50,stop,0.5,0,joint_0,1,0.010000000000000009,6.809177178092037e-07,0.1,0.1,0.05
paper-evidence-v1-locked-test::scalar_projected_pva,synthetic-feasible-v1,synthetic,rapid_reversal__test__003,test,150803,clean,scalar_projected_pva,290,1,command_p,reversal-j0-k72,reversal,0.715,0,joint_0,1,0.010000000000000009,6.711357228468473e-07,0.1,0.1,0.05
paper-evidence-v1-locked-test::scalar_projected_pva,synthetic-feasible-v1,synthetic,rapid_reversal__test__003,test,150803,clean,scalar_projected_pva,290,1,command_p,stop-j0-k93,stop,0.93,0,joint_0,1,0.010000000000000009,6.830505243995933e-07,0.1,0.1,0.05
paper-evidence-v1-locked-test::scalar_projected_pva,synthetic-feasible-v1,synthetic,rapid_reversal__test__003,test,150803,clean,scalar_projected_pva,290,1,command_p,stop-j0-k114,stop,1.1400000000000001,0,joint_0,1,0.010000000000000009,6.746545616306227e-07,0.1,0.1,0.05
paper-evidence-v1-locked-test::scalar_projected_pva,synthetic-feasible-v1,synthetic,rapid_reversal__test__003,test,150803,clean,scalar_projected_pva,290,1,command_p,stop-j0-k136,stop,1.36,0,joint_0,1,0.010000000000000009,6.853046647215954e-07,0.1,0.1,0.05
paper-evidence-v1-locked-test::scalar_projected_pva,synthetic-feasible-v1,synthetic,rapid_reversal__test__003,test,150803,clean,scalar_projected_pva,290,1,command_p,stop-j0-k157,stop,1.57,0,joint_0,1,0.010000000000000009,6.76164924062237e-07,0.1,0.1,0.05
paper-evidence-v1-locked-test::scalar_projected_pva,synthetic-feasible-v1,synthetic,rapid_reversal__test__003,test,150803,clean,scalar_projected_pva,290,1,command_p,stop-j0-k179,stop,1.79,0,joint_0,1,0.010000000000000009,6.876610166620806e-07,0.1,0.1,0.05
paper-evidence-v1-locked-test::scalar_projected_pva,synthetic-feasible-v1,synthetic,rapid_reversal__test__003,test,150803,clean,scalar_projected_pva,290,1,command_p,stop-j0-k200,stop,2.0,0,joint_0,1,0.010000000000000009,6.782562742200779e-07,0.1,0.1,0.05
paper-evidence-v1-locked-test::scalar_projected_pva,synthetic-feasible-v1,synthetic,rapid_reversal__test__003,test,150803,clean,scalar_projected_pva,290,1,command_p,stop-j0-k222,stop,2.22,0,joint_0,1,0.009999999999999787,7.026265053529834e-07,0.1,0.1,0.05
paper-evidence-v1-locked-test::scalar_projected_pva,synthetic-feasible-v1,synthetic,rapid_reversal__test__003,test,150803,clean,scalar_projected_pva,290,1,command_p,stop-j0-k243,stop,2.43,0,joint_0,1,0.009999999999999787,6.860495760767655e-07,0.1,0.1,0.05
paper-evidence-v1-locked-test::scalar_projected_pva,synthetic-feasible-v1,synthetic,rapid_reversal__test__003,test,150803,clean,scalar_projected_pva,290,1,command_p,reversal-j0-k265,reversal,2.645,0,joint_0,1,0.009999999999999787,6.702164742130074e-07,0.1,0.1,0.05
paper-evidence-v1-locked-test::scalar_projected_pva,synthetic-feasible-v1,synthetic,rapid_reversal__test__004,test,150804,clean,scalar_projected_pva,351,1,command_p,stop-j0-k11,stop,0.11,0,joint_0,5,0.05,0.002547609539595252,0.1,0.1,0.05
paper-evidence-v1-locked-test::scalar_projected_pva,synthetic-feasible-v1,synthetic,rapid_reversal__test__004,test,150804,clean,scalar_projected_pva,351,1,command_p,reversal-j0-k13,reversal,0.115,0,joint_0,5,0.05,0.0025504216034433736,0.1,0.1,0.05
paper-evidence-v1-locked-test::scalar_projected_pva,synthetic-feasible-v1,synthetic,rapid_reversal__test__004,test,150804,clean,scalar_projected_pva,351,1,command_p,stop-j0-k53,stop,0.53,0,joint_0,1,0.010000000000000009,1.9859746830800716e-07,0.1,0.1,0.05
paper-evidence-v1-locked-test::scalar_projected_pva,synthetic-feasible-v1,synthetic,rapid_reversal__test__004,test,150804,clean,scalar_projected_pva,351,1,command_p,stop-j0-k94,stop,0.9400000000000001,0,joint_0,1,0.010000000000000009,2.1099713140814126e-07,0.1,0.1,0.05
paper-evidence-v1-locked-test::scalar_projected_pva,synthetic-feasible-v1,synthetic,rapid_reversal__test__004,test,150804,clean,scalar_projected_pva,351,1,command_p,stop-j0-k135,stop,1.35,0,joint_0,1,0.010000000000000009,2.1430168887506978e-07,0.1,0.1,0.05
paper-evidence-v1-locked-test::scalar_projected_pva,synthetic-feasible-v1,synthetic,rapid_reversal__test__004,test,150804,clean,scalar_projected_pva,351,1,command_p,reversal-j0-k137,reversal,1.355,0,joint_0,1,0.010000000000000009,2.048095782816396e-07,0.1,0.1,0.05
paper-evidence-v1-locked-test::scalar_projected_pva,synthetic-feasible-v1,synthetic,rapid_reversal__test__004,test,150804,clean,scalar_projected_pva,351,1,command_p,stop-j0-k176,stop,1.76,0,joint_0,1,0.010000000000000009,2.1765542496895823e-07,0.1,0.1,0.05
paper-evidence-v1-locked-test::scalar_projected_pva,synthetic-feasible-v1,synthetic,rapid_reversal__test__004,test,150804,clean,scalar_projected_pva,351,1,command_p,reversal-j0-k178,reversal,1.7650000000000001,0,joint_0,1,0.010000000000000009,2.081349887160823e-07,0.1,0.1,0.05
paper-evidence-v1-locked-test::scalar_projected_pva,synthetic-feasible-v1,synthetic,rapid_reversal__test__004,test,150804,clean,scalar_projected_pva,351,1,command_p,stop-j0-k218,stop,2.18,0,joint_0,1,0.009999999999999787,1.9753027226671887e-07,0.1,0.1,0.05
paper-evidence-v1-locked-test::scalar_projected_pva,synthetic-feasible-v1,synthetic,rapid_reversal__test__004,test,150804,clean,scalar_projected_pva,351,1,command_p,stop-j0-k259,stop,2.59,0,joint_0,1,0.010000000000000009,2.0979489253340456e-07,0.1,0.1,0.05
paper-evidence-v1-locked-test::scalar_projected_pva,synthetic-feasible-v1,synthetic,rapid_reversal__test__004,test,150804,clean,scalar_projected_pva,351,1,command_p,stop-j0-k300,stop,3.0,0,joint_0,1,0.009999999999999787,2.130735115141238e-07,0.1,0.1,0.05
paper-evidence-v1-locked-test::scalar_projected_pva,synthetic-feasible-v1,synthetic,rapid_reversal__test__004,test,150804,clean,scalar_projected_pva,351,1,command_p,reversal-j0-k302,reversal,3.005,0,joint_0,1,0.009999999999999787,2.036130234415871e-07,0.1,0.1,0.05
paper-evidence-v1-locked-test::scalar_projected_pva,synthetic-feasible-v1,synthetic,rapid_reversal__test__005,test,150805,clean,scalar_projected_pva,387,1,command_p,stop-j0-k14,stop,0.14,0,joint_0,1,0.010000000000000009,3.3880600737621236e-05,0.1,0.1,0.05
paper-evidence-v1-locked-test::scalar_projected_pva,synthetic-feasible-v1,synthetic,rapid_reversal__test__005,test,150805,clean,scalar_projected_pva,387,1,command_p,stop-j0-k43,stop,0.43,0,joint_0,1,0.010000000000000009,1.0011889094059848e-07,0.1,0.1,0.05
paper-evidence-v1-locked-test::scalar_projected_pva,synthetic-feasible-v1,synthetic,rapid_reversal__test__005,test,150805,clean,scalar_projected_pva,387,1,command_p,stop-j0-k72,stop,0.72,0,joint_0,1,0.010000000000000009,9.978260862678145e-08,0.1,0.1,0.05
paper-evidence-v1-locked-test::scalar_projected_pva,synthetic-feasible-v1,synthetic,rapid_reversal__test__005,test,150805,clean,scalar_projected_pva,387,1,command_p,stop-j0-k101,stop,1.01,0,joint_0,1,0.010000000000000009,9.997333733811412e-08,0.1,0.1,0.05
paper-evidence-v1-locked-test::scalar_projected_pva,synthetic-feasible-v1,synthetic,rapid_reversal__test__005,test,150805,clean,scalar_projected_pva,387,1,command_p,stop-j0-k130,stop,1.3,0,joint_0,1,0.010000000000000009,9.990066405859077e-08,0.1,0.1,0.05
paper-evidence-v1-locked-test::scalar_projected_pva,synthetic-feasible-v1,synthetic,rapid_reversal__test__005,test,150805,clean,scalar_projected_pva,387,1,command_p,stop-j0-k159,stop,1.59,0,joint_0,1,0.010000000000000009,9.982812464350014e-08,0.1,0.1,0.05
paper-evidence-v1-locked-test::scalar_projected_pva,synthetic-feasible-v1,synthetic,rapid_reversal__test__005,test,150805,clean,scalar_projected_pva,387,1,command_p,stop-j0-k188,stop,1.8800000000000001,0,joint_0,1,0.010000000000000009,9.975576786648631e-08,0.1,0.1,0.05
paper-evidence-v1-locked-test::scalar_projected_pva,synthetic-feasible-v1,synthetic,rapid_reversal__test__005,test,150805,clean,scalar_projected_pva,387,1,command_p,stop-j0-k217,stop,2.17,0,joint_0,1,0.010000000000000009,9.968364255696334e-08,0.1,0.1,0.05
paper-evidence-v1-locked-test::scalar_projected_pva,synthetic-feasible-v1,synthetic,rapid_reversal__test__005,test,150805,clean,scalar_projected_pva,387,1,command_p,stop-j0-k246,stop,2.46,0,joint_0,1,0.010000000000000009,9.96117976011292e-08,0.1,0.1,0.05
paper-evidence-v1-locked-test::scalar_projected_pva,synthetic-feasible-v1,synthetic,rapid_reversal__test__005,test,150805,clean,scalar_projected_pva,387,1,command_p,stop-j0-k275,stop,2.75,0,joint_0,1,0.009999999999999787,9.954028187771825e-08,0.1,0.1,0.05
paper-evidence-v1-locked-test::scalar_projected_pva,synthetic-feasible-v1,synthetic,rapid_reversal__test__005,test,150805,clean,scalar_projected_pva,387,1,command_p,stop-j0-k304,stop,3.04,0,joint_0,1,0.009999999999999787,9.946914424661296e-08,0.1,0.1,0.05
paper-evidence-v1-locked-test::scalar_projected_pva,synthetic-feasible-v1,synthetic,rapid_reversal__test__005,test,150805,clean,scalar_projected_pva,387,1,command_p,reversal-j0-k306,reversal,3.045,0,joint_0,1,0.009999999999999787,9.966644233261584e-08,0.1,0.1,0.05
paper-evidence-v1-locked-test::scalar_projected_pva,synthetic-feasible-v1,synthetic,rapid_reversal__test__005,test,150805,clean,scalar_projected_pva,387,1,command_p,stop-j0-k333,stop,3.33,0,joint_0,1,0.009999999999999787,9.939843350670315e-08,0.1,0.1,0.05
paper-evidence-v1-locked-test::scalar_projected_pva,synthetic-feasible-v1,synthetic,rapid_reversal__test__005,test,150805,clean,scalar_projected_pva,387,1,command_p,reversal-j0-k335,reversal,3.335,0,joint_0,1,0.009999999999999787,9.967354735598678e-08,0.1,0.1,0.05
paper-evidence-v1-locked-test::scalar_projected_pva,synthetic-feasible-v1,synthetic,rapid_reversal__test__005,test,150805,clean,scalar_projected_pva,387,1,command_p,stop-j0-k362,stop,3.62,0,joint_0,1,0.009999999999999787,9.932819837536506e-08,0.1,0.1,0.05
paper-evidence-v1-locked-test::scalar_projected_pva,synthetic-feasible-v1,synthetic,rapid_reversal__test__005,test,150805,clean,scalar_projected_pva,387,1,command_p,reversal-j0-k364,reversal,3.625,0,joint_0,1,0.009999999999999787,9.968061985380676e-08,0.1,0.1,0.05
paper-evidence-v1-locked-test::scalar_projected_pva,synthetic-feasible-v1,synthetic,rapid_reversal__test__006,test,150806,clean,scalar_projected_pva,435,1,command_p,stop-j0-k33,stop,0.33,0,joint_0,1,0.010000000000000009,2.7690392084514224e-07,0.1,0.1,0.05
paper-evidence-v1-locked-test::scalar_projected_pva,synthetic-feasible-v1,synthetic,rapid_reversal__test__006,test,150806,clean,scalar_projected_pva,435,1,command_p,reversal-j0-k35,reversal,0.335,0,joint_0,1,0.010000000000000009,2.81161309108802e-07,0.1,0.1,0.05
paper-evidence-v1-locked-test::scalar_projected_pva,synthetic-feasible-v1,synthetic,rapid_reversal__test__006,test,150806,clean,scalar_projected_pva,435,1,command_p,stop-j0-k61,stop,0.61,0,joint_0,1,0.010000000000000009,2.789862545972152e-07,0.1,0.1,0.05
paper-evidence-v1-locked-test::scalar_projected_pva,synthetic-feasible-v1,synthetic,rapid_reversal__test__006,test,150806,clean,scalar_projected_pva,435,1,command_p,stop-j0-k88,stop,0.88,0,joint_0,1,0.010000000000000009,2.7959069881290236e-07,0.1,0.1,0.05
paper-evidence-v1-locked-test::scalar_projected_pva,synthetic-feasible-v1,synthetic,rapid_reversal__test__006,test,150806,clean,scalar_projected_pva,435,1,command_p,stop-j0-k115,stop,1.1500000000000001,0,joint_0,1,0.010000000000000009,2.7584240466246865e-07,0.1,0.1,0.05
paper-evidence-v1-locked-test::scalar_projected_pva,synthetic-feasible-v1,synthetic,rapid_reversal__test__006,test,150806,clean,scalar_projected_pva,435,1,command_p,stop-j0-k143,stop,1.43,0,joint_0,1,0.010000000000000009,2.823520727385395e-07,0.1,0.1,0.05
paper-evidence-v1-locked-test::scalar_projected_pva,synthetic-feasible-v1,synthetic,rapid_reversal__test__006,test,150806,clean,scalar_projected_pva,435,1,command_p,stop-j0-k170,stop,1.7,0,joint_0,1,0.010000000000000009,2.784757238093268e-07,0.1,0.1,0.05
paper-evidence-v1-locked-test::scalar_projected_pva,synthetic-feasible-v1,synthetic,rapid_reversal__test__006,test,150806,clean,scalar_projected_pva,435,1,command_p,stop-j0-k198,stop,1.98,0,joint_0,1,0.010000000000000009,2.851029184292854e-07,0.1,0.1,0.05
paper-evidence-v1-locked-test::scalar_projected_pva,synthetic-feasible-v1,synthetic,rapid_reversal__test__006,test,150806,clean,scalar_projected_pva,435,1,command_p,stop-j0-k225,stop,2.25,0,joint_0,1,0.009999999999999787,2.812184025156287e-07,0.1,0.1,0.05
paper-evidence-v1-locked-test::scalar_projected_pva,synthetic-feasible-v1,synthetic,rapid_reversal__test__006,test,150806,clean,scalar_projected_pva,435,1,command_p,stop-j0-k252,stop,2.52,0,joint_0,1,0.009999999999999787,2.77380217967302e-07,0.1,0.1,0.05
paper-evidence-v1-locked-test::scalar_projected_pva,synthetic-feasible-v1,synthetic,rapid_reversal__test__006,test,150806,clean,scalar_projected_pva,435,1,command_p,stop-j0-k280,stop,2.8000000000000003,0,joint_0,1,0.009999999999999787,2.850470413748739e-07,0.1,0.1,0.05
paper-evidence-v1-locked-test::scalar_projected_pva,synthetic-feasible-v1,synthetic,rapid_reversal__test__006,test,150806,clean,scalar_projected_pva,435,1,command_p,stop-j0-k307,stop,3.0700000000000003,0,joint_0,1,0.009999999999999787,2.829748057768279e-07,0.1,0.1,0.05
paper-evidence-v1-locked-test::scalar_projected_pva,synthetic-feasible-v1,synthetic,rapid_reversal__test__006,test,150806,clean,scalar_projected_pva,435,1,command_p,stop-j0-k334,stop,3.34,0,joint_0,1,0.010000000000000009,2.7630987006369325e-07,0.1,0.1,0.05
paper-evidence-v1-locked-test::scalar_projected_pva,synthetic-feasible-v1,synthetic,rapid_reversal__test__006,test,150806,clean,scalar_projected_pva,435,1,command_p,reversal-j0-k336,reversal,3.3449999999999998,0,joint_0,1,0.009999999999999787,2.807942728136652e-07,0.1,0.1,0.05
paper-evidence-v1-locked-test::scalar_projected_pva,synthetic-feasible-v1,synthetic,rapid_reversal__test__006,test,150806,clean,scalar_projected_pva,435,1,command_p,stop-j0-k362,stop,3.62,0,joint_0,1,0.009999999999999787,2.828584414311488e-07,0.1,0.1,0.05
paper-evidence-v1-locked-test::scalar_projected_pva,synthetic-feasible-v1,synthetic,rapid_reversal__test__006,test,150806,clean,scalar_projected_pva,435,1,command_p,stop-j0-k389,stop,3.89,0,joint_0,1,0.009999999999999787,2.7897287405833687e-07,0.1,0.1,0.05
paper-evidence-v1-locked-test::scalar_projected_pva,synthetic-feasible-v1,synthetic,rapid_reversal__test__006,test,150806,clean,scalar_projected_pva,435,1,command_p,stop-j0-k417,stop,4.17,0,joint_0,1,0.009999999999999787,2.8560044939540187e-07,0.1,0.1,0.05
paper-evidence-v1-locked-test::scalar_projected_pva,synthetic-feasible-v1,synthetic,rapid_reversal__test__007,test,150807,clean,scalar_projected_pva,259,1,command_p,stop-j0-k38,stop,0.38,0,joint_0,1,0.010000000000000009,3.9987751927554056e-07,0.1,0.1,0.05
paper-evidence-v1-locked-test::scalar_projected_pva,synthetic-feasible-v1,synthetic,rapid_reversal__test__007,test,150807,clean,scalar_projected_pva,259,1,command_p,reversal-j0-k40,reversal,0.385,0,joint_0,1,0.010000000000000009,4.0497673350540256e-07,0.1,0.1,0.05
paper-evidence-v1-locked-test::scalar_projected_pva,synthetic-feasible-v1,synthetic,rapid_reversal__test__007,test,150807,clean,scalar_projected_pva,259,1,command_p,stop-j0-k66,stop,0.66,0,joint_0,1,0.010000000000000009,4.012880963525844e-07,0.1,0.1,0.05
paper-evidence-v1-locked-test::scalar_projected_pva,synthetic-feasible-v1,synthetic,rapid_reversal__test__007,test,150807,clean,scalar_projected_pva,259,1,command_p,stop-j0-k94,stop,0.9400000000000001,0,joint_0,1,0.010000000000000009,4.021428883339407e-07,0.1,0.1,0.05
paper-evidence-v1-locked-test::scalar_projected_pva,synthetic-feasible-v1,synthetic,rapid_reversal__test__007,test,150807,clean,scalar_projected_pva,259,1,command_p,stop-j0-k122,stop,1.22,0,joint_0,1,0.010000000000000009,4.0301109397923796e-07,0.1,0.1,0.05
paper-evidence-v1-locked-test::scalar_projected_pva,synthetic-feasible-v1,synthetic,rapid_reversal__test__007,test,150807,clean,scalar_projected_pva,259,1,command_p,stop-j0-k150,stop,1.5,0,joint_0,1,0.010000000000000009,4.038908363605641e-07,0.1,0.1,0.05
paper-evidence-v1-locked-test::scalar_projected_pva,synthetic-feasible-v1,synthetic,rapid_reversal__test__007,test,150807,clean,scalar_projected_pva,259,1,command_p,stop-j0-k178,stop,1.78,0,joint_0,1,0.010000000000000009,4.047802385143486e-07,0.1,0.1,0.05
paper-evidence-v1-locked-test::scalar_projected_pva,synthetic-feasible-v1,synthetic,rapid_reversal__test__007,test,150807,clean,scalar_projected_pva,259,1,command_p,stop-j0-k206,stop,2.06,0,joint_0,1,0.010000000000000009,4.0567742740307466e-07,0.1,0.1,0.05
paper-evidence-v1-locked-test::scalar_projected_pva,synthetic-feasible-v1,synthetic,rapid_reversal__test__007,test,150807,clean,scalar_projected_pva,259,1,command_p,stop-j0-k234,stop,2.34,0,joint_0,1,0.010000000000000009,4.065805377068784e-07,0.1,0.1,0.05
paper-evidence-v1-locked-test::scalar_projected_pva,synthetic-feasible-v1,synthetic,rapid_reversal__test__008,test,150808,clean,scalar_projected_pva,442,1,command_p,stop-j0-k42,stop,0.42,0,joint_0,1,0.010000000000000009,1.7189145865676252e-05,0.1,0.1,0.05
paper-evidence-v1-locked-test::scalar_projected_pva,synthetic-feasible-v1,synthetic,rapid_reversal__test__008,test,150808,clean,scalar_projected_pva,442,1,command_p,reversal-j0-k44,reversal,0.42500000000000004,0,joint_0,1,0.010000000000000009,1.7635296961065794e-05,0.1,0.1,0.05
paper-evidence-v1-locked-test::scalar_projected_pva,synthetic-feasible-v1,synthetic,rapid_reversal__test__008,test,150808,clean,scalar_projected_pva,442,1,command_p,stop-j0-k74,stop,0.74,0,joint_0,1,0.010000000000000009,1.7710154344373672e-05,0.1,0.1,0.05
paper-evidence-v1-locked-test::scalar_projected_pva,synthetic-feasible-v1,synthetic,rapid_reversal__test__008,test,150808,clean,scalar_projected_pva,442,1,command_p,reversal-j0-k76,reversal,0.745,0,joint_0,1,0.010000000000000009,1.7709866665513412e-05,0.1,0.1,0.05
paper-evidence-v1-locked-test::scalar_projected_pva,synthetic-feasible-v1,synthetic,rapid_reversal__test__008,test,150808,clean,scalar_projected_pva,442,1,command_p,stop-j0-k106,stop,1.06,0,joint_0,1,0.010000000000000009,1.7348075861608107e-05,0.1,0.1,0.05
paper-evidence-v1-locked-test::scalar_projected_pva,synthetic-feasible-v1,synthetic,rapid_reversal__test__008,test,150808,clean,scalar_projected_pva,442,1,command_p,reversal-j0-k108,reversal,1.065,0,joint_0,1,0.010000000000000009,1.7798387643463883e-05,0.1,0.1,0.05
paper-evidence-v1-locked-test::scalar_projected_pva,synthetic-feasible-v1,synthetic,rapid_reversal__test__008,test,150808,clean,scalar_projected_pva,442,1,command_p,stop-j0-k139,stop,1.3900000000000001,0,joint_0,1,0.010000000000000009,1.744477230157508e-05,0.1,0.1,0.05
paper-evidence-v1-locked-test::scalar_projected_pva,synthetic-feasible-v1,synthetic,rapid_reversal__test__008,test,150808,clean,scalar_projected_pva,442,1,command_p,stop-j0-k171,stop,1.71,0,joint_0,1,0.010000000000000009,1.754912651094695e-05,0.1,0.1,0.05
paper-evidence-v1-locked-test::scalar_projected_pva,synthetic-feasible-v1,synthetic,rapid_reversal__test__008,test,150808,clean,scalar_projected_pva,442,1,command_p,stop-j0-k203,stop,2.0300000000000002,0,joint_0,1,0.010000000000000009,5.304857834577577e-05,0.1,0.1,0.05
paper-evidence-v1-locked-test::scalar_projected_pva,synthetic-feasible-v1,synthetic,rapid_reversal__test__008,test,150808,clean,scalar_projected_pva,442,1,command_p,stop-j0-k235,stop,2.35,0,joint_0,1,0.009999999999999787,5.325252047723856e-05,0.1,0.1,0.05
paper-evidence-v1-locked-test::scalar_projected_pva,synthetic-feasible-v1,synthetic,rapid_reversal__test__008,test,150808,clean,scalar_projected_pva,442,1,command_p,stop-j0-k267,stop,2.67,0,joint_0,1,0.010000000000000009,1.7089778493779452e-05,0.1,0.1,0.05
paper-evidence-v1-locked-test::scalar_projected_pva,synthetic-feasible-v1,synthetic,rapid_reversal__test__008,test,150808,clean,scalar_projected_pva,442,1,command_p,stop-j0-k299,stop,2.99,0,joint_0,1,0.009999999999999787,1.7566522821085203e-05,0.1,0.1,0.05
paper-evidence-v1-locked-test::scalar_projected_pva,synthetic-feasible-v1,synthetic,rapid_reversal__test__008,test,150808,clean,scalar_projected_pva,442,1,command_p,stop-j0-k331,stop,3.31,0,joint_0,1,0.009999999999999787,1.717409915109956e-05,0.1,0.1,0.05
paper-evidence-v1-locked-test::scalar_projected_pva,synthetic-feasible-v1,synthetic,rapid_reversal__test__008,test,150808,clean,scalar_projected_pva,442,1,command_p,reversal-j0-k333,reversal,3.3150000000000004,0,joint_0,1,0.009999999999999787,1.7619855840235322e-05,0.1,0.1,0.05
paper-evidence-v1-locked-test::scalar_projected_pva,synthetic-feasible-v1,synthetic,rapid_reversal__test__008,test,150808,clean,scalar_projected_pva,442,1,command_p,stop-j0-k363,stop,3.63,0,joint_0,1,0.010000000000000009,1.724320299777713e-05,0.1,0.1,0.05
paper-evidence-v1-locked-test::scalar_projected_pva,synthetic-feasible-v1,synthetic,rapid_reversal__test__008,test,150808,clean,scalar_projected_pva,442,1,command_p,reversal-j0-k365,reversal,3.635,0,joint_0,1,0.009999999999999787,1.7690770365325915e-05,0.1,0.1,0.05
paper-evidence-v1-locked-test::scalar_projected_pva,synthetic-feasible-v1,synthetic,rapid_reversal__test__008,test,150808,clean,scalar_projected_pva,442,1,command_p,stop-j0-k395,stop,3.95,0,joint_0,1,0.009999999999999787,1.7776423969986313e-05,0.1,0.1,0.05
paper-evidence-v1-locked-test::scalar_projected_pva,synthetic-feasible-v1,synthetic,rapid_reversal__test__008,test,150808,clean,scalar_projected_pva,442,1,command_p,reversal-j0-k397,reversal,3.955,0,joint_0,1,0.009999999999999787,1.7776423969986313e-05,0.1,0.1,0.05
paper-evidence-v1-locked-test::scalar_projected_pva,synthetic-feasible-v1,synthetic,rapid_reversal__test__008,test,150808,clean,scalar_projected_pva,442,1,command_p,stop-j0-k427,stop,4.2700000000000005,0,joint_0,1,0.009999999999999787,1.7873767996158794e-05,0.1,0.1,0.05
paper-evidence-v1-locked-test::scalar_projected_pva,synthetic-feasible-v1,synthetic,rapid_reversal__test__009,test,150809,clean,scalar_projected_pva,413,1,command_p,stop-j0-k38,stop,0.38,0,joint_0,1,0.010000000000000009,6.2681503704276e-08,0.1,0.1,0.05
paper-evidence-v1-locked-test::scalar_projected_pva,synthetic-feasible-v1,synthetic,rapid_reversal__test__009,test,150809,clean,scalar_projected_pva,413,1,command_p,stop-j0-k74,stop,0.74,0,joint_0,1,0.010000000000000009,6.34718952274938e-08,0.1,0.1,0.05
paper-evidence-v1-locked-test::scalar_projected_pva,synthetic-feasible-v1,synthetic,rapid_reversal__test__009,test,150809,clean,scalar_projected_pva,413,1,command_p,reversal-j0-k76,reversal,0.745,0,joint_0,1,0.010000000000000009,5.9540481141891446e-08,0.1,0.1,0.05
paper-evidence-v1-locked-test::scalar_projected_pva,synthetic-feasible-v1,synthetic,rapid_reversal__test__009,test,150809,clean,scalar_projected_pva,413,1,command_p,stop-j0-k110,stop,1.1,0,joint_0,1,0.010000000000000009,6.283133308091142e-08,0.1,0.1,0.05
paper-evidence-v1-locked-test::scalar_projected_pva,synthetic-feasible-v1,synthetic,rapid_reversal__test__009,test,150809,clean,scalar_projected_pva,413,1,command_p,reversal-j0-k112,reversal,1.105,0,joint_0,1,0.010000000000000009,6.031316323198026e-08,0.1,0.1,0.05
paper-evidence-v1-locked-test::scalar_projected_pva,synthetic-feasible-v1,synthetic,rapid_reversal__test__009,test,150809,clean,scalar_projected_pva,413,1,command_p,stop-j0-k146,stop,1.46,0,joint_0,1,0.010000000000000009,6.348638693713642e-08,0.1,0.1,0.05
paper-evidence-v1-locked-test::scalar_projected_pva,synthetic-feasible-v1,synthetic,rapid_reversal__test__009,test,150809,clean,scalar_projected_pva,413,1,command_p,reversal-j0-k148,reversal,1.4649999999999999,0,joint_0,1,0.010000000000000009,6.110278622386278e-08,0.1,0.1,0.05
paper-evidence-v1-locked-test::scalar_projected_pva,synthetic-feasible-v1,synthetic,rapid_reversal__test__009,test,150809,clean,scalar_projected_pva,413,1,command_p,stop-j0-k183,stop,1.83,0,joint_0,1,0.010000000000000009,6.089390488636722e-08,0.1,0.1,0.05
paper-evidence-v1-locked-test::scalar_projected_pva,synthetic-feasible-v1,synthetic,rapid_reversal__test__009,test,150809,clean,scalar_projected_pva,413,1,command_p,stop-j0-k219,stop,2.19,0,joint_0,1,0.010000000000000009,6.15357211853564e-08,0.1,0.1,0.05
paper-evidence-v1-locked-test::scalar_projected_pva,synthetic-feasible-v1,synthetic,rapid_reversal__test__009,test,150809,clean,scalar_projected_pva,413,1,command_p,stop-j0-k255,stop,2.5500000000000003,0,joint_0,1,0.009999999999999787,5.9558202641359796e-08,0.1,0.1,0.05
paper-evidence-v1-locked-test::scalar_projected_pva,synthetic-feasible-v1,synthetic,rapid_reversal__test__009,test,150809,clean,scalar_projected_pva,413,1,command_p,stop-j0-k291,stop,2.91,0,joint_0,1,0.009999999999999787,6.284681505804285e-08,0.1,0.1,0.05
paper-evidence-v1-locked-test::scalar_projected_pva,synthetic-feasible-v1,synthetic,rapid_reversal__test__009,test,150809,clean,scalar_projected_pva,413,1,command_p,reversal-j0-k293,reversal,2.915,0,joint_0,1,0.009999999999999787,6.033213915461051e-08,0.1,0.1,0.05
paper-evidence-v1-locked-test::scalar_projected_pva,synthetic-feasible-v1,synthetic,rapid_reversal__test__009,test,150809,clean,scalar_projected_pva,413,1,command_p,stop-j0-k327,stop,3.27,0,joint_0,1,0.009999999999999787,6.350244457028526e-08,0.1,0.1,0.05
paper-evidence-v1-locked-test::scalar_projected_pva,synthetic-feasible-v1,synthetic,rapid_reversal__test__009,test,150809,clean,scalar_projected_pva,413,1,command_p,reversal-j0-k329,reversal,3.2750000000000004,0,joint_0,1,0.009999999999999787,6.112280014537673e-08,0.1,0.1,0.05
paper-evidence-v1-locked-test::scalar_projected_pva,synthetic-feasible-v1,synthetic,rapid_reversal__test__009,test,150809,clean,scalar_projected_pva,413,1,command_p,stop-j0-k364,stop,3.64,0,joint_0,1,0.009999999999999787,6.091027864668122e-08,0.1,0.1,0.05
paper-evidence-v1-locked-test::scalar_projected_pva,synthetic-feasible-v1,synthetic,rapid_reversal__test__009,test,150809,clean,scalar_projected_pva,413,1,command_p,stop-j0-k400,stop,4.0,0,joint_0,1,0.009999999999999787,6.15532136326074e-08,0.1,0.1,0.05
paper-evidence-v1-locked-test::scalar_projected_pva,synthetic-feasible-v1,synthetic,rapid_reversal__test__010,test,150810,clean,scalar_projected_pva,433,1,command_p,stop-j0-k34,stop,0.34,0,joint_0,1,0.010000000000000009,3.325097788843825e-07,0.1,0.1,0.05
paper-evidence-v1-locked-test::scalar_projected_pva,synthetic-feasible-v1,synthetic,rapid_reversal__test__010,test,150810,clean,scalar_projected_pva,433,1,command_p,stop-j0-k59,stop,0.59,0,joint_0,1,0.010000000000000009,3.251725653816081e-07,0.1,0.1,0.05
paper-evidence-v1-locked-test::scalar_projected_pva,synthetic-feasible-v1,synthetic,rapid_reversal__test__010,test,150810,clean,scalar_projected_pva,433,1,command_p,stop-j0-k84,stop,0.84,0,joint_0,1,0.010000000000000009,3.260033229904461e-07,0.1,0.1,0.05
paper-evidence-v1-locked-test::scalar_projected_pva,synthetic-feasible-v1,synthetic,rapid_reversal__test__010,test,150810,clean,scalar_projected_pva,433,1,command_p,stop-j0-k109,stop,1.09,0,joint_0,1,0.010000000000000009,3.438061256482671e-07,0.1,0.1,0.05
paper-evidence-v1-locked-test::scalar_projected_pva,synthetic-feasible-v1,synthetic,rapid_reversal__test__010,test,150810,clean,scalar_projected_pva,433,1,command_p,stop-j0-k134,stop,1.34,0,joint_0,1,0.010000000000000009,3.369563868367137e-07,0.1,0.1,0.05
paper-evidence-v1-locked-test::scalar_projected_pva,synthetic-feasible-v1,synthetic,rapid_reversal__test__010,test,150810,clean,scalar_projected_pva,433,1,command_p,stop-j0-k159,stop,1.59,0,joint_0,1,0.010000000000000009,3.3809030634066493e-07,0.1,0.1,0.05
paper-evidence-v1-locked-test::scalar_projected_pva,synthetic-feasible-v1,synthetic,rapid_reversal__test__010,test,150810,clean,scalar_projected_pva,433,1,command_p,stop-j0-k184,stop,1.84,0,joint_0,1,0.010000000000000009,3.3922892695817433e-07,0.1,0.1,0.05
paper-evidence-v1-locked-test::scalar_projected_pva,synthetic-feasible-v1,synthetic,rapid_reversal__test__010,test,150810,clean,scalar_projected_pva,433,1,command_p,stop-j0-k209,stop,2.09,0,joint_0,1,0.009999999999999898,3.403701667228402e-07,0.1,0.1,0.05
paper-evidence-v1-locked-test::scalar_projected_pva,synthetic-feasible-v1,synthetic,rapid_reversal__test__010,test,150810,clean,scalar_projected_pva,433,1,command_p,stop-j0-k234,stop,2.34,0,joint_0,1,0.010000000000000009,3.4151196154395356e-07,0.1,0.1,0.05
paper-evidence-v1-locked-test::scalar_projected_pva,synthetic-feasible-v1,synthetic,rapid_reversal__test__010,test,150810,clean,scalar_projected_pva,433,1,command_p,stop-j0-k259,stop,2.59,0,joint_0,1,0.010000000000000009,3.4265226861992984e-07,0.1,0.1,0.05
paper-evidence-v1-locked-test::scalar_projected_pva,synthetic-feasible-v1,synthetic,rapid_reversal__test__010,test,150810,clean,scalar_projected_pva,433,1,command_p,stop-j0-k284,stop,2.84,0,joint_0,1,0.010000000000000009,3.437890696626374e-07,0.1,0.1,0.05
paper-evidence-v1-locked-test::scalar_projected_pva,synthetic-feasible-v1,synthetic,rapid_reversal__test__010,test,150810,clean,scalar_projected_pva,433,1,command_p,stop-j0-k308,stop,3.08,0,joint_0,1,0.009999999999999787,3.259574743572422e-07,0.1,0.1,0.05
paper-evidence-v1-locked-test::scalar_projected_pva,synthetic-feasible-v1,synthetic,rapid_reversal__test__010,test,150810,clean,scalar_projected_pva,433,1,command_p,reversal-j0-k310,reversal,3.085,0,joint_0,1,0.009999999999999787,3.344241392335266e-07,0.1,0.1,0.05
paper-evidence-v1-locked-test::scalar_projected_pva,synthetic-feasible-v1,synthetic,rapid_reversal__test__010,test,150810,clean,scalar_projected_pva,433,1,command_p,stop-j0-k333,stop,3.33,0,joint_0,1,0.009999999999999787,3.2694204039598163e-07,0.1,0.1,0.05
paper-evidence-v1-locked-test::scalar_projected_pva,synthetic-feasible-v1,synthetic,rapid_reversal__test__010,test,150810,clean,scalar_projected_pva,433,1,command_p,stop-j0-k358,stop,3.58,0,joint_0,1,0.009999999999999787,3.2795285969511596e-07,0.1,0.1,0.05
paper-evidence-v1-locked-test::scalar_projected_pva,synthetic-feasible-v1,synthetic,rapid_reversal__test__010,test,150810,clean,scalar_projected_pva,433,1,command_p,stop-j0-k383,stop,3.83,0,joint_0,1,0.009999999999999787,3.2898790884600816e-07,0.1,0.1,0.05
paper-evidence-v1-locked-test::scalar_projected_pva,synthetic-feasible-v1,synthetic,rapid_reversal__test__010,test,150810,clean,scalar_projected_pva,433,1,command_p,stop-j0-k408,stop,4.08,0,joint_0,1,0.009999999999999787,3.3004513715072995e-07,0.1,0.1,0.05
paper-evidence-v1-locked-test::scalar_projected_pva,synthetic-feasible-v1,synthetic,rapid_reversal__test__011,test,150811,clean,scalar_projected_pva,431,1,command_p,stop-j0-k11,stop,0.11,0,joint_0,5,0.05,0.004045633896364169,0.1,0.1,0.05
paper-evidence-v1-locked-test::scalar_projected_pva,synthetic-feasible-v1,synthetic,rapid_reversal__test__011,test,150811,clean,scalar_projected_pva,431,1,command_p,stop-j0-k35,stop,0.35000000000000003,0,joint_0,1,0.010000000000000009,5.886162161080549e-07,0.1,0.1,0.05
paper-evidence-v1-locked-test::scalar_projected_pva,synthetic-feasible-v1,synthetic,rapid_reversal__test__011,test,150811,clean,scalar_projected_pva,431,1,command_p,stop-j0-k58,stop,0.58,0,joint_0,1,0.010000000000000009,5.605070124301024e-07,0.1,0.1,0.05
paper-evidence-v1-locked-test::scalar_projected_pva,synthetic-feasible-v1,synthetic,rapid_reversal__test__011,test,150811,clean,scalar_projected_pva,431,1,command_p,stop-j0-k81,stop,0.81,0,joint_0,1,0.010000000000000009,5.733345725979135e-07,0.1,0.1,0.05
paper-evidence-v1-locked-test::scalar_projected_pva,synthetic-feasible-v1,synthetic,rapid_reversal__test__011,test,150811,clean,scalar_projected_pva,431,1,command_p,stop-j0-k104,stop,1.04,0,joint_0,1,0.010000000000000009,5.664335094112444e-07,0.1,0.1,0.05
paper-evidence-v1-locked-test::scalar_projected_pva,synthetic-feasible-v1,synthetic,rapid_reversal__test__011,test,150811,clean,scalar_projected_pva,431,1,command_p,stop-j0-k128,stop,1.28,0,joint_0,1,0.010000000000000009,5.907183459689568e-07,0.1,0.1,0.05
paper-evidence-v1-locked-test::scalar_projected_pva,synthetic-feasible-v1,synthetic,rapid_reversal__test__011,test,150811,clean,scalar_projected_pva,431,1,command_p,stop-j0-k151,stop,1.51,0,joint_0,1,0.010000000000000009,5.828915429693957e-07,0.1,0.1,0.05
paper-evidence-v1-locked-test::scalar_projected_pva,synthetic-feasible-v1,synthetic,rapid_reversal__test__011,test,150811,clean,scalar_projected_pva,431,1,command_p,stop-j0-k174,stop,1.74,0,joint_0,1,0.010000000000000009,5.753020958579564e-07,0.1,0.1,0.05
paper-evidence-v1-locked-test::scalar_projected_pva,synthetic-feasible-v1,synthetic,rapid_reversal__test__011,test,150811,clean,scalar_projected_pva,431,1,command_p,stop-j0-k197,stop,1.97,0,joint_0,1,0.010000000000000009,5.68221965708287e-07,0.1,0.1,0.05
paper-evidence-v1-locked-test::scalar_projected_pva,synthetic-feasible-v1,synthetic,rapid_reversal__test__011,test,150811,clean,scalar_projected_pva,431,1,command_p,stop-j0-k220,stop,2.2,0,joint_0,1,0.009999999999999787,5.72369655750071e-07,0.1,0.1,0.05
paper-evidence-v1-locked-test::scalar_projected_pva,synthetic-feasible-v1,synthetic,rapid_reversal__test__011,test,150811,clean,scalar_projected_pva,431,1,command_p,stop-j0-k244,stop,2.44,0,joint_0,1,0.010000000000000009,5.850113996046647e-07,0.1,0.1,0.05
paper-evidence-v1-locked-test::scalar_projected_pva,synthetic-feasible-v1,synthetic,rapid_reversal__test__011,test,150811,clean,scalar_projected_pva,431,1,command_p,stop-j0-k267,stop,2.67,0,joint_0,1,0.010000000000000009,5.773373610423859e-07,0.1,0.1,0.05
paper-evidence-v1-locked-test::scalar_projected_pva,synthetic-feasible-v1,synthetic,rapid_reversal__test__011,test,150811,clean,scalar_projected_pva,431,1,command_p,stop-j0-k290,stop,2.9,0,joint_0,1,0.010000000000000009,5.700979278434821e-07,0.1,0.1,0.05
paper-evidence-v1-locked-test::scalar_projected_pva,synthetic-feasible-v1,synthetic,rapid_reversal__test__011,test,150811,clean,scalar_projected_pva,431,1,command_p,stop-j0-k313,stop,3.13,0,joint_0,1,0.010000000000000009,5.635597312514547e-07,0.1,0.1,0.05
paper-evidence-v1-locked-test::scalar_projected_pva,synthetic-feasible-v1,synthetic,rapid_reversal__test__011,test,150811,clean,scalar_projected_pva,431,1,command_p,stop-j0-k337,stop,3.37,0,joint_0,1,0.009999999999999787,5.871731160854824e-07,0.1,0.1,0.05
paper-evidence-v1-locked-test::scalar_projected_pva,synthetic-feasible-v1,synthetic,rapid_reversal__test__011,test,150811,clean,scalar_projected_pva,431,1,command_p,stop-j0-k360,stop,3.6,0,joint_0,1,0.009999999999999787,5.794349189772294e-07,0.1,0.1,0.05
paper-evidence-v1-locked-test::scalar_projected_pva,synthetic-feasible-v1,synthetic,rapid_reversal__test__011,test,150811,clean,scalar_projected_pva,431,1,command_p,stop-j0-k383,stop,3.83,0,joint_0,1,0.009999999999999787,5.720561977466944e-07,0.1,0.1,0.05
paper-evidence-v1-locked-test::scalar_projected_pva,synthetic-feasible-v1,synthetic,rapid_reversal__test__011,test,150811,clean,scalar_projected_pva,431,1,command_p,stop-j0-k406,stop,4.0600000000000005,0,joint_0,1,0.009999999999999787,5.769851077207533e-07,0.1,0.1,0.05
paper-evidence-v1-locked-test::scalar_projected_pva,synthetic-feasible-v1,synthetic,rapid_reversal__test__012,test,150812,clean,scalar_projected_pva,408,1,command_p,stop-j0-k30,stop,0.3,0,joint_0,5,0.04999999999999999,0.02389949554509116,0.1,0.1,0.05
paper-evidence-v1-locked-test::scalar_projected_pva,synthetic-feasible-v1,synthetic,rapid_reversal__test__012,test,150812,clean,scalar_projected_pva,408,1,command_p,stop-j0-k58,stop,0.58,0,joint_0,4,0.040000000000000036,0.002148913186576059,0.1,0.1,0.05
paper-evidence-v1-locked-test::scalar_projected_pva,synthetic-feasible-v1,synthetic,rapid_reversal__test__012,test,150812,clean,scalar_projected_pva,408,1,command_p,stop-j0-k87,stop,0.87,0,joint_0,5,0.050000000000000044,0.021527676157300325,0.1,0.1,0.05
paper-evidence-v1-locked-test::scalar_projected_pva,synthetic-feasible-v1,synthetic,rapid_reversal__test__012,test,150812,clean,scalar_projected_pva,408,1,command_p,stop-j0-k115,stop,1.1500000000000001,0,joint_0,3,0.030000000000000027,0.002952954650471659,0.1,0.1,0.05
paper-evidence-v1-locked-test::scalar_projected_pva,synthetic-feasible-v1,synthetic,rapid_reversal__test__012,test,150812,clean,scalar_projected_pva,408,1,command_p,stop-j0-k143,stop,1.43,0,joint_0,5,0.050000000000000044,0.020702742551132223,0.1,0.1,0.05
paper-evidence-v1-locked-test::scalar_projected_pva,synthetic-feasible-v1,synthetic,rapid_reversal__test__012,test,150812,clean,scalar_projected_pva,408,1,command_p,reversal-j0-k145,reversal,1.435,0,joint_0,5,0.050000000000000044,0.019842953754467506,0.1,0.1,0.05
paper-evidence-v1-locked-test::scalar_projected_pva,synthetic-feasible-v1,synthetic,rapid_reversal__test__012,test,150812,clean,scalar_projected_pva,408,1,command_p,stop-j0-k172,stop,1.72,0,joint_0,3,0.030000000000000027,0.0025783181078971,0.1,0.1,0.05
paper-evidence-v1-locked-test::scalar_projected_pva,synthetic-feasible-v1,synthetic,rapid_reversal__test__012,test,150812,clean,scalar_projected_pva,408,1,command_p,stop-j0-k200,stop,2.0,0,joint_0,5,0.04999999999999982,0.02028828953133252,0.1,0.1,0.05
paper-evidence-v1-locked-test::scalar_projected_pva,synthetic-feasible-v1,synthetic,rapid_reversal__test__012,test,150812,clean,scalar_projected_pva,408,1,command_p,stop-j0-k229,stop,2.29,0,joint_0,3,0.029999999999999805,0.002629820820608175,0.1,0.1,0.05
paper-evidence-v1-locked-test::scalar_projected_pva,synthetic-feasible-v1,synthetic,rapid_reversal__test__012,test,150812,clean,scalar_projected_pva,408,1,command_p,stop-j0-k257,stop,2.57,0,joint_0,5,0.04999999999999982,0.024385445339039507,0.1,0.1,0.05
paper-evidence-v1-locked-test::scalar_projected_pva,synthetic-feasible-v1,synthetic,rapid_reversal__test__012,test,150812,clean,scalar_projected_pva,408,1,command_p,stop-j0-k285,stop,2.85,0,joint_0,4,0.040000000000000036,0.002860056225306847,0.1,0.1,0.05
paper-evidence-v1-locked-test::scalar_projected_pva,synthetic-feasible-v1,synthetic,rapid_reversal__test__012,test,150812,clean,scalar_projected_pva,408,1,command_p,reversal-j0-k287,reversal,2.855,0,joint_0,4,0.040000000000000036,0.0028880208992873553,0.1,0.1,0.05
paper-evidence-v1-locked-test::scalar_projected_pva,synthetic-feasible-v1,synthetic,rapid_reversal__test__012,test,150812,clean,scalar_projected_pva,408,1,command_p,stop-j0-k314,stop,3.14,0,joint_0,5,0.04999999999999982,0.02200516413586498,0.1,0.1,0.05
paper-evidence-v1-locked-test::scalar_projected_pva,synthetic-feasible-v1,synthetic,rapid_reversal__test__012,test,150812,clean,scalar_projected_pva,408,1,command_p,stop-j0-k342,stop,3.42,0,joint_0,4,0.040000000000000036,0.0029692874251597617,0.1,0.1,0.05
paper-evidence-v1-locked-test::scalar_projected_pva,synthetic-feasible-v1,synthetic,rapid_reversal__test__012,test,150812,clean,scalar_projected_pva,408,1,command_p,stop-j0-k370,stop,3.7,0,joint_0,5,0.04999999999999982,0.02032257154438118,0.1,0.1,0.05
paper-evidence-v1-locked-test::scalar_projected_pva,synthetic-feasible-v1,synthetic,rapid_reversal__test__012,test,150812,clean,scalar_projected_pva,408,1,command_p,reversal-j0-k372,reversal,3.705,0,joint_0,5,0.04999999999999982,0.02032257154438118,0.1,0.1,0.05
paper-evidence-v1-locked-test::scalar_projected_pva,synthetic-feasible-v1,synthetic,rapid_reversal__test__013,test,150813,clean,scalar_projected_pva,289,1,command_p,stop-j0-k22,stop,0.22,0,joint_0,1,0.010000000000000009,1.8656119001591093e-07,0.1,0.1,0.05
paper-evidence-v1-locked-test::scalar_projected_pva,synthetic-feasible-v1,synthetic,rapid_reversal__test__013,test,150813,clean,scalar_projected_pva,289,1,command_p,stop-j0-k43,stop,0.43,0,joint_0,1,0.010000000000000009,1.851309009266675e-07,0.1,0.1,0.05
paper-evidence-v1-locked-test::scalar_projected_pva,synthetic-feasible-v1,synthetic,rapid_reversal__test__013,test,150813,clean,scalar_projected_pva,289,1,command_p,stop-j0-k64,stop,0.64,0,joint_0,1,0.010000000000000009,1.8389368148747953e-07,0.1,0.1,0.05
paper-evidence-v1-locked-test::scalar_projected_pva,synthetic-feasible-v1,synthetic,rapid_reversal__test__013,test,150813,clean,scalar_projected_pva,289,1,command_p,reversal-j0-k86,reversal,0.855,0,joint_0,1,0.010000000000000009,1.8157333113012897e-07,0.1,0.1,0.05
paper-evidence-v1-locked-test::scalar_projected_pva,synthetic-feasible-v1,synthetic,rapid_reversal__test__013,test,150813,clean,scalar_projected_pva,289,1,command_p,stop-j0-k107,stop,1.07,0,joint_0,1,0.010000000000000009,1.8834305983722755e-07,0.1,0.1,0.05
paper-evidence-v1-locked-test::scalar_projected_pva,synthetic-feasible-v1,synthetic,rapid_reversal__test__013,test,150813,clean,scalar_projected_pva,289,1,command_p,stop-j0-k128,stop,1.28,0,joint_0,1,0.010000000000000009,1.847069642393441e-07,0.1,0.1,0.05
paper-evidence-v1-locked-test::scalar_projected_pva,synthetic-feasible-v1,synthetic,rapid_reversal__test__013,test,150813,clean,scalar_projected_pva,289,1,command_p,stop-j0-k149,stop,1.49,0,joint_0,1,0.010000000000000009,1.8354929297957243e-07,0.1,0.1,0.05
paper-evidence-v1-locked-test::scalar_projected_pva,synthetic-feasible-v1,synthetic,rapid_reversal__test__013,test,150813,clean,scalar_projected_pva,289,1,command_p,stop-j0-k171,stop,1.71,0,joint_0,1,0.010000000000000009,1.87109504604571e-07,0.1,0.1,0.05
paper-evidence-v1-locked-test::scalar_projected_pva,synthetic-feasible-v1,synthetic,rapid_reversal__test__013,test,150813,clean,scalar_projected_pva,289,1,command_p,stop-j0-k192,stop,1.92,0,joint_0,1,0.010000000000000009,1.8563707357044467e-07,0.1,0.1,0.05
paper-evidence-v1-locked-test::scalar_projected_pva,synthetic-feasible-v1,synthetic,rapid_reversal__test__013,test,150813,clean,scalar_projected_pva,289,1,command_p,stop-j0-k213,stop,2.13,0,joint_0,1,0.010000000000000009,1.8432393469028508e-07,0.1,0.1,0.05
paper-evidence-v1-locked-test::scalar_projected_pva,synthetic-feasible-v1,synthetic,rapid_reversal__test__013,test,150813,clean,scalar_projected_pva,289,1,command_p,stop-j0-k234,stop,2.34,0,joint_0,1,0.010000000000000009,1.832553456269515e-07,0.1,0.1,0.05
paper-evidence-v1-locked-test::scalar_projected_pva,synthetic-feasible-v1,synthetic,rapid_reversal__test__013,test,150813,clean,scalar_projected_pva,289,1,command_p,stop-j0-k256,stop,2.56,0,joint_0,1,0.009999999999999787,1.866585351183573e-07,0.1,0.1,0.05
paper-evidence-v1-locked-test::scalar_projected_pva,synthetic-feasible-v1,synthetic,rapid_reversal__test__013,test,150813,clean,scalar_projected_pva,289,1,command_p,stop-j0-k277,stop,2.77,0,joint_0,1,0.009999999999999787,1.852328398478931e-07,0.1,0.1,0.05
paper-evidence-v1-locked-test::scalar_projected_pva,synthetic-feasible-v1,synthetic,rapid_reversal__test__014,test,150814,clean,scalar_projected_pva,429,1,command_p,stop-j0-k13,stop,0.13,0,joint_0,4,0.04000000000000001,0.0023520457920195286,0.1,0.1,0.05
paper-evidence-v1-locked-test::scalar_projected_pva,synthetic-feasible-v1,synthetic,rapid_reversal__test__014,test,150814,clean,scalar_projected_pva,429,1,command_p,stop-j0-k37,stop,0.37,0,joint_0,1,0.010000000000000009,3.3093798613535557e-07,0.1,0.1,0.05
paper-evidence-v1-locked-test::scalar_projected_pva,synthetic-feasible-v1,synthetic,rapid_reversal__test__014,test,150814,clean,scalar_projected_pva,429,1,command_p,stop-j0-k62,stop,0.62,0,joint_0,1,0.010000000000000009,3.486399529103398e-07,0.1,0.1,0.05
paper-evidence-v1-locked-test::scalar_projected_pva,synthetic-feasible-v1,synthetic,rapid_reversal__test__014,test,150814,clean,scalar_projected_pva,429,1,command_p,stop-j0-k86,stop,0.86,0,joint_0,1,0.010000000000000009,3.312162736473411e-07,0.1,0.1,0.05
paper-evidence-v1-locked-test::scalar_projected_pva,synthetic-feasible-v1,synthetic,rapid_reversal__test__014,test,150814,clean,scalar_projected_pva,429,1,command_p,stop-j0-k111,stop,1.11,0,joint_0,1,0.010000000000000009,3.491409812588189e-07,0.1,0.1,0.05
paper-evidence-v1-locked-test::scalar_projected_pva,synthetic-feasible-v1,synthetic,rapid_reversal__test__014,test,150814,clean,scalar_projected_pva,429,1,command_p,stop-j0-k135,stop,1.35,0,joint_0,1,0.010000000000000009,3.394955806388909e-07,0.1,0.1,0.05
paper-evidence-v1-locked-test::scalar_projected_pva,synthetic-feasible-v1,synthetic,rapid_reversal__test__014,test,150814,clean,scalar_projected_pva,429,1,command_p,stop-j0-k160,stop,1.6,0,joint_0,1,0.010000000000000009,3.4964505208923954e-07,0.1,0.1,0.05
paper-evidence-v1-locked-test::scalar_projected_pva,synthetic-feasible-v1,synthetic,rapid_reversal__test__014,test,150814,clean,scalar_projected_pva,429,1,command_p,stop-j0-k184,stop,1.84,0,joint_0,1,0.010000000000000009,3.39940810861886e-07,0.1,0.1,0.05
paper-evidence-v1-locked-test::scalar_projected_pva,synthetic-feasible-v1,synthetic,rapid_reversal__test__014,test,150814,clean,scalar_projected_pva,429,1,command_p,stop-j0-k209,stop,2.09,0,joint_0,1,0.009999999999999898,3.5015198963894333e-07,0.1,0.1,0.05
paper-evidence-v1-locked-test::scalar_projected_pva,synthetic-feasible-v1,synthetic,rapid_reversal__test__014,test,150814,clean,scalar_projected_pva,429,1,command_p,stop-j0-k233,stop,2.33,0,joint_0,1,0.009999999999999787,3.403924284173025e-07,0.1,0.1,0.05
paper-evidence-v1-locked-test::scalar_projected_pva,synthetic-feasible-v1,synthetic,rapid_reversal__test__014,test,150814,clean,scalar_projected_pva,429,1,command_p,stop-j0-k258,stop,2.58,0,joint_0,1,0.009999999999999787,3.506616185135678e-07,0.1,0.1,0.05
paper-evidence-v1-locked-test::scalar_projected_pva,synthetic-feasible-v1,synthetic,rapid_reversal__test__014,test,150814,clean,scalar_projected_pva,429,1,command_p,stop-j0-k282,stop,2.82,0,joint_0,1,0.010000000000000009,3.4085026306648297e-07,0.1,0.1,0.05
paper-evidence-v1-locked-test::scalar_projected_pva,synthetic-feasible-v1,synthetic,rapid_reversal__test__014,test,150814,clean,scalar_projected_pva,429,1,command_p,stop-j0-k307,stop,3.0700000000000003,0,joint_0,1,0.009999999999999787,3.596654512600994e-07,0.1,0.1,0.05
paper-evidence-v1-locked-test::scalar_projected_pva,synthetic-feasible-v1,synthetic,rapid_reversal__test__014,test,150814,clean,scalar_projected_pva,429,1,command_p,stop-j0-k331,stop,3.31,0,joint_0,1,0.009999999999999787,3.4131414356888445e-07,0.1,0.1,0.05
paper-evidence-v1-locked-test::scalar_projected_pva,synthetic-feasible-v1,synthetic,rapid_reversal__test__014,test,150814,clean,scalar_projected_pva,429,1,command_p,stop-j0-k356,stop,3.56,0,joint_0,1,0.009999999999999787,3.5168825094676525e-07,0.1,0.1,0.05
paper-evidence-v1-locked-test::scalar_projected_pva,synthetic-feasible-v1,synthetic,rapid_reversal__test__014,test,150814,clean,scalar_projected_pva,429,1,command_p,stop-j0-k380,stop,3.8000000000000003,0,joint_0,1,0.009999999999999787,3.506628406041998e-07,0.1,0.1,0.05
paper-evidence-v1-locked-test::scalar_projected_pva,synthetic-feasible-v1,synthetic,rapid_reversal__test__014,test,150814,clean,scalar_projected_pva,429,1,command_p,stop-j0-k405,stop,4.05,0,joint_0,1,0.009999999999999787,3.5220490612890666e-07,0.1,0.1,0.05
paper-evidence-v1-locked-test::scalar_projected_pva,synthetic-feasible-v1,synthetic,rapid_reversal__test__015,test,150815,clean,scalar_projected_pva,304,1,command_p,stop-j0-k27,stop,0.27,0,joint_0,1,0.010000000000000009,3.539349878253417e-07,0.1,0.1,0.05
paper-evidence-v1-locked-test::scalar_projected_pva,synthetic-feasible-v1,synthetic,rapid_reversal__test__015,test,150815,clean,scalar_projected_pva,304,1,command_p,stop-j0-k57,stop,0.5700000000000001,0,joint_0,1,0.010000000000000009,3.525931266442264e-07,0.1,0.1,0.05
paper-evidence-v1-locked-test::scalar_projected_pva,synthetic-feasible-v1,synthetic,rapid_reversal__test__015,test,150815,clean,scalar_projected_pva,304,1,command_p,stop-j0-k87,stop,0.87,0,joint_0,1,0.010000000000000009,3.5469359853095396e-07,0.1,0.1,0.05
paper-evidence-v1-locked-test::scalar_projected_pva,synthetic-feasible-v1,synthetic,rapid_reversal__test__015,test,150815,clean,scalar_projected_pva,304,1,command_p,stop-j0-k117,stop,1.17,0,joint_0,1,0.010000000000000009,3.5507847004110146e-07,0.1,0.1,0.05
paper-evidence-v1-locked-test::scalar_projected_pva,synthetic-feasible-v1,synthetic,rapid_reversal__test__015,test,150815,clean,scalar_projected_pva,304,1,command_p,stop-j0-k147,stop,1.47,0,joint_0,1,0.010000000000000009,3.5546267461174725e-07,0.1,0.1,0.05
paper-evidence-v1-locked-test::scalar_projected_pva,synthetic-feasible-v1,synthetic,rapid_reversal__test__015,test,150815,clean,scalar_projected_pva,304,1,command_p,stop-j0-k177,stop,1.77,0,joint_0,1,0.010000000000000009,3.558430239101645e-07,0.1,0.1,0.05
paper-evidence-v1-locked-test::scalar_projected_pva,synthetic-feasible-v1,synthetic,rapid_reversal__test__015,test,150815,clean,scalar_projected_pva,304,1,command_p,stop-j0-k207,stop,2.07,0,joint_0,1,0.010000000000000009,3.562164281304943e-07,0.1,0.1,0.05
paper-evidence-v1-locked-test::scalar_projected_pva,synthetic-feasible-v1,synthetic,rapid_reversal__test__015,test,150815,clean,scalar_projected_pva,304,1,command_p,stop-j0-k236,stop,2.36,0,joint_0,1,0.010000000000000009,3.541195939856076e-07,0.1,0.1,0.05
paper-evidence-v1-locked-test::scalar_projected_pva,synthetic-feasible-v1,synthetic,rapid_reversal__test__015,test,150815,clean,scalar_projected_pva,304,1,command_p,reversal-j0-k238,reversal,2.365,0,joint_0,1,0.009999999999999787,3.528706629855278e-07,0.1,0.1,0.05
paper-evidence-v1-locked-test::scalar_projected_pva,synthetic-feasible-v1,synthetic,rapid_reversal__test__015,test,150815,clean,scalar_projected_pva,304,1,command_p,stop-j0-k266,stop,2.66,0,joint_0,1,0.009999999999999787,3.545154567373323e-07,0.1,0.1,0.05
paper-evidence-v1-locked-test::scalar_projected_pva,synthetic-feasible-v1,synthetic,rapid_reversal__test__016,test,150816,clean,scalar_projected_pva,341,1,command_p,stop-j0-k42,stop,0.42,0,joint_0,1,0.010000000000000009,2.4408344760854686e-07,0.1,0.1,0.05
paper-evidence-v1-locked-test::scalar_projected_pva,synthetic-feasible-v1,synthetic,rapid_reversal__test__016,test,150816,clean,scalar_projected_pva,341,1,command_p,reversal-j0-k44,reversal,0.42500000000000004,0,joint_0,1,0.010000000000000009,2.33403241556007e-07,0.1,0.1,0.05
paper-evidence-v1-locked-test::scalar_projected_pva,synthetic-feasible-v1,synthetic,rapid_reversal__test__016,test,150816,clean,scalar_projected_pva,341,1,command_p,stop-j0-k82,stop,0.8200000000000001,0,joint_0,1,0.010000000000000009,2.2198912069000633e-07,0.1,0.1,0.05
paper-evidence-v1-locked-test::scalar_projected_pva,synthetic-feasible-v1,synthetic,rapid_reversal__test__016,test,150816,clean,scalar_projected_pva,341,1,command_p,stop-j0-k121,stop,1.21,0,joint_0,1,0.010000000000000009,2.3711337382975643e-07,0.1,0.1,0.05
paper-evidence-v1-locked-test::scalar_projected_pva,synthetic-feasible-v1,synthetic,rapid_reversal__test__016,test,150816,clean,scalar_projected_pva,341,1,command_p,reversal-j0-k123,reversal,1.2149999999999999,0,joint_0,1,0.010000000000000009,2.2615376324799287e-07,0.1,0.1,0.05
paper-evidence-v1-locked-test::scalar_projected_pva,synthetic-feasible-v1,synthetic,rapid_reversal__test__016,test,150816,clean,scalar_projected_pva,341,1,command_p,stop-j0-k160,stop,1.6,0,joint_0,1,0.010000000000000009,2.4141183320937534e-07,0.1,0.1,0.05
paper-evidence-v1-locked-test::scalar_projected_pva,synthetic-feasible-v1,synthetic,rapid_reversal__test__016,test,150816,clean,scalar_projected_pva,341,1,command_p,reversal-j0-k162,reversal,1.605,0,joint_0,1,0.010000000000000009,2.3058074737583093e-07,0.1,0.1,0.05
paper-evidence-v1-locked-test::scalar_projected_pva,synthetic-feasible-v1,synthetic,rapid_reversal__test__016,test,150816,clean,scalar_projected_pva,341,1,command_p,stop-j0-k199,stop,1.99,0,joint_0,1,0.010000000000000009,2.4574451707097766e-07,0.1,0.1,0.05
paper-evidence-v1-locked-test::scalar_projected_pva,synthetic-feasible-v1,synthetic,rapid_reversal__test__016,test,150816,clean,scalar_projected_pva,341,1,command_p,reversal-j0-k201,reversal,1.995,0,joint_0,1,0.010000000000000009,2.3518666196082064e-07,0.1,0.1,0.05
paper-evidence-v1-locked-test::scalar_projected_pva,synthetic-feasible-v1,synthetic,rapid_reversal__test__016,test,150816,clean,scalar_projected_pva,341,1,command_p,stop-j0-k239,stop,2.39,0,joint_0,1,0.009999999999999787,2.3451623006154488e-07,0.1,0.1,0.05
paper-evidence-v1-locked-test::scalar_projected_pva,synthetic-feasible-v1,synthetic,rapid_reversal__test__016,test,150816,clean,scalar_projected_pva,341,1,command_p,stop-j0-k278,stop,2.7800000000000002,0,joint_0,1,0.009999999999999787,2.2783312853824652e-07,0.1,0.1,0.05
paper-evidence-v1-locked-test::scalar_projected_pva,synthetic-feasible-v1,synthetic,rapid_reversal__test__016,test,150816,clean,scalar_projected_pva,341,1,command_p,reversal-j0-k280,reversal,2.785,0,joint_0,1,0.009999999999999787,2.2783312853824652e-07,0.1,0.1,0.05
paper-evidence-v1-locked-test::scalar_projected_pva,synthetic-feasible-v1,synthetic,rapid_reversal__test__016,test,150816,clean,scalar_projected_pva,341,1,command_p,stop-j0-k317,stop,3.17,0,joint_0,1,0.010000000000000009,2.4308400712850613e-07,0.1,0.1,0.05
paper-evidence-v1-locked-test::scalar_projected_pva,synthetic-feasible-v1,synthetic,rapid_reversal__test__016,test,150816,clean,scalar_projected_pva,341,1,command_p,reversal-j0-k319,reversal,3.175,0,joint_0,1,0.009999999999999787,2.3234203209862647e-07,0.1,0.1,0.05
paper-evidence-v1-locked-test::scalar_projected_pva,synthetic-feasible-v1,synthetic,rapid_reversal__test__017,test,150817,clean,scalar_projected_pva,342,1,command_p,stop-j0-k22,stop,0.22,0,joint_0,1,0.010000000000000009,1.5401471831899285e-07,0.1,0.1,0.05
paper-evidence-v1-locked-test::scalar_projected_pva,synthetic-feasible-v1,synthetic,rapid_reversal__test__017,test,150817,clean,scalar_projected_pva,342,1,command_p,stop-j0-k45,stop,0.45,0,joint_0,1,0.010000000000000009,1.5366235874108863e-07,0.1,0.1,0.05
paper-evidence-v1-locked-test::scalar_projected_pva,synthetic-feasible-v1,synthetic,rapid_reversal__test__017,test,150817,clean,scalar_projected_pva,342,1,command_p,stop-j0-k68,stop,0.68,0,joint_0,1,0.010000000000000009,1.5331970083840935e-07,0.1,0.1,0.05
paper-evidence-v1-locked-test::scalar_projected_pva,synthetic-feasible-v1,synthetic,rapid_reversal__test__017,test,150817,clean,scalar_projected_pva,342,1,command_p,stop-j0-k91,stop,0.91,0,joint_0,1,0.010000000000000009,1.5298727274062832e-07,0.1,0.1,0.05
paper-evidence-v1-locked-test::scalar_projected_pva,synthetic-feasible-v1,synthetic,rapid_reversal__test__017,test,150817,clean,scalar_projected_pva,342,1,command_p,stop-j0-k114,stop,1.1400000000000001,0,joint_0,1,0.010000000000000009,1.5266559039742618e-07,0.1,0.1,0.05
paper-evidence-v1-locked-test::scalar_projected_pva,synthetic-feasible-v1,synthetic,rapid_reversal__test__017,test,150817,clean,scalar_projected_pva,342,1,command_p,reversal-j0-k138,reversal,1.375,0,joint_0,1,0.010000000000000009,1.548996094901739e-07,0.1,0.1,0.05
paper-evidence-v1-locked-test::scalar_projected_pva,synthetic-feasible-v1,synthetic,rapid_reversal__test__017,test,150817,clean,scalar_projected_pva,342,1,command_p,stop-j0-k161,stop,1.61,0,joint_0,1,0.010000000000000009,1.6005507424588238e-07,0.1,0.1,0.05
paper-evidence-v1-locked-test::scalar_projected_pva,synthetic-feasible-v1,synthetic,rapid_reversal__test__017,test,150817,clean,scalar_projected_pva,342,1,command_p,stop-j0-k184,stop,1.84,0,joint_0,1,0.010000000000000009,1.596356139487785e-07,0.1,0.1,0.05
paper-evidence-v1-locked-test::scalar_projected_pva,synthetic-feasible-v1,synthetic,rapid_reversal__test__017,test,150817,clean,scalar_projected_pva,342,1,command_p,stop-j0-k207,stop,2.07,0,joint_0,1,0.010000000000000009,1.5921696256672845e-07,0.1,0.1,0.05
paper-evidence-v1-locked-test::scalar_projected_pva,synthetic-feasible-v1,synthetic,rapid_reversal__test__017,test,150817,clean,scalar_projected_pva,342,1,command_p,stop-j0-k230,stop,2.3000000000000003,0,joint_0,1,0.009999999999999787,1.6288999132739368e-07,0.1,0.1,0.05
paper-evidence-v1-locked-test::scalar_projected_pva,synthetic-feasible-v1,synthetic,rapid_reversal__test__017,test,150817,clean,scalar_projected_pva,342,1,command_p,stop-j0-k253,stop,2.5300000000000002,0,joint_0,1,0.009999999999999787,1.624387391114612e-07,0.1,0.1,0.05
paper-evidence-v1-locked-test::scalar_projected_pva,synthetic-feasible-v1,synthetic,rapid_reversal__test__017,test,150817,clean,scalar_projected_pva,342,1,command_p,stop-j0-k276,stop,2.7600000000000002,0,joint_0,1,0.009999999999999787,1.6198330632516065e-07,0.1,0.1,0.05
paper-evidence-v1-locked-test::scalar_projected_pva,synthetic-feasible-v1,synthetic,rapid_reversal__test__017,test,150817,clean,scalar_projected_pva,342,1,command_p,stop-j0-k299,stop,2.99,0,joint_0,1,0.009999999999999787,1.6152428927025012e-07,0.1,0.1,0.05
paper-evidence-v1-locked-test::scalar_projected_pva,synthetic-feasible-v1,synthetic,rapid_reversal__test__017,test,150817,clean,scalar_projected_pva,342,1,command_p,stop-j0-k322,stop,3.22,0,joint_0,1,0.009999999999999787,1.6106229439390362e-07,0.1,0.1,0.05
paper-evidence-v1-locked-test::scalar_projected_pva,synthetic-feasible-v1,synthetic,rapid_reversal__test__018,test,150818,clean,scalar_projected_pva,447,1,command_p,stop-j0-k29,stop,0.29,0,joint_0,1,0.010000000000000009,4.1347193874228425e-07,0.1,0.1,0.05
paper-evidence-v1-locked-test::scalar_projected_pva,synthetic-feasible-v1,synthetic,rapid_reversal__test__018,test,150818,clean,scalar_projected_pva,447,1,command_p,reversal-j0-k52,reversal,0.515,0,joint_0,1,0.010000000000000009,4.118659459094713e-07,0.1,0.1,0.05
paper-evidence-v1-locked-test::scalar_projected_pva,synthetic-feasible-v1,synthetic,rapid_reversal__test__018,test,150818,clean,scalar_projected_pva,447,1,command_p,stop-j0-k74,stop,0.74,0,joint_0,1,0.010000000000000009,4.046279645967305e-07,0.1,0.1,0.05
paper-evidence-v1-locked-test::scalar_projected_pva,synthetic-feasible-v1,synthetic,rapid_reversal__test__018,test,150818,clean,scalar_projected_pva,447,1,command_p,stop-j0-k96,stop,0.96,0,joint_0,1,0.010000000000000009,4.138784346187713e-07,0.1,0.1,0.05
paper-evidence-v1-locked-test::scalar_projected_pva,synthetic-feasible-v1,synthetic,rapid_reversal__test__018,test,150818,clean,scalar_projected_pva,447,1,command_p,stop-j0-k118,stop,1.18,0,joint_0,1,0.010000000000000009,4.0873069742483707e-07,0.1,0.1,0.05
paper-evidence-v1-locked-test::scalar_projected_pva,synthetic-feasible-v1,synthetic,rapid_reversal__test__018,test,150818,clean,scalar_projected_pva,447,1,command_p,stop-j0-k141,stop,1.41,0,joint_0,1,0.010000000000000009,4.204583676471463e-07,0.1,0.1,0.05
paper-evidence-v1-locked-test::scalar_projected_pva,synthetic-feasible-v1,synthetic,rapid_reversal__test__018,test,150818,clean,scalar_projected_pva,447,1,command_p,stop-j0-k163,stop,1.6300000000000001,0,joint_0,1,0.010000000000000009,4.142899646484318e-07,0.1,0.1,0.05
paper-evidence-v1-locked-test::scalar_projected_pva,synthetic-feasible-v1,synthetic,rapid_reversal__test__018,test,150818,clean,scalar_projected_pva,447,1,command_p,stop-j0-k185,stop,1.85,0,joint_0,1,0.010000000000000009,4.090581234281066e-07,0.1,0.1,0.05
paper-evidence-v1-locked-test::scalar_projected_pva,synthetic-feasible-v1,synthetic,rapid_reversal__test__018,test,150818,clean,scalar_projected_pva,447,1,command_p,stop-j0-k208,stop,2.08,0,joint_0,1,0.009999999999999898,4.2092443328272247e-07,0.1,0.1,0.05
paper-evidence-v1-locked-test::scalar_projected_pva,synthetic-feasible-v1,synthetic,rapid_reversal__test__018,test,150818,clean,scalar_projected_pva,447,1,command_p,stop-j0-k230,stop,2.3000000000000003,0,joint_0,1,0.009999999999999787,4.218497044696076e-07,0.1,0.1,0.05
paper-evidence-v1-locked-test::scalar_projected_pva,synthetic-feasible-v1,synthetic,rapid_reversal__test__018,test,150818,clean,scalar_projected_pva,447,1,command_p,stop-j0-k252,stop,2.52,0,joint_0,1,0.009999999999999787,4.0939256243701396e-07,0.1,0.1,0.05
paper-evidence-v1-locked-test::scalar_projected_pva,synthetic-feasible-v1,synthetic,rapid_reversal__test__018,test,150818,clean,scalar_projected_pva,447,1,command_p,stop-j0-k275,stop,2.75,0,joint_0,1,0.009999999999999787,4.2139274732731725e-07,0.1,0.1,0.05
paper-evidence-v1-locked-test::scalar_projected_pva,synthetic-feasible-v1,synthetic,rapid_reversal__test__018,test,150818,clean,scalar_projected_pva,447,1,command_p,stop-j0-k297,stop,2.97,0,joint_0,1,0.009999999999999787,4.2245824145036584e-07,0.1,0.1,0.05
paper-evidence-v1-locked-test::scalar_projected_pva,synthetic-feasible-v1,synthetic,rapid_reversal__test__018,test,150818,clean,scalar_projected_pva,447,1,command_p,stop-j0-k319,stop,3.19,0,joint_0,1,0.010000000000000009,4.0973387480904466e-07,0.1,0.1,0.05
paper-evidence-v1-locked-test::scalar_projected_pva,synthetic-feasible-v1,synthetic,rapid_reversal__test__018,test,150818,clean,scalar_projected_pva,447,1,command_p,stop-j0-k342,stop,3.42,0,joint_0,1,0.010000000000000009,4.218631288367216e-07,0.1,0.1,0.05
paper-evidence-v1-locked-test::scalar_projected_pva,synthetic-feasible-v1,synthetic,rapid_reversal__test__018,test,150818,clean,scalar_projected_pva,447,1,command_p,stop-j0-k364,stop,3.64,0,joint_0,1,0.009999999999999787,4.155530855349928e-07,0.1,0.1,0.05
paper-evidence-v1-locked-test::scalar_projected_pva,synthetic-feasible-v1,synthetic,rapid_reversal__test__018,test,150818,clean,scalar_projected_pva,447,1,command_p,stop-j0-k386,stop,3.86,0,joint_0,1,0.010000000000000009,4.1008191830237896e-07,0.1,0.1,0.05
paper-evidence-v1-locked-test::scalar_projected_pva,synthetic-feasible-v1,synthetic,rapid_reversal__test__018,test,150818,clean,scalar_projected_pva,447,1,command_p,stop-j0-k409,stop,4.09,0,joint_0,1,0.009999999999999787,4.2233539659733376e-07,0.1,0.1,0.05
paper-evidence-v1-locked-test::scalar_projected_pva,synthetic-feasible-v1,synthetic,rapid_reversal__test__018,test,150818,clean,scalar_projected_pva,447,1,command_p,stop-j0-k431,stop,4.3100000000000005,0,joint_0,1,0.009999999999999787,4.236771497488023e-07,0.1,0.1,0.05
paper-evidence-v1-locked-test::scalar_projected_pva,synthetic-feasible-v1,synthetic,rapid_reversal__test__019,test,150819,clean,scalar_projected_pva,255,1,command_p,stop-j0-k36,stop,0.36,0,joint_0,1,0.010000000000000009,2.1630392818783843e-07,0.1,0.1,0.05
paper-evidence-v1-locked-test::scalar_projected_pva,synthetic-feasible-v1,synthetic,rapid_reversal__test__019,test,150819,clean,scalar_projected_pva,255,1,command_p,stop-j0-k73,stop,0.73,0,joint_0,1,0.010000000000000009,2.2043971089497754e-07,0.1,0.1,0.05
paper-evidence-v1-locked-test::scalar_projected_pva,synthetic-feasible-v1,synthetic,rapid_reversal__test__019,test,150819,clean,scalar_projected_pva,255,1,command_p,stop-j0-k110,stop,1.1,0,joint_0,1,0.010000000000000009,2.1940063277136822e-07,0.1,0.1,0.05
paper-evidence-v1-locked-test::scalar_projected_pva,synthetic-feasible-v1,synthetic,rapid_reversal__test__019,test,150819,clean,scalar_projected_pva,255,1,command_p,reversal-j0-k112,reversal,1.105,0,joint_0,1,0.010000000000000009,2.099193051167222e-07,0.1,0.1,0.05
paper-evidence-v1-locked-test::scalar_projected_pva,synthetic-feasible-v1,synthetic,rapid_reversal__test__019,test,150819,clean,scalar_projected_pva,255,1,command_p,stop-j0-k147,stop,1.47,0,joint_0,1,0.010000000000000009,2.2296076073426736e-07,0.1,0.1,0.05
paper-evidence-v1-locked-test::scalar_projected_pva,synthetic-feasible-v1,synthetic,rapid_reversal__test__019,test,150819,clean,scalar_projected_pva,255,1,command_p,reversal-j0-k149,reversal,1.475,0,joint_0,1,0.010000000000000009,2.139811920003973e-07,0.1,0.1,0.05
paper-evidence-v1-locked-test::scalar_projected_pva,synthetic-feasible-v1,synthetic,rapid_reversal__test__019,test,150819,clean,scalar_projected_pva,255,1,command_p,stop-j0-k185,stop,1.85,0,joint_0,1,0.010000000000000009,2.1389135151858824e-07,0.1,0.1,0.05
paper-evidence-v1-locked-test::scalar_projected_pva,synthetic-feasible-v1,synthetic,rapid_reversal__test__019,test,150819,clean,scalar_projected_pva,255,1,command_p,stop-j0-k222,stop,2.22,0,joint_0,1,0.009999999999999787,2.0769936299017916e-07,0.1,0.1,0.05
paper-evidence-v1-locked-test::scalar_projected_pva,synthetic-feasible-v1,synthetic,rapid_reversal__test__019,test,150819,clean,scalar_projected_pva,255,1,command_p,reversal-j0-k224,reversal,2.225,0,joint_0,1,0.009999999999999787,2.0769936299017916e-07,0.1,0.1,0.05
paper-evidence-v1-locked-test::scalar_projected_pva,synthetic-feasible-v1,synthetic,rapid_reversal__test__020,test,150820,clean,scalar_projected_pva,380,1,command_p,stop-j0-k24,stop,0.24,0,joint_0,5,0.04999999999999999,0.005224779123768399,0.1,0.1,0.05
paper-evidence-v1-locked-test::scalar_projected_pva,synthetic-feasible-v1,synthetic,rapid_reversal__test__020,test,150820,clean,scalar_projected_pva,380,1,command_p,stop-j0-k46,stop,0.46,0,joint_0,1,0.010000000000000009,0.0014741398378589712,0.1,0.1,0.05
paper-evidence-v1-locked-test::scalar_projected_pva,synthetic-feasible-v1,synthetic,rapid_reversal__test__020,test,150820,clean,scalar_projected_pva,380,1,command_p,stop-j0-k67,stop,0.67,0,joint_0,5,0.050000000000000044,0.007052664126973687,0.1,0.1,0.05
paper-evidence-v1-locked-test::scalar_projected_pva,synthetic-feasible-v1,synthetic,rapid_reversal__test__020,test,150820,clean,scalar_projected_pva,380,1,command_p,stop-j0-k88,stop,0.88,0,joint_0,3,0.030000000000000027,0.0023393422633289727,0.1,0.1,0.05
paper-evidence-v1-locked-test::scalar_projected_pva,synthetic-feasible-v1,synthetic,rapid_reversal__test__020,test,150820,clean,scalar_projected_pva,380,1,command_p,reversal-j0-k110,reversal,1.0950000000000002,0,joint_0,5,0.050000000000000044,0.006367017294260223,0.1,0.1,0.05
paper-evidence-v1-locked-test::scalar_projected_pva,synthetic-feasible-v1,synthetic,rapid_reversal__test__020,test,150820,clean,scalar_projected_pva,380,1,command_p,stop-j0-k131,stop,1.31,0,joint_0,2,0.020000000000000018,0.0013567799846891484,0.1,0.1,0.05
paper-evidence-v1-locked-test::scalar_projected_pva,synthetic-feasible-v1,synthetic,rapid_reversal__test__020,test,150820,clean,scalar_projected_pva,380,1,command_p,stop-j0-k152,stop,1.52,0,joint_0,5,0.050000000000000044,0.008388462426701283,0.1,0.1,0.05
paper-evidence-v1-locked-test::scalar_projected_pva,synthetic-feasible-v1,synthetic,rapid_reversal__test__020,test,150820,clean,scalar_projected_pva,380,1,command_p,reversal-j0-k174,reversal,1.7349999999999999,0,joint_0,3,0.030000000000000027,0.002801696315502714,0.1,0.1,0.05
paper-evidence-v1-locked-test::scalar_projected_pva,synthetic-feasible-v1,synthetic,rapid_reversal__test__020,test,150820,clean,scalar_projected_pva,380,1,command_p,stop-j0-k195,stop,1.95,0,joint_0,5,0.04999999999999993,0.005098243728037473,0.1,0.1,0.05
paper-evidence-v1-locked-test::scalar_projected_pva,synthetic-feasible-v1,synthetic,rapid_reversal__test__020,test,150820,clean,scalar_projected_pva,380,1,command_p,stop-j0-k216,stop,2.16,0,joint_0,1,0.009999999999999787,0.0007082153909083707,0.1,0.1,0.05
paper-evidence-v1-locked-test::scalar_projected_pva,synthetic-feasible-v1,synthetic,rapid_reversal__test__020,test,150820,clean,scalar_projected_pva,380,1,command_p,stop-j0-k237,stop,2.37,0,joint_0,5,0.04999999999999982,0.009777317642676675,0.1,0.1,0.05
paper-evidence-v1-locked-test::scalar_projected_pva,synthetic-feasible-v1,synthetic,rapid_reversal__test__020,test,150820,clean,scalar_projected_pva,380,1,command_p,stop-j0-k259,stop,2.59,0,joint_0,3,0.029999999999999805,0.0034179322805054113,0.1,0.1,0.05
paper-evidence-v1-locked-test::scalar_projected_pva,synthetic-feasible-v1,synthetic,rapid_reversal__test__020,test,150820,clean,scalar_projected_pva,380,1,command_p,stop-j0-k280,stop,2.8000000000000003,0,joint_0,5,0.04999999999999982,0.007065719874179601,0.1,0.1,0.05
paper-evidence-v1-locked-test::scalar_projected_pva,synthetic-feasible-v1,synthetic,rapid_reversal__test__020,test,150820,clean,scalar_projected_pva,380,1,command_p,stop-j0-k301,stop,3.0100000000000002,0,joint_0,2,0.020000000000000018,0.002401657004657551,0.1,0.1,0.05
paper-evidence-v1-locked-test::scalar_projected_pva,synthetic-feasible-v1,synthetic,rapid_reversal__test__020,test,150820,clean,scalar_projected_pva,380,1,command_p,reversal-j0-k323,reversal,3.225,0,joint_0,5,0.04999999999999982,0.006230146054030467,0.1,0.1,0.05
paper-evidence-v1-locked-test::scalar_projected_pva,synthetic-feasible-v1,synthetic,rapid_reversal__test__020,test,150820,clean,scalar_projected_pva,380,1,command_p,stop-j0-k344,stop,3.44,0,joint_0,2,0.020000000000000018,0.0013657829126186558,0.1,0.1,0.05
paper-evidence-v1-locked-test::scalar_projected_pva,synthetic-feasible-v1,synthetic,rapid_reversal__test__020,test,150820,clean,scalar_projected_pva,380,1,command_p,stop-j0-k365,stop,3.65,0,joint_0,5,0.04999999999999982,0.0081913213293318,0.1,0.1,0.05
paper-evidence-v1-locked-test::scalar_projected_pva,synthetic-feasible-v1,synthetic,stop_and_go__test__001,test,140801,clean,scalar_projected_pva,422,1,command_p,stop-j0-k111,stop,1.11,0,joint_0,1,0.010000000000000009,4.095002131549625e-09,0.1,0.1,0.05
paper-evidence-v1-locked-test::scalar_projected_pva,synthetic-feasible-v1,synthetic,stop_and_go__test__001,test,140801,clean,scalar_projected_pva,422,1,command_p,reversal-j0-k188,reversal,1.4900000000000002,0,joint_0,-1,-0.010000000000000009,1.2566871346510768e-16,0.1,0.1,0.05
paper-evidence-v1-locked-test::scalar_projected_pva,synthetic-feasible-v1,synthetic,stop_and_go__test__001,test,140801,clean,scalar_projected_pva,422,1,command_p,stop-j0-k289,stop,2.89,0,joint_0,1,0.009999999999999787,6.703546561670894e-09,0.1,0.1,0.05
paper-evidence-v1-locked-test::scalar_projected_pva,synthetic-feasible-v1,synthetic,stop_and_go__test__001,test,140801,clean,scalar_projected_pva,422,1,command_p,reversal-j0-k351,reversal,3.1950000000000003,0,joint_0,0,0.0,5.551115123125783e-17,0.1,0.1,0.05
paper-evidence-v1-locked-test::scalar_projected_pva,synthetic-feasible-v1,synthetic,stop_and_go__test__002,test,140802,clean,scalar_projected_pva,279,1,command_p,stop-j0-k73,stop,0.73,0,joint_0,1,0.010000000000000009,2.1155807724525483e-08,0.1,0.1,0.05
paper-evidence-v1-locked-test::scalar_projected_pva,synthetic-feasible-v1,synthetic,stop_and_go__test__002,test,140802,clean,scalar_projected_pva,279,1,command_p,reversal-j0-k124,reversal,0.98,0,joint_0,-4,-0.040000000000000036,1.2485472978571435e-16,0.1,0.1,0.05
paper-evidence-v1-locked-test::scalar_projected_pva,synthetic-feasible-v1,synthetic,stop_and_go__test__002,test,140802,clean,scalar_projected_pva,279,1,command_p,stop-j0-k191,stop,1.9100000000000001,0,joint_0,1,0.010000000000000009,3.311837539988614e-08,0.1,0.1,0.05
paper-evidence-v1-locked-test::scalar_projected_pva,synthetic-feasible-v1,synthetic,stop_and_go__test__002,test,140802,clean,scalar_projected_pva,279,1,command_p,reversal-j0-k232,reversal,2.11,0,joint_0,-5,-0.04999999999999982,8.032350411739543e-17,0.1,0.1,0.05
paper-evidence-v1-locked-test::scalar_projected_pva,synthetic-feasible-v1,synthetic,stop_and_go__test__003,test,140803,clean,scalar_projected_pva,337,1,command_p,stop-j0-k88,stop,0.88,0,joint_0,1,0.010000000000000009,2.2276683268205905e-08,0.1,0.1,0.05
paper-evidence-v1-locked-test::scalar_projected_pva,synthetic-feasible-v1,synthetic,stop_and_go__test__003,test,140803,clean,scalar_projected_pva,337,1,command_p,reversal-j0-k150,reversal,1.185,0,joint_0,5,0.050000000000000044,1.9442115379207106e-16,0.1,0.1,0.05
paper-evidence-v1-locked-test::scalar_projected_pva,synthetic-feasible-v1,synthetic,stop_and_go__test__003,test,140803,clean,scalar_projected_pva,337,1,command_p,stop-j0-k231,stop,2.31,0,joint_0,1,0.009999999999999787,3.561336662580114e-08,0.1,0.1,0.05
paper-evidence-v1-locked-test::scalar_projected_pva,synthetic-feasible-v1,synthetic,stop_and_go__test__003,test,140803,clean,scalar_projected_pva,337,1,command_p,reversal-j0-k280,reversal,2.5500000000000003,0,joint_0,-5,-0.04999999999999982,2.2831667444162107e-16,0.1,0.1,0.05
paper-evidence-v1-locked-test::scalar_projected_pva,synthetic-feasible-v1,synthetic,stop_and_go__test__004,test,140804,clean,scalar_projected_pva,269,1,command_p,stop-j0-k71,stop,0.71,0,joint_0,1,0.010000000000000009,4.105329946498865e-08,0.1,0.1,0.05
paper-evidence-v1-locked-test::scalar_projected_pva,synthetic-feasible-v1,synthetic,stop_and_go__test__004,test,140804,clean,scalar_projected_pva,269,1,command_p,reversal-j0-k120,reversal,0.95,0,joint_0,-4,-0.040000000000000036,1.9463857507201447e-16,0.1,0.1,0.05
paper-evidence-v1-locked-test::scalar_projected_pva,synthetic-feasible-v1,synthetic,stop_and_go__test__004,test,140804,clean,scalar_projected_pva,269,1,command_p,stop-j0-k184,stop,1.84,0,joint_0,1,0.010000000000000009,6.621584391288869e-08,0.1,0.1,0.05
paper-evidence-v1-locked-test::scalar_projected_pva,synthetic-feasible-v1,synthetic,stop_and_go__test__004,test,140804,clean,scalar_projected_pva,269,1,command_p,reversal-j0-k224,reversal,2.035,0,joint_0,-5,-0.04999999999999982,1.271261923518107e-14,0.1,0.1,0.05
paper-evidence-v1-locked-test::scalar_projected_pva,synthetic-feasible-v1,synthetic,stop_and_go__test__005,test,140805,clean,scalar_projected_pva,357,1,command_p,stop-j0-k94,stop,0.9400000000000001,0,joint_0,1,0.010000000000000009,5.349303906944657e-09,0.1,0.1,0.05
paper-evidence-v1-locked-test::scalar_projected_pva,synthetic-feasible-v1,synthetic,stop_and_go__test__005,test,140805,clean,scalar_projected_pva,357,1,command_p,reversal-j0-k159,reversal,1.26,0,joint_0,-1,-0.010000000000000009,1.1188630228279524e-16,0.1,0.1,0.05
paper-evidence-v1-locked-test::scalar_projected_pva,synthetic-feasible-v1,synthetic,stop_and_go__test__005,test,140805,clean,scalar_projected_pva,357,1,command_p,stop-j0-k244,stop,2.44,0,joint_0,1,0.010000000000000009,8.810287422785957e-09,0.1,0.1,0.05
paper-evidence-v1-locked-test::scalar_projected_pva,synthetic-feasible-v1,synthetic,stop_and_go__test__005,test,140805,clean,scalar_projected_pva,357,1,command_p,reversal-j0-k296,reversal,2.6950000000000003,0,joint_0,-5,-0.050000000000000266,1.872115975680703e-14,0.1,0.1,0.05
paper-evidence-v1-locked-test::scalar_projected_pva,synthetic-feasible-v1,synthetic,stop_and_go__test__006,test,140806,clean,scalar_projected_pva,419,1,command_p,stop-j0-k110,stop,1.1,0,joint_0,1,0.010000000000000009,1.0342691435663658e-08,0.1,0.1,0.05
paper-evidence-v1-locked-test::scalar_projected_pva,synthetic-feasible-v1,synthetic,stop_and_go__test__006,test,140806,clean,scalar_projected_pva,419,1,command_p,reversal-j0-k187,reversal,1.48,0,joint_0,-5,-0.050000000000000044,5.6401897529613845e-15,0.1,0.1,0.05
paper-evidence-v1-locked-test::scalar_projected_pva,synthetic-feasible-v1,synthetic,stop_and_go__test__006,test,140806,clean,scalar_projected_pva,419,1,command_p,stop-j0-k287,stop,2.87,0,joint_0,1,0.009999999999999787,1.6902392903339903e-08,0.1,0.1,0.05
paper-evidence-v1-locked-test::scalar_projected_pva,synthetic-feasible-v1,synthetic,stop_and_go__test__006,test,140806,clean,scalar_projected_pva,419,1,command_p,reversal-j0-k348,reversal,3.17,0,joint_0,-1,-0.010000000000000009,1.5328517645723046e-16,0.1,0.1,0.05
paper-evidence-v1-locked-test::scalar_projected_pva,synthetic-feasible-v1,synthetic,stop_and_go__test__007,test,140807,clean,scalar_projected_pva,424,1,command_p,stop-j0-k111,stop,1.11,0,joint_0,1,0.010000000000000009,1.5137607261621756e-08,0.1,0.1,0.05
paper-evidence-v1-locked-test::scalar_projected_pva,synthetic-feasible-v1,synthetic,stop_and_go__test__007,test,140807,clean,scalar_projected_pva,424,1,command_p,reversal-j0-k189,reversal,1.495,0,joint_0,5,0.050000000000000044,6.094440167411275e-16,0.1,0.1,0.05
paper-evidence-v1-locked-test::scalar_projected_pva,synthetic-feasible-v1,synthetic,stop_and_go__test__007,test,140807,clean,scalar_projected_pva,424,1,command_p,stop-j0-k291,stop,2.91,0,joint_0,1,0.009999999999999787,2.473649326691833e-08,0.1,0.1,0.05
paper-evidence-v1-locked-test::scalar_projected_pva,synthetic-feasible-v1,synthetic,stop_and_go__test__007,test,140807,clean,scalar_projected_pva,424,1,command_p,reversal-j0-k353,reversal,3.215,0,joint_0,-5,-0.050000000000000266,7.604554981290318e-16,0.1,0.1,0.05
paper-evidence-v1-locked-test::scalar_projected_pva,synthetic-feasible-v1,synthetic,stop_and_go__test__008,test,140808,clean,scalar_projected_pva,305,1,command_p,stop-j0-k80,stop,0.8,0,joint_0,1,0.010000000000000009,3.244775451357e-08,0.1,0.1,0.05
paper-evidence-v1-locked-test::scalar_projected_pva,synthetic-feasible-v1,synthetic,stop_and_go__test__008,test,140808,clean,scalar_projected_pva,305,1,command_p,reversal-j0-k136,reversal,1.0750000000000002,0,joint_0,5,0.050000000000000044,2.494915946531976e-16,0.1,0.1,0.05
paper-evidence-v1-locked-test::scalar_projected_pva,synthetic-feasible-v1,synthetic,stop_and_go__test__008,test,140808,clean,scalar_projected_pva,305,1,command_p,stop-j0-k209,stop,2.09,0,joint_0,1,0.009999999999999898,5.2185423354940196e-08,0.1,0.1,0.05
paper-evidence-v1-locked-test::scalar_projected_pva,synthetic-feasible-v1,synthetic,stop_and_go__test__008,test,140808,clean,scalar_projected_pva,305,1,command_p,reversal-j0-k253,reversal,2.305,0,joint_0,-5,-0.04999999999999982,2.523570555669181e-16,0.1,0.1,0.05
paper-evidence-v1-locked-test::scalar_projected_pva,synthetic-feasible-v1,synthetic,stop_and_go__test__009,test,140809,clean,scalar_projected_pva,443,1,command_p,stop-j0-k116,stop,1.16,0,joint_0,1,0.010000000000000009,3.6838115431538223e-09,0.1,0.1,0.05
paper-evidence-v1-locked-test::scalar_projected_pva,synthetic-feasible-v1,synthetic,stop_and_go__test__009,test,140809,clean,scalar_projected_pva,443,1,command_p,reversal-j0-k198,reversal,1.565,0,joint_0,-5,-0.050000000000000044,9.721057689603553e-17,0.1,0.1,0.05
paper-evidence-v1-locked-test::scalar_projected_pva,synthetic-feasible-v1,synthetic,stop_and_go__test__009,test,140809,clean,scalar_projected_pva,443,1,command_p,stop-j0-k304,stop,3.04,0,joint_0,1,0.009999999999999787,6.197099030050402e-09,0.1,0.1,0.05
paper-evidence-v1-locked-test::scalar_projected_pva,synthetic-feasible-v1,synthetic,stop_and_go__test__009,test,140809,clean,scalar_projected_pva,443,1,command_p,reversal-j0-k369,reversal,3.3600000000000003,0,joint_0,-5,-0.04999999999999982,2.166298524632181e-16,0.1,0.1,0.05
paper-evidence-v1-locked-test::scalar_projected_pva,synthetic-feasible-v1,synthetic,stop_and_go__test__010,test,140810,clean,scalar_projected_pva,408,1,command_p,stop-j0-k107,stop,1.07,0,joint_0,1,0.010000000000000009,1.0972844109702455e-08,0.1,0.1,0.05
paper-evidence-v1-locked-test::scalar_projected_pva,synthetic-feasible-v1,synthetic,stop_and_go__test__010,test,140810,clean,scalar_projected_pva,408,1,command_p,reversal-j0-k182,reversal,1.44,0,joint_0,-5,-0.050000000000000044,1.166394835686074e-15,0.1,0.1,0.05
paper-evidence-v1-locked-test::scalar_projected_pva,synthetic-feasible-v1,synthetic,stop_and_go__test__010,test,140810,clean,scalar_projected_pva,408,1,command_p,stop-j0-k279,stop,2.79,0,joint_0,1,0.009999999999999787,1.770777512331162e-08,0.1,0.1,0.05
paper-evidence-v1-locked-test::scalar_projected_pva,synthetic-feasible-v1,synthetic,stop_and_go__test__010,test,140810,clean,scalar_projected_pva,408,1,command_p,reversal-j0-k339,reversal,3.085,0,joint_0,5,0.04999999999999982,6.985000018454543e-17,0.1,0.1,0.05
paper-evidence-v1-locked-test::scalar_projected_pva,synthetic-feasible-v1,synthetic,stop_and_go__test__011,test,140811,clean,scalar_projected_pva,281,1,command_p,stop-j0-k74,stop,0.74,0,joint_0,1,0.010000000000000009,3.0830208705181404e-08,0.1,0.1,0.05
paper-evidence-v1-locked-test::scalar_projected_pva,synthetic-feasible-v1,synthetic,stop_and_go__test__011,test,140811,clean,scalar_projected_pva,281,1,command_p,reversal-j0-k125,reversal,0.99,0,joint_0,-5,-0.050000000000000044,6.365655192508265e-16,0.1,0.1,0.05
paper-evidence-v1-locked-test::scalar_projected_pva,synthetic-feasible-v1,synthetic,stop_and_go__test__011,test,140811,clean,scalar_projected_pva,281,1,command_p,stop-j0-k192,stop,1.92,0,joint_0,1,0.010000000000000009,4.965368931080559e-08,0.1,0.1,0.05
paper-evidence-v1-locked-test::scalar_projected_pva,synthetic-feasible-v1,synthetic,stop_and_go__test__011,test,140811,clean,scalar_projected_pva,281,1,command_p,reversal-j0-k234,reversal,2.125,0,joint_0,-5,-0.04999999999999982,4.8605288448017766e-17,0.1,0.1,0.05
paper-evidence-v1-locked-test::scalar_projected_pva,synthetic-feasible-v1,synthetic,stop_and_go__test__012,test,140812,clean,scalar_projected_pva,270,1,command_p,stop-j0-k71,stop,0.71,0,joint_0,1,0.010000000000000009,4.1137845311134506e-08,0.1,0.1,0.05
paper-evidence-v1-locked-test::scalar_projected_pva,synthetic-feasible-v1,synthetic,stop_and_go__test__012,test,140812,clean,scalar_projected_pva,270,1,command_p,reversal-j0-k121,reversal,0.9550000000000001,0,joint_0,5,0.050000000000000044,1.3970000036909087e-16,0.1,0.1,0.05
paper-evidence-v1-locked-test::scalar_projected_pva,synthetic-feasible-v1,synthetic,stop_and_go__test__012,test,140812,clean,scalar_projected_pva,270,1,command_p,stop-j0-k185,stop,1.85,0,joint_0,1,0.010000000000000009,6.527041194584674e-08,0.1,0.1,0.05
paper-evidence-v1-locked-test::scalar_projected_pva,synthetic-feasible-v1,synthetic,stop_and_go__test__012,test,140812,clean,scalar_projected_pva,270,1,command_p,reversal-j0-k225,reversal,2.045,0,joint_0,-5,-0.04999999999999982,1.4599186524558625e-16,0.1,0.1,0.05
paper-evidence-v1-locked-test::scalar_projected_pva,synthetic-feasible-v1,synthetic,stop_and_go__test__013,test,140813,clean,scalar_projected_pva,318,1,command_p,stop-j0-k84,stop,0.84,0,joint_0,1,0.010000000000000009,6.621259745555405e-09,0.1,0.1,0.05
paper-evidence-v1-locked-test::scalar_projected_pva,synthetic-feasible-v1,synthetic,stop_and_go__test__013,test,140813,clean,scalar_projected_pva,318,1,command_p,reversal-j0-k142,reversal,1.125,0,joint_0,-5,-0.050000000000000044,1.7699847578072257e-16,0.1,0.1,0.05
paper-evidence-v1-locked-test::scalar_projected_pva,synthetic-feasible-v1,synthetic,stop_and_go__test__013,test,140813,clean,scalar_projected_pva,318,1,command_p,stop-j0-k218,stop,2.18,0,joint_0,1,0.009999999999999787,1.0640869514667211e-08,0.1,0.1,0.05
paper-evidence-v1-locked-test::scalar_projected_pva,synthetic-feasible-v1,synthetic,stop_and_go__test__013,test,140813,clean,scalar_projected_pva,318,1,command_p,reversal-j0-k264,reversal,2.4050000000000002,0,joint_0,5,0.04999999999999982,2.4302644224008883e-17,0.1,0.1,0.05
paper-evidence-v1-locked-test::scalar_projected_pva,synthetic-feasible-v1,synthetic,stop_and_go__test__014,test,140814,clean,scalar_projected_pva,428,1,command_p,stop-j0-k112,stop,1.12,0,joint_0,1,0.010000000000000009,9.976134870068155e-09,0.1,0.1,0.05
paper-evidence-v1-locked-test::scalar_projected_pva,synthetic-feasible-v1,synthetic,stop_and_go__test__014,test,140814,clean,scalar_projected_pva,428,1,command_p,reversal-j0-k191,reversal,1.5100000000000002,0,joint_0,-1,-0.010000000000000009,2.5133742693021536e-16,0.1,0.1,0.05
paper-evidence-v1-locked-test::scalar_projected_pva,synthetic-feasible-v1,synthetic,stop_and_go__test__014,test,140814,clean,scalar_projected_pva,428,1,command_p,stop-j0-k293,stop,2.93,0,joint_0,1,0.009999999999999787,1.6670459628125e-08,0.1,0.1,0.05
paper-evidence-v1-locked-test::scalar_projected_pva,synthetic-feasible-v1,synthetic,stop_and_go__test__014,test,140814,clean,scalar_projected_pva,428,1,command_p,reversal-j0-k355,reversal,3.2350000000000003,0,joint_0,-5,-0.050000000000000266,1.8901927389885554e-14,0.1,0.1,0.05
paper-evidence-v1-locked-test::scalar_projected_pva,synthetic-feasible-v1,synthetic,stop_and_go__test__015,test,140815,clean,scalar_projected_pva,319,1,command_p,stop-j0-k84,stop,0.84,0,joint_0,1,0.010000000000000009,2.4713136530053662e-08,0.1,0.1,0.05
paper-evidence-v1-locked-test::scalar_projected_pva,synthetic-feasible-v1,synthetic,stop_and_go__test__015,test,140815,clean,scalar_projected_pva,319,1,command_p,reversal-j0-k142,reversal,1.125,0,joint_0,-5,-0.050000000000000044,3.480631813448369e-14,0.1,0.1,0.05
paper-evidence-v1-locked-test::scalar_projected_pva,synthetic-feasible-v1,synthetic,stop_and_go__test__015,test,140815,clean,scalar_projected_pva,319,1,command_p,stop-j0-k219,stop,2.19,0,joint_0,1,0.010000000000000009,3.88901207172889e-08,0.1,0.1,0.05
paper-evidence-v1-locked-test::scalar_projected_pva,synthetic-feasible-v1,synthetic,stop_and_go__test__015,test,140815,clean,scalar_projected_pva,319,1,command_p,reversal-j0-k265,reversal,2.415,0,joint_0,-5,-0.04999999999999982,6.985000018454543e-17,0.1,0.1,0.05
paper-evidence-v1-locked-test::scalar_projected_pva,synthetic-feasible-v1,synthetic,stop_and_go__test__016,test,140816,clean,scalar_projected_pva,297,1,command_p,stop-j0-k78,stop,0.78,0,joint_0,1,0.010000000000000009,3.387948723113273e-08,0.1,0.1,0.05
paper-evidence-v1-locked-test::scalar_projected_pva,synthetic-feasible-v1,synthetic,stop_and_go__test__016,test,140816,clean,scalar_projected_pva,297,1,command_p,reversal-j0-k132,reversal,1.045,0,joint_0,-5,-0.050000000000000044,2.494915946531976e-16,0.1,0.1,0.05
paper-evidence-v1-locked-test::scalar_projected_pva,synthetic-feasible-v1,synthetic,stop_and_go__test__016,test,140816,clean,scalar_projected_pva,297,1,command_p,stop-j0-k203,stop,2.0300000000000002,0,joint_0,1,0.010000000000000009,5.515739636913386e-08,0.1,0.1,0.05
paper-evidence-v1-locked-test::scalar_projected_pva,synthetic-feasible-v1,synthetic,stop_and_go__test__016,test,140816,clean,scalar_projected_pva,297,1,command_p,reversal-j0-k246,reversal,2.24,0,joint_0,-5,-0.04999999999999982,1.4632744378292408e-13,0.1,0.1,0.05
paper-evidence-v1-locked-test::scalar_projected_pva,synthetic-feasible-v1,synthetic,stop_and_go__test__017,test,140817,clean,scalar_projected_pva,326,1,command_p,stop-j0-k86,stop,0.86,0,joint_0,1,0.010000000000000009,6.366489299159783e-09,0.1,0.1,0.05
paper-evidence-v1-locked-test::scalar_projected_pva,synthetic-feasible-v1,synthetic,stop_and_go__test__017,test,140817,clean,scalar_projected_pva,326,1,command_p,reversal-j0-k146,reversal,1.155,0,joint_0,-5,-0.050000000000000044,6.23728986632994e-17,0.1,0.1,0.05
paper-evidence-v1-locked-test::scalar_projected_pva,synthetic-feasible-v1,synthetic,stop_and_go__test__017,test,140817,clean,scalar_projected_pva,326,1,command_p,stop-j0-k224,stop,2.24,0,joint_0,1,0.009999999999999787,1.0147270026537352e-08,0.1,0.1,0.05
paper-evidence-v1-locked-test::scalar_projected_pva,synthetic-feasible-v1,synthetic,stop_and_go__test__017,test,140817,clean,scalar_projected_pva,326,1,command_p,reversal-j0-k271,reversal,2.4699999999999998,0,joint_0,-5,-0.050000000000000044,2.8283973388649766e-16,0.1,0.1,0.05
paper-evidence-v1-locked-test::scalar_projected_pva,synthetic-feasible-v1,synthetic,stop_and_go__test__018,test,140818,clean,scalar_projected_pva,428,1,command_p,stop-j0-k112,stop,1.12,0,joint_0,1,0.010000000000000009,9.867009006709031e-09,0.1,0.1,0.05
paper-evidence-v1-locked-test::scalar_projected_pva,synthetic-feasible-v1,synthetic,stop_and_go__test__018,test,140818,clean,scalar_projected_pva,428,1,command_p,reversal-j0-k191,reversal,1.5100000000000002,0,joint_0,0,0.0,2.220446049250313e-16,0.1,0.1,0.05
paper-evidence-v1-locked-test::scalar_projected_pva,synthetic-feasible-v1,synthetic,stop_and_go__test__018,test,140818,clean,scalar_projected_pva,428,1,command_p,stop-j0-k293,stop,2.93,0,joint_0,1,0.009999999999999787,1.6689183872403378e-08,0.1,0.1,0.05
paper-evidence-v1-locked-test::scalar_projected_pva,synthetic-feasible-v1,synthetic,stop_and_go__test__018,test,140818,clean,scalar_projected_pva,428,1,command_p,reversal-j0-k356,reversal,3.24,0,joint_0,-5,-0.04999999999999982,8.133220384522988e-16,0.1,0.1,0.05
paper-evidence-v1-locked-test::scalar_projected_pva,synthetic-feasible-v1,synthetic,stop_and_go__test__019,test,140819,clean,scalar_projected_pva,289,1,command_p,stop-j0-k76,stop,0.76,0,joint_0,1,0.010000000000000009,2.866392232366419e-08,0.1,0.1,0.05
paper-evidence-v1-locked-test::scalar_projected_pva,synthetic-feasible-v1,synthetic,stop_and_go__test__019,test,140819,clean,scalar_projected_pva,289,1,command_p,reversal-j0-k129,reversal,1.02,0,joint_0,-4,-0.040000000000000036,1.3991608711907507e-16,0.1,0.1,0.05
paper-evidence-v1-locked-test::scalar_projected_pva,synthetic-feasible-v1,synthetic,stop_and_go__test__019,test,140819,clean,scalar_projected_pva,289,1,command_p,stop-j0-k198,stop,1.98,0,joint_0,1,0.010000000000000009,4.647266296367905e-08,0.1,0.1,0.05
paper-evidence-v1-locked-test::scalar_projected_pva,synthetic-feasible-v1,synthetic,stop_and_go__test__019,test,140819,clean,scalar_projected_pva,289,1,command_p,reversal-j0-k240,reversal,2.185,0,joint_0,-5,-0.04999999999999982,6.607148558400768e-17,0.1,0.1,0.05
paper-evidence-v1-locked-test::scalar_projected_pva,synthetic-feasible-v1,synthetic,stop_and_go__test__020,test,140820,clean,scalar_projected_pva,257,1,command_p,stop-j0-k68,stop,0.68,0,joint_0,1,0.010000000000000009,4.321577284289676e-08,0.1,0.1,0.05
paper-evidence-v1-locked-test::scalar_projected_pva,synthetic-feasible-v1,synthetic,stop_and_go__test__020,test,140820,clean,scalar_projected_pva,257,1,command_p,reversal-j0-k115,reversal,0.9100000000000001,0,joint_0,-5,-0.04999999999999993,5.047141111338362e-16,0.1,0.1,0.05
paper-evidence-v1-locked-test::scalar_projected_pva,synthetic-feasible-v1,synthetic,stop_and_go__test__020,test,140820,clean,scalar_projected_pva,257,1,command_p,stop-j0-k176,stop,1.76,0,joint_0,1,0.010000000000000009,7.150127540297394e-08,0.1,0.1,0.05
paper-evidence-v1-locked-test::scalar_projected_pva,synthetic-feasible-v1,synthetic,stop_and_go__test__020,test,140820,clean,scalar_projected_pva,257,1,command_p,reversal-j0-k214,reversal,1.945,0,joint_0,2,0.020000000000000018,7.664258822861523e-17,0.1,0.1,0.05
