max_velocity_limit,max_acceleration_limit,max_jerk_limit,dataset,method,explicit_delay_ms,prediction_lookahead_ms,minimum_duration_ms,target_state_mode,rmse,mae,max_error,best_lag_ms,lag_aligned_rmse,target_projection_rate,target_max_velocity,target_max_acceleration,target_p99_jerk,trajectory_duration_p50_ms,trajectory_duration_p90_ms,trajectory_duration_p99_ms,trajectory_duration_max_ms,reachable_within_lookahead_rate,output_max_velocity,output_max_acceleration,output_max_jerk,estimator_compute_p50_us,estimator_compute_p99_us,ruckig_compute_p99_us
4.1,4.0,20.0,csv,"3-point central (10 ms lag, 50 ms lookahead)",10.0,50.0,50.0,full,0.18261693950872074,0.11142432578999494,0.7937360451476594,400.0,0.10720170535975941,0.4711943793911007,1.9201549251526242,3.99999996,799.9999919999998,662.9879859311212,1098.248466511538,1508.936380109897,1734.4616422901795,0.007235142118863049,1.5422543937519622,4.0,20.000000000000018,1.125,3.6922199999999394,2.0134399999999877
4.1,4.0,41.0,csv,"3-point central (10 ms lag, 50 ms lookahead)",10.0,50.0,50.0,full,0.10183283379095624,0.05811280872269152,0.47222047931093347,220.0,0.051309579151443886,0.4711943793911007,1.9201549251526242,3.99999996,799.9999919999998,326.47230555153413,682.8754342191921,1055.6442094963445,1537.3910253816798,0.012919896640826873,1.5421665851025155,4.0,41.000000000000014,1.125,3.125,2.2058399999999456
4.1,4.0,80.0,csv,"3-point central (10 ms lag, 50 ms lookahead)",10.0,50.0,50.0,full,0.10498914739293368,0.0525309196061021,0.601731142981105,210.0,0.06282028639427148,0.4711943793911007,1.9201549251526242,3.99999996,799.9999919999998,243.4321349234522,578.1721462668896,827.1774497898979,1124.7741656265428,0.025839793281653745,1.7176983051754107,4.0,80.0,1.084,5.096439999999988,2.79166
4.1,4.0,200.0,csv,"3-point central (10 ms lag, 50 ms lookahead)",10.0,50.0,50.0,full,0.10468509098233639,0.05563142914143267,0.5327266314885827,200.0,0.06684382368494966,0.4711943793911007,1.9201549251526242,3.99999996,799.9999919999998,209.24154285858577,535.3606175368783,783.0036666975318,1293.6593192041394,0.059431524547803614,1.6728239830295077,4.0,200.0,1.084,1.9586599999999998,1.917
4.1,4.0,400.0,csv,"3-point central (10 ms lag, 50 ms lookahead)",10.0,50.0,50.0,full,0.09897331938938911,0.0502322345077225,0.5363938630063432,190.0,0.06263558846710522,0.4711943793911007,1.9201549251526242,3.99999996,799.9999919999998,180.517112871508,489.9273558497783,697.31261818172,1265.1105903079522,0.11007751937984496,1.7146190712149845,4.0,400.0,1.084,2.041159999999982,2.235719999999994
4.1,4.0,800.0,csv,"3-point central (10 ms lag, 50 ms lookahead)",10.0,50.0,50.0,full,0.10653594927105717,0.05406590599641437,0.5486260162335986,200.0,0.06704897640188956,0.4711943793911007,1.9201549251526242,3.99999996,799.9999919999998,173.43892516597393,486.7409673641109,674.9085862242935,1169.3877621191052,0.13074935400516796,1.741963331707307,4.0,800.0,1.083,1.708,2.167
4.1,4.0,1600.0,csv,"3-point central (10 ms lag, 50 ms lookahead)",10.0,50.0,50.0,full,0.1010054068140433,0.05144992027804495,0.5106795150473659,190.0,0.06390912663690305,0.4711943793911007,1.9201549251526242,3.99999996,799.9999919999998,167.82610283253658,479.2650582345139,678.8368139895291,1165.3419980414124,0.16124031007751938,1.696610226418104,4.0,800.0,1.083,1.4860599999999942,1.5690599999999941
4.1,4.0,3200.0,csv,"3-point central (10 ms lag, 50 ms lookahead)",10.0,50.0,50.0,full,0.10363511336924881,0.052836539615131226,0.5262486497534808,200.0,0.0659416064986898,0.4711943793911007,1.9201549251526242,3.99999996,799.9999919999998,166.61608963417785,483.0634017179486,676.8751811091034,1159.3019761123082,0.16227390180878554,1.7134251049103166,4.0,800.0,1.083,1.583,1.5
4.1,4.0,6400.0,csv,"3-point central (10 ms lag, 50 ms lookahead)",10.0,50.0,50.0,full,0.10366316709995842,0.05289176008246486,0.5258360279884798,200.0,0.06561187725132635,0.4711943793911007,1.9201549251526242,3.99999996,799.9999919999998,167.09101594763834,480.1314813677279,673.7559997390143,1154.9836544007687,0.16279069767441862,1.7154123000731019,4.0,800.0,1.083,1.4440599999999941,1.2360599999999942
4.1,4.0,12800.0,csv,"3-point central (10 ms lag, 50 ms lookahead)",10.0,50.0,50.0,full,0.10325116099951827,0.05333725136153735,0.5124448484627243,200.0,0.06407440463384306,0.4711943793911007,1.9201549251526242,3.99999996,799.9999919999998,168.9600303967574,479.00626747096436,671.9584252197092,1151.5618318077518,0.16175710594315246,1.7142028762495247,4.0,800.0,1.083,1.5,1.0836599999999998
4.1,4.0,19200.0,csv,"3-point central (10 ms lag, 50 ms lookahead)",10.0,50.0,50.0,full,0.10143161994339116,0.051685464152666664,0.5119390942205492,190.0,0.0636156396537307,0.4711943793911007,1.9201549251526242,3.99999996,799.9999919999998,166.45311052030164,472.7505672365586,662.9147862258583,1149.0797039378092,0.16382428940568475,1.7157288225113412,4.000000000000001,800.0,1.084,7.388779999999987,3.167
4.1,4.0,25600.0,csv,"3-point central (10 ms lag, 50 ms lookahead)",10.0,50.0,50.0,full,0.10212486306711188,0.052384368579996114,0.5117325290479765,190.0,0.0635513993553358,0.4711943793911007,1.9201549251526242,3.99999996,799.9999919999998,166.74659397387708,473.9602069421333,672.5423846752162,1194.0213554295435,0.16795865633074936,1.7163622234572498,4.0,800.0,1.084,2.0134399999999877,1.2086599999999998
4.1,4.0,38400.0,csv,"3-point central (10 ms lag, 50 ms lookahead)",10.0,50.0,50.0,full,0.10202451050388876,0.052327206921818185,0.5116200966614761,190.0,0.06355374609665565,0.4711943793911007,1.9201549251526242,3.99999996,799.9999919999998,166.55967456959496,473.9801490002417,673.9296613869295,1194.1228492492621,0.16795865633074936,1.7167332946206506,4.000000000000001,800.0,1.084,10.6994999999998,2.709
4.1,4.0,51200.0,csv,"3-point central (10 ms lag, 50 ms lookahead)",10.0,50.0,50.0,full,0.10212191698274425,0.052400580757219324,0.511628111164342,190.0,0.06358723388150359,0.4711943793911007,1.9201549251526242,3.99999996,799.9999919999998,166.75974302831946,474.0122901512167,672.2632355162564,1193.7550882401288,0.165374677002584,1.7167399819559293,4.0,800.0,1.084,5.385939999999933,2.8459399999999695
4.1,6.0,20.0,csv,"3-point central (10 ms lag, 50 ms lookahead)",10.0,50.0,50.0,full,0.3250369768389273,0.21992022755465016,1.1207736661308414,720.0,0.20962110598599518,0.37423887587822013,2.0964315433158127,5.9999999399999995,1199.9999879999998,972.7898331881044,1528.514855059707,1870.4430869736684,2081.3991532816,0.007235142118863049,2.053202288916181,6.0,20.000000000000018,1.084,6.554779999999988,2.8459399999999695
4.1,6.0,41.0,csv,"3-point central (10 ms lag, 50 ms lookahead)",10.0,50.0,50.0,full,0.10636265790479874,0.06646058353933078,0.3914055572553562,230.0,0.05874509619425263,0.37423887587822013,2.0964315433158127,5.9999999399999995,1199.9999879999998,409.8166386905209,741.5073406039799,1114.6436368605662,1483.8381229322158,0.011886304909560724,1.8532084552648647,6.0,41.000000000000014,1.125,12.19105999999992,4.414999999999964
4.1,6.0,80.0,csv,"3-point central (10 ms lag, 50 ms lookahead)",10.0,50.0,50.0,full,0.09230543208043514,0.05121761143317696,0.3254321310907581,190.0,0.05557820103175402,0.37423887587822013,2.0964315433158127,5.9999999399999995,1199.9999879999998,247.28131885382987,539.2432427719765,814.7298205329059,1163.9002198280396,0.023255813953488372,2.0021174517910945,6.0,80.00000000000003,1.084,2.818719999999994,1.4166599999999998
4.1,6.0,200.0,csv,"3-point central (10 ms lag, 50 ms lookahead)",10.0,50.0,50.0,full,0.07635323600429868,0.0377337569731184,0.4426933341275221,130.0,0.05445953270936108,0.37423887587822013,2.0964315433158127,5.9999999399999995,1199.9999879999998,167.3367898882671,427.1923584681042,674.0452678378423,908.166499497251,0.05891472868217054,1.9872857262651138,6.0,200.00000000000003,1.125,4.152059999999994,3.7631199999999883
4.1,6.0,400.0,csv,"3-point central (10 ms lag, 50 ms lookahead)",10.0,50.0,50.0,full,0.06552255829558427,0.033642759003841845,0.3022113250698807,110.0,0.0450602719030608,0.37423887587822013,2.0964315433158127,5.9999999399999995,1199.9999879999998,134.3261238153167,382.7465159047055,647.3265277515029,929.6773887514248,0.12919896640826872,2.1953091661862105,6.0,400.0,1.125,11.079999999999927,5.579999999999927
4.1,6.0,800.0,csv,"3-point central (10 ms lag, 50 ms lookahead)",10.0,50.0,50.0,full,0.06707815202819842,0.0322162724959983,0.35169969146224467,110.0,0.04572400295486565,0.37423887587822013,2.0964315433158127,5.9999999399999995,1199.9999879999998,110.1196772133515,361.9069555516116,612.6124687392013,838.927096317608,0.22739018087855298,2.0628150631406084,6.000000000000001,800.0,1.084,4.069059999999994,3.76227999999997
4.1,6.0,1600.0,csv,"3-point central (10 ms lag, 50 ms lookahead)",10.0,50.0,50.0,full,0.0692366855859802,0.03421096206595642,0.35874627652079666,110.0,0.049379658254413546,0.37423887587822013,2.0964315433158127,5.9999999399999995,1199.9999879999998,98.65852833482323,373.5558498044711,596.7524145737542,737.8012508995843,0.28837209302325584,1.9170701342816174,6.000000000000001,1200.0,1.084,1.902059999999994,2.068719999999994
4.1,6.0,3200.0,csv,"3-point central (10 ms lag, 50 ms lookahead)",10.0,50.0,50.0,full,0.07177087728195149,0.03538794082602262,0.3722199290469353,120.0,0.05095032305810789,0.37423887587822013,2.0964315433158127,5.9999999399999995,1199.9999879999998,96.11635230755499,372.1505446274598,567.51012500962,714.6649500496746,0.29819121447028424,1.8807705912289974,6.000000000000001,1200.0,1.084,8.373839999999982,4.581659999999964
4.1,6.0,6400.0,csv,"3-point central (10 ms lag, 50 ms lookahead)",10.0,50.0,50.0,full,0.06807136190604374,0.033763101986508365,0.322844538164767,110.0,0.04926565995813727,0.37423887587822013,2.0964315433158127,5.9999999399999995,1199.9999879999998,91.51193147226051,365.61705546236317,602.3809046716945,756.9916948054856,0.3157622739018088,1.9922681479298456,6.000000000000001,1200.0,1.083,3.25,2.0134399999999877
4.1,6.0,12800.0,csv,"3-point central (10 ms lag, 50 ms lookahead)",10.0,50.0,50.0,full,0.06451747363689521,0.0314801933050802,0.3219786513171601,100.0,0.045843940095884286,0.37423887587822013,2.0964315433158127,5.9999999399999995,1199.9999879999998,91.825422413222,367.83902847665837,594.5317396686153,755.7186752971262,0.3183462532299742,1.9946996108306183,6.0,1200.0,1.084,2.7631199999999883,1.8610599999999942
4.1,6.0,19200.0,csv,"3-point central (10 ms lag, 50 ms lookahead)",10.0,50.0,50.0,full,0.06545654352510903,0.032077368726564484,0.32175165829719654,100.0,0.04697846738571848,0.37423887587822013,2.0964315433158127,5.9999999399999995,1199.9999879999998,89.28074230237696,367.4554995840293,596.3455456422729,755.3413026602983,0.3183462532299742,1.995733300571513,6.0,1200.0,1.083,1.458,1.375
4.1,6.0,25600.0,csv,"3-point central (10 ms lag, 50 ms lookahead)",10.0,50.0,50.0,full,0.06568037572500847,0.0320968656690419,0.32153988261716326,110.0,0.04710194128462037,0.37423887587822013,2.0964315433158127,5.9999999399999995,1199.9999879999998,90.41625841291491,368.24969988956565,597.4708297104569,755.0791433849851,0.32041343669250644,1.995897688197863,6.0,1200.0,1.083,1.458,1.208
4.1,6.0,38400.0,csv,"3-point central (10 ms lag, 50 ms lookahead)",10.0,50.0,50.0,full,0.06608528865449566,0.03232376420599288,0.3210866004048005,110.0,0.047638831688787256,0.37423887587822013,2.0964315433158127,5.9999999399999995,1199.9999879999998,89.19254160442556,369.29207942567285,598.3796990568529,754.6363404498163,0.3209302325581395,1.9951961237984954,6.000000000000001,1200.0,1.083,1.9297799999999878,1.417
4.1,6.0,51200.0,csv,"3-point central (10 ms lag, 50 ms lookahead)",10.0,50.0,50.0,full,0.06602293509224334,0.03221617888803739,0.3209165827572755,110.0,0.04749345773872505,0.37423887587822013,2.0964315433158127,5.9999999399999995,1199.9999879999998,89.41085663705931,369.06267226031525,598.7231688884011,754.4574199233257,0.3219638242894057,1.9950488328422769,6.0,1200.0,1.083,1.417,1.208
4.1,8.2,20.0,csv,"3-point central (10 ms lag, 50 ms lookahead)",10.0,50.0,50.0,full,0.5192214537289761,0.38865185370553124,1.395453857619162,690.0000000000001,0.4237837206058583,0.2955503512880562,2.236175337423507,8.199999918,1639.9999835999993,1281.690125342337,2022.0148790925273,2395.5407360971394,2564.5256076977194,0.007235142118863049,2.5276385227838394,8.2,20.000000000000018,1.083,1.4166599999999998,1.0
4.1,8.2,41.0,csv,"3-point central (10 ms lag, 50 ms lookahead)",10.0,50.0,50.0,full,0.18661739053420792,0.11478865668924305,0.6902964834379169,390.0,0.11903599811985535,0.2955503512880562,2.236175337423507,8.199999918,1639.9999835999993,547.413194517897,921.7172842056003,1241.8051430698922,1824.0349827618854,0.011886304909560724,2.1612482874269494,8.2,41.000000000000014,1.083,1.417,1.2086599999999998
4.1,8.2,80.0,csv,"3-point central (10 ms lag, 50 ms lookahead)",10.0,50.0,50.0,full,0.08682878624237228,0.049868011170318485,0.3672517979914197,160.0,0.05734497433943683,0.2955503512880562,2.236175337423507,8.199999918,1639.9999835999993,248.3731965424709,538.2287725723146,814.1981462469391,1177.4297135045783,0.023772609819121448,2.020501312719772,8.2,80.00000000000007,1.083,6.693559999999976,2.042
4.1,8.2,200.0,csv,"3-point central (10 ms lag, 50 ms lookahead)",10.0,50.0,50.0,full,0.06880426093551346,0.0370215256897423,0.30621168528523246,110.0,0.04804750773400134,0.2955503512880562,2.236175337423507,8.199999918,1639.9999835999993,163.14311746744997,375.63496645443615,651.1304130880147,934.5602162457507,0.05581395348837209,2.471506431506453,8.2,200.00000000000009,1.084,2.110719999999994,1.985719999999994
4.1,8.2,400.0,csv,"3-point central (10 ms lag, 50 ms lookahead)",10.0,50.0,50.0,full,0.052308972418236926,0.028075122658715375,0.24547608786346517,70.0,0.03969130323067257,0.2955503512880562,2.236175337423507,8.199999918,1639.9999835999993,121.00755730759225,316.3852277903179,565.0642486596686,930.4521080218333,0.1276485788113695,2.386656256478076,8.2,400.00000000000006,1.084,2.860719999999994,2.901559999999976
4.1,8.2,800.0,csv,"3-point central (10 ms lag, 50 ms lookahead)",10.0,50.0,50.0,full,0.059009637509237066,0.03054031263204866,0.2655014682906816,90.0,0.04413370370334648,0.2955503512880562,2.236175337423507,8.199999918,1639.9999835999993,101.44250271730299,321.2349788482742,533.5939937073532,734.2255693516921,0.23359173126614988,2.3745050570120894,8.200000000000001,800.0,1.084,4.498999999999963,3.985719999999994
4.1,8.2,1600.0,csv,"3-point central (10 ms lag, 50 ms lookahead)",10.0,50.0,50.0,full,0.04820957696563283,0.022969494134470504,0.25850257039148833,50.0,0.04188251935710183,0.2955503512880562,2.236175337423507,8.199999918,1639.9999835999993,77.06735316712016,304.31017295023526,519.0172613391558,854.481214778493,0.324031007751938,2.282075965954286,8.200000000000001,1600.0,1.084,6.2592799999998965,2.7634399999999877
4.1,8.2,3200.0,csv,"3-point central (10 ms lag, 50 ms lookahead)",10.0,50.0,50.0,full,0.048001524783004325,0.022849861766689537,0.2602601400483989,50.0,0.04211362230848172,0.2955503512880562,2.236175337423507,8.199999918,1639.9999835999993,73.62937975464177,300.0176258049754,505.1691710698618,851.170710214466,0.35658914728682173,2.2724302476599494,8.2,1639.9999999999998,1.083,1.527059999999994,1.708
4.1,8.2,6400.0,csv,"3-point central (10 ms lag, 50 ms lookahead)",10.0,50.0,50.0,full,0.05236234244951065,0.0251570251118553,0.2681827742142308,60.0,0.045226145987435365,0.2955503512880562,2.236175337423507,8.199999918,1639.9999835999993,72.46797723012119,303.97567904354463,501.2757726816399,842.971762250016,0.3648578811369509,2.2491088505335903,8.200000000000001,1639.9999999999998,1.083,1.4860599999999942,1.5
4.1,8.2,12800.0,csv,"3-point central (10 ms lag, 50 ms lookahead)",10.0,50.0,50.0,full,0.05004297065079721,0.024439023638693717,0.27432672655438173,60.0,0.04333656876705989,0.2955503512880562,2.236175337423507,8.199999918,1639.9999835999993,71.03332863450609,294.0067265129604,511.8000254433548,842.649809401434,0.379328165374677,2.271662581951081,8.2,1639.9999999999998,1.083,1.417,1.417
4.1,8.2,19200.0,csv,"3-point central (10 ms lag, 50 ms lookahead)",10.0,50.0,50.0,full,0.05165230047806466,0.025157925882331046,0.2774862276872002,60.0,0.044405475402067976,0.2955503512880562,2.236175337423507,8.199999918,1639.9999835999993,72.01080477868955,293.57615502884283,508.18959584907986,830.3065056947697,0.3798449612403101,2.251322899943343,8.2,1639.9999999999998,1.083,1.375,1.3336599999999998
4.1,8.2,25600.0,csv,"3-point central (10 ms lag, 50 ms lookahead)",10.0,50.0,50.0,full,0.05026666335436103,0.024158759758931277,0.2677089905890279,60.0,0.0429269928163632,0.2955503512880562,2.236175337423507,8.199999918,1639.9999835999993,69.90497388325211,291.17667979993035,498.84087571053675,826.8983183821997,0.38449612403100775,2.2478745719266153,8.2,1639.9999999999998,1.083,1.375,1.3190599999999941
4.1,8.2,38400.0,csv,"3-point central (10 ms lag, 50 ms lookahead)",10.0,50.0,50.0,full,0.050121039900632096,0.024115301920428572,0.2714812820256762,60.0,0.04276566447421295,0.2955503512880562,2.236175337423507,8.199999918,1639.9999835999993,70.81886620537671,287.3995462128534,505.53200177124535,829.9113693917609,0.379328165374677,2.2593704536198906,8.2,1639.9999999999998,1.083,1.334,1.3336599999999998
4.1,8.2,51200.0,csv,"3-point central (10 ms lag, 50 ms lookahead)",10.0,50.0,50.0,full,0.051578232763219795,0.025059581403881825,0.26216935873852004,60.0,0.04466428381055212,0.2955503512880562,2.236175337423507,8.199999918,1639.9999835999993,70.06422913229802,301.4646342903928,507.39604736590314,831.3866710206023,0.38449612403100775,2.265036408599634,8.2,1639.9999999999998,1.083,1.4166599999999998,1.277719999999994
4.1,12.0,20.0,csv,"3-point central (10 ms lag, 50 ms lookahead)",10.0,50.0,50.0,full,1.096260491655335,0.8264413104747543,2.4553447884794775,1000.0,1.006846502572314,0.22903981264637002,2.236175337423507,11.999999879999999,2351.320540682809,1671.9972844769115,2669.09906645223,3287.8113974843704,3555.108603400722,0.007235142118863049,4.1,11.366563733831754,20.000000000000018,1.083,1.375,0.917
4.1,12.0,41.0,csv,"3-point central (10 ms lag, 50 ms lookahead)",10.0,50.0,50.0,full,0.32014858926441814,0.2046011696822476,1.1475712978434311,550.0,0.21898909938321703,0.21967213114754097,2.5341160475094355,11.999999879999999,2399.9999759999987,730.9222168965854,1259.5570353315727,1650.72874180731,1822.3421612941947,0.011886304909560724,2.541736653712155,12.0,41.000000000000014,1.083,1.375,0.959
4.1,12.0,80.0,csv,"3-point central (10 ms lag, 50 ms lookahead)",10.0,50.0,50.0,full,0.1468596565002387,0.07453386945928844,0.8063136127472408,340.0,0.08952585390829798,0.21967213114754097,2.5341160475094355,11.999999879999999,2399.9999759999987,303.2790521689962,604.8116840435755,837.8795262363618,1015.2938627468076,0.023772609819121448,2.4789911419183728,12.0,80.00000000000007,1.083,1.417,1.2086599999999998
4.1,12.0,200.0,csv,"3-point central (10 ms lag, 50 ms lookahead)",10.0,50.0,50.0,full,0.06118702111937435,0.03221153580744387,0.28358972990913695,80.0,0.04998275091289346,0.21967213114754097,2.5341160475094355,11.999999879999999,2399.9999759999987,164.8699555280139,366.4910240274494,585.4351380760686,806.7474637123466,0.050645994832041345,2.2246805067279323,12.0,200.00000000000009,1.083,1.5836599999999998,1.5547799999999878
4.1,12.0,400.0,csv,"3-point central (10 ms lag, 50 ms lookahead)",10.0,50.0,50.0,full,0.04246241232370367,0.024170953879646895,0.18830035452827376,50.0,0.03575211787767111,0.21967213114754097,2.5341160475094355,11.999999879999999,2399.9999759999987,120.89154907050721,266.8764034330978,474.87830779545266,722.4583662835964,0.10284237726098192,2.40210887112578,12.0,400.00000000000006,1.083,1.666,2.0
4.1,12.0,800.0,csv,"3-point central (10 ms lag, 50 ms lookahead)",10.0,50.0,50.0,full,0.042050910193212734,0.021185240721710658,0.22219689672626286,50.0,0.035859367926891525,0.21967213114754097,2.5341160475094355,11.999999879999999,2399.9999759999987,85.86347684187749,243.65649267744325,417.0181065965376,680.7941169782715,0.2532299741602067,2.40404540664444,12.0,800.0,1.083,1.777719999999994,2.319059999999994
4.1,12.0,1600.0,csv,"3-point central (10 ms lag, 50 ms lookahead)",10.0,50.0,50.0,full,0.03601319645053671,0.01872621590135559,0.1820907870923942,40.0,0.031099010765407095,0.21967213114754097,2.5341160475094355,11.999999879999999,2399.9999759999987,67.71312609292559,227.306563512141,409.6593535769682,708.0081093456889,0.37467700258397935,2.378196529156922,12.000000000000002,1600.0,1.083,3.04166,1.792
4.1,12.0,3200.0,csv,"3-point central (10 ms lag, 50 ms lookahead)",10.0,50.0,50.0,full,0.03594291649784577,0.0182705631905928,0.16400153331983436,40.0,0.03132092415258604,0.21967213114754097,2.5341160475094355,11.999999879999999,2399.9999759999987,59.66420988186867,217.24260000376313,413.5354461091581,575.6954519750392,0.43410852713178294,2.0432154500011515,12.000000000000002,2400.0,1.083,3.4432199999999757,2.152059999999994
4.1,12.0,6400.0,csv,"3-point central (10 ms lag, 50 ms lookahead)",10.0,50.0,50.0,full,0.03218902283155265,0.016085870179910172,0.15531861135354041,30.0,0.028411628864049285,0.21967213114754097,2.5341160475094355,11.999999879999999,2399.9999759999987,55.35790913792616,207.81441513031166,414.5969282374766,616.6397013127978,0.46770025839793283,2.0532537951467242,12.000000000000002,2400.0,1.125,12.485219999999975,5.0
4.1,12.0,12800.0,csv,"3-point central (10 ms lag, 50 ms lookahead)",10.0,50.0,50.0,full,0.03250380594058645,0.016058190229236987,0.15517076820915165,30.0,0.028683573295444947,0.21967213114754097,2.5341160475094355,11.999999879999999,2399.9999759999987,53.67344331269623,203.42167563406656,396.2876497057931,582.410864021077,0.4754521963824289,2.17180479381706,12.000000000000002,2400.0,1.084,7.623339999999963,4.568719999999995
4.1,12.0,19200.0,csv,"3-point central (10 ms lag, 50 ms lookahead)",10.0,50.0,50.0,full,0.03227904558943943,0.01599182609706878,0.15753692997217184,30.0,0.02822730058286979,0.21967213114754097,2.5341160475094355,11.999999879999999,2399.9999759999987,53.14243578893068,202.83120021181878,403.90024016807797,586.2380815963775,0.47751937984496123,2.1570224612961915,12.000000000000002,2400.0,1.125,13.011439999999952,8.622499999999945
4.1,12.0,25600.0,csv,"3-point central (10 ms lag, 50 ms lookahead)",10.0,50.0,50.0,full,0.032267111771066184,0.015995993638483044,0.15692767920454415,30.0,0.028266064113044848,0.21967213114754097,2.5341160475094355,11.999999879999999,2399.9999759999987,52.970661677133336,202.67091259053885,403.02704202160396,586.8022044290325,0.48010335917312663,2.163483888582473,12.000000000000002,2400.0,1.166,22.87777999999977,10.458
4.1,12.0,38400.0,csv,"3-point central (10 ms lag, 50 ms lookahead)",10.0,50.0,50.0,full,0.032145237688386265,0.015904814959305267,0.15682920335832784,30.0,0.02898718601253569,0.21967213114754097,2.5341160475094355,11.999999879999999,2399.9999759999987,52.73561654754073,204.6317194574645,393.35906316704114,575.2212235462864,0.4785529715762274,2.038782708573187,12.0,2400.0,1.084,13.041159999999982,3.51227999999997
4.1,12.0,51200.0,csv,"3-point central (10 ms lag, 50 ms lookahead)",10.0,50.0,50.0,full,0.03209926978071869,0.015866418445666632,0.15714269476326537,30.0,0.028958148892472425,0.21967213114754097,2.5341160475094355,11.999999879999999,2399.9999759999987,52.59209248789476,204.36690024272195,393.72763624532206,576.6038095584003,0.4790697674418605,2.026701675834848,12.0,2400.0,1.084,4.868339999999854,2.8185599999999758
4.1,16.0,20.0,csv,"3-point central (10 ms lag, 50 ms lookahead)",10.0,50.0,50.0,full,1.0975835829097071,0.8277317178570655,2.4553447884794775,1000.0,1.009412390209729,0.22716627634660422,2.236175337423507,12.800979504077658,2353.1414793248346,1674.7450053776836,2669.464206455209,3293.273613681915,3783.7867979150524,0.007235142118863049,4.1,11.366563733831754,20.000000000000018,1.084,3.0,1.735719999999994
4.1,16.0,41.0,csv,"3-point central (10 ms lag, 50 ms lookahead)",10.0,50.0,50.0,full,0.46855039826191386,0.26670743591870427,1.6488825336811828,740.0,0.38532184057740765,0.18032786885245902,2.5341160475094355,15.99999984,3186.9107445826494,742.635739100285,1562.716707173108,2029.3475793523937,2272.2088993616353,0.011886304909560724,3.712649473411258,16.0,41.000000000000014,1.083,2.721779999999988,1.4166599999999998
4.1,16.0,80.0,csv,"3-point central (10 ms lag, 50 ms lookahead)",10.0,50.0,50.0,full,0.11846760718578292,0.06940377508438016,0.5170320188677731,190.0,0.09302681991769185,0.17704918032786884,2.788264551387058,15.99999984,3199.999967999998,341.32718445093036,759.8255028342824,1057.6589164875638,1234.8647373334773,0.023772609819121448,2.1409446458240278,15.219920595079051,80.00000000000007,1.084,3.665499999999982,2.125
4.1,16.0,200.0,csv,"3-point central (10 ms lag, 50 ms lookahead)",10.0,50.0,50.0,full,0.05711781524742018,0.031777913022241255,0.2335597202233158,90.0,0.04127891079038963,0.1765807962529274,2.796506297960272,15.99999984,3199.999967999998,167.05670208529057,347.98026933401593,572.620800605463,690.2242057151734,0.056330749354005165,2.236795511772522,16.0,200.00000000000009,1.083,1.652719999999994,1.777719999999994
4.1,16.0,400.0,csv,"3-point central (10 ms lag, 50 ms lookahead)",10.0,50.0,50.0,full,0.04717900407235838,0.026049407629753746,0.2777969161270903,60.0,0.037941637659419256,0.1765807962529274,2.796506297960272,15.99999984,3199.999967999998,126.01864687049355,273.81901980558735,425.66404594761576,558.7525870506001,0.08888888888888889,2.309277068267606,16.0,400.00000000000006,1.083,2.027059999999994,2.290499999999982
4.1,16.0,800.0,csv,"3-point central (10 ms lag, 50 ms lookahead)",10.0,50.0,50.0,full,0.038436107061063374,0.02076268475083631,0.18216038409919222,30.0,0.0348211926085959,0.1765807962529274,2.796506297960272,15.99999984,3199.999967999998,89.85839558802786,234.78690973554345,397.3568512147739,496.9790791924573,0.2165374677002584,2.7139991477106116,16.0,800.0,1.083,2.582499999999982,2.29166
4.1,16.0,1600.0,csv,"3-point central (10 ms lag, 50 ms lookahead)",10.0,50.0,50.0,full,0.03308547293945842,0.01566973050927096,0.17876198562084983,20.0,0.031517230145533884,0.1765807962529274,2.796506297960272,15.99999984,3199.999967999998,59.368956104562336,205.56104617751353,373.859565702797,499.13700480234655,0.4134366925064599,2.662093902651128,16.0,1600.0,1.084,1.777719999999994,2.125
4.1,16.0,3200.0,csv,"3-point central (10 ms lag, 50 ms lookahead)",10.0,50.0,50.0,full,0.02653849698136944,0.012126859077631417,0.14327463807767016,20.0,0.025659387422433413,0.1765807962529274,2.796506297960272,15.99999984,3199.999967999998,50.38255804159733,172.5799521260281,350.0665528001409,489.04305140418626,0.4945736434108527,2.4802070150688875,16.000000000000004,3200.0,1.084,3.8881199999999883,3.1102199999999756
4.1,16.0,6400.0,csv,"3-point central (10 ms lag, 50 ms lookahead)",10.0,50.0,50.0,full,0.022399750850632998,0.010241902182937423,0.11496719267150746,10.0,0.02191828960070973,0.1765807962529274,2.796506297960272,15.99999984,3199.999967999998,50.0,155.86441198993234,318.7951818430098,534.3687741540849,0.544702842377261,2.432197478159569,16.000000000000004,3200.0,1.083,2.943719999999994,2.304779999999988
4.1,16.0,12800.0,csv,"3-point central (10 ms lag, 50 ms lookahead)",10.0,50.0,50.0,full,0.01991824498281223,0.00880898091677008,0.11186465214747976,10.0,0.019587550100290344,0.1765807962529274,2.796506297960272,15.99999984,3199.999967999998,50.0,148.8814833958158,301.32179622991634,530.7692526974937,0.5664082687338501,2.139700859781134,16.000000000000004,3200.0,1.084,5.902719999999994,3.9027199999999937
4.1,16.0,19200.0,csv,"3-point central (10 ms lag, 50 ms lookahead)",10.0,50.0,50.0,full,0.01940064177135036,0.00861198155623262,0.11249240791741938,10.0,0.01907473394051431,0.1765807962529274,2.796506297960272,15.99999984,3199.999967999998,50.0,148.29824767577662,303.2925037026518,531.8414071969625,0.5710594315245479,2.1595364857471133,16.000000000000004,3200.0,1.084,3.54166,2.986059999999994
4.1,16.0,25600.0,csv,"3-point central (10 ms lag, 50 ms lookahead)",10.0,50.0,50.0,full,0.018256947900399122,0.00820404999749595,0.11200981520965236,10.0,0.017990632292616573,0.1765807962529274,2.796506297960272,15.99999984,3199.999967999998,50.0,144.69072659379935,304.6694891258738,530.9645609047715,0.5731266149870801,2.159674678574961,16.0,3200.0,1.084,2.38727999999997,1.75
4.1,16.0,38400.0,csv,"3-point central (10 ms lag, 50 ms lookahead)",10.0,50.0,50.0,full,0.016920399485472276,0.007620679364843296,0.11188600198615542,10.0,0.0167151866126039,0.1765807962529274,2.796506297960272,15.99999984,3199.999967999998,50.0,143.79129620858913,304.0415470426704,530.8351726470243,0.5777777777777777,2.1649846100812864,16.000000000000004,3200.0,1.125,10.746339999999927,6.152219999999976
4.1,16.0,51200.0,csv,"3-point central (10 ms lag, 50 ms lookahead)",10.0,50.0,50.0,full,0.0177576062847819,0.007932982354368057,0.11201703130029197,10.0,0.01738629944155455,0.1765807962529274,2.796506297960272,15.99999984,3199.999967999998,50.0,143.34893480609486,302.36993968982216,531.2861742882279,0.5751937984496124,2.1712136202429004,16.0,3200.0,1.125,19.417,7.273719999999922
4.1,20.0,20.0,csv,"3-point central (10 ms lag, 50 ms lookahead)",10.0,50.0,50.0,full,1.0975835829097071,0.8277317178570655,2.4553447884794775,1000.0,1.009412390209729,0.22716627634660422,2.236175337423507,12.800979504077658,2353.1414793248346,1674.7450053776836,2669.464206455209,3293.273613681915,3783.7867979150524,0.007235142118863049,4.1,11.366563733831754,20.000000000000018,1.084,8.01227999999997,2.7488399999999817
4.1,20.0,41.0,csv,"3-point central (10 ms lag, 50 ms lookahead)",10.0,50.0,50.0,full,0.45882421975832954,0.2958108405137249,1.6323825861136787,300.0,0.4489439479276384,0.1765807962529274,2.5341160475094355,18.050723531431167,3239.7752692898425,889.9572200730541,1607.2280994391415,2146.187808433209,2286.557565944853,0.011886304909560724,3.7697829978995316,16.393456659999053,41.000000000000014,1.083,1.458,1.1666599999999998
4.1,20.0,80.0,csv,"3-point central (10 ms lag, 50 ms lookahead)",10.0,50.0,50.0,full,0.20328215647738182,0.11394466577889006,0.9857377093354008,390.0,0.14953310625020685,0.15128805620608898,2.788264551387058,19.999999799999998,3999.9999599999965,379.22773472306625,907.3523848340141,1205.6132842603042,1329.1912267491598,0.024806201550387597,2.8255253530898012,19.06707960748673,80.00000000000007,1.083,1.417,1.125
4.1,20.0,200.0,csv,"3-point central (10 ms lag, 50 ms lookahead)",10.0,50.0,50.0,full,0.056862551225368325,0.03165210239696324,0.24538344262176795,90.0,0.04208208348173372,0.1484777517564403,2.796506297960272,19.999999799999998,3999.9999599999965,167.51382520183537,364.8321602845792,569.1612861322154,709.114504231447,0.05167958656330749,2.1550141697705336,20.0,200.00000000000017,1.083,1.527719999999994,1.417
4.1,20.0,400.0,csv,"3-point central (10 ms lag, 50 ms lookahead)",10.0,50.0,50.0,full,0.049287894453167946,0.026498250431876723,0.29052232507385467,60.0,0.0395631168740519,0.1484777517564403,2.796506297960272,19.999999799999998,3999.9999599999965,131.88137574923198,265.16472540836094,409.5566971201869,548.9134237164503,0.08320413436692506,2.422657229533676,20.0,400.00000000000017,1.083,1.667,1.8467799999999879
4.1,20.0,800.0,csv,"3-point central (10 ms lag, 50 ms lookahead)",10.0,50.0,50.0,full,0.03600106833757084,0.01983697424004618,0.19256865323219877,30.0,0.033445972882608255,0.1484777517564403,2.796506297960272,19.999999799999998,3999.9999599999965,91.04778214536103,219.35579502610435,357.55043368159255,459.88332831391114,0.20051679586563306,2.877814240963046,20.0,800.0000000000001,1.083,3.4027199999999937,3.209
4.1,20.0,1600.0,csv,"3-point central (10 ms lag, 50 ms lookahead)",10.0,50.0,50.0,full,0.03174766917057926,0.014945268952677839,0.14611861573811513,10.0,0.031165328263218998,0.1484777517564403,2.796506297960272,19.999999799999998,3999.9999599999965,57.15221949088779,180.7112296438772,331.6834950132808,443.7769805780861,0.420671834625323,2.738686751562806,20.0,1600.0,1.083,2.1234999999999817,2.459
4.1,20.0,3200.0,csv,"3-point central (10 ms lag, 50 ms lookahead)",10.0,50.0,50.0,full,0.026568023299948795,0.011789683636719948,0.16342060554017887,10.0,0.026053276613572787,0.1484777517564403,2.796506297960272,19.999999799999998,3999.9999599999965,50.0,156.30957641233607,304.6862992886056,417.9990965257193,0.5322997416020672,2.7488182435840267,20.000000000000004,3200.0,1.084,2.971779999999988,2.361059999999994
4.1,20.0,6400.0,csv,"3-point central (10 ms lag, 50 ms lookahead)",10.0,50.0,50.0,full,0.01909892421362744,0.008999391502231394,0.10686955147139007,10.0,0.018968041668776164,0.1484777517564403,2.796506297960272,19.999999799999998,3999.9999599999965,50.0,140.6170321725156,267.4887261700047,426.3497521251359,0.5839793281653747,2.8021540141333827,20.000000000000004,4000.0,1.084,12.790499999999982,6.911159999999873
4.1,20.0,12800.0,csv,"3-point central (10 ms lag, 50 ms lookahead)",10.0,50.0,50.0,full,0.01945397175324023,0.008595172178909137,0.10148679833947447,0.0,0.01945397175324023,0.1484777517564403,2.796506297960272,19.999999799999998,3999.9999599999965,50.0,136.0163124281097,258.4564543036965,348.876385213894,0.6201550387596899,2.3279212387853137,20.000000000000007,4000.0000000000005,1.084,12.638779999999988,6.387939999999969
4.1,20.0,19200.0,csv,"3-point central (10 ms lag, 50 ms lookahead)",10.0,50.0,50.0,full,0.018034443534293985,0.007833069502427719,0.10419839987816726,0.0,0.018034443534293985,0.1484777517564403,2.796506297960272,19.999999799999998,3999.9999599999965,50.0,130.3110607011832,255.25906389301977,347.38269818224404,0.6387596899224807,2.356068001166665,20.000000000000004,4000.0,1.084,12.179779999999989,6.012279999999969
4.1,20.0,25600.0,csv,"3-point central (10 ms lag, 50 ms lookahead)",10.0,50.0,50.0,full,0.01887440718188893,0.008295965539767922,0.10220390666571647,0.0,0.01887440718188893,0.1484777517564403,2.796506297960272,19.999999799999998,3999.9999599999965,50.0,134.60038288834753,254.72677440230325,346.57967164401606,0.6325581395348837,2.390844155143972,20.000000000000007,4000.0,1.084,8.30393999999997,3.9292799999999697
4.1,20.0,38400.0,csv,"3-point central (10 ms lag, 50 ms lookahead)",10.0,50.0,50.0,full,0.018358769805033422,0.00804302213989394,0.10193002899473962,0.0,0.018358769805033422,0.1484777517564403,2.796506297960272,19.999999799999998,3999.9999599999965,50.0,131.11389583782852,252.43254987817622,345.3342139496884,0.6361757105943152,2.419360374039124,20.0,4000.0,1.084,7.512279999999969,2.6244999999999816
4.1,20.0,51200.0,csv,"3-point central (10 ms lag, 50 ms lookahead)",10.0,50.0,50.0,full,0.018272901177162244,0.008045759235343059,0.10179861194746086,0.0,0.018272901177162244,0.1484777517564403,2.796506297960272,19.999999799999998,3999.9999599999965,50.0,130.83343528714067,253.19388986923695,344.64709975559515,0.6366925064599483,2.4125813853545,20.000000000000004,4000.0,1.084,3.417,2.1527199999999937
4.1,24.0,20.0,csv,"3-point central (10 ms lag, 50 ms lookahead)",10.0,50.0,50.0,full,1.0975835829097071,0.8277317178570655,2.4553447884794775,1000.0,1.009412390209729,0.22716627634660422,2.236175337423507,12.800979504077658,2353.1414793248346,1674.7450053776836,2669.464206455209,3293.273613681915,3783.7867979150524,0.007235142118863049,4.1,11.366563733831754,20.000000000000018,1.125,13.0,7.1070599999999216
4.1,24.0,41.0,csv,"3-point central (10 ms lag, 50 ms lookahead)",10.0,50.0,50.0,full,0.45882421975832954,0.2958108405137249,1.6323825861136787,300.0,0.4489439479276384,0.1765807962529274,2.5341160475094355,18.050723531431167,3239.7752692898425,889.9572200730541,1607.2280994391415,2146.187808433209,2286.557565944853,0.011886304909560724,3.7697829978995316,16.393456659999053,41.000000000000014,1.125,16.456659999999964,6.416
4.1,24.0,80.0,csv,"3-point central (10 ms lag, 50 ms lookahead)",10.0,50.0,50.0,full,0.2546980173355169,0.14592599179693036,0.9246437039723548,400.0,0.18658501401642427,0.14426229508196722,2.788264551387058,23.999999759999987,4301.531466754743,420.02528612051407,974.3894686973916,1340.9357533348066,1503.192107831011,0.023255813953488372,3.4035247608002646,19.66561811536525,80.00000000000007,1.083,2.0134399999999877,1.2086599999999998
4.1,24.0,200.0,csv,"3-point central (10 ms lag, 50 ms lookahead)",10.0,50.0,50.0,full,0.06693859402872958,0.03403140173689197,0.3956678606847009,110.0,0.05332175806389214,0.13161592505854802,2.8094881014320823,23.999999759999998,4799.999951999997,174.2817764360068,386.96147225406753,565.2332437266906,675.7691023265049,0.05116279069767442,2.15340273757262,23.25167864199077,200.00000000000017,1.083,1.5,1.583
4.1,24.0,400.0,csv,"3-point central (10 ms lag, 50 ms lookahead)",10.0,50.0,50.0,full,0.04739072086031117,0.025330391408503197,0.2799546932353559,70.0,0.03504179683536238,0.13114754098360656,2.8519632124570036,23.999999759999998,4799.999951999997,132.0823931022779,253.20491674015676,382.6793002503096,473.28802362804663,0.08837209302325581,2.8595700686599335,24.0,400.00000000000017,1.083,1.542,1.708
4.1,24.0,800.0,csv,"3-point central (10 ms lag, 50 ms lookahead)",10.0,50.0,50.0,full,0.031637974731116174,0.01657278778601831,0.166846159707495,30.0,0.027511084008679708,0.13114754098360656,2.8519632124570036,23.999999759999998,4799.999951999997,86.65075651735718,194.54264464695302,303.41471101260953,373.32410407964954,0.21498708010335918,2.9096081752888354,24.0,800.0000000000001,1.084,4.9304399999999875,3.041499999999982
4.1,24.0,1600.0,csv,"3-point central (10 ms lag, 50 ms lookahead)",10.0,50.0,50.0,full,0.024908040742577332,0.012671712293109717,0.11791882942891391,10.0,0.02454365857474194,0.13114754098360656,2.8519632124570036,23.999999759999998,4799.999951999997,58.94842448801019,169.3195988713069,293.7088860752439,384.9067863019609,0.4077519379844961,3.0031135855225997,24.0,1600.0,1.084,10.236059999999993,5.707499999999982
4.1,24.0,3200.0,csv,"3-point central (10 ms lag, 50 ms lookahead)",10.0,50.0,50.0,full,0.0209732648508452,0.009777570812884682,0.14020469554054382,0.0,0.0209732648508452,0.13114754098360656,2.8519632124570036,23.999999759999998,4799.999951999997,50.0,136.6687259002415,270.71216944079714,355.17912872893606,0.5679586563307494,2.8366317491517345,24.000000000000004,3200.0,1.125,11.109719999999957,8.314719999999884
4.1,24.0,6400.0,csv,"3-point central (10 ms lag, 50 ms lookahead)",10.0,50.0,50.0,full,0.011800466263646395,0.005924701713757939,0.06818864689391316,0.0,0.011800466263646395,0.13114754098360656,2.8519632124570036,23.999999759999998,4799.999951999997,50.0,117.65372810484192,226.102937872557,321.85533781781635,0.6594315245478036,2.325598931513469,24.000000000000007,4800.0,1.083,4.763439999999988,2.5134399999999877
4.1,24.0,12800.0,csv,"3-point central (10 ms lag, 50 ms lookahead)",10.0,50.0,50.0,full,0.009848711294895684,0.005150709339009432,0.058299375903240296,0.0,0.009848711294895684,0.13114754098360656,2.8519632124570036,23.999999759999998,4799.999951999997,50.0,108.4809868985869,211.8180444648563,313.97632435216616,0.6976744186046512,2.3664109740075134,24.000000000000004,4800.0,1.125,66.59855999999972,11.218779999999915
4.1,24.0,19200.0,csv,"3-point central (10 ms lag, 50 ms lookahead)",10.0,50.0,50.0,full,0.009734018260870121,0.005102190234943146,0.06034015705638359,0.0,0.009734018260870121,0.13114754098360656,2.8519632124570036,23.999999759999998,4799.999951999997,50.0,107.39425984930664,208.21479207620825,313.5756109497559,0.7059431524547803,2.36775809217846,24.000000000000004,4800.0,1.583,97.93205999999974,29.12227999999964
4.1,24.0,25600.0,csv,"3-point central (10 ms lag, 50 ms lookahead)",10.0,50.0,50.0,full,0.00969610844937376,0.005088159712758164,0.05814209086897428,0.0,0.00969610844937376,0.13114754098360656,2.8519632124570036,23.999999759999998,4799.999951999997,50.0,105.69828247106044,207.49929341544458,313.37904385091366,0.7090439276485788,2.3390762724098724,24.000000000000004,4800.0,1.167,33.916499999999985,16.564059999999884
4.1,24.0,38400.0,csv,"3-point central (10 ms lag, 50 ms lookahead)",10.0,50.0,50.0,full,0.009333762414477925,0.004954187598198233,0.0548364494828991,0.0,0.009333762414477925,0.13114754098360656,2.8519632124570036,23.999999759999998,4799.999951999997,50.0,104.98401906344635,207.60687169858343,313.18564220974156,0.7131782945736435,2.3215232097450125,24.000000000000004,4800.0,1.125,17.982059999999922,8.484059999999957
4.1,24.0,51200.0,csv,"3-point central (10 ms lag, 50 ms lookahead)",10.0,50.0,50.0,full,0.009245576967725013,0.004906873370033398,0.05502046307367089,0.0,0.009245576967725013,0.13114754098360656,2.8519632124570036,23.999999759999998,4799.999951999997,50.0,104.73772953479096,207.60429283990763,313.09382498847236,0.7152454780361757,2.320844491053826,24.000000000000004,4800.000000000001,1.167,32.997499999999945,12.92893999999997
4.1,32.0,20.0,csv,"3-point central (10 ms lag, 50 ms lookahead)",10.0,50.0,50.0,full,1.0975835829097071,0.8277317178570655,2.4553447884794775,1000.0,1.009412390209729,0.22716627634660422,2.236175337423507,12.800979504077658,2353.1414793248346,1674.7450053776836,2669.464206455209,3293.273613681915,3783.7867979150524,0.007235142118863049,4.1,11.366563733831754,20.000000000000018,1.166,16.13727999999997,7.569719999999994
4.1,32.0,41.0,csv,"3-point central (10 ms lag, 50 ms lookahead)",10.0,50.0,50.0,full,0.45882421975832954,0.2958108405137249,1.6323825861136787,300.0,0.4489439479276384,0.1765807962529274,2.5341160475094355,18.050723531431167,3239.7752692898425,889.9572200730541,1607.2280994391415,2146.187808433209,2286.557565944853,0.011886304909560724,3.7697829978995316,16.393456659999053,41.000000000000014,1.125,26.89405999999981,9.303779999999952
4.1,32.0,80.0,csv,"3-point central (10 ms lag, 50 ms lookahead)",10.0,50.0,50.0,full,0.2546980173355169,0.14592599179693036,0.9246437039723548,400.0,0.18658501401642427,0.14426229508196722,2.788264551387058,24.337136786747056,4301.531466754743,420.02528612051407,974.3894686973916,1340.9357533348066,1503.192107831011,0.023255813953488372,3.4035247608002646,19.66561811536525,80.00000000000007,1.084,7.579159999999909,3.982719999999921
4.1,32.0,200.0,csv,"3-point central (10 ms lag, 50 ms lookahead)",10.0,50.0,50.0,full,0.0824025224523501,0.043577757083329345,0.4361556440435974,110.0,0.06742148121839284,0.11288056206088994,2.8094881014320823,31.99999968,6093.049077388962,178.27192250536984,450.03231272886643,671.8523195962565,812.7756221781268,0.05529715762273902,2.289319770910279,24.860288116529706,200.00000000000017,1.084,17.92427999999986,6.193559999999976
4.1,32.0,400.0,csv,"3-point central (10 ms lag, 50 ms lookahead)",10.0,50.0,50.0,full,0.046016285091316736,0.023313184600591716,0.3060601981341998,70.0,0.0340233906274436,0.10913348946135831,2.9278952380135896,31.99999968,6399.999935999995,127.1942992380645,260.46998357618503,390.9443488743303,531.3227497574209,0.08940568475452196,2.844774938433544,32.0,400.00000000000017,1.084,11.747999999999964,5.707499999999982
4.1,32.0,800.0,csv,"3-point central (10 ms lag, 50 ms lookahead)",10.0,50.0,50.0,full,0.036383469275090174,0.019567033099427145,0.1884121903776385,40.0,0.031849196725543476,0.10913348946135831,2.9732600512218443,31.99999968,6399.999935999996,94.37201920875698,193.99855060456127,292.0022081354054,376.1404860116126,0.19121447028423771,3.191727167575745,32.0,800.0000000000001,1.084,8.701999999999854,6.038839999999945
4.1,32.0,1600.0,csv,"3-point central (10 ms lag, 50 ms lookahead)",10.0,50.0,50.0,full,0.031324167468928424,0.015351667005579215,0.17348989123854908,10.0,0.030623188189513522,0.10913348946135831,2.9732600512218443,31.99999968,6399.999935999996,59.89186488002697,148.44488113912521,256.28389525821984,342.33654442469583,0.3891472868217054,2.995005443343681,32.0,1600.0,1.084,10.289999999999964,6.275719999999958
4.1,32.0,3200.0,csv,"3-point central (10 ms lag, 50 ms lookahead)",10.0,50.0,50.0,full,0.019432828676578254,0.008620160843308772,0.1478758057441485,0.0,0.019432828676578254,0.10913348946135831,2.9732600512218443,31.99999968,6399.999935999996,50.0,117.74273641954291,215.56229913430752,310.3543255654342,0.599483204134367,3.3175584723667604,32.0,3200.0,1.084,3.665499999999982,3.1527199999999937
4.1,32.0,6400.0,csv,"3-point central (10 ms lag, 50 ms lookahead)",10.0,50.0,50.0,full,0.011480250538483693,0.0054886339903340966,0.07972331757917994,0.0,0.011480250538483693,0.10913348946135831,2.9732600512218443,31.99999968,6399.999935999996,50.0,97.52102057023433,180.80118073692088,259.46466939673417,0.7162790697674418,2.18730993098028,32.00000000000001,6400.0,1.084,3.012779999999988,2.3887799999999877
4.1,32.0,12800.0,csv,"3-point central (10 ms lag, 50 ms lookahead)",10.0,50.0,50.0,full,0.00971537497714706,0.004760369249595172,0.06979170783435185,0.0,0.00971537497714706,0.10913348946135831,2.9732600512218443,31.99999968,6399.999935999996,50.0,87.69816618856895,169.46105581045688,253.56413584066595,0.759173126614987,2.2489666384742226,32.00000000000001,6400.0,1.084,3.319059999999994,2.346439999999988
4.1,32.0,19200.0,csv,"3-point central (10 ms lag, 50 ms lookahead)",10.0,50.0,50.0,full,0.00929723647445032,0.004626306028098369,0.06490038964314393,0.0,0.00929723647445032,0.10913348946135831,2.9732600512218443,31.99999968,6399.999935999996,50.0,86.09202115952255,166.80684142870578,251.1438000552322,0.772609819121447,2.2651088927887515,32.00000000000001,6400.0,1.084,3.0277199999999937,2.375
4.1,32.0,25600.0,csv,"3-point central (10 ms lag, 50 ms lookahead)",10.0,50.0,50.0,full,0.009181504207147749,0.004607004705647048,0.06282769600946236,0.0,0.009181504207147749,0.10913348946135831,2.9732600512218443,31.99999968,6399.999935999996,50.0,85.78782094916284,165.73473247248592,249.92002797659035,0.7762273901808786,2.267140235288905,32.0,6400.0,1.084,3.25,1.9860599999999942
4.1,32.0,38400.0,csv,"3-point central (10 ms lag, 50 ms lookahead)",10.0,50.0,50.0,full,0.008795839278161232,0.004463361788910392,0.060645779483978646,0.0,0.008795839278161232,0.10913348946135831,2.9732600512218443,31.99999968,6399.999935999996,50.0,84.7717358766836,164.61417738465894,248.71588319068846,0.7824289405684755,2.2916532582596516,32.00000000000001,6400.0,1.084,3.6239999999999637,2.096779999999988
4.1,32.0,51200.0,csv,"3-point central (10 ms lag, 50 ms lookahead)",10.0,50.0,50.0,full,0.008706139038923439,0.004436672272376277,0.059662979122553916,0.0,0.008706139038923439,0.10913348946135831,2.9732600512218443,31.99999968,6399.999935999996,50.0,84.24844911454502,164.0540998684445,248.11419713806376,0.7855297157622739,2.2964530538986283,32.00000000000001,6400.0,1.083,3.346439999999988,2.665499999999982
4.1,40.0,20.0,csv,"3-point central (10 ms lag, 50 ms lookahead)",10.0,50.0,50.0,full,1.0975835829097071,0.8277317178570655,2.4553447884794775,1000.0,1.009412390209729,0.22716627634660422,2.236175337423507,12.800979504077658,2353.1414793248346,1674.7450053776836,2669.464206455209,3293.273613681915,3783.7867979150524,0.007235142118863049,4.1,11.366563733831754,20.000000000000018,1.084,2.998339999999964,1.4166599999999998
4.1,40.0,41.0,csv,"3-point central (10 ms lag, 50 ms lookahead)",10.0,50.0,50.0,full,0.45882421975832954,0.2958108405137249,1.6323825861136787,300.0,0.4489439479276384,0.1765807962529274,2.5341160475094355,18.050723531431167,3239.7752692898425,889.9572200730541,1607.2280994391415,2146.187808433209,2286.557565944853,0.011886304909560724,3.7697829978995316,16.393456659999053,41.000000000000014,1.084,9.937059999999848,3.610719999999994
4.1,40.0,80.0,csv,"3-point central (10 ms lag, 50 ms lookahead)",10.0,50.0,50.0,full,0.2546980173355169,0.14592599179693036,0.9246437039723548,400.0,0.18658501401642427,0.14426229508196722,2.788264551387058,24.337136786747056,4301.531466754743,420.02528612051407,974.3894686973916,1340.9357533348066,1503.192107831011,0.023255813953488372,3.4035247608002646,19.66561811536525,80.00000000000007,1.084,2.861059999999994,1.75
4.1,40.0,200.0,csv,"3-point central (10 ms lag, 50 ms lookahead)",10.0,50.0,50.0,full,0.0824025224523501,0.043577757083329345,0.4361556440435974,110.0,0.06742148121839284,0.11241217798594848,2.8094881014320823,34.81281954535312,6127.512599813601,178.27192250536984,450.03231272886643,677.9201517048931,812.7756221781268,0.05529715762273902,2.289319770910279,24.860288116529706,200.00000000000017,1.084,4.125,2.4994999999999816
4.1,40.0,400.0,csv,"3-point central (10 ms lag, 50 ms lookahead)",10.0,50.0,50.0,full,0.038202086069540314,0.02252364023670635,0.18967539274350537,50.0,0.029488877278076347,0.10117096018735364,2.9278952380135896,39.999999599999995,7656.229398724441,128.19237742484074,255.23223952694772,398.17369689559393,515.6975919020781,0.08992248062015504,2.2061549649563506,32.26053118960378,400.00000000000017,1.084,13.326999999999854,8.983219999999939
4.1,40.0,800.0,csv,"3-point central (10 ms lag, 50 ms lookahead)",10.0,50.0,50.0,full,0.03570066115706593,0.01940771242327764,0.18278320839951567,30.0,0.03250727550180796,0.09601873536299765,3.287875878510677,39.999999599999995,7999.999919999995,90.97575424704351,190.56914838027078,277.5422710153487,383.82702670436345,0.1855297157622739,3.110244160407137,40.0,800.0000000000003,1.084,12.317719999999957,7.887279999999969
4.1,40.0,1600.0,csv,"3-point central (10 ms lag, 50 ms lookahead)",10.0,50.0,50.0,full,0.037008814032534476,0.019495758797671518,0.18824754304027436,10.0,0.036785983476173824,0.09601873536299765,3.6103726691094122,39.999999599999995,7999.999919999996,64.8788114479417,154.77694415662728,245.9486005364836,289.551288715839,0.3571059431524548,2.96540284525263,40.0,1600.0000000000002,1.083,3.3042799999999697,3.1387799999999877
4.1,40.0,3200.0,csv,"3-point central (10 ms lag, 50 ms lookahead)",10.0,50.0,50.0,full,0.02185929773732801,0.009490969217830719,0.1804811798549859,0.0,0.02185929773732801,0.09601873536299765,3.6484148018640674,39.999999599999995,7999.999919999996,50.0,111.25552878337525,193.60184982626927,263.241840599905,0.6144702842377261,3.5476814942461834,40.0,3200.0000000000005,1.084,3.721439999999988,2.9435599999999758
4.1,40.0,6400.0,csv,"3-point central (10 ms lag, 50 ms lookahead)",10.0,50.0,50.0,full,0.01575623824736152,0.00713871348406373,0.12996102652022298,0.0,0.01575623824736152,0.09601873536299765,3.6484148018640674,39.999999599999995,7999.999919999996,50.0,90.7791746291708,169.3261578302297,229.01415999745595,0.7322997416020672,3.0307368587618533,40.00000000000001,6400.0,1.083,2.471779999999988,2.2777199999999937
4.1,40.0,12800.0,csv,"3-point central (10 ms lag, 50 ms lookahead)",10.0,50.0,50.0,full,0.013000393033522658,0.005617495082028438,0.11360800490922089,0.0,0.013000393033522658,0.09601873536299765,3.6484148018640674,39.999999599999995,7999.999919999996,50.0,80.12185266028933,159.59477982291537,225.06766538909045,0.7886304909560724,2.5690145052389535,40.000000000000014,8000.000000000001,1.084,2.944059999999994,2.569719999999994
4.1,40.0,19200.0,csv,"3-point central (10 ms lag, 50 ms lookahead)",10.0,50.0,50.0,full,0.011608026492504753,0.0052986969296955795,0.08758965696664162,0.0,0.011608026492504753,0.09601873536299765,3.6484148018640674,39.999999599999995,7999.999919999996,50.0,78.97343534901823,150.84009185863744,222.16715067315215,0.8,2.371201316955938,40.000000000000014,8000.000000000003,1.083,3.610719999999994,2.54166
4.1,40.0,25600.0,csv,"3-point central (10 ms lag, 50 ms lookahead)",10.0,50.0,50.0,full,0.011118015491826323,0.005152599413180295,0.0815125062524604,0.0,0.011118015491826323,0.09601873536299765,3.6484148018640674,39.999999599999995,7999.999919999996,50.0,78.06887894906248,150.14446866762935,221.00160654136565,0.8056847545219639,2.38342567568479,40.000000000000014,8000.000000000001,1.083,1.527059999999994,1.625
4.1,40.0,38400.0,csv,"3-point central (10 ms lag, 50 ms lookahead)",10.0,50.0,50.0,full,0.01107221011664428,0.005136315750287217,0.0815102470132784,0.0,0.01107221011664428,0.09601873536299765,3.6484148018640674,39.999999599999995,7999.999919999996,50.0,77.16642724767824,149.2645304140884,219.4268597364756,0.8129198966408269,2.376214938182022,40.00000000000001,8000.0,1.084,4.498839999999982,3.7494999999999816
4.1,40.0,51200.0,csv,"3-point central (10 ms lag, 50 ms lookahead)",10.0,50.0,50.0,full,0.011060762669799414,0.005153908298066301,0.08122424875303998,0.0,0.011060762669799414,0.09601873536299765,3.6484148018640674,39.999999599999995,7999.999919999996,50.0,76.66325027666204,148.80499628926043,218.62767975526307,0.8155038759689922,2.3528215211569377,40.000000000000014,8000.000000000001,1.125,24.351999999999492,13.026219999999975
4.1,48.0,20.0,csv,"3-point central (10 ms lag, 50 ms lookahead)",10.0,50.0,50.0,full,1.0975835829097071,0.8277317178570655,2.4553447884794775,1000.0,1.009412390209729,0.22716627634660422,2.236175337423507,12.800979504077658,2353.1414793248346,1674.7450053776836,2669.464206455209,3293.273613681915,3783.7867979150524,0.007235142118863049,4.1,11.366563733831754,20.000000000000018,1.125,15.696159999999727,7.712279999999788
4.1,48.0,41.0,csv,"3-point central (10 ms lag, 50 ms lookahead)",10.0,50.0,50.0,full,0.45882421975832954,0.2958108405137249,1.6323825861136787,300.0,0.4489439479276384,0.1765807962529274,2.5341160475094355,18.050723531431167,3239.7752692898425,889.9572200730541,1607.2280994391415,2146.187808433209,2286.557565944853,0.011886304909560724,3.7697829978995316,16.393456659999053,41.000000000000014,1.084,1.667,1.3190599999999941
4.1,48.0,80.0,csv,"3-point central (10 ms lag, 50 ms lookahead)",10.0,50.0,50.0,full,0.2546980173355169,0.14592599179693036,0.9246437039723548,400.0,0.18658501401642427,0.14426229508196722,2.788264551387058,24.337136786747056,4301.531466754743,420.02528612051407,974.3894686973916,1340.9357533348066,1503.192107831011,0.023255813953488372,3.4035247608002646,19.66561811536525,80.00000000000007,1.083,1.5836599999999998,1.292
4.1,48.0,200.0,csv,"3-point central (10 ms lag, 50 ms lookahead)",10.0,50.0,50.0,full,0.0824025224523501,0.043577757083329345,0.4361556440435974,110.0,0.06742148121839284,0.11241217798594848,2.8094881014320823,34.81281954535312,6127.512599813601,178.27192250536984,450.03231272886643,677.9201517048931,812.7756221781268,0.05529715762273902,2.289319770910279,24.860288116529706,200.00000000000017,1.083,5.301779999999915,2.236059999999994
4.1,48.0,400.0,csv,"3-point central (10 ms lag, 50 ms lookahead)",10.0,50.0,50.0,full,0.044386306595568206,0.023840905191031794,0.28327332971581975,60.0,0.0349456578972013,0.10070257611241218,2.9278952380135896,45.39126494386904,7727.401081249281,122.68562722128584,259.0014634328466,407.2421803655305,527.8165397960727,0.10129198966408269,2.3095117121342437,32.42882255811133,400.00000000000017,1.084,10.661659999999891,8.235219999999975
4.1,48.0,800.0,csv,"3-point central (10 ms lag, 50 ms lookahead)",10.0,50.0,50.0,full,0.04844124581535795,0.024178437357487776,0.31244985582314,50.0,0.04359596824331141,0.08618266978922717,3.287875878510677,47.999999519999996,9225.426764639504,93.28893462587871,209.55346035672403,291.5019058399382,407.82597982806476,0.18449612403100776,3.3489540496395858,48.0,800.0000000000003,1.084,11.457499999999982,5.039999999999964
4.1,48.0,1600.0,csv,"3-point central (10 ms lag, 50 ms lookahead)",10.0,50.0,50.0,full,0.02993940111686406,0.015394645387258554,0.15503590476402948,10.0,0.029560351997326453,0.08430913348946135,3.6103726691094122,47.999999519999996,9599.999903999995,64.14984706459529,142.93454482117056,235.76679927279466,284.21088531235466,0.36640826873385013,3.4111800417267726,48.0,1600.0000000000002,1.125,21.125,12.165839999999982
4.1,48.0,3200.0,csv,"3-point central (10 ms lag, 50 ms lookahead)",10.0,50.0,50.0,full,0.021491193367131317,0.010361935618060238,0.13777361951536843,0.0,0.021491193367131317,0.08337236533957845,3.799339664049618,47.999999519999996,9599.999903999995,50.0,105.3327927010965,193.89265146551844,260.448579451287,0.5974160206718346,3.415594996685445,48.0,3200.0,1.084,15.593779999999915,10.17543999999988
4.1,48.0,6400.0,csv,"3-point central (10 ms lag, 50 ms lookahead)",10.0,50.0,50.0,full,0.012277876834206088,0.00612575074125834,0.09529816277929554,0.0,0.012277876834206088,0.08337236533957845,3.9384590721566255,47.999999519999996,9599.999903999995,50.0,83.68082118278991,150.71665384152726,212.3955260446443,0.7555555555555555,2.6198229981369523,48.00000000000001,6400.0,1.125,13.805439999999988,10.676779999999916
4.1,48.0,12800.0,csv,"3-point central (10 ms lag, 50 ms lookahead)",10.0,50.0,50.0,full,0.009305202550558795,0.0047747597101401845,0.0635351263742982,0.0,0.009305202550558795,0.08337236533957845,4.01601707336324,47.999999519999996,9599.999903999995,50.0,71.31974931233987,133.48213233407606,205.70297184018298,0.8180878552971577,2.314026553894607,48.00000000000001,9600.0,1.125,10.746999999999927,9.691879999999939
4.1,48.0,19200.0,csv,"3-point central (10 ms lag, 50 ms lookahead)",10.0,50.0,50.0,full,0.00915361153031347,0.004652144539595257,0.06297707963420612,0.0,0.00915361153031347,0.08337236533957845,4.0432494954661005,47.999999519999996,9599.999903999995,50.0,68.22668824778528,132.6019181818834,202.579570053693,0.827906976744186,2.2895517564464183,48.000000000000014,9600.0,1.084,14.47027999999997,6.818559999999976
4.1,48.0,25600.0,csv,"3-point central (10 ms lag, 50 ms lookahead)",10.0,50.0,50.0,full,0.009165703640751664,0.004629919714938885,0.0653943748095916,0.0,0.009165703640751664,0.08337236533957845,4.057144085076248,47.999999519999996,9599.999903999995,50.0,66.45588069516354,132.6278777328862,200.74364833330864,0.834625322997416,2.281750107755168,48.00000000000001,9600.0,1.125,16.193219999999975,10.176779999999916
4.1,48.0,38400.0,csv,"3-point central (10 ms lag, 50 ms lookahead)",10.0,50.0,50.0,full,0.009273387528404516,0.0046290975698057915,0.06981381249391289,0.0,0.009273387528404516,0.08337236533957845,4.071230649065408,47.999999519999996,9599.999903999995,50.0,65.08749767539899,131.75694287091778,198.9016698320928,0.8423772609819121,2.273816219200675,48.00000000000001,9600.0,1.084,11.777719999999993,7.356879999999903
4.1,48.0,51200.0,csv,"3-point central (10 ms lag, 50 ms lookahead)",10.0,50.0,50.0,full,0.00902320646195134,0.004567380931596186,0.06780858126226602,0.0,0.00902320646195134,0.08337236533957845,4.078347484192436,47.999999519999996,9599.999903999995,50.0,64.92967569626596,131.41005177769188,197.98322631687387,0.8439276485788114,2.2703286423825886,48.00000000000001,9600.0,1.125,14.897219999999866,9.05427999999997
4.1,52.0,20.0,csv,"3-point central (10 ms lag, 50 ms lookahead)",10.0,50.0,50.0,full,1.0975835829097071,0.8277317178570655,2.4553447884794775,1000.0,1.009412390209729,0.22716627634660422,2.236175337423507,12.800979504077658,2353.1414793248346,1674.7450053776836,2669.464206455209,3293.273613681915,3783.7867979150524,0.007235142118863049,4.1,11.366563733831754,20.000000000000018,1.166,17.249499999999983,10.679779999999989
4.1,52.0,41.0,csv,"3-point central (10 ms lag, 50 ms lookahead)",10.0,50.0,50.0,full,0.45882421975832954,0.2958108405137249,1.6323825861136787,300.0,0.4489439479276384,0.1765807962529274,2.5341160475094355,18.050723531431167,3239.7752692898425,889.9572200730541,1607.2280994391415,2146.187808433209,2286.557565944853,0.011886304909560724,3.7697829978995316,16.393456659999053,41.000000000000014,1.25,19.943559999999977,8.901059999999957
4.1,52.0,80.0,csv,"3-point central (10 ms lag, 50 ms lookahead)",10.0,50.0,50.0,full,0.2546980173355169,0.14592599179693036,0.9246437039723548,400.0,0.18658501401642427,0.14426229508196722,2.788264551387058,24.337136786747056,4301.531466754743,420.02528612051407,974.3894686973916,1340.9357533348066,1503.192107831011,0.023255813953488372,3.4035247608002646,19.66561811536525,80.00000000000007,1.167,16.109059999999957,9.881279999999824
4.1,52.0,200.0,csv,"3-point central (10 ms lag, 50 ms lookahead)",10.0,50.0,50.0,full,0.0824025224523501,0.043577757083329345,0.4361556440435974,110.0,0.06742148121839284,0.11241217798594848,2.8094881014320823,34.81281954535312,6127.512599813601,178.27192250536984,450.03231272886643,677.9201517048931,812.7756221781268,0.05529715762273902,2.289319770910279,24.860288116529706,200.00000000000017,1.125,24.664999999999964,11.634279999999897
4.1,52.0,400.0,csv,"3-point central (10 ms lag, 50 ms lookahead)",10.0,50.0,50.0,full,0.04449365917754688,0.024136026130632208,0.28327332976015895,60.0,0.0350809373565614,0.10070257611241218,2.9278952380135896,45.39126494386904,7727.401081249281,124.24051086818312,259.0014634328466,407.2421803655305,527.8165397960727,0.09457364341085271,2.3095097020917557,32.42882255811133,400.00000000000017,1.208,64.69449999999969,13.471779999999988
4.1,52.0,800.0,csv,"3-point central (10 ms lag, 50 ms lookahead)",10.0,50.0,50.0,full,0.04063366440689512,0.02187227956562408,0.2233650730270288,40.0,0.03654270543330761,0.08524590163934426,3.287875878510677,51.99999947999999,9277.499131774823,95.69967523527724,199.0679089869028,286.2248116323616,404.653262295311,0.18242894056847545,3.262579898231211,52.0,800.0000000000003,1.167,15.707499999999982,11.356219999999903
4.1,52.0,1600.0,csv,"3-point central (10 ms lag, 50 ms lookahead)",10.0,50.0,50.0,full,0.03233046243494595,0.016318889155179126,0.1589307960426292,10.0,0.03210174996912405,0.08149882903981265,3.6103726691094122,51.99999948,10272.054187702419,63.51084032887314,142.43806945566558,231.02041986011528,273.4430782838786,0.3689922480620155,3.4120300999370845,52.0,1600.0000000000002,1.167,15.943719999999994,9.01227999999997
4.1,52.0,3200.0,csv,"3-point central (10 ms lag, 50 ms lookahead)",10.0,50.0,50.0,full,0.01947172292622971,0.009594376581346757,0.11506171621003124,0.0,0.01947172292622971,0.08009367681498829,3.799339664049618,51.99999948,10399.999895999994,50.0,103.20248607063833,186.05759359105124,240.90459807351584,0.5979328165374677,3.0654936547832796,52.0,3200.0,1.125,16.664999999999964,12.193219999999975
4.1,52.0,6400.0,csv,"3-point central (10 ms lag, 50 ms lookahead)",10.0,50.0,50.0,full,0.015808204172300305,0.007261494352277607,0.12285666014418281,0.0,0.015808204172300305,0.08009367681498829,3.9384590721566255,51.99999948,10399.999895999994,50.0,81.59688147618203,154.64822468809876,206.09367190472196,0.7498708010335917,2.9232279801573537,52.00000000000001,6400.0,1.125,14.414999999999964,10.372499999999945
4.1,52.0,12800.0,csv,"3-point central (10 ms lag, 50 ms lookahead)",10.0,50.0,50.0,full,0.008207715564251674,0.004529191760508094,0.05757539656305968,0.0,0.008207715564251674,0.08009367681498829,4.01601707336324,51.99999948,10399.999895999994,50.0,67.75877332384228,127.1590364175216,200.6165399781974,0.8315245478036176,2.3087780769235877,52.000000000000014,10400.000000000002,1.084,9.319059999999993,7.302279999999933
4.1,52.0,19200.0,csv,"3-point central (10 ms lag, 50 ms lookahead)",10.0,50.0,50.0,full,0.008008788917880016,0.004317511337159012,0.058168075868134606,0.0,0.008008788917880016,0.08009367681498829,4.0432494954661005,51.99999948,10399.999895999994,50.0,65.29816361666558,127.4073443234646,196.1920183816011,0.8397932816537468,2.292385104244443,52.000000000000014,10400.0,1.084,6.359559999999976,5.7592799999998965
4.1,52.0,25600.0,csv,"3-point central (10 ms lag, 50 ms lookahead)",10.0,50.0,50.0,full,0.008597819224779804,0.004497934167413482,0.06106109878816743,0.0,0.008597819224779804,0.08009367681498829,4.057144085076248,51.99999948,10399.999895999994,50.0,63.828391192805185,128.47208673320915,193.86240209074896,0.8449612403100775,2.2840022610004063,52.000000000000014,10400.0,1.084,3.9149999999999636,2.986059999999994
4.1,52.0,38400.0,csv,"3-point central (10 ms lag, 50 ms lookahead)",10.0,50.0,50.0,full,0.008606103574623923,0.00447073923612689,0.06384955165891311,0.0,0.008606103574623923,0.08009367681498829,4.071230649065408,51.99999948,10399.999895999994,50.0,62.6372472402468,128.29600074409376,191.91382266428332,0.8516795865633074,2.3186569964698944,52.000000000000014,10400.0,1.084,7.735219999999976,4.289999999999964
4.1,52.0,51200.0,csv,"3-point central (10 ms lag, 50 ms lookahead)",10.0,50.0,50.0,full,0.008591989712191953,0.0044464031939685815,0.06521848338770717,0.0,0.008591989712191953,0.08009367681498829,4.078347484192436,51.99999948,10399.999895999994,50.0,62.37830173596814,127.73951231810213,190.94393354582286,0.8542635658914729,2.342101991430859,52.000000000000014,10400.0,1.125,8.84593999999997,6.5929399999998965
4.1,56.0,20.0,csv,"3-point central (10 ms lag, 50 ms lookahead)",10.0,50.0,50.0,full,1.0975835829097071,0.8277317178570655,2.4553447884794775,1000.0,1.009412390209729,0.22716627634660422,2.236175337423507,12.800979504077658,2353.1414793248346,1674.7450053776836,2669.464206455209,3293.273613681915,3783.7867979150524,0.007235142118863049,4.1,11.366563733831754,20.000000000000018,1.125,15.721439999999989,7.541159999999982
4.1,56.0,41.0,csv,"3-point central (10 ms lag, 50 ms lookahead)",10.0,50.0,50.0,full,0.45882421975832954,0.2958108405137249,1.6323825861136787,300.0,0.4489439479276384,0.1765807962529274,2.5341160475094355,18.050723531431167,3239.7752692898425,889.9572200730541,1607.2280994391415,2146.187808433209,2286.557565944853,0.011886304909560724,3.7697829978995316,16.393456659999053,41.000000000000014,1.125,13.860219999999975,6.594279999999933
4.1,56.0,80.0,csv,"3-point central (10 ms lag, 50 ms lookahead)",10.0,50.0,50.0,full,0.2546980173355169,0.14592599179693036,0.9246437039723548,400.0,0.18658501401642427,0.14426229508196722,2.788264551387058,24.337136786747056,4301.531466754743,420.02528612051407,974.3894686973916,1340.9357533348066,1503.192107831011,0.023255813953488372,3.4035247608002646,19.66561811536525,80.00000000000007,1.125,15.527059999999993,7.344279999999933
4.1,56.0,200.0,csv,"3-point central (10 ms lag, 50 ms lookahead)",10.0,50.0,50.0,full,0.0824025224523501,0.043577757083329345,0.4361556440435974,110.0,0.06742148121839284,0.11241217798594848,2.8094881014320823,34.81281954535312,6127.512599813601,178.27192250536984,450.03231272886643,677.9201517048931,812.7756221781268,0.05529715762273902,2.289319770910279,24.860288116529706,200.00000000000017,1.167,21.125,11.997499999999945
4.1,56.0,400.0,csv,"3-point central (10 ms lag, 50 ms lookahead)",10.0,50.0,50.0,full,0.04449365917754688,0.024136026130632208,0.28327332976015895,60.0,0.0350809373565614,0.10070257611241218,2.9278952380135896,45.39126494386904,7727.401081249281,124.24051086818312,259.0014634328466,407.2421803655305,527.8165397960727,0.09457364341085271,2.3095097020917557,32.42882255811133,400.00000000000017,1.166,17.332499999999982,9.413339999999927
4.1,56.0,800.0,csv,"3-point central (10 ms lag, 50 ms lookahead)",10.0,50.0,50.0,full,0.049838039927940905,0.025086593677528524,0.30950934990839973,50.0,0.04395983786559205,0.08430913348946135,3.287875878510677,55.49783645557765,9280.34749169186,95.56535371450393,208.9884495569212,287.8702062851995,390.9303790478561,0.18397932816537468,3.3252457041890517,56.0,800.0000000000003,1.125,12.277719999999993,7.777719999999994
4.1,56.0,1600.0,csv,"3-point central (10 ms lag, 50 ms lookahead)",10.0,50.0,50.0,full,0.03578391182024899,0.018259576288140938,0.1576921888820963,10.0,0.035288123172754884,0.07915690866510539,3.6103726691094122,55.999999439999996,10671.650785442496,63.94156543932994,148.42557003011277,238.1699338477327,276.4719196588765,0.36847545219638245,3.6031308053439393,56.0,1600.0000000000002,1.167,16.123839999999984,8.177279999999934
4.1,56.0,3200.0,csv,"3-point central (10 ms lag, 50 ms lookahead)",10.0,50.0,50.0,full,0.024287105211876995,0.01145589248640023,0.18870485533447287,0.0,0.024287105211876995,0.07728337236533958,3.799339664049618,55.999999439999996,11164.10976338342,50.0,106.04350043693603,183.91452554688095,243.91231011699736,0.5767441860465117,3.6825994726802525,56.0,3200.0,1.125,17.569059999999993,10.207499999999982
4.1,56.0,6400.0,csv,"3-point central (10 ms lag, 50 ms lookahead)",10.0,50.0,50.0,full,0.01563977244075506,0.007273517942590453,0.12005712126258741,0.0,0.01563977244075506,0.07728337236533958,3.9384590721566255,55.999999439999996,11199.999887999991,50.0,82.2258652577507,143.86962008149615,200.7235125052107,0.765374677002584,3.0846614145118796,56.00000000000001,6400.0,1.125,14.63793999999997,8.986059999999993
4.1,56.0,12800.0,csv,"3-point central (10 ms lag, 50 ms lookahead)",10.0,50.0,50.0,full,0.00800095843591152,0.004487364279376713,0.05975801545638937,0.0,0.00800095843591152,0.07728337236533958,4.01601707336324,55.999999439999996,11199.999887999991,50.0,67.53187773044328,120.99545498859914,195.23271670787477,0.8392764857881136,2.3698119519209913,56.000000000000014,11200.000000000002,1.125,5.521559999999867,3.707499999999982
4.1,56.0,19200.0,csv,"3-point central (10 ms lag, 50 ms lookahead)",10.0,50.0,50.0,full,0.007815252749544819,0.004313207810445891,0.056145759111162256,0.0,0.007815252749544819,0.07728337236533958,4.0432494954661005,55.999999439999996,11199.999887999991,50.0,64.10583481232148,121.3186556820382,191.45017430513786,0.8490956072351421,2.296295791855569,56.000000000000014,11200.000000000002,1.125,20.81655999999994,12.357219999999902
4.1,56.0,25600.0,csv,"3-point central (10 ms lag, 50 ms lookahead)",10.0,50.0,50.0,full,0.007806989222821091,0.004272346199916286,0.05701034803404388,0.0,0.007806989222821091,0.07728337236533958,4.057144085076248,55.999999439999996,11199.999887999991,50.0,62.56402512633136,120.28370246144671,188.21360389973182,0.8552971576227391,2.2968697052734504,56.000000000000014,11200.000000000002,1.084,8.52021999999983,4.666499999999981
4.1,56.0,38400.0,csv,"3-point central (10 ms lag, 50 ms lookahead)",10.0,50.0,50.0,full,0.007859492105059198,0.004256805334125455,0.060220122009380345,0.0,0.007859492105059198,0.07728337236533958,4.071230649065408,55.999999439999996,11199.999887999993,50.0,60.852063022496196,119.59650859572027,186.1606480041209,0.8604651162790697,2.3146081437602017,56.00000000000001,11200.0,1.167,23.217059999999595,18.16977999999977
4.1,56.0,51200.0,csv,"3-point central (10 ms lag, 50 ms lookahead)",10.0,50.0,50.0,full,0.007855480180554637,0.00423930477384855,0.061819178029568614,0.0,0.007855480180554637,0.07728337236533958,4.078347484192436,55.999999439999996,11199.999887999993,50.0,60.344413035860796,119.42936193498721,185.14345656856088,0.8630490956072352,2.3219937485980475,56.000000000000014,11200.000000000002,1.25,70.13687999999965,38.77687999999998
4.1,58.0,20.0,csv,"3-point central (10 ms lag, 50 ms lookahead)",10.0,50.0,50.0,full,1.0975835829097071,0.8277317178570655,2.4553447884794775,1000.0,1.009412390209729,0.22716627634660422,2.236175337423507,12.800979504077658,2353.1414793248346,1674.7450053776836,2669.464206455209,3293.273613681915,3783.7867979150524,0.007235142118863049,4.1,11.366563733831754,20.000000000000018,1.375,26.31799999999967,12.35771999999992
4.1,58.0,41.0,csv,"3-point central (10 ms lag, 50 ms lookahead)",10.0,50.0,50.0,full,0.45882421975832954,0.2958108405137249,1.6323825861136787,300.0,0.4489439479276384,0.1765807962529274,2.5341160475094355,18.050723531431167,3239.7752692898425,889.9572200730541,1607.2280994391415,2146.187808433209,2286.557565944853,0.011886304909560724,3.7697829978995316,16.393456659999053,41.000000000000014,1.208,21.958939999999714,11.234059999999957
4.1,58.0,80.0,csv,"3-point central (10 ms lag, 50 ms lookahead)",10.0,50.0,50.0,full,0.2546980173355169,0.14592599179693036,0.9246437039723548,400.0,0.18658501401642427,0.14426229508196722,2.788264551387058,24.337136786747056,4301.531466754743,420.02528612051407,974.3894686973916,1340.9357533348066,1503.192107831011,0.023255813953488372,3.4035247608002646,19.66561811536525,80.00000000000007,1.167,18.08561999999975,9.272059999999884
4.1,58.0,200.0,csv,"3-point central (10 ms lag, 50 ms lookahead)",10.0,50.0,50.0,full,0.0824025224523501,0.043577757083329345,0.4361556440435974,110.0,0.06742148121839284,0.11241217798594848,2.8094881014320823,34.81281954535312,6127.512599813601,178.27192250536984,450.03231272886643,677.9201517048931,812.7756221781268,0.05529715762273902,2.289319770910279,24.860288116529706,200.00000000000017,1.125,15.777719999999993,8.0
4.1,58.0,400.0,csv,"3-point central (10 ms lag, 50 ms lookahead)",10.0,50.0,50.0,full,0.04449365917754688,0.024136026130632208,0.28327332976015895,60.0,0.0350809373565614,0.10070257611241218,2.9278952380135896,45.39126494386904,7727.401081249281,124.24051086818312,259.0014634328466,407.2421803655305,527.8165397960727,0.09457364341085271,2.3095097020917557,32.42882255811133,400.00000000000017,1.084,6.827999999999891,3.444719999999994
4.1,58.0,800.0,csv,"3-point central (10 ms lag, 50 ms lookahead)",10.0,50.0,50.0,full,0.03942492219212919,0.021065356717992118,0.23073101349938724,30.0,0.03602862729393033,0.08430913348946135,3.287875878510677,55.49783645557765,9280.34749169186,93.79693550599144,201.01621568990447,286.6232285059519,409.4353542231157,0.18397932816537468,3.1995176879399994,58.0,800.0000000000003,1.084,13.034999999999854,7.231059999999885
4.1,58.0,1600.0,csv,"3-point central (10 ms lag, 50 ms lookahead)",10.0,50.0,50.0,full,0.03246395184078815,0.016879906827344103,0.16778130496429827,10.0,0.03218385500127728,0.07915690866510539,3.6103726691094122,57.999999419999995,10748.629254415491,64.92308629346252,144.50303284271936,226.79746139930086,273.86496736765577,0.3581395348837209,3.3568054642886236,58.0,1600.0000000000002,1.125,15.763119999999988,9.943719999999994
4.1,58.0,3200.0,csv,"3-point central (10 ms lag, 50 ms lookahead)",10.0,50.0,50.0,full,0.02109380329448185,0.01013792972056711,0.12445346625378845,0.0,0.02109380329448185,0.07728337236533958,3.799339664049618,57.999999419999995,11364.109761383417,50.0,101.7585564409009,170.30995460917805,212.1272058807605,0.5968992248062015,3.43067944054961,58.0,3200.0000000000005,1.125,19.083,11.219779999999952
4.1,58.0,6400.0,csv,"3-point central (10 ms lag, 50 ms lookahead)",10.0,50.0,50.0,full,0.016981909738251696,0.007768813380751643,0.12626820840117456,0.0,0.016981909738251696,0.07728337236533958,3.9384590721566255,57.999999419999995,11599.999883999993,50.0,81.26562797589948,146.7467132053258,202.37428827399557,0.758656330749354,3.186333005102452,58.00000000000001,6400.0,1.125,24.302279999999932,15.151059999999957
4.1,58.0,12800.0,csv,"3-point central (10 ms lag, 50 ms lookahead)",10.0,50.0,50.0,full,0.008167282493942708,0.004593300376168658,0.06091160657369614,0.0,0.008167282493942708,0.07634660421545668,4.01601707336324,57.999999419999995,11599.999883999993,50.0,66.59620723061623,119.50409133544453,192.47082401617186,0.841343669250646,2.4030185093382106,58.000000000000014,11600.000000000002,1.125,16.31205999999985,14.400219999999939
4.1,58.0,19200.0,csv,"3-point central (10 ms lag, 50 ms lookahead)",10.0,50.0,50.0,full,0.008052576086486497,0.004398727368920917,0.05715185313110246,0.0,0.008052576086486497,0.07634660421545668,4.0432494954661005,57.999999419999995,11599.999883999993,50.0,63.908298059063675,119.6388499007859,189.02612990730483,0.8511627906976744,2.366940941214092,58.000000000000014,11600.000000000002,1.125,12.929559999999686,8.690219999999902
4.1,58.0,25600.0,csv,"3-point central (10 ms lag, 50 ms lookahead)",10.0,50.0,50.0,full,0.007779202853943027,0.004249578098897981,0.055564530167645974,0.0,0.007779202853943027,0.07634660421545668,4.057144085076248,57.999999419999995,11599.999883999993,50.0,61.96525750828912,118.31972870075157,186.13614531153777,0.8573643410852713,2.319568104336424,58.000000000000014,11600.000000000002,1.084,11.789999999999964,7.716779999999879
4.1,58.0,38400.0,csv,"3-point central (10 ms lag, 50 ms lookahead)",10.0,50.0,50.0,full,0.007579020469459171,0.004149210465074565,0.05840512587349342,0.0,0.007579020469459171,0.07634660421545668,4.071230649065408,57.999999419999995,11599.999883999993,50.0,60.470866339690275,116.01014196748409,183.66538400569962,0.8645994832041344,2.3269897716351147,58.000000000000014,11600.0,1.125,9.659499999999836,4.651559999999976
4.1,58.0,51200.0,csv,"3-point central (10 ms lag, 50 ms lookahead)",10.0,50.0,50.0,full,0.0075333689060252985,0.004121743244763116,0.060116057064498185,0.0,0.0075333689060252985,0.07634660421545668,4.078347484192436,57.999999419999995,11599.999883999993,50.0,60.13271401486137,115.05549683290253,182.62612528079026,0.8671834625322997,2.3352864018435606,58.000000000000014,11600.0,1.125,13.332499999999982,8.263779999999988
4.1,59.0,20.0,csv,"3-point central (10 ms lag, 50 ms lookahead)",10.0,50.0,50.0,full,1.0975835829097071,0.8277317178570655,2.4553447884794775,1000.0,1.009412390209729,0.22716627634660422,2.236175337423507,12.800979504077658,2353.1414793248346,1674.7450053776836,2669.464206455209,3293.273613681915,3783.7867979150524,0.007235142118863049,4.1,11.366563733831754,20.000000000000018,1.125,15.647719999999884,9.027059999999993
4.1,59.0,41.0,csv,"3-point central (10 ms lag, 50 ms lookahead)",10.0,50.0,50.0,full,0.45882421975832954,0.2958108405137249,1.6323825861136787,300.0,0.4489439479276384,0.1765807962529274,2.5341160475094355,18.050723531431167,3239.7752692898425,889.9572200730541,1607.2280994391415,2146.187808433209,2286.557565944853,0.011886304909560724,3.7697829978995316,16.393456659999053,41.000000000000014,1.084,11.928439999999952,5.955499999999946
4.1,59.0,80.0,csv,"3-point central (10 ms lag, 50 ms lookahead)",10.0,50.0,50.0,full,0.2546980173355169,0.14592599179693036,0.9246437039723548,400.0,0.18658501401642427,0.14426229508196722,2.788264551387058,24.337136786747056,4301.531466754743,420.02528612051407,974.3894686973916,1340.9357533348066,1503.192107831011,0.023255813953488372,3.4035247608002646,19.66561811536525,80.00000000000007,1.084,3.791499999999982,2.04166
4.1,59.0,200.0,csv,"3-point central (10 ms lag, 50 ms lookahead)",10.0,50.0,50.0,full,0.0824025224523501,0.043577757083329345,0.4361556440435974,110.0,0.06742148121839284,0.11241217798594848,2.8094881014320823,34.81281954535312,6127.512599813601,178.27192250536984,450.03231272886643,677.9201517048931,812.7756221781268,0.05529715762273902,2.289319770910279,24.860288116529706,200.00000000000017,1.084,3.304779999999988,2.2777199999999937
4.1,59.0,400.0,csv,"3-point central (10 ms lag, 50 ms lookahead)",10.0,50.0,50.0,full,0.04449365917754688,0.024136026130632208,0.28327332976015895,60.0,0.0350809373565614,0.10070257611241218,2.9278952380135896,45.39126494386904,7727.401081249281,124.24051086818312,259.0014634328466,407.2421803655305,527.8165397960727,0.09457364341085271,2.3095097020917557,32.42882255811133,400.00000000000017,1.084,11.069379999999994,4.471279999999969
4.1,59.0,800.0,csv,"3-point central (10 ms lag, 50 ms lookahead)",10.0,50.0,50.0,full,0.049940253171009655,0.02493005533213081,0.30853353859922505,50.0,0.044401294665799715,0.08430913348946135,3.287875878510677,55.49783645557765,9280.34749169186,94.11452130710444,210.65044423302288,289.1398615932144,414.45111538617556,0.19948320413436693,3.3172633953270654,59.0,800.0000000000003,1.125,15.29166,6.5114399999999515
4.1,59.0,1600.0,csv,"3-point central (10 ms lag, 50 ms lookahead)",10.0,50.0,50.0,full,0.037080518881362226,0.018603423786834584,0.18667185388361562,10.0,0.0365262051200929,0.07868852459016394,3.6103726691094122,58.999999409999994,10748.629254415491,65.42872727489166,150.5787708017004,229.05606157639994,286.41568301983386,0.3612403100775194,3.4108899744420347,59.0,1600.0000000000002,1.084,17.577499999999873,7.442219999999939
4.1,59.0,3200.0,csv,"3-point central (10 ms lag, 50 ms lookahead)",10.0,50.0,50.0,full,0.020595588275819175,0.010270528727208178,0.13476553428333066,0.0,0.020595588275819175,0.07634660421545668,3.799339664049618,58.999999409999994,11463.650989380556,50.0,100.75756331391506,166.39690994800299,210.1285281040795,0.57984496124031,3.4628904757929364,59.0,3200.0,1.125,15.830999999999964,10.846779999999988
4.1,59.0,6400.0,csv,"3-point central (10 ms lag, 50 ms lookahead)",10.0,50.0,50.0,full,0.018747219534040592,0.008405671403191903,0.1294418350495195,0.0,0.018747219534040592,0.07634660421545668,3.9384590721566255,58.999999409999994,11790.677345035574,50.0,83.58472680208752,151.96102163949624,222.95214434261808,0.7550387596899225,3.3927272003577094,59.00000000000001,6400.0,1.167,27.29855999999954,17.485219999999977
4.1,59.0,12800.0,csv,"3-point central (10 ms lag, 50 ms lookahead)",10.0,50.0,50.0,full,0.008345063337951306,0.004689582430645883,0.061503091968813664,0.0,0.008345063337951306,0.07540983606557378,4.01601707336324,58.999999409999994,11799.999881999991,50.0,67.44135252656224,120.23234231473427,191.10105922016763,0.8403100775193798,2.4192900696501747,59.000000000000014,11800.0,1.125,17.837279999999787,14.748839999999982
4.1,59.0,19200.0,csv,"3-point central (10 ms lag, 50 ms lookahead)",10.0,50.0,50.0,full,0.008210004031723886,0.004458351376864012,0.06162197090482488,0.0,0.008210004031723886,0.07540983606557378,4.0432494954661005,58.999999409999994,11799.999881999991,50.0,63.54786121921795,118.55603910925794,187.8073655238665,0.8521963824289406,2.4413094167133664,59.000000000000014,11800.000000000002,1.125,11.622499999999945,5.304779999999988
4.1,59.0,25600.0,csv,"3-point central (10 ms lag, 50 ms lookahead)",10.0,50.0,50.0,full,0.007654307850859908,0.004242657493649035,0.056038819497086174,0.0,0.007654307850859908,0.07540983606557378,4.057144085076248,58.999999409999994,11799.999881999991,50.0,61.55144906854097,116.88756679216687,185.232666330642,0.8589147286821706,2.314832432257351,59.000000000000014,11800.000000000002,1.084,10.261279999999934,5.8054399999999875
4.1,59.0,38400.0,csv,"3-point central (10 ms lag, 50 ms lookahead)",10.0,50.0,50.0,full,0.00753314902085799,0.004160550110901625,0.057490727807433833,0.0,0.00753314902085799,0.07540983606557378,4.071230649065408,58.999999409999994,11799.999881999991,50.0,60.457544828220676,115.3173484499379,182.501490737532,0.8661498708010336,2.33321333814435,59.000000000000014,11800.0,1.084,11.148719999999921,4.952499999999873
4.1,59.0,51200.0,csv,"3-point central (10 ms lag, 50 ms lookahead)",10.0,50.0,50.0,full,0.007493914546189351,0.004134478516452429,0.059257447978555075,0.0,0.007493914546189351,0.07540983606557378,4.078347484192436,58.999999409999994,11799.999881999991,50.0,59.4772224010172,114.54546725420902,181.45159426264328,0.868733850129199,2.3422188700663464,59.00000000000001,11800.0,1.084,7.871999999999927,5.581659999999964
4.1,60.0,20.0,csv,"3-point central (10 ms lag, 50 ms lookahead)",10.0,50.0,50.0,full,1.0975835829097071,0.8277317178570655,2.4553447884794775,1000.0,1.009412390209729,0.22716627634660422,2.236175337423507,12.800979504077658,2353.1414793248346,1674.7450053776836,2669.464206455209,3293.273613681915,3783.7867979150524,0.007235142118863049,4.1,11.366563733831754,20.000000000000018,1.125,14.902719999999993,6.913659999999927
4.1,60.0,41.0,csv,"3-point central (10 ms lag, 50 ms lookahead)",10.0,50.0,50.0,full,0.45882421975832954,0.2958108405137249,1.6323825861136787,300.0,0.4489439479276384,0.1765807962529274,2.5341160475094355,18.050723531431167,3239.7752692898425,889.9572200730541,1607.2280994391415,2146.187808433209,2286.557565944853,0.011886304909560724,3.7697829978995316,16.393456659999053,41.000000000000014,1.125,16.70299999999989,6.1804399999999875
4.1,60.0,80.0,csv,"3-point central (10 ms lag, 50 ms lookahead)",10.0,50.0,50.0,full,0.2546980173355169,0.14592599179693036,0.9246437039723548,400.0,0.18658501401642427,0.14426229508196722,2.788264551387058,24.337136786747056,4301.531466754743,420.02528612051407,974.3894686973916,1340.9357533348066,1503.192107831011,0.023255813953488372,3.4035247608002646,19.66561811536525,80.00000000000007,1.208,16.13343999999988,8.480719999999884
4.1,60.0,200.0,csv,"3-point central (10 ms lag, 50 ms lookahead)",10.0,50.0,50.0,full,0.0824025224523501,0.043577757083329345,0.4361556440435974,110.0,0.06742148121839284,0.11241217798594848,2.8094881014320823,34.81281954535312,6127.512599813601,178.27192250536984,450.03231272886643,677.9201517048931,812.7756221781268,0.05529715762273902,2.289319770910279,24.860288116529706,200.00000000000017,1.209,29.70677999999966,17.789999999999964
4.1,60.0,400.0,csv,"3-point central (10 ms lag, 50 ms lookahead)",10.0,50.0,50.0,full,0.04449365917754688,0.024136026130632208,0.28327332976015895,60.0,0.0350809373565614,0.10070257611241218,2.9278952380135896,45.39126494386904,7727.401081249281,124.24051086818312,259.0014634328466,407.2421803655305,527.8165397960727,0.09457364341085271,2.3095097020917557,32.42882255811133,400.00000000000017,1.125,12.483219999999939,6.069379999999994
4.1,60.0,800.0,csv,"3-point central (10 ms lag, 50 ms lookahead)",10.0,50.0,50.0,full,0.042601805527652824,0.02211790594772155,0.23073101349938724,40.0,0.03794138706797189,0.08430913348946135,3.287875878510677,55.49783645557765,9280.34749169186,92.39997995327634,199.59188265581088,289.143626654877,415.02085961457163,0.2036175710594315,3.2870835478450697,59.1991469376356,800.0000000000003,1.084,11.777219999999975,7.109559999999976
4.1,60.0,1600.0,csv,"3-point central (10 ms lag, 50 ms lookahead)",10.0,50.0,50.0,full,0.034240949607554166,0.017446858325035695,0.18824082397718706,10.0,0.033759380941816686,0.07868852459016394,3.6103726691094122,59.9999994,10748.629254415491,65.94160629466364,149.77385451086622,223.70406577575045,290.1091274680296,0.3607235142118863,3.243292944512739,60.0,1600.0000000000002,1.084,12.411439999999587,5.414999999999964
4.1,60.0,3200.0,csv,"3-point central (10 ms lag, 50 ms lookahead)",10.0,50.0,50.0,full,0.02186092390907928,0.010252989933600486,0.152194907667847,0.0,0.02186092390907928,0.07587822014051522,3.799339664049618,59.9999994,11563.65098838056,50.0,99.26461962469673,163.7594994879097,240.76108073190235,0.5829457364341085,3.490767871071544,60.0,3200.0,1.125,20.77605999999996,10.138439999999989
4.1,60.0,6400.0,csv,"3-point central (10 ms lag, 50 ms lookahead)",10.0,50.0,50.0,full,0.017016662570908895,0.007686954720403957,0.1325780890205209,0.0,0.017016662570908895,0.07587822014051522,3.9384590721566255,59.9999994,11890.677344035577,50.0,80.84072863469989,150.04707691206175,202.46438513270303,0.765374677002584,3.2312211041355856,60.00000000000001,6400.0,1.125,7.914999999999964,5.401559999999976
4.1,60.0,12800.0,csv,"3-point central (10 ms lag, 50 ms lookahead)",10.0,50.0,50.0,full,0.008490550263513998,0.004729377839434265,0.062099564642477914,0.0,0.008490550263513998,0.07494145199063232,4.01601707336324,59.9999994,11999.999879999992,50.0,67.20333441211439,119.0397663725466,189.7392810926082,0.8418604651162791,2.4353412198330884,60.000000000000014,12000.0,1.125,13.039999999999964,7.874499999999982
4.1,60.0,19200.0,csv,"3-point central (10 ms lag, 50 ms lookahead)",10.0,50.0,50.0,full,0.007970450373319463,0.004434278713853181,0.058175177523289164,0.0,0.007970450373319463,0.07494145199063232,4.0432494954661005,59.9999994,11999.999879999992,50.0,63.16780757656236,117.69502454203626,186.58722437654137,0.8542635658914729,2.3010908852029086,60.000000000000014,12000.000000000002,1.125,19.151879999999977,18.86049999999969
4.1,60.0,25600.0,csv,"3-point central (10 ms lag, 50 ms lookahead)",10.0,50.0,50.0,full,0.007655243848498305,0.004287988950167006,0.05651698960326563,0.0,0.007655243848498305,0.07494145199063232,4.057144085076248,59.9999994,11999.999879999992,50.0,61.341131814845944,115.4986718111192,184.3242326336323,0.8614987080103359,2.3199190028325276,60.000000000000014,12000.0,1.125,19.89955999999994,8.25
4.1,60.0,38400.0,csv,"3-point central (10 ms lag, 50 ms lookahead)",10.0,50.0,50.0,full,0.007561430252905431,0.004213073862117899,0.05657334948474407,0.0,0.007561430252905431,0.07494145199063232,4.071230649065408,59.9999994,11999.999879999992,50.0,60.38084695466632,114.55813934972288,181.3896007961316,0.8677002583979329,2.339239416708891,60.000000000000014,12000.000000000002,1.125,16.91666,12.414159999999946
4.1,60.0,51200.0,csv,"3-point central (10 ms lag, 50 ms lookahead)",10.0,50.0,50.0,full,0.007520588935214352,0.00418563989603373,0.058395785342548065,0.0,0.007520588935214352,0.07494145199063232,4.078347484192436,59.9999994,11999.999879999994,50.0,59.675672947880116,113.96942577699937,180.32932804599955,0.8697674418604651,2.349105854014003,60.00000000000001,12000.0,1.125,11.617999999999855,6.900719999999958
4.1,61.0,20.0,csv,"3-point central (10 ms lag, 50 ms lookahead)",10.0,50.0,50.0,full,1.0975835829097071,0.8277317178570655,2.4553447884794775,1000.0,1.009412390209729,0.22716627634660422,2.236175337423507,12.800979504077658,2353.1414793248346,1674.7450053776836,2669.464206455209,3293.273613681915,3783.7867979150524,0.007235142118863049,4.1,11.366563733831754,20.000000000000018,1.125,12.902719999999993,5.081659999999964
4.1,61.0,41.0,csv,"3-point central (10 ms lag, 50 ms lookahead)",10.0,50.0,50.0,full,0.45882421975832954,0.2958108405137249,1.6323825861136787,300.0,0.4489439479276384,0.1765807962529274,2.5341160475094355,18.050723531431167,3239.7752692898425,889.9572200730541,1607.2280994391415,2146.187808433209,2286.557565944853,0.011886304909560724,3.7697829978995316,16.393456659999053,41.000000000000014,1.125,14.975219999999757,7.707499999999982
4.1,61.0,80.0,csv,"3-point central (10 ms lag, 50 ms lookahead)",10.0,50.0,50.0,full,0.2546980173355169,0.14592599179693036,0.9246437039723548,400.0,0.18658501401642427,0.14426229508196722,2.788264551387058,24.337136786747056,4301.531466754743,420.02528612051407,974.3894686973916,1340.9357533348066,1503.192107831011,0.023255813953488372,3.4035247608002646,19.66561811536525,80.00000000000007,1.208,16.617499999999836,10.665499999999982
4.1,61.0,200.0,csv,"3-point central (10 ms lag, 50 ms lookahead)",10.0,50.0,50.0,full,0.0824025224523501,0.043577757083329345,0.4361556440435974,110.0,0.06742148121839284,0.11241217798594848,2.8094881014320823,34.81281954535312,6127.512599813601,178.27192250536984,450.03231272886643,677.9201517048931,812.7756221781268,0.05529715762273902,2.289319770910279,24.860288116529706,200.00000000000017,1.25,40.654999999999745,13.582499999999982
4.1,61.0,400.0,csv,"3-point central (10 ms lag, 50 ms lookahead)",10.0,50.0,50.0,full,0.04449365917754688,0.024136026130632208,0.28327332976015895,60.0,0.0350809373565614,0.10070257611241218,2.9278952380135896,45.39126494386904,7727.401081249281,124.24051086818312,259.0014634328466,407.2421803655305,527.8165397960727,0.09457364341085271,2.3095097020917557,32.42882255811133,400.00000000000017,1.167,17.680219999999686,10.083
4.1,61.0,800.0,csv,"3-point central (10 ms lag, 50 ms lookahead)",10.0,50.0,50.0,full,0.04382519403458184,0.022606012505964772,0.23073101349938724,50.0,0.037980920513554756,0.08430913348946135,3.287875878510677,55.49783645557765,9280.34749169186,93.28893462587871,198.79741642997638,288.2391029692678,414.5054005996225,0.19224806201550387,3.2870835478450697,59.1991469376356,800.0000000000003,1.125,15.707499999999982,8.401059999999957
4.1,61.0,1600.0,csv,"3-point central (10 ms lag, 50 ms lookahead)",10.0,50.0,50.0,full,0.03156635554070061,0.01627984687429259,0.1671569774923897,10.0,0.031236382442291342,0.07868852459016394,3.6103726691094122,60.99999939,10755.049188603922,66.01046985115589,146.96986118529455,222.2134739878843,276.83551041075987,0.3607235142118863,3.2936467948721933,61.0,1600.0000000000002,1.125,13.665499999999982,8.620839999999909
4.1,61.0,3200.0,csv,"3-point central (10 ms lag, 50 ms lookahead)",10.0,50.0,50.0,full,0.021258609811909763,0.009806484829250265,0.19026414660355945,0.0,0.021258609811909763,0.07587822014051522,3.799339664049618,60.99999939,11663.650987380555,50.0,97.50677793466089,162.48998380129882,230.67345466640032,0.5989664082687338,3.5502915246400852,61.0,3200.0,1.125,17.718779999999917,10.831999999999963
4.1,61.0,6400.0,csv,"3-point central (10 ms lag, 50 ms lookahead)",10.0,50.0,50.0,full,0.01687718280281175,0.007775840644235948,0.13571728910457873,0.0,0.01687718280281175,0.07587822014051522,3.9384590721566255,60.99999939,11990.677343035575,50.0,80.21206621618856,144.98559939910427,201.4086636444384,0.765891472868217,3.2452055176898043,61.00000000000001,6400.0,1.208,50.28249999999889,27.63877999999999
4.1,61.0,12800.0,csv,"3-point central (10 ms lag, 50 ms lookahead)",10.0,50.0,50.0,full,0.008682303875966873,0.004776670470600558,0.06270095917183433,0.0,0.008682303875966873,0.07447306791569086,4.01601707336324,60.99999939,12185.154133070335,50.0,66.58520682265879,117.67188845307196,188.38619505561556,0.8423772609819121,2.4511619861013076,61.00000000000001,12200.0,1.125,18.659999999999854,13.564719999999884
4.1,61.0,19200.0,csv,"3-point central (10 ms lag, 50 ms lookahead)",10.0,50.0,50.0,full,0.007820510810229326,0.004407363454334432,0.058693139274343185,0.0,0.007820510810229326,0.07447306791569086,4.0432494954661005,60.99999939,12199.999877999991,50.0,62.768783447240224,115.88621277365245,185.36464627104192,0.8558139534883721,2.304732065453565,61.000000000000014,12200.0,1.125,6.054779999999988,5.745499999999909
4.1,61.0,25600.0,csv,"3-point central (10 ms lag, 50 ms lookahead)",10.0,50.0,50.0,full,0.007648659520516367,0.004297674067474497,0.05698944646828861,0.0,0.007648659520516367,0.07400468384074942,4.057144085076248,60.99999939,12199.999877999993,50.0,61.74256381422734,114.56881855272013,183.40824143621336,0.862015503875969,2.3252885644399046,61.000000000000014,12200.000000000002,1.084,11.885939999999934,4.287999999999927
4.1,61.0,38400.0,csv,"3-point central (10 ms lag, 50 ms lookahead)",10.0,50.0,50.0,full,0.0075828436020453005,0.004240683719249375,0.05565275427024781,0.0,0.0075828436020453005,0.07400468384074942,4.071230649065408,60.99999939,12199.999877999993,50.0,60.45539327859504,113.60967308886632,180.32708514631264,0.868733850129199,2.3451157569048706,61.00000000000001,12200.0,1.084,12.969779999999952,5.940219999999903
4.1,61.0,51200.0,csv,"3-point central (10 ms lag, 50 ms lookahead)",10.0,50.0,50.0,full,0.0075632808529800455,0.0042203028323457665,0.057531085371840526,0.0,0.0075632808529800455,0.07400468384074942,4.078347484192436,60.99999939,12199.999877999993,50.0,59.535534036196644,113.05096990397786,179.2389354173278,0.8697674418604651,2.355946334826965,61.000000000000014,12200.0,1.084,13.038839999999945,5.568219999999976
4.1,64.0,20.0,csv,"3-point central (10 ms lag, 50 ms lookahead)",10.0,50.0,50.0,full,1.0975835829097071,0.8277317178570655,2.4553447884794775,1000.0,1.009412390209729,0.22716627634660422,2.236175337423507,12.800979504077658,2353.1414793248346,1674.7450053776836,2669.464206455209,3293.273613681915,3783.7867979150524,0.007235142118863049,4.1,11.366563733831754,20.000000000000018,1.125,13.45866,7.735719999999994
4.1,64.0,41.0,csv,"3-point central (10 ms lag, 50 ms lookahead)",10.0,50.0,50.0,full,0.45882421975832954,0.2958108405137249,1.6323825861136787,300.0,0.4489439479276384,0.1765807962529274,2.5341160475094355,18.050723531431167,3239.7752692898425,889.9572200730541,1607.2280994391415,2146.187808433209,2286.557565944853,0.011886304909560724,3.7697829978995316,16.393456659999053,41.000000000000014,1.084,8.26227999999997,4.667
4.1,64.0,80.0,csv,"3-point central (10 ms lag, 50 ms lookahead)",10.0,50.0,50.0,full,0.2546980173355169,0.14592599179693036,0.9246437039723548,400.0,0.18658501401642427,0.14426229508196722,2.788264551387058,24.337136786747056,4301.531466754743,420.02528612051407,974.3894686973916,1340.9357533348066,1503.192107831011,0.023255813953488372,3.4035247608002646,19.66561811536525,80.00000000000007,1.084,13.379779999999807,5.152719999999994
4.1,64.0,200.0,csv,"3-point central (10 ms lag, 50 ms lookahead)",10.0,50.0,50.0,full,0.0824025224523501,0.043577757083329345,0.4361556440435974,110.0,0.06742148121839284,0.11241217798594848,2.8094881014320823,34.81281954535312,6127.512599813601,178.27192250536984,450.03231272886643,677.9201517048931,812.7756221781268,0.05529715762273902,2.289319770910279,24.860288116529706,200.00000000000017,1.125,12.401559999999975,7.207499999999982
4.1,64.0,400.0,csv,"3-point central (10 ms lag, 50 ms lookahead)",10.0,50.0,50.0,full,0.04449365917754688,0.024136026130632208,0.28327332976015895,60.0,0.0350809373565614,0.10070257611241218,2.9278952380135896,45.39126494386904,7727.401081249281,124.24051086818312,259.0014634328466,407.2421803655305,527.8165397960727,0.09457364341085271,2.3095097020917557,32.42882255811133,400.00000000000017,1.125,14.583,8.179779999999989
4.1,64.0,800.0,csv,"3-point central (10 ms lag, 50 ms lookahead)",10.0,50.0,50.0,full,0.043702083326534476,0.022576832339127845,0.23073101349938724,40.0,0.038670343773892266,0.08430913348946135,3.287875878510677,55.49783645557765,9280.34749169186,91.72139743236359,198.2371467367143,291.1108579728125,413.2944528109783,0.19689922480620156,3.2870835478450697,59.1991469376356,800.0000000000003,1.125,11.09821999999972,5.304279999999969
4.1,64.0,1600.0,csv,"3-point central (10 ms lag, 50 ms lookahead)",10.0,50.0,50.0,full,0.037446049443152225,0.018894999439643886,0.17829140337273613,10.0,0.037061251413531705,0.07728337236533958,3.6103726691094122,63.99999935999998,10757.617735371703,64.88789785986293,148.7773158522435,226.85094718602602,305.847148164376,0.35658914728682173,3.4364369751748063,64.0,1600.0000000000002,1.084,8.332499999999982,6.205499999999946
4.1,64.0,3200.0,csv,"3-point central (10 ms lag, 50 ms lookahead)",10.0,50.0,50.0,full,0.02280785864326065,0.010408277599779246,0.19313273435033726,0.0,0.02280785864326065,0.07306791569086651,3.799339664049618,63.99999936,11885.749916661633,50.0,100.49749768233318,172.30152582299374,220.94324287666967,0.59328165374677,4.098393476851853,64.0,3200.0,1.084,7.524059999999921,7.077999999999891
4.1,64.0,6400.0,csv,"3-point central (10 ms lag, 50 ms lookahead)",10.0,50.0,50.0,full,0.01760356355225617,0.007887960467971123,0.13546509939848556,-10.0,0.01755014408247462,0.07306791569086651,3.9384590721566255,63.99999936,12290.677340035574,50.0,80.13014802136843,145.16134083823272,190.9343587468607,0.7607235142118863,3.2641228834155265,64.0,6400.0,1.084,6.69155999999994,5.194719999999994
4.1,64.0,12800.0,csv,"3-point central (10 ms lag, 50 ms lookahead)",10.0,50.0,50.0,full,0.009127253368826638,0.004961304942547804,0.06617693337313608,0.0,0.009127253368826638,0.07166276346604215,4.01601707336324,63.99999936,12485.137569855819,50.0,65.2653935357298,116.05862322182568,184.54807054953025,0.8423772609819121,2.49723957962024,64.00000000000001,12800.0,1.084,6.790839999999982,3.735719999999994
4.1,64.0,19200.0,csv,"3-point central (10 ms lag, 50 ms lookahead)",10.0,50.0,50.0,full,0.0082404821067978,0.004575376035360737,0.060264188917329174,0.0,0.0082404821067978,0.07166276346604215,4.0432494954661005,63.99999936,12555.846046994255,50.0,62.06422042845856,114.70707729675674,182.50965297461997,0.8583979328165374,2.376174412693519,64.00000000000001,12800.0,1.083,4.415499999999982,3.0
4.1,64.0,25600.0,csv,"3-point central (10 ms lag, 50 ms lookahead)",10.0,50.0,50.0,full,0.007928196018253954,0.00441687562940731,0.058368519399951045,0.0,0.007928196018253954,0.07119437939110071,4.057144085076248,63.99999936,12592.443157857548,50.0,60.44657129423808,112.87006922266852,180.29263003063826,0.8661498708010336,2.3408060798529444,64.00000000000001,12800.0,1.083,1.4586599999999998,1.667
4.1,64.0,38400.0,csv,"3-point central (10 ms lag, 50 ms lookahead)",10.0,50.0,50.0,full,0.007754883552383186,0.00429671914442659,0.056234864704016195,0.0,0.007754883552383186,0.07119437939110071,4.071230649065408,63.99999936,12629.91825825113,50.0,59.07291141135534,111.3599362964493,177.27206481732276,0.8718346253229974,2.363765694568916,64.00000000000001,12800.0,1.084,7.441059999999921,5.499159999999982
4.1,64.0,51200.0,csv,"3-point central (10 ms lag, 50 ms lookahead)",10.0,50.0,50.0,full,0.007688508214270007,0.004256320874494634,0.05512738508285143,0.0,0.007688508214270007,0.07119437939110071,4.078347484192436,63.99999936,12648.997514979897,50.0,58.31608982903412,110.3662063797494,176.12848386679104,0.8739018087855297,2.3765755629178584,64.00000000000001,12800.0,1.083,3.5,2.6527199999999937
4.1,68.0,20.0,csv,"3-point central (10 ms lag, 50 ms lookahead)",10.0,50.0,50.0,full,1.0975835829097071,0.8277317178570655,2.4553447884794775,1000.0,1.009412390209729,0.22716627634660422,2.236175337423507,12.800979504077658,2353.1414793248346,1674.7450053776836,2669.464206455209,3293.273613681915,3783.7867979150524,0.007235142118863049,4.1,11.366563733831754,20.000000000000018,1.084,7.175939999999897,3.1097199999999576
4.1,68.0,41.0,csv,"3-point central (10 ms lag, 50 ms lookahead)",10.0,50.0,50.0,full,0.45882421975832954,0.2958108405137249,1.6323825861136787,300.0,0.4489439479276384,0.1765807962529274,2.5341160475094355,18.050723531431167,3239.7752692898425,889.9572200730541,1607.2280994391415,2146.187808433209,2286.557565944853,0.011886304909560724,3.7697829978995316,16.393456659999053,41.000000000000014,1.125,12.471779999999988,9.192219999999939
4.1,68.0,80.0,csv,"3-point central (10 ms lag, 50 ms lookahead)",10.0,50.0,50.0,full,0.2546980173355169,0.14592599179693036,0.9246437039723548,400.0,0.18658501401642427,0.14426229508196722,2.788264551387058,24.337136786747056,4301.531466754743,420.02528612051407,974.3894686973916,1340.9357533348066,1503.192107831011,0.023255813953488372,3.4035247608002646,19.66561811536525,80.00000000000007,1.125,16.527219999999975,7.581999999999963
4.1,68.0,200.0,csv,"3-point central (10 ms lag, 50 ms lookahead)",10.0,50.0,50.0,full,0.0824025224523501,0.043577757083329345,0.4361556440435974,110.0,0.06742148121839284,0.11241217798594848,2.8094881014320823,34.81281954535312,6127.512599813601,178.27192250536984,450.03231272886643,677.9201517048931,812.7756221781268,0.05529715762273902,2.289319770910279,24.860288116529706,200.00000000000017,1.125,13.914999999999964,7.692059999999958
4.1,68.0,400.0,csv,"3-point central (10 ms lag, 50 ms lookahead)",10.0,50.0,50.0,full,0.04449365917754688,0.024136026130632208,0.28327332976015895,60.0,0.0350809373565614,0.10070257611241218,2.9278952380135896,45.39126494386904,7727.401081249281,124.24051086818312,259.0014634328466,407.2421803655305,527.8165397960727,0.09457364341085271,2.3095097020917557,32.42882255811133,400.00000000000017,1.125,16.122499999999945,9.467779999999916
4.1,68.0,800.0,csv,"3-point central (10 ms lag, 50 ms lookahead)",10.0,50.0,50.0,full,0.040531620216919806,0.021613250011323693,0.23073101349938724,40.0,0.03631435526504244,0.08430913348946135,3.287875878510677,55.49783645557765,9280.34749169186,92.4466122432858,199.3758157273698,291.0220852842909,412.37005241010695,0.20568475452196383,3.2870835478450697,59.1991469376356,800.0000000000003,1.084,8.787499999999909,5.219279999999933
4.1,68.0,1600.0,csv,"3-point central (10 ms lag, 50 ms lookahead)",10.0,50.0,50.0,full,0.036008061386340884,0.01802924810613962,0.21835973158661015,10.0,0.035458234753455206,0.07728337236533958,3.6103726691094122,66.88691286533438,10757.617735371703,64.1497619247297,147.15862227773738,219.55123827750816,271.20761501454683,0.36640826873385013,3.4775829986003877,68.0,1600.0000000000007,1.084,13.529999999999745,4.981559999999903
4.1,68.0,3200.0,csv,"3-point central (10 ms lag, 50 ms lookahead)",10.0,50.0,50.0,full,0.022758116871952595,0.010954869260553774,0.1642126578494123,0.0,0.022758116871952595,0.07213114754098361,3.799339664049618,67.99999932,11892.982662518063,50.0,100.06938849595026,162.28160480975396,220.82086215881225,0.579328165374677,4.00155781263709,68.0,3200.0000000000005,1.084,13.176779999999916,5.718939999999933
4.1,68.0,6400.0,csv,"3-point central (10 ms lag, 50 ms lookahead)",10.0,50.0,50.0,full,0.01756344058569687,0.008004728062386241,0.13465455375019914,0.0,0.01756344058569687,0.06932084309133489,3.9384590721566255,67.99999932,12684.539104892576,50.0,76.61790162513763,141.62934932531957,201.57868848255126,0.758656330749354,3.5207424086775867,68.0,6400.0,1.084,8.366659999999818,3.610719999999994
4.1,68.0,12800.0,csv,"3-point central (10 ms lag, 50 ms lookahead)",10.0,50.0,50.0,full,0.010282579224650638,0.005321557749796035,0.07416141852498497,0.0,0.010282579224650638,0.06791569086651054,4.01601707336324,67.99999932,12885.084004110993,50.0,63.63669831584562,117.04267439319945,180.17986954959102,0.8408268733850129,2.9623479166548994,68.00000000000001,12800.0,1.125,5.429779999999988,4.16666
4.1,68.0,19200.0,csv,"3-point central (10 ms lag, 50 ms lookahead)",10.0,50.0,50.0,full,0.008612612515656,0.0047031469369917915,0.06240227027049997,0.0,0.008612612515656,0.06791569086651054,4.0432494954661005,67.99999932,12955.790629258809,50.0,60.69555392302221,112.63381436935153,179.5928245785321,0.862015503875969,2.4684022447815828,68.00000000000001,13600.0,1.084,6.457499999999982,4.81655999999994
4.1,68.0,25600.0,csv,"3-point central (10 ms lag, 50 ms lookahead)",10.0,50.0,50.0,full,0.008372754172717704,0.004592384726330145,0.06023889216553597,0.0,0.008372754172717704,0.06744730679156909,4.057144085076248,67.99999932,12992.386759784587,50.0,58.93454312249955,112.03212446030788,175.90522928513894,0.869250645994832,2.5163989713980452,68.00000000000003,13600.000000000002,1.084,5.456999999999963,3.542
4.1,68.0,38400.0,csv,"3-point central (10 ms lag, 50 ms lookahead)",10.0,50.0,50.0,full,0.008122972475608075,0.00446948324299641,0.0578615299722132,0.0,0.008122972475608075,0.06744730679156909,4.071230649065408,67.99999932,13029.860840570904,50.0,56.6659449729264,111.12504160898003,173.74495540614,0.875968992248062,2.4530043554338756,68.00000000000001,13600.0,1.084,5.092779999999915,3.3193799999999936
4.1,68.0,51200.0,csv,"3-point central (10 ms lag, 50 ms lookahead)",10.0,50.0,50.0,full,0.007984807268443493,0.004416740576294879,0.05662301680990988,0.0,0.007984807268443493,0.06744730679156909,4.078347484192436,67.99999932,13048.939571986892,50.0,55.711905939082335,110.49051822846617,172.57999841407778,0.8785529715762274,2.4197715554943424,68.00000000000001,13600.0,1.084,5.221779999999987,3.179779999999988
4.1,72.0,20.0,csv,"3-point central (10 ms lag, 50 ms lookahead)",10.0,50.0,50.0,full,1.0975835829097071,0.8277317178570655,2.4553447884794775,1000.0,1.009412390209729,0.22716627634660422,2.236175337423507,12.800979504077658,2353.1414793248346,1674.7450053776836,2669.464206455209,3293.273613681915,3783.7867979150524,0.007235142118863049,4.1,11.366563733831754,20.000000000000018,1.125,13.790499999999982,6.7209399999999695
4.1,72.0,41.0,csv,"3-point central (10 ms lag, 50 ms lookahead)",10.0,50.0,50.0,full,0.45882421975832954,0.2958108405137249,1.6323825861136787,300.0,0.4489439479276384,0.1765807962529274,2.5341160475094355,18.050723531431167,3239.7752692898425,889.9572200730541,1607.2280994391415,2146.187808433209,2286.557565944853,0.011886304909560724,3.7697829978995316,16.393456659999053,41.000000000000014,1.125,11.24499999999989,5.777719999999994
4.1,72.0,80.0,csv,"3-point central (10 ms lag, 50 ms lookahead)",10.0,50.0,50.0,full,0.2546980173355169,0.14592599179693036,0.9246437039723548,400.0,0.18658501401642427,0.14426229508196722,2.788264551387058,24.337136786747056,4301.531466754743,420.02528612051407,974.3894686973916,1340.9357533348066,1503.192107831011,0.023255813953488372,3.4035247608002646,19.66561811536525,80.00000000000007,1.125,12.093939999999934,5.054279999999969
4.1,72.0,200.0,csv,"3-point central (10 ms lag, 50 ms lookahead)",10.0,50.0,50.0,full,0.0824025224523501,0.043577757083329345,0.4361556440435974,110.0,0.06742148121839284,0.11241217798594848,2.8094881014320823,34.81281954535312,6127.512599813601,178.27192250536984,450.03231272886643,677.9201517048931,812.7756221781268,0.05529715762273902,2.289319770910279,24.860288116529706,200.00000000000017,1.084,7.050939999999897,3.3864399999999515
4.1,72.0,400.0,csv,"3-point central (10 ms lag, 50 ms lookahead)",10.0,50.0,50.0,full,0.04449365917754688,0.024136026130632208,0.28327332976015895,60.0,0.0350809373565614,0.10070257611241218,2.9278952380135896,45.39126494386904,7727.401081249281,124.24051086818312,259.0014634328466,407.2421803655305,527.8165397960727,0.09457364341085271,2.3095097020917557,32.42882255811133,400.00000000000017,1.125,10.344279999999934,6.444059999999994
4.1,72.0,800.0,csv,"3-point central (10 ms lag, 50 ms lookahead)",10.0,50.0,50.0,full,0.040531620216919806,0.021613250011323693,0.23073101349938724,40.0,0.03631435526504244,0.08430913348946135,3.287875878510677,55.49783645557765,9280.34749169186,92.4466122432858,199.3758157273698,291.0220852842909,412.1119705540893,0.20568475452196383,3.2870835478450697,59.1991469376356,800.0000000000003,1.125,8.842779999999916,5.471779999999987
4.1,72.0,1600.0,csv,"3-point central (10 ms lag, 50 ms lookahead)",10.0,50.0,50.0,full,0.03830848034726605,0.018851659417237737,0.2360668823735443,10.0,0.03785456646440111,0.07728337236533958,3.6103726691094122,66.88691286533438,10757.617735371703,64.14974314545987,150.84218108438586,218.3529375965206,289.6226614101054,0.37467700258397935,3.503940133336506,72.0,1600.0000000000007,1.084,7.162499999999909,4.554779999999988
4.1,72.0,3200.0,csv,"3-point central (10 ms lag, 50 ms lookahead)",10.0,50.0,50.0,full,0.025049021060301897,0.01177785784099063,0.16700146761558846,0.0,0.025049021060301897,0.07166276346604215,3.799339664049618,71.99999928,11904.243723569116,50.0,102.23511738135004,159.49858912842924,219.06984826986707,0.5850129198966408,3.9021377915420805,72.0,3200.0000000000005,1.125,9.02405999999992,6.746339999999927
4.1,72.0,6400.0,csv,"3-point central (10 ms lag, 50 ms lookahead)",10.0,50.0,50.0,full,0.01939269975533965,0.008680828519401801,0.13361779530070106,0.0,0.01939269975533965,0.06885245901639345,3.9384590721566255,71.99999928,12690.039667558372,50.0,76.72051067442177,141.4943345059595,187.63997420850347,0.7607235142118863,3.5613099344816534,72.0,6400.0,1.125,8.800619999999897,4.569059999999994
4.1,72.0,12800.0,csv,"3-point central (10 ms lag, 50 ms lookahead)",10.0,50.0,50.0,full,0.011901643012092398,0.0058291884868313755,0.08487398965820434,0.0,0.011901643012092398,0.06557377049180328,4.01601707336324,71.99999928,13182.351939830867,50.0,64.62822763239546,118.02464579813308,177.27268959969737,0.8444444444444444,3.610188974302075,72.00000000000001,12800.0,1.084,6.286659999999891,5.733719999999958
4.1,72.0,19200.0,csv,"3-point central (10 ms lag, 50 ms lookahead)",10.0,50.0,50.0,full,0.010213875640511969,0.005258739388159541,0.08205893943507264,0.0,0.010213875640511969,0.06557377049180328,4.0432494954661005,71.99999928,13347.957100953534,50.0,59.563600522468576,116.23774901521764,176.73137186907852,0.8640826873385012,2.8732590615098004,72.00000000000001,14400.0,1.084,7.873839999999982,6.609059999999958
4.1,72.0,25600.0,csv,"3-point central (10 ms lag, 50 ms lookahead)",10.0,50.0,50.0,full,0.009389534477273677,0.005008195569113233,0.0667749719689318,0.0,0.009389534477273677,0.06510538641686182,4.057144085076248,71.99999928,13392.34217025023,50.0,56.741956277426745,114.23697220457042,172.92678140563024,0.8733850129198967,2.7217772785646646,72.00000000000001,14400.0,1.084,6.6574999999998,3.7634399999999877
4.1,72.0,38400.0,csv,"3-point central (10 ms lag, 50 ms lookahead)",10.0,50.0,50.0,full,0.008869973106029204,0.004799270249008167,0.05951053934176733,0.0,0.008869973106029204,0.06510538641686182,4.071230649065408,71.99999928,13429.815444937418,50.0,54.730901245360045,112.4143939815224,170.75950002718517,0.8785529715762274,2.610307156350949,72.00000000000001,14400.0,1.084,6.762939999999969,4.540499999999982
4.1,72.0,51200.0,csv,"3-point central (10 ms lag, 50 ms lookahead)",10.0,50.0,50.0,full,0.008430892794451176,0.004635342677266229,0.058131748931261835,0.0,0.008430892794451176,0.06510538641686182,4.078347484192436,71.99999928,13448.893761042491,50.0,54.07994619945611,111.09423257533395,169.64806421270063,0.8837209302325582,2.604089208611071,72.00000000000001,14400.0,1.084,7.833,6.370499999999909
4.1,80.0,20.0,csv,"3-point central (10 ms lag, 50 ms lookahead)",10.0,50.0,50.0,full,1.0975835829097071,0.8277317178570655,2.4553447884794775,1000.0,1.009412390209729,0.22716627634660422,2.236175337423507,12.800979504077658,2353.1414793248346,1674.7450053776836,2669.464206455209,3293.273613681915,3783.7867979150524,0.007235142118863049,4.1,11.366563733831754,20.000000000000018,1.125,12.305439999999988,3.9697799999999517
4.1,80.0,41.0,csv,"3-point central (10 ms lag, 50 ms lookahead)",10.0,50.0,50.0,full,0.45882421975832954,0.2958108405137249,1.6323825861136787,300.0,0.4489439479276384,0.1765807962529274,2.5341160475094355,18.050723531431167,3239.7752692898425,889.9572200730541,1607.2280994391415,2146.187808433209,2286.557565944853,0.011886304909560724,3.7697829978995316,16.393456659999053,41.000000000000014,1.125,6.998659999999964,3.7629399999999698
4.1,80.0,80.0,csv,"3-point central (10 ms lag, 50 ms lookahead)",10.0,50.0,50.0,full,0.2546980173355169,0.14592599179693036,0.9246437039723548,400.0,0.18658501401642427,0.14426229508196722,2.788264551387058,24.337136786747056,4301.531466754743,420.02528612051407,974.3894686973916,1340.9357533348066,1503.192107831011,0.023255813953488372,3.4035247608002646,19.66561811536525,80.00000000000007,1.125,15.898219999999903,9.050939999999898
4.1,80.0,200.0,csv,"3-point central (10 ms lag, 50 ms lookahead)",10.0,50.0,50.0,full,0.0824025224523501,0.043577757083329345,0.4361556440435974,110.0,0.06742148121839284,0.11241217798594848,2.8094881014320823,34.81281954535312,6127.512599813601,178.27192250536984,450.03231272886643,677.9201517048931,812.7756221781268,0.05529715762273902,2.289319770910279,24.860288116529706,200.00000000000017,1.084,10.037499999999909,5.790499999999982
4.1,80.0,400.0,csv,"3-point central (10 ms lag, 50 ms lookahead)",10.0,50.0,50.0,full,0.04449365917754688,0.024136026130632208,0.28327332976015895,60.0,0.0350809373565614,0.10070257611241218,2.9278952380135896,45.39126494386904,7727.401081249281,124.24051086818312,259.0014634328466,407.2421803655305,527.8165397960727,0.09457364341085271,2.3095097020917557,32.42882255811133,400.00000000000017,1.125,11.527059999999993,6.539499999999945
4.1,80.0,800.0,csv,"3-point central (10 ms lag, 50 ms lookahead)",10.0,50.0,50.0,full,0.040531620216919806,0.021613250011323693,0.23073101349938724,40.0,0.03631435526504244,0.08430913348946135,3.287875878510677,55.49783645557765,9280.34749169186,92.4466122432858,199.3758157273698,291.0220852842909,412.1119705540893,0.20568475452196383,3.2870835478450697,59.1991469376356,800.0000000000003,1.084,6.582499999999982,3.9852199999999756
4.1,80.0,1600.0,csv,"3-point central (10 ms lag, 50 ms lookahead)",10.0,50.0,50.0,full,0.03140043164356314,0.01661136488928267,0.1705035834265054,0.0,0.03140043164356314,0.07728337236533958,3.6103726691094122,66.88691286533438,10757.617735371703,65.80037549760365,146.51568622653363,217.12268538417524,273.3831217546561,0.35297157622739017,3.485742364729958,80.0,1600.0000000000007,1.084,10.590439999999843,5.318219999999976
4.1,80.0,3200.0,csv,"3-point central (10 ms lag, 50 ms lookahead)",10.0,50.0,50.0,full,0.025980259885491446,0.011764218744404798,0.1868206024986912,-10.0,0.025811986346361983,0.07119437939110071,3.799339664049618,75.0460393641522,11904.243723569116,50.0,98.13571387185542,164.36269171562608,206.26715312337632,0.5881136950904393,3.8511655641318376,80.0,3200.0000000000005,1.084,4.361059999999994,4.694719999999994
4.1,80.0,6400.0,csv,"3-point central (10 ms lag, 50 ms lookahead)",10.0,50.0,50.0,full,0.021583663529805494,0.009364567469542767,0.17471177390189738,0.0,0.021583663529805494,0.06604215456674473,3.9384590721566255,79.99999919999998,12691.167763024503,50.0,75.3752955093914,141.44589045530174,179.12165447199664,0.7612403100775194,3.850996024004147,80.0,6400.0,1.084,6.010619999999934,5.108719999999958
4.1,80.0,12800.0,csv,"3-point central (10 ms lag, 50 ms lookahead)",10.0,50.0,50.0,full,0.014900328458613906,0.006781706646782585,0.12662039000161318,-10.0,0.014733970694260983,0.06229508196721312,4.01601707336324,79.99999919999998,13183.526275777362,50.0,63.0761703060871,121.16848327678407,180.10346642693858,0.8480620155038759,3.185708347105608,80.00000000000001,12800.0,1.084,7.467779999999915,6.496159999999909
4.1,80.0,19200.0,csv,"3-point central (10 ms lag, 50 ms lookahead)",10.0,50.0,50.0,full,0.011353023241484555,0.005814221747342066,0.08421858081140472,0.0,0.011353023241484555,0.06229508196721312,4.0432494954661005,79.99999919999998,13364.912048015698,50.0,56.28911086955292,114.09562226043086,172.42572383455268,0.8749354005167959,2.946883299736192,80.00000000000003,16000.0,1.084,4.664499999999945,3.25
4.1,80.0,25600.0,csv,"3-point central (10 ms lag, 50 ms lookahead)",10.0,50.0,50.0,full,0.010326167665197035,0.005405041731611435,0.07149663331869263,0.0,0.010326167665197035,0.06135831381733021,4.057144085076248,79.99999919999998,13459.9840968291,50.0,54.301952786090226,110.63902753909986,168.725921353142,0.8821705426356589,2.85686556117685,80.00000000000003,16000.000000000002,1.084,7.217279999999897,4.540839999999982
4.1,80.0,38400.0,csv,"3-point central (10 ms lag, 50 ms lookahead)",10.0,50.0,50.0,full,0.009752129667844858,0.005182758527060569,0.06289732748296875,0.0,0.009752129667844858,0.06135831381733021,4.071230649065408,79.99999919999998,13557.737844546295,50.0,52.36618465780879,109.57867346024108,166.35405596225232,0.8904392764857881,2.6953085342790044,80.00000000000003,16000.000000000002,1.084,16.625,9.80427999999997
4.1,80.0,51200.0,csv,"3-point central (10 ms lag, 50 ms lookahead)",10.0,50.0,50.0,full,0.009429793087055157,0.005046484788807235,0.06122082896629145,0.0,0.009429793087055157,0.06088992974238876,4.078347484192436,79.99999919999998,13607.78826820629,50.0,51.759900269087254,109.1143760049989,165.19446295901486,0.8930232558139535,2.7117100937765066,80.00000000000001,16000.0,1.084,6.927279999999933,6.442719999999958
